solid OpenSCAD_Model
  facet normal 0.653154 0.757225 -0
    outer loop
      vertex 9.40182 10.3733 0
      vertex 8.88151 10.8221 2
      vertex 9.40182 10.3733 2
    endloop
  endfacet
  facet normal 0.653154 0.757225 0
    outer loop
      vertex 8.88151 10.8221 2
      vertex 9.40182 10.3733 0
      vertex 8.88151 10.8221 0
    endloop
  endfacet
  facet normal -0.359891 0.932994 0
    outer loop
      vertex -4.71646 13.1816 0
      vertex -5.35757 12.9343 2
      vertex -4.71646 13.1816 2
    endloop
  endfacet
  facet normal -0.359891 0.932994 0
    outer loop
      vertex -5.35757 12.9343 2
      vertex -4.71646 13.1816 0
      vertex -5.35757 12.9343 0
    endloop
  endfacet
  facet normal -0.914189 0.405288 0
    outer loop
      vertex -12.9343 5.35757 0
      vertex -12.6558 5.98577 2
      vertex -12.6558 5.98577 0
    endloop
  endfacet
  facet normal -0.914189 0.405288 0
    outer loop
      vertex -12.6558 5.98577 2
      vertex -12.9343 5.35757 0
      vertex -12.9343 5.35757 2
    endloop
  endfacet
  facet normal 0.949507 0.313747 0
    outer loop
      vertex 13.3972 4.06398 2
      vertex 13.1816 4.71646 0
      vertex 13.1816 4.71646 2
    endloop
  endfacet
  facet normal 0.949507 0.313747 0
    outer loop
      vertex 13.1816 4.71646 0
      vertex 13.3972 4.06398 2
      vertex 13.3972 4.06398 0
    endloop
  endfacet
  facet normal 0.893254 0.449552 0
    outer loop
      vertex 12.6558 5.98577 2
      vertex 12.3469 6.59955 0
      vertex 12.3469 6.59955 2
    endloop
  endfacet
  facet normal 0.893254 0.449552 0
    outer loop
      vertex 12.3469 6.59955 0
      vertex 12.6558 5.98577 2
      vertex 12.6558 5.98577 0
    endloop
  endfacet
  facet normal 0.359891 0.932994 -0
    outer loop
      vertex 5.35757 12.9343 0
      vertex 4.71646 13.1816 2
      vertex 5.35757 12.9343 2
    endloop
  endfacet
  facet normal 0.359891 0.932994 0
    outer loop
      vertex 4.71646 13.1816 2
      vertex 5.35757 12.9343 0
      vertex 4.71646 13.1816 0
    endloop
  endfacet
  facet normal -0.724255 0.689532 0
    outer loop
      vertex -10.3733 9.40182 0
      vertex -9.89949 9.89949 2
      vertex -9.89949 9.89949 0
    endloop
  endfacet
  facet normal -0.724255 0.689532 0
    outer loop
      vertex -9.89949 9.89949 2
      vertex -10.3733 9.40182 0
      vertex -10.3733 9.40182 2
    endloop
  endfacet
  facet normal -0.170996 0.985272 0
    outer loop
      vertex -2.05423 13.8485 0
      vertex -2.73126 13.731 2
      vertex -2.05423 13.8485 2
    endloop
  endfacet
  facet normal -0.170996 0.985272 0
    outer loop
      vertex -2.73126 13.731 2
      vertex -2.05423 13.8485 0
      vertex -2.73126 13.731 0
    endloop
  endfacet
  facet normal 0.757225 -0.653154 0
    outer loop
      vertex 10.3733 -9.40182 2
      vertex 10.8221 -8.88151 0
      vertex 10.8221 -8.88151 2
    endloop
  endfacet
  facet normal 0.757225 -0.653154 0
    outer loop
      vertex 10.8221 -8.88151 0
      vertex 10.3733 -9.40182 2
      vertex 10.3733 -9.40182 0
    endloop
  endfacet
  facet normal -0.689532 -0.724255 0
    outer loop
      vertex -9.89949 -9.89949 0
      vertex -9.40182 -10.3733 2
      vertex -9.89949 -9.89949 2
    endloop
  endfacet
  facet normal -0.689532 -0.724255 -0
    outer loop
      vertex -9.40182 -10.3733 2
      vertex -9.89949 -9.89949 0
      vertex -9.40182 -10.3733 0
    endloop
  endfacet
  facet normal 0.975689 0.219161 0
    outer loop
      vertex 13.731 2.73126 2
      vertex 13.5804 3.40172 0
      vertex 13.5804 3.40172 2
    endloop
  endfacet
  facet normal 0.975689 0.219161 0
    outer loop
      vertex 13.5804 3.40172 0
      vertex 13.731 2.73126 2
      vertex 13.731 2.73126 0
    endloop
  endfacet
  facet normal 0.817565 0.575836 0
    outer loop
      vertex 11.6406 7.77798 2
      vertex 11.2449 8.33979 0
      vertex 11.2449 8.33979 2
    endloop
  endfacet
  facet normal 0.817565 0.575836 0
    outer loop
      vertex 11.2449 8.33979 0
      vertex 11.6406 7.77798 2
      vertex 11.6406 7.77798 0
    endloop
  endfacet
  facet normal 0.534974 0.844869 -0
    outer loop
      vertex 7.77798 11.6406 0
      vertex 7.19744 12.0082 2
      vertex 7.77798 11.6406 2
    endloop
  endfacet
  facet normal 0.534974 0.844869 0
    outer loop
      vertex 7.19744 12.0082 2
      vertex 7.77798 11.6406 0
      vertex 7.19744 12.0082 0
    endloop
  endfacet
  facet normal 0.0245942 0.999698 -0
    outer loop
      vertex 0.686947 13.9831 0
      vertex 0 14 2
      vertex 0.686947 13.9831 2
    endloop
  endfacet
  facet normal 0.0245942 0.999698 0
    outer loop
      vertex 0 14 2
      vertex 0.686947 13.9831 0
      vertex 0 14 0
    endloop
  endfacet
  facet normal 0.170996 0.985272 -0
    outer loop
      vertex 2.73126 13.731 0
      vertex 2.05423 13.8485 2
      vertex 2.73126 13.731 2
    endloop
  endfacet
  facet normal 0.170996 0.985272 0
    outer loop
      vertex 2.05423 13.8485 2
      vertex 2.73126 13.731 0
      vertex 2.05423 13.8485 0
    endloop
  endfacet
  facet normal -0.975689 0.219161 0
    outer loop
      vertex -13.731 2.73126 0
      vertex -13.5804 3.40172 2
      vertex -13.5804 3.40172 0
    endloop
  endfacet
  facet normal -0.975689 0.219161 0
    outer loop
      vertex -13.5804 3.40172 2
      vertex -13.731 2.73126 0
      vertex -13.731 2.73126 2
    endloop
  endfacet
  facet normal -0.817565 0.575836 0
    outer loop
      vertex -11.6406 7.77798 0
      vertex -11.2449 8.33979 2
      vertex -11.2449 8.33979 0
    endloop
  endfacet
  facet normal -0.817565 0.575836 0
    outer loop
      vertex -11.2449 8.33979 2
      vertex -11.6406 7.77798 0
      vertex -11.6406 7.77798 2
    endloop
  endfacet
  facet normal -0.0734918 0.997296 0
    outer loop
      vertex -0.686947 13.9831 0
      vertex -1.37224 13.9326 2
      vertex -0.686947 13.9831 2
    endloop
  endfacet
  facet normal -0.0734918 0.997296 0
    outer loop
      vertex -1.37224 13.9326 2
      vertex -0.686947 13.9831 0
      vertex -1.37224 13.9326 0
    endloop
  endfacet
  facet normal -0.534974 0.844869 0
    outer loop
      vertex -7.19744 12.0082 0
      vertex -7.77798 11.6406 2
      vertex -7.19744 12.0082 2
    endloop
  endfacet
  facet normal -0.534974 0.844869 0
    outer loop
      vertex -7.77798 11.6406 2
      vertex -7.19744 12.0082 0
      vertex -7.77798 11.6406 0
    endloop
  endfacet
  facet normal -0.449552 0.893254 0
    outer loop
      vertex -5.98577 12.6558 0
      vertex -6.59955 12.3469 2
      vertex -5.98577 12.6558 2
    endloop
  endfacet
  facet normal -0.449552 0.893254 0
    outer loop
      vertex -6.59955 12.3469 2
      vertex -5.98577 12.6558 0
      vertex -6.59955 12.3469 0
    endloop
  endfacet
  facet normal 0.999698 -0.0245942 0
    outer loop
      vertex 13.9831 -0.686947 2
      vertex 14 0 0
      vertex 14 0 2
    endloop
  endfacet
  facet normal 0.999698 -0.0245942 0
    outer loop
      vertex 14 0 0
      vertex 13.9831 -0.686947 2
      vertex 13.9831 -0.686947 0
    endloop
  endfacet
  facet normal 0.985272 -0.170996 0
    outer loop
      vertex 13.731 -2.73126 2
      vertex 13.8485 -2.05423 0
      vertex 13.8485 -2.05423 2
    endloop
  endfacet
  facet normal 0.985272 -0.170996 0
    outer loop
      vertex 13.8485 -2.05423 0
      vertex 13.731 -2.73126 2
      vertex 13.731 -2.73126 0
    endloop
  endfacet
  facet normal -0.0245942 -0.999698 0
    outer loop
      vertex -0.686947 -13.9831 0
      vertex 0 -14 2
      vertex -0.686947 -13.9831 2
    endloop
  endfacet
  facet normal -0.0245942 -0.999698 -0
    outer loop
      vertex 0 -14 2
      vertex -0.686947 -13.9831 0
      vertex 0 -14 0
    endloop
  endfacet
  facet normal -0.405288 -0.914189 0
    outer loop
      vertex -5.98577 -12.6558 0
      vertex -5.35757 -12.9343 2
      vertex -5.98577 -12.6558 2
    endloop
  endfacet
  facet normal -0.405288 -0.914189 -0
    outer loop
      vertex -5.35757 -12.9343 2
      vertex -5.98577 -12.6558 0
      vertex -5.35757 -12.9343 0
    endloop
  endfacet
  facet normal -0.985272 -0.170996 0
    outer loop
      vertex -13.731 -2.73126 0
      vertex -13.8485 -2.05423 2
      vertex -13.8485 -2.05423 0
    endloop
  endfacet
  facet normal -0.985272 -0.170996 0
    outer loop
      vertex -13.8485 -2.05423 2
      vertex -13.731 -2.73126 0
      vertex -13.731 -2.73126 2
    endloop
  endfacet
  facet normal -0.932994 -0.359891 0
    outer loop
      vertex -12.9343 -5.35757 0
      vertex -13.1816 -4.71646 2
      vertex -13.1816 -4.71646 0
    endloop
  endfacet
  facet normal -0.932994 -0.359891 0
    outer loop
      vertex -13.1816 -4.71646 2
      vertex -12.9343 -5.35757 0
      vertex -12.9343 -5.35757 2
    endloop
  endfacet
  facet normal -0.844869 -0.534974 0
    outer loop
      vertex -11.6406 -7.77798 0
      vertex -12.0082 -7.19744 2
      vertex -12.0082 -7.19744 0
    endloop
  endfacet
  facet normal -0.844869 -0.534974 0
    outer loop
      vertex -12.0082 -7.19744 2
      vertex -11.6406 -7.77798 0
      vertex -11.6406 -7.77798 2
    endloop
  endfacet
  facet normal 0.997296 0.0734918 0
    outer loop
      vertex 13.9831 0.686947 2
      vertex 13.9326 1.37224 0
      vertex 13.9326 1.37224 2
    endloop
  endfacet
  facet normal 0.997296 0.0734918 0
    outer loop
      vertex 13.9326 1.37224 0
      vertex 13.9831 0.686947 2
      vertex 13.9831 0.686947 0
    endloop
  endfacet
  facet normal 0.992482 0.122389 0
    outer loop
      vertex 13.9326 1.37224 2
      vertex 13.8485 2.05423 0
      vertex 13.8485 2.05423 2
    endloop
  endfacet
  facet normal 0.992482 0.122389 0
    outer loop
      vertex 13.8485 2.05423 0
      vertex 13.9326 1.37224 2
      vertex 13.9326 1.37224 0
    endloop
  endfacet
  facet normal 0.985272 0.170996 0
    outer loop
      vertex 13.8485 2.05423 2
      vertex 13.731 2.73126 0
      vertex 13.731 2.73126 2
    endloop
  endfacet
  facet normal 0.985272 0.170996 0
    outer loop
      vertex 13.731 2.73126 0
      vertex 13.8485 2.05423 2
      vertex 13.8485 2.05423 0
    endloop
  endfacet
  facet normal 0.914189 0.405288 0
    outer loop
      vertex 12.9343 5.35757 2
      vertex 12.6558 5.98577 0
      vertex 12.6558 5.98577 2
    endloop
  endfacet
  facet normal 0.914189 0.405288 0
    outer loop
      vertex 12.6558 5.98577 0
      vertex 12.9343 5.35757 2
      vertex 12.9343 5.35757 0
    endloop
  endfacet
  facet normal 0.932994 0.359891 0
    outer loop
      vertex 13.1816 4.71646 2
      vertex 12.9343 5.35757 0
      vertex 12.9343 5.35757 2
    endloop
  endfacet
  facet normal 0.932994 0.359891 0
    outer loop
      vertex 12.9343 5.35757 0
      vertex 13.1816 4.71646 2
      vertex 13.1816 4.71646 0
    endloop
  endfacet
  facet normal 0.963803 0.266615 0
    outer loop
      vertex 13.5804 3.40172 2
      vertex 13.3972 4.06398 0
      vertex 13.3972 4.06398 2
    endloop
  endfacet
  facet normal 0.963803 0.266615 0
    outer loop
      vertex 13.3972 4.06398 0
      vertex 13.5804 3.40172 2
      vertex 13.5804 3.40172 0
    endloop
  endfacet
  facet normal 0.870087 0.492898 0
    outer loop
      vertex 12.3469 6.59955 2
      vertex 12.0082 7.19744 0
      vertex 12.0082 7.19744 2
    endloop
  endfacet
  facet normal 0.870087 0.492898 0
    outer loop
      vertex 12.0082 7.19744 0
      vertex 12.3469 6.59955 2
      vertex 12.3469 6.59955 0
    endloop
  endfacet
  facet normal 0.844869 0.534974 0
    outer loop
      vertex 12.0082 7.19744 2
      vertex 11.6406 7.77798 0
      vertex 11.6406 7.77798 2
    endloop
  endfacet
  facet normal 0.844869 0.534974 0
    outer loop
      vertex 11.6406 7.77798 0
      vertex 12.0082 7.19744 2
      vertex 12.0082 7.19744 0
    endloop
  endfacet
  facet normal 0.757225 0.653154 0
    outer loop
      vertex 10.8221 8.88151 2
      vertex 10.3733 9.40182 0
      vertex 10.3733 9.40182 2
    endloop
  endfacet
  facet normal 0.757225 0.653154 0
    outer loop
      vertex 10.3733 9.40182 0
      vertex 10.8221 8.88151 2
      vertex 10.8221 8.88151 0
    endloop
  endfacet
  facet normal 0.724255 0.689532 0
    outer loop
      vertex 10.3733 9.40182 2
      vertex 9.89949 9.89949 0
      vertex 9.89949 9.89949 2
    endloop
  endfacet
  facet normal 0.724255 0.689532 0
    outer loop
      vertex 9.89949 9.89949 0
      vertex 10.3733 9.40182 2
      vertex 10.3733 9.40182 0
    endloop
  endfacet
  facet normal 0.78832 0.615266 0
    outer loop
      vertex 11.2449 8.33979 2
      vertex 10.8221 8.88151 0
      vertex 10.8221 8.88151 2
    endloop
  endfacet
  facet normal 0.78832 0.615266 0
    outer loop
      vertex 10.8221 8.88151 0
      vertex 11.2449 8.33979 2
      vertex 11.2449 8.33979 0
    endloop
  endfacet
  facet normal 0.689532 0.724255 -0
    outer loop
      vertex 9.89949 9.89949 0
      vertex 9.40182 10.3733 2
      vertex 9.89949 9.89949 2
    endloop
  endfacet
  facet normal 0.689532 0.724255 0
    outer loop
      vertex 9.40182 10.3733 2
      vertex 9.89949 9.89949 0
      vertex 9.40182 10.3733 0
    endloop
  endfacet
  facet normal 0.615266 0.78832 -0
    outer loop
      vertex 8.88151 10.8221 0
      vertex 8.33979 11.2449 2
      vertex 8.88151 10.8221 2
    endloop
  endfacet
  facet normal 0.615266 0.78832 0
    outer loop
      vertex 8.33979 11.2449 2
      vertex 8.88151 10.8221 0
      vertex 8.33979 11.2449 0
    endloop
  endfacet
  facet normal 0.575836 0.817565 -0
    outer loop
      vertex 8.33979 11.2449 0
      vertex 7.77798 11.6406 2
      vertex 8.33979 11.2449 2
    endloop
  endfacet
  facet normal 0.575836 0.817565 0
    outer loop
      vertex 7.77798 11.6406 2
      vertex 8.33979 11.2449 0
      vertex 7.77798 11.6406 0
    endloop
  endfacet
  facet normal 0.449552 0.893254 -0
    outer loop
      vertex 6.59955 12.3469 0
      vertex 5.98577 12.6558 2
      vertex 6.59955 12.3469 2
    endloop
  endfacet
  facet normal 0.449552 0.893254 0
    outer loop
      vertex 5.98577 12.6558 2
      vertex 6.59955 12.3469 0
      vertex 5.98577 12.6558 0
    endloop
  endfacet
  facet normal 0.405288 0.914189 -0
    outer loop
      vertex 5.98577 12.6558 0
      vertex 5.35757 12.9343 2
      vertex 5.98577 12.6558 2
    endloop
  endfacet
  facet normal 0.405288 0.914189 0
    outer loop
      vertex 5.35757 12.9343 2
      vertex 5.98577 12.6558 0
      vertex 5.35757 12.9343 0
    endloop
  endfacet
  facet normal 0.492898 0.870087 -0
    outer loop
      vertex 7.19744 12.0082 0
      vertex 6.59955 12.3469 2
      vertex 7.19744 12.0082 2
    endloop
  endfacet
  facet normal 0.492898 0.870087 0
    outer loop
      vertex 6.59955 12.3469 2
      vertex 7.19744 12.0082 0
      vertex 6.59955 12.3469 0
    endloop
  endfacet
  facet normal 0.266615 0.963803 -0
    outer loop
      vertex 4.06398 13.3972 0
      vertex 3.40172 13.5804 2
      vertex 4.06398 13.3972 2
    endloop
  endfacet
  facet normal 0.266615 0.963803 0
    outer loop
      vertex 3.40172 13.5804 2
      vertex 4.06398 13.3972 0
      vertex 3.40172 13.5804 0
    endloop
  endfacet
  facet normal 0.313747 0.949507 -0
    outer loop
      vertex 4.71646 13.1816 0
      vertex 4.06398 13.3972 2
      vertex 4.71646 13.1816 2
    endloop
  endfacet
  facet normal 0.313747 0.949507 0
    outer loop
      vertex 4.06398 13.3972 2
      vertex 4.71646 13.1816 0
      vertex 4.06398 13.3972 0
    endloop
  endfacet
  facet normal 0.122389 0.992482 -0
    outer loop
      vertex 2.05423 13.8485 0
      vertex 1.37224 13.9326 2
      vertex 2.05423 13.8485 2
    endloop
  endfacet
  facet normal 0.122389 0.992482 0
    outer loop
      vertex 1.37224 13.9326 2
      vertex 2.05423 13.8485 0
      vertex 1.37224 13.9326 0
    endloop
  endfacet
  facet normal 0.0734918 0.997296 -0
    outer loop
      vertex 1.37224 13.9326 0
      vertex 0.686947 13.9831 2
      vertex 1.37224 13.9326 2
    endloop
  endfacet
  facet normal 0.0734918 0.997296 0
    outer loop
      vertex 0.686947 13.9831 2
      vertex 1.37224 13.9326 0
      vertex 0.686947 13.9831 0
    endloop
  endfacet
  facet normal 0.219161 0.975689 -0
    outer loop
      vertex 3.40172 13.5804 0
      vertex 2.73126 13.731 2
      vertex 3.40172 13.5804 2
    endloop
  endfacet
  facet normal 0.219161 0.975689 0
    outer loop
      vertex 2.73126 13.731 2
      vertex 3.40172 13.5804 0
      vertex 2.73126 13.731 0
    endloop
  endfacet
  facet normal -0.999698 0.0245942 0
    outer loop
      vertex -14 0 0
      vertex -13.9831 0.686947 2
      vertex -13.9831 0.686947 0
    endloop
  endfacet
  facet normal -0.999698 0.0245942 0
    outer loop
      vertex -13.9831 0.686947 2
      vertex -14 0 0
      vertex -14 0 2
    endloop
  endfacet
  facet normal -0.949507 0.313747 0
    outer loop
      vertex -13.3972 4.06398 0
      vertex -13.1816 4.71646 2
      vertex -13.1816 4.71646 0
    endloop
  endfacet
  facet normal -0.949507 0.313747 0
    outer loop
      vertex -13.1816 4.71646 2
      vertex -13.3972 4.06398 0
      vertex -13.3972 4.06398 2
    endloop
  endfacet
  facet normal -0.932994 0.359891 0
    outer loop
      vertex -13.1816 4.71646 0
      vertex -12.9343 5.35757 2
      vertex -12.9343 5.35757 0
    endloop
  endfacet
  facet normal -0.932994 0.359891 0
    outer loop
      vertex -12.9343 5.35757 2
      vertex -13.1816 4.71646 0
      vertex -13.1816 4.71646 2
    endloop
  endfacet
  facet normal -0.985272 0.170996 0
    outer loop
      vertex -13.8485 2.05423 0
      vertex -13.731 2.73126 2
      vertex -13.731 2.73126 0
    endloop
  endfacet
  facet normal -0.985272 0.170996 0
    outer loop
      vertex -13.731 2.73126 2
      vertex -13.8485 2.05423 0
      vertex -13.8485 2.05423 2
    endloop
  endfacet
  facet normal -0.992482 0.122389 0
    outer loop
      vertex -13.9326 1.37224 0
      vertex -13.8485 2.05423 2
      vertex -13.8485 2.05423 0
    endloop
  endfacet
  facet normal -0.992482 0.122389 0
    outer loop
      vertex -13.8485 2.05423 2
      vertex -13.9326 1.37224 0
      vertex -13.9326 1.37224 2
    endloop
  endfacet
  facet normal -0.963803 0.266615 0
    outer loop
      vertex -13.5804 3.40172 0
      vertex -13.3972 4.06398 2
      vertex -13.3972 4.06398 0
    endloop
  endfacet
  facet normal -0.963803 0.266615 0
    outer loop
      vertex -13.3972 4.06398 2
      vertex -13.5804 3.40172 0
      vertex -13.5804 3.40172 2
    endloop
  endfacet
  facet normal -0.870087 0.492898 0
    outer loop
      vertex -12.3469 6.59955 0
      vertex -12.0082 7.19744 2
      vertex -12.0082 7.19744 0
    endloop
  endfacet
  facet normal -0.870087 0.492898 0
    outer loop
      vertex -12.0082 7.19744 2
      vertex -12.3469 6.59955 0
      vertex -12.3469 6.59955 2
    endloop
  endfacet
  facet normal -0.844869 0.534974 0
    outer loop
      vertex -12.0082 7.19744 0
      vertex -11.6406 7.77798 2
      vertex -11.6406 7.77798 0
    endloop
  endfacet
  facet normal -0.844869 0.534974 0
    outer loop
      vertex -11.6406 7.77798 2
      vertex -12.0082 7.19744 0
      vertex -12.0082 7.19744 2
    endloop
  endfacet
  facet normal -0.893254 0.449552 0
    outer loop
      vertex -12.6558 5.98577 0
      vertex -12.3469 6.59955 2
      vertex -12.3469 6.59955 0
    endloop
  endfacet
  facet normal -0.893254 0.449552 0
    outer loop
      vertex -12.3469 6.59955 2
      vertex -12.6558 5.98577 0
      vertex -12.6558 5.98577 2
    endloop
  endfacet
  facet normal -0.757225 0.653154 0
    outer loop
      vertex -10.8221 8.88151 0
      vertex -10.3733 9.40182 2
      vertex -10.3733 9.40182 0
    endloop
  endfacet
  facet normal -0.757225 0.653154 0
    outer loop
      vertex -10.3733 9.40182 2
      vertex -10.8221 8.88151 0
      vertex -10.8221 8.88151 2
    endloop
  endfacet
  facet normal -0.78832 0.615266 0
    outer loop
      vertex -11.2449 8.33979 0
      vertex -10.8221 8.88151 2
      vertex -10.8221 8.88151 0
    endloop
  endfacet
  facet normal -0.78832 0.615266 0
    outer loop
      vertex -10.8221 8.88151 2
      vertex -11.2449 8.33979 0
      vertex -11.2449 8.33979 2
    endloop
  endfacet
  facet normal -0.266615 0.963803 0
    outer loop
      vertex -3.40172 13.5804 0
      vertex -4.06398 13.3972 2
      vertex -3.40172 13.5804 2
    endloop
  endfacet
  facet normal -0.266615 0.963803 0
    outer loop
      vertex -4.06398 13.3972 2
      vertex -3.40172 13.5804 0
      vertex -4.06398 13.3972 0
    endloop
  endfacet
  facet normal -0.219161 0.975689 0
    outer loop
      vertex -2.73126 13.731 0
      vertex -3.40172 13.5804 2
      vertex -2.73126 13.731 2
    endloop
  endfacet
  facet normal -0.219161 0.975689 0
    outer loop
      vertex -3.40172 13.5804 2
      vertex -2.73126 13.731 0
      vertex -3.40172 13.5804 0
    endloop
  endfacet
  facet normal -0.313747 0.949507 0
    outer loop
      vertex -4.06398 13.3972 0
      vertex -4.71646 13.1816 2
      vertex -4.06398 13.3972 2
    endloop
  endfacet
  facet normal -0.313747 0.949507 0
    outer loop
      vertex -4.71646 13.1816 2
      vertex -4.06398 13.3972 0
      vertex -4.71646 13.1816 0
    endloop
  endfacet
  facet normal -0.122389 0.992482 0
    outer loop
      vertex -1.37224 13.9326 0
      vertex -2.05423 13.8485 2
      vertex -1.37224 13.9326 2
    endloop
  endfacet
  facet normal -0.122389 0.992482 0
    outer loop
      vertex -2.05423 13.8485 2
      vertex -1.37224 13.9326 0
      vertex -2.05423 13.8485 0
    endloop
  endfacet
  facet normal -0.0245942 0.999698 0
    outer loop
      vertex 0 14 0
      vertex -0.686947 13.9831 2
      vertex 0 14 2
    endloop
  endfacet
  facet normal -0.0245942 0.999698 0
    outer loop
      vertex -0.686947 13.9831 2
      vertex 0 14 0
      vertex -0.686947 13.9831 0
    endloop
  endfacet
  facet normal -0.492898 0.870087 0
    outer loop
      vertex -6.59955 12.3469 0
      vertex -7.19744 12.0082 2
      vertex -6.59955 12.3469 2
    endloop
  endfacet
  facet normal -0.492898 0.870087 0
    outer loop
      vertex -7.19744 12.0082 2
      vertex -6.59955 12.3469 0
      vertex -7.19744 12.0082 0
    endloop
  endfacet
  facet normal -0.405288 0.914189 0
    outer loop
      vertex -5.35757 12.9343 0
      vertex -5.98577 12.6558 2
      vertex -5.35757 12.9343 2
    endloop
  endfacet
  facet normal -0.405288 0.914189 0
    outer loop
      vertex -5.98577 12.6558 2
      vertex -5.35757 12.9343 0
      vertex -5.98577 12.6558 0
    endloop
  endfacet
  facet normal -0.615266 0.78832 0
    outer loop
      vertex -8.33979 11.2449 0
      vertex -8.88151 10.8221 2
      vertex -8.33979 11.2449 2
    endloop
  endfacet
  facet normal -0.615266 0.78832 0
    outer loop
      vertex -8.88151 10.8221 2
      vertex -8.33979 11.2449 0
      vertex -8.88151 10.8221 0
    endloop
  endfacet
  facet normal -0.653154 0.757225 0
    outer loop
      vertex -8.88151 10.8221 0
      vertex -9.40182 10.3733 2
      vertex -8.88151 10.8221 2
    endloop
  endfacet
  facet normal -0.653154 0.757225 0
    outer loop
      vertex -9.40182 10.3733 2
      vertex -8.88151 10.8221 0
      vertex -9.40182 10.3733 0
    endloop
  endfacet
  facet normal -0.575836 0.817565 0
    outer loop
      vertex -7.77798 11.6406 0
      vertex -8.33979 11.2449 2
      vertex -7.77798 11.6406 2
    endloop
  endfacet
  facet normal -0.575836 0.817565 0
    outer loop
      vertex -8.33979 11.2449 2
      vertex -7.77798 11.6406 0
      vertex -8.33979 11.2449 0
    endloop
  endfacet
  facet normal -0.689532 0.724255 0
    outer loop
      vertex -9.40182 10.3733 0
      vertex -9.89949 9.89949 2
      vertex -9.40182 10.3733 2
    endloop
  endfacet
  facet normal -0.689532 0.724255 0
    outer loop
      vertex -9.89949 9.89949 2
      vertex -9.40182 10.3733 0
      vertex -9.89949 9.89949 0
    endloop
  endfacet
  facet normal 0.999698 0.0245942 0
    outer loop
      vertex 14 0 2
      vertex 13.9831 0.686947 0
      vertex 13.9831 0.686947 2
    endloop
  endfacet
  facet normal 0.999698 0.0245942 0
    outer loop
      vertex 13.9831 0.686947 0
      vertex 14 0 2
      vertex 14 0 0
    endloop
  endfacet
  facet normal 0.0245942 -0.999698 0
    outer loop
      vertex 0 -14 0
      vertex 0.686947 -13.9831 2
      vertex 0 -14 2
    endloop
  endfacet
  facet normal 0.0245942 -0.999698 0
    outer loop
      vertex 0.686947 -13.9831 2
      vertex 0 -14 0
      vertex 0.686947 -13.9831 0
    endloop
  endfacet
  facet normal 0.949507 -0.313747 0
    outer loop
      vertex 13.1816 -4.71646 2
      vertex 13.3972 -4.06398 0
      vertex 13.3972 -4.06398 2
    endloop
  endfacet
  facet normal 0.949507 -0.313747 0
    outer loop
      vertex 13.3972 -4.06398 0
      vertex 13.1816 -4.71646 2
      vertex 13.1816 -4.71646 0
    endloop
  endfacet
  facet normal 0.975689 -0.219161 0
    outer loop
      vertex 13.5804 -3.40172 2
      vertex 13.731 -2.73126 0
      vertex 13.731 -2.73126 2
    endloop
  endfacet
  facet normal 0.975689 -0.219161 0
    outer loop
      vertex 13.731 -2.73126 0
      vertex 13.5804 -3.40172 2
      vertex 13.5804 -3.40172 0
    endloop
  endfacet
  facet normal 0.0734918 -0.997296 0
    outer loop
      vertex 0.686947 -13.9831 0
      vertex 1.37224 -13.9326 2
      vertex 0.686947 -13.9831 2
    endloop
  endfacet
  facet normal 0.0734918 -0.997296 0
    outer loop
      vertex 1.37224 -13.9326 2
      vertex 0.686947 -13.9831 0
      vertex 1.37224 -13.9326 0
    endloop
  endfacet
  facet normal 0.122389 -0.992482 0
    outer loop
      vertex 1.37224 -13.9326 0
      vertex 2.05423 -13.8485 2
      vertex 1.37224 -13.9326 2
    endloop
  endfacet
  facet normal 0.122389 -0.992482 0
    outer loop
      vertex 2.05423 -13.8485 2
      vertex 1.37224 -13.9326 0
      vertex 2.05423 -13.8485 0
    endloop
  endfacet
  facet normal 0.313747 -0.949507 0
    outer loop
      vertex 4.06398 -13.3972 0
      vertex 4.71646 -13.1816 2
      vertex 4.06398 -13.3972 2
    endloop
  endfacet
  facet normal 0.313747 -0.949507 0
    outer loop
      vertex 4.71646 -13.1816 2
      vertex 4.06398 -13.3972 0
      vertex 4.71646 -13.1816 0
    endloop
  endfacet
  facet normal 0.359891 -0.932994 0
    outer loop
      vertex 4.71646 -13.1816 0
      vertex 5.35757 -12.9343 2
      vertex 4.71646 -13.1816 2
    endloop
  endfacet
  facet normal 0.359891 -0.932994 0
    outer loop
      vertex 5.35757 -12.9343 2
      vertex 4.71646 -13.1816 0
      vertex 5.35757 -12.9343 0
    endloop
  endfacet
  facet normal 0.653154 -0.757225 0
    outer loop
      vertex 8.88151 -10.8221 0
      vertex 9.40182 -10.3733 2
      vertex 8.88151 -10.8221 2
    endloop
  endfacet
  facet normal 0.653154 -0.757225 0
    outer loop
      vertex 9.40182 -10.3733 2
      vertex 8.88151 -10.8221 0
      vertex 9.40182 -10.3733 0
    endloop
  endfacet
  facet normal 0.615266 -0.78832 0
    outer loop
      vertex 8.33979 -11.2449 0
      vertex 8.88151 -10.8221 2
      vertex 8.33979 -11.2449 2
    endloop
  endfacet
  facet normal 0.615266 -0.78832 0
    outer loop
      vertex 8.88151 -10.8221 2
      vertex 8.33979 -11.2449 0
      vertex 8.88151 -10.8221 0
    endloop
  endfacet
  facet normal 0.689532 -0.724255 0
    outer loop
      vertex 9.40182 -10.3733 0
      vertex 9.89949 -9.89949 2
      vertex 9.40182 -10.3733 2
    endloop
  endfacet
  facet normal 0.689532 -0.724255 0
    outer loop
      vertex 9.89949 -9.89949 2
      vertex 9.40182 -10.3733 0
      vertex 9.89949 -9.89949 0
    endloop
  endfacet
  facet normal 0.534974 -0.844869 0
    outer loop
      vertex 7.19744 -12.0082 0
      vertex 7.77798 -11.6406 2
      vertex 7.19744 -12.0082 2
    endloop
  endfacet
  facet normal 0.534974 -0.844869 0
    outer loop
      vertex 7.77798 -11.6406 2
      vertex 7.19744 -12.0082 0
      vertex 7.77798 -11.6406 0
    endloop
  endfacet
  facet normal 0.575836 -0.817565 0
    outer loop
      vertex 7.77798 -11.6406 0
      vertex 8.33979 -11.2449 2
      vertex 7.77798 -11.6406 2
    endloop
  endfacet
  facet normal 0.575836 -0.817565 0
    outer loop
      vertex 8.33979 -11.2449 2
      vertex 7.77798 -11.6406 0
      vertex 8.33979 -11.2449 0
    endloop
  endfacet
  facet normal 0.449552 -0.893254 0
    outer loop
      vertex 5.98577 -12.6558 0
      vertex 6.59955 -12.3469 2
      vertex 5.98577 -12.6558 2
    endloop
  endfacet
  facet normal 0.449552 -0.893254 0
    outer loop
      vertex 6.59955 -12.3469 2
      vertex 5.98577 -12.6558 0
      vertex 6.59955 -12.3469 0
    endloop
  endfacet
  facet normal 0.893254 -0.449552 0
    outer loop
      vertex 12.3469 -6.59955 2
      vertex 12.6558 -5.98577 0
      vertex 12.6558 -5.98577 2
    endloop
  endfacet
  facet normal 0.893254 -0.449552 0
    outer loop
      vertex 12.6558 -5.98577 0
      vertex 12.3469 -6.59955 2
      vertex 12.3469 -6.59955 0
    endloop
  endfacet
  facet normal 0.870087 -0.492898 0
    outer loop
      vertex 12.0082 -7.19744 2
      vertex 12.3469 -6.59955 0
      vertex 12.3469 -6.59955 2
    endloop
  endfacet
  facet normal 0.870087 -0.492898 0
    outer loop
      vertex 12.3469 -6.59955 0
      vertex 12.0082 -7.19744 2
      vertex 12.0082 -7.19744 0
    endloop
  endfacet
  facet normal 0.914189 -0.405288 0
    outer loop
      vertex 12.6558 -5.98577 2
      vertex 12.9343 -5.35757 0
      vertex 12.9343 -5.35757 2
    endloop
  endfacet
  facet normal 0.914189 -0.405288 0
    outer loop
      vertex 12.9343 -5.35757 0
      vertex 12.6558 -5.98577 2
      vertex 12.6558 -5.98577 0
    endloop
  endfacet
  facet normal 0.817565 -0.575836 0
    outer loop
      vertex 11.2449 -8.33979 2
      vertex 11.6406 -7.77798 0
      vertex 11.6406 -7.77798 2
    endloop
  endfacet
  facet normal 0.817565 -0.575836 0
    outer loop
      vertex 11.6406 -7.77798 0
      vertex 11.2449 -8.33979 2
      vertex 11.2449 -8.33979 0
    endloop
  endfacet
  facet normal 0.844869 -0.534974 0
    outer loop
      vertex 11.6406 -7.77798 2
      vertex 12.0082 -7.19744 0
      vertex 12.0082 -7.19744 2
    endloop
  endfacet
  facet normal 0.844869 -0.534974 0
    outer loop
      vertex 12.0082 -7.19744 0
      vertex 11.6406 -7.77798 2
      vertex 11.6406 -7.77798 0
    endloop
  endfacet
  facet normal -0.122389 -0.992482 0
    outer loop
      vertex -2.05423 -13.8485 0
      vertex -1.37224 -13.9326 2
      vertex -2.05423 -13.8485 2
    endloop
  endfacet
  facet normal -0.122389 -0.992482 -0
    outer loop
      vertex -1.37224 -13.9326 2
      vertex -2.05423 -13.8485 0
      vertex -1.37224 -13.9326 0
    endloop
  endfacet
  facet normal -0.359891 -0.932994 0
    outer loop
      vertex -5.35757 -12.9343 0
      vertex -4.71646 -13.1816 2
      vertex -5.35757 -12.9343 2
    endloop
  endfacet
  facet normal -0.359891 -0.932994 -0
    outer loop
      vertex -4.71646 -13.1816 2
      vertex -5.35757 -12.9343 0
      vertex -4.71646 -13.1816 0
    endloop
  endfacet
  facet normal -0.170996 -0.985272 0
    outer loop
      vertex -2.73126 -13.731 0
      vertex -2.05423 -13.8485 2
      vertex -2.73126 -13.731 2
    endloop
  endfacet
  facet normal -0.170996 -0.985272 -0
    outer loop
      vertex -2.05423 -13.8485 2
      vertex -2.73126 -13.731 0
      vertex -2.05423 -13.8485 0
    endloop
  endfacet
  facet normal -0.0734918 -0.997296 0
    outer loop
      vertex -1.37224 -13.9326 0
      vertex -0.686947 -13.9831 2
      vertex -1.37224 -13.9326 2
    endloop
  endfacet
  facet normal -0.0734918 -0.997296 -0
    outer loop
      vertex -0.686947 -13.9831 2
      vertex -1.37224 -13.9326 0
      vertex -0.686947 -13.9831 0
    endloop
  endfacet
  facet normal -0.313747 -0.949507 0
    outer loop
      vertex -4.71646 -13.1816 0
      vertex -4.06398 -13.3972 2
      vertex -4.71646 -13.1816 2
    endloop
  endfacet
  facet normal -0.313747 -0.949507 -0
    outer loop
      vertex -4.06398 -13.3972 2
      vertex -4.71646 -13.1816 0
      vertex -4.06398 -13.3972 0
    endloop
  endfacet
  facet normal -0.266615 -0.963803 0
    outer loop
      vertex -4.06398 -13.3972 0
      vertex -3.40172 -13.5804 2
      vertex -4.06398 -13.3972 2
    endloop
  endfacet
  facet normal -0.266615 -0.963803 -0
    outer loop
      vertex -3.40172 -13.5804 2
      vertex -4.06398 -13.3972 0
      vertex -3.40172 -13.5804 0
    endloop
  endfacet
  facet normal -0.492898 -0.870087 0
    outer loop
      vertex -7.19744 -12.0082 0
      vertex -6.59955 -12.3469 2
      vertex -7.19744 -12.0082 2
    endloop
  endfacet
  facet normal -0.492898 -0.870087 -0
    outer loop
      vertex -6.59955 -12.3469 2
      vertex -7.19744 -12.0082 0
      vertex -6.59955 -12.3469 0
    endloop
  endfacet
  facet normal -0.534974 -0.844869 0
    outer loop
      vertex -7.77798 -11.6406 0
      vertex -7.19744 -12.0082 2
      vertex -7.77798 -11.6406 2
    endloop
  endfacet
  facet normal -0.534974 -0.844869 -0
    outer loop
      vertex -7.19744 -12.0082 2
      vertex -7.77798 -11.6406 0
      vertex -7.19744 -12.0082 0
    endloop
  endfacet
  facet normal -0.449552 -0.893254 0
    outer loop
      vertex -6.59955 -12.3469 0
      vertex -5.98577 -12.6558 2
      vertex -6.59955 -12.3469 2
    endloop
  endfacet
  facet normal -0.449552 -0.893254 -0
    outer loop
      vertex -5.98577 -12.6558 2
      vertex -6.59955 -12.3469 0
      vertex -5.98577 -12.6558 0
    endloop
  endfacet
  facet normal -0.615266 -0.78832 0
    outer loop
      vertex -8.88151 -10.8221 0
      vertex -8.33979 -11.2449 2
      vertex -8.88151 -10.8221 2
    endloop
  endfacet
  facet normal -0.615266 -0.78832 -0
    outer loop
      vertex -8.33979 -11.2449 2
      vertex -8.88151 -10.8221 0
      vertex -8.33979 -11.2449 0
    endloop
  endfacet
  facet normal -0.575836 -0.817565 0
    outer loop
      vertex -8.33979 -11.2449 0
      vertex -7.77798 -11.6406 2
      vertex -8.33979 -11.2449 2
    endloop
  endfacet
  facet normal -0.575836 -0.817565 -0
    outer loop
      vertex -7.77798 -11.6406 2
      vertex -8.33979 -11.2449 0
      vertex -7.77798 -11.6406 0
    endloop
  endfacet
  facet normal -0.963803 -0.266615 0
    outer loop
      vertex -13.3972 -4.06398 0
      vertex -13.5804 -3.40172 2
      vertex -13.5804 -3.40172 0
    endloop
  endfacet
  facet normal -0.963803 -0.266615 0
    outer loop
      vertex -13.5804 -3.40172 2
      vertex -13.3972 -4.06398 0
      vertex -13.3972 -4.06398 2
    endloop
  endfacet
  facet normal -0.975689 -0.219161 0
    outer loop
      vertex -13.5804 -3.40172 0
      vertex -13.731 -2.73126 2
      vertex -13.731 -2.73126 0
    endloop
  endfacet
  facet normal -0.975689 -0.219161 0
    outer loop
      vertex -13.731 -2.73126 2
      vertex -13.5804 -3.40172 0
      vertex -13.5804 -3.40172 2
    endloop
  endfacet
  facet normal -0.949507 -0.313747 0
    outer loop
      vertex -13.1816 -4.71646 0
      vertex -13.3972 -4.06398 2
      vertex -13.3972 -4.06398 0
    endloop
  endfacet
  facet normal -0.949507 -0.313747 0
    outer loop
      vertex -13.3972 -4.06398 2
      vertex -13.1816 -4.71646 0
      vertex -13.1816 -4.71646 2
    endloop
  endfacet
  facet normal -0.999698 -0.0245942 0
    outer loop
      vertex -13.9831 -0.686947 0
      vertex -14 0 2
      vertex -14 0 0
    endloop
  endfacet
  facet normal -0.999698 -0.0245942 0
    outer loop
      vertex -14 0 2
      vertex -13.9831 -0.686947 0
      vertex -13.9831 -0.686947 2
    endloop
  endfacet
  facet normal -0.992482 -0.122389 0
    outer loop
      vertex -13.8485 -2.05423 0
      vertex -13.9326 -1.37224 2
      vertex -13.9326 -1.37224 0
    endloop
  endfacet
  facet normal -0.992482 -0.122389 0
    outer loop
      vertex -13.9326 -1.37224 2
      vertex -13.8485 -2.05423 0
      vertex -13.8485 -2.05423 2
    endloop
  endfacet
  facet normal 0 0 -1
    outer loop
      vertex 13.9831 -0.686947 0
      vertex 13.9831 0.686947 0
      vertex 14 0 0
    endloop
  endfacet
  facet normal 0 0 -1
    outer loop
      vertex 13.9326 -1.37224 0
      vertex 13.9831 0.686947 0
      vertex 13.9831 -0.686947 0
    endloop
  endfacet
  facet normal 0 0 -1
    outer loop
      vertex 13.9326 -1.37224 0
      vertex 13.9326 1.37224 0
      vertex 13.9831 0.686947 0
    endloop
  endfacet
  facet normal 0 0 -1
    outer loop
      vertex 13.8485 -2.05423 0
      vertex 13.9326 1.37224 0
      vertex 13.9326 -1.37224 0
    endloop
  endfacet
  facet normal 0 0 -1
    outer loop
      vertex 13.8485 -2.05423 0
      vertex 13.8485 2.05423 0
      vertex 13.9326 1.37224 0
    endloop
  endfacet
  facet normal 0 0 -1
    outer loop
      vertex 13.731 -2.73126 0
      vertex 13.8485 2.05423 0
      vertex 13.8485 -2.05423 0
    endloop
  endfacet
  facet normal 0 0 -1
    outer loop
      vertex 13.731 -2.73126 0
      vertex 13.731 2.73126 0
      vertex 13.8485 2.05423 0
    endloop
  endfacet
  facet normal 0 0 -1
    outer loop
      vertex 13.5804 -3.40172 0
      vertex 13.731 2.73126 0
      vertex 13.731 -2.73126 0
    endloop
  endfacet
  facet normal 0 0 -1
    outer loop
      vertex 13.5804 -3.40172 0
      vertex 13.5804 3.40172 0
      vertex 13.731 2.73126 0
    endloop
  endfacet
  facet normal 0 0 -1
    outer loop
      vertex 13.3972 -4.06398 0
      vertex 13.5804 3.40172 0
      vertex 13.5804 -3.40172 0
    endloop
  endfacet
  facet normal 0 0 -1
    outer loop
      vertex 13.3972 -4.06398 0
      vertex 13.3972 4.06398 0
      vertex 13.5804 3.40172 0
    endloop
  endfacet
  facet normal 0 0 -1
    outer loop
      vertex 13.1816 -4.71646 0
      vertex 13.3972 4.06398 0
      vertex 13.3972 -4.06398 0
    endloop
  endfacet
  facet normal 0 0 -1
    outer loop
      vertex 13.1816 -4.71646 0
      vertex 13.1816 4.71646 0
      vertex 13.3972 4.06398 0
    endloop
  endfacet
  facet normal 0 0 -1
    outer loop
      vertex 12.9343 -5.35757 0
      vertex 13.1816 4.71646 0
      vertex 13.1816 -4.71646 0
    endloop
  endfacet
  facet normal 0 0 -1
    outer loop
      vertex 12.9343 -5.35757 0
      vertex 12.9343 5.35757 0
      vertex 13.1816 4.71646 0
    endloop
  endfacet
  facet normal 0 0 -1
    outer loop
      vertex 12.6558 -5.98577 0
      vertex 12.9343 5.35757 0
      vertex 12.9343 -5.35757 0
    endloop
  endfacet
  facet normal 0 0 -1
    outer loop
      vertex 12.6558 -5.98577 0
      vertex 12.6558 5.98577 0
      vertex 12.9343 5.35757 0
    endloop
  endfacet
  facet normal 0 0 -1
    outer loop
      vertex 12.3469 -6.59955 0
      vertex 12.6558 5.98577 0
      vertex 12.6558 -5.98577 0
    endloop
  endfacet
  facet normal 0 0 -1
    outer loop
      vertex 12.3469 -6.59955 0
      vertex 12.3469 6.59955 0
      vertex 12.6558 5.98577 0
    endloop
  endfacet
  facet normal 0 0 -1
    outer loop
      vertex 12.0082 -7.19744 0
      vertex 12.3469 6.59955 0
      vertex 12.3469 -6.59955 0
    endloop
  endfacet
  facet normal 0 0 -1
    outer loop
      vertex 12.0082 -7.19744 0
      vertex 12.0082 7.19744 0
      vertex 12.3469 6.59955 0
    endloop
  endfacet
  facet normal 0 0 -1
    outer loop
      vertex 11.6406 -7.77798 0
      vertex 12.0082 7.19744 0
      vertex 12.0082 -7.19744 0
    endloop
  endfacet
  facet normal 0 0 -1
    outer loop
      vertex 11.6406 -7.77798 0
      vertex 11.6406 7.77798 0
      vertex 12.0082 7.19744 0
    endloop
  endfacet
  facet normal 0 0 -1
    outer loop
      vertex 11.2449 -8.33979 0
      vertex 11.6406 7.77798 0
      vertex 11.6406 -7.77798 0
    endloop
  endfacet
  facet normal 0 0 -1
    outer loop
      vertex 11.2449 -8.33979 0
      vertex 11.2449 8.33979 0
      vertex 11.6406 7.77798 0
    endloop
  endfacet
  facet normal 0 0 -1
    outer loop
      vertex 10.8221 -8.88151 0
      vertex 11.2449 8.33979 0
      vertex 11.2449 -8.33979 0
    endloop
  endfacet
  facet normal 0 0 -1
    outer loop
      vertex 10.8221 -8.88151 0
      vertex 10.8221 8.88151 0
      vertex 11.2449 8.33979 0
    endloop
  endfacet
  facet normal 0 0 -1
    outer loop
      vertex 10.3733 -9.40182 0
      vertex 10.8221 8.88151 0
      vertex 10.8221 -8.88151 0
    endloop
  endfacet
  facet normal 0 0 -1
    outer loop
      vertex 10.3733 -9.40182 0
      vertex 10.3733 9.40182 0
      vertex 10.8221 8.88151 0
    endloop
  endfacet
  facet normal 0 0 -1
    outer loop
      vertex 9.89949 -9.89949 0
      vertex 10.3733 9.40182 0
      vertex 10.3733 -9.40182 0
    endloop
  endfacet
  facet normal 0 0 -1
    outer loop
      vertex 9.89949 -9.89949 0
      vertex 9.89949 9.89949 0
      vertex 10.3733 9.40182 0
    endloop
  endfacet
  facet normal 0 0 -1
    outer loop
      vertex 9.40182 -10.3733 0
      vertex 9.89949 9.89949 0
      vertex 9.89949 -9.89949 0
    endloop
  endfacet
  facet normal 0 0 -1
    outer loop
      vertex 9.40182 -10.3733 0
      vertex 9.40182 10.3733 0
      vertex 9.89949 9.89949 0
    endloop
  endfacet
  facet normal 0 0 -1
    outer loop
      vertex 8.88151 -10.8221 0
      vertex 9.40182 10.3733 0
      vertex 9.40182 -10.3733 0
    endloop
  endfacet
  facet normal 0 0 -1
    outer loop
      vertex 8.88151 -10.8221 0
      vertex 8.88151 10.8221 0
      vertex 9.40182 10.3733 0
    endloop
  endfacet
  facet normal 0 0 -1
    outer loop
      vertex 8.33979 -11.2449 0
      vertex 8.88151 10.8221 0
      vertex 8.88151 -10.8221 0
    endloop
  endfacet
  facet normal 0 0 -1
    outer loop
      vertex 8.33979 -11.2449 0
      vertex 8.33979 11.2449 0
      vertex 8.88151 10.8221 0
    endloop
  endfacet
  facet normal 0 0 -1
    outer loop
      vertex 7.77798 -11.6406 0
      vertex 8.33979 11.2449 0
      vertex 8.33979 -11.2449 0
    endloop
  endfacet
  facet normal 0 0 -1
    outer loop
      vertex 7.77798 -11.6406 0
      vertex 7.77798 11.6406 0
      vertex 8.33979 11.2449 0
    endloop
  endfacet
  facet normal 0 0 -1
    outer loop
      vertex 7.19744 -12.0082 0
      vertex 7.77798 11.6406 0
      vertex 7.77798 -11.6406 0
    endloop
  endfacet
  facet normal 0 0 -1
    outer loop
      vertex 7.19744 -12.0082 0
      vertex 7.19744 12.0082 0
      vertex 7.77798 11.6406 0
    endloop
  endfacet
  facet normal 0 0 -1
    outer loop
      vertex 6.59955 -12.3469 0
      vertex 7.19744 12.0082 0
      vertex 7.19744 -12.0082 0
    endloop
  endfacet
  facet normal 0 0 -1
    outer loop
      vertex 6.59955 -12.3469 0
      vertex 6.59955 12.3469 0
      vertex 7.19744 12.0082 0
    endloop
  endfacet
  facet normal 0 0 -1
    outer loop
      vertex 5.98577 -12.6558 0
      vertex 6.59955 12.3469 0
      vertex 6.59955 -12.3469 0
    endloop
  endfacet
  facet normal 0 0 -1
    outer loop
      vertex 5.98577 -12.6558 0
      vertex 5.98577 12.6558 0
      vertex 6.59955 12.3469 0
    endloop
  endfacet
  facet normal 0 0 -1
    outer loop
      vertex 5.35757 -12.9343 0
      vertex 5.98577 12.6558 0
      vertex 5.98577 -12.6558 0
    endloop
  endfacet
  facet normal 0 0 -1
    outer loop
      vertex 5.35757 -12.9343 0
      vertex 5.35757 12.9343 0
      vertex 5.98577 12.6558 0
    endloop
  endfacet
  facet normal 0 0 -1
    outer loop
      vertex 4.71646 -13.1816 0
      vertex 5.35757 12.9343 0
      vertex 5.35757 -12.9343 0
    endloop
  endfacet
  facet normal 0 0 -1
    outer loop
      vertex 4.71646 -13.1816 0
      vertex 4.71646 13.1816 0
      vertex 5.35757 12.9343 0
    endloop
  endfacet
  facet normal 0 0 -1
    outer loop
      vertex 4.06398 -13.3972 0
      vertex 4.71646 13.1816 0
      vertex 4.71646 -13.1816 0
    endloop
  endfacet
  facet normal 0 0 -1
    outer loop
      vertex 4.06398 -13.3972 0
      vertex 4.06398 13.3972 0
      vertex 4.71646 13.1816 0
    endloop
  endfacet
  facet normal 0 0 -1
    outer loop
      vertex 3.40172 -13.5804 0
      vertex 4.06398 13.3972 0
      vertex 4.06398 -13.3972 0
    endloop
  endfacet
  facet normal 0 0 -1
    outer loop
      vertex 3.40172 -13.5804 0
      vertex 3.40172 13.5804 0
      vertex 4.06398 13.3972 0
    endloop
  endfacet
  facet normal 0 0 -1
    outer loop
      vertex 2.73126 -13.731 0
      vertex 3.40172 13.5804 0
      vertex 3.40172 -13.5804 0
    endloop
  endfacet
  facet normal 0 0 -1
    outer loop
      vertex 2.73126 -13.731 0
      vertex 2.73126 13.731 0
      vertex 3.40172 13.5804 0
    endloop
  endfacet
  facet normal 0 0 -1
    outer loop
      vertex 2.05423 -13.8485 0
      vertex 2.73126 13.731 0
      vertex 2.73126 -13.731 0
    endloop
  endfacet
  facet normal 0 0 -1
    outer loop
      vertex 2.05423 -13.8485 0
      vertex 2.05423 13.8485 0
      vertex 2.73126 13.731 0
    endloop
  endfacet
  facet normal 0 0 -1
    outer loop
      vertex 1.37224 -13.9326 0
      vertex 2.05423 13.8485 0
      vertex 2.05423 -13.8485 0
    endloop
  endfacet
  facet normal 0 0 -1
    outer loop
      vertex 1.37224 -13.9326 0
      vertex 1.37224 13.9326 0
      vertex 2.05423 13.8485 0
    endloop
  endfacet
  facet normal 0 0 -1
    outer loop
      vertex 0.686947 -13.9831 0
      vertex 1.37224 13.9326 0
      vertex 1.37224 -13.9326 0
    endloop
  endfacet
  facet normal 0 0 -1
    outer loop
      vertex 0.686947 -13.9831 0
      vertex 0.686947 13.9831 0
      vertex 1.37224 13.9326 0
    endloop
  endfacet
  facet normal 0 0 -1
    outer loop
      vertex 0 -14 0
      vertex 0.686947 13.9831 0
      vertex 0.686947 -13.9831 0
    endloop
  endfacet
  facet normal 0 0 -1
    outer loop
      vertex 0 -14 0
      vertex 0 14 0
      vertex 0.686947 13.9831 0
    endloop
  endfacet
  facet normal 0 0 -1
    outer loop
      vertex -0.686947 -13.9831 0
      vertex 0 14 0
      vertex 0 -14 0
    endloop
  endfacet
  facet normal 0 0 -1
    outer loop
      vertex -0.686947 -13.9831 0
      vertex -0.686947 13.9831 0
      vertex 0 14 0
    endloop
  endfacet
  facet normal 0 0 -1
    outer loop
      vertex -1.37224 -13.9326 0
      vertex -0.686947 13.9831 0
      vertex -0.686947 -13.9831 0
    endloop
  endfacet
  facet normal 0 0 -1
    outer loop
      vertex -1.37224 -13.9326 0
      vertex -1.37224 13.9326 0
      vertex -0.686947 13.9831 0
    endloop
  endfacet
  facet normal 0 0 -1
    outer loop
      vertex -2.05423 -13.8485 0
      vertex -1.37224 13.9326 0
      vertex -1.37224 -13.9326 0
    endloop
  endfacet
  facet normal 0 0 -1
    outer loop
      vertex -2.05423 -13.8485 0
      vertex -2.05423 13.8485 0
      vertex -1.37224 13.9326 0
    endloop
  endfacet
  facet normal 0 0 -1
    outer loop
      vertex -2.73126 -13.731 0
      vertex -2.05423 13.8485 0
      vertex -2.05423 -13.8485 0
    endloop
  endfacet
  facet normal 0 0 -1
    outer loop
      vertex -2.73126 -13.731 0
      vertex -2.73126 13.731 0
      vertex -2.05423 13.8485 0
    endloop
  endfacet
  facet normal 0 0 -1
    outer loop
      vertex -3.40172 -13.5804 0
      vertex -2.73126 13.731 0
      vertex -2.73126 -13.731 0
    endloop
  endfacet
  facet normal 0 0 -1
    outer loop
      vertex -3.40172 -13.5804 0
      vertex -3.40172 13.5804 0
      vertex -2.73126 13.731 0
    endloop
  endfacet
  facet normal 0 0 -1
    outer loop
      vertex -4.06398 -13.3972 0
      vertex -3.40172 13.5804 0
      vertex -3.40172 -13.5804 0
    endloop
  endfacet
  facet normal 0 0 -1
    outer loop
      vertex -4.06398 -13.3972 0
      vertex -4.06398 13.3972 0
      vertex -3.40172 13.5804 0
    endloop
  endfacet
  facet normal 0 0 -1
    outer loop
      vertex -4.71646 -13.1816 0
      vertex -4.06398 13.3972 0
      vertex -4.06398 -13.3972 0
    endloop
  endfacet
  facet normal 0 0 -1
    outer loop
      vertex -4.71646 -13.1816 0
      vertex -4.71646 13.1816 0
      vertex -4.06398 13.3972 0
    endloop
  endfacet
  facet normal 0 0 -1
    outer loop
      vertex -5.35757 -12.9343 0
      vertex -4.71646 13.1816 0
      vertex -4.71646 -13.1816 0
    endloop
  endfacet
  facet normal 0 0 -1
    outer loop
      vertex -5.35757 -12.9343 0
      vertex -5.35757 12.9343 0
      vertex -4.71646 13.1816 0
    endloop
  endfacet
  facet normal 0 0 -1
    outer loop
      vertex -5.98577 -12.6558 0
      vertex -5.35757 12.9343 0
      vertex -5.35757 -12.9343 0
    endloop
  endfacet
  facet normal 0 0 -1
    outer loop
      vertex -5.98577 -12.6558 0
      vertex -5.98577 12.6558 0
      vertex -5.35757 12.9343 0
    endloop
  endfacet
  facet normal 0 0 -1
    outer loop
      vertex -6.59955 -12.3469 0
      vertex -5.98577 12.6558 0
      vertex -5.98577 -12.6558 0
    endloop
  endfacet
  facet normal 0 0 -1
    outer loop
      vertex -6.59955 -12.3469 0
      vertex -6.59955 12.3469 0
      vertex -5.98577 12.6558 0
    endloop
  endfacet
  facet normal 0 0 -1
    outer loop
      vertex -7.19744 -12.0082 0
      vertex -6.59955 12.3469 0
      vertex -6.59955 -12.3469 0
    endloop
  endfacet
  facet normal 0 0 -1
    outer loop
      vertex -7.19744 -12.0082 0
      vertex -7.19744 12.0082 0
      vertex -6.59955 12.3469 0
    endloop
  endfacet
  facet normal 0 0 -1
    outer loop
      vertex -7.77798 -11.6406 0
      vertex -7.19744 12.0082 0
      vertex -7.19744 -12.0082 0
    endloop
  endfacet
  facet normal 0 0 -1
    outer loop
      vertex -7.77798 -11.6406 0
      vertex -7.77798 11.6406 0
      vertex -7.19744 12.0082 0
    endloop
  endfacet
  facet normal 0 0 -1
    outer loop
      vertex -8.33979 -11.2449 0
      vertex -7.77798 11.6406 0
      vertex -7.77798 -11.6406 0
    endloop
  endfacet
  facet normal 0 0 -1
    outer loop
      vertex -8.33979 -11.2449 0
      vertex -8.33979 11.2449 0
      vertex -7.77798 11.6406 0
    endloop
  endfacet
  facet normal 0 0 -1
    outer loop
      vertex -8.88151 -10.8221 0
      vertex -8.33979 11.2449 0
      vertex -8.33979 -11.2449 0
    endloop
  endfacet
  facet normal 0 0 -1
    outer loop
      vertex -8.88151 -10.8221 0
      vertex -8.88151 10.8221 0
      vertex -8.33979 11.2449 0
    endloop
  endfacet
  facet normal 0 0 -1
    outer loop
      vertex -9.40182 -10.3733 0
      vertex -8.88151 10.8221 0
      vertex -8.88151 -10.8221 0
    endloop
  endfacet
  facet normal 0 0 -1
    outer loop
      vertex -9.40182 -10.3733 0
      vertex -9.40182 10.3733 0
      vertex -8.88151 10.8221 0
    endloop
  endfacet
  facet normal 0 0 -1
    outer loop
      vertex -9.89949 -9.89949 0
      vertex -9.40182 10.3733 0
      vertex -9.40182 -10.3733 0
    endloop
  endfacet
  facet normal 0 0 -1
    outer loop
      vertex -9.89949 -9.89949 0
      vertex -9.89949 9.89949 0
      vertex -9.40182 10.3733 0
    endloop
  endfacet
  facet normal 0 0 -1
    outer loop
      vertex -10.3733 -9.40182 0
      vertex -9.89949 9.89949 0
      vertex -9.89949 -9.89949 0
    endloop
  endfacet
  facet normal 0 0 -1
    outer loop
      vertex -10.3733 -9.40182 0
      vertex -10.3733 9.40182 0
      vertex -9.89949 9.89949 0
    endloop
  endfacet
  facet normal 0 0 -1
    outer loop
      vertex -10.8221 -8.88151 0
      vertex -10.3733 9.40182 0
      vertex -10.3733 -9.40182 0
    endloop
  endfacet
  facet normal 0 0 -1
    outer loop
      vertex -10.8221 -8.88151 0
      vertex -10.8221 8.88151 0
      vertex -10.3733 9.40182 0
    endloop
  endfacet
  facet normal 0 0 -1
    outer loop
      vertex -11.2449 -8.33979 0
      vertex -10.8221 8.88151 0
      vertex -10.8221 -8.88151 0
    endloop
  endfacet
  facet normal 0 0 -1
    outer loop
      vertex -11.2449 -8.33979 0
      vertex -11.2449 8.33979 0
      vertex -10.8221 8.88151 0
    endloop
  endfacet
  facet normal 0 0 -1
    outer loop
      vertex -11.6406 -7.77798 0
      vertex -11.2449 8.33979 0
      vertex -11.2449 -8.33979 0
    endloop
  endfacet
  facet normal 0 0 -1
    outer loop
      vertex -11.6406 -7.77798 0
      vertex -11.6406 7.77798 0
      vertex -11.2449 8.33979 0
    endloop
  endfacet
  facet normal 0 0 -1
    outer loop
      vertex -12.0082 -7.19744 0
      vertex -11.6406 7.77798 0
      vertex -11.6406 -7.77798 0
    endloop
  endfacet
  facet normal 0 0 -1
    outer loop
      vertex -12.0082 -7.19744 0
      vertex -12.0082 7.19744 0
      vertex -11.6406 7.77798 0
    endloop
  endfacet
  facet normal 0 0 -1
    outer loop
      vertex -12.3469 -6.59955 0
      vertex -12.0082 7.19744 0
      vertex -12.0082 -7.19744 0
    endloop
  endfacet
  facet normal 0 0 -1
    outer loop
      vertex -12.3469 -6.59955 0
      vertex -12.3469 6.59955 0
      vertex -12.0082 7.19744 0
    endloop
  endfacet
  facet normal 0 0 -1
    outer loop
      vertex -12.6558 -5.98577 0
      vertex -12.3469 6.59955 0
      vertex -12.3469 -6.59955 0
    endloop
  endfacet
  facet normal 0 0 -1
    outer loop
      vertex -12.6558 -5.98577 0
      vertex -12.6558 5.98577 0
      vertex -12.3469 6.59955 0
    endloop
  endfacet
  facet normal 0 0 -1
    outer loop
      vertex -12.9343 -5.35757 0
      vertex -12.6558 5.98577 0
      vertex -12.6558 -5.98577 0
    endloop
  endfacet
  facet normal 0 0 -1
    outer loop
      vertex -12.9343 -5.35757 0
      vertex -12.9343 5.35757 0
      vertex -12.6558 5.98577 0
    endloop
  endfacet
  facet normal 0 0 -1
    outer loop
      vertex -13.1816 -4.71646 0
      vertex -12.9343 5.35757 0
      vertex -12.9343 -5.35757 0
    endloop
  endfacet
  facet normal 0 0 -1
    outer loop
      vertex -13.1816 -4.71646 0
      vertex -13.1816 4.71646 0
      vertex -12.9343 5.35757 0
    endloop
  endfacet
  facet normal 0 0 -1
    outer loop
      vertex -13.3972 -4.06398 0
      vertex -13.1816 4.71646 0
      vertex -13.1816 -4.71646 0
    endloop
  endfacet
  facet normal 0 0 -1
    outer loop
      vertex -13.3972 -4.06398 0
      vertex -13.3972 4.06398 0
      vertex -13.1816 4.71646 0
    endloop
  endfacet
  facet normal 0 0 -1
    outer loop
      vertex -13.5804 -3.40172 0
      vertex -13.3972 4.06398 0
      vertex -13.3972 -4.06398 0
    endloop
  endfacet
  facet normal 0 0 -1
    outer loop
      vertex -13.5804 -3.40172 0
      vertex -13.5804 3.40172 0
      vertex -13.3972 4.06398 0
    endloop
  endfacet
  facet normal 0 0 -1
    outer loop
      vertex -13.731 -2.73126 0
      vertex -13.5804 3.40172 0
      vertex -13.5804 -3.40172 0
    endloop
  endfacet
  facet normal 0 0 -1
    outer loop
      vertex -13.731 -2.73126 0
      vertex -13.731 2.73126 0
      vertex -13.5804 3.40172 0
    endloop
  endfacet
  facet normal 0 0 -1
    outer loop
      vertex -13.8485 -2.05423 0
      vertex -13.731 2.73126 0
      vertex -13.731 -2.73126 0
    endloop
  endfacet
  facet normal 0 0 -1
    outer loop
      vertex -13.8485 -2.05423 0
      vertex -13.8485 2.05423 0
      vertex -13.731 2.73126 0
    endloop
  endfacet
  facet normal 0 0 -1
    outer loop
      vertex -13.9326 -1.37224 0
      vertex -13.8485 2.05423 0
      vertex -13.8485 -2.05423 0
    endloop
  endfacet
  facet normal 0 0 -1
    outer loop
      vertex -13.9326 -1.37224 0
      vertex -13.9326 1.37224 0
      vertex -13.8485 2.05423 0
    endloop
  endfacet
  facet normal 0 0 -1
    outer loop
      vertex -13.9831 -0.686947 0
      vertex -13.9326 1.37224 0
      vertex -13.9326 -1.37224 0
    endloop
  endfacet
  facet normal 0 0 -1
    outer loop
      vertex -13.9831 -0.686947 0
      vertex -13.9831 0.686947 0
      vertex -13.9326 1.37224 0
    endloop
  endfacet
  facet normal 0 -0 -1
    outer loop
      vertex -13.9831 0.686947 0
      vertex -13.9831 -0.686947 0
      vertex -14 0 0
    endloop
  endfacet
  facet normal -0.893254 -0.449552 0
    outer loop
      vertex -12.3469 -6.59955 0
      vertex -12.6558 -5.98577 2
      vertex -12.6558 -5.98577 0
    endloop
  endfacet
  facet normal -0.893254 -0.449552 0
    outer loop
      vertex -12.6558 -5.98577 2
      vertex -12.3469 -6.59955 0
      vertex -12.3469 -6.59955 2
    endloop
  endfacet
  facet normal -0.870087 -0.492898 0
    outer loop
      vertex -12.0082 -7.19744 0
      vertex -12.3469 -6.59955 2
      vertex -12.3469 -6.59955 0
    endloop
  endfacet
  facet normal -0.870087 -0.492898 0
    outer loop
      vertex -12.3469 -6.59955 2
      vertex -12.0082 -7.19744 0
      vertex -12.0082 -7.19744 2
    endloop
  endfacet
  facet normal -0.914189 -0.405288 0
    outer loop
      vertex -12.6558 -5.98577 0
      vertex -12.9343 -5.35757 2
      vertex -12.9343 -5.35757 0
    endloop
  endfacet
  facet normal -0.914189 -0.405288 0
    outer loop
      vertex -12.9343 -5.35757 2
      vertex -12.6558 -5.98577 0
      vertex -12.6558 -5.98577 2
    endloop
  endfacet
  facet normal -0.817565 -0.575836 0
    outer loop
      vertex -11.2449 -8.33979 0
      vertex -11.6406 -7.77798 2
      vertex -11.6406 -7.77798 0
    endloop
  endfacet
  facet normal -0.817565 -0.575836 0
    outer loop
      vertex -11.6406 -7.77798 2
      vertex -11.2449 -8.33979 0
      vertex -11.2449 -8.33979 2
    endloop
  endfacet
  facet normal -0.757225 -0.653154 0
    outer loop
      vertex -10.3733 -9.40182 0
      vertex -10.8221 -8.88151 2
      vertex -10.8221 -8.88151 0
    endloop
  endfacet
  facet normal -0.757225 -0.653154 0
    outer loop
      vertex -10.8221 -8.88151 2
      vertex -10.3733 -9.40182 0
      vertex -10.3733 -9.40182 2
    endloop
  endfacet
  facet normal -0.724255 -0.689532 0
    outer loop
      vertex -9.89949 -9.89949 0
      vertex -10.3733 -9.40182 2
      vertex -10.3733 -9.40182 0
    endloop
  endfacet
  facet normal -0.724255 -0.689532 0
    outer loop
      vertex -10.3733 -9.40182 2
      vertex -9.89949 -9.89949 0
      vertex -9.89949 -9.89949 2
    endloop
  endfacet
  facet normal 0 0 1
    outer loop
      vertex -9.58521 1.33694 2
      vertex -9.58521 1.11034 2
      vertex -9.56253 1.13299 2
    endloop
  endfacet
  facet normal 0 0 1
    outer loop
      vertex -9.65317 1.49556 2
      vertex -9.58521 1.11034 2
      vertex -9.58521 1.33694 2
    endloop
  endfacet
  facet normal 0 0 1
    outer loop
      vertex -9.58521 1.11034 2
      vertex -9.65317 1.49556 2
      vertex -10.1064 1.74482 2
    endloop
  endfacet
  facet normal -0 0 1
    outer loop
      vertex -10.333 1.74482 2
      vertex -9.58521 1.11034 2
      vertex -10.1064 1.74482 2
    endloop
  endfacet
  facet normal 0 0 1
    outer loop
      vertex -10.1064 1.74482 2
      vertex -9.65317 1.49556 2
      vertex -9.83447 1.67684 2
    endloop
  endfacet
  facet normal 0 0 1
    outer loop
      vertex -9.58521 1.11034 2
      vertex -10.333 1.74482 2
      vertex -9.60786 0.906387 2
    endloop
  endfacet
  facet normal -0 0 1
    outer loop
      vertex -10.1064 1.74482 2
      vertex -9.83447 1.67684 2
      vertex -9.99309 1.74482 2
    endloop
  endfacet
  facet normal 0 0 1
    outer loop
      vertex -9.60786 0.906387 2
      vertex -10.333 1.74482 2
      vertex -9.6985 0.657131 2
    endloop
  endfacet
  facet normal -0 0 1
    outer loop
      vertex -10.5369 1.72217 2
      vertex -9.6985 0.657131 2
      vertex -10.333 1.74482 2
    endloop
  endfacet
  facet normal 0 0 1
    outer loop
      vertex -10.333 1.74482 2
      vertex -10.1064 1.74482 2
      vertex -10.129 1.76747 2
    endloop
  endfacet
  facet normal 0 0 1
    outer loop
      vertex -10.333 1.74482 2
      vertex -10.129 1.76747 2
      vertex -10.3103 1.76747 2
    endloop
  endfacet
  facet normal -0 0 1
    outer loop
      vertex -10.9448 1.5409 2
      vertex -9.6985 0.657131 2
      vertex -10.5369 1.72217 2
    endloop
  endfacet
  facet normal 0 0 1
    outer loop
      vertex -9.6985 0.657131 2
      vertex -10.9448 1.5409 2
      vertex -9.97041 0.135967 2
    endloop
  endfacet
  facet normal 0 0 1
    outer loop
      vertex -9.97041 0.135967 2
      vertex -10.9448 1.5409 2
      vertex -10.0611 0.0226517 2
    endloop
  endfacet
  facet normal -0 0 1
    outer loop
      vertex -11.262 1.45023 2
      vertex -10.0611 0.0226517 2
      vertex -10.9448 1.5409 2
    endloop
  endfacet
  facet normal 0 0 1
    outer loop
      vertex -10.0611 0.0226517 2
      vertex -11.262 1.45023 2
      vertex -10.5369 -0.770448 2
    endloop
  endfacet
  facet normal -0 0 1
    outer loop
      vertex -11.5566 1.45023 2
      vertex -10.5369 -0.770448 2
      vertex -11.262 1.45023 2
    endloop
  endfacet
  facet normal 0 0 1
    outer loop
      vertex -11.6473 1.47291 2
      vertex -10.5369 -0.770448 2
      vertex -11.5566 1.45023 2
    endloop
  endfacet
  facet normal -0 0 1
    outer loop
      vertex -14 0 2
      vertex -10.5369 -0.770448 2
      vertex -11.6473 1.47291 2
    endloop
  endfacet
  facet normal 0 0 1
    outer loop
      vertex -11.1261 -2.1527 2
      vertex -11.1714 -2.31132 2
      vertex -11.1261 -2.22068 2
    endloop
  endfacet
  facet normal 0 0 1
    outer loop
      vertex -10.5369 -0.770448 2
      vertex -14 0 2
      vertex -10.8088 -1.31429 2
    endloop
  endfacet
  facet normal -0 -0 1
    outer loop
      vertex -13.9831 -0.686947 2
      vertex -10.8088 -1.31429 2
      vertex -14 0 2
    endloop
  endfacet
  facet normal -0 -0 1
    outer loop
      vertex -13.9326 -1.37224 2
      vertex -10.9901 -1.74482 2
      vertex -13.9831 -0.686947 2
    endloop
  endfacet
  facet normal 0 0 1
    outer loop
      vertex -10.9901 -1.74482 2
      vertex -13.9326 -1.37224 2
      vertex -11.1261 -2.1527 2
    endloop
  endfacet
  facet normal -0 -0 1
    outer loop
      vertex -13.8485 -2.05423 2
      vertex -11.1261 -2.1527 2
      vertex -13.9326 -1.37224 2
    endloop
  endfacet
  facet normal 0 0 1
    outer loop
      vertex -11.1261 -2.1527 2
      vertex -13.8485 -2.05423 2
      vertex -11.1714 -2.31132 2
    endloop
  endfacet
  facet normal 0 0 1
    outer loop
      vertex -11.33 -3.1271 2
      vertex -11.3527 -3.399 2
      vertex -11.33 -3.37635 2
    endloop
  endfacet
  facet normal 0 -0 1
    outer loop
      vertex -13.731 -2.73126 2
      vertex -11.1714 -2.31132 2
      vertex -13.8485 -2.05423 2
    endloop
  endfacet
  facet normal 0 0 1
    outer loop
      vertex -11.262 -2.69654 2
      vertex -11.33 -3.1271 2
      vertex -11.3074 -3.10442 2
    endloop
  endfacet
  facet normal 0 0 1
    outer loop
      vertex -11.1714 -2.31132 2
      vertex -13.731 -2.73126 2
      vertex -11.262 -2.69654 2
    endloop
  endfacet
  facet normal 0 0 1
    outer loop
      vertex -11.33 -3.9655 2
      vertex -11.3527 -3.94285 2
      vertex -11.33 -4.26009 2
    endloop
  endfacet
  facet normal 0 0 1
    outer loop
      vertex -10.6049 -6.70737 2
      vertex -10.7182 -6.50342 2
      vertex -10.6049 -6.7527 2
    endloop
  endfacet
  facet normal 0 0 1
    outer loop
      vertex 0.838431 9.4719 2
      vertex 0.815751 9.24529 2
      vertex 0.838431 9.22264 2
    endloop
  endfacet
  facet normal 0 0 1
    outer loop
      vertex 9.67585 0.113287 2
      vertex 6.82069 -0.929068 2
      vertex 6.84334 -1.08769 2
    endloop
  endfacet
  facet normal 0 0 1
    outer loop
      vertex 9.81179 0.430528 2
      vertex 6.7527 1.31429 2
      vertex 9.72115 0.249255 2
    endloop
  endfacet
  facet normal 0 0 1
    outer loop
      vertex 9.67585 0.113287 2
      vertex 6.77536 -0.543843 2
      vertex 6.82069 -0.929068 2
    endloop
  endfacet
  facet normal 0 0 1
    outer loop
      vertex 6.77536 1.56355 2
      vertex 6.79801 1.76747 2
      vertex 6.77536 1.74482 2
    endloop
  endfacet
  facet normal -0 0 1
    outer loop
      vertex 6.73002 0.974371 2
      vertex 9.72115 0.249255 2
      vertex 6.7527 1.31429 2
    endloop
  endfacet
  facet normal 0 0 1
    outer loop
      vertex 6.82069 -0.929068 2
      vertex 6.77536 -0.543843 2
      vertex 6.79801 -0.906387 2
    endloop
  endfacet
  facet normal 0 0 1
    outer loop
      vertex 6.7527 1.31429 2
      vertex 6.77536 1.56355 2
      vertex 6.7527 1.5409 2
    endloop
  endfacet
  facet normal 0 0 1
    outer loop
      vertex 9.72115 0.249255 2
      vertex 6.73002 0.974371 2
      vertex 9.67585 0.113287 2
    endloop
  endfacet
  facet normal 0 0 1
    outer loop
      vertex 9.67585 0.113287 2
      vertex 6.73002 0.0906353 2
      vertex 6.77536 -0.543843 2
    endloop
  endfacet
  facet normal 0 0 1
    outer loop
      vertex 6.73002 0.974371 2
      vertex 6.7527 1.31429 2
      vertex 6.73002 1.29161 2
    endloop
  endfacet
  facet normal 0 0 1
    outer loop
      vertex 9.67585 0.113287 2
      vertex 6.73002 0.974371 2
      vertex 6.73002 0.0906353 2
    endloop
  endfacet
  facet normal 0 0 1
    outer loop
      vertex 6.77536 -0.543843 2
      vertex 6.73002 0.0906353 2
      vertex 6.7527 -0.521192 2
    endloop
  endfacet
  facet normal -0 0 1
    outer loop
      vertex 6.70737 0.951719 2
      vertex 6.73002 0.0906353 2
      vertex 6.73002 0.974371 2
    endloop
  endfacet
  facet normal 0 0 1
    outer loop
      vertex 6.73002 0.0906353 2
      vertex 6.70737 0.951719 2
      vertex 6.70737 0.113287 2
    endloop
  endfacet
  facet normal -0 0 1
    outer loop
      vertex 6.7527 1.31429 2
      vertex 9.81179 0.430528 2
      vertex 6.77536 1.56355 2
    endloop
  endfacet
  facet normal 0 0 1
    outer loop
      vertex 9.67585 0.113287 2
      vertex 6.84334 -1.08769 2
      vertex 6.86599 -1.24631 2
    endloop
  endfacet
  facet normal 0 0 1
    outer loop
      vertex 6.86599 -1.24631 2
      vertex 6.84334 -1.08769 2
      vertex 6.84334 -1.22366 2
    endloop
  endfacet
  facet normal -0 0 1
    outer loop
      vertex 6.77536 1.56355 2
      vertex 9.81179 0.430528 2
      vertex 6.79801 1.76747 2
    endloop
  endfacet
  facet normal 0 0 1
    outer loop
      vertex 9.67585 0.113287 2
      vertex 6.86599 -1.24631 2
      vertex 6.91132 -1.5409 2
    endloop
  endfacet
  facet normal 0 0 1
    outer loop
      vertex 6.91132 -1.5409 2
      vertex 6.86599 -1.24631 2
      vertex 6.86599 -1.38228 2
    endloop
  endfacet
  facet normal 0 0 1
    outer loop
      vertex 6.79801 1.76747 2
      vertex 6.86599 2.28866 2
      vertex 6.84334 2.26601 2
    endloop
  endfacet
  facet normal 0 0 1
    outer loop
      vertex 9.67585 0.113287 2
      vertex 6.91132 -1.5409 2
      vertex 6.95663 -1.83546 2
    endloop
  endfacet
  facet normal 0 0 1
    outer loop
      vertex 6.95663 -1.83546 2
      vertex 6.91132 -1.5409 2
      vertex 6.91132 -1.67684 2
    endloop
  endfacet
  facet normal 0 0 1
    outer loop
      vertex 9.67585 0.113287 2
      vertex 6.97931 -1.97142 2
      vertex 7.00196 -2.10739 2
    endloop
  endfacet
  facet normal 0 0 1
    outer loop
      vertex 9.90245 0.543843 2
      vertex 6.79801 1.76747 2
      vertex 9.81179 0.430528 2
    endloop
  endfacet
  facet normal 0 0 1
    outer loop
      vertex 9.67585 0.113287 2
      vertex 6.95663 -1.83546 2
      vertex 6.97931 -1.97142 2
    endloop
  endfacet
  facet normal 0 0 1
    outer loop
      vertex 6.97931 -1.97142 2
      vertex 6.95663 -1.83546 2
      vertex 6.95663 -1.94877 2
    endloop
  endfacet
  facet normal 0 0 1
    outer loop
      vertex 9.67585 0.113287 2
      vertex 7.04726 -2.35665 2
      vertex 7.06994 -2.46994 2
    endloop
  endfacet
  facet normal -0 0 1
    outer loop
      vertex 6.79801 1.76747 2
      vertex 9.90245 0.543843 2
      vertex 6.86599 2.28866 2
    endloop
  endfacet
  facet normal 0 0 1
    outer loop
      vertex 9.67585 0.113287 2
      vertex 7.00196 -2.10739 2
      vertex 7.04726 -2.35665 2
    endloop
  endfacet
  facet normal 0 0 1
    outer loop
      vertex 7.04726 -2.35665 2
      vertex 7.00196 -2.10739 2
      vertex 7.00196 -2.22068 2
    endloop
  endfacet
  facet normal -0 0 1
    outer loop
      vertex 6.86599 2.28866 2
      vertex 9.90245 0.543843 2
      vertex 6.95663 2.80986 2
    endloop
  endfacet
  facet normal 0 0 1
    outer loop
      vertex 6.86599 2.28866 2
      vertex 6.95663 2.80986 2
      vertex 6.93398 2.78718 2
    endloop
  endfacet
  facet normal 0 0 1
    outer loop
      vertex 9.67585 0.113287 2
      vertex 7.06994 -2.46994 2
      vertex 7.0926 -2.6059 2
    endloop
  endfacet
  facet normal 0 0 1
    outer loop
      vertex 7.0926 -2.6059 2
      vertex 7.06994 -2.46994 2
      vertex 7.06994 -2.58325 2
    endloop
  endfacet
  facet normal 0 0 1
    outer loop
      vertex 7.06994 3.3537 2
      vertex 6.95663 2.80986 2
      vertex 10.197 0.747767 2
    endloop
  endfacet
  facet normal 0 0 1
    outer loop
      vertex 10.197 0.747767 2
      vertex 6.95663 2.80986 2
      vertex 9.90245 0.543843 2
    endloop
  endfacet
  facet normal 0 0 1
    outer loop
      vertex 9.67585 0.113287 2
      vertex 7.0926 -2.6059 2
      vertex 7.13793 -2.85516 2
    endloop
  endfacet
  facet normal 0 0 1
    outer loop
      vertex 7.13793 -2.85516 2
      vertex 7.0926 -2.6059 2
      vertex 7.0926 -2.71919 2
    endloop
  endfacet
  facet normal 0 0 1
    outer loop
      vertex 9.08667 -4.01083 2
      vertex 7.18323 -3.08176 2
      vertex 7.20588 -3.19508 2
    endloop
  endfacet
  facet normal 0 0 1
    outer loop
      vertex 9.67585 0.113287 2
      vertex 7.16058 -2.96848 2
      vertex 7.18323 -3.08176 2
    endloop
  endfacet
  facet normal 0 0 1
    outer loop
      vertex 6.95663 2.80986 2
      vertex 7.06994 3.3537 2
      vertex 7.02461 3.24038 2
    endloop
  endfacet
  facet normal 0 0 1
    outer loop
      vertex 9.67585 0.113287 2
      vertex 7.13793 -2.85516 2
      vertex 7.16058 -2.96848 2
    endloop
  endfacet
  facet normal 0 0 1
    outer loop
      vertex 7.16058 -2.96848 2
      vertex 7.13793 -2.85516 2
      vertex 7.13793 -2.9458 2
    endloop
  endfacet
  facet normal 0 0 1
    outer loop
      vertex 10.8221 8.88151 2
      vertex 8.08965 6.93398 2
      vertex 8.1576 6.82069 2
    endloop
  endfacet
  facet normal 0 0 1
    outer loop
      vertex 8.88151 10.8221 2
      vertex 7.97633 7.00196 2
      vertex 8.08965 6.93398 2
    endloop
  endfacet
  facet normal 0 0 1
    outer loop
      vertex 8.88151 10.8221 2
      vertex 7.8857 7.02461 2
      vertex 7.97633 7.00196 2
    endloop
  endfacet
  facet normal 0 0 1
    outer loop
      vertex 7.97633 7.00196 2
      vertex 7.8857 7.02461 2
      vertex 7.90835 7.00196 2
    endloop
  endfacet
  facet normal 0 0 1
    outer loop
      vertex 6.54875 7.11525 2
      vertex 8.33979 11.2449 2
      vertex 7.77798 11.6406 2
    endloop
  endfacet
  facet normal 0 0 1
    outer loop
      vertex 6.25416 7.13793 2
      vertex 7.77798 11.6406 2
      vertex 7.19744 12.0082 2
    endloop
  endfacet
  facet normal 0 0 1
    outer loop
      vertex 8.88151 10.8221 2
      vertex 7.16058 7.06994 2
      vertex 7.8857 7.02461 2
    endloop
  endfacet
  facet normal 0 0 1
    outer loop
      vertex 7.8857 7.02461 2
      vertex 7.16058 7.06994 2
      vertex 7.18323 7.04726 2
    endloop
  endfacet
  facet normal 0 0 1
    outer loop
      vertex 8.33979 11.2449 2
      vertex 6.82069 7.0926 2
      vertex 7.16058 7.06994 2
    endloop
  endfacet
  facet normal 0 0 1
    outer loop
      vertex 7.16058 7.06994 2
      vertex 6.82069 7.0926 2
      vertex 6.84334 7.06994 2
    endloop
  endfacet
  facet normal 0 0 1
    outer loop
      vertex 5.43841 7.20588 2
      vertex 7.19744 12.0082 2
      vertex 6.59955 12.3469 2
    endloop
  endfacet
  facet normal 0 0 1
    outer loop
      vertex 8.33979 11.2449 2
      vertex 6.54875 7.11525 2
      vertex 6.82069 7.0926 2
    endloop
  endfacet
  facet normal 0 0 1
    outer loop
      vertex 6.82069 7.0926 2
      vertex 6.54875 7.11525 2
      vertex 6.5714 7.0926 2
    endloop
  endfacet
  facet normal 0 0 1
    outer loop
      vertex 7.77798 11.6406 2
      vertex 6.25416 7.13793 2
      vertex 6.54875 7.11525 2
    endloop
  endfacet
  facet normal 0 0 1
    outer loop
      vertex 6.54875 7.11525 2
      vertex 6.25416 7.13793 2
      vertex 6.27684 7.11525 2
    endloop
  endfacet
  facet normal 0 0 1
    outer loop
      vertex 5.18916 7.22856 2
      vertex 6.59955 12.3469 2
      vertex 5.98577 12.6558 2
    endloop
  endfacet
  facet normal 0 0 1
    outer loop
      vertex 7.19744 12.0082 2
      vertex 5.43841 7.20588 2
      vertex 6.25416 7.13793 2
    endloop
  endfacet
  facet normal 0 0 1
    outer loop
      vertex 6.25416 7.13793 2
      vertex 5.43841 7.20588 2
      vertex 5.46106 7.18323 2
    endloop
  endfacet
  facet normal 0 0 1
    outer loop
      vertex 4.16945 7.3192 2
      vertex 5.98577 12.6558 2
      vertex 5.35757 12.9343 2
    endloop
  endfacet
  facet normal 0 0 1
    outer loop
      vertex 6.59955 12.3469 2
      vertex 5.18916 7.22856 2
      vertex 5.43841 7.20588 2
    endloop
  endfacet
  facet normal 0 0 1
    outer loop
      vertex 5.43841 7.20588 2
      vertex 5.18916 7.22856 2
      vertex 5.21181 7.20588 2
    endloop
  endfacet
  facet normal 0 0 1
    outer loop
      vertex 3.67094 7.3645 2
      vertex 5.35757 12.9343 2
      vertex 4.71646 13.1816 2
    endloop
  endfacet
  facet normal 0 0 1
    outer loop
      vertex 5.98577 12.6558 2
      vertex 4.41871 7.29655 2
      vertex 5.18916 7.22856 2
    endloop
  endfacet
  facet normal 0 0 1
    outer loop
      vertex 5.18916 7.22856 2
      vertex 4.41871 7.29655 2
      vertex 4.44136 7.27387 2
    endloop
  endfacet
  facet normal 0 0 1
    outer loop
      vertex 5.98577 12.6558 2
      vertex 4.16945 7.3192 2
      vertex 4.41871 7.29655 2
    endloop
  endfacet
  facet normal 0 0 1
    outer loop
      vertex 4.41871 7.29655 2
      vertex 4.16945 7.3192 2
      vertex 4.1921 7.29655 2
    endloop
  endfacet
  facet normal 0 0 1
    outer loop
      vertex 0.951719 9.97041 2
      vertex 4.71646 13.1816 2
      vertex 4.06398 13.3972 2
    endloop
  endfacet
  facet normal 0 0 1
    outer loop
      vertex 5.35757 12.9343 2
      vertex 3.9202 7.34185 2
      vertex 4.16945 7.3192 2
    endloop
  endfacet
  facet normal 0 0 1
    outer loop
      vertex 4.16945 7.3192 2
      vertex 3.9202 7.34185 2
      vertex 3.94285 7.3192 2
    endloop
  endfacet
  facet normal 0 0 1
    outer loop
      vertex 5.35757 12.9343 2
      vertex 3.67094 7.3645 2
      vertex 3.9202 7.34185 2
    endloop
  endfacet
  facet normal 0 0 1
    outer loop
      vertex 3.9202 7.34185 2
      vertex 3.67094 7.3645 2
      vertex 3.69359 7.34185 2
    endloop
  endfacet
  facet normal 0 0 1
    outer loop
      vertex 4.71646 13.1816 2
      vertex 0.951719 9.97041 2
      vertex 3.67094 7.3645 2
    endloop
  endfacet
  facet normal 0 0 1
    outer loop
      vertex 3.67094 7.3645 2
      vertex 3.44433 7.38718 2
      vertex 3.46699 7.3645 2
    endloop
  endfacet
  facet normal 0 0 1
    outer loop
      vertex 0.906387 10.0837 2
      vertex 4.06398 13.3972 2
      vertex 3.40172 13.5804 2
    endloop
  endfacet
  facet normal 0 0 1
    outer loop
      vertex 3.67094 7.3645 2
      vertex 0.951719 9.97041 2
      vertex 3.44433 7.38718 2
    endloop
  endfacet
  facet normal 0 0 1
    outer loop
      vertex 3.44433 7.38718 2
      vertex 3.1724 7.40984 2
      vertex 3.19508 7.38718 2
    endloop
  endfacet
  facet normal 0 0 1
    outer loop
      vertex 3.44433 7.38718 2
      vertex 0.951719 9.97041 2
      vertex 3.1724 7.40984 2
    endloop
  endfacet
  facet normal 0 0 1
    outer loop
      vertex 3.1724 7.40984 2
      vertex 2.9458 7.43249 2
      vertex 2.96848 7.40984 2
    endloop
  endfacet
  facet normal -0 0 1
    outer loop
      vertex 0.951719 9.74383 2
      vertex 3.1724 7.40984 2
      vertex 0.951719 9.97041 2
    endloop
  endfacet
  facet normal 0 0 1
    outer loop
      vertex 0.906387 10.0837 2
      vertex 3.40172 13.5804 2
      vertex 2.73126 13.731 2
    endloop
  endfacet
  facet normal 0 0 1
    outer loop
      vertex 2.9458 7.43249 2
      vertex 2.71919 7.45517 2
      vertex 2.74187 7.43249 2
    endloop
  endfacet
  facet normal 0 0 1
    outer loop
      vertex 0.747767 10.265 2
      vertex 2.73126 13.731 2
      vertex 2.05423 13.8485 2
    endloop
  endfacet
  facet normal 0 0 1
    outer loop
      vertex 3.1724 7.40984 2
      vertex 0.951719 9.74383 2
      vertex 2.9458 7.43249 2
    endloop
  endfacet
  facet normal 0 0 1
    outer loop
      vertex 2.9458 7.43249 2
      vertex 0.951719 9.74383 2
      vertex 2.71919 7.45517 2
    endloop
  endfacet
  facet normal -0 0 1
    outer loop
      vertex 0.861083 8.92805 2
      vertex 2.71919 7.45517 2
      vertex 0.951719 9.74383 2
    endloop
  endfacet
  facet normal 0 0 1
    outer loop
      vertex 2.71919 7.45517 2
      vertex 1.8128 7.5458 2
      vertex 1.83545 7.52312 2
    endloop
  endfacet
  facet normal 0 0 1
    outer loop
      vertex 2.71919 7.45517 2
      vertex 0.861083 8.92805 2
      vertex 1.8128 7.5458 2
    endloop
  endfacet
  facet normal 0 0 1
    outer loop
      vertex 1.8128 7.5458 2
      vertex 1.60885 7.56845 2
      vertex 1.63153 7.5458 2
    endloop
  endfacet
  facet normal 0 0 1
    outer loop
      vertex 0.589148 10.3556 2
      vertex 2.05423 13.8485 2
      vertex 1.37224 13.9326 2
    endloop
  endfacet
  facet normal 0 0 1
    outer loop
      vertex 1.8128 7.5458 2
      vertex 0.861083 8.92805 2
      vertex 1.60885 7.56845 2
    endloop
  endfacet
  facet normal -0 -0 1
    outer loop
      vertex 1.40493 7.59111 2
      vertex 1.60885 7.56845 2
      vertex 0.861083 8.92805 2
    endloop
  endfacet
  facet normal 0 0 1
    outer loop
      vertex 1.60885 7.56845 2
      vertex 1.40493 7.59111 2
      vertex 1.42758 7.56845 2
    endloop
  endfacet
  facet normal -0 -0 1
    outer loop
      vertex 1.22366 7.61379 2
      vertex 1.40493 7.59111 2
      vertex 0.861083 8.92805 2
    endloop
  endfacet
  facet normal 0 0 1
    outer loop
      vertex 4.06398 13.3972 2
      vertex 0.906387 10.0837 2
      vertex 0.951719 9.97041 2
    endloop
  endfacet
  facet normal 0 0 1
    outer loop
      vertex 2.73126 13.731 2
      vertex 0.747767 10.265 2
      vertex 0.906387 10.0837 2
    endloop
  endfacet
  facet normal 0 0 1
    outer loop
      vertex 0.430528 10.401 2
      vertex 1.37224 13.9326 2
      vertex 0.686947 13.9831 2
    endloop
  endfacet
  facet normal 0 0 1
    outer loop
      vertex 2.05423 13.8485 2
      vertex 0.589148 10.3556 2
      vertex 0.747767 10.265 2
    endloop
  endfacet
  facet normal 0 0 1
    outer loop
      vertex 1.37224 13.9326 2
      vertex 0.430528 10.401 2
      vertex 0.589148 10.3556 2
    endloop
  endfacet
  facet normal 0 0 1
    outer loop
      vertex 0 14 2
      vertex 0.430528 10.401 2
      vertex 0.686947 13.9831 2
    endloop
  endfacet
  facet normal 0 0 1
    outer loop
      vertex 0.430528 10.401 2
      vertex 0 14 2
      vertex 0.158619 10.3783 2
    endloop
  endfacet
  facet normal -0 0 1
    outer loop
      vertex -0.686947 13.9831 2
      vertex 0.158619 10.3783 2
      vertex 0 14 2
    endloop
  endfacet
  facet normal 0 0 1
    outer loop
      vertex 0.158619 10.3783 2
      vertex -0.686947 13.9831 2
      vertex -0.181272 10.2423 2
    endloop
  endfacet
  facet normal -0 0 1
    outer loop
      vertex -1.37224 13.9326 2
      vertex -0.181272 10.2423 2
      vertex -0.686947 13.9831 2
    endloop
  endfacet
  facet normal 0 0 1
    outer loop
      vertex -2.49262 8.02166 2
      vertex -0.430528 9.74383 2
      vertex -0.430528 9.94775 2
    endloop
  endfacet
  facet normal 0 0 1
    outer loop
      vertex -0.430528 9.74383 2
      vertex -0.63448 7.84036 2
      vertex -0.611828 7.81771 2
    endloop
  endfacet
  facet normal -0 0 1
    outer loop
      vertex -2.05423 13.8485 2
      vertex -0.181272 10.2423 2
      vertex -1.37224 13.9326 2
    endloop
  endfacet
  facet normal 0 0 1
    outer loop
      vertex -0.181272 10.2423 2
      vertex -2.05423 13.8485 2
      vertex -0.362572 10.0837 2
    endloop
  endfacet
  facet normal 0 0 1
    outer loop
      vertex -0.430528 9.74383 2
      vertex -0.883736 7.86304 2
      vertex -0.63448 7.84036 2
    endloop
  endfacet
  facet normal 0 0 1
    outer loop
      vertex -0.63448 7.84036 2
      vertex -0.883736 7.86304 2
      vertex -0.861084 7.84036 2
    endloop
  endfacet
  facet normal 0 0 1
    outer loop
      vertex -0.430528 9.74383 2
      vertex -1.15567 7.8857 2
      vertex -0.883736 7.86304 2
    endloop
  endfacet
  facet normal 0 0 1
    outer loop
      vertex -0.883736 7.86304 2
      vertex -1.15567 7.8857 2
      vertex -1.13299 7.86304 2
    endloop
  endfacet
  facet normal -0 0 1
    outer loop
      vertex -2.73126 13.731 2
      vertex -0.362572 10.0837 2
      vertex -2.05423 13.8485 2
    endloop
  endfacet
  facet normal 0 0 1
    outer loop
      vertex -0.430528 9.74383 2
      vertex -1.38228 7.90835 2
      vertex -1.15567 7.8857 2
    endloop
  endfacet
  facet normal 0 0 1
    outer loop
      vertex -1.15567 7.8857 2
      vertex -1.38228 7.90835 2
      vertex -1.3596 7.8857 2
    endloop
  endfacet
  facet normal 0 0 1
    outer loop
      vertex -0.430528 9.74383 2
      vertex -1.60885 7.93103 2
      vertex -1.38228 7.90835 2
    endloop
  endfacet
  facet normal 0 0 1
    outer loop
      vertex -1.38228 7.90835 2
      vertex -1.60885 7.93103 2
      vertex -1.5862 7.90835 2
    endloop
  endfacet
  facet normal -0 0 1
    outer loop
      vertex -3.40172 13.5804 2
      vertex -0.362572 10.0837 2
      vertex -2.73126 13.731 2
    endloop
  endfacet
  facet normal 0 0 1
    outer loop
      vertex -1.60885 7.93103 2
      vertex -1.83546 7.95368 2
      vertex -1.8128 7.93103 2
    endloop
  endfacet
  facet normal 0 0 1
    outer loop
      vertex -0.430528 9.74383 2
      vertex -1.83546 7.95368 2
      vertex -1.60885 7.93103 2
    endloop
  endfacet
  facet normal 0 0 1
    outer loop
      vertex -1.83546 7.95368 2
      vertex -2.03941 7.97633 2
      vertex -2.01676 7.95368 2
    endloop
  endfacet
  facet normal 0 0 1
    outer loop
      vertex -0.430528 9.74383 2
      vertex -2.03941 7.97633 2
      vertex -1.83546 7.95368 2
    endloop
  endfacet
  facet normal 0 0 1
    outer loop
      vertex -0.430528 9.74383 2
      vertex -2.26601 7.99898 2
      vertex -2.03941 7.97633 2
    endloop
  endfacet
  facet normal 0 0 1
    outer loop
      vertex -2.03941 7.97633 2
      vertex -2.26601 7.99898 2
      vertex -2.24333 7.97633 2
    endloop
  endfacet
  facet normal 0 0 1
    outer loop
      vertex -0.362572 10.0837 2
      vertex -3.40172 13.5804 2
      vertex -0.430528 9.94775 2
    endloop
  endfacet
  facet normal 0 0 1
    outer loop
      vertex -2.26601 7.99898 2
      vertex -2.49262 8.02166 2
      vertex -2.46994 7.99898 2
    endloop
  endfacet
  facet normal 0 0 1
    outer loop
      vertex -0.430528 9.74383 2
      vertex -2.49262 8.02166 2
      vertex -2.26601 7.99898 2
    endloop
  endfacet
  facet normal 0 0 1
    outer loop
      vertex -2.49262 8.02166 2
      vertex -2.69654 8.04432 2
      vertex -2.67389 8.02166 2
    endloop
  endfacet
  facet normal 0 0 1
    outer loop
      vertex -0.430528 9.94775 2
      vertex -2.69654 8.04432 2
      vertex -2.49262 8.02166 2
    endloop
  endfacet
  facet normal -0 0 1
    outer loop
      vertex -4.06398 13.3972 2
      vertex -0.430528 9.94775 2
      vertex -3.40172 13.5804 2
    endloop
  endfacet
  facet normal 0 0 1
    outer loop
      vertex -2.69654 8.04432 2
      vertex -2.90049 8.06697 2
      vertex -2.87784 8.04432 2
    endloop
  endfacet
  facet normal 0 0 1
    outer loop
      vertex -0.430528 9.94775 2
      vertex -2.90049 8.06697 2
      vertex -2.69654 8.04432 2
    endloop
  endfacet
  facet normal 0 0 1
    outer loop
      vertex -2.90049 8.06697 2
      vertex -3.1271 8.08965 2
      vertex -3.10442 8.06697 2
    endloop
  endfacet
  facet normal 0 0 1
    outer loop
      vertex -0.430528 9.94775 2
      vertex -3.1271 8.08965 2
      vertex -2.90049 8.06697 2
    endloop
  endfacet
  facet normal 0 0 1
    outer loop
      vertex -0.430528 9.94775 2
      vertex -4.06398 13.3972 2
      vertex -3.1271 8.08965 2
    endloop
  endfacet
  facet normal 0 0 1
    outer loop
      vertex -3.1271 8.08965 2
      vertex -3.94285 8.18028 2
      vertex -3.9202 8.1576 2
    endloop
  endfacet
  facet normal 0 0 1
    outer loop
      vertex -3.1271 8.08965 2
      vertex -4.06398 13.3972 2
      vertex -3.94285 8.18028 2
    endloop
  endfacet
  facet normal -0 0 1
    outer loop
      vertex -4.71646 13.1816 2
      vertex -3.94285 8.18028 2
      vertex -4.06398 13.3972 2
    endloop
  endfacet
  facet normal 0 0 1
    outer loop
      vertex -3.94285 8.18028 2
      vertex -4.12412 8.20294 2
      vertex -4.10147 8.18028 2
    endloop
  endfacet
  facet normal 0 0 1
    outer loop
      vertex -3.94285 8.18028 2
      vertex -4.71646 13.1816 2
      vertex -4.12412 8.20294 2
    endloop
  endfacet
  facet normal 0 0 1
    outer loop
      vertex -4.12412 8.20294 2
      vertex -4.32807 8.22559 2
      vertex -4.30542 8.20294 2
    endloop
  endfacet
  facet normal 0 0 1
    outer loop
      vertex -4.12412 8.20294 2
      vertex -4.71646 13.1816 2
      vertex -4.32807 8.22559 2
    endloop
  endfacet
  facet normal 0 0 1
    outer loop
      vertex -4.32807 8.22559 2
      vertex -4.50934 8.24827 2
      vertex -4.48669 8.22559 2
    endloop
  endfacet
  facet normal 0 0 1
    outer loop
      vertex -4.32807 8.22559 2
      vertex -4.71646 13.1816 2
      vertex -4.50934 8.24827 2
    endloop
  endfacet
  facet normal -0 0 1
    outer loop
      vertex -5.35757 12.9343 2
      vertex -4.50934 8.24827 2
      vertex -4.71646 13.1816 2
    endloop
  endfacet
  facet normal 0 0 1
    outer loop
      vertex -4.50934 8.24827 2
      vertex -5.07584 8.31622 2
      vertex -5.05319 8.29357 2
    endloop
  endfacet
  facet normal 0 0 1
    outer loop
      vertex -4.50934 8.24827 2
      vertex -5.35757 12.9343 2
      vertex -5.07584 8.31622 2
    endloop
  endfacet
  facet normal -0 0 1
    outer loop
      vertex -5.98577 12.6558 2
      vertex -5.07584 8.31622 2
      vertex -5.35757 12.9343 2
    endloop
  endfacet
  facet normal 0 0 1
    outer loop
      vertex -5.07584 8.31622 2
      vertex -5.5517 8.38421 2
      vertex -5.52905 8.36156 2
    endloop
  endfacet
  facet normal 0 0 1
    outer loop
      vertex -5.07584 8.31622 2
      vertex -5.98577 12.6558 2
      vertex -5.5517 8.38421 2
    endloop
  endfacet
  facet normal 0 0 1
    outer loop
      vertex -5.5517 8.38421 2
      vertex -5.98226 8.45219 2
      vertex -5.9596 8.42954 2
    endloop
  endfacet
  facet normal -0 0 1
    outer loop
      vertex -6.59955 12.3469 2
      vertex -5.5517 8.38421 2
      vertex -5.98577 12.6558 2
    endloop
  endfacet
  facet normal 0 0 1
    outer loop
      vertex -5.5517 8.38421 2
      vertex -6.59955 12.3469 2
      vertex -5.98226 8.45219 2
    endloop
  endfacet
  facet normal -0 0 1
    outer loop
      vertex -7.19744 12.0082 2
      vertex -5.98226 8.45219 2
      vertex -6.59955 12.3469 2
    endloop
  endfacet
  facet normal 0 0 1
    outer loop
      vertex -5.98226 8.45219 2
      vertex -7.19744 12.0082 2
      vertex -6.11822 8.45219 2
    endloop
  endfacet
  facet normal -0 0 1
    outer loop
      vertex -7.77798 11.6406 2
      vertex -6.11822 8.45219 2
      vertex -7.19744 12.0082 2
    endloop
  endfacet
  facet normal 0 0 1
    outer loop
      vertex 11.7832 -0.271908 2
      vertex 14 0 2
      vertex 13.9831 0.686947 2
    endloop
  endfacet
  facet normal 0 0 1
    outer loop
      vertex 11.5793 0.135967 2
      vertex 13.9831 0.686947 2
      vertex 13.9326 1.37224 2
    endloop
  endfacet
  facet normal 0 -0 1
    outer loop
      vertex 11.9418 -0.747767 2
      vertex 14 0 2
      vertex 11.7832 -0.271908 2
    endloop
  endfacet
  facet normal 0 0 1
    outer loop
      vertex 11.4433 0.339891 2
      vertex 13.9326 1.37224 2
      vertex 13.8485 2.05423 2
    endloop
  endfacet
  facet normal 0 0 1
    outer loop
      vertex 14 0 2
      vertex 11.9418 -0.747767 2
      vertex 13.9831 -0.686947 2
    endloop
  endfacet
  facet normal 0 0 1
    outer loop
      vertex 11.1941 0.589148 2
      vertex 13.8485 2.05423 2
      vertex 13.731 2.73126 2
    endloop
  endfacet
  facet normal 0 -0 1
    outer loop
      vertex 12.0325 -1.15567 2
      vertex 13.9831 -0.686947 2
      vertex 11.9418 -0.747767 2
    endloop
  endfacet
  facet normal 0 0 1
    outer loop
      vertex 10.9675 0.725115 2
      vertex 13.731 2.73126 2
      vertex 13.5804 3.40172 2
    endloop
  endfacet
  facet normal -0 -0 1
    outer loop
      vertex 12.0551 -1.26896 2
      vertex 13.9326 -1.37224 2
      vertex 12.0325 -1.15567 2
    endloop
  endfacet
  facet normal 0 0 1
    outer loop
      vertex 10.7635 0.793099 2
      vertex 13.5804 3.40172 2
      vertex 13.3972 4.06398 2
    endloop
  endfacet
  facet normal 0 -0 1
    outer loop
      vertex 12.1005 -1.60885 2
      vertex 13.9326 -1.37224 2
      vertex 12.0551 -1.26896 2
    endloop
  endfacet
  facet normal 0 0 1
    outer loop
      vertex 10.6276 0.815751 2
      vertex 13.3972 4.06398 2
      vertex 13.1816 4.71646 2
    endloop
  endfacet
  facet normal -0 -0 1
    outer loop
      vertex 12.1231 -1.90344 2
      vertex 13.8485 -2.05423 2
      vertex 12.1005 -1.60885 2
    endloop
  endfacet
  facet normal -0 0 1
    outer loop
      vertex 7.47782 4.89457 2
      vertex 13.1816 4.71646 2
      vertex 12.9343 5.35757 2
    endloop
  endfacet
  facet normal -0 0 1
    outer loop
      vertex 12.1231 -2.58325 2
      vertex 13.731 -2.73126 2
      vertex 12.1231 -1.90344 2
    endloop
  endfacet
  facet normal -0 0 1
    outer loop
      vertex 7.74973 5.733 2
      vertex 12.9343 5.35757 2
      vertex 12.6558 5.98577 2
    endloop
  endfacet
  facet normal 0 0 1
    outer loop
      vertex 13.731 -2.73126 2
      vertex 12.1005 -2.92314 2
      vertex 13.5804 -3.40172 2
    endloop
  endfacet
  facet normal 0 0 1
    outer loop
      vertex 8.1576 6.61674 2
      vertex 12.6558 5.98577 2
      vertex 12.3469 6.59955 2
    endloop
  endfacet
  facet normal -0 0 1
    outer loop
      vertex 12.0551 -3.30837 2
      vertex 13.5804 -3.40172 2
      vertex 12.0778 -3.14975 2
    endloop
  endfacet
  facet normal 0 0 1
    outer loop
      vertex 12.0325 -3.48964 2
      vertex 13.5804 -3.40172 2
      vertex 12.0551 -3.30837 2
    endloop
  endfacet
  facet normal -0 0 1
    outer loop
      vertex 12.0778 -3.14975 2
      vertex 13.5804 -3.40172 2
      vertex 12.1005 -2.92314 2
    endloop
  endfacet
  facet normal 0 0 1
    outer loop
      vertex 12.1005 -2.92314 2
      vertex 13.731 -2.73126 2
      vertex 12.1231 -2.58325 2
    endloop
  endfacet
  facet normal 0 0 1
    outer loop
      vertex 12.1005 -1.60885 2
      vertex 12.0551 -1.26896 2
      vertex 12.0778 -1.5862 2
    endloop
  endfacet
  facet normal 0 0 1
    outer loop
      vertex 13.8485 -2.05423 2
      vertex 12.1231 -1.90344 2
      vertex 13.731 -2.73126 2
    endloop
  endfacet
  facet normal 0 0 1
    outer loop
      vertex 13.9326 -1.37224 2
      vertex 12.1005 -1.60885 2
      vertex 13.8485 -2.05423 2
    endloop
  endfacet
  facet normal -0 0 1
    outer loop
      vertex 8.1576 6.61674 2
      vertex 12.3469 6.59955 2
      vertex 12.0082 7.19744 2
    endloop
  endfacet
  facet normal 0 0 1
    outer loop
      vertex 12.0325 -1.15567 2
      vertex 11.9418 -0.747767 2
      vertex 12.0098 -1.13299 2
    endloop
  endfacet
  facet normal 0 0 1
    outer loop
      vertex 13.9831 -0.686947 2
      vertex 12.0325 -1.15567 2
      vertex 13.9326 -1.37224 2
    endloop
  endfacet
  facet normal 0 0 1
    outer loop
      vertex 8.1576 6.61674 2
      vertex 12.0082 7.19744 2
      vertex 11.6406 7.77798 2
    endloop
  endfacet
  facet normal 0 0 1
    outer loop
      vertex 13.9831 0.686947 2
      vertex 11.5793 0.135967 2
      vertex 11.7832 -0.271908 2
    endloop
  endfacet
  facet normal 0 0 1
    outer loop
      vertex 13.9326 1.37224 2
      vertex 11.4433 0.339891 2
      vertex 11.5793 0.135967 2
    endloop
  endfacet
  facet normal 0 0 1
    outer loop
      vertex 8.1576 6.82069 2
      vertex 11.6406 7.77798 2
      vertex 11.2449 8.33979 2
    endloop
  endfacet
  facet normal 0 0 1
    outer loop
      vertex 13.8485 2.05423 2
      vertex 11.1941 0.589148 2
      vertex 11.4433 0.339891 2
    endloop
  endfacet
  facet normal 0 0 1
    outer loop
      vertex 13.731 2.73126 2
      vertex 10.9675 0.725115 2
      vertex 11.1941 0.589148 2
    endloop
  endfacet
  facet normal 0 0 1
    outer loop
      vertex 8.1576 6.82069 2
      vertex 11.2449 8.33979 2
      vertex 10.8221 8.88151 2
    endloop
  endfacet
  facet normal 0 0 1
    outer loop
      vertex 13.5804 3.40172 2
      vertex 10.7635 0.793099 2
      vertex 10.9675 0.725115 2
    endloop
  endfacet
  facet normal 0 0 1
    outer loop
      vertex 12.6558 5.98577 2
      vertex 8.1576 6.61674 2
      vertex 7.74973 5.733 2
    endloop
  endfacet
  facet normal 0 0 1
    outer loop
      vertex 10.7635 0.793099 2
      vertex 10.6276 0.815751 2
      vertex 10.6502 0.793099 2
    endloop
  endfacet
  facet normal 0 0 1
    outer loop
      vertex 12.9343 5.35757 2
      vertex 7.74973 5.733 2
      vertex 7.47782 4.89457 2
    endloop
  endfacet
  facet normal 0 0 1
    outer loop
      vertex 13.3972 4.06398 2
      vertex 10.6276 0.815751 2
      vertex 10.7635 0.793099 2
    endloop
  endfacet
  facet normal 0 0 1
    outer loop
      vertex 8.08965 6.93398 2
      vertex 10.8221 8.88151 2
      vertex 10.3733 9.40182 2
    endloop
  endfacet
  facet normal 0 0 1
    outer loop
      vertex 13.1816 4.71646 2
      vertex 7.47782 4.89457 2
      vertex 7.40984 4.66796 2
    endloop
  endfacet
  facet normal 0 0 1
    outer loop
      vertex 13.1816 4.71646 2
      vertex 10.4689 0.815751 2
      vertex 10.6276 0.815751 2
    endloop
  endfacet
  facet normal 0 0 1
    outer loop
      vertex 13.1816 4.71646 2
      vertex 7.40984 4.66796 2
      vertex 10.4689 0.815751 2
    endloop
  endfacet
  facet normal 0 0 1
    outer loop
      vertex 8.08965 6.93398 2
      vertex 10.3733 9.40182 2
      vertex 9.89949 9.89949 2
    endloop
  endfacet
  facet normal 0 0 1
    outer loop
      vertex 10.4689 0.815751 2
      vertex 10.3556 0.793099 2
      vertex 10.4463 0.793099 2
    endloop
  endfacet
  facet normal -0 0 1
    outer loop
      vertex 7.3192 4.35072 2
      vertex 10.4689 0.815751 2
      vertex 7.40984 4.66796 2
    endloop
  endfacet
  facet normal -0 0 1
    outer loop
      vertex 7.27387 4.1921 2
      vertex 10.4689 0.815751 2
      vertex 7.3192 4.35072 2
    endloop
  endfacet
  facet normal 0 0 1
    outer loop
      vertex 10.4689 0.815751 2
      vertex 7.27387 4.1921 2
      vertex 10.3556 0.793099 2
    endloop
  endfacet
  facet normal -0 0 1
    outer loop
      vertex 7.13793 3.67094 2
      vertex 10.3556 0.793099 2
      vertex 7.27387 4.1921 2
    endloop
  endfacet
  facet normal 0 0 1
    outer loop
      vertex 8.08965 6.93398 2
      vertex 9.89949 9.89949 2
      vertex 9.40182 10.3733 2
    endloop
  endfacet
  facet normal 0 0 1
    outer loop
      vertex 7.13793 3.67094 2
      vertex 7.27387 4.1921 2
      vertex 7.22856 4.10147 2
    endloop
  endfacet
  facet normal 0 0 1
    outer loop
      vertex 8.08965 6.93398 2
      vertex 9.40182 10.3733 2
      vertex 8.88151 10.8221 2
    endloop
  endfacet
  facet normal -0 0 1
    outer loop
      vertex 7.11525 3.55762 2
      vertex 10.197 0.747767 2
      vertex 7.13793 3.67094 2
    endloop
  endfacet
  facet normal 0 0 1
    outer loop
      vertex 7.11525 3.55762 2
      vertex 7.13793 3.67094 2
      vertex 7.11525 3.64826 2
    endloop
  endfacet
  facet normal 0 0 1
    outer loop
      vertex 7.16058 7.06994 2
      vertex 8.88151 10.8221 2
      vertex 8.33979 11.2449 2
    endloop
  endfacet
  facet normal 0 0 1
    outer loop
      vertex 11.6406 7.77798 2
      vertex 8.1576 6.82069 2
      vertex 8.1576 6.61674 2
    endloop
  endfacet
  facet normal 0 0 1
    outer loop
      vertex 7.06994 3.3537 2
      vertex 7.11525 3.55762 2
      vertex 7.06994 3.44433 2
    endloop
  endfacet
  facet normal 0 0 1
    outer loop
      vertex 7.11525 3.55762 2
      vertex 7.06994 3.3537 2
      vertex 10.197 0.747767 2
    endloop
  endfacet
  facet normal 0 0 1
    outer loop
      vertex 7.74973 5.733 2
      vertex 8.1576 6.61674 2
      vertex 7.8857 6.14087 2
    endloop
  endfacet
  facet normal 0 0 1
    outer loop
      vertex 10.3556 0.793099 2
      vertex 7.13793 3.67094 2
      vertex 10.197 0.747767 2
    endloop
  endfacet
  facet normal 0 0 1
    outer loop
      vertex 7.52312 5.12117 2
      vertex 7.74973 5.733 2
      vertex 7.70442 5.66502 2
    endloop
  endfacet
  facet normal 0 0 1
    outer loop
      vertex 7.74973 5.733 2
      vertex 7.52312 5.12117 2
      vertex 7.47782 4.89457 2
    endloop
  endfacet
  facet normal 0 0 1
    outer loop
      vertex 7.18323 -3.08176 2
      vertex 9.65317 -0.181272 2
      vertex 9.67585 0.113287 2
    endloop
  endfacet
  facet normal 0 0 1
    outer loop
      vertex 9.78914 -3.46699 2
      vertex 7.18323 -3.08176 2
      vertex 9.4719 -3.7389 2
    endloop
  endfacet
  facet normal 0 0 1
    outer loop
      vertex 7.40984 4.66796 2
      vertex 7.47782 4.89457 2
      vertex 7.40984 4.73595 2
    endloop
  endfacet
  facet normal 0 0 1
    outer loop
      vertex 7.18323 -3.08176 2
      vertex 9.08667 -4.01083 2
      vertex 9.4719 -3.7389 2
    endloop
  endfacet
  facet normal 0 0 1
    outer loop
      vertex 8.49752 -4.30542 2
      vertex 7.18323 -3.399 2
      vertex 8.04432 -4.50934 2
    endloop
  endfacet
  facet normal 0 0 1
    outer loop
      vertex 7.3192 4.35072 2
      vertex 7.40984 4.66796 2
      vertex 7.34185 4.50934 2
    endloop
  endfacet
  facet normal 0 -0 1
    outer loop
      vertex 8.49752 -4.30542 2
      vertex 9.08667 -4.01083 2
      vertex 7.20588 -3.19508 2
    endloop
  endfacet
  facet normal 0 0 1
    outer loop
      vertex 7.27387 4.1921 2
      vertex 7.3192 4.35072 2
      vertex 7.27387 4.26009 2
    endloop
  endfacet
  facet normal 0 0 1
    outer loop
      vertex 9.08667 -4.01083 2
      vertex 8.49752 -4.30542 2
      vertex 8.54283 -4.30542 2
    endloop
  endfacet
  facet normal -0 0 1
    outer loop
      vertex 7.18323 -3.399 2
      vertex 8.49752 -4.30542 2
      vertex 7.20588 -3.19508 2
    endloop
  endfacet
  facet normal -0 0 1
    outer loop
      vertex 7.04726 -3.51232 2
      vertex 8.04432 -4.50934 2
      vertex 7.18323 -3.399 2
    endloop
  endfacet
  facet normal 0 0 1
    outer loop
      vertex 8.04432 -4.50934 2
      vertex 7.04726 -3.51232 2
      vertex 7.45517 -4.7133 2
    endloop
  endfacet
  facet normal 0 0 1
    outer loop
      vertex 7.45517 -4.7133 2
      vertex 7.04726 -3.51232 2
      vertex 7.38718 -4.7133 2
    endloop
  endfacet
  facet normal 0 0 1
    outer loop
      vertex 7.04726 -3.51232 2
      vertex 7.00196 -4.84926 2
      vertex 7.38718 -4.7133 2
    endloop
  endfacet
  facet normal 0 0 1
    outer loop
      vertex 7.04726 -3.51232 2
      vertex 6.93398 -4.84926 2
      vertex 7.00196 -4.84926 2
    endloop
  endfacet
  facet normal -0 0 1
    outer loop
      vertex 6.88864 -3.51232 2
      vertex 6.93398 -4.84926 2
      vertex 7.04726 -3.51232 2
    endloop
  endfacet
  facet normal 0 0 1
    outer loop
      vertex 6.68472 -4.91722 2
      vertex 6.93398 -4.84926 2
      vertex 6.88864 -3.51232 2
    endloop
  endfacet
  facet normal 0 0 1
    outer loop
      vertex 6.68472 -4.91722 2
      vertex 6.88864 -3.51232 2
      vertex 6.7527 -3.46699 2
    endloop
  endfacet
  facet normal 0 0 1
    outer loop
      vertex 6.93398 -4.84926 2
      vertex 6.68472 -4.91722 2
      vertex 6.84334 -4.89457 2
    endloop
  endfacet
  facet normal 0 0 1
    outer loop
      vertex 6.5261 -4.96255 2
      vertex 6.68472 -4.91722 2
      vertex 6.7527 -3.46699 2
    endloop
  endfacet
  facet normal 0 0 1
    outer loop
      vertex 6.68472 -4.91722 2
      vertex 6.5261 -4.96255 2
      vertex 6.59408 -4.96255 2
    endloop
  endfacet
  facet normal 0 0 1
    outer loop
      vertex 6.05024 -5.07584 2
      vertex 6.7527 -3.46699 2
      vertex 6.18618 -3.1271 2
    endloop
  endfacet
  facet normal 0 0 1
    outer loop
      vertex 6.7527 -3.46699 2
      vertex 6.05024 -5.07584 2
      vertex 6.5261 -4.96255 2
    endloop
  endfacet
  facet normal 0 0 1
    outer loop
      vertex 6.5261 -4.96255 2
      vertex 6.05024 -5.07584 2
      vertex 6.14087 -5.07584 2
    endloop
  endfacet
  facet normal 0 0 1
    outer loop
      vertex 5.84629 -5.12117 2
      vertex 6.05024 -5.07584 2
      vertex 6.18618 -3.1271 2
    endloop
  endfacet
  facet normal 0 0 1
    outer loop
      vertex 6.05024 -5.07584 2
      vertex 5.84629 -5.12117 2
      vertex 5.93692 -5.12117 2
    endloop
  endfacet
  facet normal 0 0 1
    outer loop
      vertex 5.733 -5.14382 2
      vertex 5.84629 -5.12117 2
      vertex 6.18618 -3.1271 2
    endloop
  endfacet
  facet normal 0 0 1
    outer loop
      vertex 5.84629 -5.12117 2
      vertex 5.733 -5.14382 2
      vertex 5.82364 -5.14382 2
    endloop
  endfacet
  facet normal 0 0 1
    outer loop
      vertex 5.27979 -5.23446 2
      vertex 5.733 -5.14382 2
      vertex 6.18618 -3.1271 2
    endloop
  endfacet
  facet normal 0 0 1
    outer loop
      vertex 5.27979 -5.23446 2
      vertex 6.18618 -3.1271 2
      vertex 5.30244 -2.71919 2
    endloop
  endfacet
  facet normal 0 0 1
    outer loop
      vertex 5.733 -5.14382 2
      vertex 5.27979 -5.23446 2
      vertex 5.61968 -5.18916 2
    endloop
  endfacet
  facet normal 0 0 1
    outer loop
      vertex 5.18916 -2.69654 2
      vertex 5.27979 -5.23446 2
      vertex 5.30244 -2.71919 2
    endloop
  endfacet
  facet normal 0 0 1
    outer loop
      vertex 5.18916 -2.69654 2
      vertex 5.14382 -5.27979 2
      vertex 5.27979 -5.23446 2
    endloop
  endfacet
  facet normal 0 0 1
    outer loop
      vertex 4.59998 -5.34778 2
      vertex 5.18916 -2.69654 2
      vertex 4.89457 -2.56057 2
    endloop
  endfacet
  facet normal 0 0 1
    outer loop
      vertex 5.18916 -2.69654 2
      vertex 4.7586 -5.32512 2
      vertex 5.14382 -5.27979 2
    endloop
  endfacet
  facet normal 0 0 1
    outer loop
      vertex 5.18916 -2.69654 2
      vertex 4.59998 -5.34778 2
      vertex 4.7586 -5.32512 2
    endloop
  endfacet
  facet normal 0 0 1
    outer loop
      vertex 4.59998 -5.34778 2
      vertex 4.89457 -2.56057 2
      vertex 4.64531 -2.49262 2
    endloop
  endfacet
  facet normal 0 0 1
    outer loop
      vertex 4.7586 -5.32512 2
      vertex 4.59998 -5.34778 2
      vertex 4.73595 -5.34778 2
    endloop
  endfacet
  facet normal 0 0 1
    outer loop
      vertex 4.03348 -2.28866 2
      vertex 4.64531 -2.49262 2
      vertex 4.57733 -2.44728 2
    endloop
  endfacet
  facet normal 0 0 1
    outer loop
      vertex 4.64531 -2.49262 2
      vertex 4.44136 -5.37043 2
      vertex 4.59998 -5.34778 2
    endloop
  endfacet
  facet normal 0 0 1
    outer loop
      vertex 4.59998 -5.34778 2
      vertex 4.44136 -5.37043 2
      vertex 4.57733 -5.37043 2
    endloop
  endfacet
  facet normal 0 0 1
    outer loop
      vertex 4.64531 -2.49262 2
      vertex 4.28274 -5.39308 2
      vertex 4.44136 -5.37043 2
    endloop
  endfacet
  facet normal 0 0 1
    outer loop
      vertex 4.44136 -5.37043 2
      vertex 4.28274 -5.39308 2
      vertex 4.41871 -5.39308 2
    endloop
  endfacet
  facet normal 0 0 1
    outer loop
      vertex 4.64531 -2.49262 2
      vertex 4.10147 -5.41576 2
      vertex 4.28274 -5.39308 2
    endloop
  endfacet
  facet normal -0 0 1
    outer loop
      vertex 4.03348 -2.28866 2
      vertex 4.57733 -2.44728 2
      vertex 4.10147 -2.28866 2
    endloop
  endfacet
  facet normal 0 0 1
    outer loop
      vertex 4.28274 -5.39308 2
      vertex 4.10147 -5.41576 2
      vertex 4.26009 -5.41576 2
    endloop
  endfacet
  facet normal 0 0 1
    outer loop
      vertex 4.64531 -2.49262 2
      vertex 4.03348 -2.28866 2
      vertex 4.10147 -5.41576 2
    endloop
  endfacet
  facet normal 0 0 1
    outer loop
      vertex 3.67094 -5.46106 2
      vertex 4.10147 -5.41576 2
      vertex 4.03348 -2.28866 2
    endloop
  endfacet
  facet normal -0 0 1
    outer loop
      vertex 3.7389 -2.19803 2
      vertex 4.03348 -2.28866 2
      vertex 3.80688 -2.19803 2
    endloop
  endfacet
  facet normal 0 0 1
    outer loop
      vertex 3.67094 -5.46106 2
      vertex 4.03348 -2.28866 2
      vertex 3.7389 -2.19803 2
    endloop
  endfacet
  facet normal 0 0 1
    outer loop
      vertex 4.10147 -5.41576 2
      vertex 3.67094 -5.46106 2
      vertex 4.07882 -5.43841 2
    endloop
  endfacet
  facet normal 0 0 1
    outer loop
      vertex 3.1271 -5.5064 2
      vertex 3.67094 -5.46106 2
      vertex 3.7389 -2.19803 2
    endloop
  endfacet
  facet normal 0 0 1
    outer loop
      vertex 3.42166 -2.10739 2
      vertex 3.7389 -2.19803 2
      vertex 3.58028 -2.13004 2
    endloop
  endfacet
  facet normal 0 0 1
    outer loop
      vertex 3.7389 -2.19803 2
      vertex 3.42166 -2.10739 2
      vertex 3.1271 -5.5064 2
    endloop
  endfacet
  facet normal 0 0 1
    outer loop
      vertex 2.71919 -1.92609 2
      vertex 3.42166 -2.10739 2
      vertex 3.33102 -2.06206 2
    endloop
  endfacet
  facet normal 0 0 1
    outer loop
      vertex 3.67094 -5.46106 2
      vertex 3.1271 -5.5064 2
      vertex 3.64826 -5.48374 2
    endloop
  endfacet
  facet normal 0 0 1
    outer loop
      vertex 3.42166 -2.10739 2
      vertex 2.78718 -5.52905 2
      vertex 3.1271 -5.5064 2
    endloop
  endfacet
  facet normal 0 0 1
    outer loop
      vertex 3.1271 -5.5064 2
      vertex 2.78718 -5.52905 2
      vertex 3.10441 -5.52905 2
    endloop
  endfacet
  facet normal 0 0 1
    outer loop
      vertex 3.42166 -2.10739 2
      vertex 0.906387 -3.33102 2
      vertex 2.78718 -5.52905 2
    endloop
  endfacet
  facet normal 0 0 1
    outer loop
      vertex 3.42166 -2.10739 2
      vertex 2.71919 -1.92609 2
      vertex 0.906387 -3.33102 2
    endloop
  endfacet
  facet normal 0 0 1
    outer loop
      vertex 2.17537 -1.8128 2
      vertex 2.71919 -1.92609 2
      vertex 2.69654 -1.90344 2
    endloop
  endfacet
  facet normal 0 0 1
    outer loop
      vertex 2.71919 -1.92609 2
      vertex 2.17537 -1.8128 2
      vertex 0.906387 -3.33102 2
    endloop
  endfacet
  facet normal 0 0 1
    outer loop
      vertex 1.74482 -1.74482 2
      vertex 2.17537 -1.8128 2
      vertex 2.1527 -1.79015 2
    endloop
  endfacet
  facet normal 0 0 1
    outer loop
      vertex 2.17537 -1.8128 2
      vertex 1.74482 -1.74482 2
      vertex 0.906387 -3.33102 2
    endloop
  endfacet
  facet normal -0 0 1
    outer loop
      vertex 1.5862 -1.72217 2
      vertex 1.74482 -1.74482 2
      vertex 1.72217 -1.72217 2
    endloop
  endfacet
  facet normal 0 0 1
    outer loop
      vertex 0.883736 -3.30837 2
      vertex 1.74482 -1.74482 2
      vertex 1.5862 -1.72217 2
    endloop
  endfacet
  facet normal -0 0 1
    outer loop
      vertex 1.40493 -1.69952 2
      vertex 1.5862 -1.72217 2
      vertex 1.56355 -1.69952 2
    endloop
  endfacet
  facet normal 0 0 1
    outer loop
      vertex 1.5862 -1.72217 2
      vertex 1.40493 -1.69952 2
      vertex 0.883736 -3.30837 2
    endloop
  endfacet
  facet normal 0 0 1
    outer loop
      vertex 0.997051 -1.65418 2
      vertex 1.40493 -1.69952 2
      vertex 1.38228 -1.67684 2
    endloop
  endfacet
  facet normal -0 -0 1
    outer loop
      vertex 0.929068 -5.30244 2
      vertex 2.78718 -5.52905 2
      vertex 0.906387 -3.33102 2
    endloop
  endfacet
  facet normal 0 0 1
    outer loop
      vertex 1.40493 -1.69952 2
      vertex 0.997051 -1.65418 2
      vertex 0.883736 -1.76747 2
    endloop
  endfacet
  facet normal 0 0 1
    outer loop
      vertex 2.78718 -5.52905 2
      vertex 0.929068 -5.30244 2
      vertex 2.76452 -5.5517 2
    endloop
  endfacet
  facet normal 0 0 1
    outer loop
      vertex 2.76452 -5.5517 2
      vertex 0.929068 -5.30244 2
      vertex 1.13299 -5.57438 2
    endloop
  endfacet
  facet normal 0 0 1
    outer loop
      vertex 0.883736 -1.76747 2
      vertex 0.997051 -1.65418 2
      vertex 0.906387 -1.72217 2
    endloop
  endfacet
  facet normal 0 0 1
    outer loop
      vertex 1.13299 -5.57438 2
      vertex 0.929068 -5.30244 2
      vertex 0.974371 -5.43841 2
    endloop
  endfacet
  facet normal 0 0 1
    outer loop
      vertex 1.40493 -1.69952 2
      vertex 0.883736 -1.76747 2
      vertex 0.883736 -3.30837 2
    endloop
  endfacet
  facet normal 0 0 1
    outer loop
      vertex 1.74482 -1.74482 2
      vertex 0.883736 -3.30837 2
      vertex 0.906387 -3.33102 2
    endloop
  endfacet
  facet normal 0 0 1
    outer loop
      vertex 13.5804 -3.40172 2
      vertex 12.0325 -3.48964 2
      vertex 13.3972 -4.06398 2
    endloop
  endfacet
  facet normal 0 0 1
    outer loop
      vertex 12.1005 -2.92314 2
      vertex 12.1231 -2.58325 2
      vertex 12.1005 -2.6059 2
    endloop
  endfacet
  facet normal -0 0 1
    outer loop
      vertex 11.9872 -3.7389 2
      vertex 13.3972 -4.06398 2
      vertex 12.0325 -3.48964 2
    endloop
  endfacet
  facet normal 0 0 1
    outer loop
      vertex 12.0778 -3.14975 2
      vertex 12.1005 -2.92314 2
      vertex 12.0778 -2.9458 2
    endloop
  endfacet
  facet normal 0 0 1
    outer loop
      vertex 11.8965 -4.1921 2
      vertex 13.3972 -4.06398 2
      vertex 11.9872 -3.7389 2
    endloop
  endfacet
  facet normal 0 0 1
    outer loop
      vertex 12.0551 -3.30837 2
      vertex 12.0778 -3.14975 2
      vertex 12.0551 -3.1724 2
    endloop
  endfacet
  facet normal 0 0 1
    outer loop
      vertex 13.3972 -4.06398 2
      vertex 11.8965 -4.1921 2
      vertex 13.1816 -4.71646 2
    endloop
  endfacet
  facet normal 0 0 1
    outer loop
      vertex 12.0325 -3.48964 2
      vertex 12.0551 -3.30837 2
      vertex 12.0325 -3.33102 2
    endloop
  endfacet
  facet normal -0 0 1
    outer loop
      vertex 11.8059 -4.55468 2
      vertex 13.1816 -4.71646 2
      vertex 11.8965 -4.1921 2
    endloop
  endfacet
  facet normal 0 0 1
    outer loop
      vertex 11.9872 -3.7389 2
      vertex 12.0325 -3.48964 2
      vertex 12.0098 -3.51232 2
    endloop
  endfacet
  facet normal 0 0 1
    outer loop
      vertex 13.1816 -4.71646 2
      vertex 11.8059 -4.55468 2
      vertex 12.9343 -5.35757 2
    endloop
  endfacet
  facet normal -0 0 1
    outer loop
      vertex 11.7153 -4.87192 2
      vertex 12.9343 -5.35757 2
      vertex 11.8059 -4.55468 2
    endloop
  endfacet
  facet normal 0 0 1
    outer loop
      vertex 11.8965 -4.1921 2
      vertex 11.9872 -3.7389 2
      vertex 11.9645 -3.76158 2
    endloop
  endfacet
  facet normal 0 0 1
    outer loop
      vertex 11.534 -5.41576 2
      vertex 12.9343 -5.35757 2
      vertex 11.7153 -4.87192 2
    endloop
  endfacet
  facet normal 0 0 1
    outer loop
      vertex 11.8059 -4.55468 2
      vertex 11.8965 -4.1921 2
      vertex 11.8059 -4.48669 2
    endloop
  endfacet
  facet normal 0 0 1
    outer loop
      vertex 12.9343 -5.35757 2
      vertex 11.534 -5.41576 2
      vertex 12.6558 -5.98577 2
    endloop
  endfacet
  facet normal 0 0 1
    outer loop
      vertex 11.7153 -4.87192 2
      vertex 11.8059 -4.55468 2
      vertex 11.7606 -4.64531 2
    endloop
  endfacet
  facet normal -0 0 1
    outer loop
      vertex 11.3074 -5.93692 2
      vertex 12.6558 -5.98577 2
      vertex 11.534 -5.41576 2
    endloop
  endfacet
  facet normal -0 0 1
    outer loop
      vertex 11.3074 -5.98226 2
      vertex 12.6558 -5.98577 2
      vertex 11.3074 -5.93692 2
    endloop
  endfacet
  facet normal 0 0 1
    outer loop
      vertex 12.3469 -6.59955 2
      vertex 11.3074 -5.98226 2
      vertex 12.0082 -7.19744 2
    endloop
  endfacet
  facet normal 0 0 1
    outer loop
      vertex 12.6558 -5.98577 2
      vertex 11.3074 -5.98226 2
      vertex 12.3469 -6.59955 2
    endloop
  endfacet
  facet normal -0 0 1
    outer loop
      vertex 10.9448 -6.73002 2
      vertex 12.0082 -7.19744 2
      vertex 11.3074 -5.98226 2
    endloop
  endfacet
  facet normal 0 0 1
    outer loop
      vertex 12.0082 -7.19744 2
      vertex 10.9448 -6.73002 2
      vertex 11.6406 -7.77798 2
    endloop
  endfacet
  facet normal -0 0 1
    outer loop
      vertex 10.8995 -6.77536 2
      vertex 11.6406 -7.77798 2
      vertex 10.9448 -6.73002 2
    endloop
  endfacet
  facet normal -0 0 1
    outer loop
      vertex 10.6502 -7.22856 2
      vertex 11.6406 -7.77798 2
      vertex 10.8995 -6.77536 2
    endloop
  endfacet
  facet normal 0 0 1
    outer loop
      vertex 11.6406 -7.77798 2
      vertex 10.6502 -7.22856 2
      vertex 11.2449 -8.33979 2
    endloop
  endfacet
  facet normal -0 0 1
    outer loop
      vertex 10.2876 -7.74973 2
      vertex 11.2449 -8.33979 2
      vertex 10.6502 -7.22856 2
    endloop
  endfacet
  facet normal 0 0 1
    outer loop
      vertex 11.2449 -8.33979 2
      vertex 10.2876 -7.74973 2
      vertex 10.8221 -8.88151 2
    endloop
  endfacet
  facet normal -0 0 1
    outer loop
      vertex 9.90245 -8.20294 2
      vertex 10.8221 -8.88151 2
      vertex 10.2876 -7.74973 2
    endloop
  endfacet
  facet normal 0 0 1
    outer loop
      vertex 10.8221 -8.88151 2
      vertex 9.90245 -8.20294 2
      vertex 10.3733 -9.40182 2
    endloop
  endfacet
  facet normal -0 0 1
    outer loop
      vertex 9.44924 -8.63349 2
      vertex 10.3733 -9.40182 2
      vertex 9.90245 -8.20294 2
    endloop
  endfacet
  facet normal 0 0 1
    outer loop
      vertex 10.3733 -9.40182 2
      vertex 9.44924 -8.63349 2
      vertex 9.89949 -9.89949 2
    endloop
  endfacet
  facet normal -0 0 1
    outer loop
      vertex 9.132 -8.88275 2
      vertex 9.89949 -9.89949 2
      vertex 9.44924 -8.63349 2
    endloop
  endfacet
  facet normal -0 0 1
    outer loop
      vertex 8.70145 -9.15466 2
      vertex 9.89949 -9.89949 2
      vertex 9.132 -8.88275 2
    endloop
  endfacet
  facet normal 0 0 1
    outer loop
      vertex 9.89949 -9.89949 2
      vertex 8.70145 -9.15466 2
      vertex 9.40182 -10.3733 2
    endloop
  endfacet
  facet normal -0 0 1
    outer loop
      vertex 8.45219 -9.29062 2
      vertex 9.40182 -10.3733 2
      vertex 8.70145 -9.15466 2
    endloop
  endfacet
  facet normal 0 0 1
    outer loop
      vertex 8.45219 -9.29062 2
      vertex 8.70145 -9.15466 2
      vertex 8.49752 -9.24529 2
    endloop
  endfacet
  facet normal 0 0 1
    outer loop
      vertex 9.40182 -10.3733 2
      vertex 8.45219 -9.29062 2
      vertex 8.88151 -10.8221 2
    endloop
  endfacet
  facet normal 0 0 1
    outer loop
      vertex 7.93103 -9.51723 2
      vertex 8.45219 -9.29062 2
      vertex 8.40689 -9.29062 2
    endloop
  endfacet
  facet normal 0 0 1
    outer loop
      vertex 8.45219 -9.29062 2
      vertex 7.93103 -9.51723 2
      vertex 8.88151 -10.8221 2
    endloop
  endfacet
  facet normal 0 0 1
    outer loop
      vertex 8.88151 -10.8221 2
      vertex 7.93103 -9.51723 2
      vertex 8.33979 -11.2449 2
    endloop
  endfacet
  facet normal -0 0 1
    outer loop
      vertex 7.00196 -9.81179 2
      vertex 8.33979 -11.2449 2
      vertex 7.93103 -9.51723 2
    endloop
  endfacet
  facet normal 0 0 1
    outer loop
      vertex 8.33979 -11.2449 2
      vertex 7.00196 -9.81179 2
      vertex 7.77798 -11.6406 2
    endloop
  endfacet
  facet normal -0 0 1
    outer loop
      vertex 6.73002 -9.85712 2
      vertex 7.77798 -11.6406 2
      vertex 7.00196 -9.81179 2
    endloop
  endfacet
  facet normal -0 0 1
    outer loop
      vertex 6.5261 -9.9251 2
      vertex 7.77798 -11.6406 2
      vertex 6.73002 -9.85712 2
    endloop
  endfacet
  facet normal 0 0 1
    outer loop
      vertex 7.77798 -11.6406 2
      vertex 6.5261 -9.9251 2
      vertex 7.19744 -12.0082 2
    endloop
  endfacet
  facet normal -0 0 1
    outer loop
      vertex 6.41278 -9.94776 2
      vertex 7.19744 -12.0082 2
      vertex 6.5261 -9.9251 2
    endloop
  endfacet
  facet normal 0 0 1
    outer loop
      vertex 6.41278 -9.94776 2
      vertex 6.5261 -9.9251 2
      vertex 6.43546 -9.9251 2
    endloop
  endfacet
  facet normal -0 0 1
    outer loop
      vertex 6.18618 -9.99309 2
      vertex 7.19744 -12.0082 2
      vertex 6.41278 -9.94776 2
    endloop
  endfacet
  facet normal 0 0 1
    outer loop
      vertex 6.18618 -9.99309 2
      vertex 6.41278 -9.94776 2
      vertex 6.2995 -9.94776 2
    endloop
  endfacet
  facet normal 0 0 1
    outer loop
      vertex 7.19744 -12.0082 2
      vertex 6.18618 -9.99309 2
      vertex 6.59955 -12.3469 2
    endloop
  endfacet
  facet normal -0 0 1
    outer loop
      vertex 5.80098 -10.0611 2
      vertex 6.59955 -12.3469 2
      vertex 6.18618 -9.99309 2
    endloop
  endfacet
  facet normal 0 0 1
    outer loop
      vertex 5.80098 -10.0611 2
      vertex 6.18618 -9.99309 2
      vertex 5.82364 -10.0384 2
    endloop
  endfacet
  facet normal -0 0 1
    outer loop
      vertex 5.5064 -10.1064 2
      vertex 6.59955 -12.3469 2
      vertex 5.80098 -10.0611 2
    endloop
  endfacet
  facet normal 0 0 1
    outer loop
      vertex 5.5064 -10.1064 2
      vertex 5.80098 -10.0611 2
      vertex 5.66502 -10.0611 2
    endloop
  endfacet
  facet normal 0 0 1
    outer loop
      vertex 6.59955 -12.3469 2
      vertex 5.5064 -10.1064 2
      vertex 5.98577 -12.6558 2
    endloop
  endfacet
  facet normal 0 0 1
    outer loop
      vertex 5.34778 -10.129 2
      vertex 5.5064 -10.1064 2
      vertex 5.37043 -10.1064 2
    endloop
  endfacet
  facet normal 0 0 1
    outer loop
      vertex 5.5064 -10.1064 2
      vertex 5.34778 -10.129 2
      vertex 5.98577 -12.6558 2
    endloop
  endfacet
  facet normal -0 0 1
    outer loop
      vertex 5.1665 -10.1517 2
      vertex 5.98577 -12.6558 2
      vertex 5.34778 -10.129 2
    endloop
  endfacet
  facet normal 0 0 1
    outer loop
      vertex 5.1665 -10.1517 2
      vertex 5.34778 -10.129 2
      vertex 5.18916 -10.129 2
    endloop
  endfacet
  facet normal -0 0 1
    outer loop
      vertex 4.9852 -10.1744 2
      vertex 5.98577 -12.6558 2
      vertex 5.1665 -10.1517 2
    endloop
  endfacet
  facet normal 0 0 1
    outer loop
      vertex 4.9852 -10.1744 2
      vertex 5.1665 -10.1517 2
      vertex 5.00788 -10.1517 2
    endloop
  endfacet
  facet normal 0 0 1
    outer loop
      vertex 5.98577 -12.6558 2
      vertex 4.9852 -10.1744 2
      vertex 5.35757 -12.9343 2
    endloop
  endfacet
  facet normal 0 0 1
    outer loop
      vertex 4.80393 -10.197 2
      vertex 4.9852 -10.1744 2
      vertex 4.82658 -10.1744 2
    endloop
  endfacet
  facet normal 0 0 1
    outer loop
      vertex 4.9852 -10.1744 2
      vertex 4.80393 -10.197 2
      vertex 5.35757 -12.9343 2
    endloop
  endfacet
  facet normal -0 0 1
    outer loop
      vertex 4.37337 -10.2423 2
      vertex 5.35757 -12.9343 2
      vertex 4.80393 -10.197 2
    endloop
  endfacet
  facet normal 0 0 1
    outer loop
      vertex 4.37337 -10.2423 2
      vertex 4.80393 -10.197 2
      vertex 4.39606 -10.2197 2
    endloop
  endfacet
  facet normal 0 0 1
    outer loop
      vertex 5.35757 -12.9343 2
      vertex 4.37337 -10.2423 2
      vertex 4.71646 -13.1816 2
    endloop
  endfacet
  facet normal -0 0 1
    outer loop
      vertex 3.82956 -10.2876 2
      vertex 4.71646 -13.1816 2
      vertex 4.37337 -10.2423 2
    endloop
  endfacet
  facet normal 0 0 1
    outer loop
      vertex 3.82956 -10.2876 2
      vertex 4.37337 -10.2423 2
      vertex 3.85221 -10.265 2
    endloop
  endfacet
  facet normal 0 0 1
    outer loop
      vertex 4.71646 -13.1816 2
      vertex 3.82956 -10.2876 2
      vertex 4.06398 -13.3972 2
    endloop
  endfacet
  facet normal 0 0 1
    outer loop
      vertex 3.51232 -10.3103 2
      vertex 3.82956 -10.2876 2
      vertex 3.53497 -10.2876 2
    endloop
  endfacet
  facet normal 0 0 1
    outer loop
      vertex 3.82956 -10.2876 2
      vertex 3.51232 -10.3103 2
      vertex 4.06398 -13.3972 2
    endloop
  endfacet
  facet normal -0 0 1
    outer loop
      vertex 3.14975 -10.333 2
      vertex 4.06398 -13.3972 2
      vertex 3.51232 -10.3103 2
    endloop
  endfacet
  facet normal 0 0 1
    outer loop
      vertex 3.14975 -10.333 2
      vertex 3.51232 -10.3103 2
      vertex 3.1724 -10.3103 2
    endloop
  endfacet
  facet normal 0 0 1
    outer loop
      vertex 4.06398 -13.3972 2
      vertex 3.14975 -10.333 2
      vertex 3.40172 -13.5804 2
    endloop
  endfacet
  facet normal -0 0 1
    outer loop
      vertex 2.69654 -10.3556 2
      vertex 3.40172 -13.5804 2
      vertex 3.14975 -10.333 2
    endloop
  endfacet
  facet normal 0 0 1
    outer loop
      vertex 2.69654 -10.3556 2
      vertex 3.14975 -10.333 2
      vertex 2.71919 -10.333 2
    endloop
  endfacet
  facet normal 0 0 1
    outer loop
      vertex 3.40172 -13.5804 2
      vertex 2.69654 -10.3556 2
      vertex 2.73126 -13.731 2
    endloop
  endfacet
  facet normal 0 0 1
    outer loop
      vertex 2.69654 -10.3556 2
      vertex 2.05423 -13.8485 2
      vertex 2.73126 -13.731 2
    endloop
  endfacet
  facet normal -0 0 1
    outer loop
      vertex 1.0197 -10.401 2
      vertex 2.05423 -13.8485 2
      vertex 2.69654 -10.3556 2
    endloop
  endfacet
  facet normal 0 0 1
    outer loop
      vertex 1.0197 -10.401 2
      vertex 2.69654 -10.3556 2
      vertex 1.04236 -10.3783 2
    endloop
  endfacet
  facet normal 0 0 1
    outer loop
      vertex 2.05423 -13.8485 2
      vertex 1.0197 -10.401 2
      vertex 1.37224 -13.9326 2
    endloop
  endfacet
  facet normal 0 0 1
    outer loop
      vertex 1.0197 -10.401 2
      vertex 0.686947 -13.9831 2
      vertex 1.37224 -13.9326 2
    endloop
  endfacet
  facet normal 0 0 1
    outer loop
      vertex 1.0197 -10.401 2
      vertex 0 -14 2
      vertex 0.686947 -13.9831 2
    endloop
  endfacet
  facet normal 0 0 1
    outer loop
      vertex -1.22366 -10.3783 2
      vertex 0 -14 2
      vertex 1.0197 -10.401 2
    endloop
  endfacet
  facet normal 0 0 1
    outer loop
      vertex 0 -14 2
      vertex -1.22366 -10.3783 2
      vertex -0.686947 -13.9831 2
    endloop
  endfacet
  facet normal -0 0 1
    outer loop
      vertex -1.8128 -10.3556 2
      vertex -1.22366 -10.3783 2
      vertex -1.24631 -10.3556 2
    endloop
  endfacet
  facet normal 0 0 1
    outer loop
      vertex -1.22366 -10.3783 2
      vertex -1.37224 -13.9326 2
      vertex -0.686947 -13.9831 2
    endloop
  endfacet
  facet normal 0 0 1
    outer loop
      vertex -1.22366 -10.3783 2
      vertex -1.8128 -10.3556 2
      vertex -2.05423 -13.8485 2
    endloop
  endfacet
  facet normal 0 0 1
    outer loop
      vertex -3.01378 -10.2876 2
      vertex -1.8128 -10.3556 2
      vertex -1.83546 -10.333 2
    endloop
  endfacet
  facet normal 0 0 1
    outer loop
      vertex -1.22366 -10.3783 2
      vertex -2.05423 -13.8485 2
      vertex -1.37224 -13.9326 2
    endloop
  endfacet
  facet normal 0 0 1
    outer loop
      vertex -1.8128 -10.3556 2
      vertex -2.73126 -13.731 2
      vertex -2.05423 -13.8485 2
    endloop
  endfacet
  facet normal 0 0 1
    outer loop
      vertex -1.8128 -10.3556 2
      vertex -3.01378 -10.2876 2
      vertex -2.73126 -13.731 2
    endloop
  endfacet
  facet normal 0 0 1
    outer loop
      vertex -3.64826 -10.2423 2
      vertex -3.01378 -10.2876 2
      vertex -3.03646 -10.265 2
    endloop
  endfacet
  facet normal 0 0 1
    outer loop
      vertex -3.01378 -10.2876 2
      vertex -3.40172 -13.5804 2
      vertex -2.73126 -13.731 2
    endloop
  endfacet
  facet normal 0 0 1
    outer loop
      vertex -3.01378 -10.2876 2
      vertex -3.64826 -10.2423 2
      vertex -4.06398 -13.3972 2
    endloop
  endfacet
  facet normal -0 0 1
    outer loop
      vertex -3.94285 -10.2197 2
      vertex -3.64826 -10.2423 2
      vertex -3.67094 -10.2197 2
    endloop
  endfacet
  facet normal 0 0 1
    outer loop
      vertex -3.64826 -10.2423 2
      vertex -3.94285 -10.2197 2
      vertex -4.06398 -13.3972 2
    endloop
  endfacet
  facet normal -0 0 1
    outer loop
      vertex -4.21476 -10.197 2
      vertex -3.94285 -10.2197 2
      vertex -3.9655 -10.197 2
    endloop
  endfacet
  facet normal 0 0 1
    outer loop
      vertex -3.01378 -10.2876 2
      vertex -4.06398 -13.3972 2
      vertex -3.40172 -13.5804 2
    endloop
  endfacet
  facet normal 0 0 1
    outer loop
      vertex -3.94285 -10.2197 2
      vertex -4.21476 -10.197 2
      vertex -4.71646 -13.1816 2
    endloop
  endfacet
  facet normal -0 0 1
    outer loop
      vertex -4.46404 -10.1744 2
      vertex -4.21476 -10.197 2
      vertex -4.23744 -10.1744 2
    endloop
  endfacet
  facet normal 0 0 1
    outer loop
      vertex -4.21476 -10.197 2
      vertex -4.46404 -10.1744 2
      vertex -4.71646 -13.1816 2
    endloop
  endfacet
  facet normal 0 0 1
    outer loop
      vertex -5.12117 -10.1064 2
      vertex -4.46404 -10.1744 2
      vertex -4.48669 -10.1517 2
    endloop
  endfacet
  facet normal 0 0 1
    outer loop
      vertex -3.94285 -10.2197 2
      vertex -4.71646 -13.1816 2
      vertex -4.06398 -13.3972 2
    endloop
  endfacet
  facet normal 0 0 1
    outer loop
      vertex -4.46404 -10.1744 2
      vertex -5.12117 -10.1064 2
      vertex -5.35757 -12.9343 2
    endloop
  endfacet
  facet normal -0 0 1
    outer loop
      vertex -5.30244 -10.0837 2
      vertex -5.12117 -10.1064 2
      vertex -5.14382 -10.0837 2
    endloop
  endfacet
  facet normal 0 0 1
    outer loop
      vertex -5.12117 -10.1064 2
      vertex -5.30244 -10.0837 2
      vertex -5.98577 -12.6558 2
    endloop
  endfacet
  facet normal 0 0 1
    outer loop
      vertex -5.64236 -10.0384 2
      vertex -5.30244 -10.0837 2
      vertex -5.32512 -10.0611 2
    endloop
  endfacet
  facet normal 0 0 1
    outer loop
      vertex -4.46404 -10.1744 2
      vertex -5.35757 -12.9343 2
      vertex -4.71646 -13.1816 2
    endloop
  endfacet
  facet normal 0 0 1
    outer loop
      vertex -5.30244 -10.0837 2
      vertex -5.64236 -10.0384 2
      vertex -5.98577 -12.6558 2
    endloop
  endfacet
  facet normal -0 0 1
    outer loop
      vertex -5.80098 -10.0157 2
      vertex -5.64236 -10.0384 2
      vertex -5.66502 -10.0157 2
    endloop
  endfacet
  facet normal 0 0 1
    outer loop
      vertex -5.64236 -10.0384 2
      vertex -5.80098 -10.0157 2
      vertex -6.59955 -12.3469 2
    endloop
  endfacet
  facet normal -0 0 1
    outer loop
      vertex -6.07289 -9.97041 2
      vertex -5.80098 -10.0157 2
      vertex -5.9596 -9.97041 2
    endloop
  endfacet
  facet normal 0 0 1
    outer loop
      vertex -5.12117 -10.1064 2
      vertex -5.98577 -12.6558 2
      vertex -5.35757 -12.9343 2
    endloop
  endfacet
  facet normal 0 0 1
    outer loop
      vertex -5.80098 -10.0157 2
      vertex -6.07289 -9.97041 2
      vertex -6.59955 -12.3469 2
    endloop
  endfacet
  facet normal -0 0 1
    outer loop
      vertex -6.20886 -9.94776 2
      vertex -6.07289 -9.97041 2
      vertex -6.09554 -9.94776 2
    endloop
  endfacet
  facet normal 0 0 1
    outer loop
      vertex -7.19744 -12.0082 2
      vertex -6.07289 -9.97041 2
      vertex -6.20886 -9.94776 2
    endloop
  endfacet
  facet normal -0 0 1
    outer loop
      vertex -6.3448 -9.9251 2
      vertex -6.20886 -9.94776 2
      vertex -6.23151 -9.9251 2
    endloop
  endfacet
  facet normal 0 0 1
    outer loop
      vertex -7.19744 -12.0082 2
      vertex -6.20886 -9.94776 2
      vertex -6.3448 -9.9251 2
    endloop
  endfacet
  facet normal 0 0 1
    outer loop
      vertex -6.91132 -9.81179 2
      vertex -6.3448 -9.9251 2
      vertex -6.36748 -9.90245 2
    endloop
  endfacet
  facet normal 0 0 1
    outer loop
      vertex -5.64236 -10.0384 2
      vertex -6.59955 -12.3469 2
      vertex -5.98577 -12.6558 2
    endloop
  endfacet
  facet normal 0 0 1
    outer loop
      vertex -6.3448 -9.9251 2
      vertex -6.91132 -9.81179 2
      vertex -7.19744 -12.0082 2
    endloop
  endfacet
  facet normal 0 0 1
    outer loop
      vertex -6.07289 -9.97041 2
      vertex -7.19744 -12.0082 2
      vertex -6.59955 -12.3469 2
    endloop
  endfacet
  facet normal 0 0 1
    outer loop
      vertex -7.77798 -11.6406 2
      vertex -6.91132 -9.81179 2
      vertex -7.38718 -9.67585 2
    endloop
  endfacet
  facet normal 0 0 1
    outer loop
      vertex -7.77798 -11.6406 2
      vertex -7.38718 -9.67585 2
      vertex -7.45517 -9.67585 2
    endloop
  endfacet
  facet normal 0 0 1
    outer loop
      vertex -6.91132 -9.81179 2
      vertex -7.77798 -11.6406 2
      vertex -7.19744 -12.0082 2
    endloop
  endfacet
  facet normal 0 0 1
    outer loop
      vertex -8.88151 -10.8221 2
      vertex -7.45517 -9.67585 2
      vertex -8.18028 -9.42659 2
    endloop
  endfacet
  facet normal 0 0 1
    outer loop
      vertex -7.45517 -9.67585 2
      vertex -8.33979 -11.2449 2
      vertex -7.77798 -11.6406 2
    endloop
  endfacet
  facet normal 0 0 1
    outer loop
      vertex -9.40182 -10.3733 2
      vertex -8.18028 -9.42659 2
      vertex -8.56551 -9.22264 2
    endloop
  endfacet
  facet normal 0 0 1
    outer loop
      vertex -7.45517 -9.67585 2
      vertex -8.88151 -10.8221 2
      vertex -8.33979 -11.2449 2
    endloop
  endfacet
  facet normal 0 0 1
    outer loop
      vertex -9.89949 -9.89949 2
      vertex -8.56551 -9.22264 2
      vertex -9.10935 -8.81476 2
    endloop
  endfacet
  facet normal 0 0 1
    outer loop
      vertex -8.18028 -9.42659 2
      vertex -9.40182 -10.3733 2
      vertex -8.88151 -10.8221 2
    endloop
  endfacet
  facet normal 0 0 1
    outer loop
      vertex -10.3733 -9.40182 2
      vertex -9.10935 -8.81476 2
      vertex -9.67585 -8.22559 2
    endloop
  endfacet
  facet normal 0 0 1
    outer loop
      vertex -8.56551 -9.22264 2
      vertex -9.89949 -9.89949 2
      vertex -9.40182 -10.3733 2
    endloop
  endfacet
  facet normal 0 0 1
    outer loop
      vertex -10.8221 -8.88151 2
      vertex -9.67585 -8.22559 2
      vertex -9.97041 -7.84036 2
    endloop
  endfacet
  facet normal 0 0 1
    outer loop
      vertex -11.2449 -8.33979 2
      vertex -9.97041 -7.84036 2
      vertex -10.3556 -7.22856 2
    endloop
  endfacet
  facet normal 0 0 1
    outer loop
      vertex -9.10935 -8.81476 2
      vertex -10.3733 -9.40182 2
      vertex -9.89949 -9.89949 2
    endloop
  endfacet
  facet normal 0 0 1
    outer loop
      vertex -11.6406 -7.77798 2
      vertex -10.3556 -7.22856 2
      vertex -10.6049 -6.7527 2
    endloop
  endfacet
  facet normal 0 0 1
    outer loop
      vertex -12.0082 -7.19744 2
      vertex -10.6049 -6.7527 2
      vertex -10.7182 -6.50342 2
    endloop
  endfacet
  facet normal 0 0 1
    outer loop
      vertex -9.67585 -8.22559 2
      vertex -10.8221 -8.88151 2
      vertex -10.3733 -9.40182 2
    endloop
  endfacet
  facet normal 0 0 1
    outer loop
      vertex -12.0082 -7.19744 2
      vertex -10.7182 -6.50342 2
      vertex -10.8542 -6.11822 2
    endloop
  endfacet
  facet normal 0 0 1
    outer loop
      vertex -12.3469 -6.59955 2
      vertex -10.8542 -6.11822 2
      vertex -10.8995 -6.05024 2
    endloop
  endfacet
  facet normal 0 0 1
    outer loop
      vertex -12.3469 -6.59955 2
      vertex -10.8995 -6.05024 2
      vertex -11.0581 -5.57438 2
    endloop
  endfacet
  facet normal 0 0 1
    outer loop
      vertex -11.1487 -5.25714 2
      vertex -11.0581 -5.57438 2
      vertex -11.1034 -5.34778 2
    endloop
  endfacet
  facet normal 0 0 1
    outer loop
      vertex -11.0581 -5.57438 2
      vertex -11.1487 -5.25714 2
      vertex -12.6558 -5.98577 2
    endloop
  endfacet
  facet normal 0 0 1
    outer loop
      vertex -11.2394 -4.84926 2
      vertex -11.1487 -5.25714 2
      vertex -11.2167 -4.87192 2
    endloop
  endfacet
  facet normal 0 0 1
    outer loop
      vertex -12.9343 -5.35757 2
      vertex -11.1487 -5.25714 2
      vertex -11.2394 -4.84926 2
    endloop
  endfacet
  facet normal 0 0 1
    outer loop
      vertex -9.97041 -7.84036 2
      vertex -11.2449 -8.33979 2
      vertex -10.8221 -8.88151 2
    endloop
  endfacet
  facet normal 0 0 1
    outer loop
      vertex 12.1231 -1.90344 2
      vertex 12.1005 -1.60885 2
      vertex 12.1005 -1.88079 2
    endloop
  endfacet
  facet normal 0 0 1
    outer loop
      vertex 12.0551 -1.26896 2
      vertex 12.0325 -1.15567 2
      vertex 12.0325 -1.24631 2
    endloop
  endfacet
  facet normal 0 0 1
    outer loop
      vertex 10.7182 -1.22366 2
      vertex 10.7862 -1.40493 2
      vertex 10.7862 -1.33694 2
    endloop
  endfacet
  facet normal 0 0 1
    outer loop
      vertex 10.7862 -1.40493 2
      vertex 10.4463 -1.13299 2
      vertex 10.7862 -1.74482 2
    endloop
  endfacet
  facet normal 0 0 1
    outer loop
      vertex 10.7862 -1.40493 2
      vertex 10.7182 -1.22366 2
      vertex 10.4463 -1.13299 2
    endloop
  endfacet
  facet normal 0 0 1
    outer loop
      vertex 10.1744 -1.04236 2
      vertex 10.7862 -1.74482 2
      vertex 10.4463 -1.13299 2
    endloop
  endfacet
  facet normal -0 0 1
    outer loop
      vertex 10.4463 -1.13299 2
      vertex 10.7182 -1.22366 2
      vertex 10.5822 -1.13299 2
    endloop
  endfacet
  facet normal 0 0 1
    outer loop
      vertex 10.7862 -1.74482 2
      vertex 10.1744 -1.04236 2
      vertex 10.7409 -2.01676 2
    endloop
  endfacet
  facet normal 0 0 1
    outer loop
      vertex 10.7409 -2.01676 2
      vertex 10.1744 -1.04236 2
      vertex 10.6502 -2.26601 2
    endloop
  endfacet
  facet normal 0 0 1
    outer loop
      vertex 10.6502 -2.26601 2
      vertex 10.1744 -1.04236 2
      vertex 10.4689 -2.62856 2
    endloop
  endfacet
  facet normal 0 0 1
    outer loop
      vertex 10.4689 -2.62856 2
      vertex 10.1744 -1.04236 2
      vertex 10.2423 -2.96848 2
    endloop
  endfacet
  facet normal 0 0 1
    outer loop
      vertex 9.85712 -0.747767 2
      vertex 10.2423 -2.96848 2
      vertex 10.1744 -1.04236 2
    endloop
  endfacet
  facet normal 0 0 1
    outer loop
      vertex 7.18323 -3.08176 2
      vertex 9.85712 -0.747767 2
      vertex 9.81179 -0.679811 2
    endloop
  endfacet
  facet normal 0 0 1
    outer loop
      vertex 9.85712 -0.747767 2
      vertex 9.78914 -3.46699 2
      vertex 10.2423 -2.96848 2
    endloop
  endfacet
  facet normal 0 0 1
    outer loop
      vertex 7.18323 -3.08176 2
      vertex 9.81179 -0.679811 2
      vertex 9.6985 -0.407876 2
    endloop
  endfacet
  facet normal 0 0 1
    outer loop
      vertex 9.65317 -0.181272 2
      vertex 9.6985 -0.407876 2
      vertex 9.67585 -0.203952 2
    endloop
  endfacet
  facet normal 0 0 1
    outer loop
      vertex 7.18323 -3.08176 2
      vertex 9.6985 -0.407876 2
      vertex 9.65317 -0.181272 2
    endloop
  endfacet
  facet normal -0 0 1
    outer loop
      vertex 7.18323 -3.08176 2
      vertex 9.78914 -3.46699 2
      vertex 9.85712 -0.747767 2
    endloop
  endfacet
  facet normal 0 0 1
    outer loop
      vertex 10.7862 -1.40493 2
      vertex 10.8088 -1.72217 2
      vertex 10.8088 -1.42758 2
    endloop
  endfacet
  facet normal 0 0 1
    outer loop
      vertex 10.8088 -1.72217 2
      vertex 10.7862 -1.40493 2
      vertex 10.7862 -1.74482 2
    endloop
  endfacet
  facet normal 0 0 1
    outer loop
      vertex 7.20588 -3.19508 2
      vertex 7.18323 -3.08176 2
      vertex 7.18323 -3.1724 2
    endloop
  endfacet
  facet normal 0 0 1
    outer loop
      vertex 7.18323 -3.08176 2
      vertex 7.16058 -2.96848 2
      vertex 7.16058 -3.05911 2
    endloop
  endfacet
  facet normal 0 0 1
    outer loop
      vertex 7.06994 -2.46994 2
      vertex 7.04726 -2.35665 2
      vertex 7.04726 -2.44728 2
    endloop
  endfacet
  facet normal 0 0 1
    outer loop
      vertex 7.00196 -2.10739 2
      vertex 6.97931 -1.97142 2
      vertex 6.97931 -2.08471 2
    endloop
  endfacet
  facet normal 0 0 1
    outer loop
      vertex 6.84334 -1.08769 2
      vertex 6.82069 -0.929068 2
      vertex 6.82069 -1.06504 2
    endloop
  endfacet
  facet normal 0 0 1
    outer loop
      vertex 1.40493 7.59111 2
      vertex 1.22366 7.61379 2
      vertex 1.24631 7.59111 2
    endloop
  endfacet
  facet normal -0 0 1
    outer loop
      vertex 0.861083 7.81771 2
      vertex 1.22366 7.61379 2
      vertex 0.861083 8.92805 2
    endloop
  endfacet
  facet normal -0 -0 1
    outer loop
      vertex 0.906387 7.72708 2
      vertex 1.22366 7.61379 2
      vertex 0.861083 7.81771 2
    endloop
  endfacet
  facet normal 0 0 1
    outer loop
      vertex 0.838431 9.22264 2
      vertex 0.951719 9.74383 2
      vertex 0.838431 9.4719 2
    endloop
  endfacet
  facet normal 0 0 1
    outer loop
      vertex 0.951719 9.74383 2
      vertex 0.838431 9.22264 2
      vertex 0.861083 8.92805 2
    endloop
  endfacet
  facet normal 0 0 1
    outer loop
      vertex 0.861083 8.92805 2
      vertex 0.838431 9.22264 2
      vertex 0.838431 8.95073 2
    endloop
  endfacet
  facet normal 0 0 1
    outer loop
      vertex 1.22366 7.61379 2
      vertex 0.906387 7.72708 2
      vertex 0.997051 7.63644 2
    endloop
  endfacet
  facet normal 0 0 1
    outer loop
      vertex -0.362572 9.58521 2
      vertex -0.181272 9.26797 2
      vertex -0.226604 9.42659 2
    endloop
  endfacet
  facet normal 0 0 1
    outer loop
      vertex -0.181272 9.26797 2
      vertex -0.611828 7.81771 2
      vertex -0.203952 7.97633 2
    endloop
  endfacet
  facet normal 0 -0 1
    outer loop
      vertex -0.31724 7.81771 2
      vertex -0.203952 7.97633 2
      vertex -0.611828 7.81771 2
    endloop
  endfacet
  facet normal 0 0 1
    outer loop
      vertex -0.181272 9.26797 2
      vertex -0.362572 9.58521 2
      vertex -0.611828 7.81771 2
    endloop
  endfacet
  facet normal 0 0 1
    outer loop
      vertex -0.611828 7.81771 2
      vertex -0.362572 9.58521 2
      vertex -0.430528 9.74383 2
    endloop
  endfacet
  facet normal 0 0 1
    outer loop
      vertex -0.203952 7.97633 2
      vertex -0.31724 7.81771 2
      vertex -0.226604 7.90835 2
    endloop
  endfacet
  facet normal 0 0 1
    outer loop
      vertex -6.02756 7.56845 2
      vertex -5.82364 7.13793 2
      vertex -5.82364 7.18323 2
    endloop
  endfacet
  facet normal 0 0 1
    outer loop
      vertex -8.76943 3.9655 2
      vertex -6.02756 7.56845 2
      vertex -6.3448 8.02166 2
    endloop
  endfacet
  facet normal 0 0 1
    outer loop
      vertex -5.82364 7.13793 2
      vertex -8.20294 2.46994 2
      vertex -5.98226 -1.65418 2
    endloop
  endfacet
  facet normal -0 0 1
    outer loop
      vertex -8.20294 1.69952 2
      vertex -5.98226 -1.65418 2
      vertex -8.20294 2.46994 2
    endloop
  endfacet
  facet normal 0 0 1
    outer loop
      vertex -6.02756 7.56845 2
      vertex -8.76943 3.9655 2
      vertex -5.82364 7.13793 2
    endloop
  endfacet
  facet normal 0 0 1
    outer loop
      vertex -5.32512 5.57438 2
      vertex -5.27979 5.34778 2
      vertex -5.27979 5.46106 2
    endloop
  endfacet
  facet normal 0 0 1
    outer loop
      vertex -5.82364 7.13793 2
      vertex -5.27979 5.34778 2
      vertex -5.32512 5.57438 2
    endloop
  endfacet
  facet normal 0 0 1
    outer loop
      vertex -5.27979 5.34778 2
      vertex -5.82364 7.13793 2
      vertex -5.30244 0.997051 2
    endloop
  endfacet
  facet normal 0 0 1
    outer loop
      vertex -5.30244 0.997051 2
      vertex -5.32512 0.838431 2
      vertex -5.30244 0.861083 2
    endloop
  endfacet
  facet normal 0 -0 1
    outer loop
      vertex -5.37043 0.589148 2
      vertex -5.30244 0.997051 2
      vertex -5.82364 7.13793 2
    endloop
  endfacet
  facet normal 0 0 1
    outer loop
      vertex -5.32512 0.838431 2
      vertex -5.37043 0.589148 2
      vertex -5.34778 0.611828 2
    endloop
  endfacet
  facet normal 0 0 1
    outer loop
      vertex -5.43841 6.05024 2
      vertex -5.32512 5.57438 2
      vertex -5.39308 5.9596 2
    endloop
  endfacet
  facet normal 0 0 1
    outer loop
      vertex -5.82364 7.13793 2
      vertex -5.32512 5.57438 2
      vertex -5.43841 6.05024 2
    endloop
  endfacet
  facet normal 0 0 1
    outer loop
      vertex -5.30244 0.997051 2
      vertex -5.37043 0.589148 2
      vertex -5.32512 0.838431 2
    endloop
  endfacet
  facet normal 0 0 1
    outer loop
      vertex -5.37043 0.589148 2
      vertex -5.46106 0.158619 2
      vertex -5.41576 0.271908 2
    endloop
  endfacet
  facet normal 0 0 1
    outer loop
      vertex -5.64236 6.7527 2
      vertex -5.43841 6.05024 2
      vertex -5.48374 6.27684 2
    endloop
  endfacet
  facet normal 0 0 1
    outer loop
      vertex -5.37043 0.589148 2
      vertex -5.82364 7.13793 2
      vertex -5.46106 0.158619 2
    endloop
  endfacet
  facet normal 0 0 1
    outer loop
      vertex -5.46106 0.158619 2
      vertex -5.48374 0.045331 2
      vertex -5.46106 0.0679836 2
    endloop
  endfacet
  facet normal 0 -0 1
    outer loop
      vertex -5.61968 -0.47586 2
      vertex -5.46106 0.158619 2
      vertex -5.82364 7.13793 2
    endloop
  endfacet
  facet normal 0 0 1
    outer loop
      vertex -5.48374 0.045331 2
      vertex -5.61968 -0.47586 2
      vertex -5.57438 -0.385223 2
    endloop
  endfacet
  facet normal 0 0 1
    outer loop
      vertex -5.43841 6.05024 2
      vertex -5.64236 6.7527 2
      vertex -5.82364 7.13793 2
    endloop
  endfacet
  facet normal 0 0 1
    outer loop
      vertex -5.46106 0.158619 2
      vertex -5.61968 -0.47586 2
      vertex -5.48374 0.045331 2
    endloop
  endfacet
  facet normal 0 0 1
    outer loop
      vertex -5.98226 -1.65418 2
      vertex -5.61968 -0.47586 2
      vertex -5.82364 7.13793 2
    endloop
  endfacet
  facet normal 0 0 1
    outer loop
      vertex -5.61968 -0.47586 2
      vertex -5.98226 -1.65418 2
      vertex -5.64236 -0.63448 2
    endloop
  endfacet
  facet normal 0 0 1
    outer loop
      vertex -5.23446 5.09852 2
      vertex -5.21181 4.9399 2
      vertex -5.21181 5.07584 2
    endloop
  endfacet
  facet normal 0 0 1
    outer loop
      vertex -5.27979 5.34778 2
      vertex -5.21181 4.9399 2
      vertex -5.23446 5.09852 2
    endloop
  endfacet
  facet normal 0 0 1
    outer loop
      vertex -5.21181 4.9399 2
      vertex -5.27979 5.34778 2
      vertex -5.21181 1.65418 2
    endloop
  endfacet
  facet normal 0 0 1
    outer loop
      vertex -5.21181 1.65418 2
      vertex -5.23446 1.47291 2
      vertex -5.21181 1.49556 2
    endloop
  endfacet
  facet normal 0 0 1
    outer loop
      vertex -5.21181 1.65418 2
      vertex -5.27979 5.34778 2
      vertex -5.23446 1.47291 2
    endloop
  endfacet
  facet normal 0 0 1
    outer loop
      vertex -5.27979 5.34778 2
      vertex -5.23446 5.09852 2
      vertex -5.25714 5.32512 2
    endloop
  endfacet
  facet normal 0 0 1
    outer loop
      vertex -5.23446 1.47291 2
      vertex -5.25714 1.29161 2
      vertex -5.23446 1.31429 2
    endloop
  endfacet
  facet normal 0 0 1
    outer loop
      vertex -5.30244 0.997051 2
      vertex -5.23446 1.47291 2
      vertex -5.27979 5.34778 2
    endloop
  endfacet
  facet normal 0 0 1
    outer loop
      vertex -5.23446 1.47291 2
      vertex -5.30244 0.997051 2
      vertex -5.25714 1.29161 2
    endloop
  endfacet
  facet normal 0 0 1
    outer loop
      vertex -5.25714 1.29161 2
      vertex -5.30244 0.997051 2
      vertex -5.25714 1.15567 2
    endloop
  endfacet
  facet normal 0 0 1
    outer loop
      vertex -5.21181 4.9399 2
      vertex -5.18916 4.78128 2
      vertex -5.18916 4.91722 2
    endloop
  endfacet
  facet normal 0 0 1
    outer loop
      vertex -5.18916 4.78128 2
      vertex -5.21181 4.9399 2
      vertex -5.18916 1.85814 2
    endloop
  endfacet
  facet normal 0 0 1
    outer loop
      vertex -5.21181 1.65418 2
      vertex -5.18916 1.85814 2
      vertex -5.21181 4.9399 2
    endloop
  endfacet
  facet normal 0 0 1
    outer loop
      vertex -5.18916 1.85814 2
      vertex -5.21181 1.65418 2
      vertex -5.18916 1.67684 2
    endloop
  endfacet
  facet normal 0 0 1
    outer loop
      vertex -5.14382 4.28274 2
      vertex -5.12117 3.78423 2
      vertex -5.12117 4.26009 2
    endloop
  endfacet
  facet normal 0 0 1
    outer loop
      vertex -5.14382 2.40195 2
      vertex -5.12117 3.78423 2
      vertex -5.14382 4.28274 2
    endloop
  endfacet
  facet normal 0 0 1
    outer loop
      vertex -5.12117 3.78423 2
      vertex -5.14382 2.40195 2
      vertex -5.12117 2.42463 2
    endloop
  endfacet
  facet normal 0 0 1
    outer loop
      vertex -5.18916 4.78128 2
      vertex -5.14382 4.28274 2
      vertex -5.1665 4.7586 2
    endloop
  endfacet
  facet normal 0 0 1
    outer loop
      vertex -5.14382 4.28274 2
      vertex -5.18916 4.78128 2
      vertex -5.14382 2.40195 2
    endloop
  endfacet
  facet normal 0 0 1
    outer loop
      vertex -5.18916 1.85814 2
      vertex -5.14382 2.40195 2
      vertex -5.18916 4.78128 2
    endloop
  endfacet
  facet normal 0 0 1
    outer loop
      vertex -5.14382 2.40195 2
      vertex -5.18916 1.85814 2
      vertex -5.1665 1.88079 2
    endloop
  endfacet
  facet normal 0 0 1
    outer loop
      vertex -5.09852 3.76158 2
      vertex -5.12117 3.78423 2
      vertex -5.12117 2.42463 2
    endloop
  endfacet
  facet normal 0 0 1
    outer loop
      vertex -0.611828 -1.5862 2
      vertex -0.31724 -2.99113 2
      vertex -0.31724 -1.74482 2
    endloop
  endfacet
  facet normal 0 0 1
    outer loop
      vertex -0.339891 -3.01378 2
      vertex -0.362572 -3.87486 2
      vertex -0.339891 -3.85221 2
    endloop
  endfacet
  facet normal 0 0 1
    outer loop
      vertex -1.06504 -1.5409 2
      vertex -0.31724 -2.99113 2
      vertex -0.611828 -1.5862 2
    endloop
  endfacet
  facet normal 0 0 1
    outer loop
      vertex -0.498511 -1.5862 2
      vertex -0.31724 -1.74482 2
      vertex -0.385223 -1.63153 2
    endloop
  endfacet
  facet normal 0 0 1
    outer loop
      vertex -0.31724 -2.99113 2
      vertex -1.06504 -1.5409 2
      vertex -0.339891 -3.01378 2
    endloop
  endfacet
  facet normal -0 0 1
    outer loop
      vertex -1.92609 -1.5409 2
      vertex -0.339891 -3.01378 2
      vertex -1.06504 -1.5409 2
    endloop
  endfacet
  facet normal 0 0 1
    outer loop
      vertex -0.31724 -1.74482 2
      vertex -0.498511 -1.5862 2
      vertex -0.611828 -1.5862 2
    endloop
  endfacet
  facet normal -0 0 1
    outer loop
      vertex -2.46994 -1.5862 2
      vertex -0.339891 -3.01378 2
      vertex -1.92609 -1.5409 2
    endloop
  endfacet
  facet normal 0 0 1
    outer loop
      vertex -0.362572 -3.87486 2
      vertex -1.88079 -5.48374 2
      vertex -0.385223 -5.27979 2
    endloop
  endfacet
  facet normal 0 -0 1
    outer loop
      vertex -0.589148 -5.52905 2
      vertex -0.385223 -5.27979 2
      vertex -1.88079 -5.48374 2
    endloop
  endfacet
  facet normal 0 0 1
    outer loop
      vertex -1.06504 -1.5409 2
      vertex -0.611828 -1.5862 2
      vertex -0.63448 -1.56355 2
    endloop
  endfacet
  facet normal 0 0 1
    outer loop
      vertex -0.385223 -5.27979 2
      vertex -0.589148 -5.52905 2
      vertex -0.430528 -5.41576 2
    endloop
  endfacet
  facet normal 0 0 1
    outer loop
      vertex -1.92609 -1.5409 2
      vertex -1.06504 -1.5409 2
      vertex -1.08769 -1.51822 2
    endloop
  endfacet
  facet normal 0 0 1
    outer loop
      vertex -0.430528 -5.41576 2
      vertex -0.589148 -5.52905 2
      vertex -0.521192 -5.5064 2
    endloop
  endfacet
  facet normal 0 0 1
    outer loop
      vertex -0.589148 -5.52905 2
      vertex -1.88079 -5.48374 2
      vertex -1.85814 -5.5064 2
    endloop
  endfacet
  facet normal 0 0 1
    outer loop
      vertex -1.92609 -1.5409 2
      vertex -1.08769 -1.51822 2
      vertex -1.90344 -1.51822 2
    endloop
  endfacet
  facet normal 0 0 1
    outer loop
      vertex -0.339891 -3.01378 2
      vertex -2.46994 -1.5862 2
      vertex -0.362572 -3.87486 2
    endloop
  endfacet
  facet normal 0 0 1
    outer loop
      vertex -2.46994 -1.5862 2
      vertex -1.92609 -1.5409 2
      vertex -2.44728 -1.56355 2
    endloop
  endfacet
  facet normal 0 0 1
    outer loop
      vertex -2.51527 -5.43841 2
      vertex -0.362572 -3.87486 2
      vertex -2.46994 -1.5862 2
    endloop
  endfacet
  facet normal 0 0 1
    outer loop
      vertex -0.362572 -3.87486 2
      vertex -2.51527 -5.43841 2
      vertex -1.88079 -5.48374 2
    endloop
  endfacet
  facet normal 0 0 1
    outer loop
      vertex -1.88079 -5.48374 2
      vertex -2.51527 -5.43841 2
      vertex -2.49262 -5.46106 2
    endloop
  endfacet
  facet normal 0 0 1
    outer loop
      vertex -2.65124 -1.60885 2
      vertex -2.46994 -1.5862 2
      vertex -2.62856 -1.5862 2
    endloop
  endfacet
  facet normal 0 0 1
    outer loop
      vertex -2.46994 -1.5862 2
      vertex -2.65124 -1.60885 2
      vertex -2.51527 -5.43841 2
    endloop
  endfacet
  facet normal -0 0 1
    outer loop
      vertex -2.76452 -5.41576 2
      vertex -2.51527 -5.43841 2
      vertex -2.65124 -1.60885 2
    endloop
  endfacet
  facet normal 0 0 1
    outer loop
      vertex -2.51527 -5.43841 2
      vertex -2.76452 -5.41576 2
      vertex -2.74187 -5.43841 2
    endloop
  endfacet
  facet normal 0 0 1
    outer loop
      vertex -2.80986 -1.63153 2
      vertex -2.65124 -1.60885 2
      vertex -2.78718 -1.60885 2
    endloop
  endfacet
  facet normal 0 0 1
    outer loop
      vertex -2.65124 -1.60885 2
      vertex -2.80986 -1.63153 2
      vertex -2.76452 -5.41576 2
    endloop
  endfacet
  facet normal 0 0 1
    outer loop
      vertex -2.96848 -1.65418 2
      vertex -2.80986 -1.63153 2
      vertex -2.9458 -1.63153 2
    endloop
  endfacet
  facet normal 0 0 1
    outer loop
      vertex -2.80986 -1.63153 2
      vertex -2.96848 -1.65418 2
      vertex -2.76452 -5.41576 2
    endloop
  endfacet
  facet normal 0 0 1
    outer loop
      vertex -3.21773 -1.69952 2
      vertex -2.96848 -1.65418 2
      vertex -3.19508 -1.67684 2
    endloop
  endfacet
  facet normal 0 0 1
    outer loop
      vertex -2.96848 -1.65418 2
      vertex -3.21773 -1.69952 2
      vertex -2.76452 -5.41576 2
    endloop
  endfacet
  facet normal -0 0 1
    outer loop
      vertex -3.33102 -5.34778 2
      vertex -2.76452 -5.41576 2
      vertex -3.21773 -1.69952 2
    endloop
  endfacet
  facet normal 0 0 1
    outer loop
      vertex -3.3537 -1.72217 2
      vertex -3.21773 -1.69952 2
      vertex -3.33102 -1.69952 2
    endloop
  endfacet
  facet normal 0 0 1
    outer loop
      vertex -2.76452 -5.41576 2
      vertex -3.33102 -5.34778 2
      vertex -3.30837 -5.37043 2
    endloop
  endfacet
  facet normal 0 0 1
    outer loop
      vertex -3.21773 -1.69952 2
      vertex -3.3537 -1.72217 2
      vertex -3.33102 -5.34778 2
    endloop
  endfacet
  facet normal -0 0 1
    outer loop
      vertex -3.46699 -5.32512 2
      vertex -3.33102 -5.34778 2
      vertex -3.3537 -1.72217 2
    endloop
  endfacet
  facet normal 0 0 1
    outer loop
      vertex -3.33102 -5.34778 2
      vertex -3.46699 -5.32512 2
      vertex -3.44434 -5.34778 2
    endloop
  endfacet
  facet normal -0 0 1
    outer loop
      vertex -3.78423 -1.8128 2
      vertex -3.46699 -5.32512 2
      vertex -3.3537 -1.72217 2
    endloop
  endfacet
  facet normal 0 0 1
    outer loop
      vertex -3.46699 -5.32512 2
      vertex -3.62561 -5.30244 2
      vertex -3.60296 -5.32512 2
    endloop
  endfacet
  facet normal 0 0 1
    outer loop
      vertex -3.78423 -1.8128 2
      vertex -3.3537 -1.72217 2
      vertex -3.67094 -1.76747 2
    endloop
  endfacet
  facet normal 0 0 1
    outer loop
      vertex -3.46699 -5.32512 2
      vertex -3.78423 -1.8128 2
      vertex -3.62561 -5.30244 2
    endloop
  endfacet
  facet normal -0 0 1
    outer loop
      vertex -3.87486 -5.25714 2
      vertex -3.62561 -5.30244 2
      vertex -3.78423 -1.8128 2
    endloop
  endfacet
  facet normal 0 0 1
    outer loop
      vertex -4.07882 -1.88079 2
      vertex -3.78423 -1.8128 2
      vertex -3.87486 -1.8128 2
    endloop
  endfacet
  facet normal 0 0 1
    outer loop
      vertex -3.62561 -5.30244 2
      vertex -3.87486 -5.25714 2
      vertex -3.7389 -5.30244 2
    endloop
  endfacet
  facet normal 0 0 1
    outer loop
      vertex -3.78423 -1.8128 2
      vertex -4.07882 -1.88079 2
      vertex -3.87486 -5.25714 2
    endloop
  endfacet
  facet normal -0 0 1
    outer loop
      vertex -4.1468 -5.21181 2
      vertex -3.87486 -5.25714 2
      vertex -4.07882 -1.88079 2
    endloop
  endfacet
  facet normal 0 0 1
    outer loop
      vertex -4.32807 -1.94877 2
      vertex -4.07882 -1.88079 2
      vertex -4.1468 -1.88079 2
    endloop
  endfacet
  facet normal 0 0 1
    outer loop
      vertex -3.87486 -5.25714 2
      vertex -4.1468 -5.21181 2
      vertex -4.12412 -5.23446 2
    endloop
  endfacet
  facet normal 0 0 1
    outer loop
      vertex -4.07882 -1.88079 2
      vertex -4.32807 -1.94877 2
      vertex -4.1468 -5.21181 2
    endloop
  endfacet
  facet normal 0 0 1
    outer loop
      vertex -4.48669 -1.99408 2
      vertex -4.32807 -1.94877 2
      vertex -4.39606 -1.94877 2
    endloop
  endfacet
  facet normal 0 0 1
    outer loop
      vertex -4.32807 -1.94877 2
      vertex -4.48669 -1.99408 2
      vertex -4.1468 -5.21181 2
    endloop
  endfacet
  facet normal 0 0 1
    outer loop
      vertex -4.7133 -2.06206 2
      vertex -4.48669 -1.99408 2
      vertex -4.55468 -1.99408 2
    endloop
  endfacet
  facet normal 0 0 1
    outer loop
      vertex -4.48669 -1.99408 2
      vertex -4.7133 -2.06206 2
      vertex -4.1468 -5.21181 2
    endloop
  endfacet
  facet normal 0 0 1
    outer loop
      vertex -4.1468 -5.21181 2
      vertex -4.7133 -2.06206 2
      vertex -4.69062 -5.12117 2
    endloop
  endfacet
  facet normal 0 0 1
    outer loop
      vertex -5.12117 -2.17538 2
      vertex -4.7133 -2.06206 2
      vertex -4.78128 -2.06206 2
    endloop
  endfacet
  facet normal 0 0 1
    outer loop
      vertex -4.7133 -2.06206 2
      vertex -4.80393 -5.07584 2
      vertex -4.69062 -5.12117 2
    endloop
  endfacet
  facet normal 0 0 1
    outer loop
      vertex -4.7133 -2.06206 2
      vertex -5.12117 -2.17538 2
      vertex -4.80393 -5.07584 2
    endloop
  endfacet
  facet normal 0 0 1
    outer loop
      vertex -4.80393 -5.07584 2
      vertex -5.00788 -5.03054 2
      vertex -4.89457 -5.07584 2
    endloop
  endfacet
  facet normal 0 0 1
    outer loop
      vertex -4.80393 -5.07584 2
      vertex -5.12117 -2.17538 2
      vertex -5.00788 -5.03054 2
    endloop
  endfacet
  facet normal 0 0 1
    outer loop
      vertex -5.00788 -5.03054 2
      vertex -5.12117 -2.17538 2
      vertex -5.12117 -5.00788 2
    endloop
  endfacet
  facet normal 0 0 1
    outer loop
      vertex -5.00788 -5.03054 2
      vertex -5.12117 -5.00788 2
      vertex -5.09852 -5.03054 2
    endloop
  endfacet
  facet normal -0 0 1
    outer loop
      vertex -5.84629 -2.49262 2
      vertex -5.12117 -5.00788 2
      vertex -5.12117 -2.17538 2
    endloop
  endfacet
  facet normal 0 0 1
    outer loop
      vertex -5.12117 -5.00788 2
      vertex -5.5517 -4.89457 2
      vertex -5.46106 -4.9399 2
    endloop
  endfacet
  facet normal 0 0 1
    outer loop
      vertex -5.12117 -5.00788 2
      vertex -5.84629 -2.49262 2
      vertex -5.5517 -4.89457 2
    endloop
  endfacet
  facet normal -0 0 1
    outer loop
      vertex -6.09554 -4.73595 2
      vertex -5.5517 -4.89457 2
      vertex -5.84629 -2.49262 2
    endloop
  endfacet
  facet normal 0 0 1
    outer loop
      vertex -6.09554 -4.73595 2
      vertex -5.84629 -2.49262 2
      vertex -5.98226 -2.51527 2
    endloop
  endfacet
  facet normal -0 0 1
    outer loop
      vertex -6.09554 -2.49262 2
      vertex -5.98226 -2.51527 2
      vertex -6.00491 -2.49262 2
    endloop
  endfacet
  facet normal 0 0 1
    outer loop
      vertex -6.86599 -4.39606 2
      vertex -5.98226 -2.51527 2
      vertex -6.09554 -2.49262 2
    endloop
  endfacet
  facet normal 0 0 1
    outer loop
      vertex -5.5517 -4.89457 2
      vertex -6.09554 -4.73595 2
      vertex -5.61968 -4.89457 2
    endloop
  endfacet
  facet normal 0 0 1
    outer loop
      vertex -7.56846 -3.94285 2
      vertex -6.09554 -2.49262 2
      vertex -6.16353 -2.44728 2
    endloop
  endfacet
  facet normal 0 0 1
    outer loop
      vertex -8.1576 -3.37635 2
      vertex -6.16353 -2.44728 2
      vertex -6.20886 -2.35665 2
    endloop
  endfacet
  facet normal 0 0 1
    outer loop
      vertex -10.3733 9.40182 2
      vertex -6.3448 8.02166 2
      vertex -6.36748 8.22559 2
    endloop
  endfacet
  facet normal 0 0 1
    outer loop
      vertex -6.11822 8.45219 2
      vertex -7.77798 11.6406 2
      vertex -6.27684 8.38421 2
    endloop
  endfacet
  facet normal 0 0 1
    outer loop
      vertex -5.98226 -2.51527 2
      vertex -6.86599 -4.39606 2
      vertex -6.09554 -4.73595 2
    endloop
  endfacet
  facet normal 0 0 1
    outer loop
      vertex -5.82364 7.13793 2
      vertex -8.27092 3.30837 2
      vertex -8.24827 3.01378 2
    endloop
  endfacet
  facet normal -0 0 1
    outer loop
      vertex -8.33979 11.2449 2
      vertex -6.27684 8.38421 2
      vertex -7.77798 11.6406 2
    endloop
  endfacet
  facet normal -0 0 1
    outer loop
      vertex -8.24827 1.3596 2
      vertex -5.98226 -1.65418 2
      vertex -8.22559 1.49556 2
    endloop
  endfacet
  facet normal -0 0 1
    outer loop
      vertex -8.88151 10.8221 2
      vertex -6.27684 8.38421 2
      vertex -8.33979 11.2449 2
    endloop
  endfacet
  facet normal -0 0 1
    outer loop
      vertex -8.31622 1.06503 2
      vertex -5.98226 -1.65418 2
      vertex -8.24827 1.3596 2
    endloop
  endfacet
  facet normal -0 0 1
    outer loop
      vertex -8.65614 0.0226517 2
      vertex -5.98226 -1.65418 2
      vertex -8.31622 1.06503 2
    endloop
  endfacet
  facet normal -0 0 1
    outer loop
      vertex -8.22559 1.49556 2
      vertex -5.98226 -1.65418 2
      vertex -8.20294 1.69952 2
    endloop
  endfacet
  facet normal 0 0 1
    outer loop
      vertex -5.82364 7.13793 2
      vertex -8.22559 2.76452 2
      vertex -8.20294 2.46994 2
    endloop
  endfacet
  facet normal 0 0 1
    outer loop
      vertex -5.82364 7.13793 2
      vertex -8.24827 3.01378 2
      vertex -8.22559 2.76452 2
    endloop
  endfacet
  facet normal 0 0 1
    outer loop
      vertex -5.82364 7.13793 2
      vertex -8.31622 3.48964 2
      vertex -8.27092 3.30837 2
    endloop
  endfacet
  facet normal 0 0 1
    outer loop
      vertex -8.27092 3.30837 2
      vertex -8.31622 3.48964 2
      vertex -8.29357 3.33102 2
    endloop
  endfacet
  facet normal 0 0 1
    outer loop
      vertex -6.27684 8.38421 2
      vertex -8.88151 10.8221 2
      vertex -6.36748 8.22559 2
    endloop
  endfacet
  facet normal 0 0 1
    outer loop
      vertex -5.82364 7.13793 2
      vertex -8.45219 3.7389 2
      vertex -8.31622 3.48964 2
    endloop
  endfacet
  facet normal 0 0 1
    outer loop
      vertex -5.82364 7.13793 2
      vertex -8.63349 3.89752 2
      vertex -8.45219 3.7389 2
    endloop
  endfacet
  facet normal -0 0 1
    outer loop
      vertex -9.40182 10.3733 2
      vertex -6.36748 8.22559 2
      vertex -8.88151 10.8221 2
    endloop
  endfacet
  facet normal -0 0 1
    outer loop
      vertex -9.89949 9.89949 2
      vertex -6.36748 8.22559 2
      vertex -9.40182 10.3733 2
    endloop
  endfacet
  facet normal 0 0 1
    outer loop
      vertex -5.82364 7.13793 2
      vertex -8.76943 3.9655 2
      vertex -8.63349 3.89752 2
    endloop
  endfacet
  facet normal 0 0 1
    outer loop
      vertex -8.76943 3.9655 2
      vertex -8.97338 4.01083 2
      vertex -8.95073 3.98818 2
    endloop
  endfacet
  facet normal -0 0 1
    outer loop
      vertex -10.3733 9.40182 2
      vertex -6.36748 8.22559 2
      vertex -9.89949 9.89949 2
    endloop
  endfacet
  facet normal 0 0 1
    outer loop
      vertex -6.3448 8.02166 2
      vertex -10.3733 9.40182 2
      vertex -10.8221 8.88151 2
    endloop
  endfacet
  facet normal 0 0 1
    outer loop
      vertex -6.3448 8.02166 2
      vertex -8.97338 4.01083 2
      vertex -8.76943 3.9655 2
    endloop
  endfacet
  facet normal 0 0 1
    outer loop
      vertex -6.3448 8.02166 2
      vertex -10.8221 8.88151 2
      vertex -11.2449 8.33979 2
    endloop
  endfacet
  facet normal 0 0 1
    outer loop
      vertex -6.3448 8.02166 2
      vertex -11.2449 8.33979 2
      vertex -8.97338 4.01083 2
    endloop
  endfacet
  facet normal -0 0 1
    outer loop
      vertex -11.6406 7.77798 2
      vertex -8.97338 4.01083 2
      vertex -11.2449 8.33979 2
    endloop
  endfacet
  facet normal 0 0 1
    outer loop
      vertex -8.97338 4.01083 2
      vertex -11.6406 7.77798 2
      vertex -9.26797 3.9655 2
    endloop
  endfacet
  facet normal -0 0 1
    outer loop
      vertex -12.0082 7.19744 2
      vertex -9.26797 3.9655 2
      vertex -11.6406 7.77798 2
    endloop
  endfacet
  facet normal -0 0 1
    outer loop
      vertex -12.3469 6.59955 2
      vertex -9.26797 3.9655 2
      vertex -12.0082 7.19744 2
    endloop
  endfacet
  facet normal 0 0 1
    outer loop
      vertex -9.26797 3.9655 2
      vertex -12.3469 6.59955 2
      vertex -9.67585 3.78423 2
    endloop
  endfacet
  facet normal -0 0 1
    outer loop
      vertex -12.6558 5.98577 2
      vertex -9.67585 3.78423 2
      vertex -12.3469 6.59955 2
    endloop
  endfacet
  facet normal 0 0 1
    outer loop
      vertex -9.67585 3.78423 2
      vertex -12.6558 5.98577 2
      vertex -10.197 3.399 2
    endloop
  endfacet
  facet normal -0 0 1
    outer loop
      vertex -12.9343 5.35757 2
      vertex -10.197 3.399 2
      vertex -12.6558 5.98577 2
    endloop
  endfacet
  facet normal 0 0 1
    outer loop
      vertex -10.197 3.399 2
      vertex -10.8768 3.01378 2
      vertex -10.8315 3.01378 2
    endloop
  endfacet
  facet normal 0 0 1
    outer loop
      vertex -10.197 3.399 2
      vertex -12.9343 5.35757 2
      vertex -10.8768 3.01378 2
    endloop
  endfacet
  facet normal -0 0 1
    outer loop
      vertex -13.1816 4.71646 2
      vertex -10.8768 3.01378 2
      vertex -12.9343 5.35757 2
    endloop
  endfacet
  facet normal 0 -0 1
    outer loop
      vertex -11.4207 2.80986 2
      vertex -10.8768 3.01378 2
      vertex -13.1816 4.71646 2
    endloop
  endfacet
  facet normal 0 0 1
    outer loop
      vertex -11.0354 2.92314 2
      vertex -11.4207 2.80986 2
      vertex -11.3527 2.80986 2
    endloop
  endfacet
  facet normal 0 0 1
    outer loop
      vertex -10.8768 3.01378 2
      vertex -11.4207 2.80986 2
      vertex -11.0354 2.92314 2
    endloop
  endfacet
  facet normal 0 -0 1
    outer loop
      vertex -11.7153 2.74187 2
      vertex -11.4207 2.80986 2
      vertex -13.1816 4.71646 2
    endloop
  endfacet
  facet normal 0 0 1
    outer loop
      vertex -11.4207 2.80986 2
      vertex -11.7153 2.74187 2
      vertex -11.6246 2.74187 2
    endloop
  endfacet
  facet normal 0 -0 1
    outer loop
      vertex -11.8285 2.71919 2
      vertex -11.7153 2.74187 2
      vertex -13.1816 4.71646 2
    endloop
  endfacet
  facet normal 0 0 1
    outer loop
      vertex -11.7153 2.74187 2
      vertex -11.8285 2.71919 2
      vertex -11.7379 2.71919 2
    endloop
  endfacet
  facet normal 0 0 1
    outer loop
      vertex -6.09554 -2.49262 2
      vertex -7.56846 -3.94285 2
      vertex -6.86599 -4.39606 2
    endloop
  endfacet
  facet normal 0 0 1
    outer loop
      vertex -8.74678 -0.430528 2
      vertex -8.72413 -0.31724 2
      vertex -8.74678 -0.339891 2
    endloop
  endfacet
  facet normal 0 -0 1
    outer loop
      vertex -8.70145 -2.28866 2
      vertex -6.20886 -2.13004 2
      vertex -8.81476 -1.69952 2
    endloop
  endfacet
  facet normal 0 0 1
    outer loop
      vertex -8.76943 -0.543843 2
      vertex -8.74678 -0.430528 2
      vertex -8.76943 -0.453208 2
    endloop
  endfacet
  facet normal 0 -0 1
    outer loop
      vertex -8.61081 -2.6059 2
      vertex -6.20886 -2.13004 2
      vertex -8.70145 -2.28866 2
    endloop
  endfacet
  facet normal 0 0 1
    outer loop
      vertex -8.81476 -0.838431 2
      vertex -8.76943 -0.543843 2
      vertex -8.79211 -0.566496 2
    endloop
  endfacet
  facet normal 0 0 1
    outer loop
      vertex -6.20886 -2.13004 2
      vertex -8.61081 -2.6059 2
      vertex -6.20886 -2.35665 2
    endloop
  endfacet
  facet normal 0 0 1
    outer loop
      vertex -6.16353 -2.44728 2
      vertex -8.1576 -3.37635 2
      vertex -7.56846 -3.94285 2
    endloop
  endfacet
  facet normal 0 0 1
    outer loop
      vertex -8.70145 -2.28866 2
      vertex -8.81476 -1.69952 2
      vertex -8.79211 -1.99408 2
    endloop
  endfacet
  facet normal -0 0 1
    outer loop
      vertex -8.83742 -0.861084 2
      vertex -8.81476 -1.69952 2
      vertex -8.81476 -0.838431 2
    endloop
  endfacet
  facet normal 0 0 1
    outer loop
      vertex -8.81476 -1.69952 2
      vertex -8.83742 -0.861084 2
      vertex -8.83742 -1.67684 2
    endloop
  endfacet
  facet normal -0 0 1
    outer loop
      vertex -8.72413 -0.31724 2
      vertex -5.98226 -1.65418 2
      vertex -8.65614 0.0226517 2
    endloop
  endfacet
  facet normal 0 0 1
    outer loop
      vertex -8.22559 1.49556 2
      vertex -8.20294 1.69952 2
      vertex -8.22559 1.67684 2
    endloop
  endfacet
  facet normal -0 0 1
    outer loop
      vertex -8.74678 -0.430528 2
      vertex -5.98226 -1.65418 2
      vertex -8.72413 -0.31724 2
    endloop
  endfacet
  facet normal 0 0 1
    outer loop
      vertex -8.24827 1.3596 2
      vertex -8.22559 1.49556 2
      vertex -8.24827 1.47291 2
    endloop
  endfacet
  facet normal -0 0 1
    outer loop
      vertex -8.76943 -0.543843 2
      vertex -5.98226 -1.65418 2
      vertex -8.74678 -0.430528 2
    endloop
  endfacet
  facet normal 0 0 1
    outer loop
      vertex -8.31622 1.06503 2
      vertex -8.24827 1.3596 2
      vertex -8.27092 1.33694 2
    endloop
  endfacet
  facet normal -0 0 1
    outer loop
      vertex -8.81476 -0.838431 2
      vertex -5.98226 -1.65418 2
      vertex -8.76943 -0.543843 2
    endloop
  endfacet
  facet normal 0 0 1
    outer loop
      vertex -5.98226 -1.65418 2
      vertex -8.81476 -0.838431 2
      vertex -6.20886 -2.13004 2
    endloop
  endfacet
  facet normal -0 0 1
    outer loop
      vertex -8.81476 -1.69952 2
      vertex -6.20886 -2.13004 2
      vertex -8.81476 -0.838431 2
    endloop
  endfacet
  facet normal 0 0 1
    outer loop
      vertex -6.20886 -2.35665 2
      vertex -8.47484 -2.90049 2
      vertex -8.1576 -3.37635 2
    endloop
  endfacet
  facet normal 0 0 1
    outer loop
      vertex -6.20886 -2.35665 2
      vertex -8.61081 -2.6059 2
      vertex -8.47484 -2.90049 2
    endloop
  endfacet
  facet normal 0 0 1
    outer loop
      vertex -8.61081 -2.6059 2
      vertex -8.70145 -2.28866 2
      vertex -8.70145 -2.35665 2
    endloop
  endfacet
  facet normal 0 0 1
    outer loop
      vertex -8.20294 2.46994 2
      vertex -8.22559 2.76452 2
      vertex -8.22559 2.49261 2
    endloop
  endfacet
  facet normal 0 0 1
    outer loop
      vertex -8.22559 2.76452 2
      vertex -8.24827 3.01378 2
      vertex -8.24827 2.78718 2
    endloop
  endfacet
  facet normal 0 0 1
    outer loop
      vertex -8.24827 3.01378 2
      vertex -8.27092 3.30837 2
      vertex -8.27092 3.03646 2
    endloop
  endfacet
  facet normal 0 0 1
    outer loop
      vertex -11.262 -4.73595 2
      vertex -11.2394 -4.84926 2
      vertex -11.2394 -4.7586 2
    endloop
  endfacet
  facet normal 0 0 1
    outer loop
      vertex -12.9343 -5.35757 2
      vertex -11.2394 -4.84926 2
      vertex -11.262 -4.73595 2
    endloop
  endfacet
  facet normal 0 0 1
    outer loop
      vertex -11.33 -4.26009 2
      vertex -11.262 -4.73595 2
      vertex -11.3074 -4.28274 2
    endloop
  endfacet
  facet normal -0 0 1
    outer loop
      vertex -13.1816 -4.71646 2
      vertex -11.262 -4.73595 2
      vertex -11.33 -4.26009 2
    endloop
  endfacet
  facet normal 0 0 1
    outer loop
      vertex -13.1816 -4.71646 2
      vertex -11.33 -4.26009 2
      vertex -11.3527 -3.94285 2
    endloop
  endfacet
  facet normal 0 0 1
    outer loop
      vertex -11.262 -2.69654 2
      vertex -13.731 -2.73126 2
      vertex -11.33 -3.1271 2
    endloop
  endfacet
  facet normal -0 0 1
    outer loop
      vertex -11.6473 1.47291 2
      vertex -11.5566 1.45023 2
      vertex -11.5793 1.47291 2
    endloop
  endfacet
  facet normal 0 0 1
    outer loop
      vertex -10.3556 -7.22856 2
      vertex -11.6406 -7.77798 2
      vertex -11.2449 -8.33979 2
    endloop
  endfacet
  facet normal 0 0 1
    outer loop
      vertex -10.8088 -1.31429 2
      vertex -10.9901 -1.74482 2
      vertex -10.8088 -1.3596 2
    endloop
  endfacet
  facet normal 0 0 1
    outer loop
      vertex -11.9645 1.65418 2
      vertex -11.6473 1.47291 2
      vertex -11.7832 1.5862 2
    endloop
  endfacet
  facet normal -0 0 1
    outer loop
      vertex -11.9645 1.65418 2
      vertex -11.7832 1.5862 2
      vertex -11.8285 1.65418 2
    endloop
  endfacet
  facet normal 0 0 1
    outer loop
      vertex -11.6473 1.47291 2
      vertex -11.9645 1.65418 2
      vertex -14 0 2
    endloop
  endfacet
  facet normal 0 0 1
    outer loop
      vertex -10.6049 -6.7527 2
      vertex -12.0082 -7.19744 2
      vertex -11.6406 -7.77798 2
    endloop
  endfacet
  facet normal 0 0 1
    outer loop
      vertex -13.9831 0.686947 2
      vertex -11.9645 1.65418 2
      vertex -12.0098 1.69952 2
    endloop
  endfacet
  facet normal -0 0 1
    outer loop
      vertex -13.8485 2.05423 2
      vertex -12.0098 1.69952 2
      vertex -12.1231 2.35665 2
    endloop
  endfacet
  facet normal -0 0 1
    outer loop
      vertex -13.3972 4.06398 2
      vertex -11.8285 2.71919 2
      vertex -13.1816 4.71646 2
    endloop
  endfacet
  facet normal 0 0 1
    outer loop
      vertex -10.8542 -6.11822 2
      vertex -12.3469 -6.59955 2
      vertex -12.0082 -7.19744 2
    endloop
  endfacet
  facet normal 0 0 1
    outer loop
      vertex -11.8285 2.71919 2
      vertex -13.3972 4.06398 2
      vertex -11.9645 2.65124 2
    endloop
  endfacet
  facet normal 0 0 1
    outer loop
      vertex -11.0581 -5.57438 2
      vertex -12.6558 -5.98577 2
      vertex -12.3469 -6.59955 2
    endloop
  endfacet
  facet normal -0 0 1
    outer loop
      vertex -13.5804 3.40172 2
      vertex -11.9645 2.65124 2
      vertex -13.3972 4.06398 2
    endloop
  endfacet
  facet normal 0 0 1
    outer loop
      vertex -11.1487 -5.25714 2
      vertex -12.9343 -5.35757 2
      vertex -12.6558 -5.98577 2
    endloop
  endfacet
  facet normal 0 0 1
    outer loop
      vertex -11.9645 2.65124 2
      vertex -13.5804 3.40172 2
      vertex -12.0551 2.56057 2
    endloop
  endfacet
  facet normal 0 0 1
    outer loop
      vertex -11.262 -4.73595 2
      vertex -13.1816 -4.71646 2
      vertex -12.9343 -5.35757 2
    endloop
  endfacet
  facet normal -0 0 1
    outer loop
      vertex -13.731 2.73126 2
      vertex -12.0551 2.56057 2
      vertex -13.5804 3.40172 2
    endloop
  endfacet
  facet normal 0 0 1
    outer loop
      vertex -11.3527 -3.94285 2
      vertex -13.3972 -4.06398 2
      vertex -13.1816 -4.71646 2
    endloop
  endfacet
  facet normal 0 0 1
    outer loop
      vertex -12.0551 2.56057 2
      vertex -13.731 2.73126 2
      vertex -12.1231 2.35665 2
    endloop
  endfacet
  facet normal 0 0 1
    outer loop
      vertex -11.3527 -3.399 2
      vertex -13.3972 -4.06398 2
      vertex -11.3527 -3.94285 2
    endloop
  endfacet
  facet normal 0 0 1
    outer loop
      vertex -13.8485 2.05423 2
      vertex -12.1231 2.35665 2
      vertex -13.731 2.73126 2
    endloop
  endfacet
  facet normal 0 -0 1
    outer loop
      vertex -13.3972 -4.06398 2
      vertex -11.3527 -3.399 2
      vertex -13.5804 -3.40172 2
    endloop
  endfacet
  facet normal 0 0 1
    outer loop
      vertex -12.0098 1.69952 2
      vertex -13.8485 2.05423 2
      vertex -13.9326 1.37224 2
    endloop
  endfacet
  facet normal 0 0 1
    outer loop
      vertex -11.33 -3.1271 2
      vertex -13.5804 -3.40172 2
      vertex -11.3527 -3.399 2
    endloop
  endfacet
  facet normal 0 0 1
    outer loop
      vertex -12.0098 1.69952 2
      vertex -13.9326 1.37224 2
      vertex -13.9831 0.686947 2
    endloop
  endfacet
  facet normal 0 -0 1
    outer loop
      vertex -13.5804 -3.40172 2
      vertex -11.33 -3.1271 2
      vertex -13.731 -2.73126 2
    endloop
  endfacet
  facet normal 0 0 1
    outer loop
      vertex -11.9645 1.65418 2
      vertex -13.9831 0.686947 2
      vertex -14 0 2
    endloop
  endfacet
  facet normal 0 0 1
    outer loop
      vertex -11.1714 -2.31132 2
      vertex -11.262 -2.69654 2
      vertex -11.2167 -2.58325 2
    endloop
  endfacet
  facet normal 0 -0 1
    outer loop
      vertex -10.9901 -1.74482 2
      vertex -10.8088 -1.31429 2
      vertex -13.9831 -0.686947 2
    endloop
  endfacet
  facet normal -0.997296 0.0734918 0
    outer loop
      vertex -13.9831 0.686947 0
      vertex -13.9326 1.37224 2
      vertex -13.9326 1.37224 0
    endloop
  endfacet
  facet normal -0.997296 0.0734918 0
    outer loop
      vertex -13.9326 1.37224 2
      vertex -13.9831 0.686947 0
      vertex -13.9831 0.686947 2
    endloop
  endfacet
  facet normal 0.997296 -0.0734918 0
    outer loop
      vertex 13.9326 -1.37224 2
      vertex 13.9831 -0.686947 0
      vertex 13.9831 -0.686947 2
    endloop
  endfacet
  facet normal 0.997296 -0.0734918 0
    outer loop
      vertex 13.9831 -0.686947 0
      vertex 13.9326 -1.37224 2
      vertex 13.9326 -1.37224 0
    endloop
  endfacet
  facet normal 0.992482 -0.122389 0
    outer loop
      vertex 13.8485 -2.05423 2
      vertex 13.9326 -1.37224 0
      vertex 13.9326 -1.37224 2
    endloop
  endfacet
  facet normal 0.992482 -0.122389 0
    outer loop
      vertex 13.9326 -1.37224 0
      vertex 13.8485 -2.05423 2
      vertex 13.8485 -2.05423 0
    endloop
  endfacet
  facet normal 0.963803 -0.266615 0
    outer loop
      vertex 13.3972 -4.06398 2
      vertex 13.5804 -3.40172 0
      vertex 13.5804 -3.40172 2
    endloop
  endfacet
  facet normal 0.963803 -0.266615 0
    outer loop
      vertex 13.5804 -3.40172 0
      vertex 13.3972 -4.06398 2
      vertex 13.3972 -4.06398 0
    endloop
  endfacet
  facet normal 0.170996 -0.985272 0
    outer loop
      vertex 2.05423 -13.8485 0
      vertex 2.73126 -13.731 2
      vertex 2.05423 -13.8485 2
    endloop
  endfacet
  facet normal 0.170996 -0.985272 0
    outer loop
      vertex 2.73126 -13.731 2
      vertex 2.05423 -13.8485 0
      vertex 2.73126 -13.731 0
    endloop
  endfacet
  facet normal 0.405288 -0.914189 0
    outer loop
      vertex 5.35757 -12.9343 0
      vertex 5.98577 -12.6558 2
      vertex 5.35757 -12.9343 2
    endloop
  endfacet
  facet normal 0.405288 -0.914189 0
    outer loop
      vertex 5.98577 -12.6558 2
      vertex 5.35757 -12.9343 0
      vertex 5.98577 -12.6558 0
    endloop
  endfacet
  facet normal 0.266615 -0.963803 0
    outer loop
      vertex 3.40172 -13.5804 0
      vertex 4.06398 -13.3972 2
      vertex 3.40172 -13.5804 2
    endloop
  endfacet
  facet normal 0.266615 -0.963803 0
    outer loop
      vertex 4.06398 -13.3972 2
      vertex 3.40172 -13.5804 0
      vertex 4.06398 -13.3972 0
    endloop
  endfacet
  facet normal 0.219161 -0.975689 0
    outer loop
      vertex 2.73126 -13.731 0
      vertex 3.40172 -13.5804 2
      vertex 2.73126 -13.731 2
    endloop
  endfacet
  facet normal 0.219161 -0.975689 0
    outer loop
      vertex 3.40172 -13.5804 2
      vertex 2.73126 -13.731 0
      vertex 3.40172 -13.5804 0
    endloop
  endfacet
  facet normal 0.724255 -0.689532 0
    outer loop
      vertex 9.89949 -9.89949 2
      vertex 10.3733 -9.40182 0
      vertex 10.3733 -9.40182 2
    endloop
  endfacet
  facet normal 0.724255 -0.689532 0
    outer loop
      vertex 10.3733 -9.40182 0
      vertex 9.89949 -9.89949 2
      vertex 9.89949 -9.89949 0
    endloop
  endfacet
  facet normal 0.492898 -0.870087 0
    outer loop
      vertex 6.59955 -12.3469 0
      vertex 7.19744 -12.0082 2
      vertex 6.59955 -12.3469 2
    endloop
  endfacet
  facet normal 0.492898 -0.870087 0
    outer loop
      vertex 7.19744 -12.0082 2
      vertex 6.59955 -12.3469 0
      vertex 7.19744 -12.0082 0
    endloop
  endfacet
  facet normal 0.932994 -0.359891 0
    outer loop
      vertex 12.9343 -5.35757 2
      vertex 13.1816 -4.71646 0
      vertex 13.1816 -4.71646 2
    endloop
  endfacet
  facet normal 0.932994 -0.359891 0
    outer loop
      vertex 13.1816 -4.71646 0
      vertex 12.9343 -5.35757 2
      vertex 12.9343 -5.35757 0
    endloop
  endfacet
  facet normal 0.78832 -0.615266 0
    outer loop
      vertex 10.8221 -8.88151 2
      vertex 11.2449 -8.33979 0
      vertex 11.2449 -8.33979 2
    endloop
  endfacet
  facet normal 0.78832 -0.615266 0
    outer loop
      vertex 11.2449 -8.33979 0
      vertex 10.8221 -8.88151 2
      vertex 10.8221 -8.88151 0
    endloop
  endfacet
  facet normal -0.219161 -0.975689 0
    outer loop
      vertex -3.40172 -13.5804 0
      vertex -2.73126 -13.731 2
      vertex -3.40172 -13.5804 2
    endloop
  endfacet
  facet normal -0.219161 -0.975689 -0
    outer loop
      vertex -2.73126 -13.731 2
      vertex -3.40172 -13.5804 0
      vertex -2.73126 -13.731 0
    endloop
  endfacet
  facet normal -0.653154 -0.757225 0
    outer loop
      vertex -9.40182 -10.3733 0
      vertex -8.88151 -10.8221 2
      vertex -9.40182 -10.3733 2
    endloop
  endfacet
  facet normal -0.653154 -0.757225 -0
    outer loop
      vertex -8.88151 -10.8221 2
      vertex -9.40182 -10.3733 0
      vertex -8.88151 -10.8221 0
    endloop
  endfacet
  facet normal -0.997296 -0.0734918 0
    outer loop
      vertex -13.9326 -1.37224 0
      vertex -13.9831 -0.686947 2
      vertex -13.9831 -0.686947 0
    endloop
  endfacet
  facet normal -0.997296 -0.0734918 0
    outer loop
      vertex -13.9831 -0.686947 2
      vertex -13.9326 -1.37224 0
      vertex -13.9326 -1.37224 2
    endloop
  endfacet
  facet normal -0.78832 -0.615266 0
    outer loop
      vertex -10.8221 -8.88151 0
      vertex -11.2449 -8.33979 2
      vertex -11.2449 -8.33979 0
    endloop
  endfacet
  facet normal -0.78832 -0.615266 0
    outer loop
      vertex -11.2449 -8.33979 2
      vertex -10.8221 -8.88151 0
      vertex -10.8221 -8.88151 2
    endloop
  endfacet
  facet normal 0 0 1
    outer loop
      vertex -8.29357 3.33102 2.6
      vertex -8.27092 3.03646 2.6
      vertex -8.27092 3.30837 2.6
    endloop
  endfacet
  facet normal 0 0 1
    outer loop
      vertex -9.67585 3.78423 2.6
      vertex -8.27092 3.03646 2.6
      vertex -8.29357 3.33102 2.6
    endloop
  endfacet
  facet normal 0 0 1
    outer loop
      vertex -8.45219 3.7389 2.6
      vertex -8.29357 3.33102 2.6
      vertex -8.31622 3.48964 2.6
    endloop
  endfacet
  facet normal 0 0 1
    outer loop
      vertex -8.27092 3.03646 2.6
      vertex -9.65317 1.49556 2.6
      vertex -8.27092 1.33694 2.6
    endloop
  endfacet
  facet normal 0 0 1
    outer loop
      vertex -8.29357 3.33102 2.6
      vertex -8.45219 3.7389 2.6
      vertex -8.95073 3.98818 2.6
    endloop
  endfacet
  facet normal 0 0 1
    outer loop
      vertex -8.95073 3.98818 2.6
      vertex -8.45219 3.7389 2.6
      vertex -8.63349 3.89752 2.6
    endloop
  endfacet
  facet normal 0 -0 1
    outer loop
      vertex -9.58521 1.33694 2.6
      vertex -8.27092 1.33694 2.6
      vertex -9.65317 1.49556 2.6
    endloop
  endfacet
  facet normal -0 -0 1
    outer loop
      vertex -9.56253 1.13299 2.6
      vertex -8.31622 1.06503 2.6
      vertex -9.58521 1.33694 2.6
    endloop
  endfacet
  facet normal 0 0 1
    outer loop
      vertex -9.60786 0.906387 2.6
      vertex -8.31622 1.06503 2.6
      vertex -9.56253 1.13299 2.6
    endloop
  endfacet
  facet normal 0 0 1
    outer loop
      vertex -8.95073 3.98818 2.6
      vertex -8.63349 3.89752 2.6
      vertex -8.76943 3.9655 2.6
    endloop
  endfacet
  facet normal -0 0 1
    outer loop
      vertex -9.6985 0.657131 2.6
      vertex -8.65614 0.0226517 2.6
      vertex -9.60786 0.906387 2.6
    endloop
  endfacet
  facet normal -0 0 1
    outer loop
      vertex -9.97041 0.135967 2.6
      vertex -8.65614 0.0226517 2.6
      vertex -9.6985 0.657131 2.6
    endloop
  endfacet
  facet normal 0 0 1
    outer loop
      vertex -8.65614 0.0226517 2.6
      vertex -8.74678 -0.339891 2.6
      vertex -8.72413 -0.31724 2.6
    endloop
  endfacet
  facet normal 0 0 1
    outer loop
      vertex -8.65614 0.0226517 2.6
      vertex -9.97041 0.135967 2.6
      vertex -8.74678 -0.339891 2.6
    endloop
  endfacet
  facet normal 0 -0 1
    outer loop
      vertex -8.76943 -0.453208 2.6
      vertex -8.74678 -0.339891 2.6
      vertex -9.97041 0.135967 2.6
    endloop
  endfacet
  facet normal 0 0 1
    outer loop
      vertex -8.74678 -0.339891 2.6
      vertex -8.76943 -0.453208 2.6
      vertex -8.74678 -0.430528 2.6
    endloop
  endfacet
  facet normal -0 0 1
    outer loop
      vertex -10.0611 0.0226517 2.6
      vertex -8.76943 -0.453208 2.6
      vertex -9.97041 0.135967 2.6
    endloop
  endfacet
  facet normal 0 0 1
    outer loop
      vertex -8.29357 3.33102 2.6
      vertex -8.95073 3.98818 2.6
      vertex -9.26797 3.9655 2.6
    endloop
  endfacet
  facet normal 0 0 1
    outer loop
      vertex -8.27092 3.03646 2.6
      vertex -8.24827 2.78718 2.6
      vertex -8.24827 3.01378 2.6
    endloop
  endfacet
  facet normal 0 0 1
    outer loop
      vertex -8.27092 1.33694 2.6
      vertex -8.24827 2.78718 2.6
      vertex -8.27092 3.03646 2.6
    endloop
  endfacet
  facet normal 0 0 1
    outer loop
      vertex -8.24827 2.78718 2.6
      vertex -8.27092 1.33694 2.6
      vertex -8.24827 1.47291 2.6
    endloop
  endfacet
  facet normal 0 0 1
    outer loop
      vertex -8.24827 1.47291 2.6
      vertex -8.27092 1.33694 2.6
      vertex -8.24827 1.3596 2.6
    endloop
  endfacet
  facet normal 0 0 1
    outer loop
      vertex -8.24827 2.78718 2.6
      vertex -8.22559 2.49261 2.6
      vertex -8.22559 2.76452 2.6
    endloop
  endfacet
  facet normal 0 0 1
    outer loop
      vertex -8.24827 1.47291 2.6
      vertex -8.22559 2.49261 2.6
      vertex -8.24827 2.78718 2.6
    endloop
  endfacet
  facet normal 0 0 1
    outer loop
      vertex -8.22559 2.49261 2.6
      vertex -8.24827 1.47291 2.6
      vertex -8.22559 1.67684 2.6
    endloop
  endfacet
  facet normal 0 0 1
    outer loop
      vertex -8.22559 1.67684 2.6
      vertex -8.24827 1.47291 2.6
      vertex -8.22559 1.49556 2.6
    endloop
  endfacet
  facet normal 0 0 1
    outer loop
      vertex -8.22559 2.49261 2.6
      vertex -8.20294 1.69952 2.6
      vertex -8.20294 2.46994 2.6
    endloop
  endfacet
  facet normal 0 0 1
    outer loop
      vertex -8.20294 1.69952 2.6
      vertex -8.22559 2.49261 2.6
      vertex -8.22559 1.67684 2.6
    endloop
  endfacet
  facet normal 0 0 1
    outer loop
      vertex -8.70145 -2.28866 2.6
      vertex -8.79211 -1.99408 2.6
      vertex -8.70145 -2.35665 2.6
    endloop
  endfacet
  facet normal 0 0 1
    outer loop
      vertex 0.906387 10.0837 2.6
      vertex 0.951719 9.74383 2.6
      vertex 0.951719 9.97041 2.6
    endloop
  endfacet
  facet normal 0 0 1
    outer loop
      vertex 0.747767 10.265 2.6
      vertex 0.951719 9.74383 2.6
      vertex 0.906387 10.0837 2.6
    endloop
  endfacet
  facet normal 0 0 1
    outer loop
      vertex 0.589148 10.3556 2.6
      vertex 0.838431 9.4719 2.6
      vertex 0.747767 10.265 2.6
    endloop
  endfacet
  facet normal 0 0 1
    outer loop
      vertex 0.951719 9.74383 2.6
      vertex 0.747767 10.265 2.6
      vertex 0.838431 9.4719 2.6
    endloop
  endfacet
  facet normal 0 0 1
    outer loop
      vertex 0.838431 9.22264 2.6
      vertex 0.815751 9.24529 2.6
      vertex 0.838431 8.95073 2.6
    endloop
  endfacet
  facet normal 0 0 1
    outer loop
      vertex -0.203952 7.97633 2.6
      vertex 0.861083 8.92805 2.6
      vertex 0.838431 8.95073 2.6
    endloop
  endfacet
  facet normal 0 0 1
    outer loop
      vertex 7.90835 7.00196 2.6
      vertex 8.1576 6.82069 2.6
      vertex 8.08965 6.93398 2.6
    endloop
  endfacet
  facet normal -0 0 1
    outer loop
      vertex 7.90835 7.00196 2.6
      vertex 8.08965 6.93398 2.6
      vertex 7.97633 7.00196 2.6
    endloop
  endfacet
  facet normal 0 0 1
    outer loop
      vertex 8.1576 6.82069 2.6
      vertex 7.90835 7.00196 2.6
      vertex 8.1576 6.61674 2.6
    endloop
  endfacet
  facet normal 0 0 1
    outer loop
      vertex 7.18323 7.04726 2.6
      vertex 7.90835 7.00196 2.6
      vertex 7.8857 7.02461 2.6
    endloop
  endfacet
  facet normal 0 0 1
    outer loop
      vertex 7.90835 7.00196 2.6
      vertex 7.8857 6.14087 2.6
      vertex 8.1576 6.61674 2.6
    endloop
  endfacet
  facet normal 0 0 1
    outer loop
      vertex 7.90835 7.00196 2.6
      vertex 7.18323 7.04726 2.6
      vertex 7.8857 6.14087 2.6
    endloop
  endfacet
  facet normal 0 0 1
    outer loop
      vertex 7.8857 6.14087 2.6
      vertex 7.18323 7.04726 2.6
      vertex 7.74973 5.733 2.6
    endloop
  endfacet
  facet normal 0 0 1
    outer loop
      vertex 7.74973 5.733 2.6
      vertex 7.18323 7.04726 2.6
      vertex 7.70442 5.66502 2.6
    endloop
  endfacet
  facet normal 0 0 1
    outer loop
      vertex 6.84334 7.06994 2.6
      vertex 7.70442 5.66502 2.6
      vertex 7.18323 7.04726 2.6
    endloop
  endfacet
  facet normal 0 0 1
    outer loop
      vertex 6.5714 7.0926 2.6
      vertex 7.70442 5.66502 2.6
      vertex 6.84334 7.06994 2.6
    endloop
  endfacet
  facet normal 0 0 1
    outer loop
      vertex 7.40984 4.73595 2.6
      vertex 7.34185 4.50934 2.6
      vertex 7.40984 4.66796 2.6
    endloop
  endfacet
  facet normal 0 0 1
    outer loop
      vertex 7.70442 5.66502 2.6
      vertex 6.5714 7.0926 2.6
      vertex 7.52312 5.12117 2.6
    endloop
  endfacet
  facet normal 0 0 1
    outer loop
      vertex 7.34185 4.50934 2.6
      vertex 7.27387 4.26009 2.6
      vertex 7.3192 4.35072 2.6
    endloop
  endfacet
  facet normal 0 0 1
    outer loop
      vertex 6.27684 7.11525 2.6
      vertex 7.52312 5.12117 2.6
      vertex 6.5714 7.0926 2.6
    endloop
  endfacet
  facet normal 0 0 1
    outer loop
      vertex 7.27387 4.26009 2.6
      vertex 7.22856 4.10147 2.6
      vertex 7.27387 4.1921 2.6
    endloop
  endfacet
  facet normal 0 -0 1
    outer loop
      vertex 7.40984 4.73595 2.6
      vertex 7.52312 5.12117 2.6
      vertex 6.27684 7.11525 2.6
    endloop
  endfacet
  facet normal 0 0 1
    outer loop
      vertex 7.52312 5.12117 2.6
      vertex 7.40984 4.73595 2.6
      vertex 7.47782 4.89457 2.6
    endloop
  endfacet
  facet normal -0 0 1
    outer loop
      vertex 6.84334 7.06994 2.6
      vertex 7.18323 7.04726 2.6
      vertex 7.16058 7.06994 2.6
    endloop
  endfacet
  facet normal 0 0 1
    outer loop
      vertex 5.46106 7.18323 2.6
      vertex 7.40984 4.73595 2.6
      vertex 6.27684 7.11525 2.6
    endloop
  endfacet
  facet normal 0 0 1
    outer loop
      vertex 7.40984 4.73595 2.6
      vertex 5.46106 7.18323 2.6
      vertex 7.34185 4.50934 2.6
    endloop
  endfacet
  facet normal 0 0 1
    outer loop
      vertex 7.11525 3.64826 2.6
      vertex 7.06994 3.44433 2.6
      vertex 7.11525 3.55762 2.6
    endloop
  endfacet
  facet normal 0 0 1
    outer loop
      vertex 7.34185 4.50934 2.6
      vertex 5.46106 7.18323 2.6
      vertex 7.27387 4.26009 2.6
    endloop
  endfacet
  facet normal 0 0 1
    outer loop
      vertex 7.06994 3.44433 2.6
      vertex 7.02461 3.24038 2.6
      vertex 7.06994 3.3537 2.6
    endloop
  endfacet
  facet normal 0 0 1
    outer loop
      vertex 5.21181 7.20588 2.6
      vertex 7.27387 4.26009 2.6
      vertex 5.46106 7.18323 2.6
    endloop
  endfacet
  facet normal 0 0 1
    outer loop
      vertex 7.27387 4.26009 2.6
      vertex 5.21181 7.20588 2.6
      vertex 7.22856 4.10147 2.6
    endloop
  endfacet
  facet normal 0 0 1
    outer loop
      vertex 7.22856 4.10147 2.6
      vertex 7.11525 3.64826 2.6
      vertex 7.13793 3.67094 2.6
    endloop
  endfacet
  facet normal 0 0 1
    outer loop
      vertex 4.44136 7.27387 2.6
      vertex 7.22856 4.10147 2.6
      vertex 5.21181 7.20588 2.6
    endloop
  endfacet
  facet normal 0 0 1
    outer loop
      vertex 7.22856 4.10147 2.6
      vertex 4.44136 7.27387 2.6
      vertex 7.11525 3.64826 2.6
    endloop
  endfacet
  facet normal 0 0 1
    outer loop
      vertex 7.11525 3.64826 2.6
      vertex 4.44136 7.27387 2.6
      vertex 7.06994 3.44433 2.6
    endloop
  endfacet
  facet normal -0 0 1
    outer loop
      vertex 6.5714 7.0926 2.6
      vertex 6.84334 7.06994 2.6
      vertex 6.82069 7.0926 2.6
    endloop
  endfacet
  facet normal 0 0 1
    outer loop
      vertex 7.02461 3.24038 2.6
      vertex 6.93398 2.78718 2.6
      vertex 6.95663 2.80986 2.6
    endloop
  endfacet
  facet normal 0 0 1
    outer loop
      vertex 4.1921 7.29655 2.6
      vertex 7.06994 3.44433 2.6
      vertex 4.44136 7.27387 2.6
    endloop
  endfacet
  facet normal 0 0 1
    outer loop
      vertex 6.77536 1.74482 2.6
      vertex 6.7527 1.5409 2.6
      vertex 6.77536 1.56355 2.6
    endloop
  endfacet
  facet normal 0 0 1
    outer loop
      vertex 7.06994 3.44433 2.6
      vertex 4.1921 7.29655 2.6
      vertex 7.02461 3.24038 2.6
    endloop
  endfacet
  facet normal 0 0 1
    outer loop
      vertex 6.7527 1.5409 2.6
      vertex 6.73002 1.29161 2.6
      vertex 6.7527 1.31429 2.6
    endloop
  endfacet
  facet normal 0 0 1
    outer loop
      vertex 6.93398 2.78718 2.6
      vertex 6.84334 2.26601 2.6
      vertex 6.86599 2.28866 2.6
    endloop
  endfacet
  facet normal 0 0 1
    outer loop
      vertex 6.73002 1.29161 2.6
      vertex 6.70737 0.951719 2.6
      vertex 6.73002 0.974371 2.6
    endloop
  endfacet
  facet normal 0 0 1
    outer loop
      vertex 3.94285 7.3192 2.6
      vertex 7.02461 3.24038 2.6
      vertex 4.1921 7.29655 2.6
    endloop
  endfacet
  facet normal 0 0 1
    outer loop
      vertex 6.84334 2.26601 2.6
      vertex 6.77536 1.74482 2.6
      vertex 6.79801 1.76747 2.6
    endloop
  endfacet
  facet normal 0 0 1
    outer loop
      vertex 3.69359 7.34185 2.6
      vertex 7.02461 3.24038 2.6
      vertex 3.94285 7.3192 2.6
    endloop
  endfacet
  facet normal 0 0 1
    outer loop
      vertex 6.82069 -0.929068 2.6
      vertex 6.79801 -0.906387 2.6
      vertex 6.82069 -1.06504 2.6
    endloop
  endfacet
  facet normal 0 0 1
    outer loop
      vertex 6.84334 -1.08769 2.6
      vertex 6.82069 -1.06504 2.6
      vertex 6.84334 -1.22366 2.6
    endloop
  endfacet
  facet normal 0 0 1
    outer loop
      vertex 6.86599 -1.24631 2.6
      vertex 6.84334 -1.22366 2.6
      vertex 6.86599 -1.38228 2.6
    endloop
  endfacet
  facet normal 0 0 1
    outer loop
      vertex 6.95663 -1.83546 2.6
      vertex 6.91132 -1.67684 2.6
      vertex 6.95663 -1.94877 2.6
    endloop
  endfacet
  facet normal 0 0 1
    outer loop
      vertex 6.97931 -1.97142 2.6
      vertex 6.95663 -1.94877 2.6
      vertex 6.97931 -2.08471 2.6
    endloop
  endfacet
  facet normal 0 0 1
    outer loop
      vertex 7.00196 -2.10739 2.6
      vertex 6.97931 -2.08471 2.6
      vertex 7.00196 -2.22068 2.6
    endloop
  endfacet
  facet normal 0 0 1
    outer loop
      vertex 7.06994 -2.46994 2.6
      vertex 7.04726 -2.44728 2.6
      vertex 7.06994 -2.58325 2.6
    endloop
  endfacet
  facet normal 0 0 1
    outer loop
      vertex 7.0926 -2.6059 2.6
      vertex 7.06994 -2.58325 2.6
      vertex 7.0926 -2.71919 2.6
    endloop
  endfacet
  facet normal 0 0 1
    outer loop
      vertex 7.13793 -2.85516 2.6
      vertex 7.0926 -2.71919 2.6
      vertex 7.13793 -2.9458 2.6
    endloop
  endfacet
  facet normal 0 0 1
    outer loop
      vertex 7.16058 -2.96848 2.6
      vertex 7.13793 -2.9458 2.6
      vertex 7.16058 -3.05911 2.6
    endloop
  endfacet
  facet normal 0 0 1
    outer loop
      vertex 7.16058 -3.05911 2.6
      vertex 7.18323 -3.1724 2.6
      vertex 7.18323 -3.08176 2.6
    endloop
  endfacet
  facet normal 0 0 1
    outer loop
      vertex 6.7527 -3.46699 2.6
      vertex 7.18323 -3.1724 2.6
      vertex 7.16058 -3.05911 2.6
    endloop
  endfacet
  facet normal 0 0 1
    outer loop
      vertex 6.7527 -3.46699 2.6
      vertex 7.16058 -3.05911 2.6
      vertex 7.13793 -2.9458 2.6
    endloop
  endfacet
  facet normal 0 0 1
    outer loop
      vertex 6.18618 -3.1271 2.6
      vertex 7.13793 -2.9458 2.6
      vertex 7.0926 -2.71919 2.6
    endloop
  endfacet
  facet normal 0 0 1
    outer loop
      vertex 6.18618 -3.1271 2.6
      vertex 7.0926 -2.71919 2.6
      vertex 7.06994 -2.58325 2.6
    endloop
  endfacet
  facet normal 0 0 1
    outer loop
      vertex 6.18618 -3.1271 2.6
      vertex 7.06994 -2.58325 2.6
      vertex 7.04726 -2.44728 2.6
    endloop
  endfacet
  facet normal 0 0 1
    outer loop
      vertex 7.18323 -3.1724 2.6
      vertex 6.7527 -3.46699 2.6
      vertex 6.88864 -3.51232 2.6
    endloop
  endfacet
  facet normal 0 0 1
    outer loop
      vertex 7.20588 -3.19508 2.6
      vertex 7.18323 -3.1724 2.6
      vertex 7.18323 -3.399 2.6
    endloop
  endfacet
  facet normal 0 0 1
    outer loop
      vertex 7.00196 -2.22068 2.6
      vertex 7.04726 -2.44728 2.6
      vertex 7.04726 -2.35665 2.6
    endloop
  endfacet
  facet normal 0 0 1
    outer loop
      vertex 7.04726 -2.44728 2.6
      vertex 7.00196 -2.22068 2.6
      vertex 6.18618 -3.1271 2.6
    endloop
  endfacet
  facet normal 0 0 1
    outer loop
      vertex 6.18618 -3.1271 2.6
      vertex 7.00196 -2.22068 2.6
      vertex 6.97931 -2.08471 2.6
    endloop
  endfacet
  facet normal 0 0 1
    outer loop
      vertex 5.30244 -2.71919 2.6
      vertex 6.97931 -2.08471 2.6
      vertex 6.95663 -1.94877 2.6
    endloop
  endfacet
  facet normal 0 0 1
    outer loop
      vertex 5.30244 -2.71919 2.6
      vertex 6.95663 -1.94877 2.6
      vertex 6.91132 -1.67684 2.6
    endloop
  endfacet
  facet normal 0 -0 1
    outer loop
      vertex 7.04726 -3.51232 2.6
      vertex 7.18323 -3.1724 2.6
      vertex 6.88864 -3.51232 2.6
    endloop
  endfacet
  facet normal 0 0 1
    outer loop
      vertex 6.86599 -1.38228 2.6
      vertex 6.91132 -1.67684 2.6
      vertex 6.91132 -1.5409 2.6
    endloop
  endfacet
  facet normal 0 0 1
    outer loop
      vertex 6.91132 -1.67684 2.6
      vertex 6.86599 -1.38228 2.6
      vertex 5.30244 -2.71919 2.6
    endloop
  endfacet
  facet normal 0 0 1
    outer loop
      vertex 5.30244 -2.71919 2.6
      vertex 6.86599 -1.38228 2.6
      vertex 6.84334 -1.22366 2.6
    endloop
  endfacet
  facet normal 0 0 1
    outer loop
      vertex 4.89457 -2.56057 2.6
      vertex 6.84334 -1.22366 2.6
      vertex 6.82069 -1.06504 2.6
    endloop
  endfacet
  facet normal 0 0 1
    outer loop
      vertex 4.89457 -2.56057 2.6
      vertex 6.82069 -1.06504 2.6
      vertex 6.79801 -0.906387 2.6
    endloop
  endfacet
  facet normal 0 0 1
    outer loop
      vertex 6.7527 -0.521192 2.6
      vertex 6.79801 -0.906387 2.6
      vertex 6.77536 -0.543843 2.6
    endloop
  endfacet
  facet normal 0 0 1
    outer loop
      vertex 4.57733 -2.44728 2.6
      vertex 6.79801 -0.906387 2.6
      vertex 6.7527 -0.521192 2.6
    endloop
  endfacet
  facet normal 0 0 1
    outer loop
      vertex 7.18323 -3.1724 2.6
      vertex 7.04726 -3.51232 2.6
      vertex 7.18323 -3.399 2.6
    endloop
  endfacet
  facet normal 0 0 1
    outer loop
      vertex 6.70737 0.113287 2.6
      vertex 6.7527 -0.521192 2.6
      vertex 6.73002 0.0906353 2.6
    endloop
  endfacet
  facet normal 0 0 1
    outer loop
      vertex 4.10147 -2.28866 2.6
      vertex 6.7527 -0.521192 2.6
      vertex 6.70737 0.113287 2.6
    endloop
  endfacet
  facet normal 0 0 1
    outer loop
      vertex 7.02461 3.24038 2.6
      vertex 3.69359 7.34185 2.6
      vertex 6.93398 2.78718 2.6
    endloop
  endfacet
  facet normal -0 0 1
    outer loop
      vertex 6.27684 7.11525 2.6
      vertex 6.5714 7.0926 2.6
      vertex 6.54875 7.11525 2.6
    endloop
  endfacet
  facet normal 0 0 1
    outer loop
      vertex 3.46699 7.3645 2.6
      vertex 6.93398 2.78718 2.6
      vertex 3.69359 7.34185 2.6
    endloop
  endfacet
  facet normal 0 0 1
    outer loop
      vertex 5.46106 7.18323 2.6
      vertex 6.27684 7.11525 2.6
      vertex 6.25416 7.13793 2.6
    endloop
  endfacet
  facet normal 0 0 1
    outer loop
      vertex 7.13793 -2.9458 2.6
      vertex 6.18618 -3.1271 2.6
      vertex 6.7527 -3.46699 2.6
    endloop
  endfacet
  facet normal 0 0 1
    outer loop
      vertex 3.19508 7.38718 2.6
      vertex 6.93398 2.78718 2.6
      vertex 3.46699 7.3645 2.6
    endloop
  endfacet
  facet normal -0 0 1
    outer loop
      vertex 5.21181 7.20588 2.6
      vertex 5.46106 7.18323 2.6
      vertex 5.43841 7.20588 2.6
    endloop
  endfacet
  facet normal 0 0 1
    outer loop
      vertex 6.97931 -2.08471 2.6
      vertex 5.30244 -2.71919 2.6
      vertex 6.18618 -3.1271 2.6
    endloop
  endfacet
  facet normal 0 0 1
    outer loop
      vertex 6.93398 2.78718 2.6
      vertex 3.19508 7.38718 2.6
      vertex 6.84334 2.26601 2.6
    endloop
  endfacet
  facet normal 0 0 1
    outer loop
      vertex 4.44136 7.27387 2.6
      vertex 5.21181 7.20588 2.6
      vertex 5.18916 7.22856 2.6
    endloop
  endfacet
  facet normal 0 0 1
    outer loop
      vertex 6.84334 -1.22366 2.6
      vertex 4.89457 -2.56057 2.6
      vertex 5.30244 -2.71919 2.6
    endloop
  endfacet
  facet normal 0 0 1
    outer loop
      vertex 5.30244 -2.71919 2.6
      vertex 4.89457 -2.56057 2.6
      vertex 5.18916 -2.69654 2.6
    endloop
  endfacet
  facet normal 0 0 1
    outer loop
      vertex 6.79801 -0.906387 2.6
      vertex 4.57733 -2.44728 2.6
      vertex 4.89457 -2.56057 2.6
    endloop
  endfacet
  facet normal 0 0 1
    outer loop
      vertex 4.89457 -2.56057 2.6
      vertex 4.57733 -2.44728 2.6
      vertex 4.64531 -2.49262 2.6
    endloop
  endfacet
  facet normal 0 0 1
    outer loop
      vertex 2.96848 7.40984 2.6
      vertex 6.84334 2.26601 2.6
      vertex 3.19508 7.38718 2.6
    endloop
  endfacet
  facet normal -0 0 1
    outer loop
      vertex 4.1921 7.29655 2.6
      vertex 4.44136 7.27387 2.6
      vertex 4.41871 7.29655 2.6
    endloop
  endfacet
  facet normal 0 0 1
    outer loop
      vertex 2.74187 7.43249 2.6
      vertex 6.84334 2.26601 2.6
      vertex 2.96848 7.40984 2.6
    endloop
  endfacet
  facet normal -0 0 1
    outer loop
      vertex 3.94285 7.3192 2.6
      vertex 4.1921 7.29655 2.6
      vertex 4.16945 7.3192 2.6
    endloop
  endfacet
  facet normal 0 0 1
    outer loop
      vertex 6.7527 -0.521192 2.6
      vertex 4.10147 -2.28866 2.6
      vertex 4.57733 -2.44728 2.6
    endloop
  endfacet
  facet normal 0 0 1
    outer loop
      vertex 6.70737 0.113287 2.6
      vertex 3.80688 -2.19803 2.6
      vertex 4.10147 -2.28866 2.6
    endloop
  endfacet
  facet normal 0 0 1
    outer loop
      vertex 1.72217 -1.72217 2.6
      vertex 6.84334 2.26601 2.6
      vertex 2.74187 7.43249 2.6
    endloop
  endfacet
  facet normal -0 0 1
    outer loop
      vertex 3.69359 7.34185 2.6
      vertex 3.94285 7.3192 2.6
      vertex 3.9202 7.34185 2.6
    endloop
  endfacet
  facet normal 0 0 1
    outer loop
      vertex 4.10147 -2.28866 2.6
      vertex 3.80688 -2.19803 2.6
      vertex 4.03348 -2.28866 2.6
    endloop
  endfacet
  facet normal 0 0 1
    outer loop
      vertex 6.70737 0.113287 2.6
      vertex 3.58028 -2.13004 2.6
      vertex 3.80688 -2.19803 2.6
    endloop
  endfacet
  facet normal 0 0 1
    outer loop
      vertex 6.84334 2.26601 2.6
      vertex 1.72217 -1.72217 2.6
      vertex 6.77536 1.74482 2.6
    endloop
  endfacet
  facet normal -0 0 1
    outer loop
      vertex 3.46699 7.3645 2.6
      vertex 3.69359 7.34185 2.6
      vertex 3.67094 7.3645 2.6
    endloop
  endfacet
  facet normal 0 0 1
    outer loop
      vertex 3.80688 -2.19803 2.6
      vertex 3.58028 -2.13004 2.6
      vertex 3.7389 -2.19803 2.6
    endloop
  endfacet
  facet normal 0 0 1
    outer loop
      vertex 6.73002 1.29161 2.6
      vertex 2.69654 -1.90344 2.6
      vertex 6.70737 0.951719 2.6
    endloop
  endfacet
  facet normal -0 0 1
    outer loop
      vertex 3.19508 7.38718 2.6
      vertex 3.46699 7.3645 2.6
      vertex 3.44433 7.38718 2.6
    endloop
  endfacet
  facet normal 0 0 1
    outer loop
      vertex 6.70737 0.113287 2.6
      vertex 3.33102 -2.06206 2.6
      vertex 3.58028 -2.13004 2.6
    endloop
  endfacet
  facet normal 0 0 1
    outer loop
      vertex 3.58028 -2.13004 2.6
      vertex 3.33102 -2.06206 2.6
      vertex 3.42166 -2.10739 2.6
    endloop
  endfacet
  facet normal 0 0 1
    outer loop
      vertex 6.77536 1.74482 2.6
      vertex 2.1527 -1.79015 2.6
      vertex 6.7527 1.5409 2.6
    endloop
  endfacet
  facet normal -0 0 1
    outer loop
      vertex 2.96848 7.40984 2.6
      vertex 3.19508 7.38718 2.6
      vertex 3.1724 7.40984 2.6
    endloop
  endfacet
  facet normal 0 0 1
    outer loop
      vertex 6.7527 1.5409 2.6
      vertex 2.1527 -1.79015 2.6
      vertex 6.73002 1.29161 2.6
    endloop
  endfacet
  facet normal -0 0 1
    outer loop
      vertex 2.74187 7.43249 2.6
      vertex 2.96848 7.40984 2.6
      vertex 2.9458 7.43249 2.6
    endloop
  endfacet
  facet normal 0 -0 1
    outer loop
      vertex 2.1527 -1.79015 2.6
      vertex 6.77536 1.74482 2.6
      vertex 1.72217 -1.72217 2.6
    endloop
  endfacet
  facet normal 0 0 1
    outer loop
      vertex 1.83545 7.52312 2.6
      vertex 2.74187 7.43249 2.6
      vertex 2.71919 7.45517 2.6
    endloop
  endfacet
  facet normal 0 0 1
    outer loop
      vertex 6.70737 0.951719 2.6
      vertex 3.33102 -2.06206 2.6
      vertex 6.70737 0.113287 2.6
    endloop
  endfacet
  facet normal 0 0 1
    outer loop
      vertex 3.33102 -2.06206 2.6
      vertex 2.69654 -1.90344 2.6
      vertex 2.71919 -1.92609 2.6
    endloop
  endfacet
  facet normal 0 -0 1
    outer loop
      vertex 3.33102 -2.06206 2.6
      vertex 6.70737 0.951719 2.6
      vertex 2.69654 -1.90344 2.6
    endloop
  endfacet
  facet normal 0 0 1
    outer loop
      vertex 2.69654 -1.90344 2.6
      vertex 2.1527 -1.79015 2.6
      vertex 2.17537 -1.8128 2.6
    endloop
  endfacet
  facet normal 0 0 1
    outer loop
      vertex 2.74187 7.43249 2.6
      vertex 1.83545 7.52312 2.6
      vertex 1.38228 -1.67684 2.6
    endloop
  endfacet
  facet normal -0 0 1
    outer loop
      vertex 1.63153 7.5458 2.6
      vertex 1.83545 7.52312 2.6
      vertex 1.8128 7.5458 2.6
    endloop
  endfacet
  facet normal 0 -0 1
    outer loop
      vertex 2.69654 -1.90344 2.6
      vertex 6.73002 1.29161 2.6
      vertex 2.1527 -1.79015 2.6
    endloop
  endfacet
  facet normal 0 0 1
    outer loop
      vertex 2.1527 -1.79015 2.6
      vertex 1.72217 -1.72217 2.6
      vertex 1.74482 -1.74482 2.6
    endloop
  endfacet
  facet normal 0 0 1
    outer loop
      vertex 0.997051 -1.65418 2.6
      vertex 1.83545 7.52312 2.6
      vertex 1.63153 7.5458 2.6
    endloop
  endfacet
  facet normal -0 0 1
    outer loop
      vertex 1.42758 7.56845 2.6
      vertex 1.63153 7.5458 2.6
      vertex 1.60885 7.56845 2.6
    endloop
  endfacet
  facet normal 0 0 1
    outer loop
      vertex 2.74187 7.43249 2.6
      vertex 1.56355 -1.69952 2.6
      vertex 1.72217 -1.72217 2.6
    endloop
  endfacet
  facet normal 0 0 1
    outer loop
      vertex 1.72217 -1.72217 2.6
      vertex 1.56355 -1.69952 2.6
      vertex 1.5862 -1.72217 2.6
    endloop
  endfacet
  facet normal 0 0 1
    outer loop
      vertex 0.997051 -1.65418 2.6
      vertex 1.63153 7.5458 2.6
      vertex 1.42758 7.56845 2.6
    endloop
  endfacet
  facet normal -0 0 1
    outer loop
      vertex 1.24631 7.59111 2.6
      vertex 1.42758 7.56845 2.6
      vertex 1.40493 7.59111 2.6
    endloop
  endfacet
  facet normal 0 0 1
    outer loop
      vertex 2.74187 7.43249 2.6
      vertex 1.38228 -1.67684 2.6
      vertex 1.56355 -1.69952 2.6
    endloop
  endfacet
  facet normal 0 0 1
    outer loop
      vertex 1.56355 -1.69952 2.6
      vertex 1.38228 -1.67684 2.6
      vertex 1.40493 -1.69952 2.6
    endloop
  endfacet
  facet normal 0 0 1
    outer loop
      vertex 1.42758 7.56845 2.6
      vertex 1.24631 7.59111 2.6
      vertex 0.997051 -1.65418 2.6
    endloop
  endfacet
  facet normal 0 0 1
    outer loop
      vertex 0.997051 7.63644 2.6
      vertex 1.24631 7.59111 2.6
      vertex 1.22366 7.61379 2.6
    endloop
  endfacet
  facet normal 0 0 1
    outer loop
      vertex -0.498511 -1.5862 2.6
      vertex 1.24631 7.59111 2.6
      vertex 0.997051 7.63644 2.6
    endloop
  endfacet
  facet normal 0 0 1
    outer loop
      vertex 1.83545 7.52312 2.6
      vertex 0.997051 -1.65418 2.6
      vertex 1.38228 -1.67684 2.6
    endloop
  endfacet
  facet normal 0 0 1
    outer loop
      vertex -0.498511 -1.5862 2.6
      vertex 0.997051 7.63644 2.6
      vertex 0.906387 7.72708 2.6
    endloop
  endfacet
  facet normal 0 0 1
    outer loop
      vertex 1.24631 7.59111 2.6
      vertex -0.498511 -1.5862 2.6
      vertex 0.997051 -1.65418 2.6
    endloop
  endfacet
  facet normal -0 -0 1
    outer loop
      vertex -0.385223 -1.63153 2.6
      vertex 0.997051 -1.65418 2.6
      vertex -0.498511 -1.5862 2.6
    endloop
  endfacet
  facet normal 0 0 1
    outer loop
      vertex 0.997051 -1.65418 2.6
      vertex -0.385223 -1.63153 2.6
      vertex 0.906387 -1.72217 2.6
    endloop
  endfacet
  facet normal 0 0 1
    outer loop
      vertex -0.498511 -1.5862 2.6
      vertex 0.906387 7.72708 2.6
      vertex 0.861083 7.81771 2.6
    endloop
  endfacet
  facet normal 0 0 1
    outer loop
      vertex 12.0098 -1.13299 2.6
      vertex 12.0325 -1.24631 2.6
      vertex 12.0325 -1.15567 2.6
    endloop
  endfacet
  facet normal 0 0 1
    outer loop
      vertex 12.0325 -1.24631 2.6
      vertex 10.7409 -2.01676 2.6
      vertex 12.0325 -3.33102 2.6
    endloop
  endfacet
  facet normal 0 0 1
    outer loop
      vertex 10.8088 -1.42758 2.6
      vertex 12.0325 -1.24631 2.6
      vertex 12.0098 -1.13299 2.6
    endloop
  endfacet
  facet normal -0 0 1
    outer loop
      vertex 10.6502 -2.26601 2.6
      vertex 12.0325 -3.33102 2.6
      vertex 10.7409 -2.01676 2.6
    endloop
  endfacet
  facet normal -0 0 1
    outer loop
      vertex 10.4689 -2.62856 2.6
      vertex 12.0325 -3.33102 2.6
      vertex 10.6502 -2.26601 2.6
    endloop
  endfacet
  facet normal 0 0 1
    outer loop
      vertex 12.0325 -3.33102 2.6
      vertex 12.0098 -3.51232 2.6
      vertex 12.0325 -3.48964 2.6
    endloop
  endfacet
  facet normal 0 0 1
    outer loop
      vertex 10.7862 -1.33694 2.6
      vertex 12.0098 -1.13299 2.6
      vertex 11.9418 -0.747767 2.6
    endloop
  endfacet
  facet normal 0 0 1
    outer loop
      vertex 12.0325 -3.33102 2.6
      vertex 10.4689 -2.62856 2.6
      vertex 12.0098 -3.51232 2.6
    endloop
  endfacet
  facet normal -0 0 1
    outer loop
      vertex 10.2423 -2.96848 2.6
      vertex 12.0098 -3.51232 2.6
      vertex 10.4689 -2.62856 2.6
    endloop
  endfacet
  facet normal 0 0 1
    outer loop
      vertex 10.7182 -1.22366 2.6
      vertex 11.9418 -0.747767 2.6
      vertex 11.7832 -0.271908 2.6
    endloop
  endfacet
  facet normal 0 0 1
    outer loop
      vertex 12.0325 -1.24631 2.6
      vertex 10.8088 -1.72217 2.6
      vertex 10.7409 -2.01676 2.6
    endloop
  endfacet
  facet normal 0 0 1
    outer loop
      vertex 12.0098 -3.51232 2.6
      vertex 11.9645 -3.76158 2.6
      vertex 11.9872 -3.7389 2.6
    endloop
  endfacet
  facet normal 0 0 1
    outer loop
      vertex 12.0098 -3.51232 2.6
      vertex 10.2423 -2.96848 2.6
      vertex 11.9645 -3.76158 2.6
    endloop
  endfacet
  facet normal 0 0 1
    outer loop
      vertex 10.5822 -1.13299 2.6
      vertex 11.7832 -0.271908 2.6
      vertex 11.5793 0.135967 2.6
    endloop
  endfacet
  facet normal 0 0 1
    outer loop
      vertex 11.9645 -3.76158 2.6
      vertex 10.2423 -2.96848 2.6
      vertex 11.8965 -4.1921 2.6
    endloop
  endfacet
  facet normal 0 0 1
    outer loop
      vertex 10.5822 -1.13299 2.6
      vertex 11.5793 0.135967 2.6
      vertex 11.4433 0.339891 2.6
    endloop
  endfacet
  facet normal -0 0 1
    outer loop
      vertex 9.78914 -3.46699 2.6
      vertex 11.8965 -4.1921 2.6
      vertex 10.2423 -2.96848 2.6
    endloop
  endfacet
  facet normal 0 0 1
    outer loop
      vertex 10.5822 -1.13299 2.6
      vertex 11.4433 0.339891 2.6
      vertex 11.1941 0.589148 2.6
    endloop
  endfacet
  facet normal 0 0 1
    outer loop
      vertex 11.8965 -4.1921 2.6
      vertex 9.78914 -3.46699 2.6
      vertex 11.8059 -4.48669 2.6
    endloop
  endfacet
  facet normal 0 0 1
    outer loop
      vertex 10.6502 0.793099 2.6
      vertex 11.1941 0.589148 2.6
      vertex 10.9675 0.725115 2.6
    endloop
  endfacet
  facet normal 0 -0 1
    outer loop
      vertex 11.7606 -4.64531 2.6
      vertex 11.8059 -4.48669 2.6
      vertex 9.78914 -3.46699 2.6
    endloop
  endfacet
  facet normal 0 0 1
    outer loop
      vertex 11.8059 -4.48669 2.6
      vertex 11.7606 -4.64531 2.6
      vertex 11.8059 -4.55468 2.6
    endloop
  endfacet
  facet normal 0 0 1
    outer loop
      vertex 12.0325 -1.24631 2.6
      vertex 10.8088 -1.42758 2.6
      vertex 10.8088 -1.72217 2.6
    endloop
  endfacet
  facet normal 0 0 1
    outer loop
      vertex 12.0098 -1.13299 2.6
      vertex 10.7862 -1.33694 2.6
      vertex 10.8088 -1.42758 2.6
    endloop
  endfacet
  facet normal -0 0 1
    outer loop
      vertex 10.6502 0.793099 2.6
      vertex 10.9675 0.725115 2.6
      vertex 10.7635 0.793099 2.6
    endloop
  endfacet
  facet normal 0 0 1
    outer loop
      vertex 11.9418 -0.747767 2.6
      vertex 10.7182 -1.22366 2.6
      vertex 10.7862 -1.33694 2.6
    endloop
  endfacet
  facet normal 0 0 1
    outer loop
      vertex 11.1941 0.589148 2.6
      vertex 10.6502 0.793099 2.6
      vertex 9.67585 -0.203952 2.6
    endloop
  endfacet
  facet normal 0 0 1
    outer loop
      vertex 10.4463 0.793099 2.6
      vertex 10.6502 0.793099 2.6
      vertex 10.6276 0.815751 2.6
    endloop
  endfacet
  facet normal 0 0 1
    outer loop
      vertex 11.7832 -0.271908 2.6
      vertex 10.5822 -1.13299 2.6
      vertex 10.7182 -1.22366 2.6
    endloop
  endfacet
  facet normal 0 0 1
    outer loop
      vertex 10.4463 0.793099 2.6
      vertex 10.6276 0.815751 2.6
      vertex 10.4689 0.815751 2.6
    endloop
  endfacet
  facet normal 0 0 1
    outer loop
      vertex 9.67585 -0.203952 2.6
      vertex 10.6502 0.793099 2.6
      vertex 10.4463 0.793099 2.6
    endloop
  endfacet
  facet normal 0 0 1
    outer loop
      vertex 11.1941 0.589148 2.6
      vertex 9.67585 -0.203952 2.6
      vertex 10.5822 -1.13299 2.6
    endloop
  endfacet
  facet normal 0 0 1
    outer loop
      vertex 10.197 0.747767 2.6
      vertex 10.4463 0.793099 2.6
      vertex 10.3556 0.793099 2.6
    endloop
  endfacet
  facet normal 0 0 1
    outer loop
      vertex 10.4463 0.793099 2.6
      vertex 10.197 0.747767 2.6
      vertex 9.90245 0.543843 2.6
    endloop
  endfacet
  facet normal -0 -0 1
    outer loop
      vertex 9.85712 -0.747767 2.6
      vertex 10.5822 -1.13299 2.6
      vertex 9.67585 -0.203952 2.6
    endloop
  endfacet
  facet normal 0 0 1
    outer loop
      vertex 10.4463 0.793099 2.6
      vertex 9.90245 0.543843 2.6
      vertex 9.72115 0.249255 2.6
    endloop
  endfacet
  facet normal -0 -0 1
    outer loop
      vertex 10.1744 -1.04236 2.6
      vertex 10.5822 -1.13299 2.6
      vertex 9.85712 -0.747767 2.6
    endloop
  endfacet
  facet normal 0 0 1
    outer loop
      vertex 9.72115 0.249255 2.6
      vertex 9.90245 0.543843 2.6
      vertex 9.81179 0.430528 2.6
    endloop
  endfacet
  facet normal 0 0 1
    outer loop
      vertex 10.5822 -1.13299 2.6
      vertex 10.1744 -1.04236 2.6
      vertex 10.4463 -1.13299 2.6
    endloop
  endfacet
  facet normal 0 0 1
    outer loop
      vertex 10.4463 0.793099 2.6
      vertex 9.72115 0.249255 2.6
      vertex 9.67585 -0.203952 2.6
    endloop
  endfacet
  facet normal 0 0 1
    outer loop
      vertex 9.85712 -0.747767 2.6
      vertex 9.67585 -0.203952 2.6
      vertex 9.81179 -0.679811 2.6
    endloop
  endfacet
  facet normal 0 0 1
    outer loop
      vertex 9.67585 -0.203952 2.6
      vertex 9.72115 0.249255 2.6
      vertex 9.67585 0.113287 2.6
    endloop
  endfacet
  facet normal 0 0 1
    outer loop
      vertex 9.81179 -0.679811 2.6
      vertex 9.67585 -0.203952 2.6
      vertex 9.6985 -0.407876 2.6
    endloop
  endfacet
  facet normal 0 -0 1
    outer loop
      vertex 9.67585 -0.203952 2.6
      vertex 9.67585 0.113287 2.6
      vertex 9.65317 -0.181272 2.6
    endloop
  endfacet
  facet normal 0 0 1
    outer loop
      vertex 12.0778 -1.5862 2.6
      vertex 12.1005 -1.88079 2.6
      vertex 12.1005 -1.60885 2.6
    endloop
  endfacet
  facet normal 0 0 1
    outer loop
      vertex 12.1005 -1.88079 2.6
      vertex 12.0778 -1.5862 2.6
      vertex 12.1005 -2.6059 2.6
    endloop
  endfacet
  facet normal 0 0 1
    outer loop
      vertex 12.0325 -1.24631 2.6
      vertex 12.1005 -2.6059 2.6
      vertex 12.0778 -1.5862 2.6
    endloop
  endfacet
  facet normal 0 0 1
    outer loop
      vertex 12.1005 -2.6059 2.6
      vertex 12.0778 -2.9458 2.6
      vertex 12.1005 -2.92314 2.6
    endloop
  endfacet
  facet normal 0 0 1
    outer loop
      vertex 12.1005 -2.6059 2.6
      vertex 12.0325 -1.24631 2.6
      vertex 12.0778 -2.9458 2.6
    endloop
  endfacet
  facet normal 0 0 1
    outer loop
      vertex 12.0325 -1.24631 2.6
      vertex 12.0778 -1.5862 2.6
      vertex 12.0551 -1.26896 2.6
    endloop
  endfacet
  facet normal 0 0 1
    outer loop
      vertex 12.0778 -2.9458 2.6
      vertex 12.0551 -3.1724 2.6
      vertex 12.0778 -3.14975 2.6
    endloop
  endfacet
  facet normal 0 0 1
    outer loop
      vertex 12.0325 -3.33102 2.6
      vertex 12.0778 -2.9458 2.6
      vertex 12.0325 -1.24631 2.6
    endloop
  endfacet
  facet normal 0 0 1
    outer loop
      vertex 12.0778 -2.9458 2.6
      vertex 12.0325 -3.33102 2.6
      vertex 12.0551 -3.1724 2.6
    endloop
  endfacet
  facet normal 0 0 1
    outer loop
      vertex 12.0551 -3.1724 2.6
      vertex 12.0325 -3.33102 2.6
      vertex 12.0551 -3.30837 2.6
    endloop
  endfacet
  facet normal 0 0 1
    outer loop
      vertex 12.1005 -1.88079 2.6
      vertex 12.1231 -2.58325 2.6
      vertex 12.1231 -1.90344 2.6
    endloop
  endfacet
  facet normal 0 0 1
    outer loop
      vertex 12.1231 -2.58325 2.6
      vertex 12.1005 -1.88079 2.6
      vertex 12.1005 -2.6059 2.6
    endloop
  endfacet
  facet normal 0 0 1
    outer loop
      vertex 11.7606 -4.64531 2.6
      vertex 9.78914 -3.46699 2.6
      vertex 11.7153 -4.87192 2.6
    endloop
  endfacet
  facet normal 0 0 1
    outer loop
      vertex 10.7409 -2.01676 2.6
      vertex 10.8088 -1.72217 2.6
      vertex 10.7862 -1.74482 2.6
    endloop
  endfacet
  facet normal -0 0 1
    outer loop
      vertex 9.4719 -3.7389 2.6
      vertex 11.7153 -4.87192 2.6
      vertex 9.78914 -3.46699 2.6
    endloop
  endfacet
  facet normal 0 0 1
    outer loop
      vertex 11.7153 -4.87192 2.6
      vertex 9.4719 -3.7389 2.6
      vertex 11.534 -5.41576 2.6
    endloop
  endfacet
  facet normal -0 0 1
    outer loop
      vertex 9.08667 -4.01083 2.6
      vertex 11.534 -5.41576 2.6
      vertex 9.4719 -3.7389 2.6
    endloop
  endfacet
  facet normal 0 0 1
    outer loop
      vertex 11.534 -5.41576 2.6
      vertex 9.08667 -4.01083 2.6
      vertex 11.3074 -5.93692 2.6
    endloop
  endfacet
  facet normal 0 -0 1
    outer loop
      vertex 10.8995 -6.77536 2.6
      vertex 11.3074 -5.93692 2.6
      vertex 9.08667 -4.01083 2.6
    endloop
  endfacet
  facet normal 0 -0 1
    outer loop
      vertex 10.9448 -6.73002 2.6
      vertex 11.3074 -5.93692 2.6
      vertex 10.8995 -6.77536 2.6
    endloop
  endfacet
  facet normal 0 0 1
    outer loop
      vertex 11.3074 -5.93692 2.6
      vertex 10.9448 -6.73002 2.6
      vertex 11.3074 -5.98226 2.6
    endloop
  endfacet
  facet normal -0 0 1
    outer loop
      vertex 8.54283 -4.30542 2.6
      vertex 10.8995 -6.77536 2.6
      vertex 9.08667 -4.01083 2.6
    endloop
  endfacet
  facet normal 0 0 1
    outer loop
      vertex 10.8995 -6.77536 2.6
      vertex 8.54283 -4.30542 2.6
      vertex 10.6502 -7.22856 2.6
    endloop
  endfacet
  facet normal -0 0 1
    outer loop
      vertex 8.04432 -4.50934 2.6
      vertex 10.6502 -7.22856 2.6
      vertex 8.54283 -4.30542 2.6
    endloop
  endfacet
  facet normal 0 0 1
    outer loop
      vertex 10.6502 -7.22856 2.6
      vertex 8.04432 -4.50934 2.6
      vertex 10.2876 -7.74973 2.6
    endloop
  endfacet
  facet normal 0 0 1
    outer loop
      vertex 10.2876 -7.74973 2.6
      vertex 8.04432 -4.50934 2.6
      vertex 9.90245 -8.20294 2.6
    endloop
  endfacet
  facet normal -0 0 1
    outer loop
      vertex 7.45517 -4.7133 2.6
      vertex 9.90245 -8.20294 2.6
      vertex 8.04432 -4.50934 2.6
    endloop
  endfacet
  facet normal 0 0 1
    outer loop
      vertex 9.90245 -8.20294 2.6
      vertex 7.45517 -4.7133 2.6
      vertex 9.44924 -8.63349 2.6
    endloop
  endfacet
  facet normal 0 0 1
    outer loop
      vertex 8.04432 -4.50934 2.6
      vertex 8.54283 -4.30542 2.6
      vertex 8.49752 -4.30542 2.6
    endloop
  endfacet
  facet normal 0 0 1
    outer loop
      vertex 9.44924 -8.63349 2.6
      vertex 7.45517 -4.7133 2.6
      vertex 9.132 -8.88275 2.6
    endloop
  endfacet
  facet normal -0 0 1
    outer loop
      vertex 7.00196 -4.84926 2.6
      vertex 9.132 -8.88275 2.6
      vertex 7.45517 -4.7133 2.6
    endloop
  endfacet
  facet normal 0 0 1
    outer loop
      vertex 9.132 -8.88275 2.6
      vertex 7.00196 -4.84926 2.6
      vertex 8.70145 -9.15466 2.6
    endloop
  endfacet
  facet normal 0 0 1
    outer loop
      vertex 8.70145 -9.15466 2.6
      vertex 7.00196 -4.84926 2.6
      vertex 8.49752 -9.24529 2.6
    endloop
  endfacet
  facet normal 0 0 1
    outer loop
      vertex 8.49752 -9.24529 2.6
      vertex 8.40689 -9.29062 2.6
      vertex 8.45219 -9.29062 2.6
    endloop
  endfacet
  facet normal -0 0 1
    outer loop
      vertex 6.84334 -4.89457 2.6
      vertex 8.49752 -9.24529 2.6
      vertex 7.00196 -4.84926 2.6
    endloop
  endfacet
  facet normal 0 0 1
    outer loop
      vertex 7.00196 -4.84926 2.6
      vertex 7.45517 -4.7133 2.6
      vertex 7.38718 -4.7133 2.6
    endloop
  endfacet
  facet normal 0 0 1
    outer loop
      vertex 8.49752 -9.24529 2.6
      vertex 6.84334 -4.89457 2.6
      vertex 8.40689 -9.29062 2.6
    endloop
  endfacet
  facet normal -0 0 1
    outer loop
      vertex 6.59408 -4.96255 2.6
      vertex 8.40689 -9.29062 2.6
      vertex 6.84334 -4.89457 2.6
    endloop
  endfacet
  facet normal 0 0 1
    outer loop
      vertex 6.84334 -4.89457 2.6
      vertex 7.00196 -4.84926 2.6
      vertex 6.93398 -4.84926 2.6
    endloop
  endfacet
  facet normal 0 0 1
    outer loop
      vertex 8.40689 -9.29062 2.6
      vertex 6.59408 -4.96255 2.6
      vertex 7.93103 -9.51723 2.6
    endloop
  endfacet
  facet normal -0 0 1
    outer loop
      vertex 6.14087 -5.07584 2.6
      vertex 7.93103 -9.51723 2.6
      vertex 6.59408 -4.96255 2.6
    endloop
  endfacet
  facet normal 0 0 1
    outer loop
      vertex 6.59408 -4.96255 2.6
      vertex 6.84334 -4.89457 2.6
      vertex 6.68472 -4.91722 2.6
    endloop
  endfacet
  facet normal 0 0 1
    outer loop
      vertex 7.93103 -9.51723 2.6
      vertex 6.14087 -5.07584 2.6
      vertex 7.00196 -9.81179 2.6
    endloop
  endfacet
  facet normal 0 0 1
    outer loop
      vertex 6.14087 -5.07584 2.6
      vertex 6.59408 -4.96255 2.6
      vertex 6.5261 -4.96255 2.6
    endloop
  endfacet
  facet normal -0 0 1
    outer loop
      vertex 5.93692 -5.12117 2.6
      vertex 7.00196 -9.81179 2.6
      vertex 6.14087 -5.07584 2.6
    endloop
  endfacet
  facet normal 0 0 1
    outer loop
      vertex 7.00196 -9.81179 2.6
      vertex 5.93692 -5.12117 2.6
      vertex 6.73002 -9.85712 2.6
    endloop
  endfacet
  facet normal -0 0 1
    outer loop
      vertex 5.82364 -5.14382 2.6
      vertex 6.73002 -9.85712 2.6
      vertex 5.93692 -5.12117 2.6
    endloop
  endfacet
  facet normal 0 0 1
    outer loop
      vertex 6.73002 -9.85712 2.6
      vertex 6.43546 -9.9251 2.6
      vertex 6.5261 -9.9251 2.6
    endloop
  endfacet
  facet normal -0 0 1
    outer loop
      vertex 5.61968 -5.18916 2.6
      vertex 6.73002 -9.85712 2.6
      vertex 5.82364 -5.14382 2.6
    endloop
  endfacet
  facet normal 0 0 1
    outer loop
      vertex 6.43546 -9.9251 2.6
      vertex 6.2995 -9.94776 2.6
      vertex 6.41278 -9.94776 2.6
    endloop
  endfacet
  facet normal 0 0 1
    outer loop
      vertex 5.93692 -5.12117 2.6
      vertex 6.14087 -5.07584 2.6
      vertex 6.05024 -5.07584 2.6
    endloop
  endfacet
  facet normal 0 0 1
    outer loop
      vertex 6.73002 -9.85712 2.6
      vertex 5.61968 -5.18916 2.6
      vertex 6.43546 -9.9251 2.6
    endloop
  endfacet
  facet normal 0 0 1
    outer loop
      vertex 5.82364 -5.14382 2.6
      vertex 5.93692 -5.12117 2.6
      vertex 5.84629 -5.12117 2.6
    endloop
  endfacet
  facet normal 0 0 1
    outer loop
      vertex 6.43546 -9.9251 2.6
      vertex 5.61968 -5.18916 2.6
      vertex 6.2995 -9.94776 2.6
    endloop
  endfacet
  facet normal -0 0 1
    outer loop
      vertex 5.14382 -5.27979 2.6
      vertex 6.2995 -9.94776 2.6
      vertex 5.61968 -5.18916 2.6
    endloop
  endfacet
  facet normal 0 -0 1
    outer loop
      vertex 5.82364 -10.0384 2.6
      vertex 6.2995 -9.94776 2.6
      vertex 5.14382 -5.27979 2.6
    endloop
  endfacet
  facet normal 0 0 1
    outer loop
      vertex 5.61968 -5.18916 2.6
      vertex 5.82364 -5.14382 2.6
      vertex 5.733 -5.14382 2.6
    endloop
  endfacet
  facet normal 0 0 1
    outer loop
      vertex 6.2995 -9.94776 2.6
      vertex 5.82364 -10.0384 2.6
      vertex 6.18618 -9.99309 2.6
    endloop
  endfacet
  facet normal 0 -0 1
    outer loop
      vertex 5.66502 -10.0611 2.6
      vertex 5.82364 -10.0384 2.6
      vertex 5.14382 -5.27979 2.6
    endloop
  endfacet
  facet normal 0 0 1
    outer loop
      vertex 5.82364 -10.0384 2.6
      vertex 5.66502 -10.0611 2.6
      vertex 5.80098 -10.0611 2.6
    endloop
  endfacet
  facet normal -0 0 1
    outer loop
      vertex 4.73595 -5.34778 2.6
      vertex 5.66502 -10.0611 2.6
      vertex 5.14382 -5.27979 2.6
    endloop
  endfacet
  facet normal 0 0 1
    outer loop
      vertex 5.66502 -10.0611 2.6
      vertex 5.37043 -10.1064 2.6
      vertex 5.5064 -10.1064 2.6
    endloop
  endfacet
  facet normal 0 0 1
    outer loop
      vertex 5.14382 -5.27979 2.6
      vertex 5.61968 -5.18916 2.6
      vertex 5.27979 -5.23446 2.6
    endloop
  endfacet
  facet normal 0 0 1
    outer loop
      vertex 5.66502 -10.0611 2.6
      vertex 4.73595 -5.34778 2.6
      vertex 5.37043 -10.1064 2.6
    endloop
  endfacet
  facet normal 0 -0 1
    outer loop
      vertex 5.18916 -10.129 2.6
      vertex 5.37043 -10.1064 2.6
      vertex 4.73595 -5.34778 2.6
    endloop
  endfacet
  facet normal 0 0 1
    outer loop
      vertex 5.37043 -10.1064 2.6
      vertex 5.18916 -10.129 2.6
      vertex 5.34778 -10.129 2.6
    endloop
  endfacet
  facet normal -0 0 1
    outer loop
      vertex 4.57733 -5.37043 2.6
      vertex 5.18916 -10.129 2.6
      vertex 4.73595 -5.34778 2.6
    endloop
  endfacet
  facet normal 0 0 1
    outer loop
      vertex 5.18916 -10.129 2.6
      vertex 5.00788 -10.1517 2.6
      vertex 5.1665 -10.1517 2.6
    endloop
  endfacet
  facet normal -0 0 1
    outer loop
      vertex 4.41871 -5.39308 2.6
      vertex 5.18916 -10.129 2.6
      vertex 4.57733 -5.37043 2.6
    endloop
  endfacet
  facet normal 0 0 1
    outer loop
      vertex 5.18916 -10.129 2.6
      vertex 4.41871 -5.39308 2.6
      vertex 5.00788 -10.1517 2.6
    endloop
  endfacet
  facet normal 0 0 1
    outer loop
      vertex 4.73595 -5.34778 2.6
      vertex 5.14382 -5.27979 2.6
      vertex 4.7586 -5.32512 2.6
    endloop
  endfacet
  facet normal 0 0 1
    outer loop
      vertex 5.00788 -10.1517 2.6
      vertex 4.82658 -10.1744 2.6
      vertex 4.9852 -10.1744 2.6
    endloop
  endfacet
  facet normal 0 0 1
    outer loop
      vertex 4.57733 -5.37043 2.6
      vertex 4.73595 -5.34778 2.6
      vertex 4.59998 -5.34778 2.6
    endloop
  endfacet
  facet normal -0 0 1
    outer loop
      vertex 4.26009 -5.41576 2.6
      vertex 5.00788 -10.1517 2.6
      vertex 4.41871 -5.39308 2.6
    endloop
  endfacet
  facet normal 0 0 1
    outer loop
      vertex 4.41871 -5.39308 2.6
      vertex 4.57733 -5.37043 2.6
      vertex 4.44136 -5.37043 2.6
    endloop
  endfacet
  facet normal 0 0 1
    outer loop
      vertex 5.00788 -10.1517 2.6
      vertex 4.26009 -5.41576 2.6
      vertex 4.82658 -10.1744 2.6
    endloop
  endfacet
  facet normal -0 0 1
    outer loop
      vertex 4.07882 -5.43841 2.6
      vertex 4.82658 -10.1744 2.6
      vertex 4.26009 -5.41576 2.6
    endloop
  endfacet
  facet normal 0 0 1
    outer loop
      vertex 4.82658 -10.1744 2.6
      vertex 4.39606 -10.2197 2.6
      vertex 4.80393 -10.197 2.6
    endloop
  endfacet
  facet normal 0 0 1
    outer loop
      vertex 4.26009 -5.41576 2.6
      vertex 4.41871 -5.39308 2.6
      vertex 4.28274 -5.39308 2.6
    endloop
  endfacet
  facet normal 0 0 1
    outer loop
      vertex 4.82658 -10.1744 2.6
      vertex 4.07882 -5.43841 2.6
      vertex 4.39606 -10.2197 2.6
    endloop
  endfacet
  facet normal 0 0 1
    outer loop
      vertex 4.07882 -5.43841 2.6
      vertex 4.26009 -5.41576 2.6
      vertex 4.10147 -5.41576 2.6
    endloop
  endfacet
  facet normal -0 0 1
    outer loop
      vertex 3.64826 -5.48374 2.6
      vertex 4.39606 -10.2197 2.6
      vertex 4.07882 -5.43841 2.6
    endloop
  endfacet
  facet normal 0 -0 1
    outer loop
      vertex 3.85221 -10.265 2.6
      vertex 4.39606 -10.2197 2.6
      vertex 3.64826 -5.48374 2.6
    endloop
  endfacet
  facet normal 0 0 1
    outer loop
      vertex 4.39606 -10.2197 2.6
      vertex 3.85221 -10.265 2.6
      vertex 4.37337 -10.2423 2.6
    endloop
  endfacet
  facet normal 0 0 1
    outer loop
      vertex 3.64826 -5.48374 2.6
      vertex 4.07882 -5.43841 2.6
      vertex 3.67094 -5.46106 2.6
    endloop
  endfacet
  facet normal -0 0 1
    outer loop
      vertex 3.10441 -5.52905 2.6
      vertex 3.85221 -10.265 2.6
      vertex 3.64826 -5.48374 2.6
    endloop
  endfacet
  facet normal 0 0 1
    outer loop
      vertex 3.85221 -10.265 2.6
      vertex 3.53497 -10.2876 2.6
      vertex 3.82956 -10.2876 2.6
    endloop
  endfacet
  facet normal 0 0 1
    outer loop
      vertex 3.85221 -10.265 2.6
      vertex 3.10441 -5.52905 2.6
      vertex 3.53497 -10.2876 2.6
    endloop
  endfacet
  facet normal 0 -0 1
    outer loop
      vertex 3.1724 -10.3103 2.6
      vertex 3.53497 -10.2876 2.6
      vertex 3.10441 -5.52905 2.6
    endloop
  endfacet
  facet normal 0 0 1
    outer loop
      vertex 3.53497 -10.2876 2.6
      vertex 3.1724 -10.3103 2.6
      vertex 3.51232 -10.3103 2.6
    endloop
  endfacet
  facet normal 0 0 1
    outer loop
      vertex 3.10441 -5.52905 2.6
      vertex 3.64826 -5.48374 2.6
      vertex 3.1271 -5.5064 2.6
    endloop
  endfacet
  facet normal -0 0 1
    outer loop
      vertex 2.76452 -5.5517 2.6
      vertex 3.1724 -10.3103 2.6
      vertex 3.10441 -5.52905 2.6
    endloop
  endfacet
  facet normal 0 0 1
    outer loop
      vertex 2.76452 -5.5517 2.6
      vertex 3.10441 -5.52905 2.6
      vertex 2.78718 -5.52905 2.6
    endloop
  endfacet
  facet normal 0 0 1
    outer loop
      vertex 2.71919 -10.333 2.6
      vertex 3.1724 -10.3103 2.6
      vertex 2.76452 -5.5517 2.6
    endloop
  endfacet
  facet normal 0 0 1
    outer loop
      vertex 3.1724 -10.3103 2.6
      vertex 2.71919 -10.333 2.6
      vertex 3.14975 -10.333 2.6
    endloop
  endfacet
  facet normal -0 0 1
    outer loop
      vertex 1.13299 -5.57438 2.6
      vertex 2.71919 -10.333 2.6
      vertex 2.76452 -5.5517 2.6
    endloop
  endfacet
  facet normal 0 0 1
    outer loop
      vertex 1.04236 -10.3783 2.6
      vertex 2.71919 -10.333 2.6
      vertex 1.13299 -5.57438 2.6
    endloop
  endfacet
  facet normal 0 0 1
    outer loop
      vertex 2.71919 -10.333 2.6
      vertex 1.04236 -10.3783 2.6
      vertex 2.69654 -10.3556 2.6
    endloop
  endfacet
  facet normal 0 0 1
    outer loop
      vertex -0.589148 -5.52905 2.6
      vertex 1.04236 -10.3783 2.6
      vertex 1.13299 -5.57438 2.6
    endloop
  endfacet
  facet normal -0 0 1
    outer loop
      vertex -0.521192 -5.5064 2.6
      vertex 1.13299 -5.57438 2.6
      vertex 0.974371 -5.43841 2.6
    endloop
  endfacet
  facet normal -0 0 1
    outer loop
      vertex -0.430528 -5.41576 2.6
      vertex 0.974371 -5.43841 2.6
      vertex 0.929068 -5.30244 2.6
    endloop
  endfacet
  facet normal 0 0 1
    outer loop
      vertex -0.339891 -3.85221 2.6
      vertex 0.906387 -3.33102 2.6
      vertex 0.883736 -3.30837 2.6
    endloop
  endfacet
  facet normal 0 0 1
    outer loop
      vertex 0.906387 -3.33102 2.6
      vertex -0.339891 -3.85221 2.6
      vertex 0.929068 -5.30244 2.6
    endloop
  endfacet
  facet normal 0 0 1
    outer loop
      vertex 0.861083 8.92805 2.6
      vertex -0.203952 7.97633 2.6
      vertex 0.861083 7.81771 2.6
    endloop
  endfacet
  facet normal 0 0 1
    outer loop
      vertex -0.181272 9.26797 2.6
      vertex 0.838431 8.95073 2.6
      vertex 0.815751 9.24529 2.6
    endloop
  endfacet
  facet normal 0 -0 1
    outer loop
      vertex -0.181272 9.26797 2.6
      vertex 0.838431 9.4719 2.6
      vertex -0.226604 9.42659 2.6
    endloop
  endfacet
  facet normal 0 0 1
    outer loop
      vertex 0.158619 10.3783 2.6
      vertex 0.838431 9.4719 2.6
      vertex 0.589148 10.3556 2.6
    endloop
  endfacet
  facet normal 0 0 1
    outer loop
      vertex 0.861083 7.81771 2.6
      vertex -0.203952 7.97633 2.6
      vertex -0.226604 7.90835 2.6
    endloop
  endfacet
  facet normal -0 0 1
    outer loop
      vertex 0.158619 10.3783 2.6
      vertex 0.589148 10.3556 2.6
      vertex 0.430528 10.401 2.6
    endloop
  endfacet
  facet normal 0 0 1
    outer loop
      vertex 0.838431 9.4719 2.6
      vertex 0.158619 10.3783 2.6
      vertex -0.226604 9.42659 2.6
    endloop
  endfacet
  facet normal 0 0 1
    outer loop
      vertex -0.226604 9.42659 2.6
      vertex 0.158619 10.3783 2.6
      vertex -0.181272 10.2423 2.6
    endloop
  endfacet
  facet normal 0 0 1
    outer loop
      vertex 0.838431 8.95073 2.6
      vertex -0.181272 9.26797 2.6
      vertex -0.203952 7.97633 2.6
    endloop
  endfacet
  facet normal 0 0 1
    outer loop
      vertex -0.31724 7.81771 2.6
      vertex 0.861083 7.81771 2.6
      vertex -0.226604 7.90835 2.6
    endloop
  endfacet
  facet normal 0 0 1
    outer loop
      vertex -0.31724 -2.99113 2.6
      vertex 0.883736 -1.76747 2.6
      vertex -0.31724 -1.74482 2.6
    endloop
  endfacet
  facet normal 0 0 1
    outer loop
      vertex -0.498511 -1.5862 2.6
      vertex 0.861083 7.81771 2.6
      vertex -0.31724 7.81771 2.6
    endloop
  endfacet
  facet normal 0 0 1
    outer loop
      vertex 0.883736 -1.76747 2.6
      vertex -0.31724 -2.99113 2.6
      vertex 0.883736 -3.30837 2.6
    endloop
  endfacet
  facet normal 0 0 1
    outer loop
      vertex -0.339891 -3.85221 2.6
      vertex 0.883736 -3.30837 2.6
      vertex -0.31724 -2.99113 2.6
    endloop
  endfacet
  facet normal 0 0 1
    outer loop
      vertex -0.339891 -3.85221 2.6
      vertex -0.31724 -2.99113 2.6
      vertex -0.339891 -3.01378 2.6
    endloop
  endfacet
  facet normal -0 0 1
    outer loop
      vertex -0.362572 -3.87486 2.6
      vertex 0.929068 -5.30244 2.6
      vertex -0.339891 -3.85221 2.6
    endloop
  endfacet
  facet normal 0 0 1
    outer loop
      vertex 0.929068 -5.30244 2.6
      vertex -0.362572 -3.87486 2.6
      vertex -0.385223 -5.27979 2.6
    endloop
  endfacet
  facet normal 0 0 1
    outer loop
      vertex -0.430528 -5.41576 2.6
      vertex 0.929068 -5.30244 2.6
      vertex -0.385223 -5.27979 2.6
    endloop
  endfacet
  facet normal 0 0 1
    outer loop
      vertex 0.974371 -5.43841 2.6
      vertex -0.430528 -5.41576 2.6
      vertex -0.521192 -5.5064 2.6
    endloop
  endfacet
  facet normal -0 0 1
    outer loop
      vertex -0.589148 -5.52905 2.6
      vertex 1.13299 -5.57438 2.6
      vertex -0.521192 -5.5064 2.6
    endloop
  endfacet
  facet normal -0 0 1
    outer loop
      vertex -1.24631 -10.3556 2.6
      vertex 1.04236 -10.3783 2.6
      vertex -0.589148 -5.52905 2.6
    endloop
  endfacet
  facet normal 0 -0 1
    outer loop
      vertex -1.22366 -10.3783 2.6
      vertex 1.04236 -10.3783 2.6
      vertex -1.24631 -10.3556 2.6
    endloop
  endfacet
  facet normal 0 0 1
    outer loop
      vertex 1.04236 -10.3783 2.6
      vertex -1.22366 -10.3783 2.6
      vertex 1.0197 -10.401 2.6
    endloop
  endfacet
  facet normal 0 0 1
    outer loop
      vertex -1.85814 -5.5064 2.6
      vertex -1.24631 -10.3556 2.6
      vertex -0.589148 -5.52905 2.6
    endloop
  endfacet
  facet normal 0 0 1
    outer loop
      vertex -1.24631 -10.3556 2.6
      vertex -1.83546 -10.333 2.6
      vertex -1.8128 -10.3556 2.6
    endloop
  endfacet
  facet normal 0 0 1
    outer loop
      vertex -1.24631 -10.3556 2.6
      vertex -1.85814 -5.5064 2.6
      vertex -1.83546 -10.333 2.6
    endloop
  endfacet
  facet normal 0 0 1
    outer loop
      vertex -2.49262 -5.46106 2.6
      vertex -1.85814 -5.5064 2.6
      vertex -1.88079 -5.48374 2.6
    endloop
  endfacet
  facet normal 0 0 1
    outer loop
      vertex -3.03646 -10.265 2.6
      vertex -1.85814 -5.5064 2.6
      vertex -2.49262 -5.46106 2.6
    endloop
  endfacet
  facet normal -0 0 1
    outer loop
      vertex -2.74187 -5.43841 2.6
      vertex -2.49262 -5.46106 2.6
      vertex -2.51527 -5.43841 2.6
    endloop
  endfacet
  facet normal 0 0 1
    outer loop
      vertex -2.49262 -5.46106 2.6
      vertex -2.74187 -5.43841 2.6
      vertex -3.03646 -10.265 2.6
    endloop
  endfacet
  facet normal 0 0 1
    outer loop
      vertex -3.30837 -5.37043 2.6
      vertex -2.74187 -5.43841 2.6
      vertex -2.76452 -5.41576 2.6
    endloop
  endfacet
  facet normal 0 0 1
    outer loop
      vertex -1.85814 -5.5064 2.6
      vertex -3.03646 -10.265 2.6
      vertex -1.83546 -10.333 2.6
    endloop
  endfacet
  facet normal 0 0 1
    outer loop
      vertex -1.83546 -10.333 2.6
      vertex -3.03646 -10.265 2.6
      vertex -3.01378 -10.2876 2.6
    endloop
  endfacet
  facet normal 0 0 1
    outer loop
      vertex -2.74187 -5.43841 2.6
      vertex -3.30837 -5.37043 2.6
      vertex -3.67094 -10.2197 2.6
    endloop
  endfacet
  facet normal -0 0 1
    outer loop
      vertex -3.44434 -5.34778 2.6
      vertex -3.30837 -5.37043 2.6
      vertex -3.33102 -5.34778 2.6
    endloop
  endfacet
  facet normal 0 0 1
    outer loop
      vertex -3.9655 -10.197 2.6
      vertex -3.30837 -5.37043 2.6
      vertex -3.44434 -5.34778 2.6
    endloop
  endfacet
  facet normal -0 0 1
    outer loop
      vertex -3.60296 -5.32512 2.6
      vertex -3.44434 -5.34778 2.6
      vertex -3.46699 -5.32512 2.6
    endloop
  endfacet
  facet normal 0 0 1
    outer loop
      vertex -3.9655 -10.197 2.6
      vertex -3.44434 -5.34778 2.6
      vertex -3.60296 -5.32512 2.6
    endloop
  endfacet
  facet normal -0 0 1
    outer loop
      vertex -3.7389 -5.30244 2.6
      vertex -3.60296 -5.32512 2.6
      vertex -3.62561 -5.30244 2.6
    endloop
  endfacet
  facet normal 0 0 1
    outer loop
      vertex -2.74187 -5.43841 2.6
      vertex -3.67094 -10.2197 2.6
      vertex -3.03646 -10.265 2.6
    endloop
  endfacet
  facet normal 0 0 1
    outer loop
      vertex -3.03646 -10.265 2.6
      vertex -3.67094 -10.2197 2.6
      vertex -3.64826 -10.2423 2.6
    endloop
  endfacet
  facet normal 0 0 1
    outer loop
      vertex -4.23744 -10.1744 2.6
      vertex -3.60296 -5.32512 2.6
      vertex -3.7389 -5.30244 2.6
    endloop
  endfacet
  facet normal 0 0 1
    outer loop
      vertex -4.12412 -5.23446 2.6
      vertex -3.7389 -5.30244 2.6
      vertex -3.87486 -5.25714 2.6
    endloop
  endfacet
  facet normal 0 0 1
    outer loop
      vertex -3.30837 -5.37043 2.6
      vertex -3.9655 -10.197 2.6
      vertex -3.67094 -10.2197 2.6
    endloop
  endfacet
  facet normal 0 0 1
    outer loop
      vertex -3.67094 -10.2197 2.6
      vertex -3.9655 -10.197 2.6
      vertex -3.94285 -10.2197 2.6
    endloop
  endfacet
  facet normal 0 0 1
    outer loop
      vertex -3.7389 -5.30244 2.6
      vertex -4.12412 -5.23446 2.6
      vertex -4.48669 -10.1517 2.6
    endloop
  endfacet
  facet normal 0 0 1
    outer loop
      vertex -4.69062 -5.12117 2.6
      vertex -4.12412 -5.23446 2.6
      vertex -4.1468 -5.21181 2.6
    endloop
  endfacet
  facet normal 0 0 1
    outer loop
      vertex -3.60296 -5.32512 2.6
      vertex -4.23744 -10.1744 2.6
      vertex -3.9655 -10.197 2.6
    endloop
  endfacet
  facet normal 0 0 1
    outer loop
      vertex -3.9655 -10.197 2.6
      vertex -4.23744 -10.1744 2.6
      vertex -4.21476 -10.197 2.6
    endloop
  endfacet
  facet normal 0 0 1
    outer loop
      vertex -3.7389 -5.30244 2.6
      vertex -4.48669 -10.1517 2.6
      vertex -4.23744 -10.1744 2.6
    endloop
  endfacet
  facet normal 0 0 1
    outer loop
      vertex -4.23744 -10.1744 2.6
      vertex -4.48669 -10.1517 2.6
      vertex -4.46404 -10.1744 2.6
    endloop
  endfacet
  facet normal 0 0 1
    outer loop
      vertex -4.12412 -5.23446 2.6
      vertex -4.69062 -5.12117 2.6
      vertex -5.14382 -10.0837 2.6
    endloop
  endfacet
  facet normal -0 0 1
    outer loop
      vertex -4.89457 -5.07584 2.6
      vertex -4.69062 -5.12117 2.6
      vertex -4.80393 -5.07584 2.6
    endloop
  endfacet
  facet normal 0 0 1
    outer loop
      vertex -5.66502 -10.0157 2.6
      vertex -4.69062 -5.12117 2.6
      vertex -4.89457 -5.07584 2.6
    endloop
  endfacet
  facet normal -0 0 1
    outer loop
      vertex -5.09852 -5.03054 2.6
      vertex -4.89457 -5.07584 2.6
      vertex -5.00788 -5.03054 2.6
    endloop
  endfacet
  facet normal 0 0 1
    outer loop
      vertex -5.9596 -9.97041 2.6
      vertex -4.89457 -5.07584 2.6
      vertex -5.09852 -5.03054 2.6
    endloop
  endfacet
  facet normal 0 0 1
    outer loop
      vertex -5.46106 -4.9399 2.6
      vertex -5.09852 -5.03054 2.6
      vertex -5.12117 -5.00788 2.6
    endloop
  endfacet
  facet normal 0 0 1
    outer loop
      vertex -4.12412 -5.23446 2.6
      vertex -5.14382 -10.0837 2.6
      vertex -4.48669 -10.1517 2.6
    endloop
  endfacet
  facet normal 0 0 1
    outer loop
      vertex -4.48669 -10.1517 2.6
      vertex -5.14382 -10.0837 2.6
      vertex -5.12117 -10.1064 2.6
    endloop
  endfacet
  facet normal 0 0 1
    outer loop
      vertex -4.69062 -5.12117 2.6
      vertex -5.32512 -10.0611 2.6
      vertex -5.14382 -10.0837 2.6
    endloop
  endfacet
  facet normal 0 0 1
    outer loop
      vertex -5.14382 -10.0837 2.6
      vertex -5.32512 -10.0611 2.6
      vertex -5.30244 -10.0837 2.6
    endloop
  endfacet
  facet normal 0 0 1
    outer loop
      vertex -5.09852 -5.03054 2.6
      vertex -5.46106 -4.9399 2.6
      vertex -6.23151 -9.9251 2.6
    endloop
  endfacet
  facet normal -0 0 1
    outer loop
      vertex -5.61968 -4.89457 2.6
      vertex -5.46106 -4.9399 2.6
      vertex -5.5517 -4.89457 2.6
    endloop
  endfacet
  facet normal 0 0 1
    outer loop
      vertex -6.36748 -9.90245 2.6
      vertex -5.46106 -4.9399 2.6
      vertex -5.61968 -4.89457 2.6
    endloop
  endfacet
  facet normal 0 0 1
    outer loop
      vertex -4.69062 -5.12117 2.6
      vertex -5.66502 -10.0157 2.6
      vertex -5.32512 -10.0611 2.6
    endloop
  endfacet
  facet normal 0 0 1
    outer loop
      vertex -5.32512 -10.0611 2.6
      vertex -5.66502 -10.0157 2.6
      vertex -5.64236 -10.0384 2.6
    endloop
  endfacet
  facet normal 0 0 1
    outer loop
      vertex -4.89457 -5.07584 2.6
      vertex -5.9596 -9.97041 2.6
      vertex -5.66502 -10.0157 2.6
    endloop
  endfacet
  facet normal 0 0 1
    outer loop
      vertex -5.66502 -10.0157 2.6
      vertex -5.9596 -9.97041 2.6
      vertex -5.80098 -10.0157 2.6
    endloop
  endfacet
  facet normal 0 0 1
    outer loop
      vertex -5.09852 -5.03054 2.6
      vertex -6.09554 -9.94776 2.6
      vertex -5.9596 -9.97041 2.6
    endloop
  endfacet
  facet normal 0 0 1
    outer loop
      vertex -7.38718 -9.67585 2.6
      vertex -5.61968 -4.89457 2.6
      vertex -6.09554 -4.73595 2.6
    endloop
  endfacet
  facet normal 0 0 1
    outer loop
      vertex -5.9596 -9.97041 2.6
      vertex -6.09554 -9.94776 2.6
      vertex -6.07289 -9.97041 2.6
    endloop
  endfacet
  facet normal 0 0 1
    outer loop
      vertex -5.09852 -5.03054 2.6
      vertex -6.23151 -9.9251 2.6
      vertex -6.09554 -9.94776 2.6
    endloop
  endfacet
  facet normal 0 0 1
    outer loop
      vertex -6.09554 -9.94776 2.6
      vertex -6.23151 -9.9251 2.6
      vertex -6.20886 -9.94776 2.6
    endloop
  endfacet
  facet normal 0 0 1
    outer loop
      vertex -5.46106 -4.9399 2.6
      vertex -6.36748 -9.90245 2.6
      vertex -6.23151 -9.9251 2.6
    endloop
  endfacet
  facet normal 0 0 1
    outer loop
      vertex -6.23151 -9.9251 2.6
      vertex -6.36748 -9.90245 2.6
      vertex -6.3448 -9.9251 2.6
    endloop
  endfacet
  facet normal 0 0 1
    outer loop
      vertex -9.10935 -8.81476 2.6
      vertex -6.09554 -4.73595 2.6
      vertex -6.86599 -4.39606 2.6
    endloop
  endfacet
  facet normal 0 0 1
    outer loop
      vertex -5.61968 -4.89457 2.6
      vertex -6.91132 -9.81179 2.6
      vertex -6.36748 -9.90245 2.6
    endloop
  endfacet
  facet normal 0 0 1
    outer loop
      vertex -5.61968 -4.89457 2.6
      vertex -7.38718 -9.67585 2.6
      vertex -6.91132 -9.81179 2.6
    endloop
  endfacet
  facet normal 0 0 1
    outer loop
      vertex -6.09554 -4.73595 2.6
      vertex -8.18028 -9.42659 2.6
      vertex -7.38718 -9.67585 2.6
    endloop
  endfacet
  facet normal 0 0 1
    outer loop
      vertex -10.3556 -7.22856 2.6
      vertex -6.86599 -4.39606 2.6
      vertex -7.56846 -3.94285 2.6
    endloop
  endfacet
  facet normal 0 0 1
    outer loop
      vertex -11.1034 -5.34778 2.6
      vertex -7.56846 -3.94285 2.6
      vertex -8.1576 -3.37635 2.6
    endloop
  endfacet
  facet normal 0 0 1
    outer loop
      vertex -7.38718 -9.67585 2.6
      vertex -8.18028 -9.42659 2.6
      vertex -7.45517 -9.67585 2.6
    endloop
  endfacet
  facet normal 0 0 1
    outer loop
      vertex -11.3074 -4.28274 2.6
      vertex -8.1576 -3.37635 2.6
      vertex -8.47484 -2.90049 2.6
    endloop
  endfacet
  facet normal 0 0 1
    outer loop
      vertex -6.09554 -4.73595 2.6
      vertex -8.56551 -9.22264 2.6
      vertex -8.18028 -9.42659 2.6
    endloop
  endfacet
  facet normal 0 0 1
    outer loop
      vertex -11.33 -3.37635 2.6
      vertex -8.47484 -2.90049 2.6
      vertex -8.61081 -2.6059 2.6
    endloop
  endfacet
  facet normal -0 0 1
    outer loop
      vertex -11.2167 -2.58325 2.6
      vertex -8.61081 -2.6059 2.6
      vertex -8.70145 -2.35665 2.6
    endloop
  endfacet
  facet normal -0 0 1
    outer loop
      vertex -11.1261 -2.22068 2.6
      vertex -8.70145 -2.35665 2.6
      vertex -8.79211 -1.99408 2.6
    endloop
  endfacet
  facet normal 0 0 1
    outer loop
      vertex -8.83742 -1.67684 2.6
      vertex -8.79211 -1.99408 2.6
      vertex -8.81476 -1.69952 2.6
    endloop
  endfacet
  facet normal 0 0 1
    outer loop
      vertex -10.8088 -1.3596 2.6
      vertex -8.79211 -1.99408 2.6
      vertex -8.83742 -1.67684 2.6
    endloop
  endfacet
  facet normal 0 0 1
    outer loop
      vertex -9.26797 3.9655 2.6
      vertex -8.95073 3.98818 2.6
      vertex -8.97338 4.01083 2.6
    endloop
  endfacet
  facet normal 0 0 1
    outer loop
      vertex -6.09554 -4.73595 2.6
      vertex -9.10935 -8.81476 2.6
      vertex -8.56551 -9.22264 2.6
    endloop
  endfacet
  facet normal 0 0 1
    outer loop
      vertex -8.76943 -0.453208 2.6
      vertex -8.79211 -0.566496 2.6
      vertex -8.76943 -0.543843 2.6
    endloop
  endfacet
  facet normal 0 0 1
    outer loop
      vertex -8.29357 3.33102 2.6
      vertex -9.26797 3.9655 2.6
      vertex -9.67585 3.78423 2.6
    endloop
  endfacet
  facet normal 0 0 1
    outer loop
      vertex -8.76943 -0.453208 2.6
      vertex -10.0611 0.0226517 2.6
      vertex -8.79211 -0.566496 2.6
    endloop
  endfacet
  facet normal 0 0 1
    outer loop
      vertex -9.60786 0.906387 2.6
      vertex -9.56253 1.13299 2.6
      vertex -9.58521 1.11034 2.6
    endloop
  endfacet
  facet normal 0 0 1
    outer loop
      vertex -8.79211 -0.566496 2.6
      vertex -8.83742 -0.861084 2.6
      vertex -8.81476 -0.838431 2.6
    endloop
  endfacet
  facet normal 0 0 1
    outer loop
      vertex -8.79211 -0.566496 2.6
      vertex -10.0611 0.0226517 2.6
      vertex -8.83742 -0.861084 2.6
    endloop
  endfacet
  facet normal -0 0 1
    outer loop
      vertex -10.5369 -0.770448 2.6
      vertex -8.83742 -0.861084 2.6
      vertex -10.0611 0.0226517 2.6
    endloop
  endfacet
  facet normal 0 0 1
    outer loop
      vertex -7.56846 -3.94285 2.6
      vertex -10.6049 -6.70737 2.6
      vertex -10.3556 -7.22856 2.6
    endloop
  endfacet
  facet normal 0 0 1
    outer loop
      vertex -6.86599 -4.39606 2.6
      vertex -9.67585 -8.22559 2.6
      vertex -9.10935 -8.81476 2.6
    endloop
  endfacet
  facet normal 0 0 1
    outer loop
      vertex -8.83742 -0.861084 2.6
      vertex -10.5369 -0.770448 2.6
      vertex -8.83742 -1.67684 2.6
    endloop
  endfacet
  facet normal 0 0 1
    outer loop
      vertex -6.86599 -4.39606 2.6
      vertex -9.97041 -7.84036 2.6
      vertex -9.67585 -8.22559 2.6
    endloop
  endfacet
  facet normal -0 0 1
    outer loop
      vertex -10.8088 -1.3596 2.6
      vertex -8.83742 -1.67684 2.6
      vertex -10.5369 -0.770448 2.6
    endloop
  endfacet
  facet normal 0 0 1
    outer loop
      vertex -6.86599 -4.39606 2.6
      vertex -10.3556 -7.22856 2.6
      vertex -9.97041 -7.84036 2.6
    endloop
  endfacet
  facet normal 0 0 1
    outer loop
      vertex -10.3556 -7.22856 2.6
      vertex -10.6049 -6.70737 2.6
      vertex -10.6049 -6.7527 2.6
    endloop
  endfacet
  facet normal 0 0 1
    outer loop
      vertex 10.8088 -1.42758 2.6
      vertex 10.7862 -1.33694 2.6
      vertex 10.7862 -1.40493 2.6
    endloop
  endfacet
  facet normal 0 0 1
    outer loop
      vertex -1.13299 7.86304 2.6
      vertex -5.12117 4.26009 2.6
      vertex -5.09852 3.76158 2.6
    endloop
  endfacet
  facet normal 0 0 1
    outer loop
      vertex -5.05319 8.29357 2.6
      vertex -5.1665 4.7586 2.6
      vertex -5.12117 4.26009 2.6
    endloop
  endfacet
  facet normal 0 0 1
    outer loop
      vertex -5.12117 4.26009 2.6
      vertex -5.1665 4.7586 2.6
      vertex -5.14382 4.28274 2.6
    endloop
  endfacet
  facet normal 0 0 1
    outer loop
      vertex -5.05319 8.29357 2.6
      vertex -5.18916 4.91722 2.6
      vertex -5.1665 4.7586 2.6
    endloop
  endfacet
  facet normal 0 0 1
    outer loop
      vertex -5.05319 8.29357 2.6
      vertex -5.21181 5.07584 2.6
      vertex -5.18916 4.91722 2.6
    endloop
  endfacet
  facet normal 0 0 1
    outer loop
      vertex -5.05319 8.29357 2.6
      vertex -5.25714 5.32512 2.6
      vertex -5.21181 5.07584 2.6
    endloop
  endfacet
  facet normal 0 0 1
    outer loop
      vertex -5.21181 5.07584 2.6
      vertex -5.25714 5.32512 2.6
      vertex -5.23446 5.09852 2.6
    endloop
  endfacet
  facet normal 0 0 1
    outer loop
      vertex -5.05319 8.29357 2.6
      vertex -5.27979 5.46106 2.6
      vertex -5.25714 5.32512 2.6
    endloop
  endfacet
  facet normal 0 0 1
    outer loop
      vertex -5.05319 8.29357 2.6
      vertex -5.39308 5.9596 2.6
      vertex -5.27979 5.46106 2.6
    endloop
  endfacet
  facet normal 0 0 1
    outer loop
      vertex -5.27979 5.46106 2.6
      vertex -5.39308 5.9596 2.6
      vertex -5.32512 5.57438 2.6
    endloop
  endfacet
  facet normal 0 0 1
    outer loop
      vertex -5.05319 8.29357 2.6
      vertex -5.48374 6.27684 2.6
      vertex -5.39308 5.9596 2.6
    endloop
  endfacet
  facet normal 0 0 1
    outer loop
      vertex -5.39308 5.9596 2.6
      vertex -5.48374 6.27684 2.6
      vertex -5.43841 6.05024 2.6
    endloop
  endfacet
  facet normal 0 0 1
    outer loop
      vertex -5.05319 8.29357 2.6
      vertex -5.52905 8.36156 2.6
      vertex -6.02756 7.56845 2.6
    endloop
  endfacet
  facet normal 0 0 1
    outer loop
      vertex -5.9596 8.42954 2.6
      vertex -5.52905 8.36156 2.6
      vertex -5.5517 8.38421 2.6
    endloop
  endfacet
  facet normal 0 0 1
    outer loop
      vertex -5.05319 8.29357 2.6
      vertex -5.64236 6.7527 2.6
      vertex -5.48374 6.27684 2.6
    endloop
  endfacet
  facet normal 0 0 1
    outer loop
      vertex -5.05319 8.29357 2.6
      vertex -5.82364 7.18323 2.6
      vertex -5.64236 6.7527 2.6
    endloop
  endfacet
  facet normal 0 0 1
    outer loop
      vertex -5.52905 8.36156 2.6
      vertex -5.9596 8.42954 2.6
      vertex -6.02756 7.56845 2.6
    endloop
  endfacet
  facet normal -0 0 1
    outer loop
      vertex -6.11822 8.45219 2.6
      vertex -5.9596 8.42954 2.6
      vertex -5.98226 8.45219 2.6
    endloop
  endfacet
  facet normal 0 0 1
    outer loop
      vertex -5.05319 8.29357 2.6
      vertex -6.02756 7.56845 2.6
      vertex -5.82364 7.18323 2.6
    endloop
  endfacet
  facet normal 0 0 1
    outer loop
      vertex -6.36748 8.22559 2.6
      vertex -5.9596 8.42954 2.6
      vertex -6.11822 8.45219 2.6
    endloop
  endfacet
  facet normal 0 0 1
    outer loop
      vertex -6.36748 8.22559 2.6
      vertex -6.11822 8.45219 2.6
      vertex -6.27684 8.38421 2.6
    endloop
  endfacet
  facet normal 0 0 1
    outer loop
      vertex -5.9596 8.42954 2.6
      vertex -6.3448 8.02166 2.6
      vertex -6.02756 7.56845 2.6
    endloop
  endfacet
  facet normal 0 0 1
    outer loop
      vertex -5.9596 8.42954 2.6
      vertex -6.36748 8.22559 2.6
      vertex -6.3448 8.02166 2.6
    endloop
  endfacet
  facet normal 0 0 1
    outer loop
      vertex 0.906387 -1.72217 2.6
      vertex -0.31724 -1.74482 2.6
      vertex 0.883736 -1.76747 2.6
    endloop
  endfacet
  facet normal 0 -0 1
    outer loop
      vertex -0.31724 -1.74482 2.6
      vertex 0.906387 -1.72217 2.6
      vertex -0.385223 -1.63153 2.6
    endloop
  endfacet
  facet normal 0 0 1
    outer loop
      vertex -1.08769 -1.51822 2.6
      vertex -0.31724 7.81771 2.6
      vertex -0.611828 7.81771 2.6
    endloop
  endfacet
  facet normal 0 0 1
    outer loop
      vertex -0.31724 7.81771 2.6
      vertex -0.63448 -1.56355 2.6
      vertex -0.498511 -1.5862 2.6
    endloop
  endfacet
  facet normal -0 0 1
    outer loop
      vertex -0.861084 7.84036 2.6
      vertex -0.611828 7.81771 2.6
      vertex -0.63448 7.84036 2.6
    endloop
  endfacet
  facet normal 0 0 1
    outer loop
      vertex -0.498511 -1.5862 2.6
      vertex -0.63448 -1.56355 2.6
      vertex -0.611828 -1.5862 2.6
    endloop
  endfacet
  facet normal 0 0 1
    outer loop
      vertex -0.611828 7.81771 2.6
      vertex -0.861084 7.84036 2.6
      vertex -5.09852 3.76158 2.6
    endloop
  endfacet
  facet normal -0 0 1
    outer loop
      vertex -1.13299 7.86304 2.6
      vertex -0.861084 7.84036 2.6
      vertex -0.883736 7.86304 2.6
    endloop
  endfacet
  facet normal 0 0 1
    outer loop
      vertex -0.31724 7.81771 2.6
      vertex -1.08769 -1.51822 2.6
      vertex -0.63448 -1.56355 2.6
    endloop
  endfacet
  facet normal 0 0 1
    outer loop
      vertex -0.63448 -1.56355 2.6
      vertex -1.08769 -1.51822 2.6
      vertex -1.06504 -1.5409 2.6
    endloop
  endfacet
  facet normal 0 0 1
    outer loop
      vertex -0.861084 7.84036 2.6
      vertex -1.13299 7.86304 2.6
      vertex -5.09852 3.76158 2.6
    endloop
  endfacet
  facet normal -0 0 1
    outer loop
      vertex -1.3596 7.8857 2.6
      vertex -1.13299 7.86304 2.6
      vertex -1.15567 7.8857 2.6
    endloop
  endfacet
  facet normal 0 0 1
    outer loop
      vertex -5.12117 4.26009 2.6
      vertex -1.13299 7.86304 2.6
      vertex -1.3596 7.8857 2.6
    endloop
  endfacet
  facet normal -0 0 1
    outer loop
      vertex -1.5862 7.90835 2.6
      vertex -1.3596 7.8857 2.6
      vertex -1.38228 7.90835 2.6
    endloop
  endfacet
  facet normal 0 0 1
    outer loop
      vertex -5.12117 4.26009 2.6
      vertex -1.3596 7.8857 2.6
      vertex -1.5862 7.90835 2.6
    endloop
  endfacet
  facet normal -0 0 1
    outer loop
      vertex -1.8128 7.93103 2.6
      vertex -1.5862 7.90835 2.6
      vertex -1.60885 7.93103 2.6
    endloop
  endfacet
  facet normal 0 0 1
    outer loop
      vertex -5.12117 4.26009 2.6
      vertex -1.5862 7.90835 2.6
      vertex -1.8128 7.93103 2.6
    endloop
  endfacet
  facet normal -0 0 1
    outer loop
      vertex -2.01676 7.95368 2.6
      vertex -1.8128 7.93103 2.6
      vertex -1.83546 7.95368 2.6
    endloop
  endfacet
  facet normal 0 0 1
    outer loop
      vertex -0.611828 7.81771 2.6
      vertex -5.09852 3.76158 2.6
      vertex -1.08769 -1.51822 2.6
    endloop
  endfacet
  facet normal -0 0 1
    outer loop
      vertex -5.12117 2.42463 2.6
      vertex -1.08769 -1.51822 2.6
      vertex -5.09852 3.76158 2.6
    endloop
  endfacet
  facet normal 0 0 1
    outer loop
      vertex -5.12117 4.26009 2.6
      vertex -1.8128 7.93103 2.6
      vertex -2.01676 7.95368 2.6
    endloop
  endfacet
  facet normal -0 0 1
    outer loop
      vertex -2.24333 7.97633 2.6
      vertex -2.01676 7.95368 2.6
      vertex -2.03941 7.97633 2.6
    endloop
  endfacet
  facet normal 0 0 1
    outer loop
      vertex -5.12117 4.26009 2.6
      vertex -2.01676 7.95368 2.6
      vertex -2.24333 7.97633 2.6
    endloop
  endfacet
  facet normal -0 0 1
    outer loop
      vertex -2.46994 7.99898 2.6
      vertex -2.24333 7.97633 2.6
      vertex -2.26601 7.99898 2.6
    endloop
  endfacet
  facet normal 0 0 1
    outer loop
      vertex -1.08769 -1.51822 2.6
      vertex -5.12117 2.42463 2.6
      vertex -1.90344 -1.51822 2.6
    endloop
  endfacet
  facet normal 0 0 1
    outer loop
      vertex -5.12117 4.26009 2.6
      vertex -2.24333 7.97633 2.6
      vertex -2.46994 7.99898 2.6
    endloop
  endfacet
  facet normal -0 0 1
    outer loop
      vertex -5.1665 1.88079 2.6
      vertex -1.90344 -1.51822 2.6
      vertex -5.12117 2.42463 2.6
    endloop
  endfacet
  facet normal -0 0 1
    outer loop
      vertex -2.67389 8.02166 2.6
      vertex -2.46994 7.99898 2.6
      vertex -2.49262 8.02166 2.6
    endloop
  endfacet
  facet normal -0 0 1
    outer loop
      vertex -5.18916 1.67684 2.6
      vertex -1.90344 -1.51822 2.6
      vertex -5.1665 1.88079 2.6
    endloop
  endfacet
  facet normal 0 -0 1
    outer loop
      vertex -2.44728 -1.56355 2.6
      vertex -1.90344 -1.51822 2.6
      vertex -5.18916 1.67684 2.6
    endloop
  endfacet
  facet normal 0 0 1
    outer loop
      vertex -5.12117 4.26009 2.6
      vertex -2.46994 7.99898 2.6
      vertex -2.67389 8.02166 2.6
    endloop
  endfacet
  facet normal -0 0 1
    outer loop
      vertex -2.87784 8.04432 2.6
      vertex -2.67389 8.02166 2.6
      vertex -2.69654 8.04432 2.6
    endloop
  endfacet
  facet normal 0 0 1
    outer loop
      vertex -1.90344 -1.51822 2.6
      vertex -2.44728 -1.56355 2.6
      vertex -1.92609 -1.5409 2.6
    endloop
  endfacet
  facet normal -0 0 1
    outer loop
      vertex -5.21181 1.49556 2.6
      vertex -2.44728 -1.56355 2.6
      vertex -5.18916 1.67684 2.6
    endloop
  endfacet
  facet normal 0 0 1
    outer loop
      vertex -5.12117 4.26009 2.6
      vertex -2.67389 8.02166 2.6
      vertex -2.87784 8.04432 2.6
    endloop
  endfacet
  facet normal -0 0 1
    outer loop
      vertex -3.10442 8.06697 2.6
      vertex -2.87784 8.04432 2.6
      vertex -2.90049 8.06697 2.6
    endloop
  endfacet
  facet normal -0 0 1
    outer loop
      vertex -5.23446 1.31429 2.6
      vertex -2.44728 -1.56355 2.6
      vertex -5.21181 1.49556 2.6
    endloop
  endfacet
  facet normal 0 0 1
    outer loop
      vertex -2.44728 -1.56355 2.6
      vertex -2.62856 -1.5862 2.6
      vertex -2.46994 -1.5862 2.6
    endloop
  endfacet
  facet normal 0 0 1
    outer loop
      vertex -5.12117 4.26009 2.6
      vertex -2.87784 8.04432 2.6
      vertex -3.10442 8.06697 2.6
    endloop
  endfacet
  facet normal 0 0 1
    outer loop
      vertex -3.9202 8.1576 2.6
      vertex -3.10442 8.06697 2.6
      vertex -3.1271 8.08965 2.6
    endloop
  endfacet
  facet normal -0 0 1
    outer loop
      vertex -5.25714 1.15567 2.6
      vertex -2.44728 -1.56355 2.6
      vertex -5.23446 1.31429 2.6
    endloop
  endfacet
  facet normal 0 0 1
    outer loop
      vertex -2.44728 -1.56355 2.6
      vertex -5.25714 1.15567 2.6
      vertex -2.62856 -1.5862 2.6
    endloop
  endfacet
  facet normal 0 0 1
    outer loop
      vertex -2.62856 -1.5862 2.6
      vertex -2.78718 -1.60885 2.6
      vertex -2.65124 -1.60885 2.6
    endloop
  endfacet
  facet normal 0 0 1
    outer loop
      vertex -2.62856 -1.5862 2.6
      vertex -5.25714 1.15567 2.6
      vertex -2.78718 -1.60885 2.6
    endloop
  endfacet
  facet normal -0 0 1
    outer loop
      vertex -5.30244 0.861083 2.6
      vertex -2.78718 -1.60885 2.6
      vertex -5.25714 1.15567 2.6
    endloop
  endfacet
  facet normal 0 0 1
    outer loop
      vertex -2.78718 -1.60885 2.6
      vertex -5.30244 0.861083 2.6
      vertex -2.9458 -1.63153 2.6
    endloop
  endfacet
  facet normal -0 0 1
    outer loop
      vertex -5.34778 0.611828 2.6
      vertex -2.9458 -1.63153 2.6
      vertex -5.30244 0.861083 2.6
    endloop
  endfacet
  facet normal 0 0 1
    outer loop
      vertex -5.12117 4.26009 2.6
      vertex -3.10442 8.06697 2.6
      vertex -3.9202 8.1576 2.6
    endloop
  endfacet
  facet normal -0 0 1
    outer loop
      vertex -4.10147 8.18028 2.6
      vertex -3.9202 8.1576 2.6
      vertex -3.94285 8.18028 2.6
    endloop
  endfacet
  facet normal 0 0 1
    outer loop
      vertex -2.78718 -1.60885 2.6
      vertex -2.9458 -1.63153 2.6
      vertex -2.80986 -1.63153 2.6
    endloop
  endfacet
  facet normal 0 0 1
    outer loop
      vertex -5.12117 4.26009 2.6
      vertex -3.9202 8.1576 2.6
      vertex -4.10147 8.18028 2.6
    endloop
  endfacet
  facet normal -0 0 1
    outer loop
      vertex -4.30542 8.20294 2.6
      vertex -4.10147 8.18028 2.6
      vertex -4.12412 8.20294 2.6
    endloop
  endfacet
  facet normal 0 0 1
    outer loop
      vertex -2.9458 -1.63153 2.6
      vertex -3.19508 -1.67684 2.6
      vertex -2.96848 -1.65418 2.6
    endloop
  endfacet
  facet normal 0 0 1
    outer loop
      vertex -5.12117 4.26009 2.6
      vertex -4.10147 8.18028 2.6
      vertex -4.30542 8.20294 2.6
    endloop
  endfacet
  facet normal -0 0 1
    outer loop
      vertex -4.48669 8.22559 2.6
      vertex -4.30542 8.20294 2.6
      vertex -4.32807 8.22559 2.6
    endloop
  endfacet
  facet normal 0 0 1
    outer loop
      vertex -2.9458 -1.63153 2.6
      vertex -5.34778 0.611828 2.6
      vertex -3.19508 -1.67684 2.6
    endloop
  endfacet
  facet normal 0 0 1
    outer loop
      vertex -3.19508 -1.67684 2.6
      vertex -3.33102 -1.69952 2.6
      vertex -3.21773 -1.69952 2.6
    endloop
  endfacet
  facet normal 0 0 1
    outer loop
      vertex -5.12117 4.26009 2.6
      vertex -4.30542 8.20294 2.6
      vertex -4.48669 8.22559 2.6
    endloop
  endfacet
  facet normal 0 0 1
    outer loop
      vertex -3.19508 -1.67684 2.6
      vertex -5.34778 0.611828 2.6
      vertex -3.33102 -1.69952 2.6
    endloop
  endfacet
  facet normal 0 0 1
    outer loop
      vertex -5.05319 8.29357 2.6
      vertex -4.48669 8.22559 2.6
      vertex -4.50934 8.24827 2.6
    endloop
  endfacet
  facet normal -0 0 1
    outer loop
      vertex -5.41576 0.271908 2.6
      vertex -3.33102 -1.69952 2.6
      vertex -5.34778 0.611828 2.6
    endloop
  endfacet
  facet normal 0 -0 1
    outer loop
      vertex -3.67094 -1.76747 2.6
      vertex -3.33102 -1.69952 2.6
      vertex -5.41576 0.271908 2.6
    endloop
  endfacet
  facet normal -0 0 1
    outer loop
      vertex -5.46106 0.0679836 2.6
      vertex -3.67094 -1.76747 2.6
      vertex -5.41576 0.271908 2.6
    endloop
  endfacet
  facet normal 0 0 1
    outer loop
      vertex -5.12117 4.26009 2.6
      vertex -4.48669 8.22559 2.6
      vertex -5.05319 8.29357 2.6
    endloop
  endfacet
  facet normal 0 0 1
    outer loop
      vertex -5.52905 8.36156 2.6
      vertex -5.05319 8.29357 2.6
      vertex -5.07584 8.31622 2.6
    endloop
  endfacet
  facet normal 0 0 1
    outer loop
      vertex -3.33102 -1.69952 2.6
      vertex -3.67094 -1.76747 2.6
      vertex -3.3537 -1.72217 2.6
    endloop
  endfacet
  facet normal 0 0 1
    outer loop
      vertex -3.67094 -1.76747 2.6
      vertex -3.87486 -1.8128 2.6
      vertex -3.78423 -1.8128 2.6
    endloop
  endfacet
  facet normal 0 0 1
    outer loop
      vertex -3.67094 -1.76747 2.6
      vertex -5.46106 0.0679836 2.6
      vertex -3.87486 -1.8128 2.6
    endloop
  endfacet
  facet normal 0 0 1
    outer loop
      vertex -5.1665 1.88079 2.6
      vertex -5.12117 2.42463 2.6
      vertex -5.14382 2.40195 2.6
    endloop
  endfacet
  facet normal -0 0 1
    outer loop
      vertex -5.57438 -0.385223 2.6
      vertex -3.87486 -1.8128 2.6
      vertex -5.46106 0.0679836 2.6
    endloop
  endfacet
  facet normal 0 0 1
    outer loop
      vertex -5.18916 1.67684 2.6
      vertex -5.1665 1.88079 2.6
      vertex -5.18916 1.85814 2.6
    endloop
  endfacet
  facet normal 0 0 1
    outer loop
      vertex -3.87486 -1.8128 2.6
      vertex -4.1468 -1.88079 2.6
      vertex -4.07882 -1.88079 2.6
    endloop
  endfacet
  facet normal 0 0 1
    outer loop
      vertex -5.21181 1.49556 2.6
      vertex -5.18916 1.67684 2.6
      vertex -5.21181 1.65418 2.6
    endloop
  endfacet
  facet normal 0 0 1
    outer loop
      vertex -3.87486 -1.8128 2.6
      vertex -5.57438 -0.385223 2.6
      vertex -4.1468 -1.88079 2.6
    endloop
  endfacet
  facet normal 0 0 1
    outer loop
      vertex -5.23446 1.31429 2.6
      vertex -5.21181 1.49556 2.6
      vertex -5.23446 1.47291 2.6
    endloop
  endfacet
  facet normal -0 0 1
    outer loop
      vertex -5.64236 -0.63448 2.6
      vertex -4.1468 -1.88079 2.6
      vertex -5.57438 -0.385223 2.6
    endloop
  endfacet
  facet normal 0 0 1
    outer loop
      vertex -5.25714 1.15567 2.6
      vertex -5.23446 1.31429 2.6
      vertex -5.25714 1.29161 2.6
    endloop
  endfacet
  facet normal 0 0 1
    outer loop
      vertex -4.1468 -1.88079 2.6
      vertex -4.39606 -1.94877 2.6
      vertex -4.32807 -1.94877 2.6
    endloop
  endfacet
  facet normal 0 0 1
    outer loop
      vertex -5.30244 0.861083 2.6
      vertex -5.25714 1.15567 2.6
      vertex -5.30244 0.997051 2.6
    endloop
  endfacet
  facet normal 0 0 1
    outer loop
      vertex -4.1468 -1.88079 2.6
      vertex -5.64236 -0.63448 2.6
      vertex -4.39606 -1.94877 2.6
    endloop
  endfacet
  facet normal 0 0 1
    outer loop
      vertex -5.34778 0.611828 2.6
      vertex -5.30244 0.861083 2.6
      vertex -5.32512 0.838431 2.6
    endloop
  endfacet
  facet normal 0 -0 1
    outer loop
      vertex -4.55468 -1.99408 2.6
      vertex -4.39606 -1.94877 2.6
      vertex -5.64236 -0.63448 2.6
    endloop
  endfacet
  facet normal 0 0 1
    outer loop
      vertex -5.41576 0.271908 2.6
      vertex -5.34778 0.611828 2.6
      vertex -5.37043 0.589148 2.6
    endloop
  endfacet
  facet normal 0 0 1
    outer loop
      vertex -4.39606 -1.94877 2.6
      vertex -4.55468 -1.99408 2.6
      vertex -4.48669 -1.99408 2.6
    endloop
  endfacet
  facet normal 0 0 1
    outer loop
      vertex -5.46106 0.0679836 2.6
      vertex -5.41576 0.271908 2.6
      vertex -5.46106 0.158619 2.6
    endloop
  endfacet
  facet normal 0 -0 1
    outer loop
      vertex -4.78128 -2.06206 2.6
      vertex -4.55468 -1.99408 2.6
      vertex -5.64236 -0.63448 2.6
    endloop
  endfacet
  facet normal 0 0 1
    outer loop
      vertex -5.57438 -0.385223 2.6
      vertex -5.46106 0.0679836 2.6
      vertex -5.48374 0.045331 2.6
    endloop
  endfacet
  facet normal 0 0 1
    outer loop
      vertex -4.55468 -1.99408 2.6
      vertex -4.78128 -2.06206 2.6
      vertex -4.7133 -2.06206 2.6
    endloop
  endfacet
  facet normal 0 0 1
    outer loop
      vertex -5.64236 -0.63448 2.6
      vertex -5.57438 -0.385223 2.6
      vertex -5.61968 -0.47586 2.6
    endloop
  endfacet
  facet normal 0 0 1
    outer loop
      vertex -4.78128 -2.06206 2.6
      vertex -5.64236 -0.63448 2.6
      vertex -5.12117 -2.17538 2.6
    endloop
  endfacet
  facet normal -0 0 1
    outer loop
      vertex -5.98226 -1.65418 2.6
      vertex -5.12117 -2.17538 2.6
      vertex -5.64236 -0.63448 2.6
    endloop
  endfacet
  facet normal 0 0 1
    outer loop
      vertex -5.12117 -2.17538 2.6
      vertex -5.98226 -1.65418 2.6
      vertex -5.84629 -2.49262 2.6
    endloop
  endfacet
  facet normal -0 0 1
    outer loop
      vertex -6.20886 -2.13004 2.6
      vertex -5.84629 -2.49262 2.6
      vertex -5.98226 -1.65418 2.6
    endloop
  endfacet
  facet normal 0 0 1
    outer loop
      vertex -5.84629 -2.49262 2.6
      vertex -6.00491 -2.49262 2.6
      vertex -5.98226 -2.51527 2.6
    endloop
  endfacet
  facet normal 0 0 1
    outer loop
      vertex -5.84629 -2.49262 2.6
      vertex -6.20886 -2.13004 2.6
      vertex -6.00491 -2.49262 2.6
    endloop
  endfacet
  facet normal -0 0 1
    outer loop
      vertex -6.20886 -2.35665 2.6
      vertex -6.00491 -2.49262 2.6
      vertex -6.20886 -2.13004 2.6
    endloop
  endfacet
  facet normal -0 -0 1
    outer loop
      vertex -6.16353 -2.44728 2.6
      vertex -6.00491 -2.49262 2.6
      vertex -6.20886 -2.35665 2.6
    endloop
  endfacet
  facet normal 0 0 1
    outer loop
      vertex -6.00491 -2.49262 2.6
      vertex -6.16353 -2.44728 2.6
      vertex -6.09554 -2.49262 2.6
    endloop
  endfacet
  facet normal 0 0 1
    outer loop
      vertex 0.838431 9.4719 2.6
      vertex -0.181272 9.26797 2.6
      vertex 0.815751 9.24529 2.6
    endloop
  endfacet
  facet normal 0 0 1
    outer loop
      vertex -0.362572 9.58521 2.6
      vertex -0.181272 10.2423 2.6
      vertex -0.362572 10.0837 2.6
    endloop
  endfacet
  facet normal 0 0 1
    outer loop
      vertex -0.181272 10.2423 2.6
      vertex -0.362572 9.58521 2.6
      vertex -0.226604 9.42659 2.6
    endloop
  endfacet
  facet normal 0 0 1
    outer loop
      vertex -0.430528 9.74383 2.6
      vertex -0.362572 10.0837 2.6
      vertex -0.430528 9.94775 2.6
    endloop
  endfacet
  facet normal 0 0 1
    outer loop
      vertex -0.362572 10.0837 2.6
      vertex -0.430528 9.74383 2.6
      vertex -0.362572 9.58521 2.6
    endloop
  endfacet
  facet normal 0 0 1
    outer loop
      vertex -5.09852 3.76158 2.6
      vertex -5.12117 4.26009 2.6
      vertex -5.12117 3.78423 2.6
    endloop
  endfacet
  facet normal 0 0 1
    outer loop
      vertex -5.1665 4.7586 2.6
      vertex -5.18916 4.91722 2.6
      vertex -5.18916 4.78128 2.6
    endloop
  endfacet
  facet normal 0 0 1
    outer loop
      vertex -5.18916 4.91722 2.6
      vertex -5.21181 5.07584 2.6
      vertex -5.21181 4.9399 2.6
    endloop
  endfacet
  facet normal 0 0 1
    outer loop
      vertex -5.25714 5.32512 2.6
      vertex -5.27979 5.46106 2.6
      vertex -5.27979 5.34778 2.6
    endloop
  endfacet
  facet normal 0 0 1
    outer loop
      vertex -5.64236 6.7527 2.6
      vertex -5.82364 7.18323 2.6
      vertex -5.82364 7.13793 2.6
    endloop
  endfacet
  facet normal -0 0 1
    outer loop
      vertex -11.3527 -3.399 2.6
      vertex -11.33 -3.9655 2.6
      vertex -11.33 -3.37635 2.6
    endloop
  endfacet
  facet normal 0 0 1
    outer loop
      vertex -11.33 -3.9655 2.6
      vertex -11.3527 -3.399 2.6
      vertex -11.3527 -3.94285 2.6
    endloop
  endfacet
  facet normal 0 0 1
    outer loop
      vertex -7.56846 -3.94285 2.6
      vertex -10.8542 -6.11822 2.6
      vertex -10.6049 -6.70737 2.6
    endloop
  endfacet
  facet normal 0 0 1
    outer loop
      vertex -10.8088 -1.3596 2.6
      vertex -10.5369 -0.770448 2.6
      vertex -10.8088 -1.31429 2.6
    endloop
  endfacet
  facet normal 0 0 1
    outer loop
      vertex -8.79211 -1.99408 2.6
      vertex -10.8088 -1.3596 2.6
      vertex -10.9901 -1.74482 2.6
    endloop
  endfacet
  facet normal 0 0 1
    outer loop
      vertex -10.6049 -6.70737 2.6
      vertex -10.8542 -6.11822 2.6
      vertex -10.7182 -6.50342 2.6
    endloop
  endfacet
  facet normal 0 0 1
    outer loop
      vertex -7.56846 -3.94285 2.6
      vertex -11.1034 -5.34778 2.6
      vertex -11.0581 -5.57438 2.6
    endloop
  endfacet
  facet normal 0 0 1
    outer loop
      vertex -8.79211 -1.99408 2.6
      vertex -10.9901 -1.74482 2.6
      vertex -11.1261 -2.22068 2.6
    endloop
  endfacet
  facet normal 0 0 1
    outer loop
      vertex -7.56846 -3.94285 2.6
      vertex -11.0581 -5.57438 2.6
      vertex -10.8542 -6.11822 2.6
    endloop
  endfacet
  facet normal 0 0 1
    outer loop
      vertex -10.8542 -6.11822 2.6
      vertex -11.0581 -5.57438 2.6
      vertex -10.8995 -6.05024 2.6
    endloop
  endfacet
  facet normal 0 0 1
    outer loop
      vertex -11.1261 -2.22068 2.6
      vertex -10.9901 -1.74482 2.6
      vertex -11.1261 -2.1527 2.6
    endloop
  endfacet
  facet normal 0 0 1
    outer loop
      vertex -8.70145 -2.35665 2.6
      vertex -11.1261 -2.22068 2.6
      vertex -11.2167 -2.58325 2.6
    endloop
  endfacet
  facet normal 0 0 1
    outer loop
      vertex -8.1576 -3.37635 2.6
      vertex -11.2167 -4.87192 2.6
      vertex -11.1034 -5.34778 2.6
    endloop
  endfacet
  facet normal 0 0 1
    outer loop
      vertex -11.2167 -2.58325 2.6
      vertex -11.1261 -2.22068 2.6
      vertex -11.1714 -2.31132 2.6
    endloop
  endfacet
  facet normal 0 0 1
    outer loop
      vertex -8.61081 -2.6059 2.6
      vertex -11.2167 -2.58325 2.6
      vertex -11.3074 -3.10442 2.6
    endloop
  endfacet
  facet normal 0 0 1
    outer loop
      vertex -11.1034 -5.34778 2.6
      vertex -11.2167 -4.87192 2.6
      vertex -11.1487 -5.25714 2.6
    endloop
  endfacet
  facet normal 0 0 1
    outer loop
      vertex -8.1576 -3.37635 2.6
      vertex -11.2394 -4.7586 2.6
      vertex -11.2167 -4.87192 2.6
    endloop
  endfacet
  facet normal 0 0 1
    outer loop
      vertex -11.3074 -3.10442 2.6
      vertex -11.2167 -2.58325 2.6
      vertex -11.262 -2.69654 2.6
    endloop
  endfacet
  facet normal 0 0 1
    outer loop
      vertex -8.61081 -2.6059 2.6
      vertex -11.3074 -3.10442 2.6
      vertex -11.33 -3.37635 2.6
    endloop
  endfacet
  facet normal 0 0 1
    outer loop
      vertex -8.1576 -3.37635 2.6
      vertex -11.3074 -4.28274 2.6
      vertex -11.2394 -4.7586 2.6
    endloop
  endfacet
  facet normal 0 0 1
    outer loop
      vertex -11.2394 -4.7586 2.6
      vertex -11.3074 -4.28274 2.6
      vertex -11.262 -4.73595 2.6
    endloop
  endfacet
  facet normal 0 0 1
    outer loop
      vertex -11.33 -3.37635 2.6
      vertex -11.3074 -3.10442 2.6
      vertex -11.33 -3.1271 2.6
    endloop
  endfacet
  facet normal 0 0 1
    outer loop
      vertex -8.47484 -2.90049 2.6
      vertex -11.33 -3.37635 2.6
      vertex -11.33 -3.9655 2.6
    endloop
  endfacet
  facet normal 0 0 1
    outer loop
      vertex -8.47484 -2.90049 2.6
      vertex -11.33 -3.9655 2.6
      vertex -11.3074 -4.28274 2.6
    endloop
  endfacet
  facet normal 0 0 1
    outer loop
      vertex -11.3074 -4.28274 2.6
      vertex -11.33 -3.9655 2.6
      vertex -11.33 -4.26009 2.6
    endloop
  endfacet
  facet normal 0 0 1
    outer loop
      vertex -8.31622 1.06503 2.6
      vertex -9.60786 0.906387 2.6
      vertex -8.65614 0.0226517 2.6
    endloop
  endfacet
  facet normal 0 0 1
    outer loop
      vertex -8.27092 1.33694 2.6
      vertex -9.58521 1.33694 2.6
      vertex -8.31622 1.06503 2.6
    endloop
  endfacet
  facet normal -0 0 1
    outer loop
      vertex -10.197 3.399 2.6
      vertex -8.27092 3.03646 2.6
      vertex -9.67585 3.78423 2.6
    endloop
  endfacet
  facet normal 0 0 1
    outer loop
      vertex -8.27092 3.03646 2.6
      vertex -9.83447 1.67684 2.6
      vertex -9.65317 1.49556 2.6
    endloop
  endfacet
  facet normal 0 0 1
    outer loop
      vertex -8.27092 3.03646 2.6
      vertex -10.197 3.399 2.6
      vertex -9.83447 1.67684 2.6
    endloop
  endfacet
  facet normal 0 0 1
    outer loop
      vertex -9.83447 1.67684 2.6
      vertex -10.197 3.399 2.6
      vertex -9.99309 1.74482 2.6
    endloop
  endfacet
  facet normal -0 -0 1
    outer loop
      vertex -10.129 1.76747 2.6
      vertex -9.99309 1.74482 2.6
      vertex -10.197 3.399 2.6
    endloop
  endfacet
  facet normal 0 0 1
    outer loop
      vertex -9.99309 1.74482 2.6
      vertex -10.129 1.76747 2.6
      vertex -10.1064 1.74482 2.6
    endloop
  endfacet
  facet normal -0 0 1
    outer loop
      vertex -10.8315 3.01378 2.6
      vertex -10.129 1.76747 2.6
      vertex -10.197 3.399 2.6
    endloop
  endfacet
  facet normal 0 0 1
    outer loop
      vertex -10.129 1.76747 2.6
      vertex -10.8315 3.01378 2.6
      vertex -10.3103 1.76747 2.6
    endloop
  endfacet
  facet normal 0 -0 1
    outer loop
      vertex -10.5369 1.72217 2.6
      vertex -10.3103 1.76747 2.6
      vertex -10.8315 3.01378 2.6
    endloop
  endfacet
  facet normal 0 0 1
    outer loop
      vertex -10.3103 1.76747 2.6
      vertex -10.5369 1.72217 2.6
      vertex -10.333 1.74482 2.6
    endloop
  endfacet
  facet normal 0 0 1
    outer loop
      vertex -11.0354 2.92314 2.6
      vertex -10.8315 3.01378 2.6
      vertex -10.8768 3.01378 2.6
    endloop
  endfacet
  facet normal 0 0 1
    outer loop
      vertex -10.8315 3.01378 2.6
      vertex -11.0354 2.92314 2.6
      vertex -10.5369 1.72217 2.6
    endloop
  endfacet
  facet normal -0 0 1
    outer loop
      vertex -11.3527 2.80986 2.6
      vertex -10.5369 1.72217 2.6
      vertex -11.0354 2.92314 2.6
    endloop
  endfacet
  facet normal 0 0 1
    outer loop
      vertex -10.5369 1.72217 2.6
      vertex -11.3527 2.80986 2.6
      vertex -10.9448 1.5409 2.6
    endloop
  endfacet
  facet normal 0 0 1
    outer loop
      vertex -10.9448 1.5409 2.6
      vertex -11.3527 2.80986 2.6
      vertex -11.262 1.45023 2.6
    endloop
  endfacet
  facet normal 0 0 1
    outer loop
      vertex -11.6246 2.74187 2.6
      vertex -11.3527 2.80986 2.6
      vertex -11.4207 2.80986 2.6
    endloop
  endfacet
  facet normal 0 0 1
    outer loop
      vertex -11.3527 2.80986 2.6
      vertex -11.6246 2.74187 2.6
      vertex -11.262 1.45023 2.6
    endloop
  endfacet
  facet normal 0 0 1
    outer loop
      vertex -11.262 1.45023 2.6
      vertex -11.5793 1.47291 2.6
      vertex -11.5566 1.45023 2.6
    endloop
  endfacet
  facet normal -0 0 1
    outer loop
      vertex -11.8285 1.65418 2.6
      vertex -11.262 1.45023 2.6
      vertex -11.6246 2.74187 2.6
    endloop
  endfacet
  facet normal 0 0 1
    outer loop
      vertex -11.262 1.45023 2.6
      vertex -11.8285 1.65418 2.6
      vertex -11.5793 1.47291 2.6
    endloop
  endfacet
  facet normal 0 0 1
    outer loop
      vertex -11.7379 2.71919 2.6
      vertex -11.6246 2.74187 2.6
      vertex -11.7153 2.74187 2.6
    endloop
  endfacet
  facet normal 0 0 1
    outer loop
      vertex -11.8285 1.65418 2.6
      vertex -11.6246 2.74187 2.6
      vertex -11.7379 2.71919 2.6
    endloop
  endfacet
  facet normal -0 -0 1
    outer loop
      vertex -11.7832 1.5862 2.6
      vertex -11.5793 1.47291 2.6
      vertex -11.8285 1.65418 2.6
    endloop
  endfacet
  facet normal 0 0 1
    outer loop
      vertex -11.9645 2.65124 2.6
      vertex -11.7379 2.71919 2.6
      vertex -11.8285 2.71919 2.6
    endloop
  endfacet
  facet normal 0 0 1
    outer loop
      vertex -11.5793 1.47291 2.6
      vertex -11.7832 1.5862 2.6
      vertex -11.6473 1.47291 2.6
    endloop
  endfacet
  facet normal 0 0 1
    outer loop
      vertex -11.7379 2.71919 2.6
      vertex -11.9645 2.65124 2.6
      vertex -12.1231 2.35665 2.6
    endloop
  endfacet
  facet normal 0 0 1
    outer loop
      vertex -11.7379 2.71919 2.6
      vertex -12.1231 2.35665 2.6
      vertex -11.8285 1.65418 2.6
    endloop
  endfacet
  facet normal -0 -0 1
    outer loop
      vertex -12.0098 1.69952 2.6
      vertex -11.8285 1.65418 2.6
      vertex -12.1231 2.35665 2.6
    endloop
  endfacet
  facet normal 0 0 1
    outer loop
      vertex -12.1231 2.35665 2.6
      vertex -11.9645 2.65124 2.6
      vertex -12.0551 2.56057 2.6
    endloop
  endfacet
  facet normal 0 0 1
    outer loop
      vertex -11.8285 1.65418 2.6
      vertex -12.0098 1.69952 2.6
      vertex -11.9645 1.65418 2.6
    endloop
  endfacet
  facet normal 0 0 1
    outer loop
      vertex -11.2167 -4.87192 2.6
      vertex -11.2394 -4.7586 2.6
      vertex -11.2394 -4.84926 2.6
    endloop
  endfacet
  facet normal 0.0137215 -0.999906 0
    outer loop
      vertex 1.04236 -10.3783 2
      vertex 2.69654 -10.3556 2.6
      vertex 1.04236 -10.3783 2.6
    endloop
  endfacet
  facet normal 0.0137215 -0.999906 0
    outer loop
      vertex 2.69654 -10.3556 2.6
      vertex 1.04236 -10.3783 2
      vertex 2.69654 -10.3556 2
    endloop
  endfacet
  facet normal 0.706325 -0.707888 0
    outer loop
      vertex 2.69654 -10.3556 2.6
      vertex 2.71919 -10.333 2
      vertex 2.71919 -10.333 2.6
    endloop
  endfacet
  facet normal 0.706325 -0.707888 0
    outer loop
      vertex 2.71919 -10.333 2
      vertex 2.69654 -10.3556 2.6
      vertex 2.69654 -10.3556 2
    endloop
  endfacet
  facet normal 0 -1 0
    outer loop
      vertex 2.71919 -10.333 2
      vertex 3.14975 -10.333 2.6
      vertex 2.71919 -10.333 2.6
    endloop
  endfacet
  facet normal 0 -1 -0
    outer loop
      vertex 3.14975 -10.333 2.6
      vertex 2.71919 -10.333 2
      vertex 3.14975 -10.333 2
    endloop
  endfacet
  facet normal 0.707886 -0.706327 0
    outer loop
      vertex 3.14975 -10.333 2.6
      vertex 3.1724 -10.3103 2
      vertex 3.1724 -10.3103 2.6
    endloop
  endfacet
  facet normal 0.707886 -0.706327 0
    outer loop
      vertex 3.1724 -10.3103 2
      vertex 3.14975 -10.333 2.6
      vertex 3.14975 -10.333 2
    endloop
  endfacet
  facet normal 0 -1 0
    outer loop
      vertex 3.1724 -10.3103 2
      vertex 3.51232 -10.3103 2.6
      vertex 3.1724 -10.3103 2.6
    endloop
  endfacet
  facet normal 0 -1 -0
    outer loop
      vertex 3.51232 -10.3103 2.6
      vertex 3.1724 -10.3103 2
      vertex 3.51232 -10.3103 2
    endloop
  endfacet
  facet normal 0.707886 -0.706327 0
    outer loop
      vertex 3.51232 -10.3103 2.6
      vertex 3.53497 -10.2876 2
      vertex 3.53497 -10.2876 2.6
    endloop
  endfacet
  facet normal 0.707886 -0.706327 0
    outer loop
      vertex 3.53497 -10.2876 2
      vertex 3.51232 -10.3103 2.6
      vertex 3.51232 -10.3103 2
    endloop
  endfacet
  facet normal 0 -1 0
    outer loop
      vertex 3.53497 -10.2876 2
      vertex 3.82956 -10.2876 2.6
      vertex 3.53497 -10.2876 2.6
    endloop
  endfacet
  facet normal 0 -1 -0
    outer loop
      vertex 3.82956 -10.2876 2.6
      vertex 3.53497 -10.2876 2
      vertex 3.82956 -10.2876 2
    endloop
  endfacet
  facet normal 0.706325 -0.707888 0
    outer loop
      vertex 3.82956 -10.2876 2.6
      vertex 3.85221 -10.265 2
      vertex 3.85221 -10.265 2.6
    endloop
  endfacet
  facet normal 0.706325 -0.707888 0
    outer loop
      vertex 3.85221 -10.265 2
      vertex 3.82956 -10.2876 2.6
      vertex 3.82956 -10.2876 2
    endloop
  endfacet
  facet normal 0.0435154 -0.999053 0
    outer loop
      vertex 3.85221 -10.265 2
      vertex 4.37337 -10.2423 2.6
      vertex 3.85221 -10.265 2.6
    endloop
  endfacet
  facet normal 0.0435154 -0.999053 0
    outer loop
      vertex 4.37337 -10.2423 2.6
      vertex 3.85221 -10.265 2
      vertex 4.37337 -10.2423 2
    endloop
  endfacet
  facet normal 0.7057 -0.708511 0
    outer loop
      vertex 4.37337 -10.2423 2
      vertex 4.39606 -10.2197 2.6
      vertex 4.37337 -10.2423 2.6
    endloop
  endfacet
  facet normal 0.7057 -0.708511 0
    outer loop
      vertex 4.39606 -10.2197 2.6
      vertex 4.37337 -10.2423 2
      vertex 4.39606 -10.2197 2
    endloop
  endfacet
  facet normal 0.055569 -0.998455 0
    outer loop
      vertex 4.39606 -10.2197 2
      vertex 4.80393 -10.197 2.6
      vertex 4.39606 -10.2197 2.6
    endloop
  endfacet
  facet normal 0.055569 -0.998455 0
    outer loop
      vertex 4.80393 -10.197 2.6
      vertex 4.39606 -10.2197 2
      vertex 4.80393 -10.197 2
    endloop
  endfacet
  facet normal 0.706325 -0.707888 0
    outer loop
      vertex 4.80393 -10.197 2.6
      vertex 4.82658 -10.1744 2
      vertex 4.82658 -10.1744 2.6
    endloop
  endfacet
  facet normal 0.706325 -0.707888 0
    outer loop
      vertex 4.82658 -10.1744 2
      vertex 4.80393 -10.197 2.6
      vertex 4.80393 -10.197 2
    endloop
  endfacet
  facet normal 0 -1 0
    outer loop
      vertex 4.82658 -10.1744 2
      vertex 4.9852 -10.1744 2.6
      vertex 4.82658 -10.1744 2.6
    endloop
  endfacet
  facet normal 0 -1 -0
    outer loop
      vertex 4.9852 -10.1744 2.6
      vertex 4.82658 -10.1744 2
      vertex 4.9852 -10.1744 2
    endloop
  endfacet
  facet normal 0.707418 -0.706795 0
    outer loop
      vertex 4.9852 -10.1744 2
      vertex 5.00788 -10.1517 2.6
      vertex 4.9852 -10.1744 2.6
    endloop
  endfacet
  facet normal 0.707418 -0.706795 0
    outer loop
      vertex 5.00788 -10.1517 2.6
      vertex 4.9852 -10.1744 2
      vertex 5.00788 -10.1517 2
    endloop
  endfacet
  facet normal 0 -1 0
    outer loop
      vertex 5.00788 -10.1517 2
      vertex 5.1665 -10.1517 2.6
      vertex 5.00788 -10.1517 2.6
    endloop
  endfacet
  facet normal 0 -1 -0
    outer loop
      vertex 5.1665 -10.1517 2.6
      vertex 5.00788 -10.1517 2
      vertex 5.1665 -10.1517 2
    endloop
  endfacet
  facet normal 0.70773 -0.706483 0
    outer loop
      vertex 5.1665 -10.1517 2.6
      vertex 5.18916 -10.129 2
      vertex 5.18916 -10.129 2.6
    endloop
  endfacet
  facet normal 0.70773 -0.706483 0
    outer loop
      vertex 5.18916 -10.129 2
      vertex 5.1665 -10.1517 2.6
      vertex 5.1665 -10.1517 2
    endloop
  endfacet
  facet normal 0 -1 0
    outer loop
      vertex 5.18916 -10.129 2
      vertex 5.34778 -10.129 2.6
      vertex 5.18916 -10.129 2.6
    endloop
  endfacet
  facet normal 0 -1 -0
    outer loop
      vertex 5.34778 -10.129 2.6
      vertex 5.18916 -10.129 2
      vertex 5.34778 -10.129 2
    endloop
  endfacet
  facet normal 0.706325 -0.707888 0
    outer loop
      vertex 5.34778 -10.129 2.6
      vertex 5.37043 -10.1064 2
      vertex 5.37043 -10.1064 2.6
    endloop
  endfacet
  facet normal 0.706325 -0.707888 0
    outer loop
      vertex 5.37043 -10.1064 2
      vertex 5.34778 -10.129 2.6
      vertex 5.34778 -10.129 2
    endloop
  endfacet
  facet normal 0 -1 0
    outer loop
      vertex 5.37043 -10.1064 2
      vertex 5.5064 -10.1064 2.6
      vertex 5.37043 -10.1064 2.6
    endloop
  endfacet
  facet normal 0 -1 -0
    outer loop
      vertex 5.5064 -10.1064 2.6
      vertex 5.37043 -10.1064 2
      vertex 5.5064 -10.1064 2
    endloop
  endfacet
  facet normal 0.274609 -0.961556 0
    outer loop
      vertex 5.5064 -10.1064 2
      vertex 5.66502 -10.0611 2.6
      vertex 5.5064 -10.1064 2.6
    endloop
  endfacet
  facet normal 0.274609 -0.961556 0
    outer loop
      vertex 5.66502 -10.0611 2.6
      vertex 5.5064 -10.1064 2
      vertex 5.66502 -10.0611 2
    endloop
  endfacet
  facet normal 0 -1 0
    outer loop
      vertex 5.66502 -10.0611 2
      vertex 5.80098 -10.0611 2.6
      vertex 5.66502 -10.0611 2.6
    endloop
  endfacet
  facet normal 0 -1 -0
    outer loop
      vertex 5.80098 -10.0611 2.6
      vertex 5.66502 -10.0611 2
      vertex 5.80098 -10.0611 2
    endloop
  endfacet
  facet normal 0.70773 -0.706483 0
    outer loop
      vertex 5.80098 -10.0611 2.6
      vertex 5.82364 -10.0384 2
      vertex 5.82364 -10.0384 2.6
    endloop
  endfacet
  facet normal 0.70773 -0.706483 0
    outer loop
      vertex 5.82364 -10.0384 2
      vertex 5.80098 -10.0611 2.6
      vertex 5.80098 -10.0611 2
    endloop
  endfacet
  facet normal 0.124015 -0.99228 0
    outer loop
      vertex 5.82364 -10.0384 2
      vertex 6.18618 -9.99309 2.6
      vertex 5.82364 -10.0384 2.6
    endloop
  endfacet
  facet normal 0.124015 -0.99228 0
    outer loop
      vertex 6.18618 -9.99309 2.6
      vertex 5.82364 -10.0384 2
      vertex 6.18618 -9.99309 2
    endloop
  endfacet
  facet normal 0.371405 -0.928471 0
    outer loop
      vertex 6.18618 -9.99309 2
      vertex 6.2995 -9.94776 2.6
      vertex 6.18618 -9.99309 2.6
    endloop
  endfacet
  facet normal 0.371405 -0.928471 0
    outer loop
      vertex 6.2995 -9.94776 2.6
      vertex 6.18618 -9.99309 2
      vertex 6.2995 -9.94776 2
    endloop
  endfacet
  facet normal 0 -1 0
    outer loop
      vertex 6.2995 -9.94776 2
      vertex 6.41278 -9.94776 2.6
      vertex 6.2995 -9.94776 2.6
    endloop
  endfacet
  facet normal 0 -1 -0
    outer loop
      vertex 6.41278 -9.94776 2.6
      vertex 6.2995 -9.94776 2
      vertex 6.41278 -9.94776 2
    endloop
  endfacet
  facet normal 0.706795 -0.707419 0
    outer loop
      vertex 6.41278 -9.94776 2
      vertex 6.43546 -9.9251 2.6
      vertex 6.41278 -9.94776 2.6
    endloop
  endfacet
  facet normal 0.706795 -0.707419 0
    outer loop
      vertex 6.43546 -9.9251 2.6
      vertex 6.41278 -9.94776 2
      vertex 6.43546 -9.9251 2
    endloop
  endfacet
  facet normal 0 -1 0
    outer loop
      vertex 6.43546 -9.9251 2
      vertex 6.5261 -9.9251 2.6
      vertex 6.43546 -9.9251 2.6
    endloop
  endfacet
  facet normal 0 -1 -0
    outer loop
      vertex 6.5261 -9.9251 2.6
      vertex 6.43546 -9.9251 2
      vertex 6.5261 -9.9251 2
    endloop
  endfacet
  facet normal 0.316256 -0.948674 0
    outer loop
      vertex 6.5261 -9.9251 2
      vertex 6.73002 -9.85712 2.6
      vertex 6.5261 -9.9251 2.6
    endloop
  endfacet
  facet normal 0.316256 -0.948674 0
    outer loop
      vertex 6.73002 -9.85712 2.6
      vertex 6.5261 -9.9251 2
      vertex 6.73002 -9.85712 2
    endloop
  endfacet
  facet normal 0.164423 -0.98639 0
    outer loop
      vertex 6.73002 -9.85712 2
      vertex 7.00196 -9.81179 2.6
      vertex 6.73002 -9.85712 2.6
    endloop
  endfacet
  facet normal 0.164423 -0.98639 0
    outer loop
      vertex 7.00196 -9.81179 2.6
      vertex 6.73002 -9.85712 2
      vertex 7.00196 -9.81179 2
    endloop
  endfacet
  facet normal 0.302222 -0.953237 0
    outer loop
      vertex 7.00196 -9.81179 2
      vertex 7.93103 -9.51723 2.6
      vertex 7.00196 -9.81179 2.6
    endloop
  endfacet
  facet normal 0.302222 -0.953237 0
    outer loop
      vertex 7.93103 -9.51723 2.6
      vertex 7.00196 -9.81179 2
      vertex 7.93103 -9.51723 2
    endloop
  endfacet
  facet normal 0.429949 -0.902853 0
    outer loop
      vertex 7.93103 -9.51723 2
      vertex 8.40689 -9.29062 2.6
      vertex 7.93103 -9.51723 2.6
    endloop
  endfacet
  facet normal 0.429949 -0.902853 0
    outer loop
      vertex 8.40689 -9.29062 2.6
      vertex 7.93103 -9.51723 2
      vertex 8.40689 -9.29062 2
    endloop
  endfacet
  facet normal 0 -1 0
    outer loop
      vertex 8.40689 -9.29062 2
      vertex 8.45219 -9.29062 2.6
      vertex 8.40689 -9.29062 2.6
    endloop
  endfacet
  facet normal 0 -1 -0
    outer loop
      vertex 8.45219 -9.29062 2.6
      vertex 8.40689 -9.29062 2
      vertex 8.45219 -9.29062 2
    endloop
  endfacet
  facet normal 0.707107 -0.707107 0
    outer loop
      vertex 8.45219 -9.29062 2.6
      vertex 8.49752 -9.24529 2
      vertex 8.49752 -9.24529 2.6
    endloop
  endfacet
  facet normal 0.707107 -0.707107 0
    outer loop
      vertex 8.49752 -9.24529 2
      vertex 8.45219 -9.29062 2.6
      vertex 8.45219 -9.29062 2
    endloop
  endfacet
  facet normal 0.406118 -0.913821 0
    outer loop
      vertex 8.49752 -9.24529 2
      vertex 8.70145 -9.15466 2.6
      vertex 8.49752 -9.24529 2.6
    endloop
  endfacet
  facet normal 0.406118 -0.913821 0
    outer loop
      vertex 8.70145 -9.15466 2.6
      vertex 8.49752 -9.24529 2
      vertex 8.70145 -9.15466 2
    endloop
  endfacet
  facet normal 0.53397 -0.845503 0
    outer loop
      vertex 8.70145 -9.15466 2
      vertex 9.132 -8.88275 2.6
      vertex 8.70145 -9.15466 2.6
    endloop
  endfacet
  facet normal 0.53397 -0.845503 0
    outer loop
      vertex 9.132 -8.88275 2.6
      vertex 8.70145 -9.15466 2
      vertex 9.132 -8.88275 2
    endloop
  endfacet
  facet normal 0.617822 -0.786318 0
    outer loop
      vertex 9.132 -8.88275 2
      vertex 9.44924 -8.63349 2.6
      vertex 9.132 -8.88275 2.6
    endloop
  endfacet
  facet normal 0.617822 -0.786318 0
    outer loop
      vertex 9.44924 -8.63349 2.6
      vertex 9.132 -8.88275 2
      vertex 9.44924 -8.63349 2
    endloop
  endfacet
  facet normal 0.68875 -0.724999 0
    outer loop
      vertex 9.44924 -8.63349 2
      vertex 9.90245 -8.20294 2.6
      vertex 9.44924 -8.63349 2.6
    endloop
  endfacet
  facet normal 0.68875 -0.724999 0
    outer loop
      vertex 9.90245 -8.20294 2.6
      vertex 9.44924 -8.63349 2
      vertex 9.90245 -8.20294 2
    endloop
  endfacet
  facet normal 0.762004 -0.647572 0
    outer loop
      vertex 9.90245 -8.20294 2.6
      vertex 10.2876 -7.74973 2
      vertex 10.2876 -7.74973 2.6
    endloop
  endfacet
  facet normal 0.762004 -0.647572 0
    outer loop
      vertex 10.2876 -7.74973 2
      vertex 9.90245 -8.20294 2.6
      vertex 9.90245 -8.20294 2
    endloop
  endfacet
  facet normal 0.820871 -0.571114 0
    outer loop
      vertex 10.2876 -7.74973 2.6
      vertex 10.6502 -7.22856 2
      vertex 10.6502 -7.22856 2.6
    endloop
  endfacet
  facet normal 0.820871 -0.571114 0
    outer loop
      vertex 10.6502 -7.22856 2
      vertex 10.2876 -7.74973 2.6
      vertex 10.2876 -7.74973 2
    endloop
  endfacet
  facet normal 0.876183 -0.481978 0
    outer loop
      vertex 10.6502 -7.22856 2.6
      vertex 10.8995 -6.77536 2
      vertex 10.8995 -6.77536 2.6
    endloop
  endfacet
  facet normal 0.876183 -0.481978 0
    outer loop
      vertex 10.8995 -6.77536 2
      vertex 10.6502 -7.22856 2.6
      vertex 10.6502 -7.22856 2
    endloop
  endfacet
  facet normal 0.707419 -0.706795 0
    outer loop
      vertex 10.8995 -6.77536 2.6
      vertex 10.9448 -6.73002 2
      vertex 10.9448 -6.73002 2.6
    endloop
  endfacet
  facet normal 0.707419 -0.706795 0
    outer loop
      vertex 10.9448 -6.73002 2
      vertex 10.8995 -6.77536 2.6
      vertex 10.8995 -6.77536 2
    endloop
  endfacet
  facet normal 0.899791 -0.436322 0
    outer loop
      vertex 10.9448 -6.73002 2.6
      vertex 11.3074 -5.98226 2
      vertex 11.3074 -5.98226 2.6
    endloop
  endfacet
  facet normal 0.899791 -0.436322 0
    outer loop
      vertex 11.3074 -5.98226 2
      vertex 10.9448 -6.73002 2.6
      vertex 10.9448 -6.73002 2
    endloop
  endfacet
  facet normal 1 -0 0
    outer loop
      vertex 11.3074 -5.98226 2.6
      vertex 11.3074 -5.93692 2
      vertex 11.3074 -5.93692 2.6
    endloop
  endfacet
  facet normal 1 0 0
    outer loop
      vertex 11.3074 -5.93692 2
      vertex 11.3074 -5.98226 2.6
      vertex 11.3074 -5.98226 2
    endloop
  endfacet
  facet normal 0.917064 -0.398739 0
    outer loop
      vertex 11.3074 -5.93692 2.6
      vertex 11.534 -5.41576 2
      vertex 11.534 -5.41576 2.6
    endloop
  endfacet
  facet normal 0.917064 -0.398739 0
    outer loop
      vertex 11.534 -5.41576 2
      vertex 11.3074 -5.93692 2.6
      vertex 11.3074 -5.93692 2
    endloop
  endfacet
  facet normal 0.948673 -0.316259 0
    outer loop
      vertex 11.534 -5.41576 2.6
      vertex 11.7153 -4.87192 2
      vertex 11.7153 -4.87192 2.6
    endloop
  endfacet
  facet normal 0.948673 -0.316259 0
    outer loop
      vertex 11.7153 -4.87192 2
      vertex 11.534 -5.41576 2.6
      vertex 11.534 -5.41576 2
    endloop
  endfacet
  facet normal 0.980599 -0.196025 0
    outer loop
      vertex 11.7153 -4.87192 2.6
      vertex 11.7606 -4.64531 2
      vertex 11.7606 -4.64531 2.6
    endloop
  endfacet
  facet normal 0.980599 -0.196025 0
    outer loop
      vertex 11.7606 -4.64531 2
      vertex 11.7153 -4.87192 2.6
      vertex 11.7153 -4.87192 2
    endloop
  endfacet
  facet normal 0.894486 -0.447095 0
    outer loop
      vertex 11.7606 -4.64531 2.6
      vertex 11.8059 -4.55468 2
      vertex 11.8059 -4.55468 2.6
    endloop
  endfacet
  facet normal 0.894486 -0.447095 0
    outer loop
      vertex 11.8059 -4.55468 2
      vertex 11.7606 -4.64531 2.6
      vertex 11.7606 -4.64531 2
    endloop
  endfacet
  facet normal 1 -0 0
    outer loop
      vertex 11.8059 -4.55468 2.6
      vertex 11.8059 -4.48669 2
      vertex 11.8059 -4.48669 2.6
    endloop
  endfacet
  facet normal 1 0 0
    outer loop
      vertex 11.8059 -4.48669 2
      vertex 11.8059 -4.55468 2.6
      vertex 11.8059 -4.55468 2
    endloop
  endfacet
  facet normal 0.955818 -0.293958 0
    outer loop
      vertex 11.8059 -4.48669 2.6
      vertex 11.8965 -4.1921 2
      vertex 11.8965 -4.1921 2.6
    endloop
  endfacet
  facet normal 0.955818 -0.293958 0
    outer loop
      vertex 11.8965 -4.1921 2
      vertex 11.8059 -4.48669 2.6
      vertex 11.8059 -4.48669 2
    endloop
  endfacet
  facet normal 0.987755 -0.156014 0
    outer loop
      vertex 11.8965 -4.1921 2.6
      vertex 11.9645 -3.76158 2
      vertex 11.9645 -3.76158 2.6
    endloop
  endfacet
  facet normal 0.987755 -0.156014 0
    outer loop
      vertex 11.9645 -3.76158 2
      vertex 11.8965 -4.1921 2.6
      vertex 11.8965 -4.1921 2
    endloop
  endfacet
  facet normal 0.706795 -0.707418 0
    outer loop
      vertex 11.9645 -3.76158 2.6
      vertex 11.9872 -3.7389 2
      vertex 11.9872 -3.7389 2.6
    endloop
  endfacet
  facet normal 0.706795 -0.707418 0
    outer loop
      vertex 11.9872 -3.7389 2
      vertex 11.9645 -3.76158 2.6
      vertex 11.9645 -3.76158 2
    endloop
  endfacet
  facet normal 0.995062 -0.0992515 0
    outer loop
      vertex 11.9872 -3.7389 2.6
      vertex 12.0098 -3.51232 2
      vertex 12.0098 -3.51232 2.6
    endloop
  endfacet
  facet normal 0.995062 -0.0992515 0
    outer loop
      vertex 12.0098 -3.51232 2
      vertex 11.9872 -3.7389 2.6
      vertex 11.9872 -3.7389 2
    endloop
  endfacet
  facet normal 0.706795 -0.707418 0
    outer loop
      vertex 12.0098 -3.51232 2.6
      vertex 12.0325 -3.48964 2
      vertex 12.0325 -3.48964 2.6
    endloop
  endfacet
  facet normal 0.706795 -0.707418 0
    outer loop
      vertex 12.0325 -3.48964 2
      vertex 12.0098 -3.51232 2.6
      vertex 12.0098 -3.51232 2
    endloop
  endfacet
  facet normal 1 -0 0
    outer loop
      vertex 12.0325 -3.48964 2.6
      vertex 12.0325 -3.33102 2
      vertex 12.0325 -3.33102 2.6
    endloop
  endfacet
  facet normal 1 0 0
    outer loop
      vertex 12.0325 -3.33102 2
      vertex 12.0325 -3.48964 2.6
      vertex 12.0325 -3.48964 2
    endloop
  endfacet
  facet normal 0.707888 -0.706325 0
    outer loop
      vertex 12.0325 -3.33102 2.6
      vertex 12.0551 -3.30837 2
      vertex 12.0551 -3.30837 2.6
    endloop
  endfacet
  facet normal 0.707888 -0.706325 0
    outer loop
      vertex 12.0551 -3.30837 2
      vertex 12.0325 -3.33102 2.6
      vertex 12.0325 -3.33102 2
    endloop
  endfacet
  facet normal 1 -0 0
    outer loop
      vertex 12.0551 -3.30837 2.6
      vertex 12.0551 -3.1724 2
      vertex 12.0551 -3.1724 2.6
    endloop
  endfacet
  facet normal 1 0 0
    outer loop
      vertex 12.0551 -3.1724 2
      vertex 12.0551 -3.30837 2.6
      vertex 12.0551 -3.30837 2
    endloop
  endfacet
  facet normal 0.706327 -0.707886 0
    outer loop
      vertex 12.0551 -3.1724 2.6
      vertex 12.0778 -3.14975 2
      vertex 12.0778 -3.14975 2.6
    endloop
  endfacet
  facet normal 0.706327 -0.707886 0
    outer loop
      vertex 12.0778 -3.14975 2
      vertex 12.0551 -3.1724 2.6
      vertex 12.0551 -3.1724 2
    endloop
  endfacet
  facet normal 1 -0 0
    outer loop
      vertex 12.0778 -3.14975 2.6
      vertex 12.0778 -2.9458 2
      vertex 12.0778 -2.9458 2.6
    endloop
  endfacet
  facet normal 1 0 0
    outer loop
      vertex 12.0778 -2.9458 2
      vertex 12.0778 -3.14975 2.6
      vertex 12.0778 -3.14975 2
    endloop
  endfacet
  facet normal 0.706483 -0.70773 0
    outer loop
      vertex 12.0778 -2.9458 2.6
      vertex 12.1005 -2.92314 2
      vertex 12.1005 -2.92314 2.6
    endloop
  endfacet
  facet normal 0.706483 -0.70773 0
    outer loop
      vertex 12.1005 -2.92314 2
      vertex 12.0778 -2.9458 2.6
      vertex 12.0778 -2.9458 2
    endloop
  endfacet
  facet normal 1 -0 0
    outer loop
      vertex 12.1005 -2.92314 2.6
      vertex 12.1005 -2.6059 2
      vertex 12.1005 -2.6059 2.6
    endloop
  endfacet
  facet normal 1 0 0
    outer loop
      vertex 12.1005 -2.6059 2
      vertex 12.1005 -2.92314 2.6
      vertex 12.1005 -2.92314 2
    endloop
  endfacet
  facet normal 0.707888 -0.706325 0
    outer loop
      vertex 12.1005 -2.6059 2
      vertex 12.1231 -2.58325 2.6
      vertex 12.1005 -2.6059 2.6
    endloop
  endfacet
  facet normal 0.707888 -0.706325 0
    outer loop
      vertex 12.1231 -2.58325 2.6
      vertex 12.1005 -2.6059 2
      vertex 12.1231 -2.58325 2
    endloop
  endfacet
  facet normal 1 -0 0
    outer loop
      vertex 12.1231 -2.58325 2.6
      vertex 12.1231 -1.90344 2
      vertex 12.1231 -1.90344 2.6
    endloop
  endfacet
  facet normal 1 0 0
    outer loop
      vertex 12.1231 -1.90344 2
      vertex 12.1231 -2.58325 2.6
      vertex 12.1231 -2.58325 2
    endloop
  endfacet
  facet normal 0.707888 0.706325 -0
    outer loop
      vertex 12.1231 -1.90344 2
      vertex 12.1005 -1.88079 2.6
      vertex 12.1231 -1.90344 2.6
    endloop
  endfacet
  facet normal 0.707888 0.706325 0
    outer loop
      vertex 12.1005 -1.88079 2.6
      vertex 12.1231 -1.90344 2
      vertex 12.1005 -1.88079 2
    endloop
  endfacet
  facet normal 1 -0 0
    outer loop
      vertex 12.1005 -1.88079 2.6
      vertex 12.1005 -1.60885 2
      vertex 12.1005 -1.60885 2.6
    endloop
  endfacet
  facet normal 1 0 0
    outer loop
      vertex 12.1005 -1.60885 2
      vertex 12.1005 -1.88079 2.6
      vertex 12.1005 -1.88079 2
    endloop
  endfacet
  facet normal 0.706327 0.707886 0
    outer loop
      vertex 12.1005 -1.60885 2.6
      vertex 12.0778 -1.5862 2
      vertex 12.0778 -1.5862 2.6
    endloop
  endfacet
  facet normal 0.706327 0.707886 0
    outer loop
      vertex 12.0778 -1.5862 2
      vertex 12.1005 -1.60885 2.6
      vertex 12.1005 -1.60885 2
    endloop
  endfacet
  facet normal 0.99745 0.0713722 0
    outer loop
      vertex 12.0778 -1.5862 2.6
      vertex 12.0551 -1.26896 2
      vertex 12.0551 -1.26896 2.6
    endloop
  endfacet
  facet normal 0.99745 0.0713722 0
    outer loop
      vertex 12.0551 -1.26896 2
      vertex 12.0778 -1.5862 2.6
      vertex 12.0778 -1.5862 2
    endloop
  endfacet
  facet normal 0.707888 0.706325 0
    outer loop
      vertex 12.0551 -1.26896 2.6
      vertex 12.0325 -1.24631 2
      vertex 12.0325 -1.24631 2.6
    endloop
  endfacet
  facet normal 0.707888 0.706325 0
    outer loop
      vertex 12.0325 -1.24631 2
      vertex 12.0551 -1.26896 2.6
      vertex 12.0551 -1.26896 2
    endloop
  endfacet
  facet normal 1 -0 0
    outer loop
      vertex 12.0325 -1.24631 2.6
      vertex 12.0325 -1.15567 2
      vertex 12.0325 -1.15567 2.6
    endloop
  endfacet
  facet normal 1 0 0
    outer loop
      vertex 12.0325 -1.15567 2
      vertex 12.0325 -1.24631 2.6
      vertex 12.0325 -1.24631 2
    endloop
  endfacet
  facet normal 0.706795 0.707418 -0
    outer loop
      vertex 12.0325 -1.15567 2
      vertex 12.0098 -1.13299 2.6
      vertex 12.0325 -1.15567 2.6
    endloop
  endfacet
  facet normal 0.706795 0.707418 0
    outer loop
      vertex 12.0098 -1.13299 2.6
      vertex 12.0325 -1.15567 2
      vertex 12.0098 -1.13299 2
    endloop
  endfacet
  facet normal 0.984775 0.173834 0
    outer loop
      vertex 12.0098 -1.13299 2.6
      vertex 11.9418 -0.747767 2
      vertex 11.9418 -0.747767 2.6
    endloop
  endfacet
  facet normal 0.984775 0.173834 0
    outer loop
      vertex 11.9418 -0.747767 2
      vertex 12.0098 -1.13299 2.6
      vertex 12.0098 -1.13299 2
    endloop
  endfacet
  facet normal 0.948695 0.316192 0
    outer loop
      vertex 11.9418 -0.747767 2.6
      vertex 11.7832 -0.271908 2
      vertex 11.7832 -0.271908 2.6
    endloop
  endfacet
  facet normal 0.948695 0.316192 0
    outer loop
      vertex 11.7832 -0.271908 2
      vertex 11.9418 -0.747767 2.6
      vertex 11.9418 -0.747767 2
    endloop
  endfacet
  facet normal 0.89446 0.447148 0
    outer loop
      vertex 11.7832 -0.271908 2.6
      vertex 11.5793 0.135967 2
      vertex 11.5793 0.135967 2.6
    endloop
  endfacet
  facet normal 0.89446 0.447148 0
    outer loop
      vertex 11.5793 0.135967 2
      vertex 11.7832 -0.271908 2.6
      vertex 11.7832 -0.271908 2
    endloop
  endfacet
  facet normal 0.831955 0.554843 0
    outer loop
      vertex 11.5793 0.135967 2.6
      vertex 11.4433 0.339891 2
      vertex 11.4433 0.339891 2.6
    endloop
  endfacet
  facet normal 0.831955 0.554843 0
    outer loop
      vertex 11.4433 0.339891 2
      vertex 11.5793 0.135967 2.6
      vertex 11.5793 0.135967 2
    endloop
  endfacet
  facet normal 0.707188 0.707026 0
    outer loop
      vertex 11.4433 0.339891 2.6
      vertex 11.1941 0.589148 2
      vertex 11.1941 0.589148 2.6
    endloop
  endfacet
  facet normal 0.707188 0.707026 0
    outer loop
      vertex 11.1941 0.589148 2
      vertex 11.4433 0.339891 2.6
      vertex 11.4433 0.339891 2
    endloop
  endfacet
  facet normal 0.514515 0.857481 -0
    outer loop
      vertex 11.1941 0.589148 2
      vertex 10.9675 0.725115 2.6
      vertex 11.1941 0.589148 2.6
    endloop
  endfacet
  facet normal 0.514515 0.857481 0
    outer loop
      vertex 10.9675 0.725115 2.6
      vertex 11.1941 0.589148 2
      vertex 10.9675 0.725115 2
    endloop
  endfacet
  facet normal 0.316161 0.948706 -0
    outer loop
      vertex 10.9675 0.725115 2
      vertex 10.7635 0.793099 2.6
      vertex 10.9675 0.725115 2.6
    endloop
  endfacet
  facet normal 0.316161 0.948706 0
    outer loop
      vertex 10.7635 0.793099 2.6
      vertex 10.9675 0.725115 2
      vertex 10.7635 0.793099 2
    endloop
  endfacet
  facet normal 0 1 -0
    outer loop
      vertex 10.7635 0.793099 2
      vertex 10.6502 0.793099 2.6
      vertex 10.7635 0.793099 2.6
    endloop
  endfacet
  facet normal 0 1 0
    outer loop
      vertex 10.6502 0.793099 2.6
      vertex 10.7635 0.793099 2
      vertex 10.6502 0.793099 2
    endloop
  endfacet
  facet normal 0.707919 0.706294 0
    outer loop
      vertex 10.6502 0.793099 2.6
      vertex 10.6276 0.815751 2
      vertex 10.6276 0.815751 2.6
    endloop
  endfacet
  facet normal 0.707919 0.706294 0
    outer loop
      vertex 10.6276 0.815751 2
      vertex 10.6502 0.793099 2.6
      vertex 10.6502 0.793099 2
    endloop
  endfacet
  facet normal 0 1 -0
    outer loop
      vertex 10.6276 0.815751 2
      vertex 10.4689 0.815751 2.6
      vertex 10.6276 0.815751 2.6
    endloop
  endfacet
  facet normal 0 1 0
    outer loop
      vertex 10.4689 0.815751 2.6
      vertex 10.6276 0.815751 2
      vertex 10.4689 0.815751 2
    endloop
  endfacet
  facet normal -0.707919 0.706294 0
    outer loop
      vertex 10.4689 0.815751 2
      vertex 10.4463 0.793099 2.6
      vertex 10.4689 0.815751 2.6
    endloop
  endfacet
  facet normal -0.707919 0.706294 0
    outer loop
      vertex 10.4463 0.793099 2.6
      vertex 10.4689 0.815751 2
      vertex 10.4463 0.793099 2
    endloop
  endfacet
  facet normal 0 1 -0
    outer loop
      vertex 10.4463 0.793099 2
      vertex 10.3556 0.793099 2.6
      vertex 10.4463 0.793099 2.6
    endloop
  endfacet
  facet normal 0 1 0
    outer loop
      vertex 10.3556 0.793099 2.6
      vertex 10.4463 0.793099 2
      vertex 10.3556 0.793099 2
    endloop
  endfacet
  facet normal -0.27482 0.961496 0
    outer loop
      vertex 10.3556 0.793099 2
      vertex 10.197 0.747767 2.6
      vertex 10.3556 0.793099 2.6
    endloop
  endfacet
  facet normal -0.27482 0.961496 0
    outer loop
      vertex 10.197 0.747767 2.6
      vertex 10.3556 0.793099 2
      vertex 10.197 0.747767 2
    endloop
  endfacet
  facet normal -0.569219 0.822186 0
    outer loop
      vertex 10.197 0.747767 2
      vertex 9.90245 0.543843 2.6
      vertex 10.197 0.747767 2.6
    endloop
  endfacet
  facet normal -0.569219 0.822186 0
    outer loop
      vertex 9.90245 0.543843 2.6
      vertex 10.197 0.747767 2
      vertex 9.90245 0.543843 2
    endloop
  endfacet
  facet normal -0.780842 0.624729 0
    outer loop
      vertex 9.81179 0.430528 2
      vertex 9.90245 0.543843 2.6
      vertex 9.90245 0.543843 2
    endloop
  endfacet
  facet normal -0.780842 0.624729 0
    outer loop
      vertex 9.90245 0.543843 2.6
      vertex 9.81179 0.430528 2
      vertex 9.81179 0.430528 2.6
    endloop
  endfacet
  facet normal -0.89442 0.447227 0
    outer loop
      vertex 9.72115 0.249255 2
      vertex 9.81179 0.430528 2.6
      vertex 9.81179 0.430528 2
    endloop
  endfacet
  facet normal -0.89442 0.447227 0
    outer loop
      vertex 9.81179 0.430528 2.6
      vertex 9.72115 0.249255 2
      vertex 9.72115 0.249255 2.6
    endloop
  endfacet
  facet normal -0.948731 0.316085 0
    outer loop
      vertex 9.67585 0.113287 2
      vertex 9.72115 0.249255 2.6
      vertex 9.72115 0.249255 2
    endloop
  endfacet
  facet normal -0.948731 0.316085 0
    outer loop
      vertex 9.72115 0.249255 2.6
      vertex 9.67585 0.113287 2
      vertex 9.67585 0.113287 2.6
    endloop
  endfacet
  facet normal -0.997049 0.0767692 0
    outer loop
      vertex 9.65317 -0.181272 2
      vertex 9.67585 0.113287 2.6
      vertex 9.67585 0.113287 2
    endloop
  endfacet
  facet normal -0.997049 0.0767692 0
    outer loop
      vertex 9.67585 0.113287 2.6
      vertex 9.65317 -0.181272 2
      vertex 9.65317 -0.181272 2.6
    endloop
  endfacet
  facet normal -0.707107 -0.707107 0
    outer loop
      vertex 9.67585 -0.203952 2
      vertex 9.65317 -0.181272 2.6
      vertex 9.65317 -0.181272 2
    endloop
  endfacet
  facet normal -0.707107 -0.707107 0
    outer loop
      vertex 9.65317 -0.181272 2.6
      vertex 9.67585 -0.203952 2
      vertex 9.67585 -0.203952 2.6
    endloop
  endfacet
  facet normal -0.993888 -0.110392 0
    outer loop
      vertex 9.6985 -0.407876 2
      vertex 9.67585 -0.203952 2.6
      vertex 9.67585 -0.203952 2
    endloop
  endfacet
  facet normal -0.993888 -0.110392 0
    outer loop
      vertex 9.67585 -0.203952 2.6
      vertex 9.6985 -0.407876 2
      vertex 9.6985 -0.407876 2.6
    endloop
  endfacet
  facet normal -0.923097 -0.384568 0
    outer loop
      vertex 9.81179 -0.679811 2
      vertex 9.6985 -0.407876 2.6
      vertex 9.6985 -0.407876 2
    endloop
  endfacet
  facet normal -0.923097 -0.384568 0
    outer loop
      vertex 9.6985 -0.407876 2.6
      vertex 9.81179 -0.679811 2
      vertex 9.81179 -0.679811 2.6
    endloop
  endfacet
  facet normal -0.831903 -0.554921 0
    outer loop
      vertex 9.85712 -0.747767 2
      vertex 9.81179 -0.679811 2.6
      vertex 9.81179 -0.679811 2
    endloop
  endfacet
  facet normal -0.831903 -0.554921 0
    outer loop
      vertex 9.81179 -0.679811 2.6
      vertex 9.85712 -0.747767 2
      vertex 9.85712 -0.747767 2.6
    endloop
  endfacet
  facet normal -0.680421 -0.732821 0
    outer loop
      vertex 9.85712 -0.747767 2
      vertex 10.1744 -1.04236 2.6
      vertex 9.85712 -0.747767 2.6
    endloop
  endfacet
  facet normal -0.680421 -0.732821 -0
    outer loop
      vertex 10.1744 -1.04236 2.6
      vertex 9.85712 -0.747767 2
      vertex 10.1744 -1.04236 2
    endloop
  endfacet
  facet normal -0.316217 -0.948687 0
    outer loop
      vertex 10.1744 -1.04236 2
      vertex 10.4463 -1.13299 2.6
      vertex 10.1744 -1.04236 2.6
    endloop
  endfacet
  facet normal -0.316217 -0.948687 -0
    outer loop
      vertex 10.4463 -1.13299 2.6
      vertex 10.1744 -1.04236 2
      vertex 10.4463 -1.13299 2
    endloop
  endfacet
  facet normal 0 -1 0
    outer loop
      vertex 10.4463 -1.13299 2
      vertex 10.5822 -1.13299 2.6
      vertex 10.4463 -1.13299 2.6
    endloop
  endfacet
  facet normal 0 -1 -0
    outer loop
      vertex 10.5822 -1.13299 2.6
      vertex 10.4463 -1.13299 2
      vertex 10.5822 -1.13299 2
    endloop
  endfacet
  facet normal -0.554714 -0.832041 0
    outer loop
      vertex 10.5822 -1.13299 2
      vertex 10.7182 -1.22366 2.6
      vertex 10.5822 -1.13299 2.6
    endloop
  endfacet
  facet normal -0.554714 -0.832041 -0
    outer loop
      vertex 10.7182 -1.22366 2.6
      vertex 10.5822 -1.13299 2
      vertex 10.7182 -1.22366 2
    endloop
  endfacet
  facet normal -0.857386 -0.514674 0
    outer loop
      vertex 10.7862 -1.33694 2
      vertex 10.7182 -1.22366 2.6
      vertex 10.7182 -1.22366 2
    endloop
  endfacet
  facet normal -0.857386 -0.514674 0
    outer loop
      vertex 10.7182 -1.22366 2.6
      vertex 10.7862 -1.33694 2
      vertex 10.7862 -1.33694 2.6
    endloop
  endfacet
  facet normal -1 0 0
    outer loop
      vertex 10.7862 -1.40493 2
      vertex 10.7862 -1.33694 2.6
      vertex 10.7862 -1.33694 2
    endloop
  endfacet
  facet normal -1 -0 0
    outer loop
      vertex 10.7862 -1.33694 2.6
      vertex 10.7862 -1.40493 2
      vertex 10.7862 -1.40493 2.6
    endloop
  endfacet
  facet normal -0.707888 -0.706325 0
    outer loop
      vertex 10.7862 -1.40493 2
      vertex 10.8088 -1.42758 2.6
      vertex 10.7862 -1.40493 2.6
    endloop
  endfacet
  facet normal -0.707888 -0.706325 -0
    outer loop
      vertex 10.8088 -1.42758 2.6
      vertex 10.7862 -1.40493 2
      vertex 10.8088 -1.42758 2
    endloop
  endfacet
  facet normal -1 0 0
    outer loop
      vertex 10.8088 -1.72217 2
      vertex 10.8088 -1.42758 2.6
      vertex 10.8088 -1.42758 2
    endloop
  endfacet
  facet normal -1 -0 0
    outer loop
      vertex 10.8088 -1.42758 2.6
      vertex 10.8088 -1.72217 2
      vertex 10.8088 -1.72217 2.6
    endloop
  endfacet
  facet normal -0.707888 0.706325 0
    outer loop
      vertex 10.8088 -1.72217 2
      vertex 10.7862 -1.74482 2.6
      vertex 10.8088 -1.72217 2.6
    endloop
  endfacet
  facet normal -0.707888 0.706325 0
    outer loop
      vertex 10.7862 -1.74482 2.6
      vertex 10.8088 -1.72217 2
      vertex 10.7862 -1.74482 2
    endloop
  endfacet
  facet normal -0.986408 0.164317 0
    outer loop
      vertex 10.7409 -2.01676 2
      vertex 10.7862 -1.74482 2.6
      vertex 10.7862 -1.74482 2
    endloop
  endfacet
  facet normal -0.986408 0.164317 0
    outer loop
      vertex 10.7862 -1.74482 2.6
      vertex 10.7409 -2.01676 2
      vertex 10.7409 -2.01676 2.6
    endloop
  endfacet
  facet normal -0.939716 0.341955 0
    outer loop
      vertex 10.6502 -2.26601 2
      vertex 10.7409 -2.01676 2.6
      vertex 10.7409 -2.01676 2
    endloop
  endfacet
  facet normal -0.939716 0.341955 0
    outer loop
      vertex 10.7409 -2.01676 2.6
      vertex 10.6502 -2.26601 2
      vertex 10.6502 -2.26601 2.6
    endloop
  endfacet
  facet normal -0.894403 0.447263 0
    outer loop
      vertex 10.4689 -2.62856 2
      vertex 10.6502 -2.26601 2.6
      vertex 10.6502 -2.26601 2
    endloop
  endfacet
  facet normal -0.894403 0.447263 0
    outer loop
      vertex 10.6502 -2.26601 2.6
      vertex 10.4689 -2.62856 2
      vertex 10.4689 -2.62856 2.6
    endloop
  endfacet
  facet normal -0.832065 0.554678 0
    outer loop
      vertex 10.2423 -2.96848 2
      vertex 10.4689 -2.62856 2.6
      vertex 10.4689 -2.62856 2
    endloop
  endfacet
  facet normal -0.832065 0.554678 0
    outer loop
      vertex 10.4689 -2.62856 2.6
      vertex 10.2423 -2.96848 2
      vertex 10.2423 -2.96848 2.6
    endloop
  endfacet
  facet normal -0.739963 0.672648 0
    outer loop
      vertex 9.78914 -3.46699 2
      vertex 10.2423 -2.96848 2.6
      vertex 10.2423 -2.96848 2
    endloop
  endfacet
  facet normal -0.739963 0.672648 0
    outer loop
      vertex 10.2423 -2.96848 2.6
      vertex 9.78914 -3.46699 2
      vertex 9.78914 -3.46699 2.6
    endloop
  endfacet
  facet normal -0.650778 0.759268 0
    outer loop
      vertex 9.78914 -3.46699 2
      vertex 9.4719 -3.7389 2.6
      vertex 9.78914 -3.46699 2.6
    endloop
  endfacet
  facet normal -0.650778 0.759268 0
    outer loop
      vertex 9.4719 -3.7389 2.6
      vertex 9.78914 -3.46699 2
      vertex 9.4719 -3.7389 2
    endloop
  endfacet
  facet normal -0.576687 0.816965 0
    outer loop
      vertex 9.4719 -3.7389 2
      vertex 9.08667 -4.01083 2.6
      vertex 9.4719 -3.7389 2.6
    endloop
  endfacet
  facet normal -0.576687 0.816965 0
    outer loop
      vertex 9.08667 -4.01083 2.6
      vertex 9.4719 -3.7389 2
      vertex 9.08667 -4.01083 2
    endloop
  endfacet
  facet normal -0.476296 0.879285 0
    outer loop
      vertex 9.08667 -4.01083 2
      vertex 8.54283 -4.30542 2.6
      vertex 9.08667 -4.01083 2.6
    endloop
  endfacet
  facet normal -0.476296 0.879285 0
    outer loop
      vertex 8.54283 -4.30542 2.6
      vertex 9.08667 -4.01083 2
      vertex 8.54283 -4.30542 2
    endloop
  endfacet
  facet normal 0 1 -0
    outer loop
      vertex 8.54283 -4.30542 2
      vertex 8.49752 -4.30542 2.6
      vertex 8.54283 -4.30542 2.6
    endloop
  endfacet
  facet normal 0 1 0
    outer loop
      vertex 8.49752 -4.30542 2.6
      vertex 8.54283 -4.30542 2
      vertex 8.49752 -4.30542 2
    endloop
  endfacet
  facet normal -0.410331 0.911937 0
    outer loop
      vertex 8.49752 -4.30542 2
      vertex 8.04432 -4.50934 2.6
      vertex 8.49752 -4.30542 2.6
    endloop
  endfacet
  facet normal -0.410331 0.911937 0
    outer loop
      vertex 8.04432 -4.50934 2.6
      vertex 8.49752 -4.30542 2
      vertex 8.04432 -4.50934 2
    endloop
  endfacet
  facet normal -0.327144 0.944974 0
    outer loop
      vertex 8.04432 -4.50934 2
      vertex 7.45517 -4.7133 2.6
      vertex 8.04432 -4.50934 2.6
    endloop
  endfacet
  facet normal -0.327144 0.944974 0
    outer loop
      vertex 7.45517 -4.7133 2.6
      vertex 8.04432 -4.50934 2
      vertex 7.45517 -4.7133 2
    endloop
  endfacet
  facet normal 0 1 -0
    outer loop
      vertex 7.45517 -4.7133 2
      vertex 7.38718 -4.7133 2.6
      vertex 7.45517 -4.7133 2.6
    endloop
  endfacet
  facet normal 0 1 0
    outer loop
      vertex 7.38718 -4.7133 2.6
      vertex 7.45517 -4.7133 2
      vertex 7.38718 -4.7133 2
    endloop
  endfacet
  facet normal -0.33282 0.94299 0
    outer loop
      vertex 7.38718 -4.7133 2
      vertex 7.00196 -4.84926 2.6
      vertex 7.38718 -4.7133 2.6
    endloop
  endfacet
  facet normal -0.33282 0.94299 0
    outer loop
      vertex 7.00196 -4.84926 2.6
      vertex 7.38718 -4.7133 2
      vertex 7.00196 -4.84926 2
    endloop
  endfacet
  facet normal 0 1 -0
    outer loop
      vertex 7.00196 -4.84926 2
      vertex 6.93398 -4.84926 2.6
      vertex 7.00196 -4.84926 2.6
    endloop
  endfacet
  facet normal 0 1 0
    outer loop
      vertex 6.93398 -4.84926 2.6
      vertex 7.00196 -4.84926 2
      vertex 6.93398 -4.84926 2
    endloop
  endfacet
  facet normal -0.447135 0.894467 0
    outer loop
      vertex 6.93398 -4.84926 2
      vertex 6.84334 -4.89457 2.6
      vertex 6.93398 -4.84926 2.6
    endloop
  endfacet
  facet normal -0.447135 0.894467 0
    outer loop
      vertex 6.84334 -4.89457 2.6
      vertex 6.93398 -4.84926 2
      vertex 6.84334 -4.89457 2
    endloop
  endfacet
  facet normal -0.14136 0.989958 0
    outer loop
      vertex 6.84334 -4.89457 2
      vertex 6.68472 -4.91722 2.6
      vertex 6.84334 -4.89457 2.6
    endloop
  endfacet
  facet normal -0.14136 0.989958 0
    outer loop
      vertex 6.68472 -4.91722 2.6
      vertex 6.84334 -4.89457 2
      vertex 6.68472 -4.91722 2
    endloop
  endfacet
  facet normal -0.447293 0.894388 0
    outer loop
      vertex 6.68472 -4.91722 2
      vertex 6.59408 -4.96255 2.6
      vertex 6.68472 -4.91722 2.6
    endloop
  endfacet
  facet normal -0.447293 0.894388 0
    outer loop
      vertex 6.59408 -4.96255 2.6
      vertex 6.68472 -4.91722 2
      vertex 6.59408 -4.96255 2
    endloop
  endfacet
  facet normal 0 1 -0
    outer loop
      vertex 6.59408 -4.96255 2
      vertex 6.5261 -4.96255 2.6
      vertex 6.59408 -4.96255 2.6
    endloop
  endfacet
  facet normal 0 1 0
    outer loop
      vertex 6.5261 -4.96255 2.6
      vertex 6.59408 -4.96255 2
      vertex 6.5261 -4.96255 2
    endloop
  endfacet
  facet normal -0.282137 0.959374 0
    outer loop
      vertex 6.5261 -4.96255 2
      vertex 6.14087 -5.07584 2.6
      vertex 6.5261 -4.96255 2.6
    endloop
  endfacet
  facet normal -0.282137 0.959374 0
    outer loop
      vertex 6.14087 -5.07584 2.6
      vertex 6.5261 -4.96255 2
      vertex 6.14087 -5.07584 2
    endloop
  endfacet
  facet normal 0 1 -0
    outer loop
      vertex 6.14087 -5.07584 2
      vertex 6.05024 -5.07584 2.6
      vertex 6.14087 -5.07584 2.6
    endloop
  endfacet
  facet normal 0 1 0
    outer loop
      vertex 6.05024 -5.07584 2.6
      vertex 6.14087 -5.07584 2
      vertex 6.05024 -5.07584 2
    endloop
  endfacet
  facet normal -0.371405 0.928471 0
    outer loop
      vertex 6.05024 -5.07584 2
      vertex 5.93692 -5.12117 2.6
      vertex 6.05024 -5.07584 2.6
    endloop
  endfacet
  facet normal -0.371405 0.928471 0
    outer loop
      vertex 5.93692 -5.12117 2.6
      vertex 6.05024 -5.07584 2
      vertex 5.93692 -5.12117 2
    endloop
  endfacet
  facet normal 0 1 -0
    outer loop
      vertex 5.93692 -5.12117 2
      vertex 5.84629 -5.12117 2.6
      vertex 5.93692 -5.12117 2.6
    endloop
  endfacet
  facet normal 0 1 0
    outer loop
      vertex 5.84629 -5.12117 2.6
      vertex 5.93692 -5.12117 2
      vertex 5.84629 -5.12117 2
    endloop
  endfacet
  facet normal -0.707107 0.707107 0
    outer loop
      vertex 5.82364 -5.14382 2
      vertex 5.84629 -5.12117 2.6
      vertex 5.84629 -5.12117 2
    endloop
  endfacet
  facet normal -0.707107 0.707107 0
    outer loop
      vertex 5.84629 -5.12117 2.6
      vertex 5.82364 -5.14382 2
      vertex 5.82364 -5.14382 2.6
    endloop
  endfacet
  facet normal 0 1 -0
    outer loop
      vertex 5.82364 -5.14382 2
      vertex 5.733 -5.14382 2.6
      vertex 5.82364 -5.14382 2.6
    endloop
  endfacet
  facet normal 0 1 0
    outer loop
      vertex 5.733 -5.14382 2.6
      vertex 5.82364 -5.14382 2
      vertex 5.733 -5.14382 2
    endloop
  endfacet
  facet normal -0.371475 0.928443 0
    outer loop
      vertex 5.733 -5.14382 2
      vertex 5.61968 -5.18916 2.6
      vertex 5.733 -5.14382 2.6
    endloop
  endfacet
  facet normal -0.371475 0.928443 0
    outer loop
      vertex 5.61968 -5.18916 2.6
      vertex 5.733 -5.14382 2
      vertex 5.61968 -5.18916 2
    endloop
  endfacet
  facet normal -0.13211 0.991235 0
    outer loop
      vertex 5.61968 -5.18916 2
      vertex 5.27979 -5.23446 2.6
      vertex 5.61968 -5.18916 2.6
    endloop
  endfacet
  facet normal -0.13211 0.991235 0
    outer loop
      vertex 5.27979 -5.23446 2.6
      vertex 5.61968 -5.18916 2
      vertex 5.27979 -5.23446 2
    endloop
  endfacet
  facet normal -0.31627 0.948669 0
    outer loop
      vertex 5.27979 -5.23446 2
      vertex 5.14382 -5.27979 2.6
      vertex 5.27979 -5.23446 2.6
    endloop
  endfacet
  facet normal -0.31627 0.948669 0
    outer loop
      vertex 5.14382 -5.27979 2.6
      vertex 5.27979 -5.23446 2
      vertex 5.14382 -5.27979 2
    endloop
  endfacet
  facet normal -0.116867 0.993148 0
    outer loop
      vertex 5.14382 -5.27979 2
      vertex 4.7586 -5.32512 2.6
      vertex 5.14382 -5.27979 2.6
    endloop
  endfacet
  facet normal -0.116867 0.993148 0
    outer loop
      vertex 4.7586 -5.32512 2.6
      vertex 5.14382 -5.27979 2
      vertex 4.7586 -5.32512 2
    endloop
  endfacet
  facet normal -0.707263 0.706951 0
    outer loop
      vertex 4.73595 -5.34778 2
      vertex 4.7586 -5.32512 2.6
      vertex 4.7586 -5.32512 2
    endloop
  endfacet
  facet normal -0.707263 0.706951 0
    outer loop
      vertex 4.7586 -5.32512 2.6
      vertex 4.73595 -5.34778 2
      vertex 4.73595 -5.34778 2.6
    endloop
  endfacet
  facet normal 0 1 -0
    outer loop
      vertex 4.73595 -5.34778 2
      vertex 4.59998 -5.34778 2.6
      vertex 4.73595 -5.34778 2.6
    endloop
  endfacet
  facet normal 0 1 0
    outer loop
      vertex 4.59998 -5.34778 2.6
      vertex 4.73595 -5.34778 2
      vertex 4.59998 -5.34778 2
    endloop
  endfacet
  facet normal -0.707107 0.707107 0
    outer loop
      vertex 4.57733 -5.37043 2
      vertex 4.59998 -5.34778 2.6
      vertex 4.59998 -5.34778 2
    endloop
  endfacet
  facet normal -0.707107 0.707107 0
    outer loop
      vertex 4.59998 -5.34778 2.6
      vertex 4.57733 -5.37043 2
      vertex 4.57733 -5.37043 2.6
    endloop
  endfacet
  facet normal 0 1 -0
    outer loop
      vertex 4.57733 -5.37043 2
      vertex 4.44136 -5.37043 2.6
      vertex 4.57733 -5.37043 2.6
    endloop
  endfacet
  facet normal 0 1 0
    outer loop
      vertex 4.44136 -5.37043 2.6
      vertex 4.57733 -5.37043 2
      vertex 4.44136 -5.37043 2
    endloop
  endfacet
  facet normal -0.707107 0.707107 0
    outer loop
      vertex 4.44136 -5.37043 2
      vertex 4.41871 -5.39308 2.6
      vertex 4.44136 -5.37043 2.6
    endloop
  endfacet
  facet normal -0.707107 0.707107 0
    outer loop
      vertex 4.41871 -5.39308 2.6
      vertex 4.44136 -5.37043 2
      vertex 4.41871 -5.39308 2
    endloop
  endfacet
  facet normal 0 1 -0
    outer loop
      vertex 4.41871 -5.39308 2
      vertex 4.28274 -5.39308 2.6
      vertex 4.41871 -5.39308 2.6
    endloop
  endfacet
  facet normal 0 1 0
    outer loop
      vertex 4.28274 -5.39308 2.6
      vertex 4.41871 -5.39308 2
      vertex 4.28274 -5.39308 2
    endloop
  endfacet
  facet normal -0.707575 0.706639 0
    outer loop
      vertex 4.26009 -5.41576 2
      vertex 4.28274 -5.39308 2.6
      vertex 4.28274 -5.39308 2
    endloop
  endfacet
  facet normal -0.707575 0.706639 0
    outer loop
      vertex 4.28274 -5.39308 2.6
      vertex 4.26009 -5.41576 2
      vertex 4.26009 -5.41576 2.6
    endloop
  endfacet
  facet normal 0 1 -0
    outer loop
      vertex 4.26009 -5.41576 2
      vertex 4.10147 -5.41576 2.6
      vertex 4.26009 -5.41576 2.6
    endloop
  endfacet
  facet normal 0 1 0
    outer loop
      vertex 4.10147 -5.41576 2.6
      vertex 4.26009 -5.41576 2
      vertex 4.10147 -5.41576 2
    endloop
  endfacet
  facet normal -0.707107 0.707107 0
    outer loop
      vertex 4.07882 -5.43841 2
      vertex 4.10147 -5.41576 2.6
      vertex 4.10147 -5.41576 2
    endloop
  endfacet
  facet normal -0.707107 0.707107 0
    outer loop
      vertex 4.10147 -5.41576 2.6
      vertex 4.07882 -5.43841 2
      vertex 4.07882 -5.43841 2.6
    endloop
  endfacet
  facet normal -0.0554456 0.998462 0
    outer loop
      vertex 4.07882 -5.43841 2
      vertex 3.67094 -5.46106 2.6
      vertex 4.07882 -5.43841 2.6
    endloop
  endfacet
  facet normal -0.0554456 0.998462 0
    outer loop
      vertex 3.67094 -5.46106 2.6
      vertex 4.07882 -5.43841 2
      vertex 3.67094 -5.46106 2
    endloop
  endfacet
  facet normal -0.707107 0.707107 0
    outer loop
      vertex 3.64826 -5.48374 2
      vertex 3.67094 -5.46106 2.6
      vertex 3.67094 -5.46106 2
    endloop
  endfacet
  facet normal -0.707107 0.707107 0
    outer loop
      vertex 3.67094 -5.46106 2.6
      vertex 3.64826 -5.48374 2
      vertex 3.64826 -5.48374 2.6
    endloop
  endfacet
  facet normal -0.0434389 0.999056 0
    outer loop
      vertex 3.64826 -5.48374 2
      vertex 3.1271 -5.5064 2.6
      vertex 3.64826 -5.48374 2.6
    endloop
  endfacet
  facet normal -0.0434389 0.999056 0
    outer loop
      vertex 3.1271 -5.5064 2.6
      vertex 3.64826 -5.48374 2
      vertex 3.1271 -5.5064 2
    endloop
  endfacet
  facet normal -0.706483 0.70773 0
    outer loop
      vertex 3.1271 -5.5064 2
      vertex 3.10441 -5.52905 2.6
      vertex 3.1271 -5.5064 2.6
    endloop
  endfacet
  facet normal -0.706483 0.70773 0
    outer loop
      vertex 3.10441 -5.52905 2.6
      vertex 3.1271 -5.5064 2
      vertex 3.10441 -5.52905 2
    endloop
  endfacet
  facet normal 0 1 -0
    outer loop
      vertex 3.10441 -5.52905 2
      vertex 2.78718 -5.52905 2.6
      vertex 3.10441 -5.52905 2.6
    endloop
  endfacet
  facet normal 0 1 0
    outer loop
      vertex 2.78718 -5.52905 2.6
      vertex 3.10441 -5.52905 2
      vertex 2.78718 -5.52905 2
    endloop
  endfacet
  facet normal -0.706951 0.707263 0
    outer loop
      vertex 2.76452 -5.5517 2
      vertex 2.78718 -5.52905 2.6
      vertex 2.78718 -5.52905 2
    endloop
  endfacet
  facet normal -0.706951 0.707263 0
    outer loop
      vertex 2.78718 -5.52905 2.6
      vertex 2.76452 -5.5517 2
      vertex 2.76452 -5.5517 2.6
    endloop
  endfacet
  facet normal -0.0138997 0.999903 0
    outer loop
      vertex 2.76452 -5.5517 2
      vertex 1.13299 -5.57438 2.6
      vertex 2.76452 -5.5517 2.6
    endloop
  endfacet
  facet normal -0.0138997 0.999903 0
    outer loop
      vertex 1.13299 -5.57438 2.6
      vertex 2.76452 -5.5517 2
      vertex 1.13299 -5.57438 2
    endloop
  endfacet
  facet normal 0.650821 0.759231 -0
    outer loop
      vertex 1.13299 -5.57438 2
      vertex 0.974371 -5.43841 2.6
      vertex 1.13299 -5.57438 2.6
    endloop
  endfacet
  facet normal 0.650821 0.759231 0
    outer loop
      vertex 0.974371 -5.43841 2.6
      vertex 1.13299 -5.57438 2
      vertex 0.974371 -5.43841 2
    endloop
  endfacet
  facet normal 0.948726 0.3161 0
    outer loop
      vertex 0.974371 -5.43841 2.6
      vertex 0.929068 -5.30244 2
      vertex 0.929068 -5.30244 2.6
    endloop
  endfacet
  facet normal 0.948726 0.3161 0
    outer loop
      vertex 0.929068 -5.30244 2
      vertex 0.974371 -5.43841 2.6
      vertex 0.974371 -5.43841 2
    endloop
  endfacet
  facet normal 0.999934 0.0115041 0
    outer loop
      vertex 0.929068 -5.30244 2.6
      vertex 0.906387 -3.33102 2
      vertex 0.906387 -3.33102 2.6
    endloop
  endfacet
  facet normal 0.999934 0.0115041 0
    outer loop
      vertex 0.906387 -3.33102 2
      vertex 0.929068 -5.30244 2.6
      vertex 0.929068 -5.30244 2
    endloop
  endfacet
  facet normal 0.707091 0.707122 0
    outer loop
      vertex 0.906387 -3.33102 2.6
      vertex 0.883736 -3.30837 2
      vertex 0.883736 -3.30837 2.6
    endloop
  endfacet
  facet normal 0.707091 0.707122 0
    outer loop
      vertex 0.883736 -3.30837 2
      vertex 0.906387 -3.33102 2.6
      vertex 0.906387 -3.33102 2
    endloop
  endfacet
  facet normal 1 -0 0
    outer loop
      vertex 0.883736 -3.30837 2.6
      vertex 0.883736 -1.76747 2
      vertex 0.883736 -1.76747 2.6
    endloop
  endfacet
  facet normal 1 0 0
    outer loop
      vertex 0.883736 -1.76747 2
      vertex 0.883736 -3.30837 2.6
      vertex 0.883736 -3.30837 2
    endloop
  endfacet
  facet normal 0.894419 -0.447229 0
    outer loop
      vertex 0.883736 -1.76747 2.6
      vertex 0.906387 -1.72217 2
      vertex 0.906387 -1.72217 2.6
    endloop
  endfacet
  facet normal 0.894419 -0.447229 0
    outer loop
      vertex 0.906387 -1.72217 2
      vertex 0.883736 -1.76747 2.6
      vertex 0.883736 -1.76747 2
    endloop
  endfacet
  facet normal 0.599955 -0.800034 0
    outer loop
      vertex 0.906387 -1.72217 2
      vertex 0.997051 -1.65418 2.6
      vertex 0.906387 -1.72217 2.6
    endloop
  endfacet
  facet normal 0.599955 -0.800034 0
    outer loop
      vertex 0.997051 -1.65418 2.6
      vertex 0.906387 -1.72217 2
      vertex 0.997051 -1.65418 2
    endloop
  endfacet
  facet normal -0.0587207 -0.998274 0
    outer loop
      vertex 0.997051 -1.65418 2
      vertex 1.38228 -1.67684 2.6
      vertex 0.997051 -1.65418 2.6
    endloop
  endfacet
  facet normal -0.0587207 -0.998274 -0
    outer loop
      vertex 1.38228 -1.67684 2.6
      vertex 0.997051 -1.65418 2
      vertex 1.38228 -1.67684 2
    endloop
  endfacet
  facet normal -0.707575 -0.706639 0
    outer loop
      vertex 1.40493 -1.69952 2
      vertex 1.38228 -1.67684 2.6
      vertex 1.38228 -1.67684 2
    endloop
  endfacet
  facet normal -0.707575 -0.706639 0
    outer loop
      vertex 1.38228 -1.67684 2.6
      vertex 1.40493 -1.69952 2
      vertex 1.40493 -1.69952 2.6
    endloop
  endfacet
  facet normal 0 -1 0
    outer loop
      vertex 1.40493 -1.69952 2
      vertex 1.56355 -1.69952 2.6
      vertex 1.40493 -1.69952 2.6
    endloop
  endfacet
  facet normal 0 -1 -0
    outer loop
      vertex 1.56355 -1.69952 2.6
      vertex 1.40493 -1.69952 2
      vertex 1.56355 -1.69952 2
    endloop
  endfacet
  facet normal -0.707107 -0.707107 0
    outer loop
      vertex 1.5862 -1.72217 2
      vertex 1.56355 -1.69952 2.6
      vertex 1.56355 -1.69952 2
    endloop
  endfacet
  facet normal -0.707107 -0.707107 0
    outer loop
      vertex 1.56355 -1.69952 2.6
      vertex 1.5862 -1.72217 2
      vertex 1.5862 -1.72217 2.6
    endloop
  endfacet
  facet normal 0 -1 0
    outer loop
      vertex 1.5862 -1.72217 2
      vertex 1.72217 -1.72217 2.6
      vertex 1.5862 -1.72217 2.6
    endloop
  endfacet
  facet normal 0 -1 -0
    outer loop
      vertex 1.72217 -1.72217 2.6
      vertex 1.5862 -1.72217 2
      vertex 1.72217 -1.72217 2
    endloop
  endfacet
  facet normal -0.707107 -0.707107 0
    outer loop
      vertex 1.72217 -1.72217 2
      vertex 1.74482 -1.74482 2.6
      vertex 1.72217 -1.72217 2.6
    endloop
  endfacet
  facet normal -0.707107 -0.707107 -0
    outer loop
      vertex 1.74482 -1.74482 2.6
      vertex 1.72217 -1.72217 2
      vertex 1.74482 -1.74482 2
    endloop
  endfacet
  facet normal -0.110456 -0.993881 0
    outer loop
      vertex 1.74482 -1.74482 2
      vertex 2.1527 -1.79015 2.6
      vertex 1.74482 -1.74482 2.6
    endloop
  endfacet
  facet normal -0.110456 -0.993881 -0
    outer loop
      vertex 2.1527 -1.79015 2.6
      vertex 1.74482 -1.74482 2
      vertex 2.1527 -1.79015 2
    endloop
  endfacet
  facet normal -0.706795 -0.707419 0
    outer loop
      vertex 2.1527 -1.79015 2
      vertex 2.17537 -1.8128 2.6
      vertex 2.1527 -1.79015 2.6
    endloop
  endfacet
  facet normal -0.706795 -0.707419 -0
    outer loop
      vertex 2.17537 -1.8128 2.6
      vertex 2.1527 -1.79015 2
      vertex 2.17537 -1.8128 2
    endloop
  endfacet
  facet normal -0.171344 -0.985211 0
    outer loop
      vertex 2.17537 -1.8128 2
      vertex 2.69654 -1.90344 2.6
      vertex 2.17537 -1.8128 2.6
    endloop
  endfacet
  facet normal -0.171344 -0.985211 -0
    outer loop
      vertex 2.69654 -1.90344 2.6
      vertex 2.17537 -1.8128 2
      vertex 2.69654 -1.90344 2
    endloop
  endfacet
  facet normal -0.707107 -0.707107 0
    outer loop
      vertex 2.69654 -1.90344 2
      vertex 2.71919 -1.92609 2.6
      vertex 2.69654 -1.90344 2.6
    endloop
  endfacet
  facet normal -0.707107 -0.707107 -0
    outer loop
      vertex 2.71919 -1.92609 2.6
      vertex 2.69654 -1.90344 2
      vertex 2.71919 -1.92609 2
    endloop
  endfacet
  facet normal -0.216942 -0.976184 0
    outer loop
      vertex 2.71919 -1.92609 2
      vertex 3.33102 -2.06206 2.6
      vertex 2.71919 -1.92609 2.6
    endloop
  endfacet
  facet normal -0.216942 -0.976184 -0
    outer loop
      vertex 3.33102 -2.06206 2.6
      vertex 2.71919 -1.92609 2
      vertex 3.33102 -2.06206 2
    endloop
  endfacet
  facet normal -0.447293 -0.894388 0
    outer loop
      vertex 3.33102 -2.06206 2
      vertex 3.42166 -2.10739 2.6
      vertex 3.33102 -2.06206 2.6
    endloop
  endfacet
  facet normal -0.447293 -0.894388 -0
    outer loop
      vertex 3.42166 -2.10739 2.6
      vertex 3.33102 -2.06206 2
      vertex 3.42166 -2.10739 2
    endloop
  endfacet
  facet normal -0.14136 -0.989958 0
    outer loop
      vertex 3.42166 -2.10739 2
      vertex 3.58028 -2.13004 2.6
      vertex 3.42166 -2.10739 2.6
    endloop
  endfacet
  facet normal -0.14136 -0.989958 -0
    outer loop
      vertex 3.58028 -2.13004 2.6
      vertex 3.42166 -2.10739 2
      vertex 3.58028 -2.13004 2
    endloop
  endfacet
  facet normal -0.393968 -0.919124 0
    outer loop
      vertex 3.58028 -2.13004 2
      vertex 3.7389 -2.19803 2.6
      vertex 3.58028 -2.13004 2.6
    endloop
  endfacet
  facet normal -0.393968 -0.919124 -0
    outer loop
      vertex 3.7389 -2.19803 2.6
      vertex 3.58028 -2.13004 2
      vertex 3.7389 -2.19803 2
    endloop
  endfacet
  facet normal 0 -1 0
    outer loop
      vertex 3.7389 -2.19803 2
      vertex 3.80688 -2.19803 2.6
      vertex 3.7389 -2.19803 2.6
    endloop
  endfacet
  facet normal 0 -1 -0
    outer loop
      vertex 3.80688 -2.19803 2.6
      vertex 3.7389 -2.19803 2
      vertex 3.80688 -2.19803 2
    endloop
  endfacet
  facet normal -0.371355 -0.928491 0
    outer loop
      vertex 3.80688 -2.19803 2
      vertex 4.03348 -2.28866 2.6
      vertex 3.80688 -2.19803 2.6
    endloop
  endfacet
  facet normal -0.371355 -0.928491 -0
    outer loop
      vertex 4.03348 -2.28866 2.6
      vertex 3.80688 -2.19803 2
      vertex 4.03348 -2.28866 2
    endloop
  endfacet
  facet normal 0 -1 0
    outer loop
      vertex 4.03348 -2.28866 2
      vertex 4.10147 -2.28866 2.6
      vertex 4.03348 -2.28866 2.6
    endloop
  endfacet
  facet normal 0 -1 -0
    outer loop
      vertex 4.10147 -2.28866 2.6
      vertex 4.03348 -2.28866 2
      vertex 4.10147 -2.28866 2
    endloop
  endfacet
  facet normal -0.316228 -0.948683 0
    outer loop
      vertex 4.10147 -2.28866 2
      vertex 4.57733 -2.44728 2.6
      vertex 4.10147 -2.28866 2.6
    endloop
  endfacet
  facet normal -0.316228 -0.948683 -0
    outer loop
      vertex 4.57733 -2.44728 2.6
      vertex 4.10147 -2.28866 2
      vertex 4.57733 -2.44728 2
    endloop
  endfacet
  facet normal -0.55487 -0.831937 0
    outer loop
      vertex 4.57733 -2.44728 2
      vertex 4.64531 -2.49262 2.6
      vertex 4.57733 -2.44728 2.6
    endloop
  endfacet
  facet normal -0.55487 -0.831937 -0
    outer loop
      vertex 4.64531 -2.49262 2.6
      vertex 4.57733 -2.44728 2
      vertex 4.64531 -2.49262 2
    endloop
  endfacet
  facet normal -0.263009 -0.964793 0
    outer loop
      vertex 4.64531 -2.49262 2
      vertex 4.89457 -2.56057 2.6
      vertex 4.64531 -2.49262 2.6
    endloop
  endfacet
  facet normal -0.263009 -0.964793 -0
    outer loop
      vertex 4.89457 -2.56057 2.6
      vertex 4.64531 -2.49262 2
      vertex 4.89457 -2.56057 2
    endloop
  endfacet
  facet normal -0.419072 -0.907953 0
    outer loop
      vertex 4.89457 -2.56057 2
      vertex 5.18916 -2.69654 2.6
      vertex 4.89457 -2.56057 2.6
    endloop
  endfacet
  facet normal -0.419072 -0.907953 -0
    outer loop
      vertex 5.18916 -2.69654 2.6
      vertex 4.89457 -2.56057 2
      vertex 5.18916 -2.69654 2
    endloop
  endfacet
  facet normal -0.196066 -0.980591 0
    outer loop
      vertex 5.18916 -2.69654 2
      vertex 5.30244 -2.71919 2.6
      vertex 5.18916 -2.69654 2.6
    endloop
  endfacet
  facet normal -0.196066 -0.980591 -0
    outer loop
      vertex 5.30244 -2.71919 2.6
      vertex 5.18916 -2.69654 2
      vertex 5.30244 -2.71919 2
    endloop
  endfacet
  facet normal -0.419084 -0.907948 0
    outer loop
      vertex 5.30244 -2.71919 2
      vertex 6.18618 -3.1271 2.6
      vertex 5.30244 -2.71919 2.6
    endloop
  endfacet
  facet normal -0.419084 -0.907948 -0
    outer loop
      vertex 6.18618 -3.1271 2.6
      vertex 5.30244 -2.71919 2
      vertex 6.18618 -3.1271 2
    endloop
  endfacet
  facet normal -0.514471 -0.857508 0
    outer loop
      vertex 6.18618 -3.1271 2
      vertex 6.7527 -3.46699 2.6
      vertex 6.18618 -3.1271 2.6
    endloop
  endfacet
  facet normal -0.514471 -0.857508 -0
    outer loop
      vertex 6.7527 -3.46699 2.6
      vertex 6.18618 -3.1271 2
      vertex 6.7527 -3.46699 2
    endloop
  endfacet
  facet normal -0.316332 -0.948648 0
    outer loop
      vertex 6.7527 -3.46699 2
      vertex 6.88864 -3.51232 2.6
      vertex 6.7527 -3.46699 2.6
    endloop
  endfacet
  facet normal -0.316332 -0.948648 -0
    outer loop
      vertex 6.88864 -3.51232 2.6
      vertex 6.7527 -3.46699 2
      vertex 6.88864 -3.51232 2
    endloop
  endfacet
  facet normal 0 -1 0
    outer loop
      vertex 6.88864 -3.51232 2
      vertex 7.04726 -3.51232 2.6
      vertex 6.88864 -3.51232 2.6
    endloop
  endfacet
  facet normal 0 -1 -0
    outer loop
      vertex 7.04726 -3.51232 2.6
      vertex 6.88864 -3.51232 2
      vertex 7.04726 -3.51232 2
    endloop
  endfacet
  facet normal 0.640223 -0.768189 0
    outer loop
      vertex 7.04726 -3.51232 2
      vertex 7.18323 -3.399 2.6
      vertex 7.04726 -3.51232 2.6
    endloop
  endfacet
  facet normal 0.640223 -0.768189 0
    outer loop
      vertex 7.18323 -3.399 2.6
      vertex 7.04726 -3.51232 2
      vertex 7.18323 -3.399 2
    endloop
  endfacet
  facet normal 0.993888 -0.110394 0
    outer loop
      vertex 7.18323 -3.399 2.6
      vertex 7.20588 -3.19508 2
      vertex 7.20588 -3.19508 2.6
    endloop
  endfacet
  facet normal 0.993888 -0.110394 0
    outer loop
      vertex 7.20588 -3.19508 2
      vertex 7.18323 -3.399 2.6
      vertex 7.18323 -3.399 2
    endloop
  endfacet
  facet normal 0.707575 0.706639 0
    outer loop
      vertex 7.20588 -3.19508 2.6
      vertex 7.18323 -3.1724 2
      vertex 7.18323 -3.1724 2.6
    endloop
  endfacet
  facet normal 0.707575 0.706639 0
    outer loop
      vertex 7.18323 -3.1724 2
      vertex 7.20588 -3.19508 2.6
      vertex 7.20588 -3.19508 2
    endloop
  endfacet
  facet normal 1 -0 0
    outer loop
      vertex 7.18323 -3.1724 2.6
      vertex 7.18323 -3.08176 2
      vertex 7.18323 -3.08176 2.6
    endloop
  endfacet
  facet normal 1 0 0
    outer loop
      vertex 7.18323 -3.08176 2
      vertex 7.18323 -3.1724 2.6
      vertex 7.18323 -3.1724 2
    endloop
  endfacet
  facet normal 0.707107 0.707107 -0
    outer loop
      vertex 7.18323 -3.08176 2
      vertex 7.16058 -3.05911 2.6
      vertex 7.18323 -3.08176 2.6
    endloop
  endfacet
  facet normal 0.707107 0.707107 0
    outer loop
      vertex 7.16058 -3.05911 2.6
      vertex 7.18323 -3.08176 2
      vertex 7.16058 -3.05911 2
    endloop
  endfacet
  facet normal 1 -0 0
    outer loop
      vertex 7.16058 -3.05911 2.6
      vertex 7.16058 -2.96848 2
      vertex 7.16058 -2.96848 2.6
    endloop
  endfacet
  facet normal 1 0 0
    outer loop
      vertex 7.16058 -2.96848 2
      vertex 7.16058 -3.05911 2.6
      vertex 7.16058 -3.05911 2
    endloop
  endfacet
  facet normal 0.707575 0.706639 0
    outer loop
      vertex 7.16058 -2.96848 2.6
      vertex 7.13793 -2.9458 2
      vertex 7.13793 -2.9458 2.6
    endloop
  endfacet
  facet normal 0.707575 0.706639 0
    outer loop
      vertex 7.13793 -2.9458 2
      vertex 7.16058 -2.96848 2.6
      vertex 7.16058 -2.96848 2
    endloop
  endfacet
  facet normal 1 -0 0
    outer loop
      vertex 7.13793 -2.9458 2.6
      vertex 7.13793 -2.85516 2
      vertex 7.13793 -2.85516 2.6
    endloop
  endfacet
  facet normal 1 0 0
    outer loop
      vertex 7.13793 -2.85516 2
      vertex 7.13793 -2.9458 2.6
      vertex 7.13793 -2.9458 2
    endloop
  endfacet
  facet normal 0.948669 0.31627 0
    outer loop
      vertex 7.13793 -2.85516 2.6
      vertex 7.0926 -2.71919 2
      vertex 7.0926 -2.71919 2.6
    endloop
  endfacet
  facet normal 0.948669 0.31627 0
    outer loop
      vertex 7.0926 -2.71919 2
      vertex 7.13793 -2.85516 2.6
      vertex 7.13793 -2.85516 2
    endloop
  endfacet
  facet normal 1 -0 0
    outer loop
      vertex 7.0926 -2.71919 2.6
      vertex 7.0926 -2.6059 2
      vertex 7.0926 -2.6059 2.6
    endloop
  endfacet
  facet normal 1 0 0
    outer loop
      vertex 7.0926 -2.6059 2
      vertex 7.0926 -2.71919 2.6
      vertex 7.0926 -2.71919 2
    endloop
  endfacet
  facet normal 0.706951 0.707263 0
    outer loop
      vertex 7.0926 -2.6059 2.6
      vertex 7.06994 -2.58325 2
      vertex 7.06994 -2.58325 2.6
    endloop
  endfacet
  facet normal 0.706951 0.707263 0
    outer loop
      vertex 7.06994 -2.58325 2
      vertex 7.0926 -2.6059 2.6
      vertex 7.0926 -2.6059 2
    endloop
  endfacet
  facet normal 1 -0 0
    outer loop
      vertex 7.06994 -2.58325 2.6
      vertex 7.06994 -2.46994 2
      vertex 7.06994 -2.46994 2.6
    endloop
  endfacet
  facet normal 1 0 0
    outer loop
      vertex 7.06994 -2.46994 2
      vertex 7.06994 -2.58325 2.6
      vertex 7.06994 -2.58325 2
    endloop
  endfacet
  facet normal 0.706795 0.707419 -0
    outer loop
      vertex 7.06994 -2.46994 2
      vertex 7.04726 -2.44728 2.6
      vertex 7.06994 -2.46994 2.6
    endloop
  endfacet
  facet normal 0.706795 0.707419 0
    outer loop
      vertex 7.04726 -2.44728 2.6
      vertex 7.06994 -2.46994 2
      vertex 7.04726 -2.44728 2
    endloop
  endfacet
  facet normal 1 -0 0
    outer loop
      vertex 7.04726 -2.44728 2.6
      vertex 7.04726 -2.35665 2
      vertex 7.04726 -2.35665 2.6
    endloop
  endfacet
  facet normal 1 0 0
    outer loop
      vertex 7.04726 -2.35665 2
      vertex 7.04726 -2.44728 2.6
      vertex 7.04726 -2.44728 2
    endloop
  endfacet
  facet normal 0.948732 0.316081 0
    outer loop
      vertex 7.04726 -2.35665 2.6
      vertex 7.00196 -2.22068 2
      vertex 7.00196 -2.22068 2.6
    endloop
  endfacet
  facet normal 0.948732 0.316081 0
    outer loop
      vertex 7.00196 -2.22068 2
      vertex 7.04726 -2.35665 2.6
      vertex 7.04726 -2.35665 2
    endloop
  endfacet
  facet normal 1 -0 0
    outer loop
      vertex 7.00196 -2.22068 2.6
      vertex 7.00196 -2.10739 2
      vertex 7.00196 -2.10739 2.6
    endloop
  endfacet
  facet normal 1 0 0
    outer loop
      vertex 7.00196 -2.10739 2
      vertex 7.00196 -2.22068 2.6
      vertex 7.00196 -2.22068 2
    endloop
  endfacet
  facet normal 0.707575 0.706639 0
    outer loop
      vertex 7.00196 -2.10739 2.6
      vertex 6.97931 -2.08471 2
      vertex 6.97931 -2.08471 2.6
    endloop
  endfacet
  facet normal 0.707575 0.706639 0
    outer loop
      vertex 6.97931 -2.08471 2
      vertex 7.00196 -2.10739 2.6
      vertex 7.00196 -2.10739 2
    endloop
  endfacet
  facet normal 1 -0 0
    outer loop
      vertex 6.97931 -2.08471 2.6
      vertex 6.97931 -1.97142 2
      vertex 6.97931 -1.97142 2.6
    endloop
  endfacet
  facet normal 1 0 0
    outer loop
      vertex 6.97931 -1.97142 2
      vertex 6.97931 -2.08471 2.6
      vertex 6.97931 -2.08471 2
    endloop
  endfacet
  facet normal 0.706639 0.707575 -0
    outer loop
      vertex 6.97931 -1.97142 2
      vertex 6.95663 -1.94877 2.6
      vertex 6.97931 -1.97142 2.6
    endloop
  endfacet
  facet normal 0.706639 0.707575 0
    outer loop
      vertex 6.95663 -1.94877 2.6
      vertex 6.97931 -1.97142 2
      vertex 6.95663 -1.94877 2
    endloop
  endfacet
  facet normal 1 -0 0
    outer loop
      vertex 6.95663 -1.94877 2.6
      vertex 6.95663 -1.83546 2
      vertex 6.95663 -1.83546 2.6
    endloop
  endfacet
  facet normal 1 0 0
    outer loop
      vertex 6.95663 -1.83546 2
      vertex 6.95663 -1.94877 2.6
      vertex 6.95663 -1.94877 2
    endloop
  endfacet
  facet normal 0.96154 0.274665 0
    outer loop
      vertex 6.95663 -1.83546 2.6
      vertex 6.91132 -1.67684 2
      vertex 6.91132 -1.67684 2.6
    endloop
  endfacet
  facet normal 0.96154 0.274665 0
    outer loop
      vertex 6.91132 -1.67684 2
      vertex 6.95663 -1.83546 2.6
      vertex 6.95663 -1.83546 2
    endloop
  endfacet
  facet normal 1 -0 0
    outer loop
      vertex 6.91132 -1.67684 2.6
      vertex 6.91132 -1.5409 2
      vertex 6.91132 -1.5409 2.6
    endloop
  endfacet
  facet normal 1 0 0
    outer loop
      vertex 6.91132 -1.5409 2
      vertex 6.91132 -1.67684 2.6
      vertex 6.91132 -1.67684 2
    endloop
  endfacet
  facet normal 0.961508 0.274777 0
    outer loop
      vertex 6.91132 -1.5409 2.6
      vertex 6.86599 -1.38228 2
      vertex 6.86599 -1.38228 2.6
    endloop
  endfacet
  facet normal 0.961508 0.274777 0
    outer loop
      vertex 6.86599 -1.38228 2
      vertex 6.91132 -1.5409 2.6
      vertex 6.91132 -1.5409 2
    endloop
  endfacet
  facet normal 1 -0 0
    outer loop
      vertex 6.86599 -1.38228 2.6
      vertex 6.86599 -1.24631 2
      vertex 6.86599 -1.24631 2.6
    endloop
  endfacet
  facet normal 1 0 0
    outer loop
      vertex 6.86599 -1.24631 2
      vertex 6.86599 -1.38228 2.6
      vertex 6.86599 -1.38228 2
    endloop
  endfacet
  facet normal 0.707107 0.707107 0
    outer loop
      vertex 6.86599 -1.24631 2.6
      vertex 6.84334 -1.22366 2
      vertex 6.84334 -1.22366 2.6
    endloop
  endfacet
  facet normal 0.707107 0.707107 0
    outer loop
      vertex 6.84334 -1.22366 2
      vertex 6.86599 -1.24631 2.6
      vertex 6.86599 -1.24631 2
    endloop
  endfacet
  facet normal 1 -0 0
    outer loop
      vertex 6.84334 -1.22366 2.6
      vertex 6.84334 -1.08769 2
      vertex 6.84334 -1.08769 2.6
    endloop
  endfacet
  facet normal 1 0 0
    outer loop
      vertex 6.84334 -1.08769 2
      vertex 6.84334 -1.22366 2.6
      vertex 6.84334 -1.22366 2
    endloop
  endfacet
  facet normal 0.707107 0.707107 -0
    outer loop
      vertex 6.84334 -1.08769 2
      vertex 6.82069 -1.06504 2.6
      vertex 6.84334 -1.08769 2.6
    endloop
  endfacet
  facet normal 0.707107 0.707107 0
    outer loop
      vertex 6.82069 -1.06504 2.6
      vertex 6.84334 -1.08769 2
      vertex 6.82069 -1.06504 2
    endloop
  endfacet
  facet normal 1 -0 0
    outer loop
      vertex 6.82069 -1.06504 2.6
      vertex 6.82069 -0.929068 2
      vertex 6.82069 -0.929068 2.6
    endloop
  endfacet
  facet normal 1 0 0
    outer loop
      vertex 6.82069 -0.929068 2
      vertex 6.82069 -1.06504 2.6
      vertex 6.82069 -1.06504 2
    endloop
  endfacet
  facet normal 0.707122 0.707091 0
    outer loop
      vertex 6.82069 -0.929068 2.6
      vertex 6.79801 -0.906387 2
      vertex 6.79801 -0.906387 2.6
    endloop
  endfacet
  facet normal 0.707122 0.707091 0
    outer loop
      vertex 6.79801 -0.906387 2
      vertex 6.82069 -0.929068 2.6
      vertex 6.82069 -0.929068 2
    endloop
  endfacet
  facet normal 0.998054 0.0623536 0
    outer loop
      vertex 6.79801 -0.906387 2.6
      vertex 6.77536 -0.543843 2
      vertex 6.77536 -0.543843 2.6
    endloop
  endfacet
  facet normal 0.998054 0.0623536 0
    outer loop
      vertex 6.77536 -0.543843 2
      vertex 6.79801 -0.906387 2.6
      vertex 6.79801 -0.906387 2
    endloop
  endfacet
  facet normal 0.706966 0.707247 0
    outer loop
      vertex 6.77536 -0.543843 2.6
      vertex 6.7527 -0.521192 2
      vertex 6.7527 -0.521192 2.6
    endloop
  endfacet
  facet normal 0.706966 0.707247 0
    outer loop
      vertex 6.7527 -0.521192 2
      vertex 6.77536 -0.543843 2.6
      vertex 6.77536 -0.543843 2
    endloop
  endfacet
  facet normal 0.999314 0.0370438 0
    outer loop
      vertex 6.7527 -0.521192 2.6
      vertex 6.73002 0.0906353 2
      vertex 6.73002 0.0906353 2.6
    endloop
  endfacet
  facet normal 0.999314 0.0370438 0
    outer loop
      vertex 6.73002 0.0906353 2
      vertex 6.7527 -0.521192 2.6
      vertex 6.7527 -0.521192 2
    endloop
  endfacet
  facet normal 0.707133 0.70708 0
    outer loop
      vertex 6.73002 0.0906353 2.6
      vertex 6.70737 0.113287 2
      vertex 6.70737 0.113287 2.6
    endloop
  endfacet
  facet normal 0.707133 0.70708 0
    outer loop
      vertex 6.70737 0.113287 2
      vertex 6.73002 0.0906353 2.6
      vertex 6.73002 0.0906353 2
    endloop
  endfacet
  facet normal 1 -0 0
    outer loop
      vertex 6.70737 0.113287 2.6
      vertex 6.70737 0.951719 2
      vertex 6.70737 0.951719 2.6
    endloop
  endfacet
  facet normal 1 0 0
    outer loop
      vertex 6.70737 0.951719 2
      vertex 6.70737 0.113287 2.6
      vertex 6.70737 0.113287 2
    endloop
  endfacet
  facet normal 0.707138 -0.707076 0
    outer loop
      vertex 6.70737 0.951719 2.6
      vertex 6.73002 0.974371 2
      vertex 6.73002 0.974371 2.6
    endloop
  endfacet
  facet normal 0.707138 -0.707076 0
    outer loop
      vertex 6.73002 0.974371 2
      vertex 6.70737 0.951719 2.6
      vertex 6.70737 0.951719 2
    endloop
  endfacet
  facet normal 1 -0 0
    outer loop
      vertex 6.73002 0.974371 2.6
      vertex 6.73002 1.29161 2
      vertex 6.73002 1.29161 2.6
    endloop
  endfacet
  facet normal 1 0 0
    outer loop
      vertex 6.73002 1.29161 2
      vertex 6.73002 0.974371 2.6
      vertex 6.73002 0.974371 2
    endloop
  endfacet
  facet normal 0.707107 -0.707107 0
    outer loop
      vertex 6.73002 1.29161 2
      vertex 6.7527 1.31429 2.6
      vertex 6.73002 1.29161 2.6
    endloop
  endfacet
  facet normal 0.707107 -0.707107 0
    outer loop
      vertex 6.7527 1.31429 2.6
      vertex 6.73002 1.29161 2
      vertex 6.7527 1.31429 2
    endloop
  endfacet
  facet normal 1 -0 0
    outer loop
      vertex 6.7527 1.31429 2.6
      vertex 6.7527 1.5409 2
      vertex 6.7527 1.5409 2.6
    endloop
  endfacet
  facet normal 1 0 0
    outer loop
      vertex 6.7527 1.5409 2
      vertex 6.7527 1.31429 2.6
      vertex 6.7527 1.31429 2
    endloop
  endfacet
  facet normal 0.706951 -0.707263 0
    outer loop
      vertex 6.7527 1.5409 2.6
      vertex 6.77536 1.56355 2
      vertex 6.77536 1.56355 2.6
    endloop
  endfacet
  facet normal 0.706951 -0.707263 0
    outer loop
      vertex 6.77536 1.56355 2
      vertex 6.7527 1.5409 2.6
      vertex 6.7527 1.5409 2
    endloop
  endfacet
  facet normal 1 -0 0
    outer loop
      vertex 6.77536 1.56355 2.6
      vertex 6.77536 1.74482 2
      vertex 6.77536 1.74482 2.6
    endloop
  endfacet
  facet normal 1 0 0
    outer loop
      vertex 6.77536 1.74482 2
      vertex 6.77536 1.56355 2.6
      vertex 6.77536 1.56355 2
    endloop
  endfacet
  facet normal 0.707107 -0.707107 0
    outer loop
      vertex 6.77536 1.74482 2.6
      vertex 6.79801 1.76747 2
      vertex 6.79801 1.76747 2.6
    endloop
  endfacet
  facet normal 0.707107 -0.707107 0
    outer loop
      vertex 6.79801 1.76747 2
      vertex 6.77536 1.74482 2.6
      vertex 6.77536 1.74482 2
    endloop
  endfacet
  facet normal 0.995892 -0.090552 0
    outer loop
      vertex 6.79801 1.76747 2.6
      vertex 6.84334 2.26601 2
      vertex 6.84334 2.26601 2.6
    endloop
  endfacet
  facet normal 0.995892 -0.090552 0
    outer loop
      vertex 6.84334 2.26601 2
      vertex 6.79801 1.76747 2.6
      vertex 6.79801 1.76747 2
    endloop
  endfacet
  facet normal 0.707107 -0.707107 0
    outer loop
      vertex 6.84334 2.26601 2.6
      vertex 6.86599 2.28866 2
      vertex 6.86599 2.28866 2.6
    endloop
  endfacet
  facet normal 0.707107 -0.707107 0
    outer loop
      vertex 6.86599 2.28866 2
      vertex 6.84334 2.26601 2.6
      vertex 6.84334 2.26601 2
    endloop
  endfacet
  facet normal 0.990828 -0.135133 0
    outer loop
      vertex 6.86599 2.28866 2.6
      vertex 6.93398 2.78718 2
      vertex 6.93398 2.78718 2.6
    endloop
  endfacet
  facet normal 0.990828 -0.135133 0
    outer loop
      vertex 6.93398 2.78718 2
      vertex 6.86599 2.28866 2.6
      vertex 6.86599 2.28866 2
    endloop
  endfacet
  facet normal 0.707575 -0.706639 0
    outer loop
      vertex 6.93398 2.78718 2.6
      vertex 6.95663 2.80986 2
      vertex 6.95663 2.80986 2.6
    endloop
  endfacet
  facet normal 0.707575 -0.706639 0
    outer loop
      vertex 6.95663 2.80986 2
      vertex 6.93398 2.78718 2.6
      vertex 6.93398 2.78718 2
    endloop
  endfacet
  facet normal 0.987762 -0.15597 0
    outer loop
      vertex 6.95663 2.80986 2.6
      vertex 7.02461 3.24038 2
      vertex 7.02461 3.24038 2.6
    endloop
  endfacet
  facet normal 0.987762 -0.15597 0
    outer loop
      vertex 7.02461 3.24038 2
      vertex 6.95663 2.80986 2.6
      vertex 6.95663 2.80986 2
    endloop
  endfacet
  facet normal 0.928471 -0.371405 0
    outer loop
      vertex 7.02461 3.24038 2.6
      vertex 7.06994 3.3537 2
      vertex 7.06994 3.3537 2.6
    endloop
  endfacet
  facet normal 0.928471 -0.371405 0
    outer loop
      vertex 7.06994 3.3537 2
      vertex 7.02461 3.24038 2.6
      vertex 7.02461 3.24038 2
    endloop
  endfacet
  facet normal 1 -0 0
    outer loop
      vertex 7.06994 3.3537 2.6
      vertex 7.06994 3.44433 2
      vertex 7.06994 3.44433 2.6
    endloop
  endfacet
  facet normal 1 0 0
    outer loop
      vertex 7.06994 3.44433 2
      vertex 7.06994 3.3537 2.6
      vertex 7.06994 3.3537 2
    endloop
  endfacet
  facet normal 0.928494 -0.371348 0
    outer loop
      vertex 7.06994 3.44433 2.6
      vertex 7.11525 3.55762 2
      vertex 7.11525 3.55762 2.6
    endloop
  endfacet
  facet normal 0.928494 -0.371348 0
    outer loop
      vertex 7.11525 3.55762 2
      vertex 7.06994 3.44433 2.6
      vertex 7.06994 3.44433 2
    endloop
  endfacet
  facet normal 1 -0 0
    outer loop
      vertex 7.11525 3.55762 2.6
      vertex 7.11525 3.64826 2
      vertex 7.11525 3.64826 2.6
    endloop
  endfacet
  facet normal 1 0 0
    outer loop
      vertex 7.11525 3.64826 2
      vertex 7.11525 3.55762 2.6
      vertex 7.11525 3.55762 2
    endloop
  endfacet
  facet normal 0.707107 -0.707107 0
    outer loop
      vertex 7.11525 3.64826 2.6
      vertex 7.13793 3.67094 2
      vertex 7.13793 3.67094 2.6
    endloop
  endfacet
  facet normal 0.707107 -0.707107 0
    outer loop
      vertex 7.13793 3.67094 2
      vertex 7.11525 3.64826 2.6
      vertex 7.11525 3.64826 2
    endloop
  endfacet
  facet normal 0.978553 -0.205993 0
    outer loop
      vertex 7.13793 3.67094 2.6
      vertex 7.22856 4.10147 2
      vertex 7.22856 4.10147 2.6
    endloop
  endfacet
  facet normal 0.978553 -0.205993 0
    outer loop
      vertex 7.22856 4.10147 2
      vertex 7.13793 3.67094 2.6
      vertex 7.13793 3.67094 2
    endloop
  endfacet
  facet normal 0.894447 -0.447174 0
    outer loop
      vertex 7.22856 4.10147 2.6
      vertex 7.27387 4.1921 2
      vertex 7.27387 4.1921 2.6
    endloop
  endfacet
  facet normal 0.894447 -0.447174 0
    outer loop
      vertex 7.27387 4.1921 2
      vertex 7.22856 4.10147 2.6
      vertex 7.22856 4.10147 2
    endloop
  endfacet
  facet normal 1 -0 0
    outer loop
      vertex 7.27387 4.1921 2.6
      vertex 7.27387 4.26009 2
      vertex 7.27387 4.26009 2.6
    endloop
  endfacet
  facet normal 1 0 0
    outer loop
      vertex 7.27387 4.26009 2
      vertex 7.27387 4.1921 2.6
      vertex 7.27387 4.1921 2
    endloop
  endfacet
  facet normal 0.894368 -0.447332 0
    outer loop
      vertex 7.27387 4.26009 2.6
      vertex 7.3192 4.35072 2
      vertex 7.3192 4.35072 2.6
    endloop
  endfacet
  facet normal 0.894368 -0.447332 0
    outer loop
      vertex 7.3192 4.35072 2
      vertex 7.27387 4.26009 2.6
      vertex 7.27387 4.26009 2
    endloop
  endfacet
  facet normal 0.989958 -0.14136 0
    outer loop
      vertex 7.3192 4.35072 2.6
      vertex 7.34185 4.50934 2
      vertex 7.34185 4.50934 2.6
    endloop
  endfacet
  facet normal 0.989958 -0.14136 0
    outer loop
      vertex 7.34185 4.50934 2
      vertex 7.3192 4.35072 2.6
      vertex 7.3192 4.35072 2
    endloop
  endfacet
  facet normal 0.919124 -0.393968 0
    outer loop
      vertex 7.34185 4.50934 2.6
      vertex 7.40984 4.66796 2
      vertex 7.40984 4.66796 2.6
    endloop
  endfacet
  facet normal 0.919124 -0.393968 0
    outer loop
      vertex 7.40984 4.66796 2
      vertex 7.34185 4.50934 2.6
      vertex 7.34185 4.50934 2
    endloop
  endfacet
  facet normal 1 -0 0
    outer loop
      vertex 7.40984 4.66796 2.6
      vertex 7.40984 4.73595 2
      vertex 7.40984 4.73595 2.6
    endloop
  endfacet
  facet normal 1 0 0
    outer loop
      vertex 7.40984 4.73595 2
      vertex 7.40984 4.66796 2.6
      vertex 7.40984 4.66796 2
    endloop
  endfacet
  facet normal 0.919145 -0.393919 0
    outer loop
      vertex 7.40984 4.73595 2.6
      vertex 7.47782 4.89457 2
      vertex 7.47782 4.89457 2.6
    endloop
  endfacet
  facet normal 0.919145 -0.393919 0
    outer loop
      vertex 7.47782 4.89457 2
      vertex 7.40984 4.73595 2.6
      vertex 7.40984 4.73595 2
    endloop
  endfacet
  facet normal 0.980597 -0.196033 0
    outer loop
      vertex 7.47782 4.89457 2.6
      vertex 7.52312 5.12117 2
      vertex 7.52312 5.12117 2.6
    endloop
  endfacet
  facet normal 0.980597 -0.196033 0
    outer loop
      vertex 7.52312 5.12117 2
      vertex 7.47782 4.89457 2.6
      vertex 7.47782 4.89457 2
    endloop
  endfacet
  facet normal 0.948675 -0.316254 0
    outer loop
      vertex 7.52312 5.12117 2.6
      vertex 7.70442 5.66502 2
      vertex 7.70442 5.66502 2.6
    endloop
  endfacet
  facet normal 0.948675 -0.316254 0
    outer loop
      vertex 7.70442 5.66502 2
      vertex 7.52312 5.12117 2.6
      vertex 7.52312 5.12117 2
    endloop
  endfacet
  facet normal 0.832107 -0.554615 0
    outer loop
      vertex 7.70442 5.66502 2.6
      vertex 7.74973 5.733 2
      vertex 7.74973 5.733 2.6
    endloop
  endfacet
  facet normal 0.832107 -0.554615 0
    outer loop
      vertex 7.74973 5.733 2
      vertex 7.70442 5.66502 2.6
      vertex 7.70442 5.66502 2
    endloop
  endfacet
  facet normal 0.948674 -0.316256 0
    outer loop
      vertex 7.74973 5.733 2.6
      vertex 7.8857 6.14087 2
      vertex 7.8857 6.14087 2.6
    endloop
  endfacet
  facet normal 0.948674 -0.316256 0
    outer loop
      vertex 7.8857 6.14087 2
      vertex 7.74973 5.733 2.6
      vertex 7.74973 5.733 2
    endloop
  endfacet
  facet normal 0.868263 -0.496104 0
    outer loop
      vertex 7.8857 6.14087 2.6
      vertex 8.1576 6.61674 2
      vertex 8.1576 6.61674 2.6
    endloop
  endfacet
  facet normal 0.868263 -0.496104 0
    outer loop
      vertex 8.1576 6.61674 2
      vertex 7.8857 6.14087 2.6
      vertex 7.8857 6.14087 2
    endloop
  endfacet
  facet normal 1 -0 0
    outer loop
      vertex 8.1576 6.61674 2.6
      vertex 8.1576 6.82069 2
      vertex 8.1576 6.82069 2.6
    endloop
  endfacet
  facet normal 1 0 0
    outer loop
      vertex 8.1576 6.82069 2
      vertex 8.1576 6.61674 2.6
      vertex 8.1576 6.61674 2
    endloop
  endfacet
  facet normal 0.857573 0.514362 0
    outer loop
      vertex 8.1576 6.82069 2.6
      vertex 8.08965 6.93398 2
      vertex 8.08965 6.93398 2.6
    endloop
  endfacet
  facet normal 0.857573 0.514362 0
    outer loop
      vertex 8.08965 6.93398 2
      vertex 8.1576 6.82069 2.6
      vertex 8.1576 6.82069 2
    endloop
  endfacet
  facet normal 0.514429 0.857533 -0
    outer loop
      vertex 8.08965 6.93398 2
      vertex 7.97633 7.00196 2.6
      vertex 8.08965 6.93398 2.6
    endloop
  endfacet
  facet normal 0.514429 0.857533 0
    outer loop
      vertex 7.97633 7.00196 2.6
      vertex 8.08965 6.93398 2
      vertex 7.97633 7.00196 2
    endloop
  endfacet
  facet normal 0 1 -0
    outer loop
      vertex 7.97633 7.00196 2
      vertex 7.90835 7.00196 2.6
      vertex 7.97633 7.00196 2.6
    endloop
  endfacet
  facet normal 0 1 0
    outer loop
      vertex 7.90835 7.00196 2.6
      vertex 7.97633 7.00196 2
      vertex 7.90835 7.00196 2
    endloop
  endfacet
  facet normal 0.707107 0.707107 0
    outer loop
      vertex 7.90835 7.00196 2.6
      vertex 7.8857 7.02461 2
      vertex 7.8857 7.02461 2.6
    endloop
  endfacet
  facet normal 0.707107 0.707107 0
    outer loop
      vertex 7.8857 7.02461 2
      vertex 7.90835 7.00196 2.6
      vertex 7.90835 7.00196 2
    endloop
  endfacet
  facet normal 0.0322266 0.999481 -0
    outer loop
      vertex 7.8857 7.02461 2
      vertex 7.18323 7.04726 2.6
      vertex 7.8857 7.02461 2.6
    endloop
  endfacet
  facet normal 0.0322266 0.999481 0
    outer loop
      vertex 7.18323 7.04726 2.6
      vertex 7.8857 7.02461 2
      vertex 7.18323 7.04726 2
    endloop
  endfacet
  facet normal 0.707575 0.706639 0
    outer loop
      vertex 7.18323 7.04726 2.6
      vertex 7.16058 7.06994 2
      vertex 7.16058 7.06994 2.6
    endloop
  endfacet
  facet normal 0.707575 0.706639 0
    outer loop
      vertex 7.16058 7.06994 2
      vertex 7.18323 7.04726 2.6
      vertex 7.18323 7.04726 2
    endloop
  endfacet
  facet normal 0 1 -0
    outer loop
      vertex 7.16058 7.06994 2
      vertex 6.84334 7.06994 2.6
      vertex 7.16058 7.06994 2.6
    endloop
  endfacet
  facet normal 0 1 0
    outer loop
      vertex 6.84334 7.06994 2.6
      vertex 7.16058 7.06994 2
      vertex 6.84334 7.06994 2
    endloop
  endfacet
  facet normal 0.707263 0.706951 -0
    outer loop
      vertex 6.84334 7.06994 2
      vertex 6.82069 7.0926 2.6
      vertex 6.84334 7.06994 2.6
    endloop
  endfacet
  facet normal 0.707263 0.706951 0
    outer loop
      vertex 6.82069 7.0926 2.6
      vertex 6.84334 7.06994 2
      vertex 6.82069 7.0926 2
    endloop
  endfacet
  facet normal 0 1 -0
    outer loop
      vertex 6.82069 7.0926 2
      vertex 6.5714 7.0926 2.6
      vertex 6.82069 7.0926 2.6
    endloop
  endfacet
  facet normal 0 1 0
    outer loop
      vertex 6.5714 7.0926 2.6
      vertex 6.82069 7.0926 2
      vertex 6.5714 7.0926 2
    endloop
  endfacet
  facet normal 0.707107 0.707107 0
    outer loop
      vertex 6.5714 7.0926 2.6
      vertex 6.54875 7.11525 2
      vertex 6.54875 7.11525 2.6
    endloop
  endfacet
  facet normal 0.707107 0.707107 0
    outer loop
      vertex 6.54875 7.11525 2
      vertex 6.5714 7.0926 2.6
      vertex 6.5714 7.0926 2
    endloop
  endfacet
  facet normal 0 1 -0
    outer loop
      vertex 6.54875 7.11525 2
      vertex 6.27684 7.11525 2.6
      vertex 6.54875 7.11525 2.6
    endloop
  endfacet
  facet normal 0 1 0
    outer loop
      vertex 6.27684 7.11525 2.6
      vertex 6.54875 7.11525 2
      vertex 6.27684 7.11525 2
    endloop
  endfacet
  facet normal 0.707107 0.707107 0
    outer loop
      vertex 6.27684 7.11525 2.6
      vertex 6.25416 7.13793 2
      vertex 6.25416 7.13793 2.6
    endloop
  endfacet
  facet normal 0.707107 0.707107 0
    outer loop
      vertex 6.25416 7.13793 2
      vertex 6.27684 7.11525 2.6
      vertex 6.27684 7.11525 2
    endloop
  endfacet
  facet normal 0.0570247 0.998373 -0
    outer loop
      vertex 6.25416 7.13793 2
      vertex 5.46106 7.18323 2.6
      vertex 6.25416 7.13793 2.6
    endloop
  endfacet
  facet normal 0.0570247 0.998373 0
    outer loop
      vertex 5.46106 7.18323 2.6
      vertex 6.25416 7.13793 2
      vertex 5.46106 7.18323 2
    endloop
  endfacet
  facet normal 0.707107 0.707107 -0
    outer loop
      vertex 5.46106 7.18323 2
      vertex 5.43841 7.20588 2.6
      vertex 5.46106 7.18323 2.6
    endloop
  endfacet
  facet normal 0.707107 0.707107 0
    outer loop
      vertex 5.43841 7.20588 2.6
      vertex 5.46106 7.18323 2
      vertex 5.43841 7.20588 2
    endloop
  endfacet
  facet normal 0 1 -0
    outer loop
      vertex 5.43841 7.20588 2
      vertex 5.21181 7.20588 2.6
      vertex 5.43841 7.20588 2.6
    endloop
  endfacet
  facet normal 0 1 0
    outer loop
      vertex 5.21181 7.20588 2.6
      vertex 5.43841 7.20588 2
      vertex 5.21181 7.20588 2
    endloop
  endfacet
  facet normal 0.707575 0.706639 0
    outer loop
      vertex 5.21181 7.20588 2.6
      vertex 5.18916 7.22856 2
      vertex 5.18916 7.22856 2.6
    endloop
  endfacet
  facet normal 0.707575 0.706639 0
    outer loop
      vertex 5.18916 7.22856 2
      vertex 5.21181 7.20588 2.6
      vertex 5.21181 7.20588 2
    endloop
  endfacet
  facet normal 0.0604801 0.998169 -0
    outer loop
      vertex 5.18916 7.22856 2
      vertex 4.44136 7.27387 2.6
      vertex 5.18916 7.22856 2.6
    endloop
  endfacet
  facet normal 0.0604801 0.998169 0
    outer loop
      vertex 4.44136 7.27387 2.6
      vertex 5.18916 7.22856 2
      vertex 4.44136 7.27387 2
    endloop
  endfacet
  facet normal 0.707575 0.706639 0
    outer loop
      vertex 4.44136 7.27387 2.6
      vertex 4.41871 7.29655 2
      vertex 4.41871 7.29655 2.6
    endloop
  endfacet
  facet normal 0.707575 0.706639 0
    outer loop
      vertex 4.41871 7.29655 2
      vertex 4.44136 7.27387 2.6
      vertex 4.44136 7.27387 2
    endloop
  endfacet
  facet normal 0 1 -0
    outer loop
      vertex 4.41871 7.29655 2
      vertex 4.1921 7.29655 2.6
      vertex 4.41871 7.29655 2.6
    endloop
  endfacet
  facet normal 0 1 0
    outer loop
      vertex 4.1921 7.29655 2.6
      vertex 4.41871 7.29655 2
      vertex 4.1921 7.29655 2
    endloop
  endfacet
  facet normal 0.707107 0.707107 0
    outer loop
      vertex 4.1921 7.29655 2.6
      vertex 4.16945 7.3192 2
      vertex 4.16945 7.3192 2.6
    endloop
  endfacet
  facet normal 0.707107 0.707107 0
    outer loop
      vertex 4.16945 7.3192 2
      vertex 4.1921 7.29655 2.6
      vertex 4.1921 7.29655 2
    endloop
  endfacet
  facet normal 0 1 -0
    outer loop
      vertex 4.16945 7.3192 2
      vertex 3.94285 7.3192 2.6
      vertex 4.16945 7.3192 2.6
    endloop
  endfacet
  facet normal 0 1 0
    outer loop
      vertex 3.94285 7.3192 2.6
      vertex 4.16945 7.3192 2
      vertex 3.94285 7.3192 2
    endloop
  endfacet
  facet normal 0.707107 0.707107 0
    outer loop
      vertex 3.94285 7.3192 2.6
      vertex 3.9202 7.34185 2
      vertex 3.9202 7.34185 2.6
    endloop
  endfacet
  facet normal 0.707107 0.707107 0
    outer loop
      vertex 3.9202 7.34185 2
      vertex 3.94285 7.3192 2.6
      vertex 3.94285 7.3192 2
    endloop
  endfacet
  facet normal 0 1 -0
    outer loop
      vertex 3.9202 7.34185 2
      vertex 3.69359 7.34185 2.6
      vertex 3.9202 7.34185 2.6
    endloop
  endfacet
  facet normal 0 1 0
    outer loop
      vertex 3.69359 7.34185 2.6
      vertex 3.9202 7.34185 2
      vertex 3.69359 7.34185 2
    endloop
  endfacet
  facet normal 0.707107 0.707107 0
    outer loop
      vertex 3.69359 7.34185 2.6
      vertex 3.67094 7.3645 2
      vertex 3.67094 7.3645 2.6
    endloop
  endfacet
  facet normal 0.707107 0.707107 0
    outer loop
      vertex 3.67094 7.3645 2
      vertex 3.69359 7.34185 2.6
      vertex 3.69359 7.34185 2
    endloop
  endfacet
  facet normal 0 1 -0
    outer loop
      vertex 3.67094 7.3645 2
      vertex 3.46699 7.3645 2.6
      vertex 3.67094 7.3645 2.6
    endloop
  endfacet
  facet normal 0 1 0
    outer loop
      vertex 3.46699 7.3645 2.6
      vertex 3.67094 7.3645 2
      vertex 3.46699 7.3645 2
    endloop
  endfacet
  facet normal 0.707419 0.706795 0
    outer loop
      vertex 3.46699 7.3645 2.6
      vertex 3.44433 7.38718 2
      vertex 3.44433 7.38718 2.6
    endloop
  endfacet
  facet normal 0.707419 0.706795 0
    outer loop
      vertex 3.44433 7.38718 2
      vertex 3.46699 7.3645 2.6
      vertex 3.46699 7.3645 2
    endloop
  endfacet
  facet normal 0 1 -0
    outer loop
      vertex 3.44433 7.38718 2
      vertex 3.19508 7.38718 2.6
      vertex 3.44433 7.38718 2.6
    endloop
  endfacet
  facet normal 0 1 0
    outer loop
      vertex 3.19508 7.38718 2.6
      vertex 3.44433 7.38718 2
      vertex 3.19508 7.38718 2
    endloop
  endfacet
  facet normal 0.706795 0.707419 -0
    outer loop
      vertex 3.19508 7.38718 2
      vertex 3.1724 7.40984 2.6
      vertex 3.19508 7.38718 2.6
    endloop
  endfacet
  facet normal 0.706795 0.707419 0
    outer loop
      vertex 3.1724 7.40984 2.6
      vertex 3.19508 7.38718 2
      vertex 3.1724 7.40984 2
    endloop
  endfacet
  facet normal 0 1 -0
    outer loop
      vertex 3.1724 7.40984 2
      vertex 2.96848 7.40984 2.6
      vertex 3.1724 7.40984 2.6
    endloop
  endfacet
  facet normal 0 1 0
    outer loop
      vertex 2.96848 7.40984 2.6
      vertex 3.1724 7.40984 2
      vertex 2.96848 7.40984 2
    endloop
  endfacet
  facet normal 0.706639 0.707575 -0
    outer loop
      vertex 2.96848 7.40984 2
      vertex 2.9458 7.43249 2.6
      vertex 2.96848 7.40984 2.6
    endloop
  endfacet
  facet normal 0.706639 0.707575 0
    outer loop
      vertex 2.9458 7.43249 2.6
      vertex 2.96848 7.40984 2
      vertex 2.9458 7.43249 2
    endloop
  endfacet
  facet normal 0 1 -0
    outer loop
      vertex 2.9458 7.43249 2
      vertex 2.74187 7.43249 2.6
      vertex 2.9458 7.43249 2.6
    endloop
  endfacet
  facet normal 0 1 0
    outer loop
      vertex 2.74187 7.43249 2.6
      vertex 2.9458 7.43249 2
      vertex 2.74187 7.43249 2
    endloop
  endfacet
  facet normal 0.707107 0.707107 0
    outer loop
      vertex 2.74187 7.43249 2.6
      vertex 2.71919 7.45517 2
      vertex 2.71919 7.45517 2.6
    endloop
  endfacet
  facet normal 0.707107 0.707107 0
    outer loop
      vertex 2.71919 7.45517 2
      vertex 2.74187 7.43249 2.6
      vertex 2.74187 7.43249 2
    endloop
  endfacet
  facet normal 0.0766629 0.997057 -0
    outer loop
      vertex 2.71919 7.45517 2
      vertex 1.83545 7.52312 2.6
      vertex 2.71919 7.45517 2.6
    endloop
  endfacet
  facet normal 0.0766629 0.997057 0
    outer loop
      vertex 1.83545 7.52312 2.6
      vertex 2.71919 7.45517 2
      vertex 1.83545 7.52312 2
    endloop
  endfacet
  facet normal 0.707575 0.706639 0
    outer loop
      vertex 1.83545 7.52312 2.6
      vertex 1.8128 7.5458 2
      vertex 1.8128 7.5458 2.6
    endloop
  endfacet
  facet normal 0.707575 0.706639 0
    outer loop
      vertex 1.8128 7.5458 2
      vertex 1.83545 7.52312 2.6
      vertex 1.83545 7.52312 2
    endloop
  endfacet
  facet normal 0 1 -0
    outer loop
      vertex 1.8128 7.5458 2
      vertex 1.63153 7.5458 2.6
      vertex 1.8128 7.5458 2.6
    endloop
  endfacet
  facet normal 0 1 0
    outer loop
      vertex 1.63153 7.5458 2.6
      vertex 1.8128 7.5458 2
      vertex 1.63153 7.5458 2
    endloop
  endfacet
  facet normal 0.706639 0.707575 -0
    outer loop
      vertex 1.63153 7.5458 2
      vertex 1.60885 7.56845 2.6
      vertex 1.63153 7.5458 2.6
    endloop
  endfacet
  facet normal 0.706639 0.707575 0
    outer loop
      vertex 1.60885 7.56845 2.6
      vertex 1.63153 7.5458 2
      vertex 1.60885 7.56845 2
    endloop
  endfacet
  facet normal 0 1 -0
    outer loop
      vertex 1.60885 7.56845 2
      vertex 1.42758 7.56845 2.6
      vertex 1.60885 7.56845 2.6
    endloop
  endfacet
  facet normal 0 1 0
    outer loop
      vertex 1.42758 7.56845 2.6
      vertex 1.60885 7.56845 2
      vertex 1.42758 7.56845 2
    endloop
  endfacet
  facet normal 0.707263 0.706951 0
    outer loop
      vertex 1.42758 7.56845 2.6
      vertex 1.40493 7.59111 2
      vertex 1.40493 7.59111 2.6
    endloop
  endfacet
  facet normal 0.707263 0.706951 0
    outer loop
      vertex 1.40493 7.59111 2
      vertex 1.42758 7.56845 2.6
      vertex 1.42758 7.56845 2
    endloop
  endfacet
  facet normal 0 1 -0
    outer loop
      vertex 1.40493 7.59111 2
      vertex 1.24631 7.59111 2.6
      vertex 1.40493 7.59111 2.6
    endloop
  endfacet
  facet normal 0 1 0
    outer loop
      vertex 1.24631 7.59111 2.6
      vertex 1.40493 7.59111 2
      vertex 1.24631 7.59111 2
    endloop
  endfacet
  facet normal 0.707575 0.706639 0
    outer loop
      vertex 1.24631 7.59111 2.6
      vertex 1.22366 7.61379 2
      vertex 1.22366 7.61379 2.6
    endloop
  endfacet
  facet normal 0.707575 0.706639 0
    outer loop
      vertex 1.22366 7.61379 2
      vertex 1.24631 7.59111 2.6
      vertex 1.24631 7.59111 2
    endloop
  endfacet
  facet normal 0.0994563 0.995042 -0
    outer loop
      vertex 1.22366 7.61379 2
      vertex 0.997051 7.63644 2.6
      vertex 1.22366 7.61379 2.6
    endloop
  endfacet
  facet normal 0.0994563 0.995042 0
    outer loop
      vertex 0.997051 7.63644 2.6
      vertex 1.22366 7.61379 2
      vertex 0.997051 7.63644 2
    endloop
  endfacet
  facet normal 0.707013 0.7072 -0
    outer loop
      vertex 0.997051 7.63644 2
      vertex 0.906387 7.72708 2.6
      vertex 0.997051 7.63644 2.6
    endloop
  endfacet
  facet normal 0.707013 0.7072 0
    outer loop
      vertex 0.906387 7.72708 2.6
      vertex 0.997051 7.63644 2
      vertex 0.906387 7.72708 2
    endloop
  endfacet
  facet normal 0.894471 0.447127 0
    outer loop
      vertex 0.906387 7.72708 2.6
      vertex 0.861083 7.81771 2
      vertex 0.861083 7.81771 2.6
    endloop
  endfacet
  facet normal 0.894471 0.447127 0
    outer loop
      vertex 0.861083 7.81771 2
      vertex 0.906387 7.72708 2.6
      vertex 0.906387 7.72708 2
    endloop
  endfacet
  facet normal 1 -0 0
    outer loop
      vertex 0.861083 7.81771 2.6
      vertex 0.861083 8.92805 2
      vertex 0.861083 8.92805 2.6
    endloop
  endfacet
  facet normal 1 0 0
    outer loop
      vertex 0.861083 8.92805 2
      vertex 0.861083 7.81771 2.6
      vertex 0.861083 7.81771 2
    endloop
  endfacet
  facet normal 0.707543 0.70667 0
    outer loop
      vertex 0.861083 8.92805 2.6
      vertex 0.838431 8.95073 2
      vertex 0.838431 8.95073 2.6
    endloop
  endfacet
  facet normal 0.707543 0.70667 0
    outer loop
      vertex 0.838431 8.95073 2
      vertex 0.861083 8.92805 2.6
      vertex 0.861083 8.92805 2
    endloop
  endfacet
  facet normal 1 -0 0
    outer loop
      vertex 0.838431 8.95073 2.6
      vertex 0.838431 9.22264 2
      vertex 0.838431 9.22264 2.6
    endloop
  endfacet
  facet normal 1 0 0
    outer loop
      vertex 0.838431 9.22264 2
      vertex 0.838431 8.95073 2.6
      vertex 0.838431 8.95073 2
    endloop
  endfacet
  facet normal 0.706639 0.707575 -0
    outer loop
      vertex 0.838431 9.22264 2
      vertex 0.815751 9.24529 2.6
      vertex 0.838431 9.22264 2.6
    endloop
  endfacet
  facet normal 0.706639 0.707575 0
    outer loop
      vertex 0.815751 9.24529 2.6
      vertex 0.838431 9.22264 2
      vertex 0.815751 9.24529 2
    endloop
  endfacet
  facet normal 0.995029 -0.0995863 0
    outer loop
      vertex 0.815751 9.24529 2.6
      vertex 0.838431 9.4719 2
      vertex 0.838431 9.4719 2.6
    endloop
  endfacet
  facet normal 0.995029 -0.0995863 0
    outer loop
      vertex 0.838431 9.4719 2
      vertex 0.815751 9.24529 2.6
      vertex 0.815751 9.24529 2
    endloop
  endfacet
  facet normal 0.923096 -0.384569 0
    outer loop
      vertex 0.838431 9.4719 2.6
      vertex 0.951719 9.74383 2
      vertex 0.951719 9.74383 2.6
    endloop
  endfacet
  facet normal 0.923096 -0.384569 0
    outer loop
      vertex 0.951719 9.74383 2
      vertex 0.838431 9.4719 2.6
      vertex 0.838431 9.4719 2
    endloop
  endfacet
  facet normal 1 -0 0
    outer loop
      vertex 0.951719 9.74383 2.6
      vertex 0.951719 9.97041 2
      vertex 0.951719 9.97041 2.6
    endloop
  endfacet
  facet normal 1 0 0
    outer loop
      vertex 0.951719 9.97041 2
      vertex 0.951719 9.74383 2.6
      vertex 0.951719 9.74383 2
    endloop
  endfacet
  facet normal 0.928431 0.371504 0
    outer loop
      vertex 0.951719 9.97041 2.6
      vertex 0.906387 10.0837 2
      vertex 0.906387 10.0837 2.6
    endloop
  endfacet
  facet normal 0.928431 0.371504 0
    outer loop
      vertex 0.906387 10.0837 2
      vertex 0.951719 9.97041 2.6
      vertex 0.951719 9.97041 2
    endloop
  endfacet
  facet normal 0.752613 0.658463 0
    outer loop
      vertex 0.906387 10.0837 2.6
      vertex 0.747767 10.265 2
      vertex 0.747767 10.265 2.6
    endloop
  endfacet
  facet normal 0.752613 0.658463 0
    outer loop
      vertex 0.747767 10.265 2
      vertex 0.906387 10.0837 2.6
      vertex 0.906387 10.0837 2
    endloop
  endfacet
  facet normal 0.495976 0.868336 -0
    outer loop
      vertex 0.747767 10.265 2
      vertex 0.589148 10.3556 2.6
      vertex 0.747767 10.265 2.6
    endloop
  endfacet
  facet normal 0.495976 0.868336 0
    outer loop
      vertex 0.589148 10.3556 2.6
      vertex 0.747767 10.265 2
      vertex 0.589148 10.3556 2
    endloop
  endfacet
  facet normal 0.275169 0.961396 -0
    outer loop
      vertex 0.589148 10.3556 2
      vertex 0.430528 10.401 2.6
      vertex 0.589148 10.3556 2.6
    endloop
  endfacet
  facet normal 0.275169 0.961396 0
    outer loop
      vertex 0.430528 10.401 2.6
      vertex 0.589148 10.3556 2
      vertex 0.430528 10.401 2
    endloop
  endfacet
  facet normal -0.0831944 0.996533 0
    outer loop
      vertex 0.430528 10.401 2
      vertex 0.158619 10.3783 2.6
      vertex 0.430528 10.401 2.6
    endloop
  endfacet
  facet normal -0.0831944 0.996533 0
    outer loop
      vertex 0.158619 10.3783 2.6
      vertex 0.430528 10.401 2
      vertex 0.158619 10.3783 2
    endloop
  endfacet
  facet normal -0.371493 0.928436 0
    outer loop
      vertex 0.158619 10.3783 2
      vertex -0.181272 10.2423 2.6
      vertex 0.158619 10.3783 2.6
    endloop
  endfacet
  facet normal -0.371493 0.928436 0
    outer loop
      vertex -0.181272 10.2423 2.6
      vertex 0.158619 10.3783 2
      vertex -0.181272 10.2423 2
    endloop
  endfacet
  facet normal -0.658416 0.752654 0
    outer loop
      vertex -0.181272 10.2423 2
      vertex -0.362572 10.0837 2.6
      vertex -0.181272 10.2423 2.6
    endloop
  endfacet
  facet normal -0.658416 0.752654 0
    outer loop
      vertex -0.362572 10.0837 2.6
      vertex -0.181272 10.2423 2
      vertex -0.362572 10.0837 2
    endloop
  endfacet
  facet normal -0.894477 0.447114 0
    outer loop
      vertex -0.430528 9.94775 2
      vertex -0.362572 10.0837 2.6
      vertex -0.362572 10.0837 2
    endloop
  endfacet
  facet normal -0.894477 0.447114 0
    outer loop
      vertex -0.362572 10.0837 2.6
      vertex -0.430528 9.94775 2
      vertex -0.430528 9.94775 2.6
    endloop
  endfacet
  facet normal -1 0 0
    outer loop
      vertex -0.430528 9.74383 2
      vertex -0.430528 9.94775 2.6
      vertex -0.430528 9.94775 2
    endloop
  endfacet
  facet normal -1 -0 0
    outer loop
      vertex -0.430528 9.94775 2.6
      vertex -0.430528 9.74383 2
      vertex -0.430528 9.74383 2.6
    endloop
  endfacet
  facet normal -0.919195 -0.393802 0
    outer loop
      vertex -0.362572 9.58521 2
      vertex -0.430528 9.74383 2.6
      vertex -0.430528 9.74383 2
    endloop
  endfacet
  facet normal -0.919195 -0.393802 0
    outer loop
      vertex -0.430528 9.74383 2.6
      vertex -0.362572 9.58521 2
      vertex -0.362572 9.58521 2.6
    endloop
  endfacet
  facet normal -0.759238 -0.650813 0
    outer loop
      vertex -0.226604 9.42659 2
      vertex -0.362572 9.58521 2.6
      vertex -0.362572 9.58521 2
    endloop
  endfacet
  facet normal -0.759238 -0.650813 0
    outer loop
      vertex -0.362572 9.58521 2.6
      vertex -0.226604 9.42659 2
      vertex -0.226604 9.42659 2.6
    endloop
  endfacet
  facet normal -0.961505 -0.274788 0
    outer loop
      vertex -0.181272 9.26797 2
      vertex -0.226604 9.42659 2.6
      vertex -0.226604 9.42659 2
    endloop
  endfacet
  facet normal -0.961505 -0.274788 0
    outer loop
      vertex -0.226604 9.42659 2.6
      vertex -0.181272 9.26797 2
      vertex -0.181272 9.26797 2.6
    endloop
  endfacet
  facet normal -0.999846 0.0175564 0
    outer loop
      vertex -0.203952 7.97633 2
      vertex -0.181272 9.26797 2.6
      vertex -0.181272 9.26797 2
    endloop
  endfacet
  facet normal -0.999846 0.0175564 0
    outer loop
      vertex -0.181272 9.26797 2.6
      vertex -0.203952 7.97633 2
      vertex -0.203952 7.97633 2.6
    endloop
  endfacet
  facet normal -0.948717 0.316127 0
    outer loop
      vertex -0.226604 7.90835 2
      vertex -0.203952 7.97633 2.6
      vertex -0.203952 7.97633 2
    endloop
  endfacet
  facet normal -0.948717 0.316127 0
    outer loop
      vertex -0.203952 7.97633 2.6
      vertex -0.226604 7.90835 2
      vertex -0.226604 7.90835 2.6
    endloop
  endfacet
  facet normal -0.707122 0.707091 0
    outer loop
      vertex -0.226604 7.90835 2
      vertex -0.31724 7.81771 2.6
      vertex -0.226604 7.90835 2.6
    endloop
  endfacet
  facet normal -0.707122 0.707091 0
    outer loop
      vertex -0.31724 7.81771 2.6
      vertex -0.226604 7.90835 2
      vertex -0.31724 7.81771 2
    endloop
  endfacet
  facet normal 0 1 -0
    outer loop
      vertex -0.31724 7.81771 2
      vertex -0.611828 7.81771 2.6
      vertex -0.31724 7.81771 2.6
    endloop
  endfacet
  facet normal 0 1 0
    outer loop
      vertex -0.611828 7.81771 2.6
      vertex -0.31724 7.81771 2
      vertex -0.611828 7.81771 2
    endloop
  endfacet
  facet normal 0.707076 0.707138 0
    outer loop
      vertex -0.611828 7.81771 2.6
      vertex -0.63448 7.84036 2
      vertex -0.63448 7.84036 2.6
    endloop
  endfacet
  facet normal 0.707076 0.707138 0
    outer loop
      vertex -0.63448 7.84036 2
      vertex -0.611828 7.81771 2.6
      vertex -0.611828 7.81771 2
    endloop
  endfacet
  facet normal 0 1 -0
    outer loop
      vertex -0.63448 7.84036 2
      vertex -0.861084 7.84036 2.6
      vertex -0.63448 7.84036 2.6
    endloop
  endfacet
  facet normal 0 1 0
    outer loop
      vertex -0.861084 7.84036 2.6
      vertex -0.63448 7.84036 2
      vertex -0.861084 7.84036 2
    endloop
  endfacet
  facet normal 0.707543 0.70667 0
    outer loop
      vertex -0.861084 7.84036 2.6
      vertex -0.883736 7.86304 2
      vertex -0.883736 7.86304 2.6
    endloop
  endfacet
  facet normal 0.707543 0.70667 0
    outer loop
      vertex -0.883736 7.86304 2
      vertex -0.861084 7.84036 2.6
      vertex -0.861084 7.84036 2
    endloop
  endfacet
  facet normal 0 1 -0
    outer loop
      vertex -0.883736 7.86304 2
      vertex -1.13299 7.86304 2.6
      vertex -0.883736 7.86304 2.6
    endloop
  endfacet
  facet normal 0 1 0
    outer loop
      vertex -1.13299 7.86304 2.6
      vertex -0.883736 7.86304 2
      vertex -1.13299 7.86304 2
    endloop
  endfacet
  facet normal 0.706795 0.707419 -0
    outer loop
      vertex -1.13299 7.86304 2
      vertex -1.15567 7.8857 2.6
      vertex -1.13299 7.86304 2.6
    endloop
  endfacet
  facet normal 0.706795 0.707419 0
    outer loop
      vertex -1.15567 7.8857 2.6
      vertex -1.13299 7.86304 2
      vertex -1.15567 7.8857 2
    endloop
  endfacet
  facet normal 0 1 -0
    outer loop
      vertex -1.15567 7.8857 2
      vertex -1.3596 7.8857 2.6
      vertex -1.15567 7.8857 2.6
    endloop
  endfacet
  facet normal 0 1 0
    outer loop
      vertex -1.3596 7.8857 2.6
      vertex -1.15567 7.8857 2
      vertex -1.3596 7.8857 2
    endloop
  endfacet
  facet normal 0.706639 0.707575 -0
    outer loop
      vertex -1.3596 7.8857 2
      vertex -1.38228 7.90835 2.6
      vertex -1.3596 7.8857 2.6
    endloop
  endfacet
  facet normal 0.706639 0.707575 0
    outer loop
      vertex -1.38228 7.90835 2.6
      vertex -1.3596 7.8857 2
      vertex -1.38228 7.90835 2
    endloop
  endfacet
  facet normal 0 1 -0
    outer loop
      vertex -1.38228 7.90835 2
      vertex -1.5862 7.90835 2.6
      vertex -1.38228 7.90835 2.6
    endloop
  endfacet
  facet normal 0 1 0
    outer loop
      vertex -1.5862 7.90835 2.6
      vertex -1.38228 7.90835 2
      vertex -1.5862 7.90835 2
    endloop
  endfacet
  facet normal 0.707575 0.706639 0
    outer loop
      vertex -1.5862 7.90835 2.6
      vertex -1.60885 7.93103 2
      vertex -1.60885 7.93103 2.6
    endloop
  endfacet
  facet normal 0.707575 0.706639 0
    outer loop
      vertex -1.60885 7.93103 2
      vertex -1.5862 7.90835 2.6
      vertex -1.5862 7.90835 2
    endloop
  endfacet
  facet normal 0 1 -0
    outer loop
      vertex -1.60885 7.93103 2
      vertex -1.8128 7.93103 2.6
      vertex -1.60885 7.93103 2.6
    endloop
  endfacet
  facet normal 0 1 0
    outer loop
      vertex -1.8128 7.93103 2.6
      vertex -1.60885 7.93103 2
      vertex -1.8128 7.93103 2
    endloop
  endfacet
  facet normal 0.706951 0.707263 0
    outer loop
      vertex -1.8128 7.93103 2.6
      vertex -1.83546 7.95368 2
      vertex -1.83546 7.95368 2.6
    endloop
  endfacet
  facet normal 0.706951 0.707263 0
    outer loop
      vertex -1.83546 7.95368 2
      vertex -1.8128 7.93103 2.6
      vertex -1.8128 7.93103 2
    endloop
  endfacet
  facet normal 0 1 -0
    outer loop
      vertex -1.83546 7.95368 2
      vertex -2.01676 7.95368 2.6
      vertex -1.83546 7.95368 2.6
    endloop
  endfacet
  facet normal 0 1 0
    outer loop
      vertex -2.01676 7.95368 2.6
      vertex -1.83546 7.95368 2
      vertex -2.01676 7.95368 2
    endloop
  endfacet
  facet normal 0.707107 0.707107 0
    outer loop
      vertex -2.01676 7.95368 2.6
      vertex -2.03941 7.97633 2
      vertex -2.03941 7.97633 2.6
    endloop
  endfacet
  facet normal 0.707107 0.707107 0
    outer loop
      vertex -2.03941 7.97633 2
      vertex -2.01676 7.95368 2.6
      vertex -2.01676 7.95368 2
    endloop
  endfacet
  facet normal 0 1 -0
    outer loop
      vertex -2.03941 7.97633 2
      vertex -2.24333 7.97633 2.6
      vertex -2.03941 7.97633 2.6
    endloop
  endfacet
  facet normal 0 1 0
    outer loop
      vertex -2.24333 7.97633 2.6
      vertex -2.03941 7.97633 2
      vertex -2.24333 7.97633 2
    endloop
  endfacet
  facet normal 0.706639 0.707575 -0
    outer loop
      vertex -2.24333 7.97633 2
      vertex -2.26601 7.99898 2.6
      vertex -2.24333 7.97633 2.6
    endloop
  endfacet
  facet normal 0.706639 0.707575 0
    outer loop
      vertex -2.26601 7.99898 2.6
      vertex -2.24333 7.97633 2
      vertex -2.26601 7.99898 2
    endloop
  endfacet
  facet normal 0 1 -0
    outer loop
      vertex -2.26601 7.99898 2
      vertex -2.46994 7.99898 2.6
      vertex -2.26601 7.99898 2.6
    endloop
  endfacet
  facet normal 0 1 0
    outer loop
      vertex -2.46994 7.99898 2.6
      vertex -2.26601 7.99898 2
      vertex -2.46994 7.99898 2
    endloop
  endfacet
  facet normal 0.707107 0.707107 0
    outer loop
      vertex -2.46994 7.99898 2.6
      vertex -2.49262 8.02166 2
      vertex -2.49262 8.02166 2.6
    endloop
  endfacet
  facet normal 0.707107 0.707107 0
    outer loop
      vertex -2.49262 8.02166 2
      vertex -2.46994 7.99898 2.6
      vertex -2.46994 7.99898 2
    endloop
  endfacet
  facet normal 0 1 -0
    outer loop
      vertex -2.49262 8.02166 2
      vertex -2.67389 8.02166 2.6
      vertex -2.49262 8.02166 2.6
    endloop
  endfacet
  facet normal 0 1 0
    outer loop
      vertex -2.67389 8.02166 2.6
      vertex -2.49262 8.02166 2
      vertex -2.67389 8.02166 2
    endloop
  endfacet
  facet normal 0.707263 0.706951 -0
    outer loop
      vertex -2.67389 8.02166 2
      vertex -2.69654 8.04432 2.6
      vertex -2.67389 8.02166 2.6
    endloop
  endfacet
  facet normal 0.707263 0.706951 0
    outer loop
      vertex -2.69654 8.04432 2.6
      vertex -2.67389 8.02166 2
      vertex -2.69654 8.04432 2
    endloop
  endfacet
  facet normal 0 1 -0
    outer loop
      vertex -2.69654 8.04432 2
      vertex -2.87784 8.04432 2.6
      vertex -2.69654 8.04432 2.6
    endloop
  endfacet
  facet normal 0 1 0
    outer loop
      vertex -2.87784 8.04432 2.6
      vertex -2.69654 8.04432 2
      vertex -2.87784 8.04432 2
    endloop
  endfacet
  facet normal 0.707107 0.707107 0
    outer loop
      vertex -2.87784 8.04432 2.6
      vertex -2.90049 8.06697 2
      vertex -2.90049 8.06697 2.6
    endloop
  endfacet
  facet normal 0.707107 0.707107 0
    outer loop
      vertex -2.90049 8.06697 2
      vertex -2.87784 8.04432 2.6
      vertex -2.87784 8.04432 2
    endloop
  endfacet
  facet normal 0 1 -0
    outer loop
      vertex -2.90049 8.06697 2
      vertex -3.10442 8.06697 2.6
      vertex -2.90049 8.06697 2.6
    endloop
  endfacet
  facet normal 0 1 0
    outer loop
      vertex -3.10442 8.06697 2.6
      vertex -2.90049 8.06697 2
      vertex -3.10442 8.06697 2
    endloop
  endfacet
  facet normal 0.707107 0.707107 0
    outer loop
      vertex -3.10442 8.06697 2.6
      vertex -3.1271 8.08965 2
      vertex -3.1271 8.08965 2.6
    endloop
  endfacet
  facet normal 0.707107 0.707107 0
    outer loop
      vertex -3.1271 8.08965 2
      vertex -3.10442 8.06697 2.6
      vertex -3.10442 8.06697 2
    endloop
  endfacet
  facet normal 0.0853637 0.99635 -0
    outer loop
      vertex -3.1271 8.08965 2
      vertex -3.9202 8.1576 2.6
      vertex -3.1271 8.08965 2.6
    endloop
  endfacet
  facet normal 0.0853637 0.99635 0
    outer loop
      vertex -3.9202 8.1576 2.6
      vertex -3.1271 8.08965 2
      vertex -3.9202 8.1576 2
    endloop
  endfacet
  facet normal 0.707575 0.706639 0
    outer loop
      vertex -3.9202 8.1576 2.6
      vertex -3.94285 8.18028 2
      vertex -3.94285 8.18028 2.6
    endloop
  endfacet
  facet normal 0.707575 0.706639 0
    outer loop
      vertex -3.94285 8.18028 2
      vertex -3.9202 8.1576 2.6
      vertex -3.9202 8.1576 2
    endloop
  endfacet
  facet normal 0 1 -0
    outer loop
      vertex -3.94285 8.18028 2
      vertex -4.10147 8.18028 2.6
      vertex -3.94285 8.18028 2.6
    endloop
  endfacet
  facet normal 0 1 0
    outer loop
      vertex -4.10147 8.18028 2.6
      vertex -3.94285 8.18028 2
      vertex -4.10147 8.18028 2
    endloop
  endfacet
  facet normal 0.707263 0.706951 -0
    outer loop
      vertex -4.10147 8.18028 2
      vertex -4.12412 8.20294 2.6
      vertex -4.10147 8.18028 2.6
    endloop
  endfacet
  facet normal 0.707263 0.706951 0
    outer loop
      vertex -4.12412 8.20294 2.6
      vertex -4.10147 8.18028 2
      vertex -4.12412 8.20294 2
    endloop
  endfacet
  facet normal 0 1 -0
    outer loop
      vertex -4.12412 8.20294 2
      vertex -4.30542 8.20294 2.6
      vertex -4.12412 8.20294 2.6
    endloop
  endfacet
  facet normal 0 1 0
    outer loop
      vertex -4.30542 8.20294 2.6
      vertex -4.12412 8.20294 2
      vertex -4.30542 8.20294 2
    endloop
  endfacet
  facet normal 0.707107 0.707107 0
    outer loop
      vertex -4.30542 8.20294 2.6
      vertex -4.32807 8.22559 2
      vertex -4.32807 8.22559 2.6
    endloop
  endfacet
  facet normal 0.707107 0.707107 0
    outer loop
      vertex -4.32807 8.22559 2
      vertex -4.30542 8.20294 2.6
      vertex -4.30542 8.20294 2
    endloop
  endfacet
  facet normal 0 1 -0
    outer loop
      vertex -4.32807 8.22559 2
      vertex -4.48669 8.22559 2.6
      vertex -4.32807 8.22559 2.6
    endloop
  endfacet
  facet normal 0 1 0
    outer loop
      vertex -4.48669 8.22559 2.6
      vertex -4.32807 8.22559 2
      vertex -4.48669 8.22559 2
    endloop
  endfacet
  facet normal 0.707575 0.706639 0
    outer loop
      vertex -4.48669 8.22559 2.6
      vertex -4.50934 8.24827 2
      vertex -4.50934 8.24827 2.6
    endloop
  endfacet
  facet normal 0.707575 0.706639 0
    outer loop
      vertex -4.50934 8.24827 2
      vertex -4.48669 8.22559 2.6
      vertex -4.48669 8.22559 2
    endloop
  endfacet
  facet normal 0.0830076 0.996549 -0
    outer loop
      vertex -4.50934 8.24827 2
      vertex -5.05319 8.29357 2.6
      vertex -4.50934 8.24827 2.6
    endloop
  endfacet
  facet normal 0.0830076 0.996549 0
    outer loop
      vertex -5.05319 8.29357 2.6
      vertex -4.50934 8.24827 2
      vertex -5.05319 8.29357 2
    endloop
  endfacet
  facet normal 0.707107 0.707107 -0
    outer loop
      vertex -5.05319 8.29357 2
      vertex -5.07584 8.31622 2.6
      vertex -5.05319 8.29357 2.6
    endloop
  endfacet
  facet normal 0.707107 0.707107 0
    outer loop
      vertex -5.07584 8.31622 2.6
      vertex -5.05319 8.29357 2
      vertex -5.07584 8.31622 2
    endloop
  endfacet
  facet normal 0.099545 0.995033 -0
    outer loop
      vertex -5.07584 8.31622 2
      vertex -5.52905 8.36156 2.6
      vertex -5.07584 8.31622 2.6
    endloop
  endfacet
  facet normal 0.099545 0.995033 0
    outer loop
      vertex -5.52905 8.36156 2.6
      vertex -5.07584 8.31622 2
      vertex -5.52905 8.36156 2
    endloop
  endfacet
  facet normal 0.707107 0.707107 0
    outer loop
      vertex -5.52905 8.36156 2.6
      vertex -5.5517 8.38421 2
      vertex -5.5517 8.38421 2.6
    endloop
  endfacet
  facet normal 0.707107 0.707107 0
    outer loop
      vertex -5.5517 8.38421 2
      vertex -5.52905 8.36156 2.6
      vertex -5.52905 8.36156 2
    endloop
  endfacet
  facet normal 0.11045 0.993882 -0
    outer loop
      vertex -5.5517 8.38421 2
      vertex -5.9596 8.42954 2.6
      vertex -5.5517 8.38421 2.6
    endloop
  endfacet
  facet normal 0.11045 0.993882 0
    outer loop
      vertex -5.9596 8.42954 2.6
      vertex -5.5517 8.38421 2
      vertex -5.9596 8.42954 2
    endloop
  endfacet
  facet normal 0.706951 0.707263 -0
    outer loop
      vertex -5.9596 8.42954 2
      vertex -5.98226 8.45219 2.6
      vertex -5.9596 8.42954 2.6
    endloop
  endfacet
  facet normal 0.706951 0.707263 0
    outer loop
      vertex -5.98226 8.45219 2.6
      vertex -5.9596 8.42954 2
      vertex -5.98226 8.45219 2
    endloop
  endfacet
  facet normal 0 1 -0
    outer loop
      vertex -5.98226 8.45219 2
      vertex -6.11822 8.45219 2.6
      vertex -5.98226 8.45219 2.6
    endloop
  endfacet
  facet normal 0 1 0
    outer loop
      vertex -6.11822 8.45219 2.6
      vertex -5.98226 8.45219 2
      vertex -6.11822 8.45219 2
    endloop
  endfacet
  facet normal -0.393919 0.919145 0
    outer loop
      vertex -6.11822 8.45219 2
      vertex -6.27684 8.38421 2.6
      vertex -6.11822 8.45219 2.6
    endloop
  endfacet
  facet normal -0.393919 0.919145 0
    outer loop
      vertex -6.27684 8.38421 2.6
      vertex -6.11822 8.45219 2
      vertex -6.27684 8.38421 2
    endloop
  endfacet
  facet normal -0.868243 0.496139 0
    outer loop
      vertex -6.36748 8.22559 2
      vertex -6.27684 8.38421 2.6
      vertex -6.27684 8.38421 2
    endloop
  endfacet
  facet normal -0.868243 0.496139 0
    outer loop
      vertex -6.27684 8.38421 2.6
      vertex -6.36748 8.22559 2
      vertex -6.36748 8.22559 2.6
    endloop
  endfacet
  facet normal -0.993872 -0.110533 0
    outer loop
      vertex -6.3448 8.02166 2
      vertex -6.36748 8.22559 2.6
      vertex -6.36748 8.22559 2
    endloop
  endfacet
  facet normal -0.993872 -0.110533 0
    outer loop
      vertex -6.36748 8.22559 2.6
      vertex -6.3448 8.02166 2
      vertex -6.3448 8.02166 2.6
    endloop
  endfacet
  facet normal -0.819238 -0.573454 0
    outer loop
      vertex -6.02756 7.56845 2
      vertex -6.3448 8.02166 2.6
      vertex -6.3448 8.02166 2
    endloop
  endfacet
  facet normal -0.819238 -0.573454 0
    outer loop
      vertex -6.3448 8.02166 2.6
      vertex -6.02756 7.56845 2
      vertex -6.02756 7.56845 2.6
    endloop
  endfacet
  facet normal -0.883807 -0.467852 0
    outer loop
      vertex -5.82364 7.18323 2
      vertex -6.02756 7.56845 2.6
      vertex -6.02756 7.56845 2
    endloop
  endfacet
  facet normal -0.883807 -0.467852 0
    outer loop
      vertex -6.02756 7.56845 2.6
      vertex -5.82364 7.18323 2
      vertex -5.82364 7.18323 2.6
    endloop
  endfacet
  facet normal -1 0 0
    outer loop
      vertex -5.82364 7.13793 2
      vertex -5.82364 7.18323 2.6
      vertex -5.82364 7.18323 2
    endloop
  endfacet
  facet normal -1 -0 0
    outer loop
      vertex -5.82364 7.18323 2.6
      vertex -5.82364 7.13793 2
      vertex -5.82364 7.13793 2.6
    endloop
  endfacet
  facet normal -0.904823 -0.425788 0
    outer loop
      vertex -5.64236 6.7527 2
      vertex -5.82364 7.13793 2.6
      vertex -5.82364 7.13793 2
    endloop
  endfacet
  facet normal -0.904823 -0.425788 0
    outer loop
      vertex -5.82364 7.13793 2.6
      vertex -5.64236 6.7527 2
      vertex -5.64236 6.7527 2.6
    endloop
  endfacet
  facet normal -0.948683 -0.316228 0
    outer loop
      vertex -5.48374 6.27684 2
      vertex -5.64236 6.7527 2.6
      vertex -5.64236 6.7527 2
    endloop
  endfacet
  facet normal -0.948683 -0.316228 0
    outer loop
      vertex -5.64236 6.7527 2.6
      vertex -5.48374 6.27684 2
      vertex -5.48374 6.27684 2.6
    endloop
  endfacet
  facet normal -0.980572 -0.196158 0
    outer loop
      vertex -5.43841 6.05024 2
      vertex -5.48374 6.27684 2.6
      vertex -5.48374 6.27684 2
    endloop
  endfacet
  facet normal -0.980572 -0.196158 0
    outer loop
      vertex -5.48374 6.27684 2.6
      vertex -5.43841 6.05024 2
      vertex -5.43841 6.05024 2.6
    endloop
  endfacet
  facet normal -0.894388 -0.447293 0
    outer loop
      vertex -5.39308 5.9596 2
      vertex -5.43841 6.05024 2.6
      vertex -5.43841 6.05024 2
    endloop
  endfacet
  facet normal -0.894388 -0.447293 0
    outer loop
      vertex -5.43841 6.05024 2.6
      vertex -5.39308 5.9596 2
      vertex -5.39308 5.9596 2.6
    endloop
  endfacet
  facet normal -0.984792 -0.173736 0
    outer loop
      vertex -5.32512 5.57438 2
      vertex -5.39308 5.9596 2.6
      vertex -5.39308 5.9596 2
    endloop
  endfacet
  facet normal -0.984792 -0.173736 0
    outer loop
      vertex -5.39308 5.9596 2.6
      vertex -5.32512 5.57438 2
      vertex -5.32512 5.57438 2.6
    endloop
  endfacet
  facet normal -0.928471 -0.371405 0
    outer loop
      vertex -5.27979 5.46106 2
      vertex -5.32512 5.57438 2.6
      vertex -5.32512 5.57438 2
    endloop
  endfacet
  facet normal -0.928471 -0.371405 0
    outer loop
      vertex -5.32512 5.57438 2.6
      vertex -5.27979 5.46106 2
      vertex -5.27979 5.46106 2.6
    endloop
  endfacet
  facet normal -1 0 0
    outer loop
      vertex -5.27979 5.34778 2
      vertex -5.27979 5.46106 2.6
      vertex -5.27979 5.46106 2
    endloop
  endfacet
  facet normal -1 -0 0
    outer loop
      vertex -5.27979 5.46106 2.6
      vertex -5.27979 5.34778 2
      vertex -5.27979 5.34778 2.6
    endloop
  endfacet
  facet normal -0.707263 -0.706951 0
    outer loop
      vertex -5.27979 5.34778 2
      vertex -5.25714 5.32512 2.6
      vertex -5.27979 5.34778 2.6
    endloop
  endfacet
  facet normal -0.707263 -0.706951 -0
    outer loop
      vertex -5.25714 5.32512 2.6
      vertex -5.27979 5.34778 2
      vertex -5.25714 5.32512 2
    endloop
  endfacet
  facet normal -0.995028 -0.0995907 0
    outer loop
      vertex -5.23446 5.09852 2
      vertex -5.25714 5.32512 2.6
      vertex -5.25714 5.32512 2
    endloop
  endfacet
  facet normal -0.995028 -0.0995907 0
    outer loop
      vertex -5.25714 5.32512 2.6
      vertex -5.23446 5.09852 2
      vertex -5.23446 5.09852 2.6
    endloop
  endfacet
  facet normal -0.707575 -0.706639 0
    outer loop
      vertex -5.21181 5.07584 2
      vertex -5.23446 5.09852 2.6
      vertex -5.23446 5.09852 2
    endloop
  endfacet
  facet normal -0.707575 -0.706639 0
    outer loop
      vertex -5.23446 5.09852 2.6
      vertex -5.21181 5.07584 2
      vertex -5.21181 5.07584 2.6
    endloop
  endfacet
  facet normal -1 0 0
    outer loop
      vertex -5.21181 4.9399 2
      vertex -5.21181 5.07584 2.6
      vertex -5.21181 5.07584 2
    endloop
  endfacet
  facet normal -1 -0 0
    outer loop
      vertex -5.21181 5.07584 2.6
      vertex -5.21181 4.9399 2
      vertex -5.21181 4.9399 2.6
    endloop
  endfacet
  facet normal -0.707575 -0.706639 0
    outer loop
      vertex -5.18916 4.91722 2
      vertex -5.21181 4.9399 2.6
      vertex -5.21181 4.9399 2
    endloop
  endfacet
  facet normal -0.707575 -0.706639 0
    outer loop
      vertex -5.21181 4.9399 2.6
      vertex -5.18916 4.91722 2
      vertex -5.18916 4.91722 2.6
    endloop
  endfacet
  facet normal -1 0 0
    outer loop
      vertex -5.18916 4.78128 2
      vertex -5.18916 4.91722 2.6
      vertex -5.18916 4.91722 2
    endloop
  endfacet
  facet normal -1 -0 0
    outer loop
      vertex -5.18916 4.91722 2.6
      vertex -5.18916 4.78128 2
      vertex -5.18916 4.78128 2.6
    endloop
  endfacet
  facet normal -0.707419 -0.706795 0
    outer loop
      vertex -5.1665 4.7586 2
      vertex -5.18916 4.78128 2.6
      vertex -5.18916 4.78128 2
    endloop
  endfacet
  facet normal -0.707419 -0.706795 0
    outer loop
      vertex -5.18916 4.78128 2.6
      vertex -5.1665 4.7586 2
      vertex -5.1665 4.7586 2.6
    endloop
  endfacet
  facet normal -0.998866 -0.047607 0
    outer loop
      vertex -5.14382 4.28274 2
      vertex -5.1665 4.7586 2.6
      vertex -5.1665 4.7586 2
    endloop
  endfacet
  facet normal -0.998866 -0.047607 0
    outer loop
      vertex -5.1665 4.7586 2.6
      vertex -5.14382 4.28274 2
      vertex -5.14382 4.28274 2.6
    endloop
  endfacet
  facet normal -0.707107 -0.707107 0
    outer loop
      vertex -5.12117 4.26009 2
      vertex -5.14382 4.28274 2.6
      vertex -5.14382 4.28274 2
    endloop
  endfacet
  facet normal -0.707107 -0.707107 0
    outer loop
      vertex -5.14382 4.28274 2.6
      vertex -5.12117 4.26009 2
      vertex -5.12117 4.26009 2.6
    endloop
  endfacet
  facet normal -1 0 0
    outer loop
      vertex -5.12117 3.78423 2
      vertex -5.12117 4.26009 2.6
      vertex -5.12117 4.26009 2
    endloop
  endfacet
  facet normal -1 -0 0
    outer loop
      vertex -5.12117 4.26009 2.6
      vertex -5.12117 3.78423 2
      vertex -5.12117 3.78423 2.6
    endloop
  endfacet
  facet normal -0.707107 -0.707107 0
    outer loop
      vertex -5.09852 3.76158 2
      vertex -5.12117 3.78423 2.6
      vertex -5.12117 3.78423 2
    endloop
  endfacet
  facet normal -0.707107 -0.707107 0
    outer loop
      vertex -5.12117 3.78423 2.6
      vertex -5.09852 3.76158 2
      vertex -5.09852 3.76158 2.6
    endloop
  endfacet
  facet normal -0.999857 0.0169391 0
    outer loop
      vertex -5.12117 2.42463 2
      vertex -5.09852 3.76158 2.6
      vertex -5.09852 3.76158 2
    endloop
  endfacet
  facet normal -0.999857 0.0169391 0
    outer loop
      vertex -5.09852 3.76158 2.6
      vertex -5.12117 2.42463 2
      vertex -5.12117 2.42463 2.6
    endloop
  endfacet
  facet normal -0.707575 0.706639 0
    outer loop
      vertex -5.14382 2.40195 2
      vertex -5.12117 2.42463 2.6
      vertex -5.12117 2.42463 2
    endloop
  endfacet
  facet normal -0.707575 0.706639 0
    outer loop
      vertex -5.12117 2.42463 2.6
      vertex -5.14382 2.40195 2
      vertex -5.14382 2.40195 2.6
    endloop
  endfacet
  facet normal -0.999054 0.0434772 0
    outer loop
      vertex -5.1665 1.88079 2
      vertex -5.14382 2.40195 2.6
      vertex -5.14382 2.40195 2
    endloop
  endfacet
  facet normal -0.999054 0.0434772 0
    outer loop
      vertex -5.14382 2.40195 2.6
      vertex -5.1665 1.88079 2
      vertex -5.1665 1.88079 2.6
    endloop
  endfacet
  facet normal -0.706951 0.707263 0
    outer loop
      vertex -5.18916 1.85814 2
      vertex -5.1665 1.88079 2.6
      vertex -5.1665 1.88079 2
    endloop
  endfacet
  facet normal -0.706951 0.707263 0
    outer loop
      vertex -5.1665 1.88079 2.6
      vertex -5.18916 1.85814 2
      vertex -5.18916 1.85814 2.6
    endloop
  endfacet
  facet normal -1 0 0
    outer loop
      vertex -5.18916 1.67684 2
      vertex -5.18916 1.85814 2.6
      vertex -5.18916 1.85814 2
    endloop
  endfacet
  facet normal -1 -0 0
    outer loop
      vertex -5.18916 1.85814 2.6
      vertex -5.18916 1.67684 2
      vertex -5.18916 1.67684 2.6
    endloop
  endfacet
  facet normal -0.707263 0.706951 0
    outer loop
      vertex -5.21181 1.65418 2
      vertex -5.18916 1.67684 2.6
      vertex -5.18916 1.67684 2
    endloop
  endfacet
  facet normal -0.707263 0.706951 0
    outer loop
      vertex -5.18916 1.67684 2.6
      vertex -5.21181 1.65418 2
      vertex -5.21181 1.65418 2.6
    endloop
  endfacet
  facet normal -1 0 0
    outer loop
      vertex -5.21181 1.49556 2
      vertex -5.21181 1.65418 2.6
      vertex -5.21181 1.65418 2
    endloop
  endfacet
  facet normal -1 -0 0
    outer loop
      vertex -5.21181 1.65418 2.6
      vertex -5.21181 1.49556 2
      vertex -5.21181 1.49556 2.6
    endloop
  endfacet
  facet normal -0.707107 0.707107 0
    outer loop
      vertex -5.23446 1.47291 2
      vertex -5.21181 1.49556 2.6
      vertex -5.21181 1.49556 2
    endloop
  endfacet
  facet normal -0.707107 0.707107 0
    outer loop
      vertex -5.21181 1.49556 2.6
      vertex -5.23446 1.47291 2
      vertex -5.23446 1.47291 2.6
    endloop
  endfacet
  facet normal -1 0 0
    outer loop
      vertex -5.23446 1.31429 2
      vertex -5.23446 1.47291 2.6
      vertex -5.23446 1.47291 2
    endloop
  endfacet
  facet normal -1 -0 0
    outer loop
      vertex -5.23446 1.47291 2.6
      vertex -5.23446 1.31429 2
      vertex -5.23446 1.31429 2.6
    endloop
  endfacet
  facet normal -0.707107 0.707107 0
    outer loop
      vertex -5.25714 1.29161 2
      vertex -5.23446 1.31429 2.6
      vertex -5.23446 1.31429 2
    endloop
  endfacet
  facet normal -0.707107 0.707107 0
    outer loop
      vertex -5.23446 1.31429 2.6
      vertex -5.25714 1.29161 2
      vertex -5.25714 1.29161 2.6
    endloop
  endfacet
  facet normal -1 0 0
    outer loop
      vertex -5.25714 1.15567 2
      vertex -5.25714 1.29161 2.6
      vertex -5.25714 1.29161 2
    endloop
  endfacet
  facet normal -1 -0 0
    outer loop
      vertex -5.25714 1.29161 2.6
      vertex -5.25714 1.15567 2
      vertex -5.25714 1.15567 2.6
    endloop
  endfacet
  facet normal -0.961556 0.274611 0
    outer loop
      vertex -5.30244 0.997051 2
      vertex -5.25714 1.15567 2.6
      vertex -5.25714 1.15567 2
    endloop
  endfacet
  facet normal -0.961556 0.274611 0
    outer loop
      vertex -5.25714 1.15567 2.6
      vertex -5.30244 0.997051 2
      vertex -5.30244 0.997051 2.6
    endloop
  endfacet
  facet normal -1 0 0
    outer loop
      vertex -5.30244 0.861083 2
      vertex -5.30244 0.997051 2.6
      vertex -5.30244 0.997051 2
    endloop
  endfacet
  facet normal -1 -0 0
    outer loop
      vertex -5.30244 0.997051 2.6
      vertex -5.30244 0.861083 2
      vertex -5.30244 0.861083 2.6
    endloop
  endfacet
  facet normal -0.70667 0.707543 0
    outer loop
      vertex -5.30244 0.861083 2
      vertex -5.32512 0.838431 2.6
      vertex -5.30244 0.861083 2.6
    endloop
  endfacet
  facet normal -0.70667 0.707543 0
    outer loop
      vertex -5.32512 0.838431 2.6
      vertex -5.30244 0.861083 2
      vertex -5.32512 0.838431 2
    endloop
  endfacet
  facet normal -0.995037 0.0995024 0
    outer loop
      vertex -5.34778 0.611828 2
      vertex -5.32512 0.838431 2.6
      vertex -5.32512 0.838431 2
    endloop
  endfacet
  facet normal -0.995037 0.0995024 0
    outer loop
      vertex -5.32512 0.838431 2.6
      vertex -5.34778 0.611828 2
      vertex -5.34778 0.611828 2.6
    endloop
  endfacet
  facet normal -0.707575 0.706639 0
    outer loop
      vertex -5.37043 0.589148 2
      vertex -5.34778 0.611828 2.6
      vertex -5.34778 0.611828 2
    endloop
  endfacet
  facet normal -0.707575 0.706639 0
    outer loop
      vertex -5.34778 0.611828 2.6
      vertex -5.37043 0.589148 2
      vertex -5.37043 0.589148 2.6
    endloop
  endfacet
  facet normal -0.989945 0.141452 0
    outer loop
      vertex -5.41576 0.271908 2
      vertex -5.37043 0.589148 2.6
      vertex -5.37043 0.589148 2
    endloop
  endfacet
  facet normal -0.989945 0.141452 0
    outer loop
      vertex -5.37043 0.589148 2.6
      vertex -5.41576 0.271908 2
      vertex -5.41576 0.271908 2.6
    endloop
  endfacet
  facet normal -0.928521 0.37128 0
    outer loop
      vertex -5.46106 0.158619 2
      vertex -5.41576 0.271908 2.6
      vertex -5.41576 0.271908 2
    endloop
  endfacet
  facet normal -0.928521 0.37128 0
    outer loop
      vertex -5.41576 0.271908 2.6
      vertex -5.46106 0.158619 2
      vertex -5.46106 0.158619 2.6
    endloop
  endfacet
  facet normal -1 0 0
    outer loop
      vertex -5.46106 0.0679836 2
      vertex -5.46106 0.158619 2.6
      vertex -5.46106 0.158619 2
    endloop
  endfacet
  facet normal -1 -0 0
    outer loop
      vertex -5.46106 0.158619 2.6
      vertex -5.46106 0.0679836 2
      vertex -5.46106 0.0679836 2.6
    endloop
  endfacet
  facet normal -0.706679 0.707534 0
    outer loop
      vertex -5.46106 0.0679836 2
      vertex -5.48374 0.045331 2.6
      vertex -5.46106 0.0679836 2.6
    endloop
  endfacet
  facet normal -0.706679 0.707534 0
    outer loop
      vertex -5.48374 0.045331 2.6
      vertex -5.46106 0.0679836 2
      vertex -5.48374 0.045331 2
    endloop
  endfacet
  facet normal -0.978551 0.206004 0
    outer loop
      vertex -5.57438 -0.385223 2
      vertex -5.48374 0.045331 2.6
      vertex -5.48374 0.045331 2
    endloop
  endfacet
  facet normal -0.978551 0.206004 0
    outer loop
      vertex -5.48374 0.045331 2.6
      vertex -5.57438 -0.385223 2
      vertex -5.57438 -0.385223 2.6
    endloop
  endfacet
  facet normal -0.8945 0.447068 0
    outer loop
      vertex -5.61968 -0.47586 2
      vertex -5.57438 -0.385223 2.6
      vertex -5.57438 -0.385223 2
    endloop
  endfacet
  facet normal -0.8945 0.447068 0
    outer loop
      vertex -5.57438 -0.385223 2.6
      vertex -5.61968 -0.47586 2
      vertex -5.61968 -0.47586 2.6
    endloop
  endfacet
  facet normal -0.989932 0.141544 0
    outer loop
      vertex -5.64236 -0.63448 2
      vertex -5.61968 -0.47586 2.6
      vertex -5.61968 -0.47586 2
    endloop
  endfacet
  facet normal -0.989932 0.141544 0
    outer loop
      vertex -5.61968 -0.47586 2.6
      vertex -5.64236 -0.63448 2
      vertex -5.64236 -0.63448 2.6
    endloop
  endfacet
  facet normal -0.948683 0.316228 0
    outer loop
      vertex -5.98226 -1.65418 2
      vertex -5.64236 -0.63448 2.6
      vertex -5.64236 -0.63448 2
    endloop
  endfacet
  facet normal -0.948683 0.316228 0
    outer loop
      vertex -5.64236 -0.63448 2.6
      vertex -5.98226 -1.65418 2
      vertex -5.98226 -1.65418 2.6
    endloop
  endfacet
  facet normal -0.902861 0.429934 0
    outer loop
      vertex -6.20886 -2.13004 2
      vertex -5.98226 -1.65418 2.6
      vertex -5.98226 -1.65418 2
    endloop
  endfacet
  facet normal -0.902861 0.429934 0
    outer loop
      vertex -5.98226 -1.65418 2.6
      vertex -6.20886 -2.13004 2
      vertex -6.20886 -2.13004 2.6
    endloop
  endfacet
  facet normal -1 0 0
    outer loop
      vertex -6.20886 -2.35665 2
      vertex -6.20886 -2.13004 2.6
      vertex -6.20886 -2.13004 2
    endloop
  endfacet
  facet normal -1 -0 0
    outer loop
      vertex -6.20886 -2.13004 2.6
      vertex -6.20886 -2.35665 2
      vertex -6.20886 -2.35665 2.6
    endloop
  endfacet
  facet normal -0.894368 -0.447332 0
    outer loop
      vertex -6.16353 -2.44728 2
      vertex -6.20886 -2.35665 2.6
      vertex -6.20886 -2.35665 2
    endloop
  endfacet
  facet normal -0.894368 -0.447332 0
    outer loop
      vertex -6.20886 -2.35665 2.6
      vertex -6.16353 -2.44728 2
      vertex -6.16353 -2.44728 2.6
    endloop
  endfacet
  facet normal -0.554813 -0.831975 0
    outer loop
      vertex -6.16353 -2.44728 2
      vertex -6.09554 -2.49262 2.6
      vertex -6.16353 -2.44728 2.6
    endloop
  endfacet
  facet normal -0.554813 -0.831975 -0
    outer loop
      vertex -6.09554 -2.49262 2.6
      vertex -6.16353 -2.44728 2
      vertex -6.09554 -2.49262 2
    endloop
  endfacet
  facet normal 0 -1 0
    outer loop
      vertex -6.09554 -2.49262 2
      vertex -6.00491 -2.49262 2.6
      vertex -6.09554 -2.49262 2.6
    endloop
  endfacet
  facet normal 0 -1 -0
    outer loop
      vertex -6.00491 -2.49262 2.6
      vertex -6.09554 -2.49262 2
      vertex -6.00491 -2.49262 2
    endloop
  endfacet
  facet normal -0.707107 -0.707107 0
    outer loop
      vertex -5.98226 -2.51527 2
      vertex -6.00491 -2.49262 2.6
      vertex -6.00491 -2.49262 2
    endloop
  endfacet
  facet normal -0.707107 -0.707107 0
    outer loop
      vertex -6.00491 -2.49262 2.6
      vertex -5.98226 -2.51527 2
      vertex -5.98226 -2.51527 2.6
    endloop
  endfacet
  facet normal 0.164317 -0.986408 0
    outer loop
      vertex -5.98226 -2.51527 2
      vertex -5.84629 -2.49262 2.6
      vertex -5.98226 -2.51527 2.6
    endloop
  endfacet
  facet normal 0.164317 -0.986408 0
    outer loop
      vertex -5.84629 -2.49262 2.6
      vertex -5.98226 -2.51527 2
      vertex -5.84629 -2.49262 2
    endloop
  endfacet
  facet normal 0.400819 -0.916157 0
    outer loop
      vertex -5.84629 -2.49262 2
      vertex -5.12117 -2.17538 2.6
      vertex -5.84629 -2.49262 2.6
    endloop
  endfacet
  facet normal 0.400819 -0.916157 0
    outer loop
      vertex -5.12117 -2.17538 2.6
      vertex -5.84629 -2.49262 2
      vertex -5.12117 -2.17538 2
    endloop
  endfacet
  facet normal 0.316286 -0.948664 0
    outer loop
      vertex -5.12117 -2.17538 2
      vertex -4.78128 -2.06206 2.6
      vertex -5.12117 -2.17538 2.6
    endloop
  endfacet
  facet normal 0.316286 -0.948664 0
    outer loop
      vertex -4.78128 -2.06206 2.6
      vertex -5.12117 -2.17538 2
      vertex -4.78128 -2.06206 2
    endloop
  endfacet
  facet normal 0 -1 0
    outer loop
      vertex -4.78128 -2.06206 2
      vertex -4.7133 -2.06206 2.6
      vertex -4.78128 -2.06206 2.6
    endloop
  endfacet
  facet normal 0 -1 -0
    outer loop
      vertex -4.7133 -2.06206 2.6
      vertex -4.78128 -2.06206 2
      vertex -4.7133 -2.06206 2
    endloop
  endfacet
  facet normal 0.393919 -0.919145 0
    outer loop
      vertex -4.7133 -2.06206 2
      vertex -4.55468 -1.99408 2.6
      vertex -4.7133 -2.06206 2.6
    endloop
  endfacet
  facet normal 0.393919 -0.919145 0
    outer loop
      vertex -4.55468 -1.99408 2.6
      vertex -4.7133 -2.06206 2
      vertex -4.55468 -1.99408 2
    endloop
  endfacet
  facet normal 0 -1 0
    outer loop
      vertex -4.55468 -1.99408 2
      vertex -4.48669 -1.99408 2.6
      vertex -4.55468 -1.99408 2.6
    endloop
  endfacet
  facet normal 0 -1 -0
    outer loop
      vertex -4.48669 -1.99408 2.6
      vertex -4.55468 -1.99408 2
      vertex -4.48669 -1.99408 2
    endloop
  endfacet
  facet normal 0.447174 -0.894447 0
    outer loop
      vertex -4.48669 -1.99408 2
      vertex -4.39606 -1.94877 2.6
      vertex -4.48669 -1.99408 2.6
    endloop
  endfacet
  facet normal 0.447174 -0.894447 0
    outer loop
      vertex -4.39606 -1.94877 2.6
      vertex -4.48669 -1.99408 2
      vertex -4.39606 -1.94877 2
    endloop
  endfacet
  facet normal 0 -1 0
    outer loop
      vertex -4.39606 -1.94877 2
      vertex -4.32807 -1.94877 2.6
      vertex -4.39606 -1.94877 2.6
    endloop
  endfacet
  facet normal 0 -1 -0
    outer loop
      vertex -4.32807 -1.94877 2.6
      vertex -4.39606 -1.94877 2
      vertex -4.32807 -1.94877 2
    endloop
  endfacet
  facet normal 0.35114 -0.936323 0
    outer loop
      vertex -4.32807 -1.94877 2
      vertex -4.1468 -1.88079 2.6
      vertex -4.32807 -1.94877 2.6
    endloop
  endfacet
  facet normal 0.35114 -0.936323 0
    outer loop
      vertex -4.1468 -1.88079 2.6
      vertex -4.32807 -1.94877 2
      vertex -4.1468 -1.88079 2
    endloop
  endfacet
  facet normal 0 -1 0
    outer loop
      vertex -4.1468 -1.88079 2
      vertex -4.07882 -1.88079 2.6
      vertex -4.1468 -1.88079 2.6
    endloop
  endfacet
  facet normal 0 -1 -0
    outer loop
      vertex -4.07882 -1.88079 2.6
      vertex -4.1468 -1.88079 2
      vertex -4.07882 -1.88079 2
    endloop
  endfacet
  facet normal 0.316242 -0.948679 0
    outer loop
      vertex -4.07882 -1.88079 2
      vertex -3.87486 -1.8128 2.6
      vertex -4.07882 -1.88079 2.6
    endloop
  endfacet
  facet normal 0.316242 -0.948679 0
    outer loop
      vertex -3.87486 -1.8128 2.6
      vertex -4.07882 -1.88079 2
      vertex -3.87486 -1.8128 2
    endloop
  endfacet
  facet normal 0 -1 0
    outer loop
      vertex -3.87486 -1.8128 2
      vertex -3.78423 -1.8128 2.6
      vertex -3.87486 -1.8128 2.6
    endloop
  endfacet
  facet normal 0 -1 -0
    outer loop
      vertex -3.78423 -1.8128 2.6
      vertex -3.87486 -1.8128 2
      vertex -3.78423 -1.8128 2
    endloop
  endfacet
  facet normal 0.37149 -0.928437 0
    outer loop
      vertex -3.78423 -1.8128 2
      vertex -3.67094 -1.76747 2.6
      vertex -3.78423 -1.8128 2.6
    endloop
  endfacet
  facet normal 0.37149 -0.928437 0
    outer loop
      vertex -3.67094 -1.76747 2.6
      vertex -3.78423 -1.8128 2
      vertex -3.67094 -1.76747 2
    endloop
  endfacet
  facet normal 0.14136 -0.989958 0
    outer loop
      vertex -3.67094 -1.76747 2
      vertex -3.3537 -1.72217 2.6
      vertex -3.67094 -1.76747 2.6
    endloop
  endfacet
  facet normal 0.14136 -0.989958 0
    outer loop
      vertex -3.3537 -1.72217 2.6
      vertex -3.67094 -1.76747 2
      vertex -3.3537 -1.72217 2
    endloop
  endfacet
  facet normal 0.706639 -0.707575 0
    outer loop
      vertex -3.3537 -1.72217 2
      vertex -3.33102 -1.69952 2.6
      vertex -3.3537 -1.72217 2.6
    endloop
  endfacet
  facet normal 0.706639 -0.707575 0
    outer loop
      vertex -3.33102 -1.69952 2.6
      vertex -3.3537 -1.72217 2
      vertex -3.33102 -1.69952 2
    endloop
  endfacet
  facet normal 0 -1 0
    outer loop
      vertex -3.33102 -1.69952 2
      vertex -3.21773 -1.69952 2.6
      vertex -3.33102 -1.69952 2.6
    endloop
  endfacet
  facet normal 0 -1 -0
    outer loop
      vertex -3.21773 -1.69952 2.6
      vertex -3.33102 -1.69952 2
      vertex -3.21773 -1.69952 2
    endloop
  endfacet
  facet normal 0.707575 -0.706639 0
    outer loop
      vertex -3.21773 -1.69952 2.6
      vertex -3.19508 -1.67684 2
      vertex -3.19508 -1.67684 2.6
    endloop
  endfacet
  facet normal 0.707575 -0.706639 0
    outer loop
      vertex -3.19508 -1.67684 2
      vertex -3.21773 -1.69952 2.6
      vertex -3.21773 -1.69952 2
    endloop
  endfacet
  facet normal 0.0995037 -0.995037 0
    outer loop
      vertex -3.19508 -1.67684 2
      vertex -2.96848 -1.65418 2.6
      vertex -3.19508 -1.67684 2.6
    endloop
  endfacet
  facet normal 0.0995037 -0.995037 0
    outer loop
      vertex -2.96848 -1.65418 2.6
      vertex -3.19508 -1.67684 2
      vertex -2.96848 -1.65418 2
    endloop
  endfacet
  facet normal 0.706639 -0.707575 0
    outer loop
      vertex -2.96848 -1.65418 2
      vertex -2.9458 -1.63153 2.6
      vertex -2.96848 -1.65418 2.6
    endloop
  endfacet
  facet normal 0.706639 -0.707575 0
    outer loop
      vertex -2.9458 -1.63153 2.6
      vertex -2.96848 -1.65418 2
      vertex -2.9458 -1.63153 2
    endloop
  endfacet
  facet normal 0 -1 0
    outer loop
      vertex -2.9458 -1.63153 2
      vertex -2.80986 -1.63153 2.6
      vertex -2.9458 -1.63153 2.6
    endloop
  endfacet
  facet normal 0 -1 -0
    outer loop
      vertex -2.80986 -1.63153 2.6
      vertex -2.9458 -1.63153 2
      vertex -2.80986 -1.63153 2
    endloop
  endfacet
  facet normal 0.707107 -0.707107 0
    outer loop
      vertex -2.80986 -1.63153 2.6
      vertex -2.78718 -1.60885 2
      vertex -2.78718 -1.60885 2.6
    endloop
  endfacet
  facet normal 0.707107 -0.707107 0
    outer loop
      vertex -2.78718 -1.60885 2
      vertex -2.80986 -1.63153 2.6
      vertex -2.80986 -1.63153 2
    endloop
  endfacet
  facet normal 0 -1 0
    outer loop
      vertex -2.78718 -1.60885 2
      vertex -2.65124 -1.60885 2.6
      vertex -2.78718 -1.60885 2.6
    endloop
  endfacet
  facet normal 0 -1 -0
    outer loop
      vertex -2.65124 -1.60885 2.6
      vertex -2.78718 -1.60885 2
      vertex -2.65124 -1.60885 2
    endloop
  endfacet
  facet normal 0.706639 -0.707575 0
    outer loop
      vertex -2.65124 -1.60885 2
      vertex -2.62856 -1.5862 2.6
      vertex -2.65124 -1.60885 2.6
    endloop
  endfacet
  facet normal 0.706639 -0.707575 0
    outer loop
      vertex -2.62856 -1.5862 2.6
      vertex -2.65124 -1.60885 2
      vertex -2.62856 -1.5862 2
    endloop
  endfacet
  facet normal 0 -1 0
    outer loop
      vertex -2.62856 -1.5862 2
      vertex -2.46994 -1.5862 2.6
      vertex -2.62856 -1.5862 2.6
    endloop
  endfacet
  facet normal 0 -1 -0
    outer loop
      vertex -2.46994 -1.5862 2.6
      vertex -2.62856 -1.5862 2
      vertex -2.46994 -1.5862 2
    endloop
  endfacet
  facet normal 0.706951 -0.707263 0
    outer loop
      vertex -2.46994 -1.5862 2.6
      vertex -2.44728 -1.56355 2
      vertex -2.44728 -1.56355 2.6
    endloop
  endfacet
  facet normal 0.706951 -0.707263 0
    outer loop
      vertex -2.44728 -1.56355 2
      vertex -2.46994 -1.5862 2.6
      vertex -2.46994 -1.5862 2
    endloop
  endfacet
  facet normal 0.0434173 -0.999057 0
    outer loop
      vertex -2.44728 -1.56355 2
      vertex -1.92609 -1.5409 2.6
      vertex -2.44728 -1.56355 2.6
    endloop
  endfacet
  facet normal 0.0434173 -0.999057 0
    outer loop
      vertex -1.92609 -1.5409 2.6
      vertex -2.44728 -1.56355 2
      vertex -1.92609 -1.5409 2
    endloop
  endfacet
  facet normal 0.707575 -0.706639 0
    outer loop
      vertex -1.92609 -1.5409 2.6
      vertex -1.90344 -1.51822 2
      vertex -1.90344 -1.51822 2.6
    endloop
  endfacet
  facet normal 0.707575 -0.706639 0
    outer loop
      vertex -1.90344 -1.51822 2
      vertex -1.92609 -1.5409 2.6
      vertex -1.92609 -1.5409 2
    endloop
  endfacet
  facet normal 0 -1 0
    outer loop
      vertex -1.90344 -1.51822 2
      vertex -1.08769 -1.51822 2.6
      vertex -1.90344 -1.51822 2.6
    endloop
  endfacet
  facet normal 0 -1 -0
    outer loop
      vertex -1.08769 -1.51822 2.6
      vertex -1.90344 -1.51822 2
      vertex -1.08769 -1.51822 2
    endloop
  endfacet
  facet normal -0.707575 -0.706639 0
    outer loop
      vertex -1.06504 -1.5409 2
      vertex -1.08769 -1.51822 2.6
      vertex -1.08769 -1.51822 2
    endloop
  endfacet
  facet normal -0.707575 -0.706639 0
    outer loop
      vertex -1.08769 -1.51822 2.6
      vertex -1.06504 -1.5409 2
      vertex -1.06504 -1.5409 2.6
    endloop
  endfacet
  facet normal -0.0525333 -0.998619 0
    outer loop
      vertex -1.06504 -1.5409 2
      vertex -0.63448 -1.56355 2.6
      vertex -1.06504 -1.5409 2.6
    endloop
  endfacet
  facet normal -0.0525333 -0.998619 -0
    outer loop
      vertex -0.63448 -1.56355 2.6
      vertex -1.06504 -1.5409 2
      vertex -0.63448 -1.56355 2
    endloop
  endfacet
  facet normal -0.707076 -0.707138 0
    outer loop
      vertex -0.611828 -1.5862 2
      vertex -0.63448 -1.56355 2.6
      vertex -0.63448 -1.56355 2
    endloop
  endfacet
  facet normal -0.707076 -0.707138 0
    outer loop
      vertex -0.63448 -1.56355 2.6
      vertex -0.611828 -1.5862 2
      vertex -0.611828 -1.5862 2.6
    endloop
  endfacet
  facet normal 0 -1 0
    outer loop
      vertex -0.611828 -1.5862 2
      vertex -0.498511 -1.5862 2.6
      vertex -0.611828 -1.5862 2.6
    endloop
  endfacet
  facet normal 0 -1 -0
    outer loop
      vertex -0.498511 -1.5862 2.6
      vertex -0.611828 -1.5862 2
      vertex -0.498511 -1.5862 2
    endloop
  endfacet
  facet normal -0.371495 -0.928435 0
    outer loop
      vertex -0.498511 -1.5862 2
      vertex -0.385223 -1.63153 2.6
      vertex -0.498511 -1.5862 2.6
    endloop
  endfacet
  facet normal -0.371495 -0.928435 -0
    outer loop
      vertex -0.385223 -1.63153 2.6
      vertex -0.498511 -1.5862 2
      vertex -0.385223 -1.63153 2
    endloop
  endfacet
  facet normal -0.857463 -0.514546 0
    outer loop
      vertex -0.31724 -1.74482 2
      vertex -0.385223 -1.63153 2.6
      vertex -0.385223 -1.63153 2
    endloop
  endfacet
  facet normal -0.857463 -0.514546 0
    outer loop
      vertex -0.385223 -1.63153 2.6
      vertex -0.31724 -1.74482 2
      vertex -0.31724 -1.74482 2.6
    endloop
  endfacet
  facet normal -1 0 0
    outer loop
      vertex -0.31724 -2.99113 2
      vertex -0.31724 -1.74482 2.6
      vertex -0.31724 -1.74482 2
    endloop
  endfacet
  facet normal -1 -0 0
    outer loop
      vertex -0.31724 -1.74482 2.6
      vertex -0.31724 -2.99113 2
      vertex -0.31724 -2.99113 2.6
    endloop
  endfacet
  facet normal -0.707091 0.707122 0
    outer loop
      vertex -0.339891 -3.01378 2
      vertex -0.31724 -2.99113 2.6
      vertex -0.31724 -2.99113 2
    endloop
  endfacet
  facet normal -0.707091 0.707122 0
    outer loop
      vertex -0.31724 -2.99113 2.6
      vertex -0.339891 -3.01378 2
      vertex -0.339891 -3.01378 2.6
    endloop
  endfacet
  facet normal -1 0 0
    outer loop
      vertex -0.339891 -3.85221 2
      vertex -0.339891 -3.01378 2.6
      vertex -0.339891 -3.01378 2
    endloop
  endfacet
  facet normal -1 -0 0
    outer loop
      vertex -0.339891 -3.01378 2.6
      vertex -0.339891 -3.85221 2
      vertex -0.339891 -3.85221 2.6
    endloop
  endfacet
  facet normal -0.706623 0.70759 0
    outer loop
      vertex -0.339891 -3.85221 2
      vertex -0.362572 -3.87486 2.6
      vertex -0.339891 -3.85221 2.6
    endloop
  endfacet
  facet normal -0.706623 0.70759 0
    outer loop
      vertex -0.362572 -3.87486 2.6
      vertex -0.339891 -3.85221 2
      vertex -0.362572 -3.87486 2
    endloop
  endfacet
  facet normal -0.99987 0.0161204 0
    outer loop
      vertex -0.385223 -5.27979 2
      vertex -0.362572 -3.87486 2.6
      vertex -0.362572 -3.87486 2
    endloop
  endfacet
  facet normal -0.99987 0.0161204 0
    outer loop
      vertex -0.362572 -3.87486 2.6
      vertex -0.385223 -5.27979 2
      vertex -0.385223 -5.27979 2.6
    endloop
  endfacet
  facet normal -0.948722 0.316113 0
    outer loop
      vertex -0.430528 -5.41576 2
      vertex -0.385223 -5.27979 2.6
      vertex -0.385223 -5.27979 2
    endloop
  endfacet
  facet normal -0.948722 0.316113 0
    outer loop
      vertex -0.385223 -5.27979 2.6
      vertex -0.430528 -5.41576 2
      vertex -0.430528 -5.41576 2.6
    endloop
  endfacet
  facet normal -0.707013 0.7072 0
    outer loop
      vertex -0.430528 -5.41576 2
      vertex -0.521192 -5.5064 2.6
      vertex -0.430528 -5.41576 2.6
    endloop
  endfacet
  facet normal -0.707013 0.7072 0
    outer loop
      vertex -0.521192 -5.5064 2.6
      vertex -0.430528 -5.41576 2
      vertex -0.521192 -5.5064 2
    endloop
  endfacet
  facet normal -0.316203 0.948692 0
    outer loop
      vertex -0.521192 -5.5064 2
      vertex -0.589148 -5.52905 2.6
      vertex -0.521192 -5.5064 2.6
    endloop
  endfacet
  facet normal -0.316203 0.948692 0
    outer loop
      vertex -0.589148 -5.52905 2.6
      vertex -0.521192 -5.5064 2
      vertex -0.589148 -5.52905 2
    endloop
  endfacet
  facet normal 0.017846 0.999841 -0
    outer loop
      vertex -0.589148 -5.52905 2
      vertex -1.85814 -5.5064 2.6
      vertex -0.589148 -5.52905 2.6
    endloop
  endfacet
  facet normal 0.017846 0.999841 0
    outer loop
      vertex -1.85814 -5.5064 2.6
      vertex -0.589148 -5.52905 2
      vertex -1.85814 -5.5064 2
    endloop
  endfacet
  facet normal 0.707263 0.706951 0
    outer loop
      vertex -1.85814 -5.5064 2.6
      vertex -1.88079 -5.48374 2
      vertex -1.88079 -5.48374 2.6
    endloop
  endfacet
  facet normal 0.707263 0.706951 0
    outer loop
      vertex -1.88079 -5.48374 2
      vertex -1.85814 -5.5064 2.6
      vertex -1.85814 -5.5064 2
    endloop
  endfacet
  facet normal 0.0370437 0.999314 -0
    outer loop
      vertex -1.88079 -5.48374 2
      vertex -2.49262 -5.46106 2.6
      vertex -1.88079 -5.48374 2.6
    endloop
  endfacet
  facet normal 0.0370437 0.999314 0
    outer loop
      vertex -2.49262 -5.46106 2.6
      vertex -1.88079 -5.48374 2
      vertex -2.49262 -5.46106 2
    endloop
  endfacet
  facet normal 0.707107 0.707107 0
    outer loop
      vertex -2.49262 -5.46106 2.6
      vertex -2.51527 -5.43841 2
      vertex -2.51527 -5.43841 2.6
    endloop
  endfacet
  facet normal 0.707107 0.707107 0
    outer loop
      vertex -2.51527 -5.43841 2
      vertex -2.49262 -5.46106 2.6
      vertex -2.49262 -5.46106 2
    endloop
  endfacet
  facet normal 0 1 -0
    outer loop
      vertex -2.51527 -5.43841 2
      vertex -2.74187 -5.43841 2.6
      vertex -2.51527 -5.43841 2.6
    endloop
  endfacet
  facet normal 0 1 0
    outer loop
      vertex -2.74187 -5.43841 2.6
      vertex -2.51527 -5.43841 2
      vertex -2.74187 -5.43841 2
    endloop
  endfacet
  facet normal 0.707107 0.707107 0
    outer loop
      vertex -2.74187 -5.43841 2.6
      vertex -2.76452 -5.41576 2
      vertex -2.76452 -5.41576 2.6
    endloop
  endfacet
  facet normal 0.707107 0.707107 0
    outer loop
      vertex -2.76452 -5.41576 2
      vertex -2.74187 -5.43841 2.6
      vertex -2.74187 -5.43841 2
    endloop
  endfacet
  facet normal 0.0830622 0.996544 -0
    outer loop
      vertex -2.76452 -5.41576 2
      vertex -3.30837 -5.37043 2.6
      vertex -2.76452 -5.41576 2.6
    endloop
  endfacet
  facet normal 0.0830622 0.996544 0
    outer loop
      vertex -3.30837 -5.37043 2.6
      vertex -2.76452 -5.41576 2
      vertex -3.30837 -5.37043 2
    endloop
  endfacet
  facet normal 0.707107 0.707107 0
    outer loop
      vertex -3.30837 -5.37043 2.6
      vertex -3.33102 -5.34778 2
      vertex -3.33102 -5.34778 2.6
    endloop
  endfacet
  facet normal 0.707107 0.707107 0
    outer loop
      vertex -3.33102 -5.34778 2
      vertex -3.30837 -5.37043 2.6
      vertex -3.30837 -5.37043 2
    endloop
  endfacet
  facet normal 0 1 -0
    outer loop
      vertex -3.33102 -5.34778 2
      vertex -3.44434 -5.34778 2.6
      vertex -3.33102 -5.34778 2.6
    endloop
  endfacet
  facet normal 0 1 0
    outer loop
      vertex -3.44434 -5.34778 2.6
      vertex -3.33102 -5.34778 2
      vertex -3.44434 -5.34778 2
    endloop
  endfacet
  facet normal 0.707263 0.706951 0
    outer loop
      vertex -3.44434 -5.34778 2.6
      vertex -3.46699 -5.32512 2
      vertex -3.46699 -5.32512 2.6
    endloop
  endfacet
  facet normal 0.707263 0.706951 0
    outer loop
      vertex -3.46699 -5.32512 2
      vertex -3.44434 -5.34778 2.6
      vertex -3.44434 -5.34778 2
    endloop
  endfacet
  facet normal 0 1 -0
    outer loop
      vertex -3.46699 -5.32512 2
      vertex -3.60296 -5.32512 2.6
      vertex -3.46699 -5.32512 2.6
    endloop
  endfacet
  facet normal 0 1 0
    outer loop
      vertex -3.60296 -5.32512 2.6
      vertex -3.46699 -5.32512 2
      vertex -3.60296 -5.32512 2
    endloop
  endfacet
  facet normal 0.707575 0.706639 0
    outer loop
      vertex -3.60296 -5.32512 2.6
      vertex -3.62561 -5.30244 2
      vertex -3.62561 -5.30244 2.6
    endloop
  endfacet
  facet normal 0.707575 0.706639 0
    outer loop
      vertex -3.62561 -5.30244 2
      vertex -3.60296 -5.32512 2.6
      vertex -3.60296 -5.32512 2
    endloop
  endfacet
  facet normal 0 1 -0
    outer loop
      vertex -3.62561 -5.30244 2
      vertex -3.7389 -5.30244 2.6
      vertex -3.62561 -5.30244 2.6
    endloop
  endfacet
  facet normal 0 1 0
    outer loop
      vertex -3.7389 -5.30244 2.6
      vertex -3.62561 -5.30244 2
      vertex -3.7389 -5.30244 2
    endloop
  endfacet
  facet normal 0.316102 0.948725 -0
    outer loop
      vertex -3.7389 -5.30244 2
      vertex -3.87486 -5.25714 2.6
      vertex -3.7389 -5.30244 2.6
    endloop
  endfacet
  facet normal 0.316102 0.948725 0
    outer loop
      vertex -3.87486 -5.25714 2.6
      vertex -3.7389 -5.30244 2
      vertex -3.87486 -5.25714 2
    endloop
  endfacet
  facet normal 0.090615 0.995886 -0
    outer loop
      vertex -3.87486 -5.25714 2
      vertex -4.12412 -5.23446 2.6
      vertex -3.87486 -5.25714 2.6
    endloop
  endfacet
  facet normal 0.090615 0.995886 0
    outer loop
      vertex -4.12412 -5.23446 2.6
      vertex -3.87486 -5.25714 2
      vertex -4.12412 -5.23446 2
    endloop
  endfacet
  facet normal 0.706639 0.707575 -0
    outer loop
      vertex -4.12412 -5.23446 2
      vertex -4.1468 -5.21181 2.6
      vertex -4.12412 -5.23446 2.6
    endloop
  endfacet
  facet normal 0.706639 0.707575 0
    outer loop
      vertex -4.1468 -5.21181 2.6
      vertex -4.12412 -5.23446 2
      vertex -4.1468 -5.21181 2
    endloop
  endfacet
  facet normal 0.164405 0.986393 -0
    outer loop
      vertex -4.1468 -5.21181 2
      vertex -4.69062 -5.12117 2.6
      vertex -4.1468 -5.21181 2.6
    endloop
  endfacet
  facet normal 0.164405 0.986393 0
    outer loop
      vertex -4.69062 -5.12117 2.6
      vertex -4.1468 -5.21181 2
      vertex -4.69062 -5.12117 2
    endloop
  endfacet
  facet normal 0.371433 0.92846 -0
    outer loop
      vertex -4.69062 -5.12117 2
      vertex -4.80393 -5.07584 2.6
      vertex -4.69062 -5.12117 2.6
    endloop
  endfacet
  facet normal 0.371433 0.92846 0
    outer loop
      vertex -4.80393 -5.07584 2.6
      vertex -4.69062 -5.12117 2
      vertex -4.80393 -5.07584 2
    endloop
  endfacet
  facet normal 0 1 -0
    outer loop
      vertex -4.80393 -5.07584 2
      vertex -4.89457 -5.07584 2.6
      vertex -4.80393 -5.07584 2.6
    endloop
  endfacet
  facet normal 0 1 0
    outer loop
      vertex -4.89457 -5.07584 2.6
      vertex -4.80393 -5.07584 2
      vertex -4.89457 -5.07584 2
    endloop
  endfacet
  facet normal 0.371221 0.928544 -0
    outer loop
      vertex -4.89457 -5.07584 2
      vertex -5.00788 -5.03054 2.6
      vertex -4.89457 -5.07584 2.6
    endloop
  endfacet
  facet normal 0.371221 0.928544 0
    outer loop
      vertex -5.00788 -5.03054 2.6
      vertex -4.89457 -5.07584 2
      vertex -5.00788 -5.03054 2
    endloop
  endfacet
  facet normal 0 1 -0
    outer loop
      vertex -5.00788 -5.03054 2
      vertex -5.09852 -5.03054 2.6
      vertex -5.00788 -5.03054 2.6
    endloop
  endfacet
  facet normal 0 1 0
    outer loop
      vertex -5.09852 -5.03054 2.6
      vertex -5.00788 -5.03054 2
      vertex -5.09852 -5.03054 2
    endloop
  endfacet
  facet normal 0.707263 0.706951 0
    outer loop
      vertex -5.09852 -5.03054 2.6
      vertex -5.12117 -5.00788 2
      vertex -5.12117 -5.00788 2.6
    endloop
  endfacet
  facet normal 0.707263 0.706951 0
    outer loop
      vertex -5.12117 -5.00788 2
      vertex -5.09852 -5.03054 2.6
      vertex -5.09852 -5.03054 2
    endloop
  endfacet
  facet normal 0.196122 0.98058 -0
    outer loop
      vertex -5.12117 -5.00788 2
      vertex -5.46106 -4.9399 2.6
      vertex -5.12117 -5.00788 2.6
    endloop
  endfacet
  facet normal 0.196122 0.98058 0
    outer loop
      vertex -5.46106 -4.9399 2.6
      vertex -5.12117 -5.00788 2
      vertex -5.46106 -4.9399 2
    endloop
  endfacet
  facet normal 0.447293 0.894388 -0
    outer loop
      vertex -5.46106 -4.9399 2
      vertex -5.5517 -4.89457 2.6
      vertex -5.46106 -4.9399 2.6
    endloop
  endfacet
  facet normal 0.447293 0.894388 0
    outer loop
      vertex -5.5517 -4.89457 2.6
      vertex -5.46106 -4.9399 2
      vertex -5.5517 -4.89457 2
    endloop
  endfacet
  facet normal 0 1 -0
    outer loop
      vertex -5.5517 -4.89457 2
      vertex -5.61968 -4.89457 2.6
      vertex -5.5517 -4.89457 2.6
    endloop
  endfacet
  facet normal 0 1 0
    outer loop
      vertex -5.61968 -4.89457 2.6
      vertex -5.5517 -4.89457 2
      vertex -5.61968 -4.89457 2
    endloop
  endfacet
  facet normal 0.316228 0.948683 -0
    outer loop
      vertex -5.61968 -4.89457 2
      vertex -6.09554 -4.73595 2.6
      vertex -5.61968 -4.89457 2.6
    endloop
  endfacet
  facet normal 0.316228 0.948683 0
    outer loop
      vertex -6.09554 -4.73595 2.6
      vertex -5.61968 -4.89457 2
      vertex -6.09554 -4.73595 2
    endloop
  endfacet
  facet normal 0.403626 0.914924 -0
    outer loop
      vertex -6.09554 -4.73595 2
      vertex -6.86599 -4.39606 2.6
      vertex -6.09554 -4.73595 2.6
    endloop
  endfacet
  facet normal 0.403626 0.914924 0
    outer loop
      vertex -6.86599 -4.39606 2.6
      vertex -6.09554 -4.73595 2
      vertex -6.86599 -4.39606 2
    endloop
  endfacet
  facet normal 0.54213 0.840295 -0
    outer loop
      vertex -6.86599 -4.39606 2
      vertex -7.56846 -3.94285 2.6
      vertex -6.86599 -4.39606 2.6
    endloop
  endfacet
  facet normal 0.54213 0.840295 0
    outer loop
      vertex -7.56846 -3.94285 2.6
      vertex -6.86599 -4.39606 2
      vertex -7.56846 -3.94285 2
    endloop
  endfacet
  facet normal 0.693121 0.720821 -0
    outer loop
      vertex -7.56846 -3.94285 2
      vertex -8.1576 -3.37635 2.6
      vertex -7.56846 -3.94285 2.6
    endloop
  endfacet
  facet normal 0.693121 0.720821 0
    outer loop
      vertex -8.1576 -3.37635 2.6
      vertex -7.56846 -3.94285 2
      vertex -8.1576 -3.37635 2
    endloop
  endfacet
  facet normal 0.83205 0.5547 0
    outer loop
      vertex -8.1576 -3.37635 2.6
      vertex -8.47484 -2.90049 2
      vertex -8.47484 -2.90049 2.6
    endloop
  endfacet
  facet normal 0.83205 0.5547 0
    outer loop
      vertex -8.47484 -2.90049 2
      vertex -8.1576 -3.37635 2.6
      vertex -8.1576 -3.37635 2
    endloop
  endfacet
  facet normal 0.907953 0.419072 0
    outer loop
      vertex -8.47484 -2.90049 2.6
      vertex -8.61081 -2.6059 2
      vertex -8.61081 -2.6059 2.6
    endloop
  endfacet
  facet normal 0.907953 0.419072 0
    outer loop
      vertex -8.61081 -2.6059 2
      vertex -8.47484 -2.90049 2.6
      vertex -8.47484 -2.90049 2
    endloop
  endfacet
  facet normal 0.939789 0.341755 0
    outer loop
      vertex -8.61081 -2.6059 2.6
      vertex -8.70145 -2.35665 2
      vertex -8.70145 -2.35665 2.6
    endloop
  endfacet
  facet normal 0.939789 0.341755 0
    outer loop
      vertex -8.70145 -2.35665 2
      vertex -8.61081 -2.6059 2.6
      vertex -8.61081 -2.6059 2
    endloop
  endfacet
  facet normal 1 -0 0
    outer loop
      vertex -8.70145 -2.35665 2.6
      vertex -8.70145 -2.28866 2
      vertex -8.70145 -2.28866 2.6
    endloop
  endfacet
  facet normal 1 0 0
    outer loop
      vertex -8.70145 -2.28866 2
      vertex -8.70145 -2.35665 2.6
      vertex -8.70145 -2.35665 2
    endloop
  endfacet
  facet normal 0.955761 0.294145 0
    outer loop
      vertex -8.70145 -2.28866 2.6
      vertex -8.79211 -1.99408 2
      vertex -8.79211 -1.99408 2.6
    endloop
  endfacet
  facet normal 0.955761 0.294145 0
    outer loop
      vertex -8.79211 -1.99408 2
      vertex -8.70145 -2.28866 2.6
      vertex -8.70145 -2.28866 2
    endloop
  endfacet
  facet normal 0.997057 0.076668 0
    outer loop
      vertex -8.79211 -1.99408 2.6
      vertex -8.81476 -1.69952 2
      vertex -8.81476 -1.69952 2.6
    endloop
  endfacet
  facet normal 0.997057 0.076668 0
    outer loop
      vertex -8.81476 -1.69952 2
      vertex -8.79211 -1.99408 2.6
      vertex -8.79211 -1.99408 2
    endloop
  endfacet
  facet normal 0.707419 0.706795 0
    outer loop
      vertex -8.81476 -1.69952 2.6
      vertex -8.83742 -1.67684 2
      vertex -8.83742 -1.67684 2.6
    endloop
  endfacet
  facet normal 0.707419 0.706795 0
    outer loop
      vertex -8.83742 -1.67684 2
      vertex -8.81476 -1.69952 2.6
      vertex -8.81476 -1.69952 2
    endloop
  endfacet
  facet normal 1 -0 0
    outer loop
      vertex -8.83742 -1.67684 2.6
      vertex -8.83742 -0.861084 2
      vertex -8.83742 -0.861084 2.6
    endloop
  endfacet
  facet normal 1 0 0
    outer loop
      vertex -8.83742 -0.861084 2
      vertex -8.83742 -1.67684 2.6
      vertex -8.83742 -1.67684 2
    endloop
  endfacet
  facet normal 0.706998 -0.707216 0
    outer loop
      vertex -8.83742 -0.861084 2.6
      vertex -8.81476 -0.838431 2
      vertex -8.81476 -0.838431 2.6
    endloop
  endfacet
  facet normal 0.706998 -0.707216 0
    outer loop
      vertex -8.81476 -0.838431 2
      vertex -8.83742 -0.861084 2.6
      vertex -8.83742 -0.861084 2
    endloop
  endfacet
  facet normal 0.996549 -0.0830045 0
    outer loop
      vertex -8.81476 -0.838431 2.6
      vertex -8.79211 -0.566496 2
      vertex -8.79211 -0.566496 2.6
    endloop
  endfacet
  facet normal 0.996549 -0.0830045 0
    outer loop
      vertex -8.79211 -0.566496 2
      vertex -8.81476 -0.838431 2.6
      vertex -8.81476 -0.838431 2
    endloop
  endfacet
  facet normal 0.706686 -0.707528 0
    outer loop
      vertex -8.79211 -0.566496 2
      vertex -8.76943 -0.543843 2.6
      vertex -8.79211 -0.566496 2.6
    endloop
  endfacet
  facet normal 0.706686 -0.707528 0
    outer loop
      vertex -8.76943 -0.543843 2.6
      vertex -8.79211 -0.566496 2
      vertex -8.76943 -0.543843 2
    endloop
  endfacet
  facet normal 1 -0 0
    outer loop
      vertex -8.76943 -0.543843 2.6
      vertex -8.76943 -0.453208 2
      vertex -8.76943 -0.453208 2.6
    endloop
  endfacet
  facet normal 1 0 0
    outer loop
      vertex -8.76943 -0.453208 2
      vertex -8.76943 -0.543843 2.6
      vertex -8.76943 -0.543843 2
    endloop
  endfacet
  facet normal 0.707575 -0.706639 0
    outer loop
      vertex -8.76943 -0.453208 2.6
      vertex -8.74678 -0.430528 2
      vertex -8.74678 -0.430528 2.6
    endloop
  endfacet
  facet normal 0.707575 -0.706639 0
    outer loop
      vertex -8.74678 -0.430528 2
      vertex -8.76943 -0.453208 2.6
      vertex -8.76943 -0.453208 2
    endloop
  endfacet
  facet normal 1 -0 0
    outer loop
      vertex -8.74678 -0.430528 2.6
      vertex -8.74678 -0.339891 2
      vertex -8.74678 -0.339891 2.6
    endloop
  endfacet
  facet normal 1 0 0
    outer loop
      vertex -8.74678 -0.339891 2
      vertex -8.74678 -0.430528 2.6
      vertex -8.74678 -0.430528 2
    endloop
  endfacet
  facet normal 0.707122 -0.707091 0
    outer loop
      vertex -8.74678 -0.339891 2.6
      vertex -8.72413 -0.31724 2
      vertex -8.72413 -0.31724 2.6
    endloop
  endfacet
  facet normal 0.707122 -0.707091 0
    outer loop
      vertex -8.72413 -0.31724 2
      vertex -8.74678 -0.339891 2.6
      vertex -8.74678 -0.339891 2
    endloop
  endfacet
  facet normal 0.980574 -0.196148 0
    outer loop
      vertex -8.72413 -0.31724 2.6
      vertex -8.65614 0.0226517 2
      vertex -8.65614 0.0226517 2.6
    endloop
  endfacet
  facet normal 0.980574 -0.196148 0
    outer loop
      vertex -8.65614 0.0226517 2
      vertex -8.72413 -0.31724 2.6
      vertex -8.72413 -0.31724 2
    endloop
  endfacet
  facet normal 0.950726 -0.310032 0
    outer loop
      vertex -8.65614 0.0226517 2.6
      vertex -8.31622 1.06503 2
      vertex -8.31622 1.06503 2.6
    endloop
  endfacet
  facet normal 0.950726 -0.310032 0
    outer loop
      vertex -8.31622 1.06503 2
      vertex -8.65614 0.0226517 2.6
      vertex -8.65614 0.0226517 2
    endloop
  endfacet
  facet normal 0.986405 -0.164334 0
    outer loop
      vertex -8.31622 1.06503 2.6
      vertex -8.27092 1.33694 2
      vertex -8.27092 1.33694 2.6
    endloop
  endfacet
  facet normal 0.986405 -0.164334 0
    outer loop
      vertex -8.27092 1.33694 2
      vertex -8.31622 1.06503 2.6
      vertex -8.31622 1.06503 2
    endloop
  endfacet
  facet normal 0.707263 -0.706951 0
    outer loop
      vertex -8.27092 1.33694 2.6
      vertex -8.24827 1.3596 2
      vertex -8.24827 1.3596 2.6
    endloop
  endfacet
  facet normal 0.707263 -0.706951 0
    outer loop
      vertex -8.24827 1.3596 2
      vertex -8.27092 1.33694 2.6
      vertex -8.27092 1.33694 2
    endloop
  endfacet
  facet normal 1 -0 0
    outer loop
      vertex -8.24827 1.3596 2.6
      vertex -8.24827 1.47291 2
      vertex -8.24827 1.47291 2.6
    endloop
  endfacet
  facet normal 1 0 0
    outer loop
      vertex -8.24827 1.47291 2
      vertex -8.24827 1.3596 2.6
      vertex -8.24827 1.3596 2
    endloop
  endfacet
  facet normal 0.706639 -0.707575 0
    outer loop
      vertex -8.24827 1.47291 2
      vertex -8.22559 1.49556 2.6
      vertex -8.24827 1.47291 2.6
    endloop
  endfacet
  facet normal 0.706639 -0.707575 0
    outer loop
      vertex -8.22559 1.49556 2.6
      vertex -8.24827 1.47291 2
      vertex -8.22559 1.49556 2
    endloop
  endfacet
  facet normal 1 -0 0
    outer loop
      vertex -8.22559 1.49556 2.6
      vertex -8.22559 1.67684 2
      vertex -8.22559 1.67684 2.6
    endloop
  endfacet
  facet normal 1 0 0
    outer loop
      vertex -8.22559 1.67684 2
      vertex -8.22559 1.49556 2.6
      vertex -8.22559 1.49556 2
    endloop
  endfacet
  facet normal 0.707575 -0.706639 0
    outer loop
      vertex -8.22559 1.67684 2.6
      vertex -8.20294 1.69952 2
      vertex -8.20294 1.69952 2.6
    endloop
  endfacet
  facet normal 0.707575 -0.706639 0
    outer loop
      vertex -8.20294 1.69952 2
      vertex -8.22559 1.67684 2.6
      vertex -8.22559 1.67684 2
    endloop
  endfacet
  facet normal 1 -0 0
    outer loop
      vertex -8.20294 1.69952 2.6
      vertex -8.20294 2.46994 2
      vertex -8.20294 2.46994 2.6
    endloop
  endfacet
  facet normal 1 0 0
    outer loop
      vertex -8.20294 2.46994 2
      vertex -8.20294 1.69952 2.6
      vertex -8.20294 1.69952 2
    endloop
  endfacet
  facet normal 0.707419 0.706795 0
    outer loop
      vertex -8.20294 2.46994 2.6
      vertex -8.22559 2.49261 2
      vertex -8.22559 2.49261 2.6
    endloop
  endfacet
  facet normal 0.707419 0.706795 0
    outer loop
      vertex -8.22559 2.49261 2
      vertex -8.20294 2.46994 2.6
      vertex -8.20294 2.46994 2
    endloop
  endfacet
  facet normal 1 -0 0
    outer loop
      vertex -8.22559 2.49261 2.6
      vertex -8.22559 2.76452 2
      vertex -8.22559 2.76452 2.6
    endloop
  endfacet
  facet normal 1 0 0
    outer loop
      vertex -8.22559 2.76452 2
      vertex -8.22559 2.49261 2.6
      vertex -8.22559 2.49261 2
    endloop
  endfacet
  facet normal 0.706795 0.707419 -0
    outer loop
      vertex -8.22559 2.76452 2
      vertex -8.24827 2.78718 2.6
      vertex -8.22559 2.76452 2.6
    endloop
  endfacet
  facet normal 0.706795 0.707419 0
    outer loop
      vertex -8.24827 2.78718 2.6
      vertex -8.22559 2.76452 2
      vertex -8.24827 2.78718 2
    endloop
  endfacet
  facet normal 1 -0 0
    outer loop
      vertex -8.24827 2.78718 2.6
      vertex -8.24827 3.01378 2
      vertex -8.24827 3.01378 2.6
    endloop
  endfacet
  facet normal 1 0 0
    outer loop
      vertex -8.24827 3.01378 2
      vertex -8.24827 2.78718 2.6
      vertex -8.24827 2.78718 2
    endloop
  endfacet
  facet normal 0.707575 0.706639 0
    outer loop
      vertex -8.24827 3.01378 2.6
      vertex -8.27092 3.03646 2
      vertex -8.27092 3.03646 2.6
    endloop
  endfacet
  facet normal 0.707575 0.706639 0
    outer loop
      vertex -8.27092 3.03646 2
      vertex -8.24827 3.01378 2.6
      vertex -8.24827 3.01378 2
    endloop
  endfacet
  facet normal 1 -0 0
    outer loop
      vertex -8.27092 3.03646 2.6
      vertex -8.27092 3.30837 2
      vertex -8.27092 3.30837 2.6
    endloop
  endfacet
  facet normal 1 0 0
    outer loop
      vertex -8.27092 3.30837 2
      vertex -8.27092 3.03646 2.6
      vertex -8.27092 3.03646 2
    endloop
  endfacet
  facet normal 0.707107 0.707107 0
    outer loop
      vertex -8.27092 3.30837 2.6
      vertex -8.29357 3.33102 2
      vertex -8.29357 3.33102 2.6
    endloop
  endfacet
  facet normal 0.707107 0.707107 0
    outer loop
      vertex -8.29357 3.33102 2
      vertex -8.27092 3.30837 2.6
      vertex -8.27092 3.30837 2
    endloop
  endfacet
  facet normal 0.989958 0.14136 0
    outer loop
      vertex -8.29357 3.33102 2.6
      vertex -8.31622 3.48964 2
      vertex -8.31622 3.48964 2.6
    endloop
  endfacet
  facet normal 0.989958 0.14136 0
    outer loop
      vertex -8.31622 3.48964 2
      vertex -8.29357 3.33102 2.6
      vertex -8.29357 3.33102 2
    endloop
  endfacet
  facet normal 0.877881 0.478879 0
    outer loop
      vertex -8.31622 3.48964 2.6
      vertex -8.45219 3.7389 2
      vertex -8.45219 3.7389 2.6
    endloop
  endfacet
  facet normal 0.877881 0.478879 0
    outer loop
      vertex -8.45219 3.7389 2
      vertex -8.31622 3.48964 2.6
      vertex -8.31622 3.48964 2
    endloop
  endfacet
  facet normal 0.658463 0.752613 -0
    outer loop
      vertex -8.45219 3.7389 2
      vertex -8.63349 3.89752 2.6
      vertex -8.45219 3.7389 2.6
    endloop
  endfacet
  facet normal 0.658463 0.752613 0
    outer loop
      vertex -8.63349 3.89752 2.6
      vertex -8.45219 3.7389 2
      vertex -8.63349 3.89752 2
    endloop
  endfacet
  facet normal 0.447266 0.894401 -0
    outer loop
      vertex -8.63349 3.89752 2
      vertex -8.76943 3.9655 2.6
      vertex -8.63349 3.89752 2.6
    endloop
  endfacet
  facet normal 0.447266 0.894401 0
    outer loop
      vertex -8.76943 3.9655 2.6
      vertex -8.63349 3.89752 2
      vertex -8.76943 3.9655 2
    endloop
  endfacet
  facet normal 0.124129 0.992266 -0
    outer loop
      vertex -8.76943 3.9655 2
      vertex -8.95073 3.98818 2.6
      vertex -8.76943 3.9655 2.6
    endloop
  endfacet
  facet normal 0.124129 0.992266 0
    outer loop
      vertex -8.95073 3.98818 2.6
      vertex -8.76943 3.9655 2
      vertex -8.95073 3.98818 2
    endloop
  endfacet
  facet normal 0.707107 0.707107 -0
    outer loop
      vertex -8.95073 3.98818 2
      vertex -8.97338 4.01083 2.6
      vertex -8.95073 3.98818 2.6
    endloop
  endfacet
  facet normal 0.707107 0.707107 0
    outer loop
      vertex -8.97338 4.01083 2.6
      vertex -8.95073 3.98818 2
      vertex -8.97338 4.01083 2
    endloop
  endfacet
  facet normal -0.152085 0.988367 0
    outer loop
      vertex -8.97338 4.01083 2
      vertex -9.26797 3.9655 2.6
      vertex -8.97338 4.01083 2.6
    endloop
  endfacet
  facet normal -0.152085 0.988367 0
    outer loop
      vertex -9.26797 3.9655 2.6
      vertex -8.97338 4.01083 2
      vertex -9.26797 3.9655 2
    endloop
  endfacet
  facet normal -0.40612 0.91382 0
    outer loop
      vertex -9.26797 3.9655 2
      vertex -9.67585 3.78423 2.6
      vertex -9.26797 3.9655 2.6
    endloop
  endfacet
  facet normal -0.40612 0.91382 0
    outer loop
      vertex -9.67585 3.78423 2.6
      vertex -9.26797 3.9655 2
      vertex -9.67585 3.78423 2
    endloop
  endfacet
  facet normal -0.594423 0.804152 0
    outer loop
      vertex -9.67585 3.78423 2
      vertex -10.197 3.399 2.6
      vertex -9.67585 3.78423 2.6
    endloop
  endfacet
  facet normal -0.594423 0.804152 0
    outer loop
      vertex -10.197 3.399 2.6
      vertex -9.67585 3.78423 2
      vertex -10.197 3.399 2
    endloop
  endfacet
  facet normal -0.518966 0.854795 0
    outer loop
      vertex -10.197 3.399 2
      vertex -10.8315 3.01378 2.6
      vertex -10.197 3.399 2.6
    endloop
  endfacet
  facet normal -0.518966 0.854795 0
    outer loop
      vertex -10.8315 3.01378 2.6
      vertex -10.197 3.399 2
      vertex -10.8315 3.01378 2
    endloop
  endfacet
  facet normal 0 1 -0
    outer loop
      vertex -10.8315 3.01378 2
      vertex -10.8768 3.01378 2.6
      vertex -10.8315 3.01378 2.6
    endloop
  endfacet
  facet normal 0 1 0
    outer loop
      vertex -10.8768 3.01378 2.6
      vertex -10.8315 3.01378 2
      vertex -10.8768 3.01378 2
    endloop
  endfacet
  facet normal -0.496186 0.868216 0
    outer loop
      vertex -10.8768 3.01378 2
      vertex -11.0354 2.92314 2.6
      vertex -10.8768 3.01378 2.6
    endloop
  endfacet
  facet normal -0.496186 0.868216 0
    outer loop
      vertex -11.0354 2.92314 2.6
      vertex -10.8768 3.01378 2
      vertex -11.0354 2.92314 2
    endloop
  endfacet
  facet normal -0.336227 0.941781 0
    outer loop
      vertex -11.0354 2.92314 2
      vertex -11.3527 2.80986 2.6
      vertex -11.0354 2.92314 2.6
    endloop
  endfacet
  facet normal -0.336227 0.941781 0
    outer loop
      vertex -11.3527 2.80986 2.6
      vertex -11.0354 2.92314 2
      vertex -11.3527 2.80986 2
    endloop
  endfacet
  facet normal 0 1 -0
    outer loop
      vertex -11.3527 2.80986 2
      vertex -11.4207 2.80986 2.6
      vertex -11.3527 2.80986 2.6
    endloop
  endfacet
  facet normal 0 1 0
    outer loop
      vertex -11.4207 2.80986 2.6
      vertex -11.3527 2.80986 2
      vertex -11.4207 2.80986 2
    endloop
  endfacet
  facet normal -0.316325 0.948651 0
    outer loop
      vertex -11.4207 2.80986 2
      vertex -11.6246 2.74187 2.6
      vertex -11.4207 2.80986 2.6
    endloop
  endfacet
  facet normal -0.316325 0.948651 0
    outer loop
      vertex -11.6246 2.74187 2.6
      vertex -11.4207 2.80986 2
      vertex -11.6246 2.74187 2
    endloop
  endfacet
  facet normal 0 1 -0
    outer loop
      vertex -11.6246 2.74187 2
      vertex -11.7153 2.74187 2.6
      vertex -11.6246 2.74187 2.6
    endloop
  endfacet
  facet normal 0 1 0
    outer loop
      vertex -11.7153 2.74187 2.6
      vertex -11.6246 2.74187 2
      vertex -11.7153 2.74187 2
    endloop
  endfacet
  facet normal -0.708355 0.705856 0
    outer loop
      vertex -11.7379 2.71919 2
      vertex -11.7153 2.74187 2.6
      vertex -11.7153 2.74187 2
    endloop
  endfacet
  facet normal -0.708355 0.705856 0
    outer loop
      vertex -11.7153 2.74187 2.6
      vertex -11.7379 2.71919 2
      vertex -11.7379 2.71919 2.6
    endloop
  endfacet
  facet normal 0 1 -0
    outer loop
      vertex -11.7379 2.71919 2
      vertex -11.8285 2.71919 2.6
      vertex -11.7379 2.71919 2.6
    endloop
  endfacet
  facet normal 0 1 0
    outer loop
      vertex -11.8285 2.71919 2.6
      vertex -11.7379 2.71919 2
      vertex -11.8285 2.71919 2
    endloop
  endfacet
  facet normal -0.44695 0.894559 0
    outer loop
      vertex -11.8285 2.71919 2
      vertex -11.9645 2.65124 2.6
      vertex -11.8285 2.71919 2.6
    endloop
  endfacet
  facet normal -0.44695 0.894559 0
    outer loop
      vertex -11.9645 2.65124 2.6
      vertex -11.8285 2.71919 2
      vertex -11.9645 2.65124 2
    endloop
  endfacet
  facet normal -0.70738 0.706834 0
    outer loop
      vertex -12.0551 2.56057 2
      vertex -11.9645 2.65124 2.6
      vertex -11.9645 2.65124 2
    endloop
  endfacet
  facet normal -0.70738 0.706834 0
    outer loop
      vertex -11.9645 2.65124 2.6
      vertex -12.0551 2.56057 2
      vertex -12.0551 2.56057 2.6
    endloop
  endfacet
  facet normal -0.948646 0.316339 0
    outer loop
      vertex -12.1231 2.35665 2
      vertex -12.0551 2.56057 2.6
      vertex -12.0551 2.56057 2
    endloop
  endfacet
  facet normal -0.948646 0.316339 0
    outer loop
      vertex -12.0551 2.56057 2.6
      vertex -12.1231 2.35665 2
      vertex -12.1231 2.35665 2.6
    endloop
  endfacet
  facet normal -0.98546 -0.169909 0
    outer loop
      vertex -12.0098 1.69952 2
      vertex -12.1231 2.35665 2.6
      vertex -12.1231 2.35665 2
    endloop
  endfacet
  facet normal -0.98546 -0.169909 0
    outer loop
      vertex -12.1231 2.35665 2.6
      vertex -12.0098 1.69952 2
      vertex -12.0098 1.69952 2.6
    endloop
  endfacet
  facet normal -0.707419 -0.706795 0
    outer loop
      vertex -11.9645 1.65418 2
      vertex -12.0098 1.69952 2.6
      vertex -12.0098 1.69952 2
    endloop
  endfacet
  facet normal -0.707419 -0.706795 0
    outer loop
      vertex -12.0098 1.69952 2.6
      vertex -11.9645 1.65418 2
      vertex -11.9645 1.65418 2.6
    endloop
  endfacet
  facet normal 0 -1 0
    outer loop
      vertex -11.9645 1.65418 2
      vertex -11.8285 1.65418 2.6
      vertex -11.9645 1.65418 2.6
    endloop
  endfacet
  facet normal 0 -1 -0
    outer loop
      vertex -11.8285 1.65418 2.6
      vertex -11.9645 1.65418 2
      vertex -11.8285 1.65418 2
    endloop
  endfacet
  facet normal -0.832163 -0.554531 0
    outer loop
      vertex -11.7832 1.5862 2
      vertex -11.8285 1.65418 2.6
      vertex -11.8285 1.65418 2
    endloop
  endfacet
  facet normal -0.832163 -0.554531 0
    outer loop
      vertex -11.8285 1.65418 2.6
      vertex -11.7832 1.5862 2
      vertex -11.7832 1.5862 2.6
    endloop
  endfacet
  facet normal -0.640318 -0.76811 0
    outer loop
      vertex -11.7832 1.5862 2
      vertex -11.6473 1.47291 2.6
      vertex -11.7832 1.5862 2.6
    endloop
  endfacet
  facet normal -0.640318 -0.76811 -0
    outer loop
      vertex -11.6473 1.47291 2.6
      vertex -11.7832 1.5862 2
      vertex -11.6473 1.47291 2
    endloop
  endfacet
  facet normal 0 -1 0
    outer loop
      vertex -11.6473 1.47291 2
      vertex -11.5793 1.47291 2.6
      vertex -11.6473 1.47291 2.6
    endloop
  endfacet
  facet normal 0 -1 -0
    outer loop
      vertex -11.5793 1.47291 2.6
      vertex -11.6473 1.47291 2
      vertex -11.5793 1.47291 2
    endloop
  endfacet
  facet normal -0.706795 -0.707418 0
    outer loop
      vertex -11.5566 1.45023 2
      vertex -11.5793 1.47291 2.6
      vertex -11.5793 1.47291 2
    endloop
  endfacet
  facet normal -0.706795 -0.707418 0
    outer loop
      vertex -11.5793 1.47291 2.6
      vertex -11.5566 1.45023 2
      vertex -11.5566 1.45023 2.6
    endloop
  endfacet
  facet normal 0 -1 0
    outer loop
      vertex -11.5566 1.45023 2
      vertex -11.262 1.45023 2.6
      vertex -11.5566 1.45023 2.6
    endloop
  endfacet
  facet normal 0 -1 -0
    outer loop
      vertex -11.262 1.45023 2.6
      vertex -11.5566 1.45023 2
      vertex -11.262 1.45023 2
    endloop
  endfacet
  facet normal 0.274837 -0.961491 0
    outer loop
      vertex -11.262 1.45023 2
      vertex -10.9448 1.5409 2.6
      vertex -11.262 1.45023 2.6
    endloop
  endfacet
  facet normal 0.274837 -0.961491 0
    outer loop
      vertex -10.9448 1.5409 2.6
      vertex -11.262 1.45023 2
      vertex -10.9448 1.5409 2
    endloop
  endfacet
  facet normal 0.406103 -0.913827 0
    outer loop
      vertex -10.9448 1.5409 2
      vertex -10.5369 1.72217 2.6
      vertex -10.9448 1.5409 2.6
    endloop
  endfacet
  facet normal 0.406103 -0.913827 0
    outer loop
      vertex -10.5369 1.72217 2.6
      vertex -10.9448 1.5409 2
      vertex -10.5369 1.72217 2
    endloop
  endfacet
  facet normal 0.110405 -0.993887 0
    outer loop
      vertex -10.5369 1.72217 2
      vertex -10.333 1.74482 2.6
      vertex -10.5369 1.72217 2.6
    endloop
  endfacet
  facet normal 0.110405 -0.993887 0
    outer loop
      vertex -10.333 1.74482 2.6
      vertex -10.5369 1.72217 2
      vertex -10.333 1.74482 2
    endloop
  endfacet
  facet normal 0.706327 -0.707886 0
    outer loop
      vertex -10.333 1.74482 2.6
      vertex -10.3103 1.76747 2
      vertex -10.3103 1.76747 2.6
    endloop
  endfacet
  facet normal 0.706327 -0.707886 0
    outer loop
      vertex -10.3103 1.76747 2
      vertex -10.333 1.74482 2.6
      vertex -10.333 1.74482 2
    endloop
  endfacet
  facet normal 0 -1 0
    outer loop
      vertex -10.3103 1.76747 2
      vertex -10.129 1.76747 2.6
      vertex -10.3103 1.76747 2.6
    endloop
  endfacet
  facet normal 0 -1 -0
    outer loop
      vertex -10.129 1.76747 2.6
      vertex -10.3103 1.76747 2
      vertex -10.129 1.76747 2
    endloop
  endfacet
  facet normal -0.707888 -0.706325 0
    outer loop
      vertex -10.1064 1.74482 2
      vertex -10.129 1.76747 2.6
      vertex -10.129 1.76747 2
    endloop
  endfacet
  facet normal -0.707888 -0.706325 0
    outer loop
      vertex -10.129 1.76747 2.6
      vertex -10.1064 1.74482 2
      vertex -10.1064 1.74482 2.6
    endloop
  endfacet
  facet normal 0 -1 0
    outer loop
      vertex -10.1064 1.74482 2
      vertex -9.99309 1.74482 2.6
      vertex -10.1064 1.74482 2.6
    endloop
  endfacet
  facet normal 0 -1 -0
    outer loop
      vertex -9.99309 1.74482 2.6
      vertex -10.1064 1.74482 2
      vertex -9.99309 1.74482 2
    endloop
  endfacet
  facet normal -0.393919 -0.919145 0
    outer loop
      vertex -9.99309 1.74482 2
      vertex -9.83447 1.67684 2.6
      vertex -9.99309 1.74482 2.6
    endloop
  endfacet
  facet normal -0.393919 -0.919145 -0
    outer loop
      vertex -9.83447 1.67684 2.6
      vertex -9.99309 1.74482 2
      vertex -9.83447 1.67684 2
    endloop
  endfacet
  facet normal -0.707068 -0.707146 0
    outer loop
      vertex -9.83447 1.67684 2
      vertex -9.65317 1.49556 2.6
      vertex -9.83447 1.67684 2.6
    endloop
  endfacet
  facet normal -0.707068 -0.707146 -0
    outer loop
      vertex -9.65317 1.49556 2.6
      vertex -9.83447 1.67684 2
      vertex -9.65317 1.49556 2
    endloop
  endfacet
  facet normal -0.919187 -0.393821 0
    outer loop
      vertex -9.58521 1.33694 2
      vertex -9.65317 1.49556 2.6
      vertex -9.65317 1.49556 2
    endloop
  endfacet
  facet normal -0.919187 -0.393821 0
    outer loop
      vertex -9.65317 1.49556 2.6
      vertex -9.58521 1.33694 2
      vertex -9.58521 1.33694 2.6
    endloop
  endfacet
  facet normal -0.993874 -0.110522 0
    outer loop
      vertex -9.56253 1.13299 2
      vertex -9.58521 1.33694 2.6
      vertex -9.58521 1.33694 2
    endloop
  endfacet
  facet normal -0.993874 -0.110522 0
    outer loop
      vertex -9.58521 1.33694 2.6
      vertex -9.56253 1.13299 2
      vertex -9.56253 1.13299 2.6
    endloop
  endfacet
  facet normal -0.706639 0.707575 0
    outer loop
      vertex -9.56253 1.13299 2
      vertex -9.58521 1.11034 2.6
      vertex -9.56253 1.13299 2.6
    endloop
  endfacet
  facet normal -0.706639 0.707575 0
    outer loop
      vertex -9.58521 1.11034 2.6
      vertex -9.56253 1.13299 2
      vertex -9.58521 1.11034 2
    endloop
  endfacet
  facet normal -0.99389 0.110376 0
    outer loop
      vertex -9.60786 0.906387 2
      vertex -9.58521 1.11034 2.6
      vertex -9.58521 1.11034 2
    endloop
  endfacet
  facet normal -0.99389 0.110376 0
    outer loop
      vertex -9.58521 1.11034 2.6
      vertex -9.60786 0.906387 2
      vertex -9.60786 0.906387 2.6
    endloop
  endfacet
  facet normal -0.939792 0.341748 0
    outer loop
      vertex -9.6985 0.657131 2
      vertex -9.60786 0.906387 2.6
      vertex -9.60786 0.906387 2
    endloop
  endfacet
  facet normal -0.939792 0.341748 0
    outer loop
      vertex -9.60786 0.906387 2.6
      vertex -9.6985 0.657131 2
      vertex -9.6985 0.657131 2.6
    endloop
  endfacet
  facet normal -0.886586 0.462564 0
    outer loop
      vertex -9.97041 0.135967 2
      vertex -9.6985 0.657131 2.6
      vertex -9.6985 0.657131 2
    endloop
  endfacet
  facet normal -0.886586 0.462564 0
    outer loop
      vertex -9.6985 0.657131 2.6
      vertex -9.97041 0.135967 2
      vertex -9.97041 0.135967 2.6
    endloop
  endfacet
  facet normal -0.780742 0.624854 0
    outer loop
      vertex -10.0611 0.0226517 2
      vertex -9.97041 0.135967 2.6
      vertex -9.97041 0.135967 2
    endloop
  endfacet
  facet normal -0.780742 0.624854 0
    outer loop
      vertex -9.97041 0.135967 2.6
      vertex -10.0611 0.0226517 2
      vertex -10.0611 0.0226517 2.6
    endloop
  endfacet
  facet normal -0.857521 0.514448 0
    outer loop
      vertex -10.5369 -0.770448 2
      vertex -10.0611 0.0226517 2.6
      vertex -10.0611 0.0226517 2
    endloop
  endfacet
  facet normal -0.857521 0.514448 0
    outer loop
      vertex -10.0611 0.0226517 2.6
      vertex -10.5369 -0.770448 2
      vertex -10.5369 -0.770448 2.6
    endloop
  endfacet
  facet normal -0.894441 0.447186 0
    outer loop
      vertex -10.8088 -1.31429 2
      vertex -10.5369 -0.770448 2.6
      vertex -10.5369 -0.770448 2
    endloop
  endfacet
  facet normal -0.894441 0.447186 0
    outer loop
      vertex -10.5369 -0.770448 2.6
      vertex -10.8088 -1.31429 2
      vertex -10.8088 -1.31429 2.6
    endloop
  endfacet
  facet normal -1 0 0
    outer loop
      vertex -10.8088 -1.3596 2
      vertex -10.8088 -1.31429 2.6
      vertex -10.8088 -1.31429 2
    endloop
  endfacet
  facet normal -1 -0 0
    outer loop
      vertex -10.8088 -1.31429 2.6
      vertex -10.8088 -1.3596 2
      vertex -10.8088 -1.3596 2.6
    endloop
  endfacet
  facet normal -0.904801 0.425835 0
    outer loop
      vertex -10.9901 -1.74482 2
      vertex -10.8088 -1.3596 2.6
      vertex -10.8088 -1.3596 2
    endloop
  endfacet
  facet normal -0.904801 0.425835 0
    outer loop
      vertex -10.8088 -1.3596 2.6
      vertex -10.9901 -1.74482 2
      vertex -10.9901 -1.74482 2.6
    endloop
  endfacet
  facet normal -0.948655 0.316311 0
    outer loop
      vertex -11.1261 -2.1527 2
      vertex -10.9901 -1.74482 2.6
      vertex -10.9901 -1.74482 2
    endloop
  endfacet
  facet normal -0.948655 0.316311 0
    outer loop
      vertex -10.9901 -1.74482 2.6
      vertex -11.1261 -2.1527 2
      vertex -11.1261 -2.1527 2.6
    endloop
  endfacet
  facet normal -1 0 0
    outer loop
      vertex -11.1261 -2.22068 2
      vertex -11.1261 -2.1527 2.6
      vertex -11.1261 -2.1527 2
    endloop
  endfacet
  facet normal -1 -0 0
    outer loop
      vertex -11.1261 -2.1527 2.6
      vertex -11.1261 -2.22068 2
      vertex -11.1261 -2.22068 2.6
    endloop
  endfacet
  facet normal -0.894506 0.447056 0
    outer loop
      vertex -11.1714 -2.31132 2
      vertex -11.1261 -2.22068 2.6
      vertex -11.1261 -2.22068 2
    endloop
  endfacet
  facet normal -0.894506 0.447056 0
    outer loop
      vertex -11.1261 -2.22068 2.6
      vertex -11.1714 -2.31132 2
      vertex -11.1714 -2.31132 2.6
    endloop
  endfacet
  facet normal -0.986407 0.164323 0
    outer loop
      vertex -11.2167 -2.58325 2
      vertex -11.1714 -2.31132 2.6
      vertex -11.1714 -2.31132 2
    endloop
  endfacet
  facet normal -0.986407 0.164323 0
    outer loop
      vertex -11.1714 -2.31132 2.6
      vertex -11.2167 -2.58325 2
      vertex -11.2167 -2.58325 2.6
    endloop
  endfacet
  facet normal -0.928522 0.371278 0
    outer loop
      vertex -11.262 -2.69654 2
      vertex -11.2167 -2.58325 2.6
      vertex -11.2167 -2.58325 2
    endloop
  endfacet
  facet normal -0.928522 0.371278 0
    outer loop
      vertex -11.2167 -2.58325 2.6
      vertex -11.262 -2.69654 2
      vertex -11.262 -2.69654 2.6
    endloop
  endfacet
  facet normal -0.993862 0.110624 0
    outer loop
      vertex -11.3074 -3.10442 2
      vertex -11.262 -2.69654 2.6
      vertex -11.262 -2.69654 2
    endloop
  endfacet
  facet normal -0.993862 0.110624 0
    outer loop
      vertex -11.262 -2.69654 2.6
      vertex -11.3074 -3.10442 2
      vertex -11.3074 -3.10442 2.6
    endloop
  endfacet
  facet normal -0.708355 0.705856 0
    outer loop
      vertex -11.33 -3.1271 2
      vertex -11.3074 -3.10442 2.6
      vertex -11.3074 -3.10442 2
    endloop
  endfacet
  facet normal -0.708355 0.705856 0
    outer loop
      vertex -11.3074 -3.10442 2.6
      vertex -11.33 -3.1271 2
      vertex -11.33 -3.1271 2.6
    endloop
  endfacet
  facet normal -1 0 0
    outer loop
      vertex -11.33 -3.37635 2
      vertex -11.33 -3.1271 2.6
      vertex -11.33 -3.1271 2
    endloop
  endfacet
  facet normal -1 -0 0
    outer loop
      vertex -11.33 -3.1271 2.6
      vertex -11.33 -3.37635 2
      vertex -11.33 -3.37635 2.6
    endloop
  endfacet
  facet normal -0.706327 0.707886 0
    outer loop
      vertex -11.3527 -3.399 2
      vertex -11.33 -3.37635 2.6
      vertex -11.33 -3.37635 2
    endloop
  endfacet
  facet normal -0.706327 0.707886 0
    outer loop
      vertex -11.33 -3.37635 2.6
      vertex -11.3527 -3.399 2
      vertex -11.3527 -3.399 2.6
    endloop
  endfacet
  facet normal -1 0 0
    outer loop
      vertex -11.3527 -3.94285 2
      vertex -11.3527 -3.399 2.6
      vertex -11.3527 -3.399 2
    endloop
  endfacet
  facet normal -1 -0 0
    outer loop
      vertex -11.3527 -3.399 2.6
      vertex -11.3527 -3.94285 2
      vertex -11.3527 -3.94285 2.6
    endloop
  endfacet
  facet normal -0.706327 -0.707886 0
    outer loop
      vertex -11.33 -3.9655 2
      vertex -11.3527 -3.94285 2.6
      vertex -11.3527 -3.94285 2
    endloop
  endfacet
  facet normal -0.706327 -0.707886 0
    outer loop
      vertex -11.3527 -3.94285 2.6
      vertex -11.33 -3.9655 2
      vertex -11.33 -3.9655 2.6
    endloop
  endfacet
  facet normal -1 0 0
    outer loop
      vertex -11.33 -4.26009 2
      vertex -11.33 -3.9655 2.6
      vertex -11.33 -3.9655 2
    endloop
  endfacet
  facet normal -1 -0 0
    outer loop
      vertex -11.33 -3.9655 2.6
      vertex -11.33 -4.26009 2
      vertex -11.33 -4.26009 2.6
    endloop
  endfacet
  facet normal -0.707888 -0.706325 0
    outer loop
      vertex -11.33 -4.26009 2
      vertex -11.3074 -4.28274 2.6
      vertex -11.33 -4.26009 2.6
    endloop
  endfacet
  facet normal -0.707888 -0.706325 -0
    outer loop
      vertex -11.3074 -4.28274 2.6
      vertex -11.33 -4.26009 2
      vertex -11.3074 -4.28274 2
    endloop
  endfacet
  facet normal -0.99502 -0.0996754 0
    outer loop
      vertex -11.262 -4.73595 2
      vertex -11.3074 -4.28274 2.6
      vertex -11.3074 -4.28274 2
    endloop
  endfacet
  facet normal -0.99502 -0.0996754 0
    outer loop
      vertex -11.3074 -4.28274 2.6
      vertex -11.262 -4.73595 2
      vertex -11.262 -4.73595 2.6
    endloop
  endfacet
  facet normal -0.707888 -0.706325 0
    outer loop
      vertex -11.2394 -4.7586 2
      vertex -11.262 -4.73595 2.6
      vertex -11.262 -4.73595 2
    endloop
  endfacet
  facet normal -0.707888 -0.706325 0
    outer loop
      vertex -11.262 -4.73595 2.6
      vertex -11.2394 -4.7586 2
      vertex -11.2394 -4.7586 2.6
    endloop
  endfacet
  facet normal -1 0 0
    outer loop
      vertex -11.2394 -4.84926 2
      vertex -11.2394 -4.7586 2.6
      vertex -11.2394 -4.7586 2
    endloop
  endfacet
  facet normal -1 -0 0
    outer loop
      vertex -11.2394 -4.7586 2.6
      vertex -11.2394 -4.84926 2
      vertex -11.2394 -4.84926 2.6
    endloop
  endfacet
  facet normal -0.706483 -0.70773 0
    outer loop
      vertex -11.2394 -4.84926 2
      vertex -11.2167 -4.87192 2.6
      vertex -11.2394 -4.84926 2.6
    endloop
  endfacet
  facet normal -0.706483 -0.70773 -0
    outer loop
      vertex -11.2167 -4.87192 2.6
      vertex -11.2394 -4.84926 2
      vertex -11.2167 -4.87192 2
    endloop
  endfacet
  facet normal -0.984775 -0.173835 0
    outer loop
      vertex -11.1487 -5.25714 2
      vertex -11.2167 -4.87192 2.6
      vertex -11.2167 -4.87192 2
    endloop
  endfacet
  facet normal -0.984775 -0.173835 0
    outer loop
      vertex -11.2167 -4.87192 2.6
      vertex -11.1487 -5.25714 2
      vertex -11.1487 -5.25714 2.6
    endloop
  endfacet
  facet normal -0.894506 -0.447056 0
    outer loop
      vertex -11.1034 -5.34778 2
      vertex -11.1487 -5.25714 2.6
      vertex -11.1487 -5.25714 2
    endloop
  endfacet
  facet normal -0.894506 -0.447056 0
    outer loop
      vertex -11.1487 -5.25714 2.6
      vertex -11.1034 -5.34778 2
      vertex -11.1034 -5.34778 2.6
    endloop
  endfacet
  facet normal -0.980597 -0.196033 0
    outer loop
      vertex -11.0581 -5.57438 2
      vertex -11.1034 -5.34778 2.6
      vertex -11.1034 -5.34778 2
    endloop
  endfacet
  facet normal -0.980597 -0.196033 0
    outer loop
      vertex -11.1034 -5.34778 2.6
      vertex -11.0581 -5.57438 2
      vertex -11.0581 -5.57438 2.6
    endloop
  endfacet
  facet normal -0.948695 -0.316192 0
    outer loop
      vertex -10.8995 -6.05024 2
      vertex -11.0581 -5.57438 2.6
      vertex -11.0581 -5.57438 2
    endloop
  endfacet
  facet normal -0.948695 -0.316192 0
    outer loop
      vertex -11.0581 -5.57438 2.6
      vertex -10.8995 -6.05024 2
      vertex -10.8995 -6.05024 2.6
    endloop
  endfacet
  facet normal -0.832163 -0.554531 0
    outer loop
      vertex -10.8542 -6.11822 2
      vertex -10.8995 -6.05024 2.6
      vertex -10.8995 -6.05024 2
    endloop
  endfacet
  facet normal -0.832163 -0.554531 0
    outer loop
      vertex -10.8995 -6.05024 2.6
      vertex -10.8542 -6.11822 2
      vertex -10.8542 -6.11822 2.6
    endloop
  endfacet
  facet normal -0.942954 -0.332923 0
    outer loop
      vertex -10.7182 -6.50342 2
      vertex -10.8542 -6.11822 2.6
      vertex -10.8542 -6.11822 2
    endloop
  endfacet
  facet normal -0.942954 -0.332923 0
    outer loop
      vertex -10.8542 -6.11822 2.6
      vertex -10.7182 -6.50342 2
      vertex -10.7182 -6.50342 2.6
    endloop
  endfacet
  facet normal -0.874167 -0.485625 0
    outer loop
      vertex -10.6049 -6.70737 2
      vertex -10.7182 -6.50342 2.6
      vertex -10.7182 -6.50342 2
    endloop
  endfacet
  facet normal -0.874167 -0.485625 0
    outer loop
      vertex -10.7182 -6.50342 2.6
      vertex -10.6049 -6.70737 2
      vertex -10.6049 -6.70737 2.6
    endloop
  endfacet
  facet normal -1 0 0
    outer loop
      vertex -10.6049 -6.7527 2
      vertex -10.6049 -6.70737 2.6
      vertex -10.6049 -6.70737 2
    endloop
  endfacet
  facet normal -1 -0 0
    outer loop
      vertex -10.6049 -6.70737 2.6
      vertex -10.6049 -6.7527 2
      vertex -10.6049 -6.7527 2.6
    endloop
  endfacet
  facet normal -0.885801 -0.464065 0
    outer loop
      vertex -10.3556 -7.22856 2
      vertex -10.6049 -6.7527 2.6
      vertex -10.6049 -6.7527 2
    endloop
  endfacet
  facet normal -0.885801 -0.464065 0
    outer loop
      vertex -10.6049 -6.7527 2.6
      vertex -10.3556 -7.22856 2
      vertex -10.3556 -7.22856 2.6
    endloop
  endfacet
  facet normal -0.846244 -0.532796 0
    outer loop
      vertex -9.97041 -7.84036 2
      vertex -10.3556 -7.22856 2.6
      vertex -10.3556 -7.22856 2
    endloop
  endfacet
  facet normal -0.846244 -0.532796 0
    outer loop
      vertex -10.3556 -7.22856 2.6
      vertex -9.97041 -7.84036 2
      vertex -9.97041 -7.84036 2.6
    endloop
  endfacet
  facet normal -0.794385 -0.607414 0
    outer loop
      vertex -9.67585 -8.22559 2
      vertex -9.97041 -7.84036 2.6
      vertex -9.97041 -7.84036 2
    endloop
  endfacet
  facet normal -0.794385 -0.607414 0
    outer loop
      vertex -9.97041 -7.84036 2.6
      vertex -9.67585 -8.22559 2
      vertex -9.67585 -8.22559 2.6
    endloop
  endfacet
  facet normal -0.720839 -0.693103 0
    outer loop
      vertex -9.10935 -8.81476 2
      vertex -9.67585 -8.22559 2.6
      vertex -9.67585 -8.22559 2
    endloop
  endfacet
  facet normal -0.720839 -0.693103 0
    outer loop
      vertex -9.67585 -8.22559 2.6
      vertex -9.10935 -8.81476 2
      vertex -9.10935 -8.81476 2.6
    endloop
  endfacet
  facet normal -0.6 -0.8 0
    outer loop
      vertex -9.10935 -8.81476 2
      vertex -8.56551 -9.22264 2.6
      vertex -9.10935 -8.81476 2.6
    endloop
  endfacet
  facet normal -0.6 -0.8 -0
    outer loop
      vertex -8.56551 -9.22264 2.6
      vertex -9.10935 -8.81476 2
      vertex -8.56551 -9.22264 2
    endloop
  endfacet
  facet normal -0.467896 -0.883783 0
    outer loop
      vertex -8.56551 -9.22264 2
      vertex -8.18028 -9.42659 2.6
      vertex -8.56551 -9.22264 2.6
    endloop
  endfacet
  facet normal -0.467896 -0.883783 -0
    outer loop
      vertex -8.18028 -9.42659 2.6
      vertex -8.56551 -9.22264 2
      vertex -8.18028 -9.42659 2
    endloop
  endfacet
  facet normal -0.325084 -0.945685 0
    outer loop
      vertex -8.18028 -9.42659 2
      vertex -7.45517 -9.67585 2.6
      vertex -8.18028 -9.42659 2.6
    endloop
  endfacet
  facet normal -0.325084 -0.945685 -0
    outer loop
      vertex -7.45517 -9.67585 2.6
      vertex -8.18028 -9.42659 2
      vertex -7.45517 -9.67585 2
    endloop
  endfacet
  facet normal 0 -1 0
    outer loop
      vertex -7.45517 -9.67585 2
      vertex -7.38718 -9.67585 2.6
      vertex -7.45517 -9.67585 2.6
    endloop
  endfacet
  facet normal 0 -1 -0
    outer loop
      vertex -7.38718 -9.67585 2.6
      vertex -7.45517 -9.67585 2
      vertex -7.38718 -9.67585 2
    endloop
  endfacet
  facet normal -0.274684 -0.961535 0
    outer loop
      vertex -7.38718 -9.67585 2
      vertex -6.91132 -9.81179 2.6
      vertex -7.38718 -9.67585 2.6
    endloop
  endfacet
  facet normal -0.274684 -0.961535 -0
    outer loop
      vertex -6.91132 -9.81179 2.6
      vertex -7.38718 -9.67585 2
      vertex -6.91132 -9.81179 2
    endloop
  endfacet
  facet normal -0.164434 -0.986388 0
    outer loop
      vertex -6.91132 -9.81179 2
      vertex -6.36748 -9.90245 2.6
      vertex -6.91132 -9.81179 2.6
    endloop
  endfacet
  facet normal -0.164434 -0.986388 -0
    outer loop
      vertex -6.36748 -9.90245 2.6
      vertex -6.91132 -9.81179 2
      vertex -6.36748 -9.90245 2
    endloop
  endfacet
  facet normal -0.706639 -0.707575 0
    outer loop
      vertex -6.36748 -9.90245 2
      vertex -6.3448 -9.9251 2.6
      vertex -6.36748 -9.90245 2.6
    endloop
  endfacet
  facet normal -0.706639 -0.707575 -0
    outer loop
      vertex -6.3448 -9.9251 2.6
      vertex -6.36748 -9.90245 2
      vertex -6.3448 -9.9251 2
    endloop
  endfacet
  facet normal 0 -1 0
    outer loop
      vertex -6.3448 -9.9251 2
      vertex -6.23151 -9.9251 2.6
      vertex -6.3448 -9.9251 2.6
    endloop
  endfacet
  facet normal 0 -1 -0
    outer loop
      vertex -6.23151 -9.9251 2.6
      vertex -6.3448 -9.9251 2
      vertex -6.23151 -9.9251 2
    endloop
  endfacet
  facet normal -0.707263 -0.706951 0
    outer loop
      vertex -6.20886 -9.94776 2
      vertex -6.23151 -9.9251 2.6
      vertex -6.23151 -9.9251 2
    endloop
  endfacet
  facet normal -0.707263 -0.706951 0
    outer loop
      vertex -6.23151 -9.9251 2.6
      vertex -6.20886 -9.94776 2
      vertex -6.20886 -9.94776 2.6
    endloop
  endfacet
  facet normal 0 -1 0
    outer loop
      vertex -6.20886 -9.94776 2
      vertex -6.09554 -9.94776 2.6
      vertex -6.20886 -9.94776 2.6
    endloop
  endfacet
  facet normal 0 -1 -0
    outer loop
      vertex -6.09554 -9.94776 2.6
      vertex -6.20886 -9.94776 2
      vertex -6.09554 -9.94776 2
    endloop
  endfacet
  facet normal -0.707107 -0.707107 0
    outer loop
      vertex -6.07289 -9.97041 2
      vertex -6.09554 -9.94776 2.6
      vertex -6.09554 -9.94776 2
    endloop
  endfacet
  facet normal -0.707107 -0.707107 0
    outer loop
      vertex -6.09554 -9.94776 2.6
      vertex -6.07289 -9.97041 2
      vertex -6.07289 -9.97041 2.6
    endloop
  endfacet
  facet normal 0 -1 0
    outer loop
      vertex -6.07289 -9.97041 2
      vertex -5.9596 -9.97041 2.6
      vertex -6.07289 -9.97041 2.6
    endloop
  endfacet
  facet normal 0 -1 -0
    outer loop
      vertex -5.9596 -9.97041 2.6
      vertex -6.07289 -9.97041 2
      vertex -5.9596 -9.97041 2
    endloop
  endfacet
  facet normal -0.274553 -0.961572 0
    outer loop
      vertex -5.9596 -9.97041 2
      vertex -5.80098 -10.0157 2.6
      vertex -5.9596 -9.97041 2.6
    endloop
  endfacet
  facet normal -0.274553 -0.961572 -0
    outer loop
      vertex -5.80098 -10.0157 2.6
      vertex -5.9596 -9.97041 2
      vertex -5.80098 -10.0157 2
    endloop
  endfacet
  facet normal 0 -1 0
    outer loop
      vertex -5.80098 -10.0157 2
      vertex -5.66502 -10.0157 2.6
      vertex -5.80098 -10.0157 2.6
    endloop
  endfacet
  facet normal 0 -1 -0
    outer loop
      vertex -5.66502 -10.0157 2.6
      vertex -5.80098 -10.0157 2
      vertex -5.66502 -10.0157 2
    endloop
  endfacet
  facet normal -0.70773 -0.706483 0
    outer loop
      vertex -5.64236 -10.0384 2
      vertex -5.66502 -10.0157 2.6
      vertex -5.66502 -10.0157 2
    endloop
  endfacet
  facet normal -0.70773 -0.706483 0
    outer loop
      vertex -5.66502 -10.0157 2.6
      vertex -5.64236 -10.0384 2
      vertex -5.64236 -10.0384 2.6
    endloop
  endfacet
  facet normal -0.0713722 -0.99745 0
    outer loop
      vertex -5.64236 -10.0384 2
      vertex -5.32512 -10.0611 2.6
      vertex -5.64236 -10.0384 2.6
    endloop
  endfacet
  facet normal -0.0713722 -0.99745 -0
    outer loop
      vertex -5.32512 -10.0611 2.6
      vertex -5.64236 -10.0384 2
      vertex -5.32512 -10.0611 2
    endloop
  endfacet
  facet normal -0.705856 -0.708355 0
    outer loop
      vertex -5.32512 -10.0611 2
      vertex -5.30244 -10.0837 2.6
      vertex -5.32512 -10.0611 2.6
    endloop
  endfacet
  facet normal -0.705856 -0.708355 -0
    outer loop
      vertex -5.30244 -10.0837 2.6
      vertex -5.32512 -10.0611 2
      vertex -5.30244 -10.0837 2
    endloop
  endfacet
  facet normal 0 -1 0
    outer loop
      vertex -5.30244 -10.0837 2
      vertex -5.14382 -10.0837 2.6
      vertex -5.30244 -10.0837 2.6
    endloop
  endfacet
  facet normal 0 -1 -0
    outer loop
      vertex -5.14382 -10.0837 2.6
      vertex -5.30244 -10.0837 2
      vertex -5.14382 -10.0837 2
    endloop
  endfacet
  facet normal -0.707886 -0.706327 0
    outer loop
      vertex -5.12117 -10.1064 2
      vertex -5.14382 -10.0837 2.6
      vertex -5.14382 -10.0837 2
    endloop
  endfacet
  facet normal -0.707886 -0.706327 0
    outer loop
      vertex -5.14382 -10.0837 2.6
      vertex -5.12117 -10.1064 2
      vertex -5.12117 -10.1064 2.6
    endloop
  endfacet
  facet normal -0.0712158 -0.997461 0
    outer loop
      vertex -5.12117 -10.1064 2
      vertex -4.48669 -10.1517 2.6
      vertex -5.12117 -10.1064 2.6
    endloop
  endfacet
  facet normal -0.0712158 -0.997461 -0
    outer loop
      vertex -4.48669 -10.1517 2.6
      vertex -5.12117 -10.1064 2
      vertex -4.48669 -10.1517 2
    endloop
  endfacet
  facet normal -0.707886 -0.706327 0
    outer loop
      vertex -4.46404 -10.1744 2
      vertex -4.48669 -10.1517 2.6
      vertex -4.48669 -10.1517 2
    endloop
  endfacet
  facet normal -0.707886 -0.706327 0
    outer loop
      vertex -4.48669 -10.1517 2.6
      vertex -4.46404 -10.1744 2
      vertex -4.46404 -10.1744 2.6
    endloop
  endfacet
  facet normal 0 -1 0
    outer loop
      vertex -4.46404 -10.1744 2
      vertex -4.23744 -10.1744 2.6
      vertex -4.46404 -10.1744 2.6
    endloop
  endfacet
  facet normal 0 -1 -0
    outer loop
      vertex -4.23744 -10.1744 2.6
      vertex -4.46404 -10.1744 2
      vertex -4.23744 -10.1744 2
    endloop
  endfacet
  facet normal -0.705856 -0.708355 0
    outer loop
      vertex -4.23744 -10.1744 2
      vertex -4.21476 -10.197 2.6
      vertex -4.23744 -10.1744 2.6
    endloop
  endfacet
  facet normal -0.705856 -0.708355 -0
    outer loop
      vertex -4.21476 -10.197 2.6
      vertex -4.23744 -10.1744 2
      vertex -4.21476 -10.197 2
    endloop
  endfacet
  facet normal 0 -1 0
    outer loop
      vertex -4.21476 -10.197 2
      vertex -3.9655 -10.197 2.6
      vertex -4.21476 -10.197 2.6
    endloop
  endfacet
  facet normal 0 -1 -0
    outer loop
      vertex -3.9655 -10.197 2.6
      vertex -4.21476 -10.197 2
      vertex -3.9655 -10.197 2
    endloop
  endfacet
  facet normal -0.707886 -0.706327 0
    outer loop
      vertex -3.94285 -10.2197 2
      vertex -3.9655 -10.197 2.6
      vertex -3.9655 -10.197 2
    endloop
  endfacet
  facet normal -0.707886 -0.706327 0
    outer loop
      vertex -3.9655 -10.197 2.6
      vertex -3.94285 -10.2197 2
      vertex -3.94285 -10.2197 2.6
    endloop
  endfacet
  facet normal 0 -1 0
    outer loop
      vertex -3.94285 -10.2197 2
      vertex -3.67094 -10.2197 2.6
      vertex -3.94285 -10.2197 2.6
    endloop
  endfacet
  facet normal 0 -1 -0
    outer loop
      vertex -3.67094 -10.2197 2.6
      vertex -3.94285 -10.2197 2
      vertex -3.67094 -10.2197 2
    endloop
  endfacet
  facet normal -0.705856 -0.708355 0
    outer loop
      vertex -3.67094 -10.2197 2
      vertex -3.64826 -10.2423 2.6
      vertex -3.67094 -10.2197 2.6
    endloop
  endfacet
  facet normal -0.705856 -0.708355 -0
    outer loop
      vertex -3.64826 -10.2423 2.6
      vertex -3.67094 -10.2197 2
      vertex -3.64826 -10.2423 2
    endloop
  endfacet
  facet normal -0.0370781 -0.999312 0
    outer loop
      vertex -3.64826 -10.2423 2
      vertex -3.03646 -10.265 2.6
      vertex -3.64826 -10.2423 2.6
    endloop
  endfacet
  facet normal -0.0370781 -0.999312 -0
    outer loop
      vertex -3.03646 -10.265 2.6
      vertex -3.64826 -10.2423 2
      vertex -3.03646 -10.265 2
    endloop
  endfacet
  facet normal -0.705856 -0.708355 0
    outer loop
      vertex -3.03646 -10.265 2
      vertex -3.01378 -10.2876 2.6
      vertex -3.03646 -10.265 2.6
    endloop
  endfacet
  facet normal -0.705856 -0.708355 -0
    outer loop
      vertex -3.01378 -10.2876 2.6
      vertex -3.03646 -10.265 2
      vertex -3.01378 -10.2876 2
    endloop
  endfacet
  facet normal -0.0385009 -0.999259 0
    outer loop
      vertex -3.01378 -10.2876 2
      vertex -1.83546 -10.333 2.6
      vertex -3.01378 -10.2876 2.6
    endloop
  endfacet
  facet normal -0.0385009 -0.999259 -0
    outer loop
      vertex -1.83546 -10.333 2.6
      vertex -3.01378 -10.2876 2
      vertex -1.83546 -10.333 2
    endloop
  endfacet
  facet normal -0.706169 -0.708044 0
    outer loop
      vertex -1.8128 -10.3556 2
      vertex -1.83546 -10.333 2.6
      vertex -1.83546 -10.333 2
    endloop
  endfacet
  facet normal -0.706169 -0.708044 0
    outer loop
      vertex -1.83546 -10.333 2.6
      vertex -1.8128 -10.3556 2
      vertex -1.8128 -10.3556 2.6
    endloop
  endfacet
  facet normal 0 -1 0
    outer loop
      vertex -1.8128 -10.3556 2
      vertex -1.24631 -10.3556 2.6
      vertex -1.8128 -10.3556 2.6
    endloop
  endfacet
  facet normal 0 -1 -0
    outer loop
      vertex -1.24631 -10.3556 2.6
      vertex -1.8128 -10.3556 2
      vertex -1.24631 -10.3556 2
    endloop
  endfacet
  facet normal -0.707886 -0.706327 0
    outer loop
      vertex -1.22366 -10.3783 2
      vertex -1.24631 -10.3556 2.6
      vertex -1.24631 -10.3556 2
    endloop
  endfacet
  facet normal -0.707886 -0.706327 0
    outer loop
      vertex -1.24631 -10.3556 2.6
      vertex -1.22366 -10.3783 2
      vertex -1.22366 -10.3783 2.6
    endloop
  endfacet
  facet normal -0.0101182 -0.999949 0
    outer loop
      vertex -1.22366 -10.3783 2
      vertex 1.0197 -10.401 2.6
      vertex -1.22366 -10.3783 2.6
    endloop
  endfacet
  facet normal -0.0101182 -0.999949 -0
    outer loop
      vertex 1.0197 -10.401 2.6
      vertex -1.22366 -10.3783 2
      vertex 1.0197 -10.401 2
    endloop
  endfacet
  facet normal 0.70773 -0.706483 0
    outer loop
      vertex 1.0197 -10.401 2.6
      vertex 1.04236 -10.3783 2
      vertex 1.04236 -10.3783 2.6
    endloop
  endfacet
  facet normal 0.70773 -0.706483 0
    outer loop
      vertex 1.04236 -10.3783 2
      vertex 1.0197 -10.401 2.6
      vertex 1.0197 -10.401 2
    endloop
  endfacet
endsolid OpenSCAD_Model
