solid OpenSCAD_Model
  facet normal -0.359891 -0.932994 0
    outer loop
      vertex -5.35757 -12.9343 0
      vertex -4.71646 -13.1816 2
      vertex -5.35757 -12.9343 2
    endloop
  endfacet
  facet normal -0.359891 -0.932994 -0
    outer loop
      vertex -4.71646 -13.1816 2
      vertex -5.35757 -12.9343 0
      vertex -4.71646 -13.1816 0
    endloop
  endfacet
  facet normal -0.914189 -0.405288 0
    outer loop
      vertex -12.6558 -5.98577 0
      vertex -12.9343 -5.35757 2
      vertex -12.9343 -5.35757 0
    endloop
  endfacet
  facet normal -0.914189 -0.405288 0
    outer loop
      vertex -12.9343 -5.35757 2
      vertex -12.6558 -5.98577 0
      vertex -12.6558 -5.98577 2
    endloop
  endfacet
  facet normal 0.963803 0.266615 0
    outer loop
      vertex 13.5804 3.40172 2
      vertex 13.3972 4.06398 0
      vertex 13.3972 4.06398 2
    endloop
  endfacet
  facet normal 0.963803 0.266615 0
    outer loop
      vertex 13.3972 4.06398 0
      vertex 13.5804 3.40172 2
      vertex 13.5804 3.40172 0
    endloop
  endfacet
  facet normal 0.78832 0.615266 0
    outer loop
      vertex 11.2449 8.33979 2
      vertex 10.8221 8.88151 0
      vertex 10.8221 8.88151 2
    endloop
  endfacet
  facet normal 0.78832 0.615266 0
    outer loop
      vertex 10.8221 8.88151 0
      vertex 11.2449 8.33979 2
      vertex 11.2449 8.33979 0
    endloop
  endfacet
  facet normal 0.492898 0.870087 -0
    outer loop
      vertex 7.19744 12.0082 0
      vertex 6.59955 12.3469 2
      vertex 7.19744 12.0082 2
    endloop
  endfacet
  facet normal 0.492898 0.870087 0
    outer loop
      vertex 6.59955 12.3469 2
      vertex 7.19744 12.0082 0
      vertex 6.59955 12.3469 0
    endloop
  endfacet
  facet normal -0.893254 0.449552 0
    outer loop
      vertex -12.6558 5.98577 0
      vertex -12.3469 6.59955 2
      vertex -12.3469 6.59955 0
    endloop
  endfacet
  facet normal -0.893254 0.449552 0
    outer loop
      vertex -12.3469 6.59955 2
      vertex -12.6558 5.98577 0
      vertex -12.6558 5.98577 2
    endloop
  endfacet
  facet normal -0.313747 0.949507 0
    outer loop
      vertex -4.06398 13.3972 0
      vertex -4.71646 13.1816 2
      vertex -4.06398 13.3972 2
    endloop
  endfacet
  facet normal -0.313747 0.949507 0
    outer loop
      vertex -4.71646 13.1816 2
      vertex -4.06398 13.3972 0
      vertex -4.71646 13.1816 0
    endloop
  endfacet
  facet normal -0.575836 0.817565 0
    outer loop
      vertex -7.77798 11.6406 0
      vertex -8.33979 11.2449 2
      vertex -7.77798 11.6406 2
    endloop
  endfacet
  facet normal -0.575836 0.817565 0
    outer loop
      vertex -8.33979 11.2449 2
      vertex -7.77798 11.6406 0
      vertex -8.33979 11.2449 0
    endloop
  endfacet
  facet normal 0.999698 -0.0245942 0
    outer loop
      vertex 13.9831 -0.686947 2
      vertex 14 0 0
      vertex 14 0 2
    endloop
  endfacet
  facet normal 0.999698 -0.0245942 0
    outer loop
      vertex 14 0 0
      vertex 13.9831 -0.686947 2
      vertex 13.9831 -0.686947 0
    endloop
  endfacet
  facet normal 0.914189 -0.405288 0
    outer loop
      vertex 12.6558 -5.98577 2
      vertex 12.9343 -5.35757 0
      vertex 12.9343 -5.35757 2
    endloop
  endfacet
  facet normal 0.914189 -0.405288 0
    outer loop
      vertex 12.9343 -5.35757 0
      vertex 12.6558 -5.98577 2
      vertex 12.6558 -5.98577 0
    endloop
  endfacet
  facet normal 0.219161 -0.975689 0
    outer loop
      vertex 2.73126 -13.731 0
      vertex 3.40172 -13.5804 2
      vertex 2.73126 -13.731 2
    endloop
  endfacet
  facet normal 0.219161 -0.975689 0
    outer loop
      vertex 3.40172 -13.5804 2
      vertex 2.73126 -13.731 0
      vertex 3.40172 -13.5804 0
    endloop
  endfacet
  facet normal 0.689532 -0.724255 0
    outer loop
      vertex 9.40182 -10.3733 0
      vertex 9.89949 -9.89949 2
      vertex 9.40182 -10.3733 2
    endloop
  endfacet
  facet normal 0.689532 -0.724255 0
    outer loop
      vertex 9.89949 -9.89949 2
      vertex 9.40182 -10.3733 0
      vertex 9.89949 -9.89949 0
    endloop
  endfacet
  facet normal 0.870087 0.492898 0
    outer loop
      vertex 12.3469 6.59955 2
      vertex 12.0082 7.19744 0
      vertex 12.0082 7.19744 2
    endloop
  endfacet
  facet normal 0.870087 0.492898 0
    outer loop
      vertex 12.0082 7.19744 0
      vertex 12.3469 6.59955 2
      vertex 12.3469 6.59955 0
    endloop
  endfacet
  facet normal 0.0245942 0.999698 -0
    outer loop
      vertex 0.686947 13.9831 0
      vertex 0 14 2
      vertex 0.686947 13.9831 2
    endloop
  endfacet
  facet normal 0.0245942 0.999698 0
    outer loop
      vertex 0 14 2
      vertex 0.686947 13.9831 0
      vertex 0 14 0
    endloop
  endfacet
  facet normal 0.170996 0.985272 -0
    outer loop
      vertex 2.73126 13.731 0
      vertex 2.05423 13.8485 2
      vertex 2.73126 13.731 2
    endloop
  endfacet
  facet normal 0.170996 0.985272 0
    outer loop
      vertex 2.05423 13.8485 2
      vertex 2.73126 13.731 0
      vertex 2.05423 13.8485 0
    endloop
  endfacet
  facet normal 0.575836 0.817565 -0
    outer loop
      vertex 8.33979 11.2449 0
      vertex 7.77798 11.6406 2
      vertex 8.33979 11.2449 2
    endloop
  endfacet
  facet normal 0.575836 0.817565 0
    outer loop
      vertex 7.77798 11.6406 2
      vertex 8.33979 11.2449 0
      vertex 7.77798 11.6406 0
    endloop
  endfacet
  facet normal 0.0734918 0.997296 -0
    outer loop
      vertex 1.37224 13.9326 0
      vertex 0.686947 13.9831 2
      vertex 1.37224 13.9326 2
    endloop
  endfacet
  facet normal 0.0734918 0.997296 0
    outer loop
      vertex 0.686947 13.9831 2
      vertex 1.37224 13.9326 0
      vertex 0.686947 13.9831 0
    endloop
  endfacet
  facet normal -0.975689 0.219161 0
    outer loop
      vertex -13.731 2.73126 0
      vertex -13.5804 3.40172 2
      vertex -13.5804 3.40172 0
    endloop
  endfacet
  facet normal -0.975689 0.219161 0
    outer loop
      vertex -13.5804 3.40172 2
      vertex -13.731 2.73126 0
      vertex -13.731 2.73126 2
    endloop
  endfacet
  facet normal -0.992482 0.122389 0
    outer loop
      vertex -13.9326 1.37224 0
      vertex -13.8485 2.05423 2
      vertex -13.8485 2.05423 0
    endloop
  endfacet
  facet normal -0.992482 0.122389 0
    outer loop
      vertex -13.8485 2.05423 2
      vertex -13.9326 1.37224 0
      vertex -13.9326 1.37224 2
    endloop
  endfacet
  facet normal -0.757225 0.653154 0
    outer loop
      vertex -10.8221 8.88151 0
      vertex -10.3733 9.40182 2
      vertex -10.3733 9.40182 0
    endloop
  endfacet
  facet normal -0.757225 0.653154 0
    outer loop
      vertex -10.3733 9.40182 2
      vertex -10.8221 8.88151 0
      vertex -10.8221 8.88151 2
    endloop
  endfacet
  facet normal -0.870087 0.492898 0
    outer loop
      vertex -12.3469 6.59955 0
      vertex -12.0082 7.19744 2
      vertex -12.0082 7.19744 0
    endloop
  endfacet
  facet normal -0.870087 0.492898 0
    outer loop
      vertex -12.0082 7.19744 2
      vertex -12.3469 6.59955 0
      vertex -12.3469 6.59955 2
    endloop
  endfacet
  facet normal -0.0734918 0.997296 0
    outer loop
      vertex -0.686947 13.9831 0
      vertex -1.37224 13.9326 2
      vertex -0.686947 13.9831 2
    endloop
  endfacet
  facet normal -0.0734918 0.997296 0
    outer loop
      vertex -1.37224 13.9326 2
      vertex -0.686947 13.9831 0
      vertex -1.37224 13.9326 0
    endloop
  endfacet
  facet normal -0.266615 0.963803 0
    outer loop
      vertex -3.40172 13.5804 0
      vertex -4.06398 13.3972 2
      vertex -3.40172 13.5804 2
    endloop
  endfacet
  facet normal -0.266615 0.963803 0
    outer loop
      vertex -4.06398 13.3972 2
      vertex -3.40172 13.5804 0
      vertex -4.06398 13.3972 0
    endloop
  endfacet
  facet normal -0.449552 0.893254 0
    outer loop
      vertex -5.98577 12.6558 0
      vertex -6.59955 12.3469 2
      vertex -5.98577 12.6558 2
    endloop
  endfacet
  facet normal -0.449552 0.893254 0
    outer loop
      vertex -6.59955 12.3469 2
      vertex -5.98577 12.6558 0
      vertex -6.59955 12.3469 0
    endloop
  endfacet
  facet normal -0.0734918 -0.997296 0
    outer loop
      vertex -1.37224 -13.9326 0
      vertex -0.686947 -13.9831 2
      vertex -1.37224 -13.9326 2
    endloop
  endfacet
  facet normal -0.0734918 -0.997296 -0
    outer loop
      vertex -0.686947 -13.9831 2
      vertex -1.37224 -13.9326 0
      vertex -0.686947 -13.9831 0
    endloop
  endfacet
  facet normal 0 0 -1
    outer loop
      vertex 13.9831 -0.686947 0
      vertex 13.9831 0.686947 0
      vertex 14 0 0
    endloop
  endfacet
  facet normal 0 0 -1
    outer loop
      vertex 13.9326 -1.37224 0
      vertex 13.9831 0.686947 0
      vertex 13.9831 -0.686947 0
    endloop
  endfacet
  facet normal 0 0 -1
    outer loop
      vertex 13.9326 -1.37224 0
      vertex 13.9326 1.37224 0
      vertex 13.9831 0.686947 0
    endloop
  endfacet
  facet normal 0 0 -1
    outer loop
      vertex 13.8485 -2.05423 0
      vertex 13.9326 1.37224 0
      vertex 13.9326 -1.37224 0
    endloop
  endfacet
  facet normal 0 0 -1
    outer loop
      vertex 13.8485 -2.05423 0
      vertex 13.8485 2.05423 0
      vertex 13.9326 1.37224 0
    endloop
  endfacet
  facet normal 0 0 -1
    outer loop
      vertex 13.731 -2.73126 0
      vertex 13.8485 2.05423 0
      vertex 13.8485 -2.05423 0
    endloop
  endfacet
  facet normal 0 0 -1
    outer loop
      vertex 13.731 -2.73126 0
      vertex 13.731 2.73126 0
      vertex 13.8485 2.05423 0
    endloop
  endfacet
  facet normal 0 0 -1
    outer loop
      vertex 13.5804 -3.40172 0
      vertex 13.731 2.73126 0
      vertex 13.731 -2.73126 0
    endloop
  endfacet
  facet normal 0 0 -1
    outer loop
      vertex 13.5804 -3.40172 0
      vertex 13.5804 3.40172 0
      vertex 13.731 2.73126 0
    endloop
  endfacet
  facet normal 0 0 -1
    outer loop
      vertex 13.3972 -4.06398 0
      vertex 13.5804 3.40172 0
      vertex 13.5804 -3.40172 0
    endloop
  endfacet
  facet normal 0 0 -1
    outer loop
      vertex 13.3972 -4.06398 0
      vertex 13.3972 4.06398 0
      vertex 13.5804 3.40172 0
    endloop
  endfacet
  facet normal 0 0 -1
    outer loop
      vertex 13.1816 -4.71646 0
      vertex 13.3972 4.06398 0
      vertex 13.3972 -4.06398 0
    endloop
  endfacet
  facet normal 0 0 -1
    outer loop
      vertex 13.1816 -4.71646 0
      vertex 13.1816 4.71646 0
      vertex 13.3972 4.06398 0
    endloop
  endfacet
  facet normal 0 0 -1
    outer loop
      vertex 12.9343 -5.35757 0
      vertex 13.1816 4.71646 0
      vertex 13.1816 -4.71646 0
    endloop
  endfacet
  facet normal 0 0 -1
    outer loop
      vertex 12.9343 -5.35757 0
      vertex 12.9343 5.35757 0
      vertex 13.1816 4.71646 0
    endloop
  endfacet
  facet normal 0 0 -1
    outer loop
      vertex 12.6558 -5.98577 0
      vertex 12.9343 5.35757 0
      vertex 12.9343 -5.35757 0
    endloop
  endfacet
  facet normal 0 0 -1
    outer loop
      vertex 12.6558 -5.98577 0
      vertex 12.6558 5.98577 0
      vertex 12.9343 5.35757 0
    endloop
  endfacet
  facet normal 0 0 -1
    outer loop
      vertex 12.3469 -6.59955 0
      vertex 12.6558 5.98577 0
      vertex 12.6558 -5.98577 0
    endloop
  endfacet
  facet normal 0 0 -1
    outer loop
      vertex 12.3469 -6.59955 0
      vertex 12.3469 6.59955 0
      vertex 12.6558 5.98577 0
    endloop
  endfacet
  facet normal 0 0 -1
    outer loop
      vertex 12.0082 -7.19744 0
      vertex 12.3469 6.59955 0
      vertex 12.3469 -6.59955 0
    endloop
  endfacet
  facet normal 0 0 -1
    outer loop
      vertex 12.0082 -7.19744 0
      vertex 12.0082 7.19744 0
      vertex 12.3469 6.59955 0
    endloop
  endfacet
  facet normal 0 0 -1
    outer loop
      vertex 11.6406 -7.77798 0
      vertex 12.0082 7.19744 0
      vertex 12.0082 -7.19744 0
    endloop
  endfacet
  facet normal 0 0 -1
    outer loop
      vertex 11.6406 -7.77798 0
      vertex 11.6406 7.77798 0
      vertex 12.0082 7.19744 0
    endloop
  endfacet
  facet normal 0 0 -1
    outer loop
      vertex 11.2449 -8.33979 0
      vertex 11.6406 7.77798 0
      vertex 11.6406 -7.77798 0
    endloop
  endfacet
  facet normal 0 0 -1
    outer loop
      vertex 11.2449 -8.33979 0
      vertex 11.2449 8.33979 0
      vertex 11.6406 7.77798 0
    endloop
  endfacet
  facet normal 0 0 -1
    outer loop
      vertex 10.8221 -8.88151 0
      vertex 11.2449 8.33979 0
      vertex 11.2449 -8.33979 0
    endloop
  endfacet
  facet normal 0 0 -1
    outer loop
      vertex 10.8221 -8.88151 0
      vertex 10.8221 8.88151 0
      vertex 11.2449 8.33979 0
    endloop
  endfacet
  facet normal 0 0 -1
    outer loop
      vertex 10.3733 -9.40182 0
      vertex 10.8221 8.88151 0
      vertex 10.8221 -8.88151 0
    endloop
  endfacet
  facet normal 0 0 -1
    outer loop
      vertex 10.3733 -9.40182 0
      vertex 10.3733 9.40182 0
      vertex 10.8221 8.88151 0
    endloop
  endfacet
  facet normal 0 0 -1
    outer loop
      vertex 9.89949 -9.89949 0
      vertex 10.3733 9.40182 0
      vertex 10.3733 -9.40182 0
    endloop
  endfacet
  facet normal 0 0 -1
    outer loop
      vertex 9.89949 -9.89949 0
      vertex 9.89949 9.89949 0
      vertex 10.3733 9.40182 0
    endloop
  endfacet
  facet normal 0 0 -1
    outer loop
      vertex 9.40182 -10.3733 0
      vertex 9.89949 9.89949 0
      vertex 9.89949 -9.89949 0
    endloop
  endfacet
  facet normal 0 0 -1
    outer loop
      vertex 9.40182 -10.3733 0
      vertex 9.40182 10.3733 0
      vertex 9.89949 9.89949 0
    endloop
  endfacet
  facet normal 0 0 -1
    outer loop
      vertex 8.88151 -10.8221 0
      vertex 9.40182 10.3733 0
      vertex 9.40182 -10.3733 0
    endloop
  endfacet
  facet normal 0 0 -1
    outer loop
      vertex 8.88151 -10.8221 0
      vertex 8.88151 10.8221 0
      vertex 9.40182 10.3733 0
    endloop
  endfacet
  facet normal 0 0 -1
    outer loop
      vertex 8.33979 -11.2449 0
      vertex 8.88151 10.8221 0
      vertex 8.88151 -10.8221 0
    endloop
  endfacet
  facet normal 0 0 -1
    outer loop
      vertex 8.33979 -11.2449 0
      vertex 8.33979 11.2449 0
      vertex 8.88151 10.8221 0
    endloop
  endfacet
  facet normal 0 0 -1
    outer loop
      vertex 7.77798 -11.6406 0
      vertex 8.33979 11.2449 0
      vertex 8.33979 -11.2449 0
    endloop
  endfacet
  facet normal 0 0 -1
    outer loop
      vertex 7.77798 -11.6406 0
      vertex 7.77798 11.6406 0
      vertex 8.33979 11.2449 0
    endloop
  endfacet
  facet normal 0 0 -1
    outer loop
      vertex 7.19744 -12.0082 0
      vertex 7.77798 11.6406 0
      vertex 7.77798 -11.6406 0
    endloop
  endfacet
  facet normal 0 0 -1
    outer loop
      vertex 7.19744 -12.0082 0
      vertex 7.19744 12.0082 0
      vertex 7.77798 11.6406 0
    endloop
  endfacet
  facet normal 0 0 -1
    outer loop
      vertex 6.59955 -12.3469 0
      vertex 7.19744 12.0082 0
      vertex 7.19744 -12.0082 0
    endloop
  endfacet
  facet normal 0 0 -1
    outer loop
      vertex 6.59955 -12.3469 0
      vertex 6.59955 12.3469 0
      vertex 7.19744 12.0082 0
    endloop
  endfacet
  facet normal 0 0 -1
    outer loop
      vertex 5.98577 -12.6558 0
      vertex 6.59955 12.3469 0
      vertex 6.59955 -12.3469 0
    endloop
  endfacet
  facet normal 0 0 -1
    outer loop
      vertex 5.98577 -12.6558 0
      vertex 5.98577 12.6558 0
      vertex 6.59955 12.3469 0
    endloop
  endfacet
  facet normal 0 0 -1
    outer loop
      vertex 5.35757 -12.9343 0
      vertex 5.98577 12.6558 0
      vertex 5.98577 -12.6558 0
    endloop
  endfacet
  facet normal 0 0 -1
    outer loop
      vertex 5.35757 -12.9343 0
      vertex 5.35757 12.9343 0
      vertex 5.98577 12.6558 0
    endloop
  endfacet
  facet normal 0 0 -1
    outer loop
      vertex 4.71646 -13.1816 0
      vertex 5.35757 12.9343 0
      vertex 5.35757 -12.9343 0
    endloop
  endfacet
  facet normal 0 0 -1
    outer loop
      vertex 4.71646 -13.1816 0
      vertex 4.71646 13.1816 0
      vertex 5.35757 12.9343 0
    endloop
  endfacet
  facet normal 0 0 -1
    outer loop
      vertex 4.06398 -13.3972 0
      vertex 4.71646 13.1816 0
      vertex 4.71646 -13.1816 0
    endloop
  endfacet
  facet normal 0 0 -1
    outer loop
      vertex 4.06398 -13.3972 0
      vertex 4.06398 13.3972 0
      vertex 4.71646 13.1816 0
    endloop
  endfacet
  facet normal 0 0 -1
    outer loop
      vertex 3.40172 -13.5804 0
      vertex 4.06398 13.3972 0
      vertex 4.06398 -13.3972 0
    endloop
  endfacet
  facet normal 0 0 -1
    outer loop
      vertex 3.40172 -13.5804 0
      vertex 3.40172 13.5804 0
      vertex 4.06398 13.3972 0
    endloop
  endfacet
  facet normal 0 0 -1
    outer loop
      vertex 2.73126 -13.731 0
      vertex 3.40172 13.5804 0
      vertex 3.40172 -13.5804 0
    endloop
  endfacet
  facet normal 0 0 -1
    outer loop
      vertex 2.73126 -13.731 0
      vertex 2.73126 13.731 0
      vertex 3.40172 13.5804 0
    endloop
  endfacet
  facet normal 0 0 -1
    outer loop
      vertex 2.05423 -13.8485 0
      vertex 2.73126 13.731 0
      vertex 2.73126 -13.731 0
    endloop
  endfacet
  facet normal 0 0 -1
    outer loop
      vertex 2.05423 -13.8485 0
      vertex 2.05423 13.8485 0
      vertex 2.73126 13.731 0
    endloop
  endfacet
  facet normal 0 0 -1
    outer loop
      vertex 1.37224 -13.9326 0
      vertex 2.05423 13.8485 0
      vertex 2.05423 -13.8485 0
    endloop
  endfacet
  facet normal 0 0 -1
    outer loop
      vertex 1.37224 -13.9326 0
      vertex 1.37224 13.9326 0
      vertex 2.05423 13.8485 0
    endloop
  endfacet
  facet normal 0 0 -1
    outer loop
      vertex 0.686947 -13.9831 0
      vertex 1.37224 13.9326 0
      vertex 1.37224 -13.9326 0
    endloop
  endfacet
  facet normal 0 0 -1
    outer loop
      vertex 0.686947 -13.9831 0
      vertex 0.686947 13.9831 0
      vertex 1.37224 13.9326 0
    endloop
  endfacet
  facet normal 0 0 -1
    outer loop
      vertex 0 -14 0
      vertex 0.686947 13.9831 0
      vertex 0.686947 -13.9831 0
    endloop
  endfacet
  facet normal 0 0 -1
    outer loop
      vertex 0 -14 0
      vertex 0 14 0
      vertex 0.686947 13.9831 0
    endloop
  endfacet
  facet normal 0 0 -1
    outer loop
      vertex -0.686947 -13.9831 0
      vertex 0 14 0
      vertex 0 -14 0
    endloop
  endfacet
  facet normal 0 0 -1
    outer loop
      vertex -0.686947 -13.9831 0
      vertex -0.686947 13.9831 0
      vertex 0 14 0
    endloop
  endfacet
  facet normal 0 0 -1
    outer loop
      vertex -1.37224 -13.9326 0
      vertex -0.686947 13.9831 0
      vertex -0.686947 -13.9831 0
    endloop
  endfacet
  facet normal 0 0 -1
    outer loop
      vertex -1.37224 -13.9326 0
      vertex -1.37224 13.9326 0
      vertex -0.686947 13.9831 0
    endloop
  endfacet
  facet normal 0 0 -1
    outer loop
      vertex -2.05423 -13.8485 0
      vertex -1.37224 13.9326 0
      vertex -1.37224 -13.9326 0
    endloop
  endfacet
  facet normal 0 0 -1
    outer loop
      vertex -2.05423 -13.8485 0
      vertex -2.05423 13.8485 0
      vertex -1.37224 13.9326 0
    endloop
  endfacet
  facet normal 0 0 -1
    outer loop
      vertex -2.73126 -13.731 0
      vertex -2.05423 13.8485 0
      vertex -2.05423 -13.8485 0
    endloop
  endfacet
  facet normal 0 0 -1
    outer loop
      vertex -2.73126 -13.731 0
      vertex -2.73126 13.731 0
      vertex -2.05423 13.8485 0
    endloop
  endfacet
  facet normal 0 0 -1
    outer loop
      vertex -3.40172 -13.5804 0
      vertex -2.73126 13.731 0
      vertex -2.73126 -13.731 0
    endloop
  endfacet
  facet normal 0 0 -1
    outer loop
      vertex -3.40172 -13.5804 0
      vertex -3.40172 13.5804 0
      vertex -2.73126 13.731 0
    endloop
  endfacet
  facet normal 0 0 -1
    outer loop
      vertex -4.06398 -13.3972 0
      vertex -3.40172 13.5804 0
      vertex -3.40172 -13.5804 0
    endloop
  endfacet
  facet normal 0 0 -1
    outer loop
      vertex -4.06398 -13.3972 0
      vertex -4.06398 13.3972 0
      vertex -3.40172 13.5804 0
    endloop
  endfacet
  facet normal 0 0 -1
    outer loop
      vertex -4.71646 -13.1816 0
      vertex -4.06398 13.3972 0
      vertex -4.06398 -13.3972 0
    endloop
  endfacet
  facet normal 0 0 -1
    outer loop
      vertex -4.71646 -13.1816 0
      vertex -4.71646 13.1816 0
      vertex -4.06398 13.3972 0
    endloop
  endfacet
  facet normal 0 0 -1
    outer loop
      vertex -5.35757 -12.9343 0
      vertex -4.71646 13.1816 0
      vertex -4.71646 -13.1816 0
    endloop
  endfacet
  facet normal 0 0 -1
    outer loop
      vertex -5.35757 -12.9343 0
      vertex -5.35757 12.9343 0
      vertex -4.71646 13.1816 0
    endloop
  endfacet
  facet normal 0 0 -1
    outer loop
      vertex -5.98577 -12.6558 0
      vertex -5.35757 12.9343 0
      vertex -5.35757 -12.9343 0
    endloop
  endfacet
  facet normal 0 0 -1
    outer loop
      vertex -5.98577 -12.6558 0
      vertex -5.98577 12.6558 0
      vertex -5.35757 12.9343 0
    endloop
  endfacet
  facet normal 0 0 -1
    outer loop
      vertex -6.59955 -12.3469 0
      vertex -5.98577 12.6558 0
      vertex -5.98577 -12.6558 0
    endloop
  endfacet
  facet normal 0 0 -1
    outer loop
      vertex -6.59955 -12.3469 0
      vertex -6.59955 12.3469 0
      vertex -5.98577 12.6558 0
    endloop
  endfacet
  facet normal 0 0 -1
    outer loop
      vertex -7.19744 -12.0082 0
      vertex -6.59955 12.3469 0
      vertex -6.59955 -12.3469 0
    endloop
  endfacet
  facet normal 0 0 -1
    outer loop
      vertex -7.19744 -12.0082 0
      vertex -7.19744 12.0082 0
      vertex -6.59955 12.3469 0
    endloop
  endfacet
  facet normal 0 0 -1
    outer loop
      vertex -7.77798 -11.6406 0
      vertex -7.19744 12.0082 0
      vertex -7.19744 -12.0082 0
    endloop
  endfacet
  facet normal 0 0 -1
    outer loop
      vertex -7.77798 -11.6406 0
      vertex -7.77798 11.6406 0
      vertex -7.19744 12.0082 0
    endloop
  endfacet
  facet normal 0 0 -1
    outer loop
      vertex -8.33979 -11.2449 0
      vertex -7.77798 11.6406 0
      vertex -7.77798 -11.6406 0
    endloop
  endfacet
  facet normal 0 0 -1
    outer loop
      vertex -8.33979 -11.2449 0
      vertex -8.33979 11.2449 0
      vertex -7.77798 11.6406 0
    endloop
  endfacet
  facet normal 0 0 -1
    outer loop
      vertex -8.88151 -10.8221 0
      vertex -8.33979 11.2449 0
      vertex -8.33979 -11.2449 0
    endloop
  endfacet
  facet normal 0 0 -1
    outer loop
      vertex -8.88151 -10.8221 0
      vertex -8.88151 10.8221 0
      vertex -8.33979 11.2449 0
    endloop
  endfacet
  facet normal 0 0 -1
    outer loop
      vertex -9.40182 -10.3733 0
      vertex -8.88151 10.8221 0
      vertex -8.88151 -10.8221 0
    endloop
  endfacet
  facet normal 0 0 -1
    outer loop
      vertex -9.40182 -10.3733 0
      vertex -9.40182 10.3733 0
      vertex -8.88151 10.8221 0
    endloop
  endfacet
  facet normal 0 0 -1
    outer loop
      vertex -9.89949 -9.89949 0
      vertex -9.40182 10.3733 0
      vertex -9.40182 -10.3733 0
    endloop
  endfacet
  facet normal 0 0 -1
    outer loop
      vertex -9.89949 -9.89949 0
      vertex -9.89949 9.89949 0
      vertex -9.40182 10.3733 0
    endloop
  endfacet
  facet normal 0 0 -1
    outer loop
      vertex -10.3733 -9.40182 0
      vertex -9.89949 9.89949 0
      vertex -9.89949 -9.89949 0
    endloop
  endfacet
  facet normal 0 0 -1
    outer loop
      vertex -10.3733 -9.40182 0
      vertex -10.3733 9.40182 0
      vertex -9.89949 9.89949 0
    endloop
  endfacet
  facet normal 0 0 -1
    outer loop
      vertex -10.8221 -8.88151 0
      vertex -10.3733 9.40182 0
      vertex -10.3733 -9.40182 0
    endloop
  endfacet
  facet normal 0 0 -1
    outer loop
      vertex -10.8221 -8.88151 0
      vertex -10.8221 8.88151 0
      vertex -10.3733 9.40182 0
    endloop
  endfacet
  facet normal 0 0 -1
    outer loop
      vertex -11.2449 -8.33979 0
      vertex -10.8221 8.88151 0
      vertex -10.8221 -8.88151 0
    endloop
  endfacet
  facet normal 0 0 -1
    outer loop
      vertex -11.2449 -8.33979 0
      vertex -11.2449 8.33979 0
      vertex -10.8221 8.88151 0
    endloop
  endfacet
  facet normal 0 0 -1
    outer loop
      vertex -11.6406 -7.77798 0
      vertex -11.2449 8.33979 0
      vertex -11.2449 -8.33979 0
    endloop
  endfacet
  facet normal 0 0 -1
    outer loop
      vertex -11.6406 -7.77798 0
      vertex -11.6406 7.77798 0
      vertex -11.2449 8.33979 0
    endloop
  endfacet
  facet normal 0 0 -1
    outer loop
      vertex -12.0082 -7.19744 0
      vertex -11.6406 7.77798 0
      vertex -11.6406 -7.77798 0
    endloop
  endfacet
  facet normal 0 0 -1
    outer loop
      vertex -12.0082 -7.19744 0
      vertex -12.0082 7.19744 0
      vertex -11.6406 7.77798 0
    endloop
  endfacet
  facet normal 0 0 -1
    outer loop
      vertex -12.3469 -6.59955 0
      vertex -12.0082 7.19744 0
      vertex -12.0082 -7.19744 0
    endloop
  endfacet
  facet normal 0 0 -1
    outer loop
      vertex -12.3469 -6.59955 0
      vertex -12.3469 6.59955 0
      vertex -12.0082 7.19744 0
    endloop
  endfacet
  facet normal 0 0 -1
    outer loop
      vertex -12.6558 -5.98577 0
      vertex -12.3469 6.59955 0
      vertex -12.3469 -6.59955 0
    endloop
  endfacet
  facet normal 0 0 -1
    outer loop
      vertex -12.6558 -5.98577 0
      vertex -12.6558 5.98577 0
      vertex -12.3469 6.59955 0
    endloop
  endfacet
  facet normal 0 0 -1
    outer loop
      vertex -12.9343 -5.35757 0
      vertex -12.6558 5.98577 0
      vertex -12.6558 -5.98577 0
    endloop
  endfacet
  facet normal 0 0 -1
    outer loop
      vertex -12.9343 -5.35757 0
      vertex -12.9343 5.35757 0
      vertex -12.6558 5.98577 0
    endloop
  endfacet
  facet normal 0 0 -1
    outer loop
      vertex -13.1816 -4.71646 0
      vertex -12.9343 5.35757 0
      vertex -12.9343 -5.35757 0
    endloop
  endfacet
  facet normal 0 0 -1
    outer loop
      vertex -13.1816 -4.71646 0
      vertex -13.1816 4.71646 0
      vertex -12.9343 5.35757 0
    endloop
  endfacet
  facet normal 0 0 -1
    outer loop
      vertex -13.3972 -4.06398 0
      vertex -13.1816 4.71646 0
      vertex -13.1816 -4.71646 0
    endloop
  endfacet
  facet normal 0 0 -1
    outer loop
      vertex -13.3972 -4.06398 0
      vertex -13.3972 4.06398 0
      vertex -13.1816 4.71646 0
    endloop
  endfacet
  facet normal 0 0 -1
    outer loop
      vertex -13.5804 -3.40172 0
      vertex -13.3972 4.06398 0
      vertex -13.3972 -4.06398 0
    endloop
  endfacet
  facet normal 0 0 -1
    outer loop
      vertex -13.5804 -3.40172 0
      vertex -13.5804 3.40172 0
      vertex -13.3972 4.06398 0
    endloop
  endfacet
  facet normal 0 0 -1
    outer loop
      vertex -13.731 -2.73126 0
      vertex -13.5804 3.40172 0
      vertex -13.5804 -3.40172 0
    endloop
  endfacet
  facet normal 0 0 -1
    outer loop
      vertex -13.731 -2.73126 0
      vertex -13.731 2.73126 0
      vertex -13.5804 3.40172 0
    endloop
  endfacet
  facet normal 0 0 -1
    outer loop
      vertex -13.8485 -2.05423 0
      vertex -13.731 2.73126 0
      vertex -13.731 -2.73126 0
    endloop
  endfacet
  facet normal 0 0 -1
    outer loop
      vertex -13.8485 -2.05423 0
      vertex -13.8485 2.05423 0
      vertex -13.731 2.73126 0
    endloop
  endfacet
  facet normal 0 0 -1
    outer loop
      vertex -13.9326 -1.37224 0
      vertex -13.8485 2.05423 0
      vertex -13.8485 -2.05423 0
    endloop
  endfacet
  facet normal 0 0 -1
    outer loop
      vertex -13.9326 -1.37224 0
      vertex -13.9326 1.37224 0
      vertex -13.8485 2.05423 0
    endloop
  endfacet
  facet normal 0 0 -1
    outer loop
      vertex -13.9831 -0.686947 0
      vertex -13.9326 1.37224 0
      vertex -13.9326 -1.37224 0
    endloop
  endfacet
  facet normal 0 0 -1
    outer loop
      vertex -13.9831 -0.686947 0
      vertex -13.9831 0.686947 0
      vertex -13.9326 1.37224 0
    endloop
  endfacet
  facet normal 0 -0 -1
    outer loop
      vertex -13.9831 0.686947 0
      vertex -13.9831 -0.686947 0
      vertex -14 0 0
    endloop
  endfacet
  facet normal 0.997296 0.0734918 0
    outer loop
      vertex 13.9831 0.686947 2
      vertex 13.9326 1.37224 0
      vertex 13.9326 1.37224 2
    endloop
  endfacet
  facet normal 0.997296 0.0734918 0
    outer loop
      vertex 13.9326 1.37224 0
      vertex 13.9831 0.686947 2
      vertex 13.9831 0.686947 0
    endloop
  endfacet
  facet normal 0.949507 0.313747 0
    outer loop
      vertex 13.3972 4.06398 2
      vertex 13.1816 4.71646 0
      vertex 13.1816 4.71646 2
    endloop
  endfacet
  facet normal 0.949507 0.313747 0
    outer loop
      vertex 13.1816 4.71646 0
      vertex 13.3972 4.06398 2
      vertex 13.3972 4.06398 0
    endloop
  endfacet
  facet normal 0.914189 0.405288 0
    outer loop
      vertex 12.9343 5.35757 2
      vertex 12.6558 5.98577 0
      vertex 12.6558 5.98577 2
    endloop
  endfacet
  facet normal 0.914189 0.405288 0
    outer loop
      vertex 12.6558 5.98577 0
      vertex 12.9343 5.35757 2
      vertex 12.9343 5.35757 0
    endloop
  endfacet
  facet normal 0.932994 0.359891 0
    outer loop
      vertex 13.1816 4.71646 2
      vertex 12.9343 5.35757 0
      vertex 12.9343 5.35757 2
    endloop
  endfacet
  facet normal 0.932994 0.359891 0
    outer loop
      vertex 12.9343 5.35757 0
      vertex 13.1816 4.71646 2
      vertex 13.1816 4.71646 0
    endloop
  endfacet
  facet normal 0.844869 0.534974 0
    outer loop
      vertex 12.0082 7.19744 2
      vertex 11.6406 7.77798 0
      vertex 11.6406 7.77798 2
    endloop
  endfacet
  facet normal 0.844869 0.534974 0
    outer loop
      vertex 11.6406 7.77798 0
      vertex 12.0082 7.19744 2
      vertex 12.0082 7.19744 0
    endloop
  endfacet
  facet normal 0.893254 0.449552 0
    outer loop
      vertex 12.6558 5.98577 2
      vertex 12.3469 6.59955 0
      vertex 12.3469 6.59955 2
    endloop
  endfacet
  facet normal 0.893254 0.449552 0
    outer loop
      vertex 12.3469 6.59955 0
      vertex 12.6558 5.98577 2
      vertex 12.6558 5.98577 0
    endloop
  endfacet
  facet normal 0.817565 0.575836 0
    outer loop
      vertex 11.6406 7.77798 2
      vertex 11.2449 8.33979 0
      vertex 11.2449 8.33979 2
    endloop
  endfacet
  facet normal 0.817565 0.575836 0
    outer loop
      vertex 11.2449 8.33979 0
      vertex 11.6406 7.77798 2
      vertex 11.6406 7.77798 0
    endloop
  endfacet
  facet normal 0.757225 0.653154 0
    outer loop
      vertex 10.8221 8.88151 2
      vertex 10.3733 9.40182 0
      vertex 10.3733 9.40182 2
    endloop
  endfacet
  facet normal 0.757225 0.653154 0
    outer loop
      vertex 10.3733 9.40182 0
      vertex 10.8221 8.88151 2
      vertex 10.8221 8.88151 0
    endloop
  endfacet
  facet normal 0.689532 0.724255 -0
    outer loop
      vertex 9.89949 9.89949 0
      vertex 9.40182 10.3733 2
      vertex 9.89949 9.89949 2
    endloop
  endfacet
  facet normal 0.689532 0.724255 0
    outer loop
      vertex 9.40182 10.3733 2
      vertex 9.89949 9.89949 0
      vertex 9.40182 10.3733 0
    endloop
  endfacet
  facet normal 0.724255 0.689532 0
    outer loop
      vertex 10.3733 9.40182 2
      vertex 9.89949 9.89949 0
      vertex 9.89949 9.89949 2
    endloop
  endfacet
  facet normal 0.724255 0.689532 0
    outer loop
      vertex 9.89949 9.89949 0
      vertex 10.3733 9.40182 2
      vertex 10.3733 9.40182 0
    endloop
  endfacet
  facet normal 0.653154 0.757225 -0
    outer loop
      vertex 9.40182 10.3733 0
      vertex 8.88151 10.8221 2
      vertex 9.40182 10.3733 2
    endloop
  endfacet
  facet normal 0.653154 0.757225 0
    outer loop
      vertex 8.88151 10.8221 2
      vertex 9.40182 10.3733 0
      vertex 8.88151 10.8221 0
    endloop
  endfacet
  facet normal 0.534974 0.844869 -0
    outer loop
      vertex 7.77798 11.6406 0
      vertex 7.19744 12.0082 2
      vertex 7.77798 11.6406 2
    endloop
  endfacet
  facet normal 0.534974 0.844869 0
    outer loop
      vertex 7.19744 12.0082 2
      vertex 7.77798 11.6406 0
      vertex 7.19744 12.0082 0
    endloop
  endfacet
  facet normal 0.615266 0.78832 -0
    outer loop
      vertex 8.88151 10.8221 0
      vertex 8.33979 11.2449 2
      vertex 8.88151 10.8221 2
    endloop
  endfacet
  facet normal 0.615266 0.78832 0
    outer loop
      vertex 8.33979 11.2449 2
      vertex 8.88151 10.8221 0
      vertex 8.33979 11.2449 0
    endloop
  endfacet
  facet normal 0.449552 0.893254 -0
    outer loop
      vertex 6.59955 12.3469 0
      vertex 5.98577 12.6558 2
      vertex 6.59955 12.3469 2
    endloop
  endfacet
  facet normal 0.449552 0.893254 0
    outer loop
      vertex 5.98577 12.6558 2
      vertex 6.59955 12.3469 0
      vertex 5.98577 12.6558 0
    endloop
  endfacet
  facet normal 0.359891 0.932994 -0
    outer loop
      vertex 5.35757 12.9343 0
      vertex 4.71646 13.1816 2
      vertex 5.35757 12.9343 2
    endloop
  endfacet
  facet normal 0.359891 0.932994 0
    outer loop
      vertex 4.71646 13.1816 2
      vertex 5.35757 12.9343 0
      vertex 4.71646 13.1816 0
    endloop
  endfacet
  facet normal 0.405288 0.914189 -0
    outer loop
      vertex 5.98577 12.6558 0
      vertex 5.35757 12.9343 2
      vertex 5.98577 12.6558 2
    endloop
  endfacet
  facet normal 0.405288 0.914189 0
    outer loop
      vertex 5.35757 12.9343 2
      vertex 5.98577 12.6558 0
      vertex 5.35757 12.9343 0
    endloop
  endfacet
  facet normal 0.313747 0.949507 -0
    outer loop
      vertex 4.71646 13.1816 0
      vertex 4.06398 13.3972 2
      vertex 4.71646 13.1816 2
    endloop
  endfacet
  facet normal 0.313747 0.949507 0
    outer loop
      vertex 4.06398 13.3972 2
      vertex 4.71646 13.1816 0
      vertex 4.06398 13.3972 0
    endloop
  endfacet
  facet normal 0.266615 0.963803 -0
    outer loop
      vertex 4.06398 13.3972 0
      vertex 3.40172 13.5804 2
      vertex 4.06398 13.3972 2
    endloop
  endfacet
  facet normal 0.266615 0.963803 0
    outer loop
      vertex 3.40172 13.5804 2
      vertex 4.06398 13.3972 0
      vertex 3.40172 13.5804 0
    endloop
  endfacet
  facet normal 0.219161 0.975689 -0
    outer loop
      vertex 3.40172 13.5804 0
      vertex 2.73126 13.731 2
      vertex 3.40172 13.5804 2
    endloop
  endfacet
  facet normal 0.219161 0.975689 0
    outer loop
      vertex 2.73126 13.731 2
      vertex 3.40172 13.5804 0
      vertex 2.73126 13.731 0
    endloop
  endfacet
  facet normal 0.122389 0.992482 -0
    outer loop
      vertex 2.05423 13.8485 0
      vertex 1.37224 13.9326 2
      vertex 2.05423 13.8485 2
    endloop
  endfacet
  facet normal 0.122389 0.992482 0
    outer loop
      vertex 1.37224 13.9326 2
      vertex 2.05423 13.8485 0
      vertex 1.37224 13.9326 0
    endloop
  endfacet
  facet normal -0.999698 0.0245942 0
    outer loop
      vertex -14 0 0
      vertex -13.9831 0.686947 2
      vertex -13.9831 0.686947 0
    endloop
  endfacet
  facet normal -0.999698 0.0245942 0
    outer loop
      vertex -13.9831 0.686947 2
      vertex -14 0 0
      vertex -14 0 2
    endloop
  endfacet
  facet normal -0.932994 0.359891 0
    outer loop
      vertex -13.1816 4.71646 0
      vertex -12.9343 5.35757 2
      vertex -12.9343 5.35757 0
    endloop
  endfacet
  facet normal -0.932994 0.359891 0
    outer loop
      vertex -12.9343 5.35757 2
      vertex -13.1816 4.71646 0
      vertex -13.1816 4.71646 2
    endloop
  endfacet
  facet normal -0.949507 0.313747 0
    outer loop
      vertex -13.3972 4.06398 0
      vertex -13.1816 4.71646 2
      vertex -13.1816 4.71646 0
    endloop
  endfacet
  facet normal -0.949507 0.313747 0
    outer loop
      vertex -13.1816 4.71646 2
      vertex -13.3972 4.06398 0
      vertex -13.3972 4.06398 2
    endloop
  endfacet
  facet normal -0.963803 0.266615 0
    outer loop
      vertex -13.5804 3.40172 0
      vertex -13.3972 4.06398 2
      vertex -13.3972 4.06398 0
    endloop
  endfacet
  facet normal -0.963803 0.266615 0
    outer loop
      vertex -13.3972 4.06398 2
      vertex -13.5804 3.40172 0
      vertex -13.5804 3.40172 2
    endloop
  endfacet
  facet normal -0.985272 0.170996 0
    outer loop
      vertex -13.8485 2.05423 0
      vertex -13.731 2.73126 2
      vertex -13.731 2.73126 0
    endloop
  endfacet
  facet normal -0.985272 0.170996 0
    outer loop
      vertex -13.731 2.73126 2
      vertex -13.8485 2.05423 0
      vertex -13.8485 2.05423 2
    endloop
  endfacet
  facet normal -0.914189 0.405288 0
    outer loop
      vertex -12.9343 5.35757 0
      vertex -12.6558 5.98577 2
      vertex -12.6558 5.98577 0
    endloop
  endfacet
  facet normal -0.914189 0.405288 0
    outer loop
      vertex -12.6558 5.98577 2
      vertex -12.9343 5.35757 0
      vertex -12.9343 5.35757 2
    endloop
  endfacet
  facet normal -0.844869 0.534974 0
    outer loop
      vertex -12.0082 7.19744 0
      vertex -11.6406 7.77798 2
      vertex -11.6406 7.77798 0
    endloop
  endfacet
  facet normal -0.844869 0.534974 0
    outer loop
      vertex -11.6406 7.77798 2
      vertex -12.0082 7.19744 0
      vertex -12.0082 7.19744 2
    endloop
  endfacet
  facet normal -0.78832 0.615266 0
    outer loop
      vertex -11.2449 8.33979 0
      vertex -10.8221 8.88151 2
      vertex -10.8221 8.88151 0
    endloop
  endfacet
  facet normal -0.78832 0.615266 0
    outer loop
      vertex -10.8221 8.88151 2
      vertex -11.2449 8.33979 0
      vertex -11.2449 8.33979 2
    endloop
  endfacet
  facet normal -0.724255 0.689532 0
    outer loop
      vertex -10.3733 9.40182 0
      vertex -9.89949 9.89949 2
      vertex -9.89949 9.89949 0
    endloop
  endfacet
  facet normal -0.724255 0.689532 0
    outer loop
      vertex -9.89949 9.89949 2
      vertex -10.3733 9.40182 0
      vertex -10.3733 9.40182 2
    endloop
  endfacet
  facet normal -0.817565 0.575836 0
    outer loop
      vertex -11.6406 7.77798 0
      vertex -11.2449 8.33979 2
      vertex -11.2449 8.33979 0
    endloop
  endfacet
  facet normal -0.817565 0.575836 0
    outer loop
      vertex -11.2449 8.33979 2
      vertex -11.6406 7.77798 0
      vertex -11.6406 7.77798 2
    endloop
  endfacet
  facet normal -0.359891 0.932994 0
    outer loop
      vertex -4.71646 13.1816 0
      vertex -5.35757 12.9343 2
      vertex -4.71646 13.1816 2
    endloop
  endfacet
  facet normal -0.359891 0.932994 0
    outer loop
      vertex -5.35757 12.9343 2
      vertex -4.71646 13.1816 0
      vertex -5.35757 12.9343 0
    endloop
  endfacet
  facet normal -0.219161 0.975689 0
    outer loop
      vertex -2.73126 13.731 0
      vertex -3.40172 13.5804 2
      vertex -2.73126 13.731 2
    endloop
  endfacet
  facet normal -0.219161 0.975689 0
    outer loop
      vertex -3.40172 13.5804 2
      vertex -2.73126 13.731 0
      vertex -3.40172 13.5804 0
    endloop
  endfacet
  facet normal -0.122389 0.992482 0
    outer loop
      vertex -1.37224 13.9326 0
      vertex -2.05423 13.8485 2
      vertex -1.37224 13.9326 2
    endloop
  endfacet
  facet normal -0.122389 0.992482 0
    outer loop
      vertex -2.05423 13.8485 2
      vertex -1.37224 13.9326 0
      vertex -2.05423 13.8485 0
    endloop
  endfacet
  facet normal -0.0245942 0.999698 0
    outer loop
      vertex 0 14 0
      vertex -0.686947 13.9831 2
      vertex 0 14 2
    endloop
  endfacet
  facet normal -0.0245942 0.999698 0
    outer loop
      vertex -0.686947 13.9831 2
      vertex 0 14 0
      vertex -0.686947 13.9831 0
    endloop
  endfacet
  facet normal -0.170996 0.985272 0
    outer loop
      vertex -2.05423 13.8485 0
      vertex -2.73126 13.731 2
      vertex -2.05423 13.8485 2
    endloop
  endfacet
  facet normal -0.170996 0.985272 0
    outer loop
      vertex -2.73126 13.731 2
      vertex -2.05423 13.8485 0
      vertex -2.73126 13.731 0
    endloop
  endfacet
  facet normal -0.492898 0.870087 0
    outer loop
      vertex -6.59955 12.3469 0
      vertex -7.19744 12.0082 2
      vertex -6.59955 12.3469 2
    endloop
  endfacet
  facet normal -0.492898 0.870087 0
    outer loop
      vertex -7.19744 12.0082 2
      vertex -6.59955 12.3469 0
      vertex -7.19744 12.0082 0
    endloop
  endfacet
  facet normal -0.405288 0.914189 0
    outer loop
      vertex -5.35757 12.9343 0
      vertex -5.98577 12.6558 2
      vertex -5.35757 12.9343 2
    endloop
  endfacet
  facet normal -0.405288 0.914189 0
    outer loop
      vertex -5.98577 12.6558 2
      vertex -5.35757 12.9343 0
      vertex -5.98577 12.6558 0
    endloop
  endfacet
  facet normal -0.534974 0.844869 0
    outer loop
      vertex -7.19744 12.0082 0
      vertex -7.77798 11.6406 2
      vertex -7.19744 12.0082 2
    endloop
  endfacet
  facet normal -0.534974 0.844869 0
    outer loop
      vertex -7.77798 11.6406 2
      vertex -7.19744 12.0082 0
      vertex -7.77798 11.6406 0
    endloop
  endfacet
  facet normal -0.615266 0.78832 0
    outer loop
      vertex -8.33979 11.2449 0
      vertex -8.88151 10.8221 2
      vertex -8.33979 11.2449 2
    endloop
  endfacet
  facet normal -0.615266 0.78832 0
    outer loop
      vertex -8.88151 10.8221 2
      vertex -8.33979 11.2449 0
      vertex -8.88151 10.8221 0
    endloop
  endfacet
  facet normal -0.689532 0.724255 0
    outer loop
      vertex -9.40182 10.3733 0
      vertex -9.89949 9.89949 2
      vertex -9.40182 10.3733 2
    endloop
  endfacet
  facet normal -0.689532 0.724255 0
    outer loop
      vertex -9.89949 9.89949 2
      vertex -9.40182 10.3733 0
      vertex -9.89949 9.89949 0
    endloop
  endfacet
  facet normal -0.653154 0.757225 0
    outer loop
      vertex -8.88151 10.8221 0
      vertex -9.40182 10.3733 2
      vertex -8.88151 10.8221 2
    endloop
  endfacet
  facet normal -0.653154 0.757225 0
    outer loop
      vertex -9.40182 10.3733 2
      vertex -8.88151 10.8221 0
      vertex -9.40182 10.3733 0
    endloop
  endfacet
  facet normal 0.999698 0.0245942 0
    outer loop
      vertex 14 0 2
      vertex 13.9831 0.686947 0
      vertex 13.9831 0.686947 2
    endloop
  endfacet
  facet normal 0.999698 0.0245942 0
    outer loop
      vertex 13.9831 0.686947 0
      vertex 14 0 2
      vertex 14 0 0
    endloop
  endfacet
  facet normal 0.0245942 -0.999698 0
    outer loop
      vertex 0 -14 0
      vertex 0.686947 -13.9831 2
      vertex 0 -14 2
    endloop
  endfacet
  facet normal 0.0245942 -0.999698 0
    outer loop
      vertex 0.686947 -13.9831 2
      vertex 0 -14 0
      vertex 0.686947 -13.9831 0
    endloop
  endfacet
  facet normal 0.949507 -0.313747 0
    outer loop
      vertex 13.1816 -4.71646 2
      vertex 13.3972 -4.06398 0
      vertex 13.3972 -4.06398 2
    endloop
  endfacet
  facet normal 0.949507 -0.313747 0
    outer loop
      vertex 13.3972 -4.06398 0
      vertex 13.1816 -4.71646 2
      vertex 13.1816 -4.71646 0
    endloop
  endfacet
  facet normal 0.975689 -0.219161 0
    outer loop
      vertex 13.5804 -3.40172 2
      vertex 13.731 -2.73126 0
      vertex 13.731 -2.73126 2
    endloop
  endfacet
  facet normal 0.975689 -0.219161 0
    outer loop
      vertex 13.731 -2.73126 0
      vertex 13.5804 -3.40172 2
      vertex 13.5804 -3.40172 0
    endloop
  endfacet
  facet normal 0.992482 -0.122389 0
    outer loop
      vertex 13.8485 -2.05423 2
      vertex 13.9326 -1.37224 0
      vertex 13.9326 -1.37224 2
    endloop
  endfacet
  facet normal 0.992482 -0.122389 0
    outer loop
      vertex 13.9326 -1.37224 0
      vertex 13.8485 -2.05423 2
      vertex 13.8485 -2.05423 0
    endloop
  endfacet
  facet normal 0.122389 -0.992482 0
    outer loop
      vertex 1.37224 -13.9326 0
      vertex 2.05423 -13.8485 2
      vertex 1.37224 -13.9326 2
    endloop
  endfacet
  facet normal 0.122389 -0.992482 0
    outer loop
      vertex 2.05423 -13.8485 2
      vertex 1.37224 -13.9326 0
      vertex 2.05423 -13.8485 0
    endloop
  endfacet
  facet normal 0.359891 -0.932994 0
    outer loop
      vertex 4.71646 -13.1816 0
      vertex 5.35757 -12.9343 2
      vertex 4.71646 -13.1816 2
    endloop
  endfacet
  facet normal 0.359891 -0.932994 0
    outer loop
      vertex 5.35757 -12.9343 2
      vertex 4.71646 -13.1816 0
      vertex 5.35757 -12.9343 0
    endloop
  endfacet
  facet normal 0.615266 -0.78832 0
    outer loop
      vertex 8.33979 -11.2449 0
      vertex 8.88151 -10.8221 2
      vertex 8.33979 -11.2449 2
    endloop
  endfacet
  facet normal 0.615266 -0.78832 0
    outer loop
      vertex 8.88151 -10.8221 2
      vertex 8.33979 -11.2449 0
      vertex 8.88151 -10.8221 0
    endloop
  endfacet
  facet normal 0.534974 -0.844869 0
    outer loop
      vertex 7.19744 -12.0082 0
      vertex 7.77798 -11.6406 2
      vertex 7.19744 -12.0082 2
    endloop
  endfacet
  facet normal 0.534974 -0.844869 0
    outer loop
      vertex 7.77798 -11.6406 2
      vertex 7.19744 -12.0082 0
      vertex 7.77798 -11.6406 0
    endloop
  endfacet
  facet normal 0.449552 -0.893254 0
    outer loop
      vertex 5.98577 -12.6558 0
      vertex 6.59955 -12.3469 2
      vertex 5.98577 -12.6558 2
    endloop
  endfacet
  facet normal 0.449552 -0.893254 0
    outer loop
      vertex 6.59955 -12.3469 2
      vertex 5.98577 -12.6558 0
      vertex 6.59955 -12.3469 0
    endloop
  endfacet
  facet normal 0.575836 -0.817565 0
    outer loop
      vertex 7.77798 -11.6406 0
      vertex 8.33979 -11.2449 2
      vertex 7.77798 -11.6406 2
    endloop
  endfacet
  facet normal 0.575836 -0.817565 0
    outer loop
      vertex 8.33979 -11.2449 2
      vertex 7.77798 -11.6406 0
      vertex 8.33979 -11.2449 0
    endloop
  endfacet
  facet normal 0.932994 -0.359891 0
    outer loop
      vertex 12.9343 -5.35757 2
      vertex 13.1816 -4.71646 0
      vertex 13.1816 -4.71646 2
    endloop
  endfacet
  facet normal 0.932994 -0.359891 0
    outer loop
      vertex 13.1816 -4.71646 0
      vertex 12.9343 -5.35757 2
      vertex 12.9343 -5.35757 0
    endloop
  endfacet
  facet normal 0.870087 -0.492898 0
    outer loop
      vertex 12.0082 -7.19744 2
      vertex 12.3469 -6.59955 0
      vertex 12.3469 -6.59955 2
    endloop
  endfacet
  facet normal 0.870087 -0.492898 0
    outer loop
      vertex 12.3469 -6.59955 0
      vertex 12.0082 -7.19744 2
      vertex 12.0082 -7.19744 0
    endloop
  endfacet
  facet normal 0.817565 -0.575836 0
    outer loop
      vertex 11.2449 -8.33979 2
      vertex 11.6406 -7.77798 0
      vertex 11.6406 -7.77798 2
    endloop
  endfacet
  facet normal 0.817565 -0.575836 0
    outer loop
      vertex 11.6406 -7.77798 0
      vertex 11.2449 -8.33979 2
      vertex 11.2449 -8.33979 0
    endloop
  endfacet
  facet normal 0.757225 -0.653154 0
    outer loop
      vertex 10.3733 -9.40182 2
      vertex 10.8221 -8.88151 0
      vertex 10.8221 -8.88151 2
    endloop
  endfacet
  facet normal 0.757225 -0.653154 0
    outer loop
      vertex 10.8221 -8.88151 0
      vertex 10.3733 -9.40182 2
      vertex 10.3733 -9.40182 0
    endloop
  endfacet
  facet normal 0.844869 -0.534974 0
    outer loop
      vertex 11.6406 -7.77798 2
      vertex 12.0082 -7.19744 0
      vertex 12.0082 -7.19744 2
    endloop
  endfacet
  facet normal 0.844869 -0.534974 0
    outer loop
      vertex 12.0082 -7.19744 0
      vertex 11.6406 -7.77798 2
      vertex 11.6406 -7.77798 0
    endloop
  endfacet
  facet normal -0.0245942 -0.999698 0
    outer loop
      vertex -0.686947 -13.9831 0
      vertex 0 -14 2
      vertex -0.686947 -13.9831 2
    endloop
  endfacet
  facet normal -0.0245942 -0.999698 -0
    outer loop
      vertex 0 -14 2
      vertex -0.686947 -13.9831 0
      vertex 0 -14 0
    endloop
  endfacet
  facet normal -0.266615 -0.963803 0
    outer loop
      vertex -4.06398 -13.3972 0
      vertex -3.40172 -13.5804 2
      vertex -4.06398 -13.3972 2
    endloop
  endfacet
  facet normal -0.266615 -0.963803 -0
    outer loop
      vertex -3.40172 -13.5804 2
      vertex -4.06398 -13.3972 0
      vertex -3.40172 -13.5804 0
    endloop
  endfacet
  facet normal -0.170996 -0.985272 0
    outer loop
      vertex -2.73126 -13.731 0
      vertex -2.05423 -13.8485 2
      vertex -2.73126 -13.731 2
    endloop
  endfacet
  facet normal -0.170996 -0.985272 -0
    outer loop
      vertex -2.05423 -13.8485 2
      vertex -2.73126 -13.731 0
      vertex -2.05423 -13.8485 0
    endloop
  endfacet
  facet normal -0.615266 -0.78832 0
    outer loop
      vertex -8.88151 -10.8221 0
      vertex -8.33979 -11.2449 2
      vertex -8.88151 -10.8221 2
    endloop
  endfacet
  facet normal -0.615266 -0.78832 -0
    outer loop
      vertex -8.33979 -11.2449 2
      vertex -8.88151 -10.8221 0
      vertex -8.33979 -11.2449 0
    endloop
  endfacet
  facet normal -0.689532 -0.724255 0
    outer loop
      vertex -9.89949 -9.89949 0
      vertex -9.40182 -10.3733 2
      vertex -9.89949 -9.89949 2
    endloop
  endfacet
  facet normal -0.689532 -0.724255 -0
    outer loop
      vertex -9.40182 -10.3733 2
      vertex -9.89949 -9.89949 0
      vertex -9.40182 -10.3733 0
    endloop
  endfacet
  facet normal -0.449552 -0.893254 0
    outer loop
      vertex -6.59955 -12.3469 0
      vertex -5.98577 -12.6558 2
      vertex -6.59955 -12.3469 2
    endloop
  endfacet
  facet normal -0.449552 -0.893254 -0
    outer loop
      vertex -5.98577 -12.6558 2
      vertex -6.59955 -12.3469 0
      vertex -5.98577 -12.6558 0
    endloop
  endfacet
  facet normal -0.534974 -0.844869 0
    outer loop
      vertex -7.77798 -11.6406 0
      vertex -7.19744 -12.0082 2
      vertex -7.77798 -11.6406 2
    endloop
  endfacet
  facet normal -0.534974 -0.844869 -0
    outer loop
      vertex -7.19744 -12.0082 2
      vertex -7.77798 -11.6406 0
      vertex -7.19744 -12.0082 0
    endloop
  endfacet
  facet normal -0.405288 -0.914189 0
    outer loop
      vertex -5.98577 -12.6558 0
      vertex -5.35757 -12.9343 2
      vertex -5.98577 -12.6558 2
    endloop
  endfacet
  facet normal -0.405288 -0.914189 -0
    outer loop
      vertex -5.35757 -12.9343 2
      vertex -5.98577 -12.6558 0
      vertex -5.35757 -12.9343 0
    endloop
  endfacet
  facet normal -0.992482 -0.122389 0
    outer loop
      vertex -13.8485 -2.05423 0
      vertex -13.9326 -1.37224 2
      vertex -13.9326 -1.37224 0
    endloop
  endfacet
  facet normal -0.992482 -0.122389 0
    outer loop
      vertex -13.9326 -1.37224 2
      vertex -13.8485 -2.05423 0
      vertex -13.8485 -2.05423 2
    endloop
  endfacet
  facet normal -0.999698 -0.0245942 0
    outer loop
      vertex -13.9831 -0.686947 0
      vertex -14 0 2
      vertex -14 0 0
    endloop
  endfacet
  facet normal -0.999698 -0.0245942 0
    outer loop
      vertex -14 0 2
      vertex -13.9831 -0.686947 0
      vertex -13.9831 -0.686947 2
    endloop
  endfacet
  facet normal -0.949507 -0.313747 0
    outer loop
      vertex -13.1816 -4.71646 0
      vertex -13.3972 -4.06398 2
      vertex -13.3972 -4.06398 0
    endloop
  endfacet
  facet normal -0.949507 -0.313747 0
    outer loop
      vertex -13.3972 -4.06398 2
      vertex -13.1816 -4.71646 0
      vertex -13.1816 -4.71646 2
    endloop
  endfacet
  facet normal -0.975689 -0.219161 0
    outer loop
      vertex -13.5804 -3.40172 0
      vertex -13.731 -2.73126 2
      vertex -13.731 -2.73126 0
    endloop
  endfacet
  facet normal -0.975689 -0.219161 0
    outer loop
      vertex -13.731 -2.73126 2
      vertex -13.5804 -3.40172 0
      vertex -13.5804 -3.40172 2
    endloop
  endfacet
  facet normal -0.724255 -0.689532 0
    outer loop
      vertex -9.89949 -9.89949 0
      vertex -10.3733 -9.40182 2
      vertex -10.3733 -9.40182 0
    endloop
  endfacet
  facet normal -0.724255 -0.689532 0
    outer loop
      vertex -10.3733 -9.40182 2
      vertex -9.89949 -9.89949 0
      vertex -9.89949 -9.89949 2
    endloop
  endfacet
  facet normal -0.870087 -0.492898 0
    outer loop
      vertex -12.0082 -7.19744 0
      vertex -12.3469 -6.59955 2
      vertex -12.3469 -6.59955 0
    endloop
  endfacet
  facet normal -0.870087 -0.492898 0
    outer loop
      vertex -12.3469 -6.59955 2
      vertex -12.0082 -7.19744 0
      vertex -12.0082 -7.19744 2
    endloop
  endfacet
  facet normal -0.817565 -0.575836 0
    outer loop
      vertex -11.2449 -8.33979 0
      vertex -11.6406 -7.77798 2
      vertex -11.6406 -7.77798 0
    endloop
  endfacet
  facet normal -0.817565 -0.575836 0
    outer loop
      vertex -11.6406 -7.77798 2
      vertex -11.2449 -8.33979 0
      vertex -11.2449 -8.33979 2
    endloop
  endfacet
  facet normal -0.757225 -0.653154 0
    outer loop
      vertex -10.3733 -9.40182 0
      vertex -10.8221 -8.88151 2
      vertex -10.8221 -8.88151 0
    endloop
  endfacet
  facet normal -0.757225 -0.653154 0
    outer loop
      vertex -10.8221 -8.88151 2
      vertex -10.3733 -9.40182 0
      vertex -10.3733 -9.40182 2
    endloop
  endfacet
  facet normal 0.975689 0.219161 0
    outer loop
      vertex 13.731 2.73126 2
      vertex 13.5804 3.40172 0
      vertex 13.5804 3.40172 2
    endloop
  endfacet
  facet normal 0.975689 0.219161 0
    outer loop
      vertex 13.5804 3.40172 0
      vertex 13.731 2.73126 2
      vertex 13.731 2.73126 0
    endloop
  endfacet
  facet normal 0.985272 0.170996 0
    outer loop
      vertex 13.8485 2.05423 2
      vertex 13.731 2.73126 0
      vertex 13.731 2.73126 2
    endloop
  endfacet
  facet normal 0.985272 0.170996 0
    outer loop
      vertex 13.731 2.73126 0
      vertex 13.8485 2.05423 2
      vertex 13.8485 2.05423 0
    endloop
  endfacet
  facet normal 0.992482 0.122389 0
    outer loop
      vertex 13.9326 1.37224 2
      vertex 13.8485 2.05423 0
      vertex 13.8485 2.05423 2
    endloop
  endfacet
  facet normal 0.992482 0.122389 0
    outer loop
      vertex 13.8485 2.05423 0
      vertex 13.9326 1.37224 2
      vertex 13.9326 1.37224 0
    endloop
  endfacet
  facet normal 0 0 1
    outer loop
      vertex -12.7133 -0.439124 2
      vertex -12.7348 -0.417704 2
      vertex -12.7133 -0.846131 2
    endloop
  endfacet
  facet normal 0 0 1
    outer loop
      vertex -12.6919 -0.867552 2
      vertex -12.7133 -0.846131 2
      vertex -12.6919 -1.10317 2
    endloop
  endfacet
  facet normal 0 0 1
    outer loop
      vertex -12.6705 -1.12459 2
      vertex -12.6919 -1.10317 2
      vertex -12.6705 -1.29598 2
    endloop
  endfacet
  facet normal 0 0 1
    outer loop
      vertex -12.6276 -1.46734 2
      vertex -12.6491 -1.44592 2
      vertex -12.6276 -1.6387 2
    endloop
  endfacet
  facet normal 0 0 1
    outer loop
      vertex -12.5205 -2.13139 2
      vertex -12.5634 -2.02429 2
      vertex -12.5205 -2.23849 2
    endloop
  endfacet
  facet normal 0 0 1
    outer loop
      vertex -12.2421 -3.30954 2
      vertex -12.2849 -3.22386 2
      vertex -12.2421 -3.3738 2
    endloop
  endfacet
  facet normal 0 0 1
    outer loop
      vertex -11.6851 -4.93752 2
      vertex -11.5352 -5.28027 2
      vertex -11.5352 -5.23743 2
    endloop
  endfacet
  facet normal 0 0 1
    outer loop
      vertex -11.5352 -5.28027 2
      vertex -11.6851 -4.93752 2
      vertex -12.9343 -5.35757 2
    endloop
  endfacet
  facet normal 0 0 1
    outer loop
      vertex -12.9343 -5.35757 2
      vertex -11.6851 -4.93752 2
      vertex -11.7708 -4.68048 2
    endloop
  endfacet
  facet normal 0 0 1
    outer loop
      vertex -12.9343 -5.35757 2
      vertex -11.7708 -4.68048 2
      vertex -11.8136 -4.61622 2
    endloop
  endfacet
  facet normal 0 0 1
    outer loop
      vertex -11.9207 -4.33773 2
      vertex -11.8136 -4.61622 2
      vertex -11.8351 -4.50912 2
    endloop
  endfacet
  facet normal 0 0 1
    outer loop
      vertex -11.8136 -4.61622 2
      vertex -11.9207 -4.33773 2
      vertex -13.1816 -4.71646 2
    endloop
  endfacet
  facet normal 0 0 1
    outer loop
      vertex -11.985 -4.16637 2
      vertex -11.9207 -4.33773 2
      vertex -11.9422 -4.23063 2
    endloop
  endfacet
  facet normal 0 0 1
    outer loop
      vertex -11.9207 -4.33773 2
      vertex -11.985 -4.16637 2
      vertex -13.1816 -4.71646 2
    endloop
  endfacet
  facet normal 0 0 1
    outer loop
      vertex -11.5352 -5.28027 2
      vertex -12.0082 -7.19744 2
      vertex -11.6406 -7.77798 2
    endloop
  endfacet
  facet normal -0 0 1
    outer loop
      vertex -13.3972 -4.06398 2
      vertex -11.985 -4.16637 2
      vertex -12.2421 -3.3738 2
    endloop
  endfacet
  facet normal 0 0 1
    outer loop
      vertex -13.5804 -3.40172 2
      vertex -12.2421 -3.3738 2
      vertex -12.2849 -3.22386 2
    endloop
  endfacet
  facet normal 0 0 1
    outer loop
      vertex -11.5352 -5.28027 2
      vertex -12.3469 -6.59955 2
      vertex -12.0082 -7.19744 2
    endloop
  endfacet
  facet normal 0 0 1
    outer loop
      vertex -12.4563 -2.53837 2
      vertex -12.2849 -3.22386 2
      vertex -12.4349 -2.55982 2
    endloop
  endfacet
  facet normal 0 0 1
    outer loop
      vertex -12.2849 -3.22386 2
      vertex -12.4563 -2.53837 2
      vertex -13.5804 -3.40172 2
    endloop
  endfacet
  facet normal 0 0 1
    outer loop
      vertex -12.5205 -2.23849 2
      vertex -12.4563 -2.53837 2
      vertex -12.4777 -2.34559 2
    endloop
  endfacet
  facet normal 0 0 1
    outer loop
      vertex -12.4563 -2.53837 2
      vertex -12.5205 -2.23849 2
      vertex -13.731 -2.73126 2
    endloop
  endfacet
  facet normal -0 0 1
    outer loop
      vertex -13.8485 -2.05423 2
      vertex -12.5205 -2.23849 2
      vertex -12.5634 -2.02429 2
    endloop
  endfacet
  facet normal 0 0 1
    outer loop
      vertex -13.8485 -2.05423 2
      vertex -12.5634 -2.02429 2
      vertex -12.5848 -1.76722 2
    endloop
  endfacet
  facet normal 0 0 1
    outer loop
      vertex -13.8485 -2.05423 2
      vertex -12.5848 -1.76722 2
      vertex -12.6276 -1.6387 2
    endloop
  endfacet
  facet normal 0 0 1
    outer loop
      vertex -13.9326 -1.37224 2
      vertex -12.6276 -1.6387 2
      vertex -12.6491 -1.44592 2
    endloop
  endfacet
  facet normal 0 0 1
    outer loop
      vertex -11.5352 -5.28027 2
      vertex -12.6558 -5.98577 2
      vertex -12.3469 -6.59955 2
    endloop
  endfacet
  facet normal 0 0 1
    outer loop
      vertex 12.6558 5.98577 2
      vertex 11.5138 5.34453 2
      vertex 11.5566 5.30169 2
    endloop
  endfacet
  facet normal 0 0 1
    outer loop
      vertex 12.0082 7.19744 2
      vertex 11.2567 5.90148 2
      vertex 11.5138 5.34453 2
    endloop
  endfacet
  facet normal 0 0 1
    outer loop
      vertex 10.2928 7.42235 2
      vertex 11.6406 7.77798 2
      vertex 11.2449 8.33979 2
    endloop
  endfacet
  facet normal 0 0 1
    outer loop
      vertex 12.0082 7.19744 2
      vertex 11.0211 6.30846 2
      vertex 11.1496 6.05142 2
    endloop
  endfacet
  facet normal 0 0 1
    outer loop
      vertex 12.0082 7.19744 2
      vertex 11.1496 6.05142 2
      vertex 11.2567 5.90148 2
    endloop
  endfacet
  facet normal 0 0 1
    outer loop
      vertex 10.2928 7.42235 2
      vertex 11.2449 8.33979 2
      vertex 10.8221 8.88151 2
    endloop
  endfacet
  facet normal 0 0 1
    outer loop
      vertex 12.0082 7.19744 2
      vertex 10.6355 6.92966 2
      vertex 10.6569 6.8654 2
    endloop
  endfacet
  facet normal 0 0 1
    outer loop
      vertex 12.0082 7.19744 2
      vertex 10.6569 6.8654 2
      vertex 11.0211 6.30846 2
    endloop
  endfacet
  facet normal 0 0 1
    outer loop
      vertex 11.6406 7.77798 2
      vertex 10.3785 7.27241 2
      vertex 10.6355 6.92966 2
    endloop
  endfacet
  facet normal 0 0 1
    outer loop
      vertex 9.54304 8.36489 2
      vertex 10.8221 8.88151 2
      vertex 10.3733 9.40182 2
    endloop
  endfacet
  facet normal 0 0 1
    outer loop
      vertex 11.6406 7.77798 2
      vertex 10.2928 7.42235 2
      vertex 10.3785 7.27241 2
    endloop
  endfacet
  facet normal 0 0 1
    outer loop
      vertex 9.07178 8.87897 2
      vertex 10.3733 9.40182 2
      vertex 9.89949 9.89949 2
    endloop
  endfacet
  facet normal 0 0 1
    outer loop
      vertex 10.8221 8.88151 2
      vertex 9.54304 8.36489 2
      vertex 10.2928 7.42235 2
    endloop
  endfacet
  facet normal 0 0 1
    outer loop
      vertex 8.53625 9.4145 2
      vertex 9.89949 9.89949 2
      vertex 9.40182 10.3733 2
    endloop
  endfacet
  facet normal 0 0 1
    outer loop
      vertex 10.3733 9.40182 2
      vertex 9.07178 8.87897 2
      vertex 9.54304 8.36489 2
    endloop
  endfacet
  facet normal 0 0 1
    outer loop
      vertex 8.06498 9.84292 2
      vertex 9.40182 10.3733 2
      vertex 8.88151 10.8221 2
    endloop
  endfacet
  facet normal 0 0 1
    outer loop
      vertex 9.89949 9.89949 2
      vertex 8.53625 9.4145 2
      vertex 9.07178 8.87897 2
    endloop
  endfacet
  facet normal 0 0 1
    outer loop
      vertex 7.59371 10.2285 2
      vertex 8.88151 10.8221 2
      vertex 8.33979 11.2449 2
    endloop
  endfacet
  facet normal 0 0 1
    outer loop
      vertex 9.40182 10.3733 2
      vertex 8.06498 9.84292 2
      vertex 8.53625 9.4145 2
    endloop
  endfacet
  facet normal 0 0 1
    outer loop
      vertex 7.18673 10.5284 2
      vertex 8.33979 11.2449 2
      vertex 7.77798 11.6406 2
    endloop
  endfacet
  facet normal 0 0 1
    outer loop
      vertex 8.88151 10.8221 2
      vertex 7.59371 10.2285 2
      vertex 8.06498 9.84292 2
    endloop
  endfacet
  facet normal 0 0 1
    outer loop
      vertex 6.69404 10.8497 2
      vertex 7.77798 11.6406 2
      vertex 7.19744 12.0082 2
    endloop
  endfacet
  facet normal 0 0 1
    outer loop
      vertex 8.33979 11.2449 2
      vertex 7.18673 10.5284 2
      vertex 7.59371 10.2285 2
    endloop
  endfacet
  facet normal 0 0 1
    outer loop
      vertex 7.77798 11.6406 2
      vertex 7.12247 10.5498 2
      vertex 7.18673 10.5284 2
    endloop
  endfacet
  facet normal 0 0 1
    outer loop
      vertex 7.77798 11.6406 2
      vertex 6.69404 10.8497 2
      vertex 7.12247 10.5498 2
    endloop
  endfacet
  facet normal 0 0 1
    outer loop
      vertex 6.26562 11.1068 2
      vertex 7.19744 12.0082 2
      vertex 6.59955 12.3469 2
    endloop
  endfacet
  facet normal 0 0 1
    outer loop
      vertex 7.19744 12.0082 2
      vertex 6.26562 11.1068 2
      vertex 6.69404 10.8497 2
    endloop
  endfacet
  facet normal 0 0 1
    outer loop
      vertex 5.70867 11.4066 2
      vertex 6.59955 12.3469 2
      vertex 5.98577 12.6558 2
    endloop
  endfacet
  facet normal 0 0 1
    outer loop
      vertex 6.59955 12.3469 2
      vertex 5.83722 11.321 2
      vertex 6.26562 11.1068 2
    endloop
  endfacet
  facet normal 0 0 1
    outer loop
      vertex 6.59955 12.3469 2
      vertex 5.79438 11.3638 2
      vertex 5.83722 11.321 2
    endloop
  endfacet
  facet normal 0 0 1
    outer loop
      vertex 6.59955 12.3469 2
      vertex 5.70867 11.4066 2
      vertex 5.79438 11.3638 2
    endloop
  endfacet
  facet normal 0 0 1
    outer loop
      vertex 5.79438 11.3638 2
      vertex 5.70867 11.4066 2
      vertex 5.75154 11.3638 2
    endloop
  endfacet
  facet normal -0 0 1
    outer loop
      vertex 5.53731 11.4923 2
      vertex 5.70867 11.4066 2
      vertex 5.98577 12.6558 2
    endloop
  endfacet
  facet normal 0 0 1
    outer loop
      vertex 5.70867 11.4066 2
      vertex 5.53731 11.4923 2
      vertex 5.58015 11.4495 2
    endloop
  endfacet
  facet normal -0 0 1
    outer loop
      vertex 5.25885 11.6209 2
      vertex 5.53731 11.4923 2
      vertex 5.98577 12.6558 2
    endloop
  endfacet
  facet normal 0 0 1
    outer loop
      vertex 5.25885 11.6209 2
      vertex 5.98577 12.6558 2
      vertex 5.35757 12.9343 2
    endloop
  endfacet
  facet normal 0 0 1
    outer loop
      vertex 5.53731 11.4923 2
      vertex 5.25885 11.6209 2
      vertex 5.49447 11.4923 2
    endloop
  endfacet
  facet normal -0 0 1
    outer loop
      vertex 5.06604 11.7065 2
      vertex 5.25885 11.6209 2
      vertex 5.35757 12.9343 2
    endloop
  endfacet
  facet normal 0 0 1
    outer loop
      vertex 5.25885 11.6209 2
      vertex 5.06604 11.7065 2
      vertex 5.21601 11.6209 2
    endloop
  endfacet
  facet normal 0 0 1
    outer loop
      vertex 5.35757 12.9343 2
      vertex 4.809 11.7922 2
      vertex 5.06604 11.7065 2
    endloop
  endfacet
  facet normal 0 0 1
    outer loop
      vertex 4.4877 11.9422 2
      vertex 5.35757 12.9343 2
      vertex 4.71646 13.1816 2
    endloop
  endfacet
  facet normal 0 0 1
    outer loop
      vertex 5.35757 12.9343 2
      vertex 4.4877 11.9422 2
      vertex 4.809 11.7922 2
    endloop
  endfacet
  facet normal 0 0 1
    outer loop
      vertex 3.84507 12.1564 2
      vertex 4.71646 13.1816 2
      vertex 4.06398 13.3972 2
    endloop
  endfacet
  facet normal 0 0 1
    outer loop
      vertex 4.71646 13.1816 2
      vertex 3.84507 12.1564 2
      vertex 4.4877 11.9422 2
    endloop
  endfacet
  facet normal -0 0 1
    outer loop
      vertex 3.54516 12.2421 2
      vertex 3.84507 12.1564 2
      vertex 4.06398 13.3972 2
    endloop
  endfacet
  facet normal 0 0 1
    outer loop
      vertex 3.84507 12.1564 2
      vertex 3.54516 12.2421 2
      vertex 3.78078 12.1564 2
    endloop
  endfacet
  facet normal 0 0 1
    outer loop
      vertex 3.40172 13.5804 2
      vertex 3.54516 12.2421 2
      vertex 4.06398 13.3972 2
    endloop
  endfacet
  facet normal -0 0 1
    outer loop
      vertex 3.22386 12.3278 2
      vertex 3.54516 12.2421 2
      vertex 3.40172 13.5804 2
    endloop
  endfacet
  facet normal 0 0 1
    outer loop
      vertex 3.54516 12.2421 2
      vertex 3.22386 12.3278 2
      vertex 3.30954 12.2849 2
    endloop
  endfacet
  facet normal -0 0 1
    outer loop
      vertex 2.96679 12.392 2
      vertex 3.22386 12.3278 2
      vertex 3.40172 13.5804 2
    endloop
  endfacet
  facet normal 0 0 1
    outer loop
      vertex 3.22386 12.3278 2
      vertex 2.96679 12.392 2
      vertex 3.15958 12.3278 2
    endloop
  endfacet
  facet normal -0 0 1
    outer loop
      vertex 2.8597 12.4134 2
      vertex 2.96679 12.392 2
      vertex 3.40172 13.5804 2
    endloop
  endfacet
  facet normal 0 0 1
    outer loop
      vertex 2.96679 12.392 2
      vertex 2.8597 12.4134 2
      vertex 2.88111 12.392 2
    endloop
  endfacet
  facet normal 0 0 1
    outer loop
      vertex 2.73126 13.731 2
      vertex 2.8597 12.4134 2
      vertex 3.40172 13.5804 2
    endloop
  endfacet
  facet normal 0 0 1
    outer loop
      vertex 2.8597 12.4134 2
      vertex 2.73126 13.731 2
      vertex 2.66691 12.4563 2
    endloop
  endfacet
  facet normal 0 0 1
    outer loop
      vertex 2.8597 12.4134 2
      vertex 2.66691 12.4563 2
      vertex 2.77402 12.4134 2
    endloop
  endfacet
  facet normal -0 0 1
    outer loop
      vertex 2.53837 12.4777 2
      vertex 2.66691 12.4563 2
      vertex 2.73126 13.731 2
    endloop
  endfacet
  facet normal 0 0 1
    outer loop
      vertex 2.66691 12.4563 2
      vertex 2.53837 12.4777 2
      vertex 2.55982 12.4563 2
    endloop
  endfacet
  facet normal -0 0 1
    outer loop
      vertex 2.32417 12.5205 2
      vertex 2.53837 12.4777 2
      vertex 2.73126 13.731 2
    endloop
  endfacet
  facet normal 0 0 1
    outer loop
      vertex 2.53837 12.4777 2
      vertex 2.32417 12.5205 2
      vertex 2.45269 12.4777 2
    endloop
  endfacet
  facet normal -0 0 1
    outer loop
      vertex 2.06713 12.5634 2
      vertex 2.32417 12.5205 2
      vertex 2.73126 13.731 2
    endloop
  endfacet
  facet normal 0 0 1
    outer loop
      vertex 2.32417 12.5205 2
      vertex 2.06713 12.5634 2
      vertex 2.08855 12.542 2
    endloop
  endfacet
  facet normal 0 0 1
    outer loop
      vertex 2.05423 13.8485 2
      vertex 2.06713 12.5634 2
      vertex 2.73126 13.731 2
    endloop
  endfacet
  facet normal -0 0 1
    outer loop
      vertex 1.91719 12.5848 2
      vertex 2.06713 12.5634 2
      vertex 2.05423 13.8485 2
    endloop
  endfacet
  facet normal 0 0 1
    outer loop
      vertex 2.06713 12.5634 2
      vertex 1.91719 12.5848 2
      vertex 1.93861 12.5634 2
    endloop
  endfacet
  facet normal -0 0 1
    outer loop
      vertex 1.76722 12.6062 2
      vertex 1.91719 12.5848 2
      vertex 2.05423 13.8485 2
    endloop
  endfacet
  facet normal 0 0 1
    outer loop
      vertex 1.91719 12.5848 2
      vertex 1.76722 12.6062 2
      vertex 1.78864 12.5848 2
    endloop
  endfacet
  facet normal -0 0 1
    outer loop
      vertex 1.61728 12.6276 2
      vertex 1.76722 12.6062 2
      vertex 2.05423 13.8485 2
    endloop
  endfacet
  facet normal 0 0 1
    outer loop
      vertex 1.76722 12.6062 2
      vertex 1.61728 12.6276 2
      vertex 1.6387 12.6062 2
    endloop
  endfacet
  facet normal 0 0 1
    outer loop
      vertex 1.37224 13.9326 2
      vertex 1.61728 12.6276 2
      vertex 2.05423 13.8485 2
    endloop
  endfacet
  facet normal 0 0 1
    outer loop
      vertex 1.61728 12.6276 2
      vertex 1.4245 12.6491 2
      vertex 1.44592 12.6276 2
    endloop
  endfacet
  facet normal 0 0 1
    outer loop
      vertex 1.61728 12.6276 2
      vertex 1.37224 13.9326 2
      vertex 1.4245 12.6491 2
    endloop
  endfacet
  facet normal -0 0 1
    outer loop
      vertex 1.23169 12.6705 2
      vertex 1.4245 12.6491 2
      vertex 1.37224 13.9326 2
    endloop
  endfacet
  facet normal 0 0 1
    outer loop
      vertex 1.4245 12.6491 2
      vertex 1.23169 12.6705 2
      vertex 1.25311 12.6491 2
    endloop
  endfacet
  facet normal -0 0 1
    outer loop
      vertex 0.953231 12.6919 2
      vertex 1.23169 12.6705 2
      vertex 1.37224 13.9326 2
    endloop
  endfacet
  facet normal 0 0 1
    outer loop
      vertex 1.23169 12.6705 2
      vertex 0.953231 12.6919 2
      vertex 0.974651 12.6705 2
    endloop
  endfacet
  facet normal 0 0 1
    outer loop
      vertex 0.686947 13.9831 2
      vertex 0.953231 12.6919 2
      vertex 1.37224 13.9326 2
    endloop
  endfacet
  facet normal -0 0 1
    outer loop
      vertex 0.567643 12.7133 2
      vertex 0.953231 12.6919 2
      vertex 0.686947 13.9831 2
    endloop
  endfacet
  facet normal 0 0 1
    outer loop
      vertex 0.953231 12.6919 2
      vertex 0.567643 12.7133 2
      vertex 0.589064 12.6919 2
    endloop
  endfacet
  facet normal 0 0 1
    outer loop
      vertex 0 14 2
      vertex 0.567643 12.7133 2
      vertex 0.686947 13.9831 2
    endloop
  endfacet
  facet normal 0 0 1
    outer loop
      vertex 0 14 2
      vertex -0.503384 12.7133 2
      vertex 0.567643 12.7133 2
    endloop
  endfacet
  facet normal -0 0 1
    outer loop
      vertex -0.686947 13.9831 2
      vertex -0.503384 12.7133 2
      vertex 0 14 2
    endloop
  endfacet
  facet normal 0 0 1
    outer loop
      vertex -0.888971 12.6919 2
      vertex -0.503384 12.7133 2
      vertex -0.686947 13.9831 2
    endloop
  endfacet
  facet normal 0 0 1
    outer loop
      vertex -0.503384 12.7133 2
      vertex -0.888971 12.6919 2
      vertex -0.524804 12.6919 2
    endloop
  endfacet
  facet normal -0 0 1
    outer loop
      vertex -1.37224 13.9326 2
      vertex -0.888971 12.6919 2
      vertex -0.686947 13.9831 2
    endloop
  endfacet
  facet normal 0 -0 1
    outer loop
      vertex -1.14601 12.6705 2
      vertex -0.888971 12.6919 2
      vertex -1.37224 13.9326 2
    endloop
  endfacet
  facet normal 0 0 1
    outer loop
      vertex -0.888971 12.6919 2
      vertex -1.14601 12.6705 2
      vertex -0.910392 12.6705 2
    endloop
  endfacet
  facet normal 0 0 1
    outer loop
      vertex -1.72438 12.6062 2
      vertex -1.14601 12.6705 2
      vertex -1.37224 13.9326 2
    endloop
  endfacet
  facet normal 0 0 1
    outer loop
      vertex -1.14601 12.6705 2
      vertex -1.72438 12.6062 2
      vertex -1.16743 12.6491 2
    endloop
  endfacet
  facet normal -0 0 1
    outer loop
      vertex -2.05423 13.8485 2
      vertex -1.72438 12.6062 2
      vertex -1.37224 13.9326 2
    endloop
  endfacet
  facet normal 0 0 1
    outer loop
      vertex -2.38843 12.4991 2
      vertex -1.72438 12.6062 2
      vertex -2.05423 13.8485 2
    endloop
  endfacet
  facet normal 0 0 1
    outer loop
      vertex -1.72438 12.6062 2
      vertex -2.38843 12.4991 2
      vertex -1.7458 12.5848 2
    endloop
  endfacet
  facet normal -0 0 1
    outer loop
      vertex -2.73126 13.731 2
      vertex -2.38843 12.4991 2
      vertex -2.05423 13.8485 2
    endloop
  endfacet
  facet normal 0 -0 1
    outer loop
      vertex -2.70976 12.4349 2
      vertex -2.38843 12.4991 2
      vertex -2.73126 13.731 2
    endloop
  endfacet
  facet normal 0 0 1
    outer loop
      vertex -2.38843 12.4991 2
      vertex -2.70976 12.4349 2
      vertex -2.40985 12.4777 2
    endloop
  endfacet
  facet normal -0 0 1
    outer loop
      vertex -3.40172 13.5804 2
      vertex -2.70976 12.4349 2
      vertex -2.73126 13.731 2
    endloop
  endfacet
  facet normal 0 -0 1
    outer loop
      vertex -3.00964 12.3706 2
      vertex -2.70976 12.4349 2
      vertex -3.40172 13.5804 2
    endloop
  endfacet
  facet normal 0 0 1
    outer loop
      vertex -2.70976 12.4349 2
      vertex -3.00964 12.3706 2
      vertex -2.81686 12.392 2
    endloop
  endfacet
  facet normal 0 -0 1
    outer loop
      vertex -3.35238 12.2849 2
      vertex -3.00964 12.3706 2
      vertex -3.40172 13.5804 2
    endloop
  endfacet
  facet normal 0 0 1
    outer loop
      vertex -3.00964 12.3706 2
      vertex -3.35238 12.2849 2
      vertex -3.03106 12.3492 2
    endloop
  endfacet
  facet normal -0 0 1
    outer loop
      vertex -4.06398 13.3972 2
      vertex -3.35238 12.2849 2
      vertex -3.40172 13.5804 2
    endloop
  endfacet
  facet normal 0 0 1
    outer loop
      vertex -3.35238 12.2849 2
      vertex -3.50232 12.2421 2
      vertex -3.43806 12.2421 2
    endloop
  endfacet
  facet normal 0 0 1
    outer loop
      vertex -3.35238 12.2849 2
      vertex -4.06398 13.3972 2
      vertex -3.50232 12.2421 2
    endloop
  endfacet
  facet normal 0 -0 1
    outer loop
      vertex -3.65226 12.1992 2
      vertex -3.50232 12.2421 2
      vertex -4.06398 13.3972 2
    endloop
  endfacet
  facet normal 0 0 1
    outer loop
      vertex -3.50232 12.2421 2
      vertex -3.65226 12.1992 2
      vertex -3.588 12.1992 2
    endloop
  endfacet
  facet normal 0 -0 1
    outer loop
      vertex -3.8022 12.1564 2
      vertex -3.65226 12.1992 2
      vertex -4.06398 13.3972 2
    endloop
  endfacet
  facet normal 0 0 1
    outer loop
      vertex -3.65226 12.1992 2
      vertex -3.8022 12.1564 2
      vertex -3.73794 12.1564 2
    endloop
  endfacet
  facet normal -0 0 1
    outer loop
      vertex -4.71646 13.1816 2
      vertex -3.8022 12.1564 2
      vertex -4.06398 13.3972 2
    endloop
  endfacet
  facet normal 0 0 1
    outer loop
      vertex -3.8022 12.1564 2
      vertex -4.71646 13.1816 2
      vertex -4.44483 11.9422 2
    endloop
  endfacet
  facet normal 0 0 1
    outer loop
      vertex -4.72332 11.8351 2
      vertex -4.44483 11.9422 2
      vertex -4.71646 13.1816 2
    endloop
  endfacet
  facet normal 0 0 1
    outer loop
      vertex -4.44483 11.9422 2
      vertex -4.72332 11.8351 2
      vertex -4.61622 11.8565 2
    endloop
  endfacet
  facet normal -0 0 1
    outer loop
      vertex -5.35757 12.9343 2
      vertex -4.72332 11.8351 2
      vertex -4.71646 13.1816 2
    endloop
  endfacet
  facet normal 0 0 1
    outer loop
      vertex -4.72332 11.8351 2
      vertex -5.35757 12.9343 2
      vertex -4.78758 11.7922 2
    endloop
  endfacet
  facet normal 0 0 1
    outer loop
      vertex -4.78758 11.7922 2
      vertex -5.35757 12.9343 2
      vertex -5.04462 11.7065 2
    endloop
  endfacet
  facet normal 0 -0 1
    outer loop
      vertex -5.23743 11.6209 2
      vertex -5.04462 11.7065 2
      vertex -5.35757 12.9343 2
    endloop
  endfacet
  facet normal 0 0 1
    outer loop
      vertex -5.04462 11.7065 2
      vertex -5.23743 11.6209 2
      vertex -5.19459 11.6209 2
    endloop
  endfacet
  facet normal -0 0 1
    outer loop
      vertex -5.98577 12.6558 2
      vertex -5.23743 11.6209 2
      vertex -5.35757 12.9343 2
    endloop
  endfacet
  facet normal 0 0 1
    outer loop
      vertex -5.98577 12.6558 2
      vertex -6.11568 11.1924 2
      vertex -5.23743 11.6209 2
    endloop
  endfacet
  facet normal -0 0 1
    outer loop
      vertex -6.59955 12.3469 2
      vertex -6.11568 11.1924 2
      vertex -5.98577 12.6558 2
    endloop
  endfacet
  facet normal 0 0 1
    outer loop
      vertex -6.11568 11.1924 2
      vertex -6.59955 12.3469 2
      vertex -6.30846 11.0639 2
    endloop
  endfacet
  facet normal -0 0 1
    outer loop
      vertex -7.19744 12.0082 2
      vertex -6.30846 11.0639 2
      vertex -6.59955 12.3469 2
    endloop
  endfacet
  facet normal 0 0 1
    outer loop
      vertex -6.30846 11.0639 2
      vertex -7.19744 12.0082 2
      vertex -6.45842 10.9997 2
    endloop
  endfacet
  facet normal -0 0 1
    outer loop
      vertex -7.77798 11.6406 2
      vertex -6.45842 10.9997 2
      vertex -7.19744 12.0082 2
    endloop
  endfacet
  facet normal 0 0 1
    outer loop
      vertex -6.45842 10.9997 2
      vertex -7.77798 11.6406 2
      vertex -7.40093 10.3999 2
    endloop
  endfacet
  facet normal -0 0 1
    outer loop
      vertex -8.33979 11.2449 2
      vertex -7.40093 10.3999 2
      vertex -7.77798 11.6406 2
    endloop
  endfacet
  facet normal -0 0 1
    outer loop
      vertex -8.88151 10.8221 2
      vertex -7.40093 10.3999 2
      vertex -8.33979 11.2449 2
    endloop
  endfacet
  facet normal 0 0 1
    outer loop
      vertex -7.40093 10.3999 2
      vertex -8.88151 10.8221 2
      vertex -8.38631 9.65014 2
    endloop
  endfacet
  facet normal -0 0 1
    outer loop
      vertex -9.40182 10.3733 2
      vertex -8.38631 9.65014 2
      vertex -8.88151 10.8221 2
    endloop
  endfacet
  facet normal 0 0 1
    outer loop
      vertex -8.38631 9.65014 2
      vertex -9.40182 10.3733 2
      vertex -9.00752 9.09319 2
    endloop
  endfacet
  facet normal -0 0 1
    outer loop
      vertex -9.89949 9.89949 2
      vertex -9.00752 9.09319 2
      vertex -9.40182 10.3733 2
    endloop
  endfacet
  facet normal 0 0 1
    outer loop
      vertex -9.00752 9.09319 2
      vertex -9.89949 9.89949 2
      vertex -9.45734 8.64335 2
    endloop
  endfacet
  facet normal -0 0 1
    outer loop
      vertex -10.3733 9.40182 2
      vertex -9.45734 8.64335 2
      vertex -9.89949 9.89949 2
    endloop
  endfacet
  facet normal 0 0 1
    outer loop
      vertex -9.45734 8.64335 2
      vertex -10.3733 9.40182 2
      vertex -9.88576 8.17208 2
    endloop
  endfacet
  facet normal -0 0 1
    outer loop
      vertex -10.8221 8.88151 2
      vertex -9.88576 8.17208 2
      vertex -10.3733 9.40182 2
    endloop
  endfacet
  facet normal 0 0 1
    outer loop
      vertex -9.88576 8.17208 2
      vertex -10.8221 8.88151 2
      vertex -10.2499 7.72226 2
    endloop
  endfacet
  facet normal -0 0 1
    outer loop
      vertex -11.2449 8.33979 2
      vertex -10.2499 7.72226 2
      vertex -10.8221 8.88151 2
    endloop
  endfacet
  facet normal 0 0 1
    outer loop
      vertex -10.9568 6.71546 2
      vertex -11.0425 6.56552 2
      vertex -10.9568 6.67262 2
    endloop
  endfacet
  facet normal -0 0 1
    outer loop
      vertex -11.6406 7.77798 2
      vertex -10.2499 7.72226 2
      vertex -11.2449 8.33979 2
    endloop
  endfacet
  facet normal 0 0 1
    outer loop
      vertex -10.2499 7.72226 2
      vertex -11.6406 7.77798 2
      vertex -10.9568 6.71546 2
    endloop
  endfacet
  facet normal -0 0 1
    outer loop
      vertex -12.0082 7.19744 2
      vertex -10.9568 6.71546 2
      vertex -11.6406 7.77798 2
    endloop
  endfacet
  facet normal 0 0 1
    outer loop
      vertex -10.9568 6.71546 2
      vertex -12.0082 7.19744 2
      vertex -11.0425 6.56552 2
    endloop
  endfacet
  facet normal 0 0 1
    outer loop
      vertex -11.0425 6.56552 2
      vertex -12.0082 7.19744 2
      vertex -11.171 6.30846 2
    endloop
  endfacet
  facet normal -0 0 1
    outer loop
      vertex -12.3469 6.59955 2
      vertex -11.171 6.30846 2
      vertex -12.0082 7.19744 2
    endloop
  endfacet
  facet normal 0 0 1
    outer loop
      vertex -11.171 6.30846 2
      vertex -12.3469 6.59955 2
      vertex -11.2781 6.15851 2
    endloop
  endfacet
  facet normal 0 0 1
    outer loop
      vertex -12.6558 5.98577 2
      vertex -11.2781 6.15851 2
      vertex -12.3469 6.59955 2
    endloop
  endfacet
  facet normal 0 0 1
    outer loop
      vertex -11.2781 6.15851 2
      vertex -12.6558 5.98577 2
      vertex -11.6851 5.34453 2
    endloop
  endfacet
  facet normal -0 0 1
    outer loop
      vertex -12.9343 5.35757 2
      vertex -11.6851 5.34453 2
      vertex -12.6558 5.98577 2
    endloop
  endfacet
  facet normal 0 0 1
    outer loop
      vertex -11.6851 5.34453 2
      vertex -12.9343 5.35757 2
      vertex -11.728 5.19459 2
    endloop
  endfacet
  facet normal 0 0 1
    outer loop
      vertex -11.728 5.19459 2
      vertex -12.9343 5.35757 2
      vertex -11.8136 5.04462 2
    endloop
  endfacet
  facet normal 0 0 1
    outer loop
      vertex -11.8136 5.04462 2
      vertex -12.9343 5.35757 2
      vertex -11.8565 4.89468 2
    endloop
  endfacet
  facet normal 0 0 1
    outer loop
      vertex -11.8565 4.89468 2
      vertex -12.9343 5.35757 2
      vertex -11.9636 4.68048 2
    endloop
  endfacet
  facet normal -0 0 1
    outer loop
      vertex -13.1816 4.71646 2
      vertex -11.9636 4.68048 2
      vertex -12.9343 5.35757 2
    endloop
  endfacet
  facet normal 0 0 1
    outer loop
      vertex -12.2635 3.8022 2
      vertex -12.3063 3.65226 2
      vertex -12.2635 3.73794 2
    endloop
  endfacet
  facet normal 0 0 1
    outer loop
      vertex -11.9636 4.68048 2
      vertex -13.1816 4.71646 2
      vertex -12.0064 4.50912 2
    endloop
  endfacet
  facet normal 0 0 1
    outer loop
      vertex -12.0064 4.50912 2
      vertex -13.1816 4.71646 2
      vertex -12.0921 4.33773 2
    endloop
  endfacet
  facet normal 0 0 1
    outer loop
      vertex -12.0921 4.33773 2
      vertex -13.1816 4.71646 2
      vertex -12.1136 4.20921 2
    endloop
  endfacet
  facet normal 0 0 1
    outer loop
      vertex -12.1136 4.20921 2
      vertex -13.1816 4.71646 2
      vertex -12.2635 3.8022 2
    endloop
  endfacet
  facet normal 0 0 1
    outer loop
      vertex -12.4134 3.24528 2
      vertex -12.4349 3.13815 2
      vertex -12.4134 3.15958 2
    endloop
  endfacet
  facet normal -0 0 1
    outer loop
      vertex -13.3972 4.06398 2
      vertex -12.2635 3.8022 2
      vertex -13.1816 4.71646 2
    endloop
  endfacet
  facet normal 0 0 1
    outer loop
      vertex -12.2635 3.8022 2
      vertex -13.3972 4.06398 2
      vertex -12.3063 3.65226 2
    endloop
  endfacet
  facet normal 0 0 1
    outer loop
      vertex -12.3063 3.65226 2
      vertex -13.3972 4.06398 2
      vertex -12.3278 3.50232 2
    endloop
  endfacet
  facet normal 0 0 1
    outer loop
      vertex -12.5205 2.75259 2
      vertex -12.542 2.6455 2
      vertex -12.5205 2.66691 2
    endloop
  endfacet
  facet normal 0 0 1
    outer loop
      vertex -13.5804 3.40172 2
      vertex -12.3278 3.50232 2
      vertex -13.3972 4.06398 2
    endloop
  endfacet
  facet normal 0 0 1
    outer loop
      vertex -12.542 2.6455 2
      vertex -12.5634 2.51695 2
      vertex -12.542 2.53837 2
    endloop
  endfacet
  facet normal 0 0 1
    outer loop
      vertex -12.3278 3.50232 2
      vertex -13.5804 3.40172 2
      vertex -12.4134 3.24528 2
    endloop
  endfacet
  facet normal 0 0 1
    outer loop
      vertex -12.5634 2.51695 2
      vertex -12.6062 2.25991 2
      vertex -12.5634 2.40985 2
    endloop
  endfacet
  facet normal 0 0 1
    outer loop
      vertex -12.4134 3.24528 2
      vertex -13.5804 3.40172 2
      vertex -12.4349 3.13815 2
    endloop
  endfacet
  facet normal 0 0 1
    outer loop
      vertex -12.6062 2.25991 2
      vertex -12.6276 2.10997 2
      vertex -12.6062 2.13139 2
    endloop
  endfacet
  facet normal 0 -0 1
    outer loop
      vertex -12.5205 2.75259 2
      vertex -12.4349 3.13815 2
      vertex -13.5804 3.40172 2
    endloop
  endfacet
  facet normal 0 0 1
    outer loop
      vertex -12.6276 2.10997 2
      vertex -12.6491 1.93861 2
      vertex -12.6276 1.96003 2
    endloop
  endfacet
  facet normal 0 0 1
    outer loop
      vertex -12.4349 3.13815 2
      vertex -12.5205 2.75259 2
      vertex -12.4991 2.77402 2
    endloop
  endfacet
  facet normal 0 0 1
    outer loop
      vertex -13.731 2.73126 2
      vertex -12.5205 2.75259 2
      vertex -13.5804 3.40172 2
    endloop
  endfacet
  facet normal 0 0 1
    outer loop
      vertex -12.5205 2.75259 2
      vertex -13.731 2.73126 2
      vertex -12.542 2.6455 2
    endloop
  endfacet
  facet normal 0 0 1
    outer loop
      vertex -12.542 2.6455 2
      vertex -13.731 2.73126 2
      vertex -12.5634 2.51695 2
    endloop
  endfacet
  facet normal 0 0 1
    outer loop
      vertex -12.6705 1.78864 2
      vertex -12.6919 1.57444 2
      vertex -12.6705 1.59586 2
    endloop
  endfacet
  facet normal 0 0 1
    outer loop
      vertex -12.5634 2.51695 2
      vertex -13.731 2.73126 2
      vertex -12.6062 2.25991 2
    endloop
  endfacet
  facet normal 0 0 1
    outer loop
      vertex -13.8485 2.05423 2
      vertex -12.6062 2.25991 2
      vertex -13.731 2.73126 2
    endloop
  endfacet
  facet normal 0 0 1
    outer loop
      vertex -12.6062 2.25991 2
      vertex -13.8485 2.05423 2
      vertex -12.6276 2.10997 2
    endloop
  endfacet
  facet normal 0 0 1
    outer loop
      vertex -12.6491 1.93861 2
      vertex -12.6705 1.78864 2
      vertex -12.6491 1.81006 2
    endloop
  endfacet
  facet normal 0 0 1
    outer loop
      vertex -12.6276 2.10997 2
      vertex -13.8485 2.05423 2
      vertex -12.6491 1.93861 2
    endloop
  endfacet
  facet normal -0 0 1
    outer loop
      vertex 12.7348 0.224923 2
      vertex 14 0 2
      vertex 13.9831 0.686947 2
    endloop
  endfacet
  facet normal -0 0 1
    outer loop
      vertex 12.6919 0.953231 2
      vertex 13.9831 0.686947 2
      vertex 13.9326 1.37224 2
    endloop
  endfacet
  facet normal 0 0 1
    outer loop
      vertex 14 0 2
      vertex 12.7348 0.224923 2
      vertex 13.9831 -0.686947 2
    endloop
  endfacet
  facet normal -0 0 1
    outer loop
      vertex 12.6491 1.38166 2
      vertex 13.9326 1.37224 2
      vertex 13.8485 2.05423 2
    endloop
  endfacet
  facet normal 0 0 1
    outer loop
      vertex 12.7348 -0.953232 2
      vertex 13.9831 -0.686947 2
      vertex 12.7348 0.224923 2
    endloop
  endfacet
  facet normal -0 0 1
    outer loop
      vertex 12.542 2.13139 2
      vertex 13.8485 2.05423 2
      vertex 13.731 2.73126 2
    endloop
  endfacet
  facet normal 0 0 1
    outer loop
      vertex 13.9831 -0.686947 2
      vertex 12.7348 -0.953232 2
      vertex 13.9326 -1.37224 2
    endloop
  endfacet
  facet normal -0 0 1
    outer loop
      vertex 12.4134 2.79543 2
      vertex 13.731 2.73126 2
      vertex 13.5804 3.40172 2
    endloop
  endfacet
  facet normal -0 0 1
    outer loop
      vertex 12.7133 -1.36024 2
      vertex 13.9326 -1.37224 2
      vertex 12.7348 -0.953232 2
    endloop
  endfacet
  facet normal 0 0 1
    outer loop
      vertex 12.2635 3.39522 2
      vertex 13.5804 3.40172 2
      vertex 13.3972 4.06398 2
    endloop
  endfacet
  facet normal 0 0 1
    outer loop
      vertex 12.6919 -1.61728 2
      vertex 13.9326 -1.37224 2
      vertex 12.7133 -1.36024 2
    endloop
  endfacet
  facet normal 0 0 1
    outer loop
      vertex 12.0707 3.95217 2
      vertex 13.3972 4.06398 2
      vertex 13.1816 4.71646 2
    endloop
  endfacet
  facet normal 0 0 1
    outer loop
      vertex 13.9326 -1.37224 2
      vertex 12.6919 -1.61728 2
      vertex 13.8485 -2.05423 2
    endloop
  endfacet
  facet normal 0 0 1
    outer loop
      vertex 11.8565 4.61622 2
      vertex 13.1816 4.71646 2
      vertex 12.9343 5.35757 2
    endloop
  endfacet
  facet normal -0 0 1
    outer loop
      vertex 12.6491 -2.02429 2
      vertex 13.8485 -2.05423 2
      vertex 12.6919 -1.61728 2
    endloop
  endfacet
  facet normal 0 0 1
    outer loop
      vertex 13.8485 -2.05423 2
      vertex 12.6491 -2.02429 2
      vertex 13.731 -2.73126 2
    endloop
  endfacet
  facet normal 0 0 1
    outer loop
      vertex 13.9831 0.686947 2
      vertex 12.7133 0.674771 2
      vertex 12.7348 0.224923 2
    endloop
  endfacet
  facet normal 0 0 1
    outer loop
      vertex 13.9831 0.686947 2
      vertex 12.6919 0.953231 2
      vertex 12.7133 0.674771 2
    endloop
  endfacet
  facet normal 0 0 1
    outer loop
      vertex 13.9326 1.37224 2
      vertex 12.6491 1.38166 2
      vertex 12.6919 0.953231 2
    endloop
  endfacet
  facet normal 0 0 1
    outer loop
      vertex 11.5566 5.30169 2
      vertex 12.9343 5.35757 2
      vertex 12.6558 5.98577 2
    endloop
  endfacet
  facet normal 0 0 1
    outer loop
      vertex 12.6919 0.953231 2
      vertex 12.6491 1.38166 2
      vertex 12.6705 0.974651 2
    endloop
  endfacet
  facet normal 0 0 1
    outer loop
      vertex 13.8485 2.05423 2
      vertex 12.5848 1.8529 2
      vertex 12.6491 1.38166 2
    endloop
  endfacet
  facet normal 0 0 1
    outer loop
      vertex 12.6491 1.38166 2
      vertex 12.5848 1.8529 2
      vertex 12.6276 1.40308 2
    endloop
  endfacet
  facet normal 0 0 1
    outer loop
      vertex 13.8485 2.05423 2
      vertex 12.542 2.13139 2
      vertex 12.5848 1.8529 2
    endloop
  endfacet
  facet normal 0 0 1
    outer loop
      vertex 12.5848 1.8529 2
      vertex 12.542 2.13139 2
      vertex 12.5634 1.87432 2
    endloop
  endfacet
  facet normal 0 0 1
    outer loop
      vertex 13.731 2.73126 2
      vertex 12.4991 2.36701 2
      vertex 12.542 2.13139 2
    endloop
  endfacet
  facet normal 0 0 1
    outer loop
      vertex 13.731 2.73126 2
      vertex 12.4134 2.79543 2
      vertex 12.4991 2.36701 2
    endloop
  endfacet
  facet normal 0 0 1
    outer loop
      vertex 12.4991 2.36701 2
      vertex 12.4134 2.79543 2
      vertex 12.4777 2.38843 2
    endloop
  endfacet
  facet normal 0 0 1
    outer loop
      vertex 13.5804 3.40172 2
      vertex 12.2635 3.39522 2
      vertex 12.4134 2.79543 2
    endloop
  endfacet
  facet normal 0 0 1
    outer loop
      vertex 11.5138 5.34453 2
      vertex 12.6558 5.98577 2
      vertex 12.3469 6.59955 2
    endloop
  endfacet
  facet normal 0 0 1
    outer loop
      vertex 12.4134 2.79543 2
      vertex 12.2635 3.39522 2
      vertex 12.392 2.81686 2
    endloop
  endfacet
  facet normal 0 0 1
    outer loop
      vertex 13.3972 4.06398 2
      vertex 12.1778 3.6951 2
      vertex 12.2635 3.39522 2
    endloop
  endfacet
  facet normal 0 0 1
    outer loop
      vertex 12.2635 3.39522 2
      vertex 12.1778 3.6951 2
      vertex 12.2207 3.4809 2
    endloop
  endfacet
  facet normal 0 0 1
    outer loop
      vertex 13.1816 4.71646 2
      vertex 12.0278 4.14495 2
      vertex 12.0707 3.95217 2
    endloop
  endfacet
  facet normal 0 0 1
    outer loop
      vertex 13.3972 4.06398 2
      vertex 12.0707 3.95217 2
      vertex 12.1778 3.6951 2
    endloop
  endfacet
  facet normal 0 0 1
    outer loop
      vertex 11.5138 5.34453 2
      vertex 12.3469 6.59955 2
      vertex 12.0082 7.19744 2
    endloop
  endfacet
  facet normal 0 0 1
    outer loop
      vertex 13.1816 4.71646 2
      vertex 11.8565 4.61622 2
      vertex 11.9207 4.38057 2
    endloop
  endfacet
  facet normal 0 0 1
    outer loop
      vertex 13.1816 4.71646 2
      vertex 11.9207 4.38057 2
      vertex 12.0278 4.14495 2
    endloop
  endfacet
  facet normal 0 0 1
    outer loop
      vertex 12.9343 5.35757 2
      vertex 11.728 4.9161 2
      vertex 11.8565 4.61622 2
    endloop
  endfacet
  facet normal 0 0 1
    outer loop
      vertex 11.8565 4.61622 2
      vertex 11.728 4.9161 2
      vertex 11.7922 4.7019 2
    endloop
  endfacet
  facet normal 0 0 1
    outer loop
      vertex 10.6355 6.92966 2
      vertex 12.0082 7.19744 2
      vertex 11.6406 7.77798 2
    endloop
  endfacet
  facet normal 0 0 1
    outer loop
      vertex 12.9343 5.35757 2
      vertex 11.5566 5.30169 2
      vertex 11.728 4.9161 2
    endloop
  endfacet
  facet normal 0 0 1
    outer loop
      vertex 11.728 4.9161 2
      vertex 11.5566 5.30169 2
      vertex 11.5566 5.25885 2
    endloop
  endfacet
  facet normal -0 0 1
    outer loop
      vertex 12.542 -2.68834 2
      vertex 13.731 -2.73126 2
      vertex 12.6491 -2.02429 2
    endloop
  endfacet
  facet normal 0 0 1
    outer loop
      vertex 12.7133 -1.36024 2
      vertex 12.7348 -0.953232 2
      vertex 12.7133 -0.974651 2
    endloop
  endfacet
  facet normal 0 0 1
    outer loop
      vertex 13.731 -2.73126 2
      vertex 12.542 -2.68834 2
      vertex 13.5804 -3.40172 2
    endloop
  endfacet
  facet normal 0 0 1
    outer loop
      vertex 12.6919 -1.61728 2
      vertex 12.7133 -1.36024 2
      vertex 12.6919 -1.38166 2
    endloop
  endfacet
  facet normal -0 0 1
    outer loop
      vertex 12.4777 -2.90254 2
      vertex 13.5804 -3.40172 2
      vertex 12.542 -2.68834 2
    endloop
  endfacet
  facet normal 0 0 1
    outer loop
      vertex 12.6491 -2.02429 2
      vertex 12.6919 -1.61728 2
      vertex 12.6705 -1.6387 2
    endloop
  endfacet
  facet normal -0 0 1
    outer loop
      vertex 12.4349 -3.18102 2
      vertex 13.5804 -3.40172 2
      vertex 12.4777 -2.90254 2
    endloop
  endfacet
  facet normal 0 0 1
    outer loop
      vertex 12.3492 -3.54516 2
      vertex 13.5804 -3.40172 2
      vertex 12.4134 -3.28812 2
    endloop
  endfacet
  facet normal 0 0 1
    outer loop
      vertex 12.542 -2.68834 2
      vertex 12.6491 -2.02429 2
      vertex 12.6276 -2.04571 2
    endloop
  endfacet
  facet normal 0 0 1
    outer loop
      vertex 13.5804 -3.40172 2
      vertex 12.3492 -3.54516 2
      vertex 13.3972 -4.06398 2
    endloop
  endfacet
  facet normal -0 0 1
    outer loop
      vertex 12.4134 -3.28812 2
      vertex 13.5804 -3.40172 2
      vertex 12.4349 -3.18102 2
    endloop
  endfacet
  facet normal -0 0 1
    outer loop
      vertex 12.3063 -3.6951 2
      vertex 13.3972 -4.06398 2
      vertex 12.3492 -3.54516 2
    endloop
  endfacet
  facet normal 0 0 1
    outer loop
      vertex 12.4134 -3.28812 2
      vertex 12.4349 -3.18102 2
      vertex 12.4134 -3.20244 2
    endloop
  endfacet
  facet normal -0 0 1
    outer loop
      vertex 12.2421 -3.90933 2
      vertex 13.3972 -4.06398 2
      vertex 12.3063 -3.6951 2
    endloop
  endfacet
  facet normal 0 0 1
    outer loop
      vertex 12.3492 -3.54516 2
      vertex 12.4134 -3.28812 2
      vertex 12.3492 -3.4809 2
    endloop
  endfacet
  facet normal 0 0 1
    outer loop
      vertex 13.3972 -4.06398 2
      vertex 12.2421 -3.90933 2
      vertex 13.1816 -4.71646 2
    endloop
  endfacet
  facet normal -0 0 1
    outer loop
      vertex 12.135 -4.23063 2
      vertex 13.1816 -4.71646 2
      vertex 12.2421 -3.90933 2
    endloop
  endfacet
  facet normal 0 0 1
    outer loop
      vertex 12.3063 -3.6951 2
      vertex 12.3492 -3.54516 2
      vertex 12.3063 -3.63084 2
    endloop
  endfacet
  facet normal -0 0 1
    outer loop
      vertex 12.0493 -4.46628 2
      vertex 13.1816 -4.71646 2
      vertex 12.135 -4.23063 2
    endloop
  endfacet
  facet normal 0 0 1
    outer loop
      vertex 12.2421 -3.90933 2
      vertex 12.3063 -3.6951 2
      vertex 12.2421 -3.84507 2
    endloop
  endfacet
  facet normal -0 0 1
    outer loop
      vertex 11.985 -4.63764 2
      vertex 13.1816 -4.71646 2
      vertex 12.0493 -4.46628 2
    endloop
  endfacet
  facet normal 0 0 1
    outer loop
      vertex 13.1816 -4.71646 2
      vertex 11.985 -4.63764 2
      vertex 12.9343 -5.35757 2
    endloop
  endfacet
  facet normal 0 0 1
    outer loop
      vertex 12.0493 -4.46628 2
      vertex 12.135 -4.23063 2
      vertex 12.0921 -4.29489 2
    endloop
  endfacet
  facet normal -0 0 1
    outer loop
      vertex 11.8565 -4.95894 2
      vertex 12.9343 -5.35757 2
      vertex 11.985 -4.63764 2
    endloop
  endfacet
  facet normal -0 0 1
    outer loop
      vertex 11.7708 -5.15175 2
      vertex 12.9343 -5.35757 2
      vertex 11.8565 -4.95894 2
    endloop
  endfacet
  facet normal 0 0 1
    outer loop
      vertex 11.985 -4.63764 2
      vertex 12.0493 -4.46628 2
      vertex 12.0064 -4.53054 2
    endloop
  endfacet
  facet normal 0 0 1
    outer loop
      vertex 12.9343 -5.35757 2
      vertex 11.7708 -5.15175 2
      vertex 12.6558 -5.98577 2
    endloop
  endfacet
  facet normal 0 0 1
    outer loop
      vertex 11.8565 -4.95894 2
      vertex 11.985 -4.63764 2
      vertex 11.8565 -4.9161 2
    endloop
  endfacet
  facet normal -0 0 1
    outer loop
      vertex 11.4495 -5.8158 2
      vertex 12.6558 -5.98577 2
      vertex 11.7708 -5.15175 2
    endloop
  endfacet
  facet normal 0 0 1
    outer loop
      vertex 11.7708 -5.15175 2
      vertex 11.8565 -4.95894 2
      vertex 11.7708 -5.10891 2
    endloop
  endfacet
  facet normal 0 0 1
    outer loop
      vertex 12.6558 -5.98577 2
      vertex 11.4495 -5.8158 2
      vertex 12.3469 -6.59955 2
    endloop
  endfacet
  facet normal -0 0 1
    outer loop
      vertex 11.2995 -6.09426 2
      vertex 12.3469 -6.59955 2
      vertex 11.4495 -5.8158 2
    endloop
  endfacet
  facet normal 0 0 1
    outer loop
      vertex 12.3469 -6.59955 2
      vertex 11.2995 -6.09426 2
      vertex 12.0082 -7.19744 2
    endloop
  endfacet
  facet normal 0 0 1
    outer loop
      vertex 11.2995 -6.09426 2
      vertex 11.4495 -5.8158 2
      vertex 11.4066 -5.85864 2
    endloop
  endfacet
  facet normal -0 0 1
    outer loop
      vertex 10.9568 -6.62978 2
      vertex 12.0082 -7.19744 2
      vertex 11.2995 -6.09426 2
    endloop
  endfacet
  facet normal -0 0 1
    outer loop
      vertex 10.9354 -6.69404 2
      vertex 12.0082 -7.19744 2
      vertex 10.9568 -6.62978 2
    endloop
  endfacet
  facet normal 0 0 1
    outer loop
      vertex 12.0082 -7.19744 2
      vertex 10.9354 -6.69404 2
      vertex 11.6406 -7.77798 2
    endloop
  endfacet
  facet normal -0 0 1
    outer loop
      vertex 10.2499 -7.658 2
      vertex 11.6406 -7.77798 2
      vertex 10.9354 -6.69404 2
    endloop
  endfacet
  facet normal 0 0 1
    outer loop
      vertex 11.6406 -7.77798 2
      vertex 10.2499 -7.658 2
      vertex 11.2449 -8.33979 2
    endloop
  endfacet
  facet normal 0 0 1
    outer loop
      vertex 11.2449 -8.33979 2
      vertex 10.2499 -7.658 2
      vertex 10.8221 -8.88151 2
    endloop
  endfacet
  facet normal -0 0 1
    outer loop
      vertex 9.47875 -8.55767 2
      vertex 10.8221 -8.88151 2
      vertex 10.2499 -7.658 2
    endloop
  endfacet
  facet normal 0 0 1
    outer loop
      vertex 10.8221 -8.88151 2
      vertex 9.47875 -8.55767 2
      vertex 10.3733 -9.40182 2
    endloop
  endfacet
  facet normal 0 0 1
    outer loop
      vertex 10.3733 -9.40182 2
      vertex 9.47875 -8.55767 2
      vertex 9.89949 -9.89949 2
    endloop
  endfacet
  facet normal -0 0 1
    outer loop
      vertex 8.90039 -9.13604 2
      vertex 9.89949 -9.89949 2
      vertex 9.47875 -8.55767 2
    endloop
  endfacet
  facet normal 0 0 1
    outer loop
      vertex 9.89949 -9.89949 2
      vertex 8.90039 -9.13604 2
      vertex 9.40182 -10.3733 2
    endloop
  endfacet
  facet normal -0 0 1
    outer loop
      vertex 8.42915 -9.56446 2
      vertex 9.40182 -10.3733 2
      vertex 8.90039 -9.13604 2
    endloop
  endfacet
  facet normal 0 0 1
    outer loop
      vertex 9.40182 -10.3733 2
      vertex 8.42915 -9.56446 2
      vertex 8.88151 -10.8221 2
    endloop
  endfacet
  facet normal -0 0 1
    outer loop
      vertex 7.93646 -9.97144 2
      vertex 8.88151 -10.8221 2
      vertex 8.42915 -9.56446 2
    endloop
  endfacet
  facet normal 0 0 1
    outer loop
      vertex 8.88151 -10.8221 2
      vertex 7.93646 -9.97144 2
      vertex 8.33979 -11.2449 2
    endloop
  endfacet
  facet normal -0 0 1
    outer loop
      vertex 7.27241 -10.4641 2
      vertex 8.33979 -11.2449 2
      vertex 7.93646 -9.97144 2
    endloop
  endfacet
  facet normal 0 0 1
    outer loop
      vertex 8.33979 -11.2449 2
      vertex 7.27241 -10.4641 2
      vertex 7.77798 -11.6406 2
    endloop
  endfacet
  facet normal 0 0 1
    outer loop
      vertex 7.27241 -10.4641 2
      vertex 7.19744 -12.0082 2
      vertex 7.77798 -11.6406 2
    endloop
  endfacet
  facet normal -0 0 1
    outer loop
      vertex 6.20135 -11.1282 2
      vertex 7.19744 -12.0082 2
      vertex 7.27241 -10.4641 2
    endloop
  endfacet
  facet normal 0 0 1
    outer loop
      vertex 7.19744 -12.0082 2
      vertex 6.20135 -11.1282 2
      vertex 6.59955 -12.3469 2
    endloop
  endfacet
  facet normal -0 0 1
    outer loop
      vertex 5.32311 -11.578 2
      vertex 6.59955 -12.3469 2
      vertex 6.20135 -11.1282 2
    endloop
  endfacet
  facet normal 0 0 1
    outer loop
      vertex 6.59955 -12.3469 2
      vertex 5.32311 -11.578 2
      vertex 5.98577 -12.6558 2
    endloop
  endfacet
  facet normal 0 0 1
    outer loop
      vertex 5.98577 -12.6558 2
      vertex 5.32311 -11.578 2
      vertex 5.35757 -12.9343 2
    endloop
  endfacet
  facet normal -0 0 1
    outer loop
      vertex 5.28027 -11.578 2
      vertex 5.35757 -12.9343 2
      vertex 5.32311 -11.578 2
    endloop
  endfacet
  facet normal -0 0 1
    outer loop
      vertex 4.78758 -11.8136 2
      vertex 5.35757 -12.9343 2
      vertex 5.28027 -11.578 2
    endloop
  endfacet
  facet normal 0 0 1
    outer loop
      vertex 4.78758 -11.8136 2
      vertex 4.71646 -13.1816 2
      vertex 5.35757 -12.9343 2
    endloop
  endfacet
  facet normal -0 0 1
    outer loop
      vertex 4.33773 -11.9636 2
      vertex 4.71646 -13.1816 2
      vertex 4.78758 -11.8136 2
    endloop
  endfacet
  facet normal -0 0 1
    outer loop
      vertex 4.27347 -12.0064 2
      vertex 4.71646 -13.1816 2
      vertex 4.33773 -11.9636 2
    endloop
  endfacet
  facet normal -0 0 1
    outer loop
      vertex 3.88791 -12.135 2
      vertex 4.71646 -13.1816 2
      vertex 4.27347 -12.0064 2
    endloop
  endfacet
  facet normal 0 0 1
    outer loop
      vertex 4.71646 -13.1816 2
      vertex 3.88791 -12.135 2
      vertex 4.06398 -13.3972 2
    endloop
  endfacet
  facet normal 0 0 1
    outer loop
      vertex 3.60942 -12.2207 2
      vertex 3.88791 -12.135 2
      vertex 3.82365 -12.135 2
    endloop
  endfacet
  facet normal 0 0 1
    outer loop
      vertex 3.88791 -12.135 2
      vertex 3.60942 -12.2207 2
      vertex 4.06398 -13.3972 2
    endloop
  endfacet
  facet normal 0 0 1
    outer loop
      vertex 3.3738 -12.2849 2
      vertex 3.60942 -12.2207 2
      vertex 3.45948 -12.2421 2
    endloop
  endfacet
  facet normal 0 0 1
    outer loop
      vertex 3.60942 -12.2207 2
      vertex 3.3738 -12.2849 2
      vertex 4.06398 -13.3972 2
    endloop
  endfacet
  facet normal 0 0 1
    outer loop
      vertex 4.06398 -13.3972 2
      vertex 3.3738 -12.2849 2
      vertex 3.40172 -13.5804 2
    endloop
  endfacet
  facet normal 0 0 1
    outer loop
      vertex 3.03106 -12.3706 2
      vertex 3.3738 -12.2849 2
      vertex 3.05248 -12.3492 2
    endloop
  endfacet
  facet normal 0 0 1
    outer loop
      vertex 3.3738 -12.2849 2
      vertex 3.03106 -12.3706 2
      vertex 3.40172 -13.5804 2
    endloop
  endfacet
  facet normal 0 0 1
    outer loop
      vertex 2.83827 -12.4134 2
      vertex 3.03106 -12.3706 2
      vertex 2.94538 -12.3706 2
    endloop
  endfacet
  facet normal 0 0 1
    outer loop
      vertex 3.03106 -12.3706 2
      vertex 2.83827 -12.4134 2
      vertex 3.40172 -13.5804 2
    endloop
  endfacet
  facet normal 0 0 1
    outer loop
      vertex 2.83827 -12.4134 2
      vertex 2.73126 -13.731 2
      vertex 3.40172 -13.5804 2
    endloop
  endfacet
  facet normal 0 0 1
    outer loop
      vertex 2.62407 -12.4563 2
      vertex 2.83827 -12.4134 2
      vertex 2.6455 -12.4349 2
    endloop
  endfacet
  facet normal 0 0 1
    outer loop
      vertex 2.83827 -12.4134 2
      vertex 2.62407 -12.4563 2
      vertex 2.73126 -13.731 2
    endloop
  endfacet
  facet normal 0 0 1
    outer loop
      vertex 2.38843 -12.4991 2
      vertex 2.62407 -12.4563 2
      vertex 2.40985 -12.4777 2
    endloop
  endfacet
  facet normal 0 0 1
    outer loop
      vertex 2.62407 -12.4563 2
      vertex 2.38843 -12.4991 2
      vertex 2.73126 -13.731 2
    endloop
  endfacet
  facet normal 0 0 1
    outer loop
      vertex 2.13139 -12.542 2
      vertex 2.38843 -12.4991 2
      vertex 2.15281 -12.5205 2
    endloop
  endfacet
  facet normal 0 0 1
    outer loop
      vertex 2.38843 -12.4991 2
      vertex 2.13139 -12.542 2
      vertex 2.73126 -13.731 2
    endloop
  endfacet
  facet normal 0 0 1
    outer loop
      vertex 2.13139 -12.542 2
      vertex 2.05423 -13.8485 2
      vertex 2.73126 -13.731 2
    endloop
  endfacet
  facet normal 0 0 1
    outer loop
      vertex 1.8529 -12.5848 2
      vertex 2.13139 -12.542 2
      vertex 1.87432 -12.5634 2
    endloop
  endfacet
  facet normal 0 0 1
    outer loop
      vertex 2.13139 -12.542 2
      vertex 1.8529 -12.5848 2
      vertex 2.05423 -13.8485 2
    endloop
  endfacet
  facet normal -0 0 1
    outer loop
      vertex 1.3174 -12.6491 2
      vertex 2.05423 -13.8485 2
      vertex 1.8529 -12.5848 2
    endloop
  endfacet
  facet normal 0 0 1
    outer loop
      vertex 1.3174 -12.6491 2
      vertex 1.8529 -12.5848 2
      vertex 1.33882 -12.6276 2
    endloop
  endfacet
  facet normal 0 0 1
    outer loop
      vertex 2.05423 -13.8485 2
      vertex 1.3174 -12.6491 2
      vertex 1.37224 -13.9326 2
    endloop
  endfacet
  facet normal 0 0 1
    outer loop
      vertex 1.08175 -12.6705 2
      vertex 1.3174 -12.6491 2
      vertex 1.10317 -12.6491 2
    endloop
  endfacet
  facet normal 0 0 1
    outer loop
      vertex 1.3174 -12.6491 2
      vertex 1.08175 -12.6705 2
      vertex 1.37224 -13.9326 2
    endloop
  endfacet
  facet normal 0 0 1
    outer loop
      vertex 0.846131 -12.6919 2
      vertex 1.08175 -12.6705 2
      vertex 0.867552 -12.6705 2
    endloop
  endfacet
  facet normal 0 0 1
    outer loop
      vertex 1.08175 -12.6705 2
      vertex 0.846131 -12.6919 2
      vertex 1.37224 -13.9326 2
    endloop
  endfacet
  facet normal 0 0 1
    outer loop
      vertex 0.846131 -12.6919 2
      vertex 0.686947 -13.9831 2
      vertex 1.37224 -13.9326 2
    endloop
  endfacet
  facet normal 0 0 1
    outer loop
      vertex 0.481963 -12.7133 2
      vertex 0.846131 -12.6919 2
      vertex 0.503384 -12.6919 2
    endloop
  endfacet
  facet normal 0 0 1
    outer loop
      vertex 0.846131 -12.6919 2
      vertex 0.481963 -12.7133 2
      vertex 0.686947 -13.9831 2
    endloop
  endfacet
  facet normal 0 0 1
    outer loop
      vertex 0.481963 -12.7133 2
      vertex 0 -14 2
      vertex 0.686947 -13.9831 2
    endloop
  endfacet
  facet normal -0 0 1
    outer loop
      vertex -0.888971 -12.7133 2
      vertex 0 -14 2
      vertex 0.481963 -12.7133 2
    endloop
  endfacet
  facet normal 0 0 1
    outer loop
      vertex 0 -14 2
      vertex -0.888971 -12.7133 2
      vertex -0.686947 -13.9831 2
    endloop
  endfacet
  facet normal -0 0 1
    outer loop
      vertex -1.27456 -12.6919 2
      vertex -0.888971 -12.7133 2
      vertex -0.910392 -12.6919 2
    endloop
  endfacet
  facet normal 0 0 1
    outer loop
      vertex -0.888971 -12.7133 2
      vertex -1.27456 -12.6919 2
      vertex -1.37224 -13.9326 2
    endloop
  endfacet
  facet normal 0 0 1
    outer loop
      vertex -1.93861 -12.6276 2
      vertex -1.27456 -12.6919 2
      vertex -1.29598 -12.6705 2
    endloop
  endfacet
  facet normal 0 0 1
    outer loop
      vertex -0.888971 -12.7133 2
      vertex -1.37224 -13.9326 2
      vertex -0.686947 -13.9831 2
    endloop
  endfacet
  facet normal 0 0 1
    outer loop
      vertex -1.27456 -12.6919 2
      vertex -1.93861 -12.6276 2
      vertex -2.05423 -13.8485 2
    endloop
  endfacet
  facet normal -0 0 1
    outer loop
      vertex -2.08855 -12.6062 2
      vertex -1.93861 -12.6276 2
      vertex -1.96003 -12.6062 2
    endloop
  endfacet
  facet normal 0 0 1
    outer loop
      vertex -1.27456 -12.6919 2
      vertex -2.05423 -13.8485 2
      vertex -1.37224 -13.9326 2
    endloop
  endfacet
  facet normal 0 0 1
    outer loop
      vertex -1.93861 -12.6276 2
      vertex -2.08855 -12.6062 2
      vertex -2.05423 -13.8485 2
    endloop
  endfacet
  facet normal -0 0 1
    outer loop
      vertex -2.25991 -12.5848 2
      vertex -2.08855 -12.6062 2
      vertex -2.10997 -12.5848 2
    endloop
  endfacet
  facet normal 0 0 1
    outer loop
      vertex -2.08855 -12.6062 2
      vertex -2.25991 -12.5848 2
      vertex -2.05423 -13.8485 2
    endloop
  endfacet
  facet normal 0 0 1
    outer loop
      vertex -2.66692 -12.5205 2
      vertex -2.25991 -12.5848 2
      vertex -2.28133 -12.5634 2
    endloop
  endfacet
  facet normal 0 0 1
    outer loop
      vertex -2.25991 -12.5848 2
      vertex -2.66692 -12.5205 2
      vertex -2.73126 -13.731 2
    endloop
  endfacet
  facet normal 0 0 1
    outer loop
      vertex -2.25991 -12.5848 2
      vertex -2.73126 -13.731 2
      vertex -2.05423 -13.8485 2
    endloop
  endfacet
  facet normal -0 0 1
    outer loop
      vertex -2.88112 -12.4777 2
      vertex -2.66692 -12.5205 2
      vertex -2.79544 -12.4777 2
    endloop
  endfacet
  facet normal 0 0 1
    outer loop
      vertex -2.66692 -12.5205 2
      vertex -2.88112 -12.4777 2
      vertex -2.73126 -13.731 2
    endloop
  endfacet
  facet normal -0 0 1
    outer loop
      vertex -3.00964 -12.4563 2
      vertex -2.88112 -12.4777 2
      vertex -2.90254 -12.4563 2
    endloop
  endfacet
  facet normal 0 0 1
    outer loop
      vertex -2.88112 -12.4777 2
      vertex -3.00964 -12.4563 2
      vertex -3.40172 -13.5804 2
    endloop
  endfacet
  facet normal -0 0 1
    outer loop
      vertex -3.20244 -12.4134 2
      vertex -3.00964 -12.4563 2
      vertex -3.11674 -12.4134 2
    endloop
  endfacet
  facet normal 0 0 1
    outer loop
      vertex -3.00964 -12.4563 2
      vertex -3.20244 -12.4134 2
      vertex -3.40172 -13.5804 2
    endloop
  endfacet
  facet normal -0 0 1
    outer loop
      vertex -3.30954 -12.392 2
      vertex -3.20244 -12.4134 2
      vertex -3.22386 -12.392 2
    endloop
  endfacet
  facet normal 0 0 1
    outer loop
      vertex -3.20244 -12.4134 2
      vertex -3.30954 -12.392 2
      vertex -3.40172 -13.5804 2
    endloop
  endfacet
  facet normal 0 0 1
    outer loop
      vertex -2.88112 -12.4777 2
      vertex -3.40172 -13.5804 2
      vertex -2.73126 -13.731 2
    endloop
  endfacet
  facet normal 0 0 1
    outer loop
      vertex -3.30954 -12.392 2
      vertex -4.06398 -13.3972 2
      vertex -3.40172 -13.5804 2
    endloop
  endfacet
  facet normal 0 0 1
    outer loop
      vertex -4.38057 -12.0921 2
      vertex -4.06398 -13.3972 2
      vertex -3.30954 -12.392 2
    endloop
  endfacet
  facet normal 0 0 1
    outer loop
      vertex -4.71646 -13.1816 2
      vertex -4.38057 -12.0921 2
      vertex -4.44483 -12.0493 2
    endloop
  endfacet
  facet normal 0 0 1
    outer loop
      vertex -4.38057 -12.0921 2
      vertex -4.71646 -13.1816 2
      vertex -4.06398 -13.3972 2
    endloop
  endfacet
  facet normal 0 0 1
    outer loop
      vertex -5.35757 -12.9343 2
      vertex -4.44483 -12.0493 2
      vertex -4.9161 -11.8993 2
    endloop
  endfacet
  facet normal 0 0 1
    outer loop
      vertex -5.35757 -12.9343 2
      vertex -4.9161 -11.8993 2
      vertex -5.06604 -11.8136 2
    endloop
  endfacet
  facet normal 0 0 1
    outer loop
      vertex -5.35757 -12.9343 2
      vertex -5.06604 -11.8136 2
      vertex -5.21601 -11.7708 2
    endloop
  endfacet
  facet normal 0 0 1
    outer loop
      vertex -4.44483 -12.0493 2
      vertex -5.35757 -12.9343 2
      vertex -4.71646 -13.1816 2
    endloop
  endfacet
  facet normal -0 0 1
    outer loop
      vertex -5.45163 -11.6637 2
      vertex -5.21601 -11.7708 2
      vertex -5.40879 -11.6637 2
    endloop
  endfacet
  facet normal 0 0 1
    outer loop
      vertex -5.98577 -12.6558 2
      vertex -5.21601 -11.7708 2
      vertex -5.45163 -11.6637 2
    endloop
  endfacet
  facet normal -0 0 1
    outer loop
      vertex -5.73012 -11.5352 2
      vertex -5.45163 -11.6637 2
      vertex -5.68725 -11.5352 2
    endloop
  endfacet
  facet normal 0 0 1
    outer loop
      vertex -5.45163 -11.6637 2
      vertex -5.73012 -11.5352 2
      vertex -5.98577 -12.6558 2
    endloop
  endfacet
  facet normal 0 0 1
    outer loop
      vertex -5.21601 -11.7708 2
      vertex -5.98577 -12.6558 2
      vertex -5.35757 -12.9343 2
    endloop
  endfacet
  facet normal 0 0 1
    outer loop
      vertex -5.73012 -11.5352 2
      vertex -6.59955 -12.3469 2
      vertex -5.98577 -12.6558 2
    endloop
  endfacet
  facet normal 0 0 1
    outer loop
      vertex -6.60836 -11.0425 2
      vertex -6.59955 -12.3469 2
      vertex -5.73012 -11.5352 2
    endloop
  endfacet
  facet normal 0 0 1
    outer loop
      vertex -6.60836 -11.0425 2
      vertex -7.19744 -12.0082 2
      vertex -6.59955 -12.3469 2
    endloop
  endfacet
  facet normal 0 0 1
    outer loop
      vertex -7.77798 -11.6406 2
      vertex -6.60836 -11.0425 2
      vertex -7.31525 -10.5712 2
    endloop
  endfacet
  facet normal 0 0 1
    outer loop
      vertex -7.40093 -10.507 2
      vertex -7.31525 -10.5712 2
      vertex -7.33667 -10.5284 2
    endloop
  endfacet
  facet normal 0 0 1
    outer loop
      vertex -7.31525 -10.5712 2
      vertex -7.40093 -10.507 2
      vertex -7.77798 -11.6406 2
    endloop
  endfacet
  facet normal 0 0 1
    outer loop
      vertex -6.60836 -11.0425 2
      vertex -7.77798 -11.6406 2
      vertex -7.19744 -12.0082 2
    endloop
  endfacet
  facet normal 0 0 1
    outer loop
      vertex -7.40093 -10.507 2
      vertex -8.33979 -11.2449 2
      vertex -7.77798 -11.6406 2
    endloop
  endfacet
  facet normal 0 0 1
    outer loop
      vertex -8.88151 -10.8221 2
      vertex -7.40093 -10.507 2
      vertex -8.42915 -9.65014 2
    endloop
  endfacet
  facet normal 0 0 1
    outer loop
      vertex -7.40093 -10.507 2
      vertex -8.88151 -10.8221 2
      vertex -8.33979 -11.2449 2
    endloop
  endfacet
  facet normal 0 0 1
    outer loop
      vertex -9.89949 -9.89949 2
      vertex -8.42915 -9.65014 2
      vertex -9.3074 -8.75045 2
    endloop
  endfacet
  facet normal 0 0 1
    outer loop
      vertex -8.42915 -9.65014 2
      vertex -9.40182 -10.3733 2
      vertex -8.88151 -10.8221 2
    endloop
  endfacet
  facet normal 0 0 1
    outer loop
      vertex -8.42915 -9.65014 2
      vertex -9.89949 -9.89949 2
      vertex -9.40182 -10.3733 2
    endloop
  endfacet
  facet normal 0 0 1
    outer loop
      vertex -10.8221 -8.88151 2
      vertex -9.3074 -8.75045 2
      vertex -10.1 -7.7651 2
    endloop
  endfacet
  facet normal 0 0 1
    outer loop
      vertex -9.3074 -8.75045 2
      vertex -10.3733 -9.40182 2
      vertex -9.89949 -9.89949 2
    endloop
  endfacet
  facet normal 0 0 1
    outer loop
      vertex -11.2449 -8.33979 2
      vertex -10.1 -7.7651 2
      vertex -10.4641 -7.22957 2
    endloop
  endfacet
  facet normal 0 0 1
    outer loop
      vertex -11.6406 -7.77798 2
      vertex -10.4641 -7.22957 2
      vertex -10.5927 -6.99392 2
    endloop
  endfacet
  facet normal 0 0 1
    outer loop
      vertex -11.6406 -7.77798 2
      vertex -10.5927 -6.99392 2
      vertex -10.7212 -6.82256 2
    endloop
  endfacet
  facet normal 0 0 1
    outer loop
      vertex -9.3074 -8.75045 2
      vertex -10.8221 -8.88151 2
      vertex -10.3733 -9.40182 2
    endloop
  endfacet
  facet normal 0 0 1
    outer loop
      vertex -11.6406 -7.77798 2
      vertex -10.7212 -6.82256 2
      vertex -10.8283 -6.60836 2
    endloop
  endfacet
  facet normal 0 0 1
    outer loop
      vertex -11.6406 -7.77798 2
      vertex -10.8283 -6.60836 2
      vertex -10.914 -6.50126 2
    endloop
  endfacet
  facet normal 0 0 1
    outer loop
      vertex -10.1 -7.7651 2
      vertex -11.2449 -8.33979 2
      vertex -10.8221 -8.88151 2
    endloop
  endfacet
  facet normal 0 0 1
    outer loop
      vertex -11.6406 -7.77798 2
      vertex -10.914 -6.50126 2
      vertex -11.5352 -5.28027 2
    endloop
  endfacet
  facet normal 0 0 1
    outer loop
      vertex -10.4641 -7.22957 2
      vertex -11.6406 -7.77798 2
      vertex -11.2449 -8.33979 2
    endloop
  endfacet
  facet normal 0 0 1
    outer loop
      vertex 12.7348 0.224923 2
      vertex 12.7133 0.674771 2
      vertex 12.7133 0.246344 2
    endloop
  endfacet
  facet normal 0 0 1
    outer loop
      vertex 12.7133 0.674771 2
      vertex 12.6919 0.953231 2
      vertex 12.6919 0.696192 2
    endloop
  endfacet
  facet normal 0 0 1
    outer loop
      vertex 12.542 2.13139 2
      vertex 12.4991 2.36701 2
      vertex 12.4991 2.25991 2
    endloop
  endfacet
  facet normal 0 0 1
    outer loop
      vertex -12.6705 -1.29598 2
      vertex -12.6491 -1.44592 2
      vertex -12.6491 -1.3174 2
    endloop
  endfacet
  facet normal -0 0 1
    outer loop
      vertex -13.9326 -1.37224 2
      vertex -12.6491 -1.44592 2
      vertex -12.6705 -1.29598 2
    endloop
  endfacet
  facet normal 0 0 1
    outer loop
      vertex -13.9326 -1.37224 2
      vertex -12.6705 -1.29598 2
      vertex -12.6919 -1.10317 2
    endloop
  endfacet
  facet normal 0 0 1
    outer loop
      vertex -13.9326 -1.37224 2
      vertex -12.6919 -1.10317 2
      vertex -12.7133 -0.846131 2
    endloop
  endfacet
  facet normal -0 0 1
    outer loop
      vertex -13.9831 -0.686947 2
      vertex -12.7133 -0.846131 2
      vertex -12.7348 -0.417704 2
    endloop
  endfacet
  facet normal 0 0 1
    outer loop
      vertex -12.6491 1.93861 2
      vertex -13.8485 2.05423 2
      vertex -12.6705 1.78864 2
    endloop
  endfacet
  facet normal 0 0 1
    outer loop
      vertex -11.5352 -5.28027 2
      vertex -12.9343 -5.35757 2
      vertex -12.6558 -5.98577 2
    endloop
  endfacet
  facet normal 0 0 1
    outer loop
      vertex -12.6705 1.78864 2
      vertex -13.8485 2.05423 2
      vertex -12.6919 1.57444 2
    endloop
  endfacet
  facet normal 0 0 1
    outer loop
      vertex -11.8136 -4.61622 2
      vertex -13.1816 -4.71646 2
      vertex -12.9343 -5.35757 2
    endloop
  endfacet
  facet normal 0 0 1
    outer loop
      vertex -13.9326 1.37224 2
      vertex -12.6919 1.57444 2
      vertex -13.8485 2.05423 2
    endloop
  endfacet
  facet normal 0 0 1
    outer loop
      vertex -11.985 -4.16637 2
      vertex -13.3972 -4.06398 2
      vertex -13.1816 -4.71646 2
    endloop
  endfacet
  facet normal 0 -0 1
    outer loop
      vertex -12.7348 0.781872 2
      vertex -12.6919 1.57444 2
      vertex -13.9326 1.37224 2
    endloop
  endfacet
  facet normal 0 0 1
    outer loop
      vertex -12.2421 -3.3738 2
      vertex -13.5804 -3.40172 2
      vertex -13.3972 -4.06398 2
    endloop
  endfacet
  facet normal 0 0 1
    outer loop
      vertex -12.6919 1.57444 2
      vertex -12.7348 0.781872 2
      vertex -12.7133 0.803291 2
    endloop
  endfacet
  facet normal 0 0 1
    outer loop
      vertex -12.4563 -2.53837 2
      vertex -13.731 -2.73126 2
      vertex -13.5804 -3.40172 2
    endloop
  endfacet
  facet normal 0 0 1
    outer loop
      vertex -13.9831 0.686947 2
      vertex -12.7348 0.781872 2
      vertex -13.9326 1.37224 2
    endloop
  endfacet
  facet normal 0 0 1
    outer loop
      vertex -12.5205 -2.23849 2
      vertex -13.8485 -2.05423 2
      vertex -13.731 -2.73126 2
    endloop
  endfacet
  facet normal 0 0 1
    outer loop
      vertex -14 0 2
      vertex -12.7348 0.781872 2
      vertex -13.9831 0.686947 2
    endloop
  endfacet
  facet normal 0 0 1
    outer loop
      vertex -12.6276 -1.6387 2
      vertex -13.9326 -1.37224 2
      vertex -13.8485 -2.05423 2
    endloop
  endfacet
  facet normal 0 0 1
    outer loop
      vertex -12.7348 0.781872 2
      vertex -14 0 2
      vertex -12.7348 -0.417704 2
    endloop
  endfacet
  facet normal 0 0 1
    outer loop
      vertex -12.7133 -0.846131 2
      vertex -13.9831 -0.686947 2
      vertex -13.9326 -1.37224 2
    endloop
  endfacet
  facet normal 0 0 1
    outer loop
      vertex -12.7348 -0.417704 2
      vertex -14 0 2
      vertex -13.9831 -0.686947 2
    endloop
  endfacet
  facet normal 0 0 1
    outer loop
      vertex 11.9422 2.02429 2
      vertex 11.985 1.7458 2
      vertex 11.985 1.89574 2
    endloop
  endfacet
  facet normal 0 0 1
    outer loop
      vertex 7.52945 1.23169 2
      vertex 11.985 1.7458 2
      vertex 11.9422 2.02429 2
    endloop
  endfacet
  facet normal 0 0 1
    outer loop
      vertex 11.985 1.7458 2
      vertex 7.61513 -0.524804 2
      vertex 11.985 -2.25991 2
    endloop
  endfacet
  facet normal 0 0 1
    outer loop
      vertex 11.8779 2.36701 2
      vertex 11.9422 2.02429 2
      vertex 11.9207 2.25991 2
    endloop
  endfacet
  facet normal -0 0 1
    outer loop
      vertex 7.59371 -0.781872 2
      vertex 11.985 -2.25991 2
      vertex 7.61513 -0.524804 2
    endloop
  endfacet
  facet normal 0 0 1
    outer loop
      vertex 11.9422 2.02429 2
      vertex 11.8779 2.36701 2
      vertex 7.52945 1.23169 2
    endloop
  endfacet
  facet normal -0 0 1
    outer loop
      vertex 7.55087 -1.14601 2
      vertex 11.985 -2.25991 2
      vertex 7.59371 -0.781872 2
    endloop
  endfacet
  facet normal 0 0 1
    outer loop
      vertex 11.7708 2.83827 2
      vertex 11.8779 2.36701 2
      vertex 11.8136 2.75259 2
    endloop
  endfacet
  facet normal -0 0 1
    outer loop
      vertex 7.50803 -1.38166 2
      vertex 11.985 -2.25991 2
      vertex 7.55087 -1.14601 2
    endloop
  endfacet
  facet normal 0 0 1
    outer loop
      vertex 7.44377 1.66012 2
      vertex 11.8779 2.36701 2
      vertex 11.7708 2.83827 2
    endloop
  endfacet
  facet normal 0 0 1
    outer loop
      vertex 11.985 1.7458 2
      vertex 12.0278 1.44592 2
      vertex 12.0278 1.59586 2
    endloop
  endfacet
  facet normal 0 0 1
    outer loop
      vertex 11.985 -2.25991 2
      vertex 12.0278 1.44592 2
      vertex 11.985 1.7458 2
    endloop
  endfacet
  facet normal 0 0 1
    outer loop
      vertex 12.0278 1.44592 2
      vertex 11.985 -2.25991 2
      vertex 12.0278 -2.10997 2
    endloop
  endfacet
  facet normal 0 0 1
    outer loop
      vertex 12.0278 1.44592 2
      vertex 12.0493 1.27456 2
      vertex 12.0493 1.4245 2
    endloop
  endfacet
  facet normal 0 0 1
    outer loop
      vertex 12.0493 1.27456 2
      vertex 12.0278 1.44592 2
      vertex 12.0493 -1.81006 2
    endloop
  endfacet
  facet normal 0 0 1
    outer loop
      vertex 12.0493 -1.81006 2
      vertex 12.0278 1.44592 2
      vertex 12.0278 -2.10997 2
    endloop
  endfacet
  facet normal 0 0 1
    outer loop
      vertex 12.0493 1.27456 2
      vertex 12.0707 1.03891 2
      vertex 12.0707 1.25311 2
    endloop
  endfacet
  facet normal 0 0 1
    outer loop
      vertex 12.0493 -1.81006 2
      vertex 12.0707 1.03891 2
      vertex 12.0493 1.27456 2
    endloop
  endfacet
  facet normal 0 0 1
    outer loop
      vertex 12.0707 1.03891 2
      vertex 12.0493 -1.81006 2
      vertex 12.0707 -1.78864 2
    endloop
  endfacet
  facet normal 0 0 1
    outer loop
      vertex 12.0707 1.03891 2
      vertex 12.0921 0.846131 2
      vertex 12.0921 1.01749 2
    endloop
  endfacet
  facet normal 0 0 1
    outer loop
      vertex 12.0921 0.846131 2
      vertex 12.0707 1.03891 2
      vertex 12.0921 -1.29598 2
    endloop
  endfacet
  facet normal 0 0 1
    outer loop
      vertex 12.0921 -1.29598 2
      vertex 12.0707 1.03891 2
      vertex 12.0707 -1.78864 2
    endloop
  endfacet
  facet normal 0 0 1
    outer loop
      vertex 12.0921 0.846131 2
      vertex 12.1136 0.267763 2
      vertex 12.1136 0.824712 2
    endloop
  endfacet
  facet normal 0 0 1
    outer loop
      vertex 12.0921 -1.29598 2
      vertex 12.1136 0.267763 2
      vertex 12.0921 0.846131 2
    endloop
  endfacet
  facet normal 0 0 1
    outer loop
      vertex 12.1136 0.267763 2
      vertex 12.0921 -1.29598 2
      vertex 12.1136 -1.27456 2
    endloop
  endfacet
  facet normal 0 0 1
    outer loop
      vertex 12.135 0.246344 2
      vertex 12.1136 0.267763 2
      vertex 12.1136 -1.27456 2
    endloop
  endfacet
  facet normal 0 0 1
    outer loop
      vertex 11.7922 -3.20244 2
      vertex 11.7708 -3.30954 2
      vertex 11.8136 -3.22386 2
    endloop
  endfacet
  facet normal 0 -0 1
    outer loop
      vertex 11.8993 -2.77402 2
      vertex 11.985 -2.25991 2
      vertex 7.50803 -1.38166 2
    endloop
  endfacet
  facet normal -0 0 1
    outer loop
      vertex -12.1778 0.717611 2
      vertex -12.1564 -0.439124 2
      vertex -12.1564 0.739032 2
    endloop
  endfacet
  facet normal 0 0 1
    outer loop
      vertex -12.1564 -0.439124 2
      vertex -12.1778 0.717611 2
      vertex -12.1778 -0.417704 2
    endloop
  endfacet
  facet normal 0 0 1
    outer loop
      vertex -12.1564 0.739032 2
      vertex -12.135 1.16743 2
      vertex -12.1564 1.14601 2
    endloop
  endfacet
  facet normal 0 0 1
    outer loop
      vertex -12.135 1.16743 2
      vertex -12.1564 0.739032 2
      vertex -12.135 -0.803292 2
    endloop
  endfacet
  facet normal -0 0 1
    outer loop
      vertex -12.1564 -0.439124 2
      vertex -12.135 -0.803292 2
      vertex -12.1564 0.739032 2
    endloop
  endfacet
  facet normal 0 0 1
    outer loop
      vertex -12.135 -0.803292 2
      vertex -12.1564 -0.439124 2
      vertex -12.1564 -0.781872 2
    endloop
  endfacet
  facet normal 0 0 1
    outer loop
      vertex -12.135 1.16743 2
      vertex -12.1136 1.38166 2
      vertex -12.135 1.36024 2
    endloop
  endfacet
  facet normal 0 0 1
    outer loop
      vertex -12.1136 1.38166 2
      vertex -12.135 1.16743 2
      vertex -12.1136 -1.03891 2
    endloop
  endfacet
  facet normal -0 0 1
    outer loop
      vertex -12.135 -0.803292 2
      vertex -12.1136 -1.03891 2
      vertex -12.135 1.16743 2
    endloop
  endfacet
  facet normal 0 0 1
    outer loop
      vertex -12.1136 -1.03891 2
      vertex -12.135 -0.803292 2
      vertex -12.135 -1.01749 2
    endloop
  endfacet
  facet normal 0 0 1
    outer loop
      vertex -12.0707 1.8529 2
      vertex -12.0921 1.83148 2
      vertex -12.0707 1.76722 2
    endloop
  endfacet
  facet normal -0 0 1
    outer loop
      vertex -12.0921 1.57444 2
      vertex -7.52945 1.25311 2
      vertex -12.0707 1.76722 2
    endloop
  endfacet
  facet normal 0 0 1
    outer loop
      vertex -7.52945 1.25311 2
      vertex -12.0921 1.57444 2
      vertex -7.57229 0.760451 2
    endloop
  endfacet
  facet normal -0 0 1
    outer loop
      vertex -12.1136 1.38166 2
      vertex -7.57229 0.760451 2
      vertex -12.0921 1.57444 2
    endloop
  endfacet
  facet normal 0 0 1
    outer loop
      vertex -7.57229 0.760451 2
      vertex -12.1136 1.38166 2
      vertex -7.59371 0.396283 2
    endloop
  endfacet
  facet normal 0 -0 1
    outer loop
      vertex -12.0921 -1.27456 2
      vertex -7.59371 0.396283 2
      vertex -12.1136 -1.03891 2
    endloop
  endfacet
  facet normal -0 0 1
    outer loop
      vertex -12.1136 1.66012 2
      vertex -12.0921 1.57444 2
      vertex -12.0707 1.76722 2
    endloop
  endfacet
  facet normal 0 0 1
    outer loop
      vertex -12.0921 1.57444 2
      vertex -12.1136 1.66012 2
      vertex -12.1136 1.59586 2
    endloop
  endfacet
  facet normal 0 0 1
    outer loop
      vertex -12.0707 1.8529 2
      vertex -12.0278 2.13139 2
      vertex -12.0707 1.98145 2
    endloop
  endfacet
  facet normal 0 0 1
    outer loop
      vertex -11.985 2.40985 2
      vertex -11.9636 2.51695 2
      vertex -11.985 2.49553 2
    endloop
  endfacet
  facet normal 0 0 1
    outer loop
      vertex -12.0707 1.76722 2
      vertex -12.0278 2.13139 2
      vertex -12.0707 1.8529 2
    endloop
  endfacet
  facet normal 0 0 1
    outer loop
      vertex -12.0278 2.13139 2
      vertex -12.0707 1.76722 2
      vertex -7.52945 1.25311 2
    endloop
  endfacet
  facet normal 0 0 1
    outer loop
      vertex -12.0278 2.13139 2
      vertex -11.985 2.40985 2
      vertex -12.0064 2.38843 2
    endloop
  endfacet
  facet normal 0 0 1
    outer loop
      vertex -11.9422 -2.15281 2
      vertex -12.0064 -1.81006 2
      vertex -11.985 -2.04571 2
    endloop
  endfacet
  facet normal 0 0 1
    outer loop
      vertex -7.59371 0.396283 2
      vertex -12.0064 -1.81006 2
      vertex -11.9422 -2.15281 2
    endloop
  endfacet
  facet normal 0 0 1
    outer loop
      vertex -7.59371 0.396283 2
      vertex -12.0493 -1.55302 2
      vertex -12.0064 -1.81006 2
    endloop
  endfacet
  facet normal 0 0 1
    outer loop
      vertex -12.0064 -1.81006 2
      vertex -12.0493 -1.55302 2
      vertex -12.0493 -1.68154 2
    endloop
  endfacet
  facet normal 0 0 1
    outer loop
      vertex -7.50803 1.38166 2
      vertex -12.0278 2.13139 2
      vertex -7.52945 1.25311 2
    endloop
  endfacet
  facet normal 0 0 1
    outer loop
      vertex -7.59371 0.396283 2
      vertex -11.9422 -2.15281 2
      vertex -11.8993 -2.34559 2
    endloop
  endfacet
  facet normal 0 0 1
    outer loop
      vertex -11.8993 -2.34559 2
      vertex -11.9422 -2.15281 2
      vertex -11.9422 -2.25991 2
    endloop
  endfacet
  facet normal 0 0 1
    outer loop
      vertex -7.59371 0.396283 2
      vertex -11.7708 -2.8597 2
      vertex -11.7494 -2.94538 2
    endloop
  endfacet
  facet normal 0 0 1
    outer loop
      vertex -11.8779 2.96679 2
      vertex -11.7494 3.41664 2
      vertex -11.7922 3.3738 2
    endloop
  endfacet
  facet normal 0 0 1
    outer loop
      vertex -7.48661 1.51018 2
      vertex -12.0278 2.13139 2
      vertex -7.50803 1.38166 2
    endloop
  endfacet
  facet normal -0 0 1
    outer loop
      vertex -11.8565 -2.58124 2
      vertex -11.7708 -2.8597 2
      vertex -11.8565 -2.53837 2
    endloop
  endfacet
  facet normal 0 0 1
    outer loop
      vertex -11.7494 3.41664 2
      vertex -11.8779 2.96679 2
      vertex -11.8993 2.83827 2
    endloop
  endfacet
  facet normal 0 0 1
    outer loop
      vertex -11.8993 2.83827 2
      vertex -11.8779 2.96679 2
      vertex -11.8993 2.94538 2
    endloop
  endfacet
  facet normal 0 -0 1
    outer loop
      vertex -11.8565 -2.53837 2
      vertex -7.59371 0.396283 2
      vertex -11.8993 -2.34559 2
    endloop
  endfacet
  facet normal 0 0 1
    outer loop
      vertex -7.59371 0.396283 2
      vertex -11.8565 -2.53837 2
      vertex -11.7708 -2.8597 2
    endloop
  endfacet
  facet normal 0 0 1
    outer loop
      vertex -11.8565 -2.53837 2
      vertex -11.8993 -2.34559 2
      vertex -11.8993 -2.45269 2
    endloop
  endfacet
  facet normal 0 0 1
    outer loop
      vertex -11.728 3.50232 2
      vertex -11.7708 3.43806 2
      vertex -11.7494 3.41664 2
    endloop
  endfacet
  facet normal 0 0 1
    outer loop
      vertex -7.46519 1.6387 2
      vertex -11.985 2.40985 2
      vertex -7.48661 1.51018 2
    endloop
  endfacet
  facet normal 0 -0 1
    outer loop
      vertex -11.728 3.50232 2
      vertex -11.6851 3.67368 2
      vertex -11.7494 3.52374 2
    endloop
  endfacet
  facet normal -0 0 1
    outer loop
      vertex -11.9636 2.51695 2
      vertex -7.42235 1.8529 2
      vertex -11.8993 2.83827 2
    endloop
  endfacet
  facet normal 0 0 1
    outer loop
      vertex -11.9636 2.51695 2
      vertex -11.8993 2.83827 2
      vertex -11.9422 2.70975 2
    endloop
  endfacet
  facet normal 0 0 1
    outer loop
      vertex -7.59371 0.396283 2
      vertex -11.5352 -3.67368 2
      vertex -11.4281 -3.97359 2
    endloop
  endfacet
  facet normal 0 0 1
    outer loop
      vertex -11.578 4.05927 2
      vertex -11.4709 4.29489 2
      vertex -11.5138 4.25205 2
    endloop
  endfacet
  facet normal 0 0 1
    outer loop
      vertex -11.4281 -3.97359 2
      vertex -11.5352 -3.67368 2
      vertex -11.4923 -3.84507 2
    endloop
  endfacet
  facet normal 0 0 1
    outer loop
      vertex -11.4709 4.29489 2
      vertex -11.578 4.05927 2
      vertex -11.578 3.99501 2
    endloop
  endfacet
  facet normal 0 0 1
    outer loop
      vertex -7.42235 1.8529 2
      vertex -11.9636 2.51695 2
      vertex -7.46519 1.6387 2
    endloop
  endfacet
  facet normal 0 0 1
    outer loop
      vertex -7.59371 0.396283 2
      vertex -11.5994 -3.4809 2
      vertex -11.5352 -3.67368 2
    endloop
  endfacet
  facet normal 0 0 1
    outer loop
      vertex -11.5352 -3.67368 2
      vertex -11.5994 -3.4809 2
      vertex -11.578 -3.60942 2
    endloop
  endfacet
  facet normal 0 0 1
    outer loop
      vertex -11.6851 3.67368 2
      vertex -11.578 3.99501 2
      vertex -11.6209 3.93075 2
    endloop
  endfacet
  facet normal 0 0 1
    outer loop
      vertex -11.6851 3.67368 2
      vertex -11.6209 3.93075 2
      vertex -11.6851 3.73794 2
    endloop
  endfacet
  facet normal -0 0 1
    outer loop
      vertex -11.985 2.40985 2
      vertex -7.46519 1.6387 2
      vertex -11.9636 2.51695 2
    endloop
  endfacet
  facet normal 0 0 1
    outer loop
      vertex -7.59371 0.396283 2
      vertex -11.7065 -3.13816 2
      vertex -11.5994 -3.4809 2
    endloop
  endfacet
  facet normal 0 0 1
    outer loop
      vertex -11.5994 -3.4809 2
      vertex -11.7065 -3.13816 2
      vertex -11.7065 -3.20244 2
    endloop
  endfacet
  facet normal -0 0 1
    outer loop
      vertex -11.7494 3.41664 2
      vertex -7.40093 1.96003 2
      vertex -11.728 3.50232 2
    endloop
  endfacet
  facet normal -0 0 1
    outer loop
      vertex -11.8993 2.83827 2
      vertex -7.40093 1.96003 2
      vertex -11.7494 3.41664 2
    endloop
  endfacet
  facet normal 0 0 1
    outer loop
      vertex -7.40093 1.96003 2
      vertex -11.8993 2.83827 2
      vertex -7.42235 1.8529 2
    endloop
  endfacet
  facet normal 0 0 1
    outer loop
      vertex -11.2567 -4.40199 2
      vertex -11.3638 -4.14495 2
      vertex -11.321 -4.31631 2
    endloop
  endfacet
  facet normal 0 -0 1
    outer loop
      vertex -11.3638 -4.14495 2
      vertex -7.59371 0.396283 2
      vertex -11.4281 -3.97359 2
    endloop
  endfacet
  facet normal 0 -0 1
    outer loop
      vertex -11.3852 4.50912 2
      vertex -11.3638 4.57338 2
      vertex -11.4066 4.53054 2
    endloop
  endfacet
  facet normal 0 0 1
    outer loop
      vertex -7.10105 -2.62408 2
      vertex -11.2567 -4.40199 2
      vertex -11.2353 -4.46628 2
    endloop
  endfacet
  facet normal 0 0 1
    outer loop
      vertex -11.2353 -4.46628 2
      vertex -11.2567 -4.40199 2
      vertex -11.2781 -4.42341 2
    endloop
  endfacet
  facet normal 0 0 1
    outer loop
      vertex -7.59371 0.396283 2
      vertex -11.3638 -4.14495 2
      vertex -11.2567 -4.40199 2
    endloop
  endfacet
  facet normal 0 0 1
    outer loop
      vertex -11.3638 -4.14495 2
      vertex -11.4281 -3.97359 2
      vertex -11.4281 -4.03785 2
    endloop
  endfacet
  facet normal -0 0 1
    outer loop
      vertex -12.0278 2.13139 2
      vertex -7.48661 1.51018 2
      vertex -11.985 2.40985 2
    endloop
  endfacet
  facet normal 0 0 1
    outer loop
      vertex -7.59371 0.396283 2
      vertex -11.7494 -2.94538 2
      vertex -11.7065 -3.13816 2
    endloop
  endfacet
  facet normal 0 0 1
    outer loop
      vertex -11.7065 -3.13816 2
      vertex -11.7494 -2.94538 2
      vertex -11.7708 -2.9668 2
    endloop
  endfacet
  facet normal 0 0 1
    outer loop
      vertex -11.7494 -2.94538 2
      vertex -11.7708 -2.8597 2
      vertex -11.7922 -2.90254 2
    endloop
  endfacet
  facet normal 0 0 1
    outer loop
      vertex -11.7708 -2.8597 2
      vertex -11.8565 -2.58124 2
      vertex -11.8136 -2.79544 2
    endloop
  endfacet
  facet normal 0 -0 1
    outer loop
      vertex -11.8565 -2.58124 2
      vertex -11.8565 -2.53837 2
      vertex -11.8779 -2.55982 2
    endloop
  endfacet
  facet normal 0 0 1
    outer loop
      vertex -12.0493 -1.55302 2
      vertex -12.0921 -1.27456 2
      vertex -12.0707 -1.5316 2
    endloop
  endfacet
  facet normal 0 0 1
    outer loop
      vertex -7.59371 0.396283 2
      vertex -12.1136 1.38166 2
      vertex -12.1136 -1.03891 2
    endloop
  endfacet
  facet normal 0 -0 1
    outer loop
      vertex -12.1136 1.38166 2
      vertex -12.0921 1.57444 2
      vertex -12.135 1.44592 2
    endloop
  endfacet
  facet normal 0 0 1
    outer loop
      vertex -7.59371 0.396283 2
      vertex -12.0921 -1.27456 2
      vertex -12.0493 -1.55302 2
    endloop
  endfacet
  facet normal 0 0 1
    outer loop
      vertex -12.0921 -1.27456 2
      vertex -12.1136 -1.03891 2
      vertex -12.1136 -1.25311 2
    endloop
  endfacet
  facet normal 0 0 1
    outer loop
      vertex -7.57229 -0.160664 2
      vertex -7.59371 -0.139244 2
      vertex -7.57229 -0.439124 2
    endloop
  endfacet
  facet normal 0 0 1
    outer loop
      vertex -7.50803 -0.888971 2
      vertex -7.52945 -0.867552 2
      vertex -7.50803 -1.01749 2
    endloop
  endfacet
  facet normal 0 0 1
    outer loop
      vertex -7.48661 -1.03891 2
      vertex -7.50803 -1.01749 2
      vertex -7.48661 -1.14601 2
    endloop
  endfacet
  facet normal 0 0 1
    outer loop
      vertex -7.20815 -2.23849 2
      vertex -7.27241 -2.08855 2
      vertex -7.20815 -2.30275 2
    endloop
  endfacet
  facet normal 0 0 1
    outer loop
      vertex -6.90824 -3.05248 2
      vertex -7.10105 -2.62408 2
      vertex -6.90824 -3.09532 2
    endloop
  endfacet
  facet normal 0 0 1
    outer loop
      vertex -6.6512 -3.588 2
      vertex -6.71546 -3.50232 2
      vertex -6.6512 -3.63084 2
    endloop
  endfacet
  facet normal 0 0 1
    outer loop
      vertex 10.4641 6.09426 2
      vertex 6.52268 3.95217 2
      vertex 6.90824 3.24528 2
    endloop
  endfacet
  facet normal 0 0 1
    outer loop
      vertex 3.86649 6.6512 2
      vertex 6.95108 10.0143 2
      vertex 6.32987 10.4213 2
    endloop
  endfacet
  facet normal 0 0 1
    outer loop
      vertex 7.35809 9.7144 2
      vertex 6.07283 4.61622 2
      vertex 6.52268 3.95217 2
    endloop
  endfacet
  facet normal 0 0 1
    outer loop
      vertex 7.35809 9.7144 2
      vertex 5.68725 5.08746 2
      vertex 6.07283 4.61622 2
    endloop
  endfacet
  facet normal -0 0 1
    outer loop
      vertex 5.30169 10.9568 2
      vertex 6.32987 10.4213 2
      vertex 5.34453 10.9568 2
    endloop
  endfacet
  facet normal 0 0 1
    outer loop
      vertex 6.32987 10.4213 2
      vertex 5.30169 10.9568 2
      vertex 3.86649 6.6512 2
    endloop
  endfacet
  facet normal -0 0 1
    outer loop
      vertex 5.06604 11.0639 2
      vertex 5.30169 10.9568 2
      vertex 5.10891 11.0639 2
    endloop
  endfacet
  facet normal 0 0 1
    outer loop
      vertex 3.39522 6.92966 2
      vertex 5.30169 10.9568 2
      vertex 5.06604 11.0639 2
    endloop
  endfacet
  facet normal 0 0 1
    outer loop
      vertex 7.35809 9.7144 2
      vertex 5.00178 5.77295 2
      vertex 5.68725 5.08746 2
    endloop
  endfacet
  facet normal 0 0 1
    outer loop
      vertex 4.76616 11.1924 2
      vertex 5.06604 11.0639 2
      vertex 4.87326 11.171 2
    endloop
  endfacet
  facet normal 0 0 1
    outer loop
      vertex 5.06604 11.0639 2
      vertex 4.76616 11.1924 2
      vertex 3.39522 6.92966 2
    endloop
  endfacet
  facet normal 0 0 1
    outer loop
      vertex 4.10211 11.4495 2
      vertex 4.76616 11.1924 2
      vertex 4.61622 11.2781 2
    endloop
  endfacet
  facet normal 0 0 1
    outer loop
      vertex 7.35809 9.7144 2
      vertex 4.44483 6.24419 2
      vertex 5.00178 5.77295 2
    endloop
  endfacet
  facet normal 0 0 1
    outer loop
      vertex 4.76616 11.1924 2
      vertex 4.10211 11.4495 2
      vertex 2.75259 7.22957 2
    endloop
  endfacet
  facet normal -0 0 1
    outer loop
      vertex 3.93075 11.5138 2
      vertex 4.10211 11.4495 2
      vertex 3.99501 11.5138 2
    endloop
  endfacet
  facet normal 0 0 1
    outer loop
      vertex 4.10211 11.4495 2
      vertex 3.93075 11.5138 2
      vertex 2.75259 7.22957 2
    endloop
  endfacet
  facet normal 0 0 1
    outer loop
      vertex 6.95108 10.0143 2
      vertex 3.86649 6.6512 2
      vertex 4.44483 6.24419 2
    endloop
  endfacet
  facet normal 0 0 1
    outer loop
      vertex 5.30169 10.9568 2
      vertex 3.39522 6.92966 2
      vertex 3.86649 6.6512 2
    endloop
  endfacet
  facet normal 0 0 1
    outer loop
      vertex 3.86649 6.6512 2
      vertex 3.39522 6.92966 2
      vertex 3.43806 6.88682 2
    endloop
  endfacet
  facet normal 0 0 1
    outer loop
      vertex 2.13139 7.44377 2
      vertex 3.93075 11.5138 2
      vertex 3.3738 11.7065 2
    endloop
  endfacet
  facet normal 0 0 1
    outer loop
      vertex 2.13139 7.44377 2
      vertex 3.3738 11.7065 2
      vertex 3.11674 11.7494 2
    endloop
  endfacet
  facet normal -0 0 1
    outer loop
      vertex 2.94538 11.7922 2
      vertex 3.11674 11.7494 2
      vertex 3.03106 11.7922 2
    endloop
  endfacet
  facet normal 0 0 1
    outer loop
      vertex 3.11674 11.7494 2
      vertex 2.94538 11.7922 2
      vertex 2.13139 7.44377 2
    endloop
  endfacet
  facet normal -0 0 1
    outer loop
      vertex 2.83827 11.8136 2
      vertex 2.94538 11.7922 2
      vertex 2.8597 11.8351 2
    endloop
  endfacet
  facet normal 0 0 1
    outer loop
      vertex 1.78864 7.52945 2
      vertex 2.94538 11.7922 2
      vertex 2.83827 11.8136 2
    endloop
  endfacet
  facet normal 0 0 1
    outer loop
      vertex 4.76616 11.1924 2
      vertex 2.75259 7.22957 2
      vertex 3.39522 6.92966 2
    endloop
  endfacet
  facet normal 0 0 1
    outer loop
      vertex 2.43127 11.8993 2
      vertex 2.83827 11.8136 2
      vertex 2.6455 11.8779 2
    endloop
  endfacet
  facet normal 0 0 1
    outer loop
      vertex 2.83827 11.8136 2
      vertex 2.43127 11.8993 2
      vertex 1.78864 7.52945 2
    endloop
  endfacet
  facet normal 0 0 1
    outer loop
      vertex 1.38166 7.61513 2
      vertex 2.43127 11.8993 2
      vertex 2.21707 11.9636 2
    endloop
  endfacet
  facet normal 0 0 1
    outer loop
      vertex 3.93075 11.5138 2
      vertex 2.13139 7.44377 2
      vertex 2.75259 7.22957 2
    endloop
  endfacet
  facet normal 0 0 1
    outer loop
      vertex 2.94538 11.7922 2
      vertex 1.78864 7.52945 2
      vertex 2.13139 7.44377 2
    endloop
  endfacet
  facet normal 0 0 1
    outer loop
      vertex 2.13139 7.44377 2
      vertex 1.78864 7.52945 2
      vertex 2.06713 7.44377 2
    endloop
  endfacet
  facet normal 0 0 1
    outer loop
      vertex 2.43127 11.8993 2
      vertex 1.59586 7.57229 2
      vertex 1.78864 7.52945 2
    endloop
  endfacet
  facet normal 0 0 1
    outer loop
      vertex 1.38166 7.61513 2
      vertex 2.21707 11.9636 2
      vertex 1.66012 12.0278 2
    endloop
  endfacet
  facet normal -0 0 1
    outer loop
      vertex 1.44592 12.0493 2
      vertex 1.66012 12.0278 2
      vertex 1.6387 12.0493 2
    endloop
  endfacet
  facet normal 0 0 1
    outer loop
      vertex 1.78864 7.52945 2
      vertex 1.59586 7.57229 2
      vertex 1.70296 7.52945 2
    endloop
  endfacet
  facet normal 0 0 1
    outer loop
      vertex 1.66012 12.0278 2
      vertex 1.44592 12.0493 2
      vertex 1.21027 7.63658 2
    endloop
  endfacet
  facet normal -0 0 1
    outer loop
      vertex 1.27456 12.0707 2
      vertex 1.44592 12.0493 2
      vertex 1.4245 12.0707 2
    endloop
  endfacet
  facet normal 0 0 1
    outer loop
      vertex 2.43127 11.8993 2
      vertex 1.38166 7.61513 2
      vertex 1.59586 7.57229 2
    endloop
  endfacet
  facet normal 0 0 1
    outer loop
      vertex 1.59586 7.57229 2
      vertex 1.38166 7.61513 2
      vertex 1.40308 7.59371 2
    endloop
  endfacet
  facet normal 0 0 1
    outer loop
      vertex 0.888971 7.67942 2
      vertex 1.44592 12.0493 2
      vertex 1.27456 12.0707 2
    endloop
  endfacet
  facet normal -0 0 1
    outer loop
      vertex 1.06033 12.0921 2
      vertex 1.27456 12.0707 2
      vertex 1.25311 12.0921 2
    endloop
  endfacet
  facet normal 0 0 1
    outer loop
      vertex 1.66012 12.0278 2
      vertex 1.21027 7.63658 2
      vertex 1.38166 7.61513 2
    endloop
  endfacet
  facet normal 0 0 1
    outer loop
      vertex 1.38166 7.61513 2
      vertex 1.21027 7.63658 2
      vertex 1.23169 7.61513 2
    endloop
  endfacet
  facet normal -0 0 1
    outer loop
      vertex 0.910391 12.0921 2
      vertex 1.27456 12.0707 2
      vertex 1.06033 12.0921 2
    endloop
  endfacet
  facet normal 0 0 1
    outer loop
      vertex 0.910391 12.0921 2
      vertex 1.06033 12.0921 2
      vertex 1.03891 12.1136 2
    endloop
  endfacet
  facet normal 0 0 1
    outer loop
      vertex 0.910391 12.0921 2
      vertex 1.03891 12.1136 2
      vertex 0.931811 12.1136 2
    endloop
  endfacet
  facet normal 0 0 1
    outer loop
      vertex 1.27456 12.0707 2
      vertex 0.910391 12.0921 2
      vertex 0.888971 7.67942 2
    endloop
  endfacet
  facet normal 0 0 1
    outer loop
      vertex 1.44592 12.0493 2
      vertex 0.888971 7.67942 2
      vertex 1.21027 7.63658 2
    endloop
  endfacet
  facet normal -0 0 1
    outer loop
      vertex 0.631904 12.1136 2
      vertex 0.910391 12.0921 2
      vertex 0.888971 12.1136 2
    endloop
  endfacet
  facet normal 0 0 1
    outer loop
      vertex 1.21027 7.63658 2
      vertex 0.888971 7.67942 2
      vertex 0.910391 7.658 2
    endloop
  endfacet
  facet normal 0 0 1
    outer loop
      vertex 0.910391 12.0921 2
      vertex 0.653352 7.70084 2
      vertex 0.888971 7.67942 2
    endloop
  endfacet
  facet normal 0 0 1
    outer loop
      vertex 0.888971 7.67942 2
      vertex 0.653352 7.70084 2
      vertex 0.674771 7.67942 2
    endloop
  endfacet
  facet normal 0 0 1
    outer loop
      vertex 0.910391 12.0921 2
      vertex 0.631904 12.1136 2
      vertex 0.653352 7.70084 2
    endloop
  endfacet
  facet normal 0 0 1
    outer loop
      vertex -0.396284 12.1136 2
      vertex 0.631904 12.1136 2
      vertex 0.610483 12.135 2
    endloop
  endfacet
  facet normal 0 0 1
    outer loop
      vertex 0.631904 12.1136 2
      vertex -0.160664 7.72226 2
      vertex 0.653352 7.70084 2
    endloop
  endfacet
  facet normal 0 0 1
    outer loop
      vertex 0.631904 12.1136 2
      vertex -0.396284 12.1136 2
      vertex -0.160664 7.72226 2
    endloop
  endfacet
  facet normal 0 0 1
    outer loop
      vertex -0.396284 12.1136 2
      vertex 0.610483 12.135 2
      vertex -0.374864 12.135 2
    endloop
  endfacet
  facet normal 0 0 1
    outer loop
      vertex -0.481964 7.70084 2
      vertex -0.160664 7.72226 2
      vertex -0.396284 12.1136 2
    endloop
  endfacet
  facet normal 0 0 1
    outer loop
      vertex -0.160664 7.72226 2
      vertex -0.481964 7.70084 2
      vertex -0.182084 7.70084 2
    endloop
  endfacet
  facet normal -0 0 1
    outer loop
      vertex -0.846131 12.0921 2
      vertex -0.481964 7.70084 2
      vertex -0.396284 12.1136 2
    endloop
  endfacet
  facet normal 0 -0 1
    outer loop
      vertex -0.739032 7.67942 2
      vertex -0.481964 7.70084 2
      vertex -0.846131 12.0921 2
    endloop
  endfacet
  facet normal 0 0 1
    outer loop
      vertex -0.481964 7.70084 2
      vertex -0.739032 7.67942 2
      vertex -0.503384 7.67942 2
    endloop
  endfacet
  facet normal 0 0 1
    outer loop
      vertex -0.846131 12.0921 2
      vertex -0.396284 12.1136 2
      vertex -0.824712 12.1136 2
    endloop
  endfacet
  facet normal -0 0 1
    outer loop
      vertex -1.12459 12.0707 2
      vertex -0.739032 7.67942 2
      vertex -0.846131 12.0921 2
    endloop
  endfacet
  facet normal 0 0 1
    outer loop
      vertex -0.739032 7.67942 2
      vertex -0.910392 7.658 2
      vertex -0.760452 7.658 2
    endloop
  endfacet
  facet normal -0 0 1
    outer loop
      vertex -1.36024 12.0493 2
      vertex -0.739032 7.67942 2
      vertex -1.12459 12.0707 2
    endloop
  endfacet
  facet normal 0 0 1
    outer loop
      vertex -1.12459 12.0707 2
      vertex -0.846131 12.0921 2
      vertex -1.10317 12.0921 2
    endloop
  endfacet
  facet normal 0 0 1
    outer loop
      vertex -0.739032 7.67942 2
      vertex -1.36024 12.0493 2
      vertex -0.910392 7.658 2
    endloop
  endfacet
  facet normal 0 0 1
    outer loop
      vertex -0.910392 7.658 2
      vertex -1.10317 7.63658 2
      vertex -0.931811 7.63658 2
    endloop
  endfacet
  facet normal -0 0 1
    outer loop
      vertex -1.5316 12.0278 2
      vertex -0.910392 7.658 2
      vertex -1.36024 12.0493 2
    endloop
  endfacet
  facet normal 0 0 1
    outer loop
      vertex -0.910392 7.658 2
      vertex -1.5316 12.0278 2
      vertex -1.10317 7.63658 2
    endloop
  endfacet
  facet normal 0 0 1
    outer loop
      vertex -1.36024 12.0493 2
      vertex -1.12459 12.0707 2
      vertex -1.33882 12.0707 2
    endloop
  endfacet
  facet normal 0 0 1
    outer loop
      vertex -1.10317 7.63658 2
      vertex -1.23169 7.61513 2
      vertex -1.12459 7.61513 2
    endloop
  endfacet
  facet normal -0 0 1
    outer loop
      vertex -1.70296 12.0064 2
      vertex -1.10317 7.63658 2
      vertex -1.5316 12.0278 2
    endloop
  endfacet
  facet normal 0 0 1
    outer loop
      vertex -1.10317 7.63658 2
      vertex -1.70296 12.0064 2
      vertex -1.23169 7.61513 2
    endloop
  endfacet
  facet normal 0 0 1
    outer loop
      vertex -1.5316 12.0278 2
      vertex -1.36024 12.0493 2
      vertex -1.51018 12.0493 2
    endloop
  endfacet
  facet normal -0 0 1
    outer loop
      vertex -2.08855 11.9422 2
      vertex -1.23169 7.61513 2
      vertex -1.70296 12.0064 2
    endloop
  endfacet
  facet normal 0 0 1
    outer loop
      vertex -1.23169 7.61513 2
      vertex -1.46734 7.57229 2
      vertex -1.36024 7.57229 2
    endloop
  endfacet
  facet normal 0 0 1
    outer loop
      vertex -1.70296 12.0064 2
      vertex -1.5316 12.0278 2
      vertex -1.68154 12.0278 2
    endloop
  endfacet
  facet normal 0 0 1
    outer loop
      vertex -1.23169 7.61513 2
      vertex -2.08855 11.9422 2
      vertex -1.46734 7.57229 2
    endloop
  endfacet
  facet normal -0 0 1
    outer loop
      vertex -2.21707 11.9207 2
      vertex -1.46734 7.57229 2
      vertex -2.08855 11.9422 2
    endloop
  endfacet
  facet normal 0 0 1
    outer loop
      vertex -1.46734 7.57229 2
      vertex -1.68154 7.52945 2
      vertex -1.57444 7.52945 2
    endloop
  endfacet
  facet normal 0 0 1
    outer loop
      vertex -2.08855 11.9422 2
      vertex -1.70296 12.0064 2
      vertex -1.98145 11.985 2
    endloop
  endfacet
  facet normal -0 0 1
    outer loop
      vertex -2.45269 11.8779 2
      vertex -1.46734 7.57229 2
      vertex -2.21707 11.9207 2
    endloop
  endfacet
  facet normal 0 0 1
    outer loop
      vertex -1.46734 7.57229 2
      vertex -2.45269 11.8779 2
      vertex -1.68154 7.52945 2
    endloop
  endfacet
  facet normal -0 0 1
    outer loop
      vertex -2.55982 11.8565 2
      vertex -1.68154 7.52945 2
      vertex -2.45269 11.8779 2
    endloop
  endfacet
  facet normal -0 0 1
    outer loop
      vertex -2.66692 11.8351 2
      vertex -1.68154 7.52945 2
      vertex -2.55982 11.8565 2
    endloop
  endfacet
  facet normal 0 0 1
    outer loop
      vertex -2.21707 11.9207 2
      vertex -2.08855 11.9422 2
      vertex -2.19565 11.9422 2
    endloop
  endfacet
  facet normal -0 0 1
    outer loop
      vertex -3.00964 11.7494 2
      vertex -1.68154 7.52945 2
      vertex -2.66692 11.8351 2
    endloop
  endfacet
  facet normal 0 0 1
    outer loop
      vertex -2.45269 11.8779 2
      vertex -2.21707 11.9207 2
      vertex -2.32417 11.9207 2
    endloop
  endfacet
  facet normal 0 0 1
    outer loop
      vertex -1.68154 7.52945 2
      vertex -2.00287 7.44377 2
      vertex -1.76722 7.48661 2
    endloop
  endfacet
  facet normal 0 0 1
    outer loop
      vertex -2.00287 7.44377 2
      vertex -2.13139 7.40093 2
      vertex -2.06713 7.40093 2
    endloop
  endfacet
  facet normal 0 0 1
    outer loop
      vertex -1.68154 7.52945 2
      vertex -3.00964 11.7494 2
      vertex -2.00287 7.44377 2
    endloop
  endfacet
  facet normal 0 0 1
    outer loop
      vertex -2.55982 11.8565 2
      vertex -2.45269 11.8779 2
      vertex -2.53837 11.8779 2
    endloop
  endfacet
  facet normal -0 0 1
    outer loop
      vertex -3.28812 11.6851 2
      vertex -2.00287 7.44377 2
      vertex -3.00964 11.7494 2
    endloop
  endfacet
  facet normal 0 0 1
    outer loop
      vertex -2.66692 11.8351 2
      vertex -2.55982 11.8565 2
      vertex -2.6455 11.8565 2
    endloop
  endfacet
  facet normal 0 0 1
    outer loop
      vertex -2.00287 7.44377 2
      vertex -3.28812 11.6851 2
      vertex -2.13139 7.40093 2
    endloop
  endfacet
  facet normal -0 0 1
    outer loop
      vertex -3.43806 11.6423 2
      vertex -2.13139 7.40093 2
      vertex -3.28812 11.6851 2
    endloop
  endfacet
  facet normal 0 0 1
    outer loop
      vertex -3.00964 11.7494 2
      vertex -2.66692 11.8351 2
      vertex -2.7526 11.8351 2
    endloop
  endfacet
  facet normal -0 0 1
    outer loop
      vertex -3.65226 11.578 2
      vertex -2.13139 7.40093 2
      vertex -3.43806 11.6423 2
    endloop
  endfacet
  facet normal 0 0 1
    outer loop
      vertex -2.13139 7.40093 2
      vertex -3.65226 11.578 2
      vertex -2.45269 7.29383 2
    endloop
  endfacet
  facet normal -0 0 1
    outer loop
      vertex -4.35915 11.3424 2
      vertex -2.45269 7.29383 2
      vertex -3.65226 11.578 2
    endloop
  endfacet
  facet normal 0 0 1
    outer loop
      vertex -3.28812 11.6851 2
      vertex -3.00964 11.7494 2
      vertex -3.09532 11.7494 2
    endloop
  endfacet
  facet normal 0 0 1
    outer loop
      vertex -2.45269 7.29383 2
      vertex -2.68834 7.20815 2
      vertex -2.51695 7.25099 2
    endloop
  endfacet
  facet normal 0 0 1
    outer loop
      vertex -3.43806 11.6423 2
      vertex -3.28812 11.6851 2
      vertex -3.35238 11.6851 2
    endloop
  endfacet
  facet normal 0 0 1
    outer loop
      vertex -2.45269 7.29383 2
      vertex -4.35915 11.3424 2
      vertex -2.68834 7.20815 2
    endloop
  endfacet
  facet normal 0 0 1
    outer loop
      vertex -3.65226 11.578 2
      vertex -3.43806 11.6423 2
      vertex -3.50232 11.6423 2
    endloop
  endfacet
  facet normal -0 0 1
    outer loop
      vertex -4.72332 11.1924 2
      vertex -2.68834 7.20815 2
      vertex -4.35915 11.3424 2
    endloop
  endfacet
  facet normal 0 0 1
    outer loop
      vertex -4.29489 11.3852 2
      vertex -3.65226 11.578 2
      vertex -3.71652 11.578 2
    endloop
  endfacet
  facet normal 0 0 1
    outer loop
      vertex -2.68834 7.20815 2
      vertex -2.98822 7.07963 2
      vertex -2.79544 7.14389 2
    endloop
  endfacet
  facet normal 0 0 1
    outer loop
      vertex -2.68834 7.20815 2
      vertex -4.72332 11.1924 2
      vertex -2.98822 7.07963 2
    endloop
  endfacet
  facet normal -0 0 1
    outer loop
      vertex -5.40879 10.8926 2
      vertex -2.98822 7.07963 2
      vertex -4.72332 11.1924 2
    endloop
  endfacet
  facet normal 0 0 1
    outer loop
      vertex -2.98822 7.07963 2
      vertex -5.40879 10.8926 2
      vertex -3.73794 6.69404 2
    endloop
  endfacet
  facet normal 0 0 1
    outer loop
      vertex -3.65226 11.578 2
      vertex -4.29489 11.3852 2
      vertex -4.35915 11.3424 2
    endloop
  endfacet
  facet normal -0 0 1
    outer loop
      vertex -5.62299 10.7854 2
      vertex -3.73794 6.69404 2
      vertex -5.40879 10.8926 2
    endloop
  endfacet
  facet normal -0 0 1
    outer loop
      vertex -6.11568 10.5498 2
      vertex -3.73794 6.69404 2
      vertex -5.62299 10.7854 2
    endloop
  endfacet
  facet normal 0 0 1
    outer loop
      vertex -4.72332 11.1924 2
      vertex -4.35915 11.3424 2
      vertex -4.57338 11.2781 2
    endloop
  endfacet
  facet normal 0 0 1
    outer loop
      vertex -3.73794 6.69404 2
      vertex -4.12353 6.45842 2
      vertex -4.05927 6.47984 2
    endloop
  endfacet
  facet normal 0 0 1
    outer loop
      vertex -5.40879 10.8926 2
      vertex -4.72332 11.1924 2
      vertex -4.93752 11.1282 2
    endloop
  endfacet
  facet normal 0 0 1
    outer loop
      vertex -3.73794 6.69404 2
      vertex -6.11568 10.5498 2
      vertex -4.12353 6.45842 2
    endloop
  endfacet
  facet normal -0 0 1
    outer loop
      vertex -7.12247 9.9286 2
      vertex -4.12353 6.45842 2
      vertex -6.11568 10.5498 2
    endloop
  endfacet
  facet normal 0 -0 1
    outer loop
      vertex -4.55196 6.15851 2
      vertex -4.12353 6.45842 2
      vertex -7.12247 9.9286 2
    endloop
  endfacet
  facet normal 0 0 1
    outer loop
      vertex -5.62299 10.7854 2
      vertex -5.40879 10.8926 2
      vertex -5.45163 10.8926 2
    endloop
  endfacet
  facet normal 0 0 1
    outer loop
      vertex -4.12353 6.45842 2
      vertex -4.55196 6.15851 2
      vertex -4.18779 6.39416 2
    endloop
  endfacet
  facet normal 0 0 1
    outer loop
      vertex -6.11568 10.5498 2
      vertex -5.62299 10.7854 2
      vertex -5.75154 10.7426 2
    endloop
  endfacet
  facet normal -0 0 1
    outer loop
      vertex -7.9793 9.28598 2
      vertex -4.55196 6.15851 2
      vertex -7.12247 9.9286 2
    endloop
  endfacet
  facet normal 0 0 1
    outer loop
      vertex -4.55196 6.15851 2
      vertex -7.9793 9.28598 2
      vertex -5.15175 5.68725 2
    endloop
  endfacet
  facet normal -0 0 1
    outer loop
      vertex -8.60051 8.72903 2
      vertex -5.15175 5.68725 2
      vertex -7.9793 9.28598 2
    endloop
  endfacet
  facet normal 0 -0 1
    outer loop
      vertex -5.8158 5.0232 2
      vertex -5.15175 5.68725 2
      vertex -8.60051 8.72903 2
    endloop
  endfacet
  facet normal 0 0 1
    outer loop
      vertex -5.15175 5.68725 2
      vertex -5.8158 5.0232 2
      vertex -5.15175 5.66583 2
    endloop
  endfacet
  facet normal 0 0 1
    outer loop
      vertex -6.88682 3.43806 2
      vertex -6.99392 3.20244 2
      vertex -6.88682 3.39522 2
    endloop
  endfacet
  facet normal -0 0 1
    outer loop
      vertex -8.96468 8.36489 2
      vertex -5.8158 5.0232 2
      vertex -8.60051 8.72903 2
    endloop
  endfacet
  facet normal 0 0 1
    outer loop
      vertex -6.99392 3.20244 2
      vertex -7.07963 3.00964 2
      vertex -6.99392 3.15958 2
    endloop
  endfacet
  facet normal -0 0 1
    outer loop
      vertex -9.47876 7.78652 2
      vertex -5.8158 5.0232 2
      vertex -8.96468 8.36489 2
    endloop
  endfacet
  facet normal 0 0 1
    outer loop
      vertex -5.8158 5.0232 2
      vertex -9.47876 7.78652 2
      vertex -6.20136 4.55196 2
    endloop
  endfacet
  facet normal -0 0 1
    outer loop
      vertex -9.95002 7.18673 2
      vertex -6.20136 4.55196 2
      vertex -9.47876 7.78652 2
    endloop
  endfacet
  facet normal 0 0 1
    outer loop
      vertex -6.20136 4.55196 2
      vertex -9.95002 7.18673 2
      vertex -6.5441 4.05927 2
    endloop
  endfacet
  facet normal -0 0 1
    outer loop
      vertex -10.4641 6.41558 2
      vertex -6.5441 4.05927 2
      vertex -9.95002 7.18673 2
    endloop
  endfacet
  facet normal 0 0 1
    outer loop
      vertex -7.40093 1.96003 2
      vertex -7.42235 1.8529 2
      vertex -7.40093 1.87432 2
    endloop
  endfacet
  facet normal -0 0 1
    outer loop
      vertex -10.5284 6.26562 2
      vertex -6.5441 4.05927 2
      vertex -10.4641 6.41558 2
    endloop
  endfacet
  facet normal 0 0 1
    outer loop
      vertex -7.42235 1.8529 2
      vertex -7.46519 1.6387 2
      vertex -7.42235 1.76722 2
    endloop
  endfacet
  facet normal -0 0 1
    outer loop
      vertex -10.764 5.85864 2
      vertex -6.5441 4.05927 2
      vertex -10.5284 6.26562 2
    endloop
  endfacet
  facet normal 0 0 1
    outer loop
      vertex -7.46519 1.6387 2
      vertex -7.48661 1.51018 2
      vertex -7.46519 1.5316 2
    endloop
  endfacet
  facet normal 0 0 1
    outer loop
      vertex -6.5441 4.05927 2
      vertex -10.764 5.85864 2
      vertex -6.88682 3.43806 2
    endloop
  endfacet
  facet normal 0 0 1
    outer loop
      vertex -7.48661 1.51018 2
      vertex -7.50803 1.38166 2
      vertex -7.48661 1.40308 2
    endloop
  endfacet
  facet normal -0 0 1
    outer loop
      vertex -11.0639 5.25885 2
      vertex -6.88682 3.43806 2
      vertex -10.764 5.85864 2
    endloop
  endfacet
  facet normal 0 0 1
    outer loop
      vertex -7.50803 1.38166 2
      vertex -7.52945 1.25311 2
      vertex -7.50803 1.27456 2
    endloop
  endfacet
  facet normal 0 0 1
    outer loop
      vertex -6.88682 3.43806 2
      vertex -11.0639 5.25885 2
      vertex -6.99392 3.20244 2
    endloop
  endfacet
  facet normal 0 0 1
    outer loop
      vertex -7.52945 1.25311 2
      vertex -7.57229 0.760451 2
      vertex -7.55087 0.781872 2
    endloop
  endfacet
  facet normal 0 0 1
    outer loop
      vertex -6.99392 3.20244 2
      vertex -11.171 5.0232 2
      vertex -7.07963 3.00964 2
    endloop
  endfacet
  facet normal 0 0 1
    outer loop
      vertex -7.57229 0.760451 2
      vertex -7.59371 0.396283 2
      vertex -7.57229 0.417704 2
    endloop
  endfacet
  facet normal -0 0 1
    outer loop
      vertex -11.2353 4.87326 2
      vertex -7.07963 3.00964 2
      vertex -11.171 5.0232 2
    endloop
  endfacet
  facet normal -0 0 1
    outer loop
      vertex -11.2567 4.83042 2
      vertex -7.07963 3.00964 2
      vertex -11.2353 4.87326 2
    endloop
  endfacet
  facet normal 0 0 1
    outer loop
      vertex -7.07963 3.00964 2
      vertex -7.16531 2.77402 2
      vertex -7.12247 2.83827 2
    endloop
  endfacet
  facet normal 0 0 1
    outer loop
      vertex 11.7494 2.94538 2
      vertex 11.7708 2.83827 2
      vertex 11.7922 2.8597 2
    endloop
  endfacet
  facet normal 0 0 1
    outer loop
      vertex 7.40093 1.8529 2
      vertex 11.7708 2.83827 2
      vertex 11.7494 2.94538 2
    endloop
  endfacet
  facet normal 0 0 1
    outer loop
      vertex 11.6423 3.30954 2
      vertex 11.7494 2.94538 2
      vertex 11.6851 3.24528 2
    endloop
  endfacet
  facet normal 0 0 1
    outer loop
      vertex 11.985 -2.25991 2
      vertex 11.8993 -2.77402 2
      vertex 11.9422 -2.66692 2
    endloop
  endfacet
  facet normal 0 0 1
    outer loop
      vertex 7.40093 1.8529 2
      vertex 11.7494 2.94538 2
      vertex 11.6423 3.30954 2
    endloop
  endfacet
  facet normal 0 0 1
    outer loop
      vertex 11.5352 3.65226 2
      vertex 11.6423 3.30954 2
      vertex 11.6209 3.45948 2
    endloop
  endfacet
  facet normal -0 0 1
    outer loop
      vertex 7.37951 -1.89574 2
      vertex 11.8993 -2.77402 2
      vertex 7.50803 -1.38166 2
    endloop
  endfacet
  facet normal 0 0 1
    outer loop
      vertex 11.6423 3.30954 2
      vertex 11.5352 3.65226 2
      vertex 7.40093 1.8529 2
    endloop
  endfacet
  facet normal 0 0 1
    outer loop
      vertex 11.8993 -2.77402 2
      vertex 11.7922 -3.20244 2
      vertex 11.8565 -3.05248 2
    endloop
  endfacet
  facet normal 0 0 1
    outer loop
      vertex 11.4709 3.84507 2
      vertex 11.5352 3.65226 2
      vertex 11.5138 3.78078 2
    endloop
  endfacet
  facet normal 0 0 1
    outer loop
      vertex 7.14389 2.70975 2
      vertex 11.5352 3.65226 2
      vertex 11.4709 3.84507 2
    endloop
  endfacet
  facet normal 0 0 1
    outer loop
      vertex 11.8993 -2.77402 2
      vertex 7.37951 -1.89574 2
      vertex 11.7922 -3.20244 2
    endloop
  endfacet
  facet normal -0 0 1
    outer loop
      vertex 7.31525 -2.10997 2
      vertex 11.7922 -3.20244 2
      vertex 7.37951 -1.89574 2
    endloop
  endfacet
  facet normal 0 0 1
    outer loop
      vertex 11.7922 -3.20244 2
      vertex 7.31525 -2.10997 2
      vertex 11.7708 -3.30954 2
    endloop
  endfacet
  facet normal 0 0 1
    outer loop
      vertex 11.321 4.25205 2
      vertex 11.4709 3.84507 2
      vertex 11.3638 4.18779 2
    endloop
  endfacet
  facet normal 0 -0 1
    outer loop
      vertex 11.578 -3.93075 2
      vertex 11.7708 -3.30954 2
      vertex 7.31525 -2.10997 2
    endloop
  endfacet
  facet normal 0 0 1
    outer loop
      vertex 7.14389 2.70975 2
      vertex 11.4709 3.84507 2
      vertex 11.321 4.25205 2
    endloop
  endfacet
  facet normal 0 0 1
    outer loop
      vertex 11.7708 -3.30954 2
      vertex 11.578 -3.93075 2
      vertex 11.6851 -3.67368 2
    endloop
  endfacet
  facet normal 0 0 1
    outer loop
      vertex 11.0639 4.87326 2
      vertex 11.321 4.25205 2
      vertex 11.2781 4.42341 2
    endloop
  endfacet
  facet normal -0 0 1
    outer loop
      vertex 7.20815 -2.43127 2
      vertex 11.578 -3.93075 2
      vertex 7.31525 -2.10997 2
    endloop
  endfacet
  facet normal 0 -0 1
    outer loop
      vertex 11.4495 -4.29489 2
      vertex 11.578 -3.93075 2
      vertex 7.20815 -2.43127 2
    endloop
  endfacet
  facet normal 0 0 1
    outer loop
      vertex 11.321 4.25205 2
      vertex 11.0639 4.87326 2
      vertex 7.05821 2.92395 2
    endloop
  endfacet
  facet normal 0 0 1
    outer loop
      vertex 11.985 1.7458 2
      vertex 7.61513 0.396283 2
      vertex 7.61513 -0.524804 2
    endloop
  endfacet
  facet normal 0 0 1
    outer loop
      vertex 6.90824 3.24528 2
      vertex 11.0639 4.87326 2
      vertex 11.0211 5.0232 2
    endloop
  endfacet
  facet normal 0 0 1
    outer loop
      vertex 11.4495 -4.29489 2
      vertex 11.3852 -4.46628 2
      vertex 11.4281 -4.42341 2
    endloop
  endfacet
  facet normal 0 0 1
    outer loop
      vertex 10.9782 -5.38737 2
      vertex 10.9354 -5.47305 2
      vertex 10.9782 -5.43021 2
    endloop
  endfacet
  facet normal 0 0 1
    outer loop
      vertex 11.4495 -4.29489 2
      vertex 7.20815 -2.43127 2
      vertex 11.3852 -4.46628 2
    endloop
  endfacet
  facet normal 0 -0 1
    outer loop
      vertex 11.321 -4.63764 2
      vertex 11.3852 -4.46628 2
      vertex 7.20815 -2.43127 2
    endloop
  endfacet
  facet normal 0 0 1
    outer loop
      vertex 6.90824 3.24528 2
      vertex 11.0211 5.0232 2
      vertex 10.4641 6.09426 2
    endloop
  endfacet
  facet normal 0 0 1
    outer loop
      vertex 11.578 -3.93075 2
      vertex 11.4495 -4.29489 2
      vertex 11.5352 -4.12353 2
    endloop
  endfacet
  facet normal 0 0 1
    outer loop
      vertex 6.52268 3.95217 2
      vertex 10.4641 6.09426 2
      vertex 10.0571 6.71546 2
    endloop
  endfacet
  facet normal 0 0 1
    outer loop
      vertex 9.69298 7.27241 2
      vertex 10.0571 6.71546 2
      vertex 10.0357 6.77972 2
    endloop
  endfacet
  facet normal 0 0 1
    outer loop
      vertex 11.3852 -4.46628 2
      vertex 11.321 -4.63764 2
      vertex 11.3638 -4.57338 2
    endloop
  endfacet
  facet normal 0 0 1
    outer loop
      vertex 10.0571 6.71546 2
      vertex 9.69298 7.27241 2
      vertex 9.6073 7.35809 2
    endloop
  endfacet
  facet normal 0 0 1
    outer loop
      vertex 6.52268 3.95217 2
      vertex 10.0571 6.71546 2
      vertex 9.6073 7.35809 2
    endloop
  endfacet
  facet normal 0 0 1
    outer loop
      vertex 6.52268 3.95217 2
      vertex 9.6073 7.35809 2
      vertex 9.26456 7.82936 2
    endloop
  endfacet
  facet normal -0 0 1
    outer loop
      vertex 6.80114 -3.3738 2
      vertex 11.321 -4.63764 2
      vertex 7.20815 -2.43127 2
    endloop
  endfacet
  facet normal 0 0 1
    outer loop
      vertex 6.52268 3.95217 2
      vertex 9.26456 7.82936 2
      vertex 8.90039 8.25776 2
    endloop
  endfacet
  facet normal 0 0 1
    outer loop
      vertex 11.321 -4.63764 2
      vertex 11.171 -4.98036 2
      vertex 11.2353 -4.89468 2
    endloop
  endfacet
  facet normal 0 -0 1
    outer loop
      vertex 10.9782 -5.38737 2
      vertex 11.171 -4.98036 2
      vertex 6.80114 -3.3738 2
    endloop
  endfacet
  facet normal 0 0 1
    outer loop
      vertex 6.52268 3.95217 2
      vertex 8.90039 8.25776 2
      vertex 8.12924 9.05035 2
    endloop
  endfacet
  facet normal 0 0 1
    outer loop
      vertex 11.171 -4.98036 2
      vertex 10.9782 -5.38737 2
      vertex 11.171 -5.0232 2
    endloop
  endfacet
  facet normal 0 0 1
    outer loop
      vertex 11.321 -4.63764 2
      vertex 6.80114 -3.3738 2
      vertex 11.171 -4.98036 2
    endloop
  endfacet
  facet normal 0 0 1
    outer loop
      vertex 11.985 1.7458 2
      vertex 7.59371 0.674771 2
      vertex 7.61513 0.396283 2
    endloop
  endfacet
  facet normal 0 0 1
    outer loop
      vertex 11.985 1.7458 2
      vertex 7.57229 0.888971 2
      vertex 7.59371 0.674771 2
    endloop
  endfacet
  facet normal 0 0 1
    outer loop
      vertex 11.985 1.7458 2
      vertex 7.52945 1.23169 2
      vertex 7.57229 0.888971 2
    endloop
  endfacet
  facet normal 0 0 1
    outer loop
      vertex 7.57229 0.888971 2
      vertex 7.52945 1.23169 2
      vertex 7.55087 0.910391 2
    endloop
  endfacet
  facet normal 0 0 1
    outer loop
      vertex 11.8779 2.36701 2
      vertex 7.44377 1.66012 2
      vertex 7.52945 1.23169 2
    endloop
  endfacet
  facet normal 0 0 1
    outer loop
      vertex 7.52945 1.23169 2
      vertex 7.44377 1.66012 2
      vertex 7.50803 1.25311 2
    endloop
  endfacet
  facet normal 0 0 1
    outer loop
      vertex 11.7708 2.83827 2
      vertex 7.40093 1.8529 2
      vertex 7.44377 1.66012 2
    endloop
  endfacet
  facet normal 0 0 1
    outer loop
      vertex 6.52268 3.95217 2
      vertex 8.12924 9.05035 2
      vertex 7.35809 9.7144 2
    endloop
  endfacet
  facet normal 0 0 1
    outer loop
      vertex 11.5352 3.65226 2
      vertex 7.14389 2.70975 2
      vertex 7.40093 1.8529 2
    endloop
  endfacet
  facet normal 0 0 1
    outer loop
      vertex 11.321 4.25205 2
      vertex 7.05821 2.92395 2
      vertex 7.14389 2.70975 2
    endloop
  endfacet
  facet normal 0 0 1
    outer loop
      vertex 7.14389 2.70975 2
      vertex 7.05821 2.92395 2
      vertex 7.07963 2.81686 2
    endloop
  endfacet
  facet normal 0 0 1
    outer loop
      vertex 4.44483 6.24419 2
      vertex 7.35809 9.7144 2
      vertex 6.95108 10.0143 2
    endloop
  endfacet
  facet normal 0 0 1
    outer loop
      vertex 11.0639 4.87326 2
      vertex 6.90824 3.24528 2
      vertex 7.05821 2.92395 2
    endloop
  endfacet
  facet normal 0 0 1
    outer loop
      vertex 7.05821 2.92395 2
      vertex 6.90824 3.24528 2
      vertex 6.90824 3.20244 2
    endloop
  endfacet
  facet normal 0 0 1
    outer loop
      vertex 10.9782 -5.38737 2
      vertex 6.80114 -3.3738 2
      vertex 10.9354 -5.47305 2
    endloop
  endfacet
  facet normal 0 0 1
    outer loop
      vertex 7.59371 -0.781872 2
      vertex 7.61513 -0.524804 2
      vertex 7.59371 -0.546224 2
    endloop
  endfacet
  facet normal 0 0 1
    outer loop
      vertex 10.9354 -5.47305 2
      vertex 6.80114 -3.3738 2
      vertex 10.8283 -5.70867 2
    endloop
  endfacet
  facet normal 0 0 1
    outer loop
      vertex 7.55087 -1.14601 2
      vertex 7.59371 -0.781872 2
      vertex 7.57229 -0.803292 2
    endloop
  endfacet
  facet normal -0 0 1
    outer loop
      vertex 6.5441 -3.8022 2
      vertex 10.8283 -5.70867 2
      vertex 6.80114 -3.3738 2
    endloop
  endfacet
  facet normal 0 0 1
    outer loop
      vertex 7.50803 -1.38166 2
      vertex 7.55087 -1.14601 2
      vertex 7.52945 -1.16743 2
    endloop
  endfacet
  facet normal 0 0 1
    outer loop
      vertex 10.8283 -5.70867 2
      vertex 6.5441 -3.8022 2
      vertex 10.357 -6.50126 2
    endloop
  endfacet
  facet normal 0 0 1
    outer loop
      vertex 7.37951 -1.89574 2
      vertex 7.50803 -1.38166 2
      vertex 7.37951 -1.83148 2
    endloop
  endfacet
  facet normal -0 0 1
    outer loop
      vertex 6.1371 -4.42341 2
      vertex 10.357 -6.50126 2
      vertex 6.5441 -3.8022 2
    endloop
  endfacet
  facet normal 0 0 1
    outer loop
      vertex 7.31525 -2.10997 2
      vertex 7.37951 -1.89574 2
      vertex 7.31525 -2.04571 2
    endloop
  endfacet
  facet normal 0 0 1
    outer loop
      vertex 10.357 -6.50126 2
      vertex 6.1371 -4.42341 2
      vertex 9.88576 -7.16531 2
    endloop
  endfacet
  facet normal -0 0 1
    outer loop
      vertex 5.94432 -4.65906 2
      vertex 9.88576 -7.16531 2
      vertex 6.1371 -4.42341 2
    endloop
  endfacet
  facet normal 0 0 1
    outer loop
      vertex 9.88576 -7.16531 2
      vertex 5.94432 -4.65906 2
      vertex 9.15746 -8.04356 2
    endloop
  endfacet
  facet normal -0 0 1
    outer loop
      vertex 5.70867 -4.93752 2
      vertex 9.15746 -8.04356 2
      vertex 5.94432 -4.65906 2
    endloop
  endfacet
  facet normal 0 0 1
    outer loop
      vertex 9.15746 -8.04356 2
      vertex 5.70867 -4.93752 2
      vertex 8.68619 -8.53625 2
    endloop
  endfacet
  facet normal 0 0 1
    outer loop
      vertex 6.5441 -3.8022 2
      vertex 6.80114 -3.3738 2
      vertex 6.7583 -3.39522 2
    endloop
  endfacet
  facet normal -0 0 1
    outer loop
      vertex 5.17317 -5.47305 2
      vertex 8.68619 -8.53625 2
      vertex 5.70867 -4.93752 2
    endloop
  endfacet
  facet normal 0 0 1
    outer loop
      vertex 8.68619 -8.53625 2
      vertex 5.17317 -5.47305 2
      vertex 8.1935 -9.00752 2
    endloop
  endfacet
  facet normal 0 0 1
    outer loop
      vertex 8.1935 -9.00752 2
      vertex 5.17317 -5.47305 2
      vertex 7.658 -9.45734 2
    endloop
  endfacet
  facet normal 0 0 1
    outer loop
      vertex 6.1371 -4.42341 2
      vertex 6.5441 -3.8022 2
      vertex 6.15851 -4.35915 2
    endloop
  endfacet
  facet normal -0 0 1
    outer loop
      vertex 4.63764 -5.9229 2
      vertex 7.658 -9.45734 2
      vertex 5.17317 -5.47305 2
    endloop
  endfacet
  facet normal 0 -0 1
    outer loop
      vertex 6.99392 -9.9286 2
      vertex 7.658 -9.45734 2
      vertex 4.63764 -5.9229 2
    endloop
  endfacet
  facet normal 0 0 1
    outer loop
      vertex 5.94432 -4.65906 2
      vertex 6.1371 -4.42341 2
      vertex 6.07283 -4.46628 2
    endloop
  endfacet
  facet normal 0 0 1
    outer loop
      vertex 7.658 -9.45734 2
      vertex 6.99392 -9.9286 2
      vertex 7.05821 -9.90718 2
    endloop
  endfacet
  facet normal -0 0 1
    outer loop
      vertex 3.88791 -6.437 2
      vertex 6.99392 -9.9286 2
      vertex 4.63764 -5.9229 2
    endloop
  endfacet
  facet normal 0 0 1
    outer loop
      vertex 6.99392 -9.9286 2
      vertex 6.41558 -10.3142 2
      vertex 6.52268 -10.2714 2
    endloop
  endfacet
  facet normal 0 0 1
    outer loop
      vertex 6.99392 -9.9286 2
      vertex 3.88791 -6.437 2
      vertex 6.41558 -10.3142 2
    endloop
  endfacet
  facet normal 0 0 1
    outer loop
      vertex 6.41558 -10.3142 2
      vertex 3.88791 -6.437 2
      vertex 6.09426 -10.5284 2
    endloop
  endfacet
  facet normal -0 0 1
    outer loop
      vertex 3.28812 -6.7583 2
      vertex 6.09426 -10.5284 2
      vertex 3.88791 -6.437 2
    endloop
  endfacet
  facet normal 0 0 1
    outer loop
      vertex 6.09426 -10.5284 2
      vertex 5.08746 -11.0425 2
      vertex 5.13033 -11.0425 2
    endloop
  endfacet
  facet normal 0 0 1
    outer loop
      vertex 6.09426 -10.5284 2
      vertex 3.28812 -6.7583 2
      vertex 5.08746 -11.0425 2
    endloop
  endfacet
  facet normal 0 0 1
    outer loop
      vertex 5.08746 -11.0425 2
      vertex 4.85184 -11.1496 2
      vertex 4.89468 -11.1496 2
    endloop
  endfacet
  facet normal -0 0 1
    outer loop
      vertex 3.05248 -6.8654 2
      vertex 5.08746 -11.0425 2
      vertex 3.28812 -6.7583 2
    endloop
  endfacet
  facet normal 0 0 1
    outer loop
      vertex 5.08746 -11.0425 2
      vertex 3.05248 -6.8654 2
      vertex 4.85184 -11.1496 2
    endloop
  endfacet
  facet normal 0 0 1
    outer loop
      vertex 4.85184 -11.1496 2
      vertex 4.61622 -11.2567 2
      vertex 4.72332 -11.2353 2
    endloop
  endfacet
  facet normal 0 0 1
    outer loop
      vertex 4.85184 -11.1496 2
      vertex 3.05248 -6.8654 2
      vertex 4.61622 -11.2567 2
    endloop
  endfacet
  facet normal -0 0 1
    outer loop
      vertex 2.73118 -6.99392 2
      vertex 4.61622 -11.2567 2
      vertex 3.05248 -6.8654 2
    endloop
  endfacet
  facet normal 0 -0 1
    outer loop
      vertex 4.23063 -11.4066 2
      vertex 4.61622 -11.2567 2
      vertex 2.73118 -6.99392 2
    endloop
  endfacet
  facet normal 0 0 1
    outer loop
      vertex 4.61622 -11.2567 2
      vertex 4.23063 -11.4066 2
      vertex 4.55196 -11.2995 2
    endloop
  endfacet
  facet normal -0 0 1
    outer loop
      vertex 2.55982 -7.05821 2
      vertex 4.23063 -11.4066 2
      vertex 2.73118 -6.99392 2
    endloop
  endfacet
  facet normal 0 0 1
    outer loop
      vertex 4.23063 -11.4066 2
      vertex 3.95217 -11.5138 2
      vertex 4.12353 -11.4709 2
    endloop
  endfacet
  facet normal 0 0 1
    outer loop
      vertex 4.23063 -11.4066 2
      vertex 2.55982 -7.05821 2
      vertex 3.95217 -11.5138 2
    endloop
  endfacet
  facet normal 0 -0 1
    outer loop
      vertex 3.67368 -11.5994 2
      vertex 3.95217 -11.5138 2
      vertex 2.55982 -7.05821 2
    endloop
  endfacet
  facet normal 0 0 1
    outer loop
      vertex 3.28812 -6.7583 2
      vertex 3.88791 -6.437 2
      vertex 3.33096 -6.71546 2
    endloop
  endfacet
  facet normal 0 0 1
    outer loop
      vertex 3.88791 -11.5566 2
      vertex 3.67368 -11.5994 2
      vertex 3.75936 -11.5994 2
    endloop
  endfacet
  facet normal 0 0 1
    outer loop
      vertex 3.05248 -6.8654 2
      vertex 3.28812 -6.7583 2
      vertex 3.24528 -6.7583 2
    endloop
  endfacet
  facet normal 0 0 1
    outer loop
      vertex 3.95217 -11.5138 2
      vertex 3.67368 -11.5994 2
      vertex 3.88791 -11.5566 2
    endloop
  endfacet
  facet normal -0 0 1
    outer loop
      vertex 1.83148 -7.27241 2
      vertex 3.67368 -11.5994 2
      vertex 2.55982 -7.05821 2
    endloop
  endfacet
  facet normal 0 -0 1
    outer loop
      vertex 3.18102 -11.7494 2
      vertex 3.67368 -11.5994 2
      vertex 1.83148 -7.27241 2
    endloop
  endfacet
  facet normal 0 0 1
    outer loop
      vertex 2.73118 -6.99392 2
      vertex 3.05248 -6.8654 2
      vertex 2.79543 -6.95108 2
    endloop
  endfacet
  facet normal 0 0 1
    outer loop
      vertex 3.67368 -11.5994 2
      vertex 3.35238 -11.728 2
      vertex 3.60942 -11.6423 2
    endloop
  endfacet
  facet normal 0 -0 1
    outer loop
      vertex 3.35238 -11.728 2
      vertex 3.67368 -11.5994 2
      vertex 3.18102 -11.7494 2
    endloop
  endfacet
  facet normal 0 -0 1
    outer loop
      vertex 2.77402 -11.8565 2
      vertex 3.18102 -11.7494 2
      vertex 1.83148 -7.27241 2
    endloop
  endfacet
  facet normal 0 0 1
    outer loop
      vertex 2.55982 -7.05821 2
      vertex 2.73118 -6.99392 2
      vertex 2.62407 -7.01537 2
    endloop
  endfacet
  facet normal 0 0 1
    outer loop
      vertex 3.18102 -11.7494 2
      vertex 2.77402 -11.8565 2
      vertex 2.8597 -11.8565 2
    endloop
  endfacet
  facet normal -0 0 1
    outer loop
      vertex 1.6387 -7.31525 2
      vertex 2.77402 -11.8565 2
      vertex 1.83148 -7.27241 2
    endloop
  endfacet
  facet normal 0 0 1
    outer loop
      vertex 2.77402 -11.8565 2
      vertex 2.58124 -11.8993 2
      vertex 2.66691 -11.8993 2
    endloop
  endfacet
  facet normal 0 0 1
    outer loop
      vertex 2.77402 -11.8565 2
      vertex 1.6387 -7.31525 2
      vertex 2.58124 -11.8993 2
    endloop
  endfacet
  facet normal 0 0 1
    outer loop
      vertex 2.58124 -11.8993 2
      vertex 2.47411 -11.9207 2
      vertex 2.55982 -11.9207 2
    endloop
  endfacet
  facet normal 0 0 1
    outer loop
      vertex 2.58124 -11.8993 2
      vertex 1.6387 -7.31525 2
      vertex 2.47411 -11.9207 2
    endloop
  endfacet
  facet normal 0 0 1
    outer loop
      vertex 2.47411 -11.9207 2
      vertex 2.36701 -11.9422 2
      vertex 2.45269 -11.9422 2
    endloop
  endfacet
  facet normal 0 0 1
    outer loop
      vertex 2.47411 -11.9207 2
      vertex 1.6387 -7.31525 2
      vertex 2.36701 -11.9422 2
    endloop
  endfacet
  facet normal -0 0 1
    outer loop
      vertex 1.21027 -7.40093 2
      vertex 2.36701 -11.9422 2
      vertex 1.6387 -7.31525 2
    endloop
  endfacet
  facet normal 0 0 1
    outer loop
      vertex 2.36701 -11.9422 2
      vertex 2.00287 -12.0064 2
      vertex 2.23849 -11.985 2
    endloop
  endfacet
  facet normal 0 0 1
    outer loop
      vertex 2.36701 -11.9422 2
      vertex 1.21027 -7.40093 2
      vertex 2.00287 -12.0064 2
    endloop
  endfacet
  facet normal 0 0 1
    outer loop
      vertex 2.00287 -12.0064 2
      vertex 1.83148 -12.0278 2
      vertex 1.98145 -12.0278 2
    endloop
  endfacet
  facet normal 0 0 1
    outer loop
      vertex 1.6387 -7.31525 2
      vertex 1.83148 -7.27241 2
      vertex 1.7458 -7.27241 2
    endloop
  endfacet
  facet normal 0 0 1
    outer loop
      vertex 2.00287 -12.0064 2
      vertex 1.21027 -7.40093 2
      vertex 1.83148 -12.0278 2
    endloop
  endfacet
  facet normal -0 0 1
    outer loop
      vertex 0.867552 -7.44377 2
      vertex 1.83148 -12.0278 2
      vertex 1.21027 -7.40093 2
    endloop
  endfacet
  facet normal 0 0 1
    outer loop
      vertex 1.83148 -12.0278 2
      vertex 1.3174 -12.0921 2
      vertex 1.81006 -12.0493 2
    endloop
  endfacet
  facet normal 0 0 1
    outer loop
      vertex 1.21027 -7.40093 2
      vertex 1.6387 -7.31525 2
      vertex 1.23169 -7.37951 2
    endloop
  endfacet
  facet normal 0 0 1
    outer loop
      vertex 1.83148 -12.0278 2
      vertex 0.867552 -7.44377 2
      vertex 1.3174 -12.0921 2
    endloop
  endfacet
  facet normal 0 -0 1
    outer loop
      vertex 1.10317 -12.1136 2
      vertex 1.3174 -12.0921 2
      vertex 0.867552 -7.44377 2
    endloop
  endfacet
  facet normal 0 0 1
    outer loop
      vertex 1.3174 -12.0921 2
      vertex 1.10317 -12.1136 2
      vertex 1.29598 -12.1136 2
    endloop
  endfacet
  facet normal 0 0 1
    outer loop
      vertex 0.867552 -7.44377 2
      vertex 1.21027 -7.40093 2
      vertex 0.888971 -7.42235 2
    endloop
  endfacet
  facet normal -0 0 1
    outer loop
      vertex 0.653352 -7.46519 2
      vertex 1.10317 -12.1136 2
      vertex 0.867552 -7.44377 2
    endloop
  endfacet
  facet normal 0 0 1
    outer loop
      vertex 0.653352 -7.46519 2
      vertex 0.867552 -7.44377 2
      vertex 0.674771 -7.44377 2
    endloop
  endfacet
  facet normal -0 0 1
    outer loop
      vertex 0.353443 -7.48661 2
      vertex 1.10317 -12.1136 2
      vertex 0.653352 -7.46519 2
    endloop
  endfacet
  facet normal 0 0 1
    outer loop
      vertex 1.10317 -12.1136 2
      vertex 0.481963 -12.1564 2
      vertex 1.08175 -12.135 2
    endloop
  endfacet
  facet normal 0 0 1
    outer loop
      vertex 1.10317 -12.1136 2
      vertex 0.353443 -7.48661 2
      vertex 0.481963 -12.1564 2
    endloop
  endfacet
  facet normal 0 0 1
    outer loop
      vertex 0.481963 -12.1564 2
      vertex 0.374863 -12.1564 2
      vertex 0.460544 -12.1778 2
    endloop
  endfacet
  facet normal 0 0 1
    outer loop
      vertex 0.353443 -7.48661 2
      vertex 0.653352 -7.46519 2
      vertex 0.374863 -7.46519 2
    endloop
  endfacet
  facet normal 0 0 1
    outer loop
      vertex 0.460544 -12.1778 2
      vertex 0.374863 -12.1564 2
      vertex 0.396283 -12.1778 2
    endloop
  endfacet
  facet normal 0 0 1
    outer loop
      vertex 0.481963 -12.1564 2
      vertex 0.353443 -7.48661 2
      vertex 0.374863 -12.1564 2
    endloop
  endfacet
  facet normal -0 0 1
    outer loop
      vertex -0.524804 -7.48661 2
      vertex 0.374863 -12.1564 2
      vertex 0.353443 -7.48661 2
    endloop
  endfacet
  facet normal 0 0 1
    outer loop
      vertex -0.717612 -12.1564 2
      vertex 0.374863 -12.1564 2
      vertex -0.524804 -7.48661 2
    endloop
  endfacet
  facet normal -0 0 1
    outer loop
      vertex -0.824712 -7.46519 2
      vertex -0.524804 -7.48661 2
      vertex -0.546224 -7.46519 2
    endloop
  endfacet
  facet normal 0 0 1
    outer loop
      vertex 0.374863 -12.1564 2
      vertex -0.717612 -12.1564 2
      vertex 0.332024 -12.1778 2
    endloop
  endfacet
  facet normal 0 0 1
    outer loop
      vertex 0.332024 -12.1778 2
      vertex -0.717612 -12.1564 2
      vertex -0.696192 -12.1778 2
    endloop
  endfacet
  facet normal 0 0 1
    outer loop
      vertex -1.12459 -12.135 2
      vertex -0.524804 -7.48661 2
      vertex -0.824712 -7.46519 2
    endloop
  endfacet
  facet normal 0 0 1
    outer loop
      vertex -1.23169 -7.42235 2
      vertex -0.824712 -7.46519 2
      vertex -0.846131 -7.44377 2
    endloop
  endfacet
  facet normal 0 0 1
    outer loop
      vertex -0.524804 -7.48661 2
      vertex -1.12459 -12.135 2
      vertex -0.717612 -12.1564 2
    endloop
  endfacet
  facet normal 0 0 1
    outer loop
      vertex -0.717612 -12.1564 2
      vertex -1.12459 -12.135 2
      vertex -1.10317 -12.1564 2
    endloop
  endfacet
  facet normal 0 0 1
    outer loop
      vertex -0.824712 -7.46519 2
      vertex -1.23169 -7.42235 2
      vertex -1.4245 -12.1136 2
    endloop
  endfacet
  facet normal 0 0 1
    outer loop
      vertex -1.6387 -7.35809 2
      vertex -1.23169 -7.42235 2
      vertex -1.25311 -7.40093 2
    endloop
  endfacet
  facet normal 0 0 1
    outer loop
      vertex -0.824712 -7.46519 2
      vertex -1.4245 -12.1136 2
      vertex -1.12459 -12.135 2
    endloop
  endfacet
  facet normal 0 0 1
    outer loop
      vertex -1.12459 -12.135 2
      vertex -1.4245 -12.1136 2
      vertex -1.40308 -12.135 2
    endloop
  endfacet
  facet normal 0 0 1
    outer loop
      vertex -1.23169 -7.42235 2
      vertex -1.6387 -7.35809 2
      vertex -2.04571 -12.0493 2
    endloop
  endfacet
  facet normal 0 0 1
    outer loop
      vertex -1.23169 -7.42235 2
      vertex -1.66012 -12.0921 2
      vertex -1.4245 -12.1136 2
    endloop
  endfacet
  facet normal 0 0 1
    outer loop
      vertex -1.4245 -12.1136 2
      vertex -1.66012 -12.0921 2
      vertex -1.6387 -12.1136 2
    endloop
  endfacet
  facet normal -0 0 1
    outer loop
      vertex -2.02429 -7.27241 2
      vertex -1.6387 -7.35809 2
      vertex -1.93861 -7.27241 2
    endloop
  endfacet
  facet normal 0 0 1
    outer loop
      vertex -2.81686 -11.9207 2
      vertex -1.6387 -7.35809 2
      vertex -2.02429 -7.27241 2
    endloop
  endfacet
  facet normal 0 0 1
    outer loop
      vertex -1.23169 -7.42235 2
      vertex -2.04571 -12.0493 2
      vertex -1.66012 -12.0921 2
    endloop
  endfacet
  facet normal 0 0 1
    outer loop
      vertex -1.66012 -12.0921 2
      vertex -2.04571 -12.0493 2
      vertex -2.02429 -12.0707 2
    endloop
  endfacet
  facet normal 0 0 1
    outer loop
      vertex -1.6387 -7.35809 2
      vertex -2.19565 -12.0278 2
      vertex -2.04571 -12.0493 2
    endloop
  endfacet
  facet normal 0 0 1
    outer loop
      vertex -2.04571 -12.0493 2
      vertex -2.19565 -12.0278 2
      vertex -2.17423 -12.0493 2
    endloop
  endfacet
  facet normal -0 0 1
    outer loop
      vertex -2.28133 -7.20815 2
      vertex -2.02429 -7.27241 2
      vertex -2.21707 -7.20815 2
    endloop
  endfacet
  facet normal 0 0 1
    outer loop
      vertex -3.3738 -11.7922 2
      vertex -2.02429 -7.27241 2
      vertex -2.28133 -7.20815 2
    endloop
  endfacet
  facet normal -0 0 1
    outer loop
      vertex -2.55982 -7.12247 2
      vertex -2.28133 -7.20815 2
      vertex -2.49553 -7.12247 2
    endloop
  endfacet
  facet normal 0 0 1
    outer loop
      vertex -3.63084 -11.728 2
      vertex -2.28133 -7.20815 2
      vertex -2.55982 -7.12247 2
    endloop
  endfacet
  facet normal 0 0 1
    outer loop
      vertex -1.6387 -7.35809 2
      vertex -2.60266 -11.9636 2
      vertex -2.19565 -12.0278 2
    endloop
  endfacet
  facet normal 0 0 1
    outer loop
      vertex -2.19565 -12.0278 2
      vertex -2.60266 -11.9636 2
      vertex -2.58124 -11.985 2
    endloop
  endfacet
  facet normal 0 0 1
    outer loop
      vertex -2.8597 -7.01537 2
      vertex -2.55982 -7.12247 2
      vertex -2.62408 -7.07963 2
    endloop
  endfacet
  facet normal 0 0 1
    outer loop
      vertex -1.6387 -7.35809 2
      vertex -2.81686 -11.9207 2
      vertex -2.60266 -11.9636 2
    endloop
  endfacet
  facet normal 0 0 1
    outer loop
      vertex -2.60266 -11.9636 2
      vertex -2.81686 -11.9207 2
      vertex -2.68834 -11.9636 2
    endloop
  endfacet
  facet normal 0 0 1
    outer loop
      vertex -4.23063 -11.5352 2
      vertex -2.55982 -7.12247 2
      vertex -2.8597 -7.01537 2
    endloop
  endfacet
  facet normal 0 0 1
    outer loop
      vertex -2.02429 -7.27241 2
      vertex -3.00964 -11.8779 2
      vertex -2.81686 -11.9207 2
    endloop
  endfacet
  facet normal 0 0 1
    outer loop
      vertex -2.81686 -11.9207 2
      vertex -3.00964 -11.8779 2
      vertex -2.92396 -11.9207 2
    endloop
  endfacet
  facet normal 0 0 1
    outer loop
      vertex -2.02429 -7.27241 2
      vertex -3.3738 -11.7922 2
      vertex -3.00964 -11.8779 2
    endloop
  endfacet
  facet normal -0 0 1
    outer loop
      vertex -3.2667 -6.84398 2
      vertex -2.8597 -7.01537 2
      vertex -3.22386 -6.84398 2
    endloop
  endfacet
  facet normal 0 0 1
    outer loop
      vertex -4.93752 -11.2567 2
      vertex -2.8597 -7.01537 2
      vertex -3.2667 -6.84398 2
    endloop
  endfacet
  facet normal 0 0 1
    outer loop
      vertex -3.00964 -11.8779 2
      vertex -3.3738 -11.7922 2
      vertex -3.11674 -11.8779 2
    endloop
  endfacet
  facet normal 0 0 1
    outer loop
      vertex -2.28133 -7.20815 2
      vertex -3.63084 -11.728 2
      vertex -3.3738 -11.7922 2
    endloop
  endfacet
  facet normal 0 0 1
    outer loop
      vertex -3.3738 -11.7922 2
      vertex -3.63084 -11.728 2
      vertex -3.45948 -11.7922 2
    endloop
  endfacet
  facet normal 0 0 1
    outer loop
      vertex -2.55982 -7.12247 2
      vertex -3.99501 -11.6209 2
      vertex -3.63084 -11.728 2
    endloop
  endfacet
  facet normal 0 0 1
    outer loop
      vertex -3.63084 -11.728 2
      vertex -3.99501 -11.6209 2
      vertex -3.6951 -11.728 2
    endloop
  endfacet
  facet normal 0 0 1
    outer loop
      vertex -5.77296 -10.8497 2
      vertex -3.2667 -6.84398 2
      vertex -4.01643 -6.437 2
    endloop
  endfacet
  facet normal 0 0 1
    outer loop
      vertex -2.55982 -7.12247 2
      vertex -4.16637 -11.5566 2
      vertex -3.99501 -11.6209 2
    endloop
  endfacet
  facet normal 0 0 1
    outer loop
      vertex -4.40199 -6.17994 2
      vertex -4.01643 -6.437 2
      vertex -4.08069 -6.37274 2
    endloop
  endfacet
  facet normal 0 0 1
    outer loop
      vertex -3.99501 -11.6209 2
      vertex -4.16637 -11.5566 2
      vertex -4.05927 -11.6209 2
    endloop
  endfacet
  facet normal 0 0 1
    outer loop
      vertex -2.55982 -7.12247 2
      vertex -4.23063 -11.5352 2
      vertex -4.16637 -11.5566 2
    endloop
  endfacet
  facet normal 0 0 1
    outer loop
      vertex -4.16637 -11.5566 2
      vertex -4.23063 -11.5352 2
      vertex -4.18779 -11.578 2
    endloop
  endfacet
  facet normal 0 0 1
    outer loop
      vertex -4.01643 -6.437 2
      vertex -4.40199 -6.17994 2
      vertex -6.80114 -10.2285 2
    endloop
  endfacet
  facet normal 0 0 1
    outer loop
      vertex -4.5948 -6.03 2
      vertex -4.40199 -6.17994 2
      vertex -4.42341 -6.1371 2
    endloop
  endfacet
  facet normal 0 0 1
    outer loop
      vertex -2.8597 -7.01537 2
      vertex -4.53054 -11.4281 2
      vertex -4.23063 -11.5352 2
    endloop
  endfacet
  facet normal 0 0 1
    outer loop
      vertex -4.23063 -11.5352 2
      vertex -4.53054 -11.4281 2
      vertex -4.42341 -11.4923 2
    endloop
  endfacet
  facet normal 0 0 1
    outer loop
      vertex -4.40199 -6.17994 2
      vertex -4.5948 -6.03 2
      vertex -7.31525 -9.84292 2
    endloop
  endfacet
  facet normal 0 0 1
    outer loop
      vertex -2.8597 -7.01537 2
      vertex -4.93752 -11.2567 2
      vertex -4.53054 -11.4281 2
    endloop
  endfacet
  facet normal 0 0 1
    outer loop
      vertex -4.89468 -5.79438 2
      vertex -4.5948 -6.03 2
      vertex -4.7019 -5.9229 2
    endloop
  endfacet
  facet normal 0 0 1
    outer loop
      vertex -4.5948 -6.03 2
      vertex -4.89468 -5.79438 2
      vertex -7.31525 -9.84292 2
    endloop
  endfacet
  facet normal 0 0 1
    outer loop
      vertex -4.53054 -11.4281 2
      vertex -4.93752 -11.2567 2
      vertex -4.63764 -11.4066 2
    endloop
  endfacet
  facet normal 0 0 1
    outer loop
      vertex -3.2667 -6.84398 2
      vertex -5.60157 -10.9354 2
      vertex -4.93752 -11.2567 2
    endloop
  endfacet
  facet normal 0 0 1
    outer loop
      vertex -4.93752 -11.2567 2
      vertex -5.60157 -10.9354 2
      vertex -5.13033 -11.1924 2
    endloop
  endfacet
  facet normal 0 0 1
    outer loop
      vertex -8.42915 -8.81471 2
      vertex -4.89468 -5.79438 2
      vertex -5.60157 -5.10891 2
    endloop
  endfacet
  facet normal 0 0 1
    outer loop
      vertex -5.13033 -11.1924 2
      vertex -5.60157 -10.9354 2
      vertex -5.55873 -10.9782 2
    endloop
  endfacet
  facet normal 0 0 1
    outer loop
      vertex -3.2667 -6.84398 2
      vertex -5.77296 -10.8497 2
      vertex -5.60157 -10.9354 2
    endloop
  endfacet
  facet normal 0 0 1
    outer loop
      vertex -5.60157 -10.9354 2
      vertex -5.77296 -10.8497 2
      vertex -5.73012 -10.8926 2
    endloop
  endfacet
  facet normal 0 0 1
    outer loop
      vertex -9.80008 -7.16531 2
      vertex -5.60157 -5.10891 2
      vertex -6.2442 -4.29489 2
    endloop
  endfacet
  facet normal 0 0 1
    outer loop
      vertex -4.01643 -6.437 2
      vertex -6.2442 -10.5927 2
      vertex -5.77296 -10.8497 2
    endloop
  endfacet
  facet normal 0 0 1
    outer loop
      vertex -10.3356 -6.28704 2
      vertex -6.2442 -4.29489 2
      vertex -6.6512 -3.63084 2
    endloop
  endfacet
  facet normal 0 0 1
    outer loop
      vertex -10.4213 -6.17994 2
      vertex -6.6512 -3.63084 2
      vertex -6.71546 -3.50232 2
    endloop
  endfacet
  facet normal 0 0 1
    outer loop
      vertex -10.9997 -5.06604 2
      vertex -6.71546 -3.50232 2
      vertex -6.77972 -3.3738 2
    endloop
  endfacet
  facet normal 0 0 1
    outer loop
      vertex -4.01643 -6.437 2
      vertex -6.80114 -10.2285 2
      vertex -6.2442 -10.5927 2
    endloop
  endfacet
  facet normal 0 0 1
    outer loop
      vertex 7.61513 0.396283 2
      vertex 7.59371 0.674771 2
      vertex 7.59371 0.417704 2
    endloop
  endfacet
  facet normal 0 0 1
    outer loop
      vertex 7.59371 0.674771 2
      vertex 7.57229 0.888971 2
      vertex 7.57229 0.696192 2
    endloop
  endfacet
  facet normal 0 0 1
    outer loop
      vertex 7.44377 1.66012 2
      vertex 7.40093 1.8529 2
      vertex 7.40093 1.76722 2
    endloop
  endfacet
  facet normal 0 0 1
    outer loop
      vertex -6.90824 -3.09532 2
      vertex -6.77972 -3.3738 2
      vertex -6.77972 -3.33096 2
    endloop
  endfacet
  facet normal 0 0 1
    outer loop
      vertex -6.77972 -3.3738 2
      vertex -6.90824 -3.09532 2
      vertex -11.0425 -4.9161 2
    endloop
  endfacet
  facet normal 0 0 1
    outer loop
      vertex -11.2353 -4.46628 2
      vertex -6.90824 -3.09532 2
      vertex -7.10105 -2.62408 2
    endloop
  endfacet
  facet normal 0 0 1
    outer loop
      vertex -11.2567 -4.40199 2
      vertex -7.10105 -2.62408 2
      vertex -7.20815 -2.30275 2
    endloop
  endfacet
  facet normal 0 0 1
    outer loop
      vertex -11.2567 -4.40199 2
      vertex -7.20815 -2.30275 2
      vertex -7.27241 -2.08855 2
    endloop
  endfacet
  facet normal 0 0 1
    outer loop
      vertex -4.40199 -6.17994 2
      vertex -7.31525 -9.84292 2
      vertex -6.80114 -10.2285 2
    endloop
  endfacet
  facet normal 0 0 1
    outer loop
      vertex -7.40093 -1.57444 2
      vertex -7.27241 -2.08855 2
      vertex -7.37951 -1.59586 2
    endloop
  endfacet
  facet normal 0 0 1
    outer loop
      vertex -11.2567 -4.40199 2
      vertex -7.27241 -2.08855 2
      vertex -7.40093 -1.57444 2
    endloop
  endfacet
  facet normal 0 0 1
    outer loop
      vertex -7.48661 -1.14601 2
      vertex -7.40093 -1.57444 2
      vertex -7.46519 -1.16743 2
    endloop
  endfacet
  facet normal 0 0 1
    outer loop
      vertex -11.2567 -4.40199 2
      vertex -7.40093 -1.57444 2
      vertex -7.48661 -1.14601 2
    endloop
  endfacet
  facet normal 0 0 1
    outer loop
      vertex -11.2567 -4.40199 2
      vertex -7.48661 -1.14601 2
      vertex -7.50803 -1.01749 2
    endloop
  endfacet
  facet normal 0 0 1
    outer loop
      vertex -11.2567 -4.40199 2
      vertex -7.50803 -1.01749 2
      vertex -7.52945 -0.867552 2
    endloop
  endfacet
  facet normal 0 0 1
    outer loop
      vertex -7.57229 -0.439124 2
      vertex -7.52945 -0.867552 2
      vertex -7.55087 -0.460544 2
    endloop
  endfacet
  facet normal 0 0 1
    outer loop
      vertex -11.2567 -4.40199 2
      vertex -7.52945 -0.867552 2
      vertex -7.57229 -0.439124 2
    endloop
  endfacet
  facet normal 0 0 1
    outer loop
      vertex -11.2567 -4.40199 2
      vertex -7.57229 -0.439124 2
      vertex -7.59371 -0.139244 2
    endloop
  endfacet
  facet normal -0 0 1
    outer loop
      vertex -11.3638 4.57338 2
      vertex -7.07963 3.00964 2
      vertex -11.2567 4.83042 2
    endloop
  endfacet
  facet normal 0 0 1
    outer loop
      vertex -4.89468 -5.79438 2
      vertex -8.42915 -8.81471 2
      vertex -8.12924 -9.13604 2
    endloop
  endfacet
  facet normal 0 0 1
    outer loop
      vertex -4.89468 -5.79438 2
      vertex -8.12924 -9.13604 2
      vertex -7.31525 -9.84292 2
    endloop
  endfacet
  facet normal 0 0 1
    outer loop
      vertex -6.2442 -4.29489 2
      vertex -10.3356 -6.28704 2
      vertex -10.2714 -6.437 2
    endloop
  endfacet
  facet normal 0 0 1
    outer loop
      vertex -11.3638 4.57338 2
      vertex -11.2567 4.83042 2
      vertex -11.2995 4.78758 2
    endloop
  endfacet
  facet normal -0 0 1
    outer loop
      vertex -11.3852 4.50912 2
      vertex -7.07963 3.00964 2
      vertex -11.3638 4.57338 2
    endloop
  endfacet
  facet normal 0 0 1
    outer loop
      vertex -5.60157 -5.10891 2
      vertex -8.53625 -8.72903 2
      vertex -8.42915 -8.81471 2
    endloop
  endfacet
  facet normal 0 0 1
    outer loop
      vertex -7.07963 3.00964 2
      vertex -11.3852 4.50912 2
      vertex -7.16531 2.77402 2
    endloop
  endfacet
  facet normal 0 -0 1
    outer loop
      vertex -8.53625 -8.72903 2
      vertex -5.60157 -5.10891 2
      vertex -9.05036 -8.15066 2
    endloop
  endfacet
  facet normal 0 0 1
    outer loop
      vertex -11.4709 4.29489 2
      vertex -11.3852 4.50912 2
      vertex -11.4709 4.33773 2
    endloop
  endfacet
  facet normal 0 0 1
    outer loop
      vertex -5.60157 -5.10891 2
      vertex -9.80008 -7.16531 2
      vertex -9.05036 -8.15066 2
    endloop
  endfacet
  facet normal 0 0 1
    outer loop
      vertex -6.2442 -4.29489 2
      vertex -10.2714 -6.437 2
      vertex -9.80008 -7.16531 2
    endloop
  endfacet
  facet normal 0 0 1
    outer loop
      vertex -6.77972 -3.3738 2
      vertex -11.0425 -4.9161 2
      vertex -10.9997 -5.06604 2
    endloop
  endfacet
  facet normal -0 0 1
    outer loop
      vertex -11.171 5.0232 2
      vertex -6.99392 3.20244 2
      vertex -11.0639 5.25885 2
    endloop
  endfacet
  facet normal 0 0 1
    outer loop
      vertex -11.3852 4.50912 2
      vertex -11.4709 4.29489 2
      vertex -7.16531 2.77402 2
    endloop
  endfacet
  facet normal 0 0 1
    outer loop
      vertex -10.764 5.85864 2
      vertex -10.5284 6.26562 2
      vertex -10.764 5.90148 2
    endloop
  endfacet
  facet normal -0 0 1
    outer loop
      vertex -11.578 3.99501 2
      vertex -7.16531 2.77402 2
      vertex -11.4709 4.29489 2
    endloop
  endfacet
  facet normal 0 0 1
    outer loop
      vertex -11.0639 5.25885 2
      vertex -10.764 5.85864 2
      vertex -10.8069 5.81579 2
    endloop
  endfacet
  facet normal 0 0 1
    outer loop
      vertex -6.6512 -3.63084 2
      vertex -10.4213 -6.17994 2
      vertex -10.3356 -6.28704 2
    endloop
  endfacet
  facet normal 0 0 1
    outer loop
      vertex -6.71546 -3.50232 2
      vertex -10.9997 -5.06604 2
      vertex -10.4213 -6.17994 2
    endloop
  endfacet
  facet normal 0 0 1
    outer loop
      vertex -11.0639 5.25885 2
      vertex -10.8069 5.81579 2
      vertex -11.0639 5.30169 2
    endloop
  endfacet
  facet normal -0 0 1
    outer loop
      vertex -11.6851 3.67368 2
      vertex -7.16531 2.77402 2
      vertex -11.578 3.99501 2
    endloop
  endfacet
  facet normal 0 0 1
    outer loop
      vertex -11.171 5.0232 2
      vertex -11.0639 5.25885 2
      vertex -11.1068 5.21601 2
    endloop
  endfacet
  facet normal -0 0 1
    outer loop
      vertex -11.728 3.50232 2
      vertex -7.16531 2.77402 2
      vertex -11.6851 3.67368 2
    endloop
  endfacet
  facet normal 0 0 1
    outer loop
      vertex -6.90824 -3.09532 2
      vertex -11.2353 -4.46628 2
      vertex -11.0425 -4.9161 2
    endloop
  endfacet
  facet normal 0 0 1
    outer loop
      vertex -11.2353 4.87326 2
      vertex -11.171 5.0232 2
      vertex -11.2353 4.9161 2
    endloop
  endfacet
  facet normal 0 0 1
    outer loop
      vertex -7.16531 2.77402 2
      vertex -11.728 3.50232 2
      vertex -7.40093 1.96003 2
    endloop
  endfacet
  facet normal 0 0 1
    outer loop
      vertex -11.0425 -4.9161 2
      vertex -11.2353 -4.46628 2
      vertex -11.1282 -4.78758 2
    endloop
  endfacet
  facet normal 0 0 1
    outer loop
      vertex -11.2567 -4.40199 2
      vertex -7.59371 -0.139244 2
      vertex -7.59371 0.396283 2
    endloop
  endfacet
  facet normal 0 -0 1
    outer loop
      vertex -11.2567 4.83042 2
      vertex -11.2353 4.87326 2
      vertex -11.2781 4.85184 2
    endloop
  endfacet
  facet normal -0 0 1
    outer loop
      vertex 6.1371 2.13139 2
      vertex 6.7583 2.00287 2
      vertex 6.56552 2.58124 2
    endloop
  endfacet
  facet normal 0 0 1
    outer loop
      vertex 6.15851 1.89574 2
      vertex 6.8654 1.59586 2
      vertex 6.80114 1.78864 2
    endloop
  endfacet
  facet normal 0 0 1
    outer loop
      vertex 6.8654 1.51018 2
      vertex 6.88682 1.40308 2
      vertex 6.88682 1.48876 2
    endloop
  endfacet
  facet normal 0 0 1
    outer loop
      vertex 6.15851 1.89574 2
      vertex 6.88682 1.40308 2
      vertex 6.8654 1.51018 2
    endloop
  endfacet
  facet normal 0 0 1
    outer loop
      vertex 6.8654 1.59586 2
      vertex 6.15851 1.89574 2
      vertex 6.8654 1.51018 2
    endloop
  endfacet
  facet normal 0 0 1
    outer loop
      vertex 6.88682 1.40308 2
      vertex 6.15851 -1.03891 2
      vertex 6.88682 -1.38166 2
    endloop
  endfacet
  facet normal 0 0 1
    outer loop
      vertex 6.99392 0.631904 2
      vertex 7.01537 0.246344 2
      vertex 7.01537 0.610483 2
    endloop
  endfacet
  facet normal 0 0 1
    outer loop
      vertex 6.95108 0.996071 2
      vertex 7.01537 0.246344 2
      vertex 6.99392 0.631904 2
    endloop
  endfacet
  facet normal 0 0 1
    outer loop
      vertex 7.01537 0.246344 2
      vertex 6.99392 -0.674772 2
      vertex 7.01537 -0.653352 2
    endloop
  endfacet
  facet normal 0 0 1
    outer loop
      vertex 7.01537 0.246344 2
      vertex 6.9725 -0.846131 2
      vertex 6.99392 -0.674772 2
    endloop
  endfacet
  facet normal 0 0 1
    outer loop
      vertex 6.95108 0.996071 2
      vertex 6.99392 0.631904 2
      vertex 6.9725 0.974651 2
    endloop
  endfacet
  facet normal 0 0 1
    outer loop
      vertex 6.99392 -0.674772 2
      vertex 6.9725 -0.846131 2
      vertex 6.99392 -0.824712 2
    endloop
  endfacet
  facet normal 0 0 1
    outer loop
      vertex 7.01537 0.246344 2
      vertex 6.95108 0.996071 2
      vertex 6.9725 -0.846131 2
    endloop
  endfacet
  facet normal 0 0 1
    outer loop
      vertex 6.90824 -1.27456 2
      vertex 6.9725 -0.846131 2
      vertex 6.95108 0.996071 2
    endloop
  endfacet
  facet normal 0 0 1
    outer loop
      vertex 6.9725 -0.846131 2
      vertex 6.95108 -1.01749 2
      vertex 6.9725 -0.996072 2
    endloop
  endfacet
  facet normal 0 0 1
    outer loop
      vertex 6.88682 1.40308 2
      vertex 6.95108 0.996071 2
      vertex 6.92966 1.27456 2
    endloop
  endfacet
  facet normal 0 0 1
    outer loop
      vertex 6.88682 -1.38166 2
      vertex 6.95108 0.996071 2
      vertex 6.88682 1.40308 2
    endloop
  endfacet
  facet normal 0 0 1
    outer loop
      vertex 6.95108 -1.01749 2
      vertex 6.90824 -1.27456 2
      vertex 6.92966 -1.25311 2
    endloop
  endfacet
  facet normal 0 0 1
    outer loop
      vertex 6.9725 -0.846131 2
      vertex 6.90824 -1.27456 2
      vertex 6.95108 -1.01749 2
    endloop
  endfacet
  facet normal 0 0 1
    outer loop
      vertex 6.95108 0.996071 2
      vertex 6.88682 -1.38166 2
      vertex 6.90824 -1.27456 2
    endloop
  endfacet
  facet normal 0 0 1
    outer loop
      vertex 6.90824 -1.27456 2
      vertex 6.88682 -1.38166 2
      vertex 6.90824 -1.36024 2
    endloop
  endfacet
  facet normal 0 0 1
    outer loop
      vertex 7.03679 0.224923 2
      vertex 7.01537 0.246344 2
      vertex 7.01537 -0.653352 2
    endloop
  endfacet
  facet normal 0 0 1
    outer loop
      vertex 6.7583 1.93861 2
      vertex 6.80114 1.78864 2
      vertex 6.80114 1.8529 2
    endloop
  endfacet
  facet normal 0 0 1
    outer loop
      vertex 6.80114 1.78864 2
      vertex 6.7583 1.93861 2
      vertex 6.15851 1.89574 2
    endloop
  endfacet
  facet normal 0 -0 1
    outer loop
      vertex 6.15851 1.89574 2
      vertex 6.7583 2.00287 2
      vertex 6.1371 2.13139 2
    endloop
  endfacet
  facet normal 0 0 1
    outer loop
      vertex 6.88682 1.40308 2
      vertex 6.15851 1.89574 2
      vertex 6.15851 -1.03891 2
    endloop
  endfacet
  facet normal 0 0 1
    outer loop
      vertex 6.09426 2.23849 2
      vertex 6.56552 2.58124 2
      vertex 6.437 2.83827 2
    endloop
  endfacet
  facet normal 0 0 1
    outer loop
      vertex 6.1371 -1.89574 2
      vertex 6.88682 -1.38166 2
      vertex 6.1371 -1.06033 2
    endloop
  endfacet
  facet normal -0 0 1
    outer loop
      vertex -6.99392 0.653352 2
      vertex -6.9725 -0.310603 2
      vertex -6.9725 0.674771 2
    endloop
  endfacet
  facet normal 0 0 1
    outer loop
      vertex -6.9725 -0.310603 2
      vertex -6.99392 0.653352 2
      vertex -6.99392 -0.289184 2
    endloop
  endfacet
  facet normal 0 0 1
    outer loop
      vertex -6.92966 1.10317 2
      vertex -6.11568 1.33882 2
      vertex -6.90824 1.29598 2
    endloop
  endfacet
  facet normal 0 0 1
    outer loop
      vertex -6.90824 1.29598 2
      vertex -6.7583 2.02429 2
      vertex -6.84398 1.76722 2
    endloop
  endfacet
  facet normal 0 0 1
    outer loop
      vertex -6.95108 0.931811 2
      vertex -6.11568 1.33882 2
      vertex -6.92966 1.10317 2
    endloop
  endfacet
  facet normal 0 0 1
    outer loop
      vertex -6.11568 -0.396284 2
      vertex -6.84398 -1.33882 2
      vertex -6.73688 -1.70296 2
    endloop
  endfacet
  facet normal 0 0 1
    outer loop
      vertex -6.9725 0.674771 2
      vertex -6.11568 1.33882 2
      vertex -6.95108 0.931811 2
    endloop
  endfacet
  facet normal 0 -0 1
    outer loop
      vertex -6.84398 -1.33882 2
      vertex -6.11568 -0.396284 2
      vertex -6.8654 -1.14601 2
    endloop
  endfacet
  facet normal 0 0 1
    outer loop
      vertex -6.92966 1.10317 2
      vertex -6.90824 1.29598 2
      vertex -6.92966 1.27456 2
    endloop
  endfacet
  facet normal 0 0 1
    outer loop
      vertex -6.11568 -0.396284 2
      vertex -6.95108 -0.567644 2
      vertex -6.8654 -1.14601 2
    endloop
  endfacet
  facet normal 0 0 1
    outer loop
      vertex -6.95108 0.931811 2
      vertex -6.92966 1.10317 2
      vertex -6.95108 1.08175 2
    endloop
  endfacet
  facet normal 0 0 1
    outer loop
      vertex -6.11568 1.33882 2
      vertex -6.9725 0.674771 2
      vertex -6.11568 -0.396284 2
    endloop
  endfacet
  facet normal 0 0 1
    outer loop
      vertex -6.8654 -1.14601 2
      vertex -6.95108 -0.567644 2
      vertex -6.88682 -1.12459 2
    endloop
  endfacet
  facet normal 0 0 1
    outer loop
      vertex -6.9725 0.674771 2
      vertex -6.95108 0.931811 2
      vertex -6.9725 0.910391 2
    endloop
  endfacet
  facet normal -0 0 1
    outer loop
      vertex -6.9725 -0.310603 2
      vertex -6.11568 -0.396284 2
      vertex -6.9725 0.674771 2
    endloop
  endfacet
  facet normal 0 0 1
    outer loop
      vertex -6.11568 -0.396284 2
      vertex -6.9725 -0.310603 2
      vertex -6.95108 -0.567644 2
    endloop
  endfacet
  facet normal 0 0 1
    outer loop
      vertex -6.95108 -0.567644 2
      vertex -6.9725 -0.310603 2
      vertex -6.9725 -0.546224 2
    endloop
  endfacet
  facet normal -0 0 1
    outer loop
      vertex -6.73688 2.17423 2
      vertex -6.09426 2.08855 2
      vertex -6.67262 2.32417 2
    endloop
  endfacet
  facet normal 0 0 1
    outer loop
      vertex -6.7583 2.02429 2
      vertex -6.09426 2.08855 2
      vertex -6.73688 2.17423 2
    endloop
  endfacet
  facet normal 0 -0 1
    outer loop
      vertex -6.52268 -2.43127 2
      vertex -6.11568 -0.396284 2
      vertex -6.73688 -1.70296 2
    endloop
  endfacet
  facet normal 0 0 1
    outer loop
      vertex -6.67262 2.32417 2
      vertex -6.62978 2.45269 2
      vertex -6.67262 2.38843 2
    endloop
  endfacet
  facet normal 0 0 1
    outer loop
      vertex -6.09426 1.36024 2
      vertex -6.7583 2.02429 2
      vertex -6.11568 1.33882 2
    endloop
  endfacet
  facet normal 0 0 1
    outer loop
      vertex -6.90824 1.29598 2
      vertex -6.11568 1.33882 2
      vertex -6.7583 2.02429 2
    endloop
  endfacet
  facet normal 0 0 1
    outer loop
      vertex -6.11568 -0.396284 2
      vertex -6.52268 -2.43127 2
      vertex -6.3513 -2.79544 2
    endloop
  endfacet
  facet normal 0 0 1
    outer loop
      vertex -6.52268 -2.43127 2
      vertex -6.73688 -1.70296 2
      vertex -6.73688 -1.76722 2
    endloop
  endfacet
  facet normal 0 0 1
    outer loop
      vertex 1.4245 4.68048 2
      vertex 1.3174 4.35915 2
      vertex 1.33882 4.33773 2
    endloop
  endfacet
  facet normal 0 0 1
    outer loop
      vertex 2.68834 6.60836 2
      vertex 2.21707 6.11567 2
      vertex 2.32417 6.02999 2
    endloop
  endfacet
  facet normal -0 0 1
    outer loop
      vertex 2.06713 6.1371 2
      vertex 2.21707 6.11567 2
      vertex 2.36701 6.73688 2
    endloop
  endfacet
  facet normal 0 0 1
    outer loop
      vertex 2.21707 6.11567 2
      vertex 2.06713 6.1371 2
      vertex 2.08855 6.11567 2
    endloop
  endfacet
  facet normal 0 0 1
    outer loop
      vertex 1.91719 6.88682 2
      vertex 2.06713 6.1371 2
      vertex 2.36701 6.73688 2
    endloop
  endfacet
  facet normal 0 0 1
    outer loop
      vertex 1.3174 6.15851 2
      vertex 1.91719 6.88682 2
      vertex 1.59586 6.95108 2
    endloop
  endfacet
  facet normal 0 0 1
    outer loop
      vertex 1.27456 7.01537 2
      vertex 1.59586 6.95108 2
      vertex 1.57444 6.9725 2
    endloop
  endfacet
  facet normal 0 0 1
    outer loop
      vertex 1.91719 6.88682 2
      vertex 1.3174 6.15851 2
      vertex 2.06713 6.1371 2
    endloop
  endfacet
  facet normal 0 0 1
    outer loop
      vertex 1.59586 6.95108 2
      vertex 1.29598 6.17994 2
      vertex 1.3174 6.15851 2
    endloop
  endfacet
  facet normal 0 0 1
    outer loop
      vertex 1.59586 6.95108 2
      vertex 1.27456 7.01537 2
      vertex 1.29598 6.17994 2
    endloop
  endfacet
  facet normal -0 0 1
    outer loop
      vertex 1.14601 7.03679 2
      vertex 1.27456 7.01537 2
      vertex 1.25311 7.03679 2
    endloop
  endfacet
  facet normal 0 0 1
    outer loop
      vertex 1.27456 7.01537 2
      vertex 1.14601 7.03679 2
      vertex 1.29598 6.17994 2
    endloop
  endfacet
  facet normal -0 0 1
    outer loop
      vertex 0.996071 7.05821 2
      vertex 1.14601 7.03679 2
      vertex 1.12459 7.05821 2
    endloop
  endfacet
  facet normal 0 0 1
    outer loop
      vertex 1.14601 7.03679 2
      vertex 0.996071 7.05821 2
      vertex 1.29598 6.17994 2
    endloop
  endfacet
  facet normal 0 0 1
    outer loop
      vertex 0.503384 7.10105 2
      vertex 0.996071 7.05821 2
      vertex 0.974651 7.07963 2
    endloop
  endfacet
  facet normal 0 0 1
    outer loop
      vertex 0.996071 7.05821 2
      vertex 0.503384 7.10105 2
      vertex 0.374863 6.20135 2
    endloop
  endfacet
  facet normal 0 0 1
    outer loop
      vertex 0.374863 6.20135 2
      vertex 0.503384 7.10105 2
      vertex 0.481963 7.12247 2
    endloop
  endfacet
  facet normal 0 0 1
    outer loop
      vertex 0.996071 7.05821 2
      vertex 0.396283 6.17994 2
      vertex 1.29598 6.17994 2
    endloop
  endfacet
  facet normal 0 0 1
    outer loop
      vertex 0.996071 7.05821 2
      vertex 0.374863 6.20135 2
      vertex 0.396283 6.17994 2
    endloop
  endfacet
  facet normal -0 0 1
    outer loop
      vertex -0.332024 7.12247 2
      vertex 0.374863 6.20135 2
      vertex 0.481963 7.12247 2
    endloop
  endfacet
  facet normal -0 0 1
    outer loop
      vertex -0.353443 7.10105 2
      vertex 0.374863 6.20135 2
      vertex -0.332024 7.12247 2
    endloop
  endfacet
  facet normal 0 0 1
    outer loop
      vertex -0.610484 7.07963 2
      vertex -0.353443 7.10105 2
      vertex -0.589064 7.10105 2
    endloop
  endfacet
  facet normal 0 0 1
    outer loop
      vertex -0.353443 7.10105 2
      vertex -0.610484 7.07963 2
      vertex 0.374863 6.20135 2
    endloop
  endfacet
  facet normal 0 0 1
    outer loop
      vertex -0.781872 7.05821 2
      vertex -0.610484 7.07963 2
      vertex -0.760452 7.07963 2
    endloop
  endfacet
  facet normal 0 0 1
    outer loop
      vertex -0.610484 7.07963 2
      vertex -0.781872 7.05821 2
      vertex 0.374863 6.20135 2
    endloop
  endfacet
  facet normal 0 0 1
    outer loop
      vertex -1.08175 7.01537 2
      vertex -0.781872 7.05821 2
      vertex -0.931811 7.05821 2
    endloop
  endfacet
  facet normal 0 0 1
    outer loop
      vertex -0.781872 7.05821 2
      vertex -1.08175 7.01537 2
      vertex -1.6387 6.15851 2
    endloop
  endfacet
  facet normal 0 0 1
    outer loop
      vertex -1.21027 6.99392 2
      vertex -1.08175 7.01537 2
      vertex -1.18885 7.01537 2
    endloop
  endfacet
  facet normal 0 0 1
    outer loop
      vertex -1.6387 6.15851 2
      vertex -1.08175 7.01537 2
      vertex -1.21027 6.99392 2
    endloop
  endfacet
  facet normal 0 0 1
    outer loop
      vertex -1.6387 6.15851 2
      vertex -1.21027 6.99392 2
      vertex -1.40308 6.9725 2
    endloop
  endfacet
  facet normal 0 0 1
    outer loop
      vertex -0.781872 7.05821 2
      vertex -1.6387 6.15851 2
      vertex 0.374863 6.20135 2
    endloop
  endfacet
  facet normal -0 0 1
    outer loop
      vertex -1.68154 6.88682 2
      vertex -1.6387 6.15851 2
      vertex -1.40308 6.9725 2
    endloop
  endfacet
  facet normal -0 0 1
    outer loop
      vertex -1.83148 6.84398 2
      vertex -1.6387 6.15851 2
      vertex -1.68154 6.88682 2
    endloop
  endfacet
  facet normal 0 0 1
    outer loop
      vertex -1.83148 6.84398 2
      vertex -1.68154 6.88682 2
      vertex -1.7458 6.88682 2
    endloop
  endfacet
  facet normal 0 0 1
    outer loop
      vertex -2.00287 6.1371 2
      vertex -1.6387 6.15851 2
      vertex -1.83148 6.84398 2
    endloop
  endfacet
  facet normal 0 0 1
    outer loop
      vertex -2.00287 6.1371 2
      vertex -1.83148 6.84398 2
      vertex -1.89574 6.84398 2
    endloop
  endfacet
  facet normal 0 0 1
    outer loop
      vertex -1.6387 6.15851 2
      vertex -2.00287 6.1371 2
      vertex -1.66012 6.1371 2
    endloop
  endfacet
  facet normal 0 0 1
    outer loop
      vertex -2.21707 6.09426 2
      vertex -2.00287 6.1371 2
      vertex -1.89574 6.84398 2
    endloop
  endfacet
  facet normal 0 0 1
    outer loop
      vertex -2.00287 6.1371 2
      vertex -2.21707 6.09426 2
      vertex -2.02429 6.11567 2
    endloop
  endfacet
  facet normal -0 0 1
    outer loop
      vertex -2.73118 6.5441 2
      vertex -2.21707 6.09426 2
      vertex -1.89574 6.84398 2
    endloop
  endfacet
  facet normal 0 0 1
    outer loop
      vertex -2.21707 6.09426 2
      vertex -2.73118 6.5441 2
      vertex -2.25991 6.07283 2
    endloop
  endfacet
  facet normal 0 0 1
    outer loop
      vertex -2.25991 6.07283 2
      vertex -2.73118 6.5441 2
      vertex -2.28133 6.02999 2
    endloop
  endfacet
  facet normal 0 0 1
    outer loop
      vertex 2.30275 -0.910392 2
      vertex 2.34559 -0.910392 2
      vertex 2.32417 -0.888971 2
    endloop
  endfacet
  facet normal 0 0 1
    outer loop
      vertex 1.08175 -2.15281 2
      vertex 2.34559 -0.910392 2
      vertex 2.30275 -0.910392 2
    endloop
  endfacet
  facet normal 0 0 1
    outer loop
      vertex 2.34559 -0.910392 2
      vertex 2.28133 -5.64441 2
      vertex 2.34559 -5.75154 2
    endloop
  endfacet
  facet normal 0 0 1
    outer loop
      vertex 1.08175 -2.15281 2
      vertex 2.30275 -0.910392 2
      vertex 2.13139 -0.910392 2
    endloop
  endfacet
  facet normal 0 0 1
    outer loop
      vertex 1.03891 -0.910392 2
      vertex 2.13139 -0.910392 2
      vertex 2.10997 -0.888971 2
    endloop
  endfacet
  facet normal 0 0 1
    outer loop
      vertex 2.34559 -0.910392 2
      vertex 1.66012 -4.809 2
      vertex 2.28133 -5.64441 2
    endloop
  endfacet
  facet normal 0 0 1
    outer loop
      vertex 2.28133 -5.64441 2
      vertex 1.68154 -4.85184 2
      vertex 1.93861 -5.28027 2
    endloop
  endfacet
  facet normal 0 0 1
    outer loop
      vertex 1.93861 -5.28027 2
      vertex 1.68154 -4.85184 2
      vertex 1.76722 -5.04462 2
    endloop
  endfacet
  facet normal 0 0 1
    outer loop
      vertex 2.28133 -5.64441 2
      vertex 1.66012 -4.809 2
      vertex 1.68154 -4.85184 2
    endloop
  endfacet
  facet normal 0 0 1
    outer loop
      vertex 2.34559 -0.910392 2
      vertex 1.4245 -4.29489 2
      vertex 1.66012 -4.809 2
    endloop
  endfacet
  facet normal 0 0 1
    outer loop
      vertex 1.66012 -4.809 2
      vertex 1.4245 -4.29489 2
      vertex 1.61728 -4.74474 2
    endloop
  endfacet
  facet normal 0 0 1
    outer loop
      vertex 2.34559 -0.910392 2
      vertex 1.36024 -4.12353 2
      vertex 1.4245 -4.29489 2
    endloop
  endfacet
  facet normal 0 0 1
    outer loop
      vertex 1.4245 -4.29489 2
      vertex 1.36024 -4.12353 2
      vertex 1.38166 -4.18779 2
    endloop
  endfacet
  facet normal 0 0 1
    outer loop
      vertex 2.34559 -0.910392 2
      vertex 1.33882 -4.05927 2
      vertex 1.36024 -4.12353 2
    endloop
  endfacet
  facet normal 0 0 1
    outer loop
      vertex 2.34559 -0.910392 2
      vertex 1.18885 -3.3738 2
      vertex 1.33882 -4.05927 2
    endloop
  endfacet
  facet normal 0 0 1
    outer loop
      vertex 1.33882 -4.05927 2
      vertex 1.25311 -3.8022 2
      vertex 1.29598 -4.01643 2
    endloop
  endfacet
  facet normal 0 0 1
    outer loop
      vertex 1.33882 -4.05927 2
      vertex 1.23169 -3.67368 2
      vertex 1.25311 -3.8022 2
    endloop
  endfacet
  facet normal 0 0 1
    outer loop
      vertex 1.33882 -4.05927 2
      vertex 1.18885 -3.3738 2
      vertex 1.23169 -3.67368 2
    endloop
  endfacet
  facet normal 0 0 1
    outer loop
      vertex 2.34559 -0.910392 2
      vertex 1.16743 -3.20244 2
      vertex 1.18885 -3.3738 2
    endloop
  endfacet
  facet normal 0 0 1
    outer loop
      vertex 2.34559 -0.910392 2
      vertex 1.14601 -2.98822 2
      vertex 1.16743 -3.20244 2
    endloop
  endfacet
  facet normal 0 0 1
    outer loop
      vertex 2.34559 -0.910392 2
      vertex 1.12459 -2.77402 2
      vertex 1.14601 -2.98822 2
    endloop
  endfacet
  facet normal 0 0 1
    outer loop
      vertex 2.34559 -0.910392 2
      vertex 1.10317 -2.45269 2
      vertex 1.12459 -2.77402 2
    endloop
  endfacet
  facet normal 0 0 1
    outer loop
      vertex 2.34559 -0.910392 2
      vertex 1.08175 -2.15281 2
      vertex 1.10317 -2.45269 2
    endloop
  endfacet
  facet normal 0 0 1
    outer loop
      vertex 1.03891 -0.910392 2
      vertex 2.10997 -0.888971 2
      vertex 1.06033 -0.888971 2
    endloop
  endfacet
  facet normal 0 0 1
    outer loop
      vertex 2.13139 -0.910392 2
      vertex 1.06033 -2.13139 2
      vertex 1.08175 -2.15281 2
    endloop
  endfacet
  facet normal 0 0 1
    outer loop
      vertex 2.13139 -0.910392 2
      vertex 1.03891 -0.910392 2
      vertex 1.06033 -2.13139 2
    endloop
  endfacet
  facet normal 0 0 1
    outer loop
      vertex 6.56552 2.58124 2
      vertex 6.09426 2.23849 2
      vertex 6.1371 2.13139 2
    endloop
  endfacet
  facet normal 0 0 1
    outer loop
      vertex 6.3513 3.00964 2
      vertex 6.05142 2.25991 2
      vertex 6.09426 2.23849 2
    endloop
  endfacet
  facet normal 0 0 1
    outer loop
      vertex 6.3513 3.00964 2
      vertex 5.94432 2.23849 2
      vertex 6.05142 2.25991 2
    endloop
  endfacet
  facet normal 0 0 1
    outer loop
      vertex 5.75154 2.04571 2
      vertex 6.1371 3.45948 2
      vertex 5.75154 4.05927 2
    endloop
  endfacet
  facet normal 0 0 1
    outer loop
      vertex 6.1371 3.45948 2
      vertex 5.75154 2.04571 2
      vertex 5.94432 2.23849 2
    endloop
  endfacet
  facet normal 0 0 1
    outer loop
      vertex 5.32311 1.7458 2
      vertex 5.75154 2.04571 2
      vertex 5.75154 4.05927 2
    endloop
  endfacet
  facet normal 0 0 1
    outer loop
      vertex 5.75154 2.04571 2
      vertex 5.32311 1.7458 2
      vertex 5.45163 1.81006 2
    endloop
  endfacet
  facet normal 0 0 1
    outer loop
      vertex 4.76616 1.46734 2
      vertex 5.75154 4.05927 2
      vertex 5.28027 4.65906 2
    endloop
  endfacet
  facet normal 0 0 1
    outer loop
      vertex 5.75154 4.05927 2
      vertex 4.87326 1.51018 2
      vertex 5.32311 1.7458 2
    endloop
  endfacet
  facet normal 0 0 1
    outer loop
      vertex 5.32311 1.7458 2
      vertex 4.87326 1.51018 2
      vertex 5.25885 1.68154 2
    endloop
  endfacet
  facet normal 0 0 1
    outer loop
      vertex 5.25885 1.68154 2
      vertex 4.87326 1.51018 2
      vertex 4.9161 1.51018 2
    endloop
  endfacet
  facet normal 0 0 1
    outer loop
      vertex 5.75154 4.05927 2
      vertex 4.76616 1.46734 2
      vertex 4.87326 1.51018 2
    endloop
  endfacet
  facet normal 0 0 1
    outer loop
      vertex 4.87326 1.51018 2
      vertex 4.76616 1.46734 2
      vertex 4.78758 1.44592 2
    endloop
  endfacet
  facet normal 0 0 1
    outer loop
      vertex 4.5948 1.40308 2
      vertex 4.76616 1.46734 2
      vertex 5.28027 4.65906 2
    endloop
  endfacet
  facet normal 0 0 1
    outer loop
      vertex 1.21027 3.67368 2
      vertex 5.28027 4.65906 2
      vertex 4.7019 5.25885 2
    endloop
  endfacet
  facet normal 0 0 1
    outer loop
      vertex 4.76616 1.46734 2
      vertex 4.68048 1.4245 2
      vertex 4.72332 1.4245 2
    endloop
  endfacet
  facet normal 0 0 1
    outer loop
      vertex 4.76616 1.46734 2
      vertex 4.5948 1.40308 2
      vertex 4.68048 1.4245 2
    endloop
  endfacet
  facet normal 0 0 1
    outer loop
      vertex 4.68048 1.4245 2
      vertex 4.5948 1.40308 2
      vertex 4.61622 1.38166 2
    endloop
  endfacet
  facet normal 0 0 1
    outer loop
      vertex 5.28027 4.65906 2
      vertex 4.33773 1.3174 2
      vertex 4.5948 1.40308 2
    endloop
  endfacet
  facet normal 0 0 1
    outer loop
      vertex 4.5948 1.40308 2
      vertex 4.33773 1.3174 2
      vertex 4.4877 1.33882 2
    endloop
  endfacet
  facet normal 0 0 1
    outer loop
      vertex 5.28027 4.65906 2
      vertex 4.18779 1.27456 2
      vertex 4.33773 1.3174 2
    endloop
  endfacet
  facet normal 0 0 1
    outer loop
      vertex 4.33773 1.3174 2
      vertex 4.18779 1.27456 2
      vertex 4.25205 1.27456 2
    endloop
  endfacet
  facet normal 0 0 1
    outer loop
      vertex 1.5316 4.87326 2
      vertex 4.7019 5.25885 2
      vertex 4.12353 5.75154 2
    endloop
  endfacet
  facet normal 0 0 1
    outer loop
      vertex 5.28027 4.65906 2
      vertex 1.21027 3.67368 2
      vertex 3.65226 1.16743 2
    endloop
  endfacet
  facet normal 0 0 1
    outer loop
      vertex 4.18779 1.27456 2
      vertex 3.65226 1.16743 2
      vertex 3.99501 1.21027 2
    endloop
  endfacet
  facet normal 0 0 1
    outer loop
      vertex 5.28027 4.65906 2
      vertex 3.65226 1.16743 2
      vertex 4.18779 1.27456 2
    endloop
  endfacet
  facet normal -0 0 1
    outer loop
      vertex 2.30275 5.94432 2
      vertex 4.12353 5.75154 2
      vertex 3.50232 6.17994 2
    endloop
  endfacet
  facet normal 0 0 1
    outer loop
      vertex 4.7019 5.25885 2
      vertex 1.33882 4.33773 2
      vertex 1.23169 3.86649 2
    endloop
  endfacet
  facet normal 0 0 1
    outer loop
      vertex 4.7019 5.25885 2
      vertex 1.23169 3.86649 2
      vertex 1.21027 3.67368 2
    endloop
  endfacet
  facet normal 0 0 1
    outer loop
      vertex 2.30275 5.94432 2
      vertex 3.50232 6.17994 2
      vertex 3.00964 6.437 2
    endloop
  endfacet
  facet normal -0 0 1
    outer loop
      vertex 2.92395 6.47984 2
      vertex 3.00964 6.437 2
      vertex 2.96679 6.47984 2
    endloop
  endfacet
  facet normal 0 0 1
    outer loop
      vertex 4.12353 5.75154 2
      vertex 2.30275 5.94432 2
      vertex 1.93861 5.55873 2
    endloop
  endfacet
  facet normal 0 0 1
    outer loop
      vertex 4.12353 5.75154 2
      vertex 1.6387 5.08746 2
      vertex 1.5316 4.87326 2
    endloop
  endfacet
  facet normal 0 0 1
    outer loop
      vertex 2.32417 6.02999 2
      vertex 3.00964 6.437 2
      vertex 2.92395 6.47984 2
    endloop
  endfacet
  facet normal 0 0 1
    outer loop
      vertex 2.32417 6.02999 2
      vertex 2.92395 6.47984 2
      vertex 2.68834 6.60836 2
    endloop
  endfacet
  facet normal 0 0 1
    outer loop
      vertex 4.7019 5.25885 2
      vertex 1.5316 4.87326 2
      vertex 1.33882 4.33773 2
    endloop
  endfacet
  facet normal 0 -0 1
    outer loop
      vertex 3.22386 1.12459 2
      vertex 3.65226 1.16743 2
      vertex 1.21027 3.67368 2
    endloop
  endfacet
  facet normal 0 0 1
    outer loop
      vertex 2.21707 6.11567 2
      vertex 2.68834 6.60836 2
      vertex 2.43127 6.69404 2
    endloop
  endfacet
  facet normal 0 0 1
    outer loop
      vertex 2.21707 6.11567 2
      vertex 2.43127 6.69404 2
      vertex 2.36701 6.73688 2
    endloop
  endfacet
  facet normal 0 0 1
    outer loop
      vertex 3.00964 6.437 2
      vertex 2.32417 6.02999 2
      vertex 2.30275 5.94432 2
    endloop
  endfacet
  facet normal 0 0 1
    outer loop
      vertex 3.65226 1.16743 2
      vertex 3.22386 1.12459 2
      vertex 3.63084 1.14601 2
    endloop
  endfacet
  facet normal -0 0 1
    outer loop
      vertex 1.14601 2.92395 2
      vertex 3.22386 1.12459 2
      vertex 1.21027 3.67368 2
    endloop
  endfacet
  facet normal 0 -0 1
    outer loop
      vertex 2.96679 1.10317 2
      vertex 3.22386 1.12459 2
      vertex 1.14601 2.92395 2
    endloop
  endfacet
  facet normal 0 0 1
    outer loop
      vertex 4.12353 5.75154 2
      vertex 1.93861 5.55873 2
      vertex 1.6387 5.08746 2
    endloop
  endfacet
  facet normal 0 0 1
    outer loop
      vertex 1.6387 5.08746 2
      vertex 1.93861 5.55873 2
      vertex 1.6387 5.13033 2
    endloop
  endfacet
  facet normal -0 0 1
    outer loop
      vertex 1.12459 2.70975 2
      vertex 2.96679 1.10317 2
      vertex 1.14601 2.92395 2
    endloop
  endfacet
  facet normal 0 0 1
    outer loop
      vertex 1.5316 4.87326 2
      vertex 1.6387 5.08746 2
      vertex 1.55302 4.95894 2
    endloop
  endfacet
  facet normal 0 0 1
    outer loop
      vertex 2.96679 1.10317 2
      vertex 2.47411 1.08175 2
      vertex 2.94538 1.08175 2
    endloop
  endfacet
  facet normal 0 0 1
    outer loop
      vertex 1.33882 4.33773 2
      vertex 1.5316 4.87326 2
      vertex 1.4245 4.68048 2
    endloop
  endfacet
  facet normal 0 0 1
    outer loop
      vertex 2.96679 1.10317 2
      vertex 1.12459 2.70975 2
      vertex 2.47411 1.08175 2
    endloop
  endfacet
  facet normal 0 0 1
    outer loop
      vertex 1.25311 4.03785 2
      vertex 1.33882 4.33773 2
      vertex 1.27456 4.23063 2
    endloop
  endfacet
  facet normal 0 0 1
    outer loop
      vertex 1.23169 3.86649 2
      vertex 1.33882 4.33773 2
      vertex 1.25311 4.03785 2
    endloop
  endfacet
  facet normal 0 0 1
    outer loop
      vertex 1.23169 3.86649 2
      vertex 1.25311 4.03785 2
      vertex 1.23169 4.01643 2
    endloop
  endfacet
  facet normal 0 0 1
    outer loop
      vertex 3.22386 1.12459 2
      vertex 2.96679 1.10317 2
      vertex 3.20244 1.10317 2
    endloop
  endfacet
  facet normal 0 0 1
    outer loop
      vertex 1.21027 3.67368 2
      vertex 1.23169 3.86649 2
      vertex 1.21027 3.84507 2
    endloop
  endfacet
  facet normal 0 -0 1
    outer loop
      vertex 2.08855 1.06033 2
      vertex 2.47411 1.08175 2
      vertex 1.12459 2.70975 2
    endloop
  endfacet
  facet normal 0 0 1
    outer loop
      vertex 1.14601 2.92395 2
      vertex 1.21027 3.67368 2
      vertex 1.18885 3.65226 2
    endloop
  endfacet
  facet normal 0 0 1
    outer loop
      vertex 2.47411 1.08175 2
      vertex 2.08855 1.06033 2
      vertex 2.45269 1.06033 2
    endloop
  endfacet
  facet normal 0 0 1
    outer loop
      vertex 1.12459 2.70975 2
      vertex 1.14601 2.92395 2
      vertex 1.12459 2.90254 2
    endloop
  endfacet
  facet normal -0 0 1
    outer loop
      vertex 1.06033 1.61728 2
      vertex 2.08855 1.06033 2
      vertex 1.12459 2.70975 2
    endloop
  endfacet
  facet normal 0 0 1
    outer loop
      vertex 1.06033 1.61728 2
      vertex 1.12459 2.70975 2
      vertex 1.10317 2.68834 2
    endloop
  endfacet
  facet normal 0 0 1
    outer loop
      vertex 2.08855 1.06033 2
      vertex 1.06033 1.61728 2
      vertex 2.06713 1.03891 2
    endloop
  endfacet
  facet normal 0 0 1
    outer loop
      vertex 1.06033 1.61728 2
      vertex 1.06033 1.03891 2
      vertex 2.06713 1.03891 2
    endloop
  endfacet
  facet normal -0 0 1
    outer loop
      vertex 1.03891 1.59586 2
      vertex 1.06033 1.03891 2
      vertex 1.06033 1.61728 2
    endloop
  endfacet
  facet normal 0 0 1
    outer loop
      vertex 1.06033 1.03891 2
      vertex 1.03891 1.59586 2
      vertex 1.03891 1.06033 2
    endloop
  endfacet
  facet normal 0 0 1
    outer loop
      vertex 6.3513 3.00964 2
      vertex 6.437 2.83827 2
      vertex 6.437 2.88111 2
    endloop
  endfacet
  facet normal 0 0 1
    outer loop
      vertex 6.09426 2.23849 2
      vertex 6.437 2.83827 2
      vertex 6.3513 3.00964 2
    endloop
  endfacet
  facet normal 0 0 1
    outer loop
      vertex 6.77972 -1.87432 2
      vertex 6.1371 -1.89574 2
      vertex 6.56552 -2.49553 2
    endloop
  endfacet
  facet normal -0 0 1
    outer loop
      vertex 6.07283 -2.04571 2
      vertex 6.56552 -2.49553 2
      vertex 6.1371 -1.89574 2
    endloop
  endfacet
  facet normal -0 0 1
    outer loop
      vertex 6.00858 -2.06713 2
      vertex 6.56552 -2.49553 2
      vertex 6.07283 -2.04571 2
    endloop
  endfacet
  facet normal 0 0 1
    outer loop
      vertex 6.56552 -2.49553 2
      vertex 6.00858 -2.06713 2
      vertex 6.39416 -2.81686 2
    endloop
  endfacet
  facet normal 0 -0 1
    outer loop
      vertex 6.3513 -2.90254 2
      vertex 6.39416 -2.81686 2
      vertex 6.00858 -2.06713 2
    endloop
  endfacet
  facet normal 0 0 1
    outer loop
      vertex 6.39416 -2.81686 2
      vertex 6.3513 -2.90254 2
      vertex 6.39416 -2.8597 2
    endloop
  endfacet
  facet normal -0 0 1
    outer loop
      vertex 6.1371 -1.06033 2
      vertex 6.88682 -1.38166 2
      vertex 6.15851 -1.03891 2
    endloop
  endfacet
  facet normal 0 0 1
    outer loop
      vertex 5.94432 2.23849 2
      vertex 6.3513 3.00964 2
      vertex 6.1371 3.45948 2
    endloop
  endfacet
  facet normal 0 0 1
    outer loop
      vertex 6.7583 2.00287 2
      vertex 6.15851 1.89574 2
      vertex 6.7583 1.93861 2
    endloop
  endfacet
  facet normal 0 0 1
    outer loop
      vertex 6.15851 1.89574 2
      vertex 6.1371 2.13139 2
      vertex 6.1371 1.91719 2
    endloop
  endfacet
  facet normal 0 -0 1
    outer loop
      vertex 6.30846 -2.98822 2
      vertex 6.3513 -2.90254 2
      vertex 6.00858 -2.06713 2
    endloop
  endfacet
  facet normal 0 0 1
    outer loop
      vertex 6.88682 -1.38166 2
      vertex 6.1371 -1.89574 2
      vertex 6.77972 -1.87432 2
    endloop
  endfacet
  facet normal 0 0 1
    outer loop
      vertex 6.3513 -2.90254 2
      vertex 6.30846 -2.98822 2
      vertex 6.3513 -2.94538 2
    endloop
  endfacet
  facet normal 0 0 1
    outer loop
      vertex 5.9229 -2.02429 2
      vertex 6.30846 -2.98822 2
      vertex 6.00858 -2.06713 2
    endloop
  endfacet
  facet normal 0 0 1
    outer loop
      vertex 6.30846 -2.98822 2
      vertex 6.22278 -3.15958 2
      vertex 6.26562 -3.11674 2
    endloop
  endfacet
  facet normal 0 0 1
    outer loop
      vertex 6.30846 -2.98822 2
      vertex 5.9229 -2.02429 2
      vertex 6.22278 -3.15958 2
    endloop
  endfacet
  facet normal 0 0 1
    outer loop
      vertex 5.9229 -3.65226 2
      vertex 6.22278 -3.15958 2
      vertex 5.9229 -2.02429 2
    endloop
  endfacet
  facet normal 0 0 1
    outer loop
      vertex 6.22278 -3.15958 2
      vertex 5.9229 -3.65226 2
      vertex 5.96574 -3.63084 2
    endloop
  endfacet
  facet normal 0 0 1
    outer loop
      vertex 5.75154 -1.8529 2
      vertex 5.9229 -3.65226 2
      vertex 5.9229 -2.02429 2
    endloop
  endfacet
  facet normal 0 0 1
    outer loop
      vertex 5.51589 -1.68154 2
      vertex 5.9229 -3.65226 2
      vertex 5.75154 -1.8529 2
    endloop
  endfacet
  facet normal 0 0 1
    outer loop
      vertex 4.87326 -1.33882 2
      vertex 5.9229 -3.65226 2
      vertex 5.51589 -1.68154 2
    endloop
  endfacet
  facet normal 0 -0 1
    outer loop
      vertex 5.60157 -4.14495 2
      vertex 5.9229 -3.65226 2
      vertex 4.87326 -1.33882 2
    endloop
  endfacet
  facet normal 0 0 1
    outer loop
      vertex 5.9229 -3.65226 2
      vertex 5.60157 -4.14495 2
      vertex 5.88006 -3.75936 2
    endloop
  endfacet
  facet normal 0 0 1
    outer loop
      vertex 5.60157 -4.14495 2
      vertex 4.87326 -1.33882 2
      vertex 5.19459 -4.63764 2
    endloop
  endfacet
  facet normal 0 0 1
    outer loop
      vertex 3.95217 -1.06033 2
      vertex 5.19459 -4.63764 2
      vertex 4.87326 -1.33882 2
    endloop
  endfacet
  facet normal -0 0 1
    outer loop
      vertex 3.95217 -1.06033 2
      vertex 4.87326 -1.33882 2
      vertex 4.03785 -1.06033 2
    endloop
  endfacet
  facet normal 0 0 1
    outer loop
      vertex 3.73794 -1.01749 2
      vertex 5.19459 -4.63764 2
      vertex 3.95217 -1.06033 2
    endloop
  endfacet
  facet normal 0 0 1
    outer loop
      vertex 5.19459 -4.63764 2
      vertex 3.73794 -1.01749 2
      vertex 4.68048 -5.15175 2
    endloop
  endfacet
  facet normal 0 0 1
    outer loop
      vertex 3.45948 -0.974651 2
      vertex 4.68048 -5.15175 2
      vertex 3.73794 -1.01749 2
    endloop
  endfacet
  facet normal 0 0 1
    outer loop
      vertex 4.68048 -5.15175 2
      vertex 3.97359 -5.68725 2
      vertex 4.03785 -5.66583 2
    endloop
  endfacet
  facet normal -0 0 1
    outer loop
      vertex 3.73794 -1.01749 2
      vertex 3.95217 -1.06033 2
      vertex 3.84507 -1.01749 2
    endloop
  endfacet
  facet normal 0 0 1
    outer loop
      vertex 3.20244 -0.953232 2
      vertex 4.68048 -5.15175 2
      vertex 3.45948 -0.974651 2
    endloop
  endfacet
  facet normal 0 0 1
    outer loop
      vertex 3.45948 -0.974651 2
      vertex 3.73794 -1.01749 2
      vertex 3.71652 -0.996072 2
    endloop
  endfacet
  facet normal 0 0 1
    outer loop
      vertex 2.34559 -5.75154 2
      vertex 4.68048 -5.15175 2
      vertex 3.20244 -0.953232 2
    endloop
  endfacet
  facet normal 0 -0 1
    outer loop
      vertex 3.60942 -5.94432 2
      vertex 3.97359 -5.68725 2
      vertex 2.34559 -5.75154 2
    endloop
  endfacet
  facet normal -0 0 1
    outer loop
      vertex 3.20244 -0.953232 2
      vertex 3.45948 -0.974651 2
      vertex 3.43806 -0.953232 2
    endloop
  endfacet
  facet normal 0 0 1
    outer loop
      vertex 4.68048 -5.15175 2
      vertex 2.34559 -5.75154 2
      vertex 3.97359 -5.68725 2
    endloop
  endfacet
  facet normal -0 0 1
    outer loop
      vertex 2.98822 -0.931811 2
      vertex 3.20244 -0.953232 2
      vertex 3.18102 -0.931811 2
    endloop
  endfacet
  facet normal 0 0 1
    outer loop
      vertex 3.97359 -5.68725 2
      vertex 3.60942 -5.94432 2
      vertex 3.90933 -5.75154 2
    endloop
  endfacet
  facet normal 0 0 1
    outer loop
      vertex 3.20244 -0.953232 2
      vertex 2.98822 -0.931811 2
      vertex 2.34559 -5.75154 2
    endloop
  endfacet
  facet normal -0 0 1
    outer loop
      vertex 2.45269 -0.910392 2
      vertex 2.98822 -0.931811 2
      vertex 2.96679 -0.910392 2
    endloop
  endfacet
  facet normal 0 0 1
    outer loop
      vertex 3.60942 -5.94432 2
      vertex 2.34559 -5.75154 2
      vertex 3.00964 -6.26562 2
    endloop
  endfacet
  facet normal 0 0 1
    outer loop
      vertex 3.00964 -6.26562 2
      vertex 2.34559 -5.75154 2
      vertex 2.96679 -6.26562 2
    endloop
  endfacet
  facet normal -0 0 1
    outer loop
      vertex 2.34559 -5.8158 2
      vertex 2.96679 -6.26562 2
      vertex 2.34559 -5.75154 2
    endloop
  endfacet
  facet normal 0 -0 1
    outer loop
      vertex 2.77402 -6.3513 2
      vertex 2.96679 -6.26562 2
      vertex 2.34559 -5.8158 2
    endloop
  endfacet
  facet normal 0 0 1
    outer loop
      vertex 2.98822 -0.931811 2
      vertex 2.45269 -0.910392 2
      vertex 2.34559 -5.75154 2
    endloop
  endfacet
  facet normal 0 0 1
    outer loop
      vertex 2.34559 -0.910392 2
      vertex 2.45269 -0.910392 2
      vertex 2.43127 -0.888971 2
    endloop
  endfacet
  facet normal 0 0 1
    outer loop
      vertex 2.96679 -6.26562 2
      vertex 2.77402 -6.3513 2
      vertex 2.81686 -6.3513 2
    endloop
  endfacet
  facet normal 0 0 1
    outer loop
      vertex 2.34559 -0.910392 2
      vertex 2.43127 -0.888971 2
      vertex 2.36701 -0.888971 2
    endloop
  endfacet
  facet normal 0 0 1
    outer loop
      vertex 2.45269 -0.910392 2
      vertex 2.34559 -0.910392 2
      vertex 2.34559 -5.75154 2
    endloop
  endfacet
  facet normal 0 0 1
    outer loop
      vertex 2.77402 -6.3513 2
      vertex 2.34559 -5.8158 2
      vertex 2.70975 -6.39416 2
    endloop
  endfacet
  facet normal -0 0 1
    outer loop
      vertex 2.25991 -5.88006 2
      vertex 2.70975 -6.39416 2
      vertex 2.34559 -5.8158 2
    endloop
  endfacet
  facet normal 0 0 1
    outer loop
      vertex 2.70975 -6.39416 2
      vertex 2.25991 -5.88006 2
      vertex 2.43127 -6.47984 2
    endloop
  endfacet
  facet normal -0 0 1
    outer loop
      vertex 2.13139 -5.90148 2
      vertex 2.43127 -6.47984 2
      vertex 2.25991 -5.88006 2
    endloop
  endfacet
  facet normal 0 0 1
    outer loop
      vertex 2.43127 -6.47984 2
      vertex 2.23849 -6.5441 2
      vertex 2.30275 -6.5441 2
    endloop
  endfacet
  facet normal 0 0 1
    outer loop
      vertex 2.13139 -5.90148 2
      vertex 2.25991 -5.88006 2
      vertex 2.15281 -5.88006 2
    endloop
  endfacet
  facet normal 0 0 1
    outer loop
      vertex 2.43127 -6.47984 2
      vertex 2.13139 -5.90148 2
      vertex 2.23849 -6.5441 2
    endloop
  endfacet
  facet normal 0 0 1
    outer loop
      vertex 2.02429 -6.60836 2
      vertex 2.23849 -6.5441 2
      vertex 2.13139 -5.90148 2
    endloop
  endfacet
  facet normal 0 0 1
    outer loop
      vertex 2.23849 -6.5441 2
      vertex 2.02429 -6.60836 2
      vertex 2.08855 -6.60836 2
    endloop
  endfacet
  facet normal 0 0 1
    outer loop
      vertex 1.76722 -5.9229 2
      vertex 2.13139 -5.90148 2
      vertex 1.78864 -5.90148 2
    endloop
  endfacet
  facet normal 0 0 1
    outer loop
      vertex 2.13139 -5.90148 2
      vertex 1.76722 -5.9229 2
      vertex 2.02429 -6.60836 2
    endloop
  endfacet
  facet normal 0 0 1
    outer loop
      vertex 1.76722 -5.9229 2
      vertex 1.48876 -6.7583 2
      vertex 2.02429 -6.60836 2
    endloop
  endfacet
  facet normal 0 0 1
    outer loop
      vertex 1.3174 -5.94432 2
      vertex 1.76722 -5.9229 2
      vertex 1.33882 -5.9229 2
    endloop
  endfacet
  facet normal 0 0 1
    outer loop
      vertex 1.76722 -5.9229 2
      vertex 1.3174 -5.94432 2
      vertex 1.48876 -6.7583 2
    endloop
  endfacet
  facet normal 0 0 1
    outer loop
      vertex 1.3174 -5.94432 2
      vertex 1.14601 -6.80114 2
      vertex 1.48876 -6.7583 2
    endloop
  endfacet
  facet normal 0 0 1
    outer loop
      vertex 0.996071 -6.82256 2
      vertex 1.14601 -6.80114 2
      vertex 1.3174 -5.94432 2
    endloop
  endfacet
  facet normal 0 0 1
    outer loop
      vertex 1.14601 -6.80114 2
      vertex 0.996071 -6.82256 2
      vertex 1.12459 -6.82256 2
    endloop
  endfacet
  facet normal 0 0 1
    outer loop
      vertex 0.824712 -6.84398 2
      vertex 0.996071 -6.82256 2
      vertex 1.3174 -5.94432 2
    endloop
  endfacet
  facet normal 0 0 1
    outer loop
      vertex 0.996071 -6.82256 2
      vertex 0.824712 -6.84398 2
      vertex 0.974651 -6.84398 2
    endloop
  endfacet
  facet normal 0 0 1
    outer loop
      vertex 0.653352 -6.8654 2
      vertex 0.824712 -6.84398 2
      vertex 1.3174 -5.94432 2
    endloop
  endfacet
  facet normal 0 0 1
    outer loop
      vertex 0.824712 -6.84398 2
      vertex 0.653352 -6.8654 2
      vertex 0.803291 -6.8654 2
    endloop
  endfacet
  facet normal 0 0 1
    outer loop
      vertex 0.353443 -6.88682 2
      vertex 0.653352 -6.8654 2
      vertex 1.3174 -5.94432 2
    endloop
  endfacet
  facet normal 0 0 1
    outer loop
      vertex 0.653352 -6.8654 2
      vertex 0.353443 -6.88682 2
      vertex 0.631904 -6.88682 2
    endloop
  endfacet
  facet normal 0 0 1
    outer loop
      vertex 0.353443 -6.88682 2
      vertex -0.396284 -6.90824 2
      vertex 0.332024 -6.90824 2
    endloop
  endfacet
  facet normal -0 0 1
    outer loop
      vertex -1.08175 -5.94432 2
      vertex 0.353443 -6.88682 2
      vertex 1.3174 -5.94432 2
    endloop
  endfacet
  facet normal 0 0 1
    outer loop
      vertex 0.353443 -6.88682 2
      vertex -0.417704 -6.88682 2
      vertex -0.396284 -6.90824 2
    endloop
  endfacet
  facet normal 0 0 1
    outer loop
      vertex 0.353443 -6.88682 2
      vertex -1.08175 -5.94432 2
      vertex -0.417704 -6.88682 2
    endloop
  endfacet
  facet normal -0 -0 1
    outer loop
      vertex -0.931811 -6.84398 2
      vertex -0.417704 -6.88682 2
      vertex -1.08175 -5.94432 2
    endloop
  endfacet
  facet normal 0 0 1
    outer loop
      vertex -0.417704 -6.88682 2
      vertex -0.931811 -6.84398 2
      vertex -0.910392 -6.8654 2
    endloop
  endfacet
  facet normal -0 0 1
    outer loop
      vertex -1.08175 -6.82256 2
      vertex -0.931811 -6.84398 2
      vertex -1.08175 -5.94432 2
    endloop
  endfacet
  facet normal 0 0 1
    outer loop
      vertex -0.931811 -6.84398 2
      vertex -1.08175 -6.82256 2
      vertex -1.06033 -6.84398 2
    endloop
  endfacet
  facet normal 0 0 1
    outer loop
      vertex -1.38166 -6.77972 2
      vertex -1.08175 -5.94432 2
      vertex -1.10317 -5.9229 2
    endloop
  endfacet
  facet normal 0 0 1
    outer loop
      vertex -1.08175 -5.94432 2
      vertex -1.23169 -6.80114 2
      vertex -1.08175 -6.82256 2
    endloop
  endfacet
  facet normal 0 0 1
    outer loop
      vertex -1.08175 -6.82256 2
      vertex -1.23169 -6.80114 2
      vertex -1.21027 -6.82256 2
    endloop
  endfacet
  facet normal 0 0 1
    outer loop
      vertex -1.08175 -5.94432 2
      vertex -1.38166 -6.77972 2
      vertex -1.23169 -6.80114 2
    endloop
  endfacet
  facet normal 0 0 1
    outer loop
      vertex -1.23169 -6.80114 2
      vertex -1.38166 -6.77972 2
      vertex -1.36024 -6.80114 2
    endloop
  endfacet
  facet normal -0 0 1
    outer loop
      vertex -1.72438 -6.71546 2
      vertex -1.38166 -6.77972 2
      vertex -1.10317 -5.9229 2
    endloop
  endfacet
  facet normal 0 0 1
    outer loop
      vertex -1.38166 -6.77972 2
      vertex -1.72438 -6.71546 2
      vertex -1.70296 -6.73688 2
    endloop
  endfacet
  facet normal 0 0 1
    outer loop
      vertex -2.08855 -5.90148 2
      vertex -1.72438 -6.71546 2
      vertex -1.10317 -5.9229 2
    endloop
  endfacet
  facet normal 0 0 1
    outer loop
      vertex -1.72438 -6.71546 2
      vertex -2.08855 -5.90148 2
      vertex -1.96003 -6.67262 2
    endloop
  endfacet
  facet normal 0 0 1
    outer loop
      vertex -1.96003 -6.67262 2
      vertex -2.08855 -5.90148 2
      vertex -2.04571 -6.62978 2
    endloop
  endfacet
  facet normal -0 0 1
    outer loop
      vertex -2.21707 -5.88006 2
      vertex -2.08855 -5.90148 2
      vertex -2.10997 -5.88006 2
    endloop
  endfacet
  facet normal 0 0 1
    outer loop
      vertex -2.08855 -5.90148 2
      vertex -2.19565 -6.58694 2
      vertex -2.04571 -6.62978 2
    endloop
  endfacet
  facet normal 0 0 1
    outer loop
      vertex -2.04571 -6.62978 2
      vertex -2.19565 -6.58694 2
      vertex -2.10997 -6.62978 2
    endloop
  endfacet
  facet normal 0 0 1
    outer loop
      vertex -2.38843 -6.52268 2
      vertex -2.08855 -5.90148 2
      vertex -2.21707 -5.88006 2
    endloop
  endfacet
  facet normal 0 0 1
    outer loop
      vertex -2.08855 -5.90148 2
      vertex -2.38843 -6.52268 2
      vertex -2.19565 -6.58694 2
    endloop
  endfacet
  facet normal 0 0 1
    outer loop
      vertex -2.38843 -6.52268 2
      vertex -2.21707 -5.88006 2
      vertex -2.28133 -5.83722 2
    endloop
  endfacet
  facet normal 0 0 1
    outer loop
      vertex -2.83828 -6.37274 2
      vertex -2.28133 -5.83722 2
      vertex -2.30275 -5.75154 2
    endloop
  endfacet
  facet normal 0 0 1
    outer loop
      vertex -2.19565 -6.58694 2
      vertex -2.38843 -6.52268 2
      vertex -2.25991 -6.58694 2
    endloop
  endfacet
  facet normal 0 0 1
    outer loop
      vertex 1.68154 -4.85184 2
      vertex 1.66012 -4.809 2
      vertex 1.6387 -4.83042 2
    endloop
  endfacet
  facet normal 0 0 1
    outer loop
      vertex 1.66012 -4.809 2
      vertex 1.61728 -4.74474 2
      vertex 1.61728 -4.78758 2
    endloop
  endfacet
  facet normal 0 0 1
    outer loop
      vertex 1.61728 -4.74474 2
      vertex 1.4245 -4.29489 2
      vertex 1.40308 -4.31631 2
    endloop
  endfacet
  facet normal 0 0 1
    outer loop
      vertex 1.4245 -4.29489 2
      vertex 1.38166 -4.18779 2
      vertex 1.36024 -4.20921 2
    endloop
  endfacet
  facet normal 0 0 1
    outer loop
      vertex 1.38166 -4.18779 2
      vertex 1.36024 -4.12353 2
      vertex 1.33882 -4.14495 2
    endloop
  endfacet
  facet normal 0 0 1
    outer loop
      vertex 1.36024 -4.12353 2
      vertex 1.33882 -4.05927 2
      vertex 1.3174 -4.08069 2
    endloop
  endfacet
  facet normal 0 0 1
    outer loop
      vertex 1.25311 -3.8022 2
      vertex 1.23169 -3.67368 2
      vertex 1.23169 -3.78078 2
    endloop
  endfacet
  facet normal 0 0 1
    outer loop
      vertex 1.23169 -3.67368 2
      vertex 1.18885 -3.3738 2
      vertex 1.18885 -3.52374 2
    endloop
  endfacet
  facet normal 0 0 1
    outer loop
      vertex 1.18885 -3.3738 2
      vertex 1.16743 -3.20244 2
      vertex 1.16743 -3.35238 2
    endloop
  endfacet
  facet normal 0 0 1
    outer loop
      vertex 1.16743 -3.20244 2
      vertex 1.14601 -2.98822 2
      vertex 1.14601 -3.18102 2
    endloop
  endfacet
  facet normal 0 0 1
    outer loop
      vertex 1.14601 -2.98822 2
      vertex 1.12459 -2.77402 2
      vertex 1.12459 -2.9668 2
    endloop
  endfacet
  facet normal 0 0 1
    outer loop
      vertex 1.12459 -2.77402 2
      vertex 1.10317 -2.45269 2
      vertex 1.10317 -2.7526 2
    endloop
  endfacet
  facet normal 0 0 1
    outer loop
      vertex 1.10317 -2.45269 2
      vertex 1.08175 -2.15281 2
      vertex 1.08175 -2.43127 2
    endloop
  endfacet
  facet normal 0 0 1
    outer loop
      vertex -1.18885 3.93075 2
      vertex -1.21027 3.95217 2
      vertex -1.18885 3.78078 2
    endloop
  endfacet
  facet normal 0 0 1
    outer loop
      vertex -1.16743 3.75936 2
      vertex -1.18885 3.78078 2
      vertex -1.16743 3.63084 2
    endloop
  endfacet
  facet normal 0 0 1
    outer loop
      vertex -1.06033 2.25991 2
      vertex -1.03891 1.89574 2
      vertex -1.03891 2.23849 2
    endloop
  endfacet
  facet normal 0 0 1
    outer loop
      vertex -2.81686 1.10317 2
      vertex -1.03891 1.89574 2
      vertex -1.06033 2.25991 2
    endloop
  endfacet
  facet normal 0 0 1
    outer loop
      vertex -1.12459 3.15958 2
      vertex -1.06033 2.25991 2
      vertex -1.10317 3.13815 2
    endloop
  endfacet
  facet normal 0 0 1
    outer loop
      vertex -1.06033 2.25991 2
      vertex -1.12459 3.15958 2
      vertex -2.81686 1.10317 2
    endloop
  endfacet
  facet normal 0 0 1
    outer loop
      vertex -1.16743 3.63084 2
      vertex -1.12459 3.15958 2
      vertex -1.14601 3.60942 2
    endloop
  endfacet
  facet normal 0 0 1
    outer loop
      vertex -3.41664 1.14601 2
      vertex -1.12459 3.15958 2
      vertex -1.16743 3.63084 2
    endloop
  endfacet
  facet normal 0 0 1
    outer loop
      vertex -3.73794 1.18885 2
      vertex -1.16743 3.63084 2
      vertex -1.18885 3.78078 2
    endloop
  endfacet
  facet normal 0 0 1
    outer loop
      vertex -4.93752 5.08746 2
      vertex -1.18885 3.78078 2
      vertex -1.21027 3.95217 2
    endloop
  endfacet
  facet normal 0 0 1
    outer loop
      vertex -1.38166 4.65906 2
      vertex -1.21027 3.95217 2
      vertex -1.23169 4.16637 2
    endloop
  endfacet
  facet normal 0 0 1
    outer loop
      vertex -1.21027 3.95217 2
      vertex -1.38166 4.65906 2
      vertex -4.57338 5.40879 2
    endloop
  endfacet
  facet normal 0 0 1
    outer loop
      vertex -1.66012 5.17317 2
      vertex -1.38166 4.65906 2
      vertex -1.61728 5.15175 2
    endloop
  endfacet
  facet normal 0 0 1
    outer loop
      vertex -4.57338 5.40879 2
      vertex -1.38166 4.65906 2
      vertex -1.66012 5.17317 2
    endloop
  endfacet
  facet normal 0 0 1
    outer loop
      vertex -1.91719 5.58015 2
      vertex -1.66012 5.17317 2
      vertex -1.70296 5.28027 2
    endloop
  endfacet
  facet normal 0 0 1
    outer loop
      vertex -1.66012 5.17317 2
      vertex -1.91719 5.58015 2
      vertex -4.12353 5.75154 2
    endloop
  endfacet
  facet normal -0 0 1
    outer loop
      vertex -4.12353 5.75154 2
      vertex -1.91719 5.58015 2
      vertex -2.25991 5.94432 2
    endloop
  endfacet
  facet normal 0 0 1
    outer loop
      vertex -3.3738 6.22278 2
      vertex -2.25991 5.94432 2
      vertex -2.28133 6.02999 2
    endloop
  endfacet
  facet normal -0 0 1
    outer loop
      vertex -3.3738 6.22278 2
      vertex -2.28133 6.02999 2
      vertex -2.73118 6.5441 2
    endloop
  endfacet
  facet normal 0 0 1
    outer loop
      vertex -2.25991 5.94432 2
      vertex -3.3738 6.22278 2
      vertex -4.12353 5.75154 2
    endloop
  endfacet
  facet normal 0 0 1
    outer loop
      vertex -1.03891 1.89574 2
      vertex -2.79544 1.08175 2
      vertex -1.03891 1.06033 2
    endloop
  endfacet
  facet normal 0 0 1
    outer loop
      vertex -1.03891 1.89574 2
      vertex -2.81686 1.10317 2
      vertex -2.79544 1.08175 2
    endloop
  endfacet
  facet normal 0 0 1
    outer loop
      vertex -1.66012 5.17317 2
      vertex -4.12353 5.75154 2
      vertex -4.57338 5.40879 2
    endloop
  endfacet
  facet normal 0 0 1
    outer loop
      vertex -2.81686 1.10317 2
      vertex -3.41664 1.14601 2
      vertex -3.39522 1.12459 2
    endloop
  endfacet
  facet normal 0 0 1
    outer loop
      vertex -1.21027 3.95217 2
      vertex -4.57338 5.40879 2
      vertex -4.93752 5.08746 2
    endloop
  endfacet
  facet normal 0 0 1
    outer loop
      vertex -3.41664 1.14601 2
      vertex -3.588 1.16743 2
      vertex -3.56658 1.14601 2
    endloop
  endfacet
  facet normal 0 0 1
    outer loop
      vertex -1.12459 3.15958 2
      vertex -3.41664 1.14601 2
      vertex -2.81686 1.10317 2
    endloop
  endfacet
  facet normal 0 0 1
    outer loop
      vertex -3.588 1.16743 2
      vertex -3.73794 1.18885 2
      vertex -3.71652 1.16743 2
    endloop
  endfacet
  facet normal 0 0 1
    outer loop
      vertex -1.16743 3.63084 2
      vertex -3.588 1.16743 2
      vertex -3.41664 1.14601 2
    endloop
  endfacet
  facet normal 0 0 1
    outer loop
      vertex -1.18885 3.78078 2
      vertex -4.93752 5.08746 2
      vertex -3.73794 1.18885 2
    endloop
  endfacet
  facet normal 0 0 1
    outer loop
      vertex -1.16743 3.63084 2
      vertex -3.73794 1.18885 2
      vertex -3.588 1.16743 2
    endloop
  endfacet
  facet normal -0 -0 1
    outer loop
      vertex -4.12353 1.27456 2
      vertex -3.73794 1.18885 2
      vertex -4.93752 5.08746 2
    endloop
  endfacet
  facet normal 0 0 1
    outer loop
      vertex -3.73794 1.18885 2
      vertex -4.12353 1.27456 2
      vertex -3.93075 1.21027 2
    endloop
  endfacet
  facet normal -0 0 1
    outer loop
      vertex -5.43021 4.57338 2
      vertex -4.12353 1.27456 2
      vertex -4.93752 5.08746 2
    endloop
  endfacet
  facet normal -0 -0 1
    outer loop
      vertex -4.61622 1.40308 2
      vertex -4.12353 1.27456 2
      vertex -5.43021 4.57338 2
    endloop
  endfacet
  facet normal 0 0 1
    outer loop
      vertex -4.12353 1.27456 2
      vertex -4.61622 1.40308 2
      vertex -4.29489 1.29598 2
    endloop
  endfacet
  facet normal 0 0 1
    outer loop
      vertex -4.61622 1.40308 2
      vertex -5.43021 4.57338 2
      vertex -5.04462 1.59586 2
    endloop
  endfacet
  facet normal -0 0 1
    outer loop
      vertex -5.83722 4.05927 2
      vertex -5.04462 1.59586 2
      vertex -5.43021 4.57338 2
    endloop
  endfacet
  facet normal 0 0 1
    outer loop
      vertex -5.04462 1.59586 2
      vertex -5.83722 4.05927 2
      vertex -5.47305 1.8529 2
    endloop
  endfacet
  facet normal 0 0 1
    outer loop
      vertex -5.83722 4.05927 2
      vertex -5.9229 2.25991 2
      vertex -5.47305 1.8529 2
    endloop
  endfacet
  facet normal -0 0 1
    outer loop
      vertex -6.22278 3.43806 2
      vertex -5.9229 2.25991 2
      vertex -5.83722 4.05927 2
    endloop
  endfacet
  facet normal -0 0 1
    outer loop
      vertex -6.52268 2.79543 2
      vertex -5.9229 2.25991 2
      vertex -6.22278 3.43806 2
    endloop
  endfacet
  facet normal 0 0 1
    outer loop
      vertex -5.9229 2.25991 2
      vertex -6.52268 2.79543 2
      vertex -6.00858 2.25991 2
    endloop
  endfacet
  facet normal -0 0 1
    outer loop
      vertex -6.7583 2.02429 2
      vertex -6.09426 1.36024 2
      vertex -6.09426 2.08855 2
    endloop
  endfacet
  facet normal -0 0 1
    outer loop
      vertex -6.67262 2.32417 2
      vertex -6.05142 2.21707 2
      vertex -6.62978 2.45269 2
    endloop
  endfacet
  facet normal 0 0 1
    outer loop
      vertex -6.00858 2.25991 2
      vertex -6.62978 2.45269 2
      vertex -6.05142 2.21707 2
    endloop
  endfacet
  facet normal -0 0 1
    outer loop
      vertex -6.62978 2.45269 2
      vertex -6.00858 2.25991 2
      vertex -6.52268 2.79543 2
    endloop
  endfacet
  facet normal 0 0 1
    outer loop
      vertex -1.03891 1.06033 2
      vertex -1.01749 1.87432 2
      vertex -1.03891 1.89574 2
    endloop
  endfacet
  facet normal 0 0 1
    outer loop
      vertex -1.01749 1.87432 2
      vertex -1.03891 1.06033 2
      vertex -0.996072 1.10317 2
    endloop
  endfacet
  facet normal 0 0 1
    outer loop
      vertex -0.974651 -0.888971 2
      vertex -0.974651 -0.953232 2
      vertex -0.953232 -0.910392 2
    endloop
  endfacet
  facet normal -0 0 1
    outer loop
      vertex -1.12459 -0.888971 2
      vertex -0.974651 -0.953232 2
      vertex -0.974651 -0.888971 2
    endloop
  endfacet
  facet normal 0 0 1
    outer loop
      vertex -0.974651 -0.953232 2
      vertex -1.12459 -0.888971 2
      vertex -0.974651 -1.14601 2
    endloop
  endfacet
  facet normal 0 -0 1
    outer loop
      vertex -0.996072 -1.51018 2
      vertex -0.974651 -1.14601 2
      vertex -1.12459 -0.888971 2
    endloop
  endfacet
  facet normal 0 0 1
    outer loop
      vertex -2.00287 -0.888971 2
      vertex -0.996072 -1.68154 2
      vertex -0.996072 -1.51018 2
    endloop
  endfacet
  facet normal 0 0 1
    outer loop
      vertex -0.996072 -1.68154 2
      vertex -1.03891 -2.38843 2
      vertex -1.01749 -2.36701 2
    endloop
  endfacet
  facet normal 0 0 1
    outer loop
      vertex -0.974651 -1.14601 2
      vertex -0.996072 -1.51018 2
      vertex -0.974651 -1.48876 2
    endloop
  endfacet
  facet normal 0 0 1
    outer loop
      vertex -1.03891 -2.38843 2
      vertex -1.06033 -2.6455 2
      vertex -1.03891 -2.62408 2
    endloop
  endfacet
  facet normal -0 0 1
    outer loop
      vertex -2.00287 -0.888971 2
      vertex -0.996072 -1.51018 2
      vertex -1.12459 -0.888971 2
    endloop
  endfacet
  facet normal 0 0 1
    outer loop
      vertex -0.996072 -1.68154 2
      vertex -2.00287 -0.888971 2
      vertex -1.03891 -2.38843 2
    endloop
  endfacet
  facet normal -0 0 1
    outer loop
      vertex -2.62408 -0.910392 2
      vertex -1.03891 -2.38843 2
      vertex -2.00287 -0.888971 2
    endloop
  endfacet
  facet normal 0 0 1
    outer loop
      vertex -1.03891 -2.38843 2
      vertex -2.62408 -0.910392 2
      vertex -1.06033 -2.6455 2
    endloop
  endfacet
  facet normal 0 0 1
    outer loop
      vertex -1.06033 -2.6455 2
      vertex -1.12459 -3.28812 2
      vertex -1.10317 -3.2667 2
    endloop
  endfacet
  facet normal 0 0 1
    outer loop
      vertex -2.00287 -0.888971 2
      vertex -1.12459 -0.888971 2
      vertex -1.14601 -0.867552 2
    endloop
  endfacet
  facet normal -0 0 1
    outer loop
      vertex -3.22386 -0.953232 2
      vertex -1.06033 -2.6455 2
      vertex -2.62408 -0.910392 2
    endloop
  endfacet
  facet normal 0 0 1
    outer loop
      vertex -1.12459 -3.28812 2
      vertex -1.14601 -3.43806 2
      vertex -1.12459 -3.41664 2
    endloop
  endfacet
  facet normal 0 0 1
    outer loop
      vertex -1.06033 -2.6455 2
      vertex -3.22386 -0.953232 2
      vertex -1.12459 -3.28812 2
    endloop
  endfacet
  facet normal 0 0 1
    outer loop
      vertex -1.16743 -3.56658 2
      vertex -1.18885 -3.6951 2
      vertex -1.16743 -3.67368 2
    endloop
  endfacet
  facet normal 0 0 1
    outer loop
      vertex -1.14601 -3.43806 2
      vertex -1.16743 -3.56658 2
      vertex -1.14601 -3.54516 2
    endloop
  endfacet
  facet normal -0 0 1
    outer loop
      vertex -3.39522 -0.974651 2
      vertex -1.12459 -3.28812 2
      vertex -3.22386 -0.953232 2
    endloop
  endfacet
  facet normal -0 0 1
    outer loop
      vertex -3.54516 -0.996072 2
      vertex -1.12459 -3.28812 2
      vertex -3.39522 -0.974651 2
    endloop
  endfacet
  facet normal 0 0 1
    outer loop
      vertex -1.12459 -3.28812 2
      vertex -3.54516 -0.996072 2
      vertex -1.14601 -3.43806 2
    endloop
  endfacet
  facet normal 0 0 1
    outer loop
      vertex -1.14601 -3.43806 2
      vertex -3.54516 -0.996072 2
      vertex -1.16743 -3.56658 2
    endloop
  endfacet
  facet normal 0 0 1
    outer loop
      vertex -1.18885 -3.6951 2
      vertex -1.25311 -3.95217 2
      vertex -1.21027 -3.86649 2
    endloop
  endfacet
  facet normal -0 0 1
    outer loop
      vertex -3.78078 -1.03891 2
      vertex -1.16743 -3.56658 2
      vertex -3.54516 -0.996072 2
    endloop
  endfacet
  facet normal 0 0 1
    outer loop
      vertex -1.48876 -4.55196 2
      vertex -1.5316 -4.63764 2
      vertex -1.48876 -4.61622 2
    endloop
  endfacet
  facet normal 0 0 1
    outer loop
      vertex -1.16743 -3.56658 2
      vertex -3.78078 -1.03891 2
      vertex -1.18885 -3.6951 2
    endloop
  endfacet
  facet normal 0 0 1
    outer loop
      vertex -1.5316 -4.63764 2
      vertex -1.57444 -4.72332 2
      vertex -1.5316 -4.7019 2
    endloop
  endfacet
  facet normal 0 0 1
    outer loop
      vertex -1.18885 -3.6951 2
      vertex -3.78078 -1.03891 2
      vertex -1.25311 -3.95217 2
    endloop
  endfacet
  facet normal 0 0 1
    outer loop
      vertex -1.57444 -4.72332 2
      vertex -1.61728 -4.809 2
      vertex -1.57444 -4.76616 2
    endloop
  endfacet
  facet normal 0 0 1
    outer loop
      vertex -1.25311 -3.95217 2
      vertex -1.38166 -4.29489 2
      vertex -1.29598 -4.14495 2
    endloop
  endfacet
  facet normal 0 0 1
    outer loop
      vertex -4.98036 -4.87326 2
      vertex -1.25311 -3.95217 2
      vertex -3.78078 -1.03891 2
    endloop
  endfacet
  facet normal 0 0 1
    outer loop
      vertex -2.00287 -0.888971 2
      vertex -1.14601 -0.867552 2
      vertex -1.98145 -0.867552 2
    endloop
  endfacet
  facet normal 0 0 1
    outer loop
      vertex -1.25311 -3.95217 2
      vertex -4.98036 -4.87326 2
      vertex -1.38166 -4.29489 2
    endloop
  endfacet
  facet normal 0 0 1
    outer loop
      vertex -1.38166 -4.29489 2
      vertex -1.48876 -4.55196 2
      vertex -1.40308 -4.42341 2
    endloop
  endfacet
  facet normal 0 -0 1
    outer loop
      vertex -4.55196 -5.28027 2
      vertex -1.38166 -4.29489 2
      vertex -4.98036 -4.87326 2
    endloop
  endfacet
  facet normal 0 0 1
    outer loop
      vertex -1.38166 -4.29489 2
      vertex -4.55196 -5.28027 2
      vertex -1.48876 -4.55196 2
    endloop
  endfacet
  facet normal 0 0 1
    outer loop
      vertex -1.48876 -4.55196 2
      vertex -4.55196 -5.28027 2
      vertex -1.5316 -4.63764 2
    endloop
  endfacet
  facet normal 0 0 1
    outer loop
      vertex -2.62408 -0.910392 2
      vertex -2.00287 -0.888971 2
      vertex -2.60266 -0.888971 2
    endloop
  endfacet
  facet normal 0 0 1
    outer loop
      vertex -1.7458 -5.08746 2
      vertex -4.03785 -5.68725 2
      vertex -2.10997 -5.53731 2
    endloop
  endfacet
  facet normal 0 0 1
    outer loop
      vertex -2.28133 -5.83722 2
      vertex -2.83828 -6.37274 2
      vertex -2.38843 -6.52268 2
    endloop
  endfacet
  facet normal 0 0 1
    outer loop
      vertex -3.22386 -0.953232 2
      vertex -2.62408 -0.910392 2
      vertex -3.20244 -0.931811 2
    endloop
  endfacet
  facet normal 0 0 1
    outer loop
      vertex -2.10997 -5.53731 2
      vertex -4.03785 -5.68725 2
      vertex -2.28133 -5.70867 2
    endloop
  endfacet
  facet normal 0 0 1
    outer loop
      vertex -3.39522 -0.974651 2
      vertex -3.22386 -0.953232 2
      vertex -3.3738 -0.953232 2
    endloop
  endfacet
  facet normal 0 0 1
    outer loop
      vertex -1.61728 -4.809 2
      vertex -4.03785 -5.68725 2
      vertex -1.7458 -5.08746 2
    endloop
  endfacet
  facet normal 0 -0 1
    outer loop
      vertex -3.4809 -6.05142 2
      vertex -2.30275 -5.75154 2
      vertex -3.54516 -5.98716 2
    endloop
  endfacet
  facet normal 0 0 1
    outer loop
      vertex -3.54516 -0.996072 2
      vertex -3.39522 -0.974651 2
      vertex -3.52374 -0.974651 2
    endloop
  endfacet
  facet normal 0 0 1
    outer loop
      vertex -1.57444 -4.72332 2
      vertex -4.55196 -5.28027 2
      vertex -1.61728 -4.809 2
    endloop
  endfacet
  facet normal 0 0 1
    outer loop
      vertex -2.30275 -5.75154 2
      vertex -3.4809 -6.05142 2
      vertex -2.83828 -6.37274 2
    endloop
  endfacet
  facet normal 0 -0 1
    outer loop
      vertex -3.54516 -5.98716 2
      vertex -2.28133 -5.70867 2
      vertex -3.65226 -5.94432 2
    endloop
  endfacet
  facet normal 0 0 1
    outer loop
      vertex -3.78078 -1.03891 2
      vertex -3.54516 -0.996072 2
      vertex -3.67368 -0.996072 2
    endloop
  endfacet
  facet normal 0 0 1
    outer loop
      vertex -1.5316 -4.63764 2
      vertex -4.55196 -5.28027 2
      vertex -1.57444 -4.72332 2
    endloop
  endfacet
  facet normal 0 0 1
    outer loop
      vertex -4.08069 -1.10317 2
      vertex -3.78078 -1.03891 2
      vertex -3.88791 -1.03891 2
    endloop
  endfacet
  facet normal 0 0 1
    outer loop
      vertex -2.28133 -5.70867 2
      vertex -3.54516 -5.98716 2
      vertex -2.30275 -5.75154 2
    endloop
  endfacet
  facet normal 0 0 1
    outer loop
      vertex -3.78078 -1.03891 2
      vertex -4.08069 -1.10317 2
      vertex -4.98036 -4.87326 2
    endloop
  endfacet
  facet normal 0 0 1
    outer loop
      vertex -4.29489 -1.16743 2
      vertex -4.08069 -1.10317 2
      vertex -4.14495 -1.10317 2
    endloop
  endfacet
  facet normal 0 0 1
    outer loop
      vertex -4.08069 -1.10317 2
      vertex -4.29489 -1.16743 2
      vertex -4.98036 -4.87326 2
    endloop
  endfacet
  facet normal 0 0 1
    outer loop
      vertex -4.55196 -1.25311 2
      vertex -4.29489 -1.16743 2
      vertex -4.35915 -1.16743 2
    endloop
  endfacet
  facet normal 0 0 1
    outer loop
      vertex -5.47305 -4.29489 2
      vertex -4.29489 -1.16743 2
      vertex -4.55196 -1.25311 2
    endloop
  endfacet
  facet normal 0 -0 1
    outer loop
      vertex -3.65226 -5.94432 2
      vertex -2.28133 -5.70867 2
      vertex -4.03785 -5.68725 2
    endloop
  endfacet
  facet normal 0 0 1
    outer loop
      vertex -4.809 -1.36024 2
      vertex -4.55196 -1.25311 2
      vertex -4.72332 -1.29598 2
    endloop
  endfacet
  facet normal 0 0 1
    outer loop
      vertex -5.47305 -4.29489 2
      vertex -4.55196 -1.25311 2
      vertex -4.809 -1.36024 2
    endloop
  endfacet
  facet normal 0 0 1
    outer loop
      vertex -4.85184 -1.38166 2
      vertex -4.809 -1.36024 2
      vertex -4.83042 -1.33882 2
    endloop
  endfacet
  facet normal 0 0 1
    outer loop
      vertex -5.47305 -4.29489 2
      vertex -4.809 -1.36024 2
      vertex -4.85184 -1.38166 2
    endloop
  endfacet
  facet normal 0 0 1
    outer loop
      vertex -5.32311 -1.61728 2
      vertex -4.85184 -1.38166 2
      vertex -4.95894 -1.40308 2
    endloop
  endfacet
  facet normal 0 -0 1
    outer loop
      vertex -4.03785 -5.68725 2
      vertex -1.61728 -4.809 2
      vertex -4.55196 -5.28027 2
    endloop
  endfacet
  facet normal 0 0 1
    outer loop
      vertex -5.32311 -1.61728 2
      vertex -4.95894 -1.40308 2
      vertex -5.25885 -1.55302 2
    endloop
  endfacet
  facet normal 0 0 1
    outer loop
      vertex -5.9229 -3.60942 2
      vertex -4.85184 -1.38166 2
      vertex -5.32311 -1.61728 2
    endloop
  endfacet
  facet normal 0 0 1
    outer loop
      vertex -5.49447 -1.72438 2
      vertex -5.32311 -1.61728 2
      vertex -5.47305 -1.68154 2
    endloop
  endfacet
  facet normal 0 0 1
    outer loop
      vertex -5.9229 -3.60942 2
      vertex -5.32311 -1.61728 2
      vertex -5.49447 -1.72438 2
    endloop
  endfacet
  facet normal 0 0 1
    outer loop
      vertex -4.29489 -1.16743 2
      vertex -5.47305 -4.29489 2
      vertex -4.98036 -4.87326 2
    endloop
  endfacet
  facet normal 0 0 1
    outer loop
      vertex -5.9229 -3.60942 2
      vertex -5.49447 -1.72438 2
      vertex -5.66583 -1.83148 2
    endloop
  endfacet
  facet normal 0 0 1
    outer loop
      vertex -4.85184 -1.38166 2
      vertex -5.9229 -3.60942 2
      vertex -5.47305 -4.29489 2
    endloop
  endfacet
  facet normal 0 0 1
    outer loop
      vertex -5.47305 -4.29489 2
      vertex -5.9229 -3.60942 2
      vertex -5.88006 -3.71652 2
    endloop
  endfacet
  facet normal 0 0 1
    outer loop
      vertex -6.09426 -3.35238 2
      vertex -5.66583 -1.83148 2
      vertex -5.94432 -2.06713 2
    endloop
  endfacet
  facet normal 0 0 1
    outer loop
      vertex -6.3513 -2.79544 2
      vertex -5.94432 -2.06713 2
      vertex -5.98716 -2.06713 2
    endloop
  endfacet
  facet normal 0 0 1
    outer loop
      vertex -6.3513 -2.79544 2
      vertex -5.98716 -2.06713 2
      vertex -6.07284 -1.96003 2
    endloop
  endfacet
  facet normal 0 0 1
    outer loop
      vertex -5.66583 -1.83148 2
      vertex -6.09426 -3.35238 2
      vertex -5.9229 -3.60942 2
    endloop
  endfacet
  facet normal 0 0 1
    outer loop
      vertex -6.11568 -0.396284 2
      vertex -6.07284 -1.96003 2
      vertex -6.09426 -0.417704 2
    endloop
  endfacet
  facet normal 0 0 1
    outer loop
      vertex -6.07284 -1.96003 2
      vertex -6.11568 -0.396284 2
      vertex -6.3513 -2.79544 2
    endloop
  endfacet
  facet normal 0 0 1
    outer loop
      vertex -6.05142 2.21707 2
      vertex -6.67262 2.32417 2
      vertex -6.09426 2.08855 2
    endloop
  endfacet
  facet normal 0 0 1
    outer loop
      vertex -5.94432 -2.06713 2
      vertex -6.3513 -2.79544 2
      vertex -6.09426 -3.35238 2
    endloop
  endfacet
  facet normal 0 0 1
    outer loop
      vertex -6.09426 -3.35238 2
      vertex -6.3513 -2.79544 2
      vertex -6.3513 -2.83828 2
    endloop
  endfacet
  facet normal 0 0 1
    outer loop
      vertex -0.974651 -0.953232 2
      vertex -0.953232 -1.12459 2
      vertex -0.953232 -0.974651 2
    endloop
  endfacet
  facet normal 0 0 1
    outer loop
      vertex -0.953232 -1.12459 2
      vertex -0.974651 -0.953232 2
      vertex -0.974651 -1.14601 2
    endloop
  endfacet
  facet normal 0 0 1
    outer loop
      vertex -0.974651 -1.66012 2
      vertex -0.996072 -1.51018 2
      vertex -0.996072 -1.68154 2
    endloop
  endfacet
  facet normal 0 0 1
    outer loop
      vertex -1.46734 -4.57338 2
      vertex -1.48876 -4.55196 2
      vertex -1.48876 -4.61622 2
    endloop
  endfacet
  facet normal 0 0 1
    outer loop
      vertex -1.51018 -4.65906 2
      vertex -1.5316 -4.63764 2
      vertex -1.5316 -4.7019 2
    endloop
  endfacet
  facet normal -0.997296 0.0734918 0
    outer loop
      vertex -13.9831 0.686947 0
      vertex -13.9326 1.37224 2
      vertex -13.9326 1.37224 0
    endloop
  endfacet
  facet normal -0.997296 0.0734918 0
    outer loop
      vertex -13.9326 1.37224 2
      vertex -13.9831 0.686947 0
      vertex -13.9831 0.686947 2
    endloop
  endfacet
  facet normal 0.963803 -0.266615 0
    outer loop
      vertex 13.3972 -4.06398 2
      vertex 13.5804 -3.40172 0
      vertex 13.5804 -3.40172 2
    endloop
  endfacet
  facet normal 0.963803 -0.266615 0
    outer loop
      vertex 13.5804 -3.40172 0
      vertex 13.3972 -4.06398 2
      vertex 13.3972 -4.06398 0
    endloop
  endfacet
  facet normal 0.985272 -0.170996 0
    outer loop
      vertex 13.731 -2.73126 2
      vertex 13.8485 -2.05423 0
      vertex 13.8485 -2.05423 2
    endloop
  endfacet
  facet normal 0.985272 -0.170996 0
    outer loop
      vertex 13.8485 -2.05423 0
      vertex 13.731 -2.73126 2
      vertex 13.731 -2.73126 0
    endloop
  endfacet
  facet normal 0.997296 -0.0734918 0
    outer loop
      vertex 13.9326 -1.37224 2
      vertex 13.9831 -0.686947 0
      vertex 13.9831 -0.686947 2
    endloop
  endfacet
  facet normal 0.997296 -0.0734918 0
    outer loop
      vertex 13.9831 -0.686947 0
      vertex 13.9326 -1.37224 2
      vertex 13.9326 -1.37224 0
    endloop
  endfacet
  facet normal 0.170996 -0.985272 0
    outer loop
      vertex 2.05423 -13.8485 0
      vertex 2.73126 -13.731 2
      vertex 2.05423 -13.8485 2
    endloop
  endfacet
  facet normal 0.170996 -0.985272 0
    outer loop
      vertex 2.73126 -13.731 2
      vertex 2.05423 -13.8485 0
      vertex 2.73126 -13.731 0
    endloop
  endfacet
  facet normal 0.0734918 -0.997296 0
    outer loop
      vertex 0.686947 -13.9831 0
      vertex 1.37224 -13.9326 2
      vertex 0.686947 -13.9831 2
    endloop
  endfacet
  facet normal 0.0734918 -0.997296 0
    outer loop
      vertex 1.37224 -13.9326 2
      vertex 0.686947 -13.9831 0
      vertex 1.37224 -13.9326 0
    endloop
  endfacet
  facet normal 0.313747 -0.949507 0
    outer loop
      vertex 4.06398 -13.3972 0
      vertex 4.71646 -13.1816 2
      vertex 4.06398 -13.3972 2
    endloop
  endfacet
  facet normal 0.313747 -0.949507 0
    outer loop
      vertex 4.71646 -13.1816 2
      vertex 4.06398 -13.3972 0
      vertex 4.71646 -13.1816 0
    endloop
  endfacet
  facet normal 0.405288 -0.914189 0
    outer loop
      vertex 5.35757 -12.9343 0
      vertex 5.98577 -12.6558 2
      vertex 5.35757 -12.9343 2
    endloop
  endfacet
  facet normal 0.405288 -0.914189 0
    outer loop
      vertex 5.98577 -12.6558 2
      vertex 5.35757 -12.9343 0
      vertex 5.98577 -12.6558 0
    endloop
  endfacet
  facet normal 0.724255 -0.689532 0
    outer loop
      vertex 9.89949 -9.89949 2
      vertex 10.3733 -9.40182 0
      vertex 10.3733 -9.40182 2
    endloop
  endfacet
  facet normal 0.724255 -0.689532 0
    outer loop
      vertex 10.3733 -9.40182 0
      vertex 9.89949 -9.89949 2
      vertex 9.89949 -9.89949 0
    endloop
  endfacet
  facet normal 0.653154 -0.757225 0
    outer loop
      vertex 8.88151 -10.8221 0
      vertex 9.40182 -10.3733 2
      vertex 8.88151 -10.8221 2
    endloop
  endfacet
  facet normal 0.653154 -0.757225 0
    outer loop
      vertex 9.40182 -10.3733 2
      vertex 8.88151 -10.8221 0
      vertex 9.40182 -10.3733 0
    endloop
  endfacet
  facet normal 0.492898 -0.870087 0
    outer loop
      vertex 6.59955 -12.3469 0
      vertex 7.19744 -12.0082 2
      vertex 6.59955 -12.3469 2
    endloop
  endfacet
  facet normal 0.492898 -0.870087 0
    outer loop
      vertex 7.19744 -12.0082 2
      vertex 6.59955 -12.3469 0
      vertex 7.19744 -12.0082 0
    endloop
  endfacet
  facet normal 0.893254 -0.449552 0
    outer loop
      vertex 12.3469 -6.59955 2
      vertex 12.6558 -5.98577 0
      vertex 12.6558 -5.98577 2
    endloop
  endfacet
  facet normal 0.893254 -0.449552 0
    outer loop
      vertex 12.6558 -5.98577 0
      vertex 12.3469 -6.59955 2
      vertex 12.3469 -6.59955 0
    endloop
  endfacet
  facet normal 0.78832 -0.615266 0
    outer loop
      vertex 10.8221 -8.88151 2
      vertex 11.2449 -8.33979 0
      vertex 11.2449 -8.33979 2
    endloop
  endfacet
  facet normal 0.78832 -0.615266 0
    outer loop
      vertex 11.2449 -8.33979 0
      vertex 10.8221 -8.88151 2
      vertex 10.8221 -8.88151 0
    endloop
  endfacet
  facet normal -0.313747 -0.949507 0
    outer loop
      vertex -4.71646 -13.1816 0
      vertex -4.06398 -13.3972 2
      vertex -4.71646 -13.1816 2
    endloop
  endfacet
  facet normal -0.313747 -0.949507 -0
    outer loop
      vertex -4.06398 -13.3972 2
      vertex -4.71646 -13.1816 0
      vertex -4.06398 -13.3972 0
    endloop
  endfacet
  facet normal -0.219161 -0.975689 0
    outer loop
      vertex -3.40172 -13.5804 0
      vertex -2.73126 -13.731 2
      vertex -3.40172 -13.5804 2
    endloop
  endfacet
  facet normal -0.219161 -0.975689 -0
    outer loop
      vertex -2.73126 -13.731 2
      vertex -3.40172 -13.5804 0
      vertex -2.73126 -13.731 0
    endloop
  endfacet
  facet normal -0.122389 -0.992482 0
    outer loop
      vertex -2.05423 -13.8485 0
      vertex -1.37224 -13.9326 2
      vertex -2.05423 -13.8485 2
    endloop
  endfacet
  facet normal -0.122389 -0.992482 -0
    outer loop
      vertex -1.37224 -13.9326 2
      vertex -2.05423 -13.8485 0
      vertex -1.37224 -13.9326 0
    endloop
  endfacet
  facet normal -0.575836 -0.817565 0
    outer loop
      vertex -8.33979 -11.2449 0
      vertex -7.77798 -11.6406 2
      vertex -8.33979 -11.2449 2
    endloop
  endfacet
  facet normal -0.575836 -0.817565 -0
    outer loop
      vertex -7.77798 -11.6406 2
      vertex -8.33979 -11.2449 0
      vertex -7.77798 -11.6406 0
    endloop
  endfacet
  facet normal -0.653154 -0.757225 0
    outer loop
      vertex -9.40182 -10.3733 0
      vertex -8.88151 -10.8221 2
      vertex -9.40182 -10.3733 2
    endloop
  endfacet
  facet normal -0.653154 -0.757225 -0
    outer loop
      vertex -8.88151 -10.8221 2
      vertex -9.40182 -10.3733 0
      vertex -8.88151 -10.8221 0
    endloop
  endfacet
  facet normal -0.492898 -0.870087 0
    outer loop
      vertex -7.19744 -12.0082 0
      vertex -6.59955 -12.3469 2
      vertex -7.19744 -12.0082 2
    endloop
  endfacet
  facet normal -0.492898 -0.870087 -0
    outer loop
      vertex -6.59955 -12.3469 2
      vertex -7.19744 -12.0082 0
      vertex -6.59955 -12.3469 0
    endloop
  endfacet
  facet normal -0.985272 -0.170996 0
    outer loop
      vertex -13.731 -2.73126 0
      vertex -13.8485 -2.05423 2
      vertex -13.8485 -2.05423 0
    endloop
  endfacet
  facet normal -0.985272 -0.170996 0
    outer loop
      vertex -13.8485 -2.05423 2
      vertex -13.731 -2.73126 0
      vertex -13.731 -2.73126 2
    endloop
  endfacet
  facet normal -0.997296 -0.0734918 0
    outer loop
      vertex -13.9326 -1.37224 0
      vertex -13.9831 -0.686947 2
      vertex -13.9831 -0.686947 0
    endloop
  endfacet
  facet normal -0.997296 -0.0734918 0
    outer loop
      vertex -13.9831 -0.686947 2
      vertex -13.9326 -1.37224 0
      vertex -13.9326 -1.37224 2
    endloop
  endfacet
  facet normal -0.963803 -0.266615 0
    outer loop
      vertex -13.3972 -4.06398 0
      vertex -13.5804 -3.40172 2
      vertex -13.5804 -3.40172 0
    endloop
  endfacet
  facet normal -0.963803 -0.266615 0
    outer loop
      vertex -13.5804 -3.40172 2
      vertex -13.3972 -4.06398 0
      vertex -13.3972 -4.06398 2
    endloop
  endfacet
  facet normal -0.932994 -0.359891 0
    outer loop
      vertex -12.9343 -5.35757 0
      vertex -13.1816 -4.71646 2
      vertex -13.1816 -4.71646 0
    endloop
  endfacet
  facet normal -0.932994 -0.359891 0
    outer loop
      vertex -13.1816 -4.71646 2
      vertex -12.9343 -5.35757 0
      vertex -12.9343 -5.35757 2
    endloop
  endfacet
  facet normal -0.893254 -0.449552 0
    outer loop
      vertex -12.3469 -6.59955 0
      vertex -12.6558 -5.98577 2
      vertex -12.6558 -5.98577 0
    endloop
  endfacet
  facet normal -0.893254 -0.449552 0
    outer loop
      vertex -12.6558 -5.98577 2
      vertex -12.3469 -6.59955 0
      vertex -12.3469 -6.59955 2
    endloop
  endfacet
  facet normal -0.844869 -0.534974 0
    outer loop
      vertex -11.6406 -7.77798 0
      vertex -12.0082 -7.19744 2
      vertex -12.0082 -7.19744 0
    endloop
  endfacet
  facet normal -0.844869 -0.534974 0
    outer loop
      vertex -12.0082 -7.19744 2
      vertex -11.6406 -7.77798 0
      vertex -11.6406 -7.77798 2
    endloop
  endfacet
  facet normal -0.78832 -0.615266 0
    outer loop
      vertex -10.8221 -8.88151 0
      vertex -11.2449 -8.33979 2
      vertex -11.2449 -8.33979 0
    endloop
  endfacet
  facet normal -0.78832 -0.615266 0
    outer loop
      vertex -11.2449 -8.33979 2
      vertex -10.8221 -8.88151 0
      vertex -10.8221 -8.88151 2
    endloop
  endfacet
  facet normal 0.266615 -0.963803 0
    outer loop
      vertex 3.40172 -13.5804 0
      vertex 4.06398 -13.3972 2
      vertex 3.40172 -13.5804 2
    endloop
  endfacet
  facet normal 0.266615 -0.963803 0
    outer loop
      vertex 4.06398 -13.3972 2
      vertex 3.40172 -13.5804 0
      vertex 4.06398 -13.3972 0
    endloop
  endfacet
  facet normal 0 0 1
    outer loop
      vertex 12.4991 2.36701 2.6
      vertex 12.4777 2.38843 2.6
      vertex 12.4991 2.25991 2.6
    endloop
  endfacet
  facet normal 0 0 1
    outer loop
      vertex 12.6705 0.974651 2.6
      vertex 12.6919 0.696192 2.6
      vertex 12.6919 0.953231 2.6
    endloop
  endfacet
  facet normal 0 0 1
    outer loop
      vertex 12.6919 0.696192 2.6
      vertex 12.135 0.246344 2.6
      vertex 12.6919 -1.38166 2.6
    endloop
  endfacet
  facet normal 0 0 1
    outer loop
      vertex 12.6919 0.696192 2.6
      vertex 12.6705 0.974651 2.6
      vertex 12.1136 0.824712 2.6
    endloop
  endfacet
  facet normal -0 0 1
    outer loop
      vertex 12.1136 -1.27456 2.6
      vertex 12.6919 -1.38166 2.6
      vertex 12.135 0.246344 2.6
    endloop
  endfacet
  facet normal 0 0 1
    outer loop
      vertex 12.6276 1.40308 2.6
      vertex 12.6705 0.974651 2.6
      vertex 12.6491 1.38166 2.6
    endloop
  endfacet
  facet normal 0 -0 1
    outer loop
      vertex 12.6705 -1.6387 2.6
      vertex 12.6919 -1.38166 2.6
      vertex 12.1136 -1.27456 2.6
    endloop
  endfacet
  facet normal 0 0 1
    outer loop
      vertex 12.6705 0.974651 2.6
      vertex 12.6276 1.40308 2.6
      vertex 12.0921 1.01749 2.6
    endloop
  endfacet
  facet normal 0 0 1
    outer loop
      vertex 12.6919 -1.38166 2.6
      vertex 12.6705 -1.6387 2.6
      vertex 12.6919 -1.61728 2.6
    endloop
  endfacet
  facet normal -0 0 1
    outer loop
      vertex 12.0278 1.59586 2.6
      vertex 12.6276 1.40308 2.6
      vertex 12.5848 1.8529 2.6
    endloop
  endfacet
  facet normal 0 0 1
    outer loop
      vertex 12.0278 1.59586 2.6
      vertex 12.5848 1.8529 2.6
      vertex 12.5634 1.87432 2.6
    endloop
  endfacet
  facet normal -0 0 1
    outer loop
      vertex 11.985 1.89574 2.6
      vertex 12.5634 1.87432 2.6
      vertex 12.542 2.13139 2.6
    endloop
  endfacet
  facet normal -0 0 1
    outer loop
      vertex 12.0921 -1.29598 2.6
      vertex 12.6705 -1.6387 2.6
      vertex 12.1136 -1.27456 2.6
    endloop
  endfacet
  facet normal 0 0 1
    outer loop
      vertex 11.9422 2.02429 2.6
      vertex 12.542 2.13139 2.6
      vertex 12.4991 2.25991 2.6
    endloop
  endfacet
  facet normal 0 0 1
    outer loop
      vertex 11.9207 2.25991 2.6
      vertex 12.4991 2.25991 2.6
      vertex 12.4777 2.38843 2.6
    endloop
  endfacet
  facet normal 0 -0 1
    outer loop
      vertex 12.6276 -2.04571 2.6
      vertex 12.6705 -1.6387 2.6
      vertex 12.0707 -1.78864 2.6
    endloop
  endfacet
  facet normal 0 0 1
    outer loop
      vertex 12.6705 -1.6387 2.6
      vertex 12.6276 -2.04571 2.6
      vertex 12.6491 -2.02429 2.6
    endloop
  endfacet
  facet normal 0 0 1
    outer loop
      vertex 11.8779 2.36701 2.6
      vertex 12.4777 2.38843 2.6
      vertex 12.4134 2.79543 2.6
    endloop
  endfacet
  facet normal 0 0 1
    outer loop
      vertex 12.0278 -2.10997 2.6
      vertex 12.6276 -2.04571 2.6
      vertex 12.0707 -1.78864 2.6
    endloop
  endfacet
  facet normal 0 0 1
    outer loop
      vertex 11.985 -2.25991 2.6
      vertex 12.6276 -2.04571 2.6
      vertex 12.0278 -2.10997 2.6
    endloop
  endfacet
  facet normal 0 0 1
    outer loop
      vertex 11.8779 2.36701 2.6
      vertex 12.4134 2.79543 2.6
      vertex 12.392 2.81686 2.6
    endloop
  endfacet
  facet normal 0 0 1
    outer loop
      vertex 12.6276 -2.04571 2.6
      vertex 11.985 -2.25991 2.6
      vertex 12.542 -2.68834 2.6
    endloop
  endfacet
  facet normal 0 0 1
    outer loop
      vertex 12.3492 -3.4809 2.6
      vertex 12.3063 -3.63084 2.6
      vertex 12.3492 -3.54516 2.6
    endloop
  endfacet
  facet normal -0 0 1
    outer loop
      vertex 11.9422 -2.66692 2.6
      vertex 12.542 -2.68834 2.6
      vertex 11.985 -2.25991 2.6
    endloop
  endfacet
  facet normal -0 0 1
    outer loop
      vertex 11.7922 2.8597 2.6
      vertex 12.392 2.81686 2.6
      vertex 12.2635 3.39522 2.6
    endloop
  endfacet
  facet normal 0 0 1
    outer loop
      vertex 12.542 -2.68834 2.6
      vertex 11.9422 -2.66692 2.6
      vertex 12.4777 -2.90254 2.6
    endloop
  endfacet
  facet normal -0 0 1
    outer loop
      vertex 11.8993 -2.77402 2.6
      vertex 12.4777 -2.90254 2.6
      vertex 11.9422 -2.66692 2.6
    endloop
  endfacet
  facet normal 0 0 1
    outer loop
      vertex 11.7494 2.94538 2.6
      vertex 12.2635 3.39522 2.6
      vertex 12.2207 3.4809 2.6
    endloop
  endfacet
  facet normal 0 0 1
    outer loop
      vertex 11.8565 -3.05248 2.6
      vertex 12.4777 -2.90254 2.6
      vertex 11.8993 -2.77402 2.6
    endloop
  endfacet
  facet normal 0 0 1
    outer loop
      vertex 11.7494 2.94538 2.6
      vertex 12.1778 3.6951 2.6
      vertex 12.0707 3.95217 2.6
    endloop
  endfacet
  facet normal 0 0 1
    outer loop
      vertex 12.4777 -2.90254 2.6
      vertex 12.4134 -3.20244 2.6
      vertex 12.4349 -3.18102 2.6
    endloop
  endfacet
  facet normal 0 0 1
    outer loop
      vertex 11.8136 -3.22386 2.6
      vertex 12.4134 -3.20244 2.6
      vertex 11.8565 -3.05248 2.6
    endloop
  endfacet
  facet normal 0 0 1
    outer loop
      vertex 12.4134 -3.20244 2.6
      vertex 11.8136 -3.22386 2.6
      vertex 12.4134 -3.28812 2.6
    endloop
  endfacet
  facet normal 0 0 1
    outer loop
      vertex 12.6705 -1.6387 2.6
      vertex 12.0921 -1.29598 2.6
      vertex 12.0707 -1.78864 2.6
    endloop
  endfacet
  facet normal 0 0 1
    outer loop
      vertex 12.4134 -3.28812 2.6
      vertex 11.8136 -3.22386 2.6
      vertex 12.3492 -3.4809 2.6
    endloop
  endfacet
  facet normal 0 0 1
    outer loop
      vertex 12.3492 -3.4809 2.6
      vertex 11.7708 -3.30954 2.6
      vertex 12.3063 -3.63084 2.6
    endloop
  endfacet
  facet normal 0 0 1
    outer loop
      vertex 12.0278 -2.10997 2.6
      vertex 12.0707 -1.78864 2.6
      vertex 12.0493 -1.81006 2.6
    endloop
  endfacet
  facet normal 0 0 1
    outer loop
      vertex 11.6851 -3.67368 2.6
      vertex 12.3063 -3.63084 2.6
      vertex 11.7708 -3.30954 2.6
    endloop
  endfacet
  facet normal 0 -0 1
    outer loop
      vertex 12.2421 -3.84507 2.6
      vertex 12.3063 -3.63084 2.6
      vertex 11.6851 -3.67368 2.6
    endloop
  endfacet
  facet normal 0 0 1
    outer loop
      vertex 12.3063 -3.63084 2.6
      vertex 12.2421 -3.84507 2.6
      vertex 12.3063 -3.6951 2.6
    endloop
  endfacet
  facet normal 0 0 1
    outer loop
      vertex 12.4777 -2.90254 2.6
      vertex 11.8565 -3.05248 2.6
      vertex 12.4134 -3.20244 2.6
    endloop
  endfacet
  facet normal 0 0 1
    outer loop
      vertex 12.2421 -3.84507 2.6
      vertex 11.6851 -3.67368 2.6
      vertex 12.2421 -3.90933 2.6
    endloop
  endfacet
  facet normal 0 0 1
    outer loop
      vertex 11.578 -3.93075 2.6
      vertex 12.2421 -3.90933 2.6
      vertex 11.6851 -3.67368 2.6
    endloop
  endfacet
  facet normal -0 0 1
    outer loop
      vertex 11.7708 -3.30954 2.6
      vertex 12.3492 -3.4809 2.6
      vertex 11.8136 -3.22386 2.6
    endloop
  endfacet
  facet normal 0 0 1
    outer loop
      vertex 12.2421 -3.90933 2.6
      vertex 11.578 -3.93075 2.6
      vertex 12.135 -4.23063 2.6
    endloop
  endfacet
  facet normal -0 0 1
    outer loop
      vertex 11.5352 -4.12353 2.6
      vertex 12.0921 -4.29489 2.6
      vertex 11.578 -3.93075 2.6
    endloop
  endfacet
  facet normal 0 0 1
    outer loop
      vertex 12.0921 -4.29489 2.6
      vertex 11.5352 -4.12353 2.6
      vertex 12.0493 -4.46628 2.6
    endloop
  endfacet
  facet normal 0 0 1
    outer loop
      vertex 12.0493 -4.46628 2.6
      vertex 11.5352 -4.12353 2.6
      vertex 12.0064 -4.53054 2.6
    endloop
  endfacet
  facet normal 0 -0 1
    outer loop
      vertex 11.8136 -3.22386 2.6
      vertex 11.8565 -3.05248 2.6
      vertex 11.7922 -3.20244 2.6
    endloop
  endfacet
  facet normal 0 0 1
    outer loop
      vertex 12.6919 0.696192 2.6
      vertex 12.7133 0.246344 2.6
      vertex 12.7133 0.674771 2.6
    endloop
  endfacet
  facet normal 0 0 1
    outer loop
      vertex 12.7133 0.246344 2.6
      vertex 12.6919 0.696192 2.6
      vertex 12.7133 -0.974651 2.6
    endloop
  endfacet
  facet normal 0 0 1
    outer loop
      vertex 12.6919 -1.38166 2.6
      vertex 12.7133 -0.974651 2.6
      vertex 12.6919 0.696192 2.6
    endloop
  endfacet
  facet normal 0 0 1
    outer loop
      vertex 12.7133 -0.974651 2.6
      vertex 12.6919 -1.38166 2.6
      vertex 12.7133 -1.36024 2.6
    endloop
  endfacet
  facet normal 0 0 1
    outer loop
      vertex 12.7133 0.246344 2.6
      vertex 12.7348 -0.953232 2.6
      vertex 12.7348 0.224923 2.6
    endloop
  endfacet
  facet normal 0 0 1
    outer loop
      vertex 12.7348 -0.953232 2.6
      vertex 12.7133 0.246344 2.6
      vertex 12.7133 -0.974651 2.6
    endloop
  endfacet
  facet normal 0 0 1
    outer loop
      vertex -12.7348 -0.417704 2.6
      vertex -12.1778 0.717611 2.6
      vertex -12.7348 0.781872 2.6
    endloop
  endfacet
  facet normal 0 0 1
    outer loop
      vertex -12.1778 0.717611 2.6
      vertex -12.7348 -0.417704 2.6
      vertex -12.7133 -0.439124 2.6
    endloop
  endfacet
  facet normal -0 0 1
    outer loop
      vertex -12.7348 0.781872 2.6
      vertex -12.1778 0.717611 2.6
      vertex -12.7133 0.803291 2.6
    endloop
  endfacet
  facet normal 0 0 1
    outer loop
      vertex -12.1778 0.717611 2.6
      vertex -12.7133 -0.439124 2.6
      vertex -12.6919 -0.867552 2.6
    endloop
  endfacet
  facet normal 0 0 1
    outer loop
      vertex -12.6919 -0.867552 2.6
      vertex -12.7133 -0.439124 2.6
      vertex -12.7133 -0.846131 2.6
    endloop
  endfacet
  facet normal 0 0 1
    outer loop
      vertex -12.1564 1.14601 2.6
      vertex -12.7133 0.803291 2.6
      vertex -12.1778 0.717611 2.6
    endloop
  endfacet
  facet normal 0 0 1
    outer loop
      vertex -12.1778 0.717611 2.6
      vertex -12.6919 -0.867552 2.6
      vertex -12.6705 -1.12459 2.6
    endloop
  endfacet
  facet normal 0 0 1
    outer loop
      vertex -12.6705 -1.12459 2.6
      vertex -12.6919 -0.867552 2.6
      vertex -12.6919 -1.10317 2.6
    endloop
  endfacet
  facet normal 0 0 1
    outer loop
      vertex -12.135 1.36024 2.6
      vertex -12.6919 1.57444 2.6
      vertex -12.1564 1.14601 2.6
    endloop
  endfacet
  facet normal 0 0 1
    outer loop
      vertex -12.7133 0.803291 2.6
      vertex -12.1564 1.14601 2.6
      vertex -12.6919 1.57444 2.6
    endloop
  endfacet
  facet normal 0 0 1
    outer loop
      vertex -12.1778 0.717611 2.6
      vertex -12.6705 -1.12459 2.6
      vertex -12.6491 -1.3174 2.6
    endloop
  endfacet
  facet normal 0 0 1
    outer loop
      vertex -12.6491 -1.3174 2.6
      vertex -12.6705 -1.12459 2.6
      vertex -12.6705 -1.29598 2.6
    endloop
  endfacet
  facet normal 0 0 1
    outer loop
      vertex -12.135 1.44592 2.6
      vertex -12.6705 1.59586 2.6
      vertex -12.135 1.36024 2.6
    endloop
  endfacet
  facet normal -0 0 1
    outer loop
      vertex -12.6919 1.57444 2.6
      vertex -12.135 1.36024 2.6
      vertex -12.6705 1.59586 2.6
    endloop
  endfacet
  facet normal 0 0 1
    outer loop
      vertex -12.1778 0.717611 2.6
      vertex -12.6491 -1.3174 2.6
      vertex -12.6276 -1.46734 2.6
    endloop
  endfacet
  facet normal 0 0 1
    outer loop
      vertex -12.6276 -1.46734 2.6
      vertex -12.6491 -1.3174 2.6
      vertex -12.6491 -1.44592 2.6
    endloop
  endfacet
  facet normal 0 0 1
    outer loop
      vertex -12.6491 1.81006 2.6
      vertex -12.6276 1.96003 2.6
      vertex -12.6491 1.93861 2.6
    endloop
  endfacet
  facet normal 0 0 1
    outer loop
      vertex -12.0921 1.83148 2.6
      vertex -12.6491 1.81006 2.6
      vertex -12.1136 1.66012 2.6
    endloop
  endfacet
  facet normal 0 0 1
    outer loop
      vertex -12.5634 2.40985 2.6
      vertex -12.542 2.53837 2.6
      vertex -12.5634 2.51695 2.6
    endloop
  endfacet
  facet normal 0 0 1
    outer loop
      vertex -12.6705 1.59586 2.6
      vertex -12.1136 1.66012 2.6
      vertex -12.6491 1.81006 2.6
    endloop
  endfacet
  facet normal 0 0 1
    outer loop
      vertex -12.1136 1.59586 2.6
      vertex -12.6705 1.59586 2.6
      vertex -12.135 1.44592 2.6
    endloop
  endfacet
  facet normal 0 0 1
    outer loop
      vertex -12.5205 -2.13139 2.6
      vertex -12.5848 -1.76722 2.6
      vertex -12.5634 -2.02429 2.6
    endloop
  endfacet
  facet normal 0 0 1
    outer loop
      vertex -12.6062 2.13139 2.6
      vertex -12.5634 2.40985 2.6
      vertex -12.6062 2.25991 2.6
    endloop
  endfacet
  facet normal 0 0 1
    outer loop
      vertex -12.1136 1.66012 2.6
      vertex -12.6705 1.59586 2.6
      vertex -12.1136 1.59586 2.6
    endloop
  endfacet
  facet normal 0 0 1
    outer loop
      vertex -12.6276 1.96003 2.6
      vertex -12.6062 2.13139 2.6
      vertex -12.6276 2.10997 2.6
    endloop
  endfacet
  facet normal 0 0 1
    outer loop
      vertex -12.1778 0.717611 2.6
      vertex -12.5848 -1.76722 2.6
      vertex -12.5205 -2.13139 2.6
    endloop
  endfacet
  facet normal 0 0 1
    outer loop
      vertex -12.1778 0.717611 2.6
      vertex -12.6276 -1.46734 2.6
      vertex -12.5848 -1.76722 2.6
    endloop
  endfacet
  facet normal 0 0 1
    outer loop
      vertex -12.5848 -1.76722 2.6
      vertex -12.6276 -1.46734 2.6
      vertex -12.6276 -1.6387 2.6
    endloop
  endfacet
  facet normal 0 0 1
    outer loop
      vertex -12.1564 -0.439124 2.6
      vertex -12.1778 -0.417704 2.6
      vertex -12.1564 -0.781872 2.6
    endloop
  endfacet
  facet normal 0 0 1
    outer loop
      vertex -12.135 -0.803292 2.6
      vertex -12.1564 -0.781872 2.6
      vertex -12.135 -1.01749 2.6
    endloop
  endfacet
  facet normal 0 0 1
    outer loop
      vertex -12.1136 -1.03891 2.6
      vertex -12.135 -1.01749 2.6
      vertex -12.1136 -1.25311 2.6
    endloop
  endfacet
  facet normal 0 0 1
    outer loop
      vertex -12.0493 -1.55302 2.6
      vertex -12.0707 -1.5316 2.6
      vertex -12.0493 -1.68154 2.6
    endloop
  endfacet
  facet normal 0 0 1
    outer loop
      vertex -11.8565 -2.53837 2.6
      vertex -11.8993 -2.45269 2.6
      vertex -11.8779 -2.55982 2.6
    endloop
  endfacet
  facet normal 0 0 1
    outer loop
      vertex -11.7708 -2.8597 2.6
      vertex -11.8136 -2.79544 2.6
      vertex -11.7922 -2.90254 2.6
    endloop
  endfacet
  facet normal 0 0 1
    outer loop
      vertex -11.7065 -3.13816 2.6
      vertex -11.7708 -2.9668 2.6
      vertex -11.7065 -3.20244 2.6
    endloop
  endfacet
  facet normal 0 0 1
    outer loop
      vertex -11.4281 -3.97359 2.6
      vertex -11.4923 -3.84507 2.6
      vertex -11.4281 -4.03785 2.6
    endloop
  endfacet
  facet normal 0 0 1
    outer loop
      vertex -11.2567 -4.40199 2.6
      vertex -11.321 -4.31631 2.6
      vertex -11.2781 -4.42341 2.6
    endloop
  endfacet
  facet normal 0 0 1
    outer loop
      vertex 11.5138 5.34453 2.6
      vertex 11.5566 5.25885 2.6
      vertex 11.5566 5.30169 2.6
    endloop
  endfacet
  facet normal 0 0 1
    outer loop
      vertex 11.5566 5.25885 2.6
      vertex 11.5138 5.34453 2.6
      vertex 11.0211 5.0232 2.6
    endloop
  endfacet
  facet normal 0 0 1
    outer loop
      vertex 11.5566 5.25885 2.6
      vertex 11.5138 3.78078 2.6
      vertex 11.5352 3.65226 2.6
    endloop
  endfacet
  facet normal 0 0 1
    outer loop
      vertex 11.5566 5.25885 2.6
      vertex 11.3638 4.18779 2.6
      vertex 11.5138 3.78078 2.6
    endloop
  endfacet
  facet normal 0 0 1
    outer loop
      vertex 11.5138 3.78078 2.6
      vertex 11.3638 4.18779 2.6
      vertex 11.4709 3.84507 2.6
    endloop
  endfacet
  facet normal 0 0 1
    outer loop
      vertex 11.5566 5.25885 2.6
      vertex 11.2781 4.42341 2.6
      vertex 11.3638 4.18779 2.6
    endloop
  endfacet
  facet normal 0 0 1
    outer loop
      vertex 11.3638 4.18779 2.6
      vertex 11.2781 4.42341 2.6
      vertex 11.321 4.25205 2.6
    endloop
  endfacet
  facet normal 0 0 1
    outer loop
      vertex 11.0211 5.0232 2.6
      vertex 11.5138 5.34453 2.6
      vertex 11.2567 5.90148 2.6
    endloop
  endfacet
  facet normal 0 0 1
    outer loop
      vertex 10.4641 6.09426 2.6
      vertex 11.2567 5.90148 2.6
      vertex 11.1496 6.05142 2.6
    endloop
  endfacet
  facet normal 0 0 1
    outer loop
      vertex 11.5566 5.25885 2.6
      vertex 11.0639 4.87326 2.6
      vertex 11.2781 4.42341 2.6
    endloop
  endfacet
  facet normal -0 0 1
    outer loop
      vertex 10.4641 6.09426 2.6
      vertex 11.1496 6.05142 2.6
      vertex 11.0211 6.30846 2.6
    endloop
  endfacet
  facet normal 0 0 1
    outer loop
      vertex 11.5566 5.25885 2.6
      vertex 11.0211 5.0232 2.6
      vertex 11.0639 4.87326 2.6
    endloop
  endfacet
  facet normal 0 0 1
    outer loop
      vertex 10.4641 6.09426 2.6
      vertex 11.0211 6.30846 2.6
      vertex 10.6569 6.8654 2.6
    endloop
  endfacet
  facet normal 0 0 1
    outer loop
      vertex 10.0571 6.71546 2.6
      vertex 10.6569 6.8654 2.6
      vertex 10.6355 6.92966 2.6
    endloop
  endfacet
  facet normal 0 0 1
    outer loop
      vertex 11.2567 5.90148 2.6
      vertex 10.4641 6.09426 2.6
      vertex 11.0211 5.0232 2.6
    endloop
  endfacet
  facet normal 0 0 1
    outer loop
      vertex 10.0357 6.77972 2.6
      vertex 10.6355 6.92966 2.6
      vertex 10.3785 7.27241 2.6
    endloop
  endfacet
  facet normal 0 0 1
    outer loop
      vertex 9.69298 7.27241 2.6
      vertex 10.3785 7.27241 2.6
      vertex 10.2928 7.42235 2.6
    endloop
  endfacet
  facet normal 0 0 1
    outer loop
      vertex 10.6569 6.8654 2.6
      vertex 10.0571 6.71546 2.6
      vertex 10.4641 6.09426 2.6
    endloop
  endfacet
  facet normal 0 0 1
    outer loop
      vertex 10.6355 6.92966 2.6
      vertex 10.0357 6.77972 2.6
      vertex 10.0571 6.71546 2.6
    endloop
  endfacet
  facet normal 0 0 1
    outer loop
      vertex 10.3785 7.27241 2.6
      vertex 9.69298 7.27241 2.6
      vertex 10.0357 6.77972 2.6
    endloop
  endfacet
  facet normal 0 0 1
    outer loop
      vertex 10.2928 7.42235 2.6
      vertex 9.6073 7.35809 2.6
      vertex 9.69298 7.27241 2.6
    endloop
  endfacet
  facet normal 0 0 1
    outer loop
      vertex 9.54304 8.36489 2.6
      vertex 9.6073 7.35809 2.6
      vertex 10.2928 7.42235 2.6
    endloop
  endfacet
  facet normal 0 0 1
    outer loop
      vertex 9.54304 8.36489 2.6
      vertex 9.26456 7.82936 2.6
      vertex 9.6073 7.35809 2.6
    endloop
  endfacet
  facet normal 0 0 1
    outer loop
      vertex 8.90039 8.25776 2.6
      vertex 9.54304 8.36489 2.6
      vertex 9.07178 8.87897 2.6
    endloop
  endfacet
  facet normal 0 0 1
    outer loop
      vertex 9.54304 8.36489 2.6
      vertex 8.90039 8.25776 2.6
      vertex 9.26456 7.82936 2.6
    endloop
  endfacet
  facet normal -0 0 1
    outer loop
      vertex 8.12924 9.05035 2.6
      vertex 9.07178 8.87897 2.6
      vertex 8.53625 9.4145 2.6
    endloop
  endfacet
  facet normal 0 0 1
    outer loop
      vertex 9.07178 8.87897 2.6
      vertex 8.12924 9.05035 2.6
      vertex 8.90039 8.25776 2.6
    endloop
  endfacet
  facet normal 0 0 1
    outer loop
      vertex 8.06498 9.84292 2.6
      vertex 8.12924 9.05035 2.6
      vertex 8.53625 9.4145 2.6
    endloop
  endfacet
  facet normal 0 0 1
    outer loop
      vertex 7.35809 9.7144 2.6
      vertex 8.06498 9.84292 2.6
      vertex 7.59371 10.2285 2.6
    endloop
  endfacet
  facet normal 0 0 1
    outer loop
      vertex 8.06498 9.84292 2.6
      vertex 7.35809 9.7144 2.6
      vertex 8.12924 9.05035 2.6
    endloop
  endfacet
  facet normal 0 0 1
    outer loop
      vertex 6.95108 10.0143 2.6
      vertex 7.59371 10.2285 2.6
      vertex 7.18673 10.5284 2.6
    endloop
  endfacet
  facet normal 0 0 1
    outer loop
      vertex 6.95108 10.0143 2.6
      vertex 7.18673 10.5284 2.6
      vertex 7.12247 10.5498 2.6
    endloop
  endfacet
  facet normal 0 0 1
    outer loop
      vertex 7.59371 10.2285 2.6
      vertex 6.95108 10.0143 2.6
      vertex 7.35809 9.7144 2.6
    endloop
  endfacet
  facet normal 0 0 1
    outer loop
      vertex 6.32987 10.4213 2.6
      vertex 7.12247 10.5498 2.6
      vertex 6.69404 10.8497 2.6
    endloop
  endfacet
  facet normal 0 0 1
    outer loop
      vertex 7.12247 10.5498 2.6
      vertex 6.32987 10.4213 2.6
      vertex 6.95108 10.0143 2.6
    endloop
  endfacet
  facet normal 0 0 1
    outer loop
      vertex 6.26562 11.1068 2.6
      vertex 6.32987 10.4213 2.6
      vertex 6.69404 10.8497 2.6
    endloop
  endfacet
  facet normal 0 0 1
    outer loop
      vertex 5.34453 10.9568 2.6
      vertex 6.26562 11.1068 2.6
      vertex 5.83722 11.321 2.6
    endloop
  endfacet
  facet normal -0 0 1
    outer loop
      vertex 5.75154 11.3638 2.6
      vertex 5.83722 11.321 2.6
      vertex 5.79438 11.3638 2.6
    endloop
  endfacet
  facet normal 0 0 1
    outer loop
      vertex 5.83722 11.321 2.6
      vertex 5.75154 11.3638 2.6
      vertex 5.34453 10.9568 2.6
    endloop
  endfacet
  facet normal 0 0 1
    outer loop
      vertex 5.58015 11.4495 2.6
      vertex 5.75154 11.3638 2.6
      vertex 5.70867 11.4066 2.6
    endloop
  endfacet
  facet normal 0 0 1
    outer loop
      vertex 5.75154 11.3638 2.6
      vertex 5.58015 11.4495 2.6
      vertex 5.34453 10.9568 2.6
    endloop
  endfacet
  facet normal -0 0 1
    outer loop
      vertex 5.49447 11.4923 2.6
      vertex 5.58015 11.4495 2.6
      vertex 5.53731 11.4923 2.6
    endloop
  endfacet
  facet normal 0 0 1
    outer loop
      vertex 5.58015 11.4495 2.6
      vertex 5.49447 11.4923 2.6
      vertex 5.34453 10.9568 2.6
    endloop
  endfacet
  facet normal 0 0 1
    outer loop
      vertex 6.26562 11.1068 2.6
      vertex 5.34453 10.9568 2.6
      vertex 6.32987 10.4213 2.6
    endloop
  endfacet
  facet normal -0 0 1
    outer loop
      vertex 5.10891 11.0639 2.6
      vertex 5.34453 10.9568 2.6
      vertex 5.49447 11.4923 2.6
    endloop
  endfacet
  facet normal 0 0 1
    outer loop
      vertex 5.10891 11.0639 2.6
      vertex 5.49447 11.4923 2.6
      vertex 5.25885 11.6209 2.6
    endloop
  endfacet
  facet normal 0 0 1
    outer loop
      vertex 5.10891 11.0639 2.6
      vertex 5.25885 11.6209 2.6
      vertex 5.21601 11.6209 2.6
    endloop
  endfacet
  facet normal 0 0 1
    outer loop
      vertex 5.34453 10.9568 2.6
      vertex 5.10891 11.0639 2.6
      vertex 5.30169 10.9568 2.6
    endloop
  endfacet
  facet normal 0 0 1
    outer loop
      vertex 4.87326 11.171 2.6
      vertex 5.21601 11.6209 2.6
      vertex 5.06604 11.7065 2.6
    endloop
  endfacet
  facet normal 0 0 1
    outer loop
      vertex 5.21601 11.6209 2.6
      vertex 4.87326 11.171 2.6
      vertex 5.10891 11.0639 2.6
    endloop
  endfacet
  facet normal 0 0 1
    outer loop
      vertex 5.10891 11.0639 2.6
      vertex 4.87326 11.171 2.6
      vertex 5.06604 11.0639 2.6
    endloop
  endfacet
  facet normal 0 0 1
    outer loop
      vertex 4.76616 11.1924 2.6
      vertex 5.06604 11.7065 2.6
      vertex 4.809 11.7922 2.6
    endloop
  endfacet
  facet normal 0 0 1
    outer loop
      vertex 5.06604 11.7065 2.6
      vertex 4.76616 11.1924 2.6
      vertex 4.87326 11.171 2.6
    endloop
  endfacet
  facet normal 0 0 1
    outer loop
      vertex 4.809 11.7922 2.6
      vertex 4.61622 11.2781 2.6
      vertex 4.76616 11.1924 2.6
    endloop
  endfacet
  facet normal 0 0 1
    outer loop
      vertex 4.4877 11.9422 2.6
      vertex 4.61622 11.2781 2.6
      vertex 4.809 11.7922 2.6
    endloop
  endfacet
  facet normal 0 0 1
    outer loop
      vertex 4.4877 11.9422 2.6
      vertex 4.10211 11.4495 2.6
      vertex 4.61622 11.2781 2.6
    endloop
  endfacet
  facet normal 0 0 1
    outer loop
      vertex 4.4877 11.9422 2.6
      vertex 3.99501 11.5138 2.6
      vertex 4.10211 11.4495 2.6
    endloop
  endfacet
  facet normal 0 0 1
    outer loop
      vertex 3.84507 12.1564 2.6
      vertex 3.99501 11.5138 2.6
      vertex 4.4877 11.9422 2.6
    endloop
  endfacet
  facet normal 0 0 1
    outer loop
      vertex 3.99501 11.5138 2.6
      vertex 3.84507 12.1564 2.6
      vertex 3.93075 11.5138 2.6
    endloop
  endfacet
  facet normal -0 0 1
    outer loop
      vertex 3.78078 12.1564 2.6
      vertex 3.93075 11.5138 2.6
      vertex 3.84507 12.1564 2.6
    endloop
  endfacet
  facet normal 0 0 1
    outer loop
      vertex 3.3738 11.7065 2.6
      vertex 3.78078 12.1564 2.6
      vertex 3.54516 12.2421 2.6
    endloop
  endfacet
  facet normal 0 0 1
    outer loop
      vertex 3.78078 12.1564 2.6
      vertex 3.3738 11.7065 2.6
      vertex 3.93075 11.5138 2.6
    endloop
  endfacet
  facet normal 0 0 1
    outer loop
      vertex 3.30954 12.2849 2.6
      vertex 3.3738 11.7065 2.6
      vertex 3.54516 12.2421 2.6
    endloop
  endfacet
  facet normal -0 0 1
    outer loop
      vertex 3.15958 12.3278 2.6
      vertex 3.30954 12.2849 2.6
      vertex 3.22386 12.3278 2.6
    endloop
  endfacet
  facet normal 0 0 1
    outer loop
      vertex 3.30954 12.2849 2.6
      vertex 3.15958 12.3278 2.6
      vertex 3.03106 11.7922 2.6
    endloop
  endfacet
  facet normal 0 0 1
    outer loop
      vertex 3.30954 12.2849 2.6
      vertex 3.11674 11.7494 2.6
      vertex 3.3738 11.7065 2.6
    endloop
  endfacet
  facet normal 0 0 1
    outer loop
      vertex 3.30954 12.2849 2.6
      vertex 3.03106 11.7922 2.6
      vertex 3.11674 11.7494 2.6
    endloop
  endfacet
  facet normal 0 0 1
    outer loop
      vertex 2.8597 11.8351 2.6
      vertex 3.15958 12.3278 2.6
      vertex 2.96679 12.392 2.6
    endloop
  endfacet
  facet normal 0 0 1
    outer loop
      vertex 3.15958 12.3278 2.6
      vertex 2.8597 11.8351 2.6
      vertex 3.03106 11.7922 2.6
    endloop
  endfacet
  facet normal 0 0 1
    outer loop
      vertex 2.8597 11.8351 2.6
      vertex 2.96679 12.392 2.6
      vertex 2.88111 12.392 2.6
    endloop
  endfacet
  facet normal -0 0 1
    outer loop
      vertex 2.77402 12.4134 2.6
      vertex 2.88111 12.392 2.6
      vertex 2.8597 12.4134 2.6
    endloop
  endfacet
  facet normal 0 0 1
    outer loop
      vertex 3.03106 11.7922 2.6
      vertex 2.8597 11.8351 2.6
      vertex 2.94538 11.7922 2.6
    endloop
  endfacet
  facet normal 0 0 1
    outer loop
      vertex 2.6455 11.8779 2.6
      vertex 2.88111 12.392 2.6
      vertex 2.77402 12.4134 2.6
    endloop
  endfacet
  facet normal 0 0 1
    outer loop
      vertex 2.88111 12.392 2.6
      vertex 2.6455 11.8779 2.6
      vertex 2.8597 11.8351 2.6
    endloop
  endfacet
  facet normal 0 0 1
    outer loop
      vertex 2.6455 11.8779 2.6
      vertex 2.77402 12.4134 2.6
      vertex 2.66691 12.4563 2.6
    endloop
  endfacet
  facet normal 0 0 1
    outer loop
      vertex 2.8597 11.8351 2.6
      vertex 2.6455 11.8779 2.6
      vertex 2.83827 11.8136 2.6
    endloop
  endfacet
  facet normal -0 0 1
    outer loop
      vertex 2.55982 12.4563 2.6
      vertex 2.6455 11.8779 2.6
      vertex 2.66691 12.4563 2.6
    endloop
  endfacet
  facet normal -0 0 1
    outer loop
      vertex 2.45269 12.4777 2.6
      vertex 2.55982 12.4563 2.6
      vertex 2.53837 12.4777 2.6
    endloop
  endfacet
  facet normal 0 0 1
    outer loop
      vertex 2.55982 12.4563 2.6
      vertex 2.45269 12.4777 2.6
      vertex 2.43127 11.8993 2.6
    endloop
  endfacet
  facet normal 0 0 1
    outer loop
      vertex 2.55982 12.4563 2.6
      vertex 2.43127 11.8993 2.6
      vertex 2.6455 11.8779 2.6
    endloop
  endfacet
  facet normal 0 0 1
    outer loop
      vertex 2.21707 11.9636 2.6
      vertex 2.45269 12.4777 2.6
      vertex 2.32417 12.5205 2.6
    endloop
  endfacet
  facet normal 0 0 1
    outer loop
      vertex 2.45269 12.4777 2.6
      vertex 2.21707 11.9636 2.6
      vertex 2.43127 11.8993 2.6
    endloop
  endfacet
  facet normal 0 0 1
    outer loop
      vertex 2.08855 12.542 2.6
      vertex 2.21707 11.9636 2.6
      vertex 2.32417 12.5205 2.6
    endloop
  endfacet
  facet normal -0 0 1
    outer loop
      vertex 1.93861 12.5634 2.6
      vertex 2.08855 12.542 2.6
      vertex 2.06713 12.5634 2.6
    endloop
  endfacet
  facet normal 0 0 1
    outer loop
      vertex 2.08855 12.542 2.6
      vertex 1.93861 12.5634 2.6
      vertex 2.21707 11.9636 2.6
    endloop
  endfacet
  facet normal -0 0 1
    outer loop
      vertex 1.78864 12.5848 2.6
      vertex 1.93861 12.5634 2.6
      vertex 1.91719 12.5848 2.6
    endloop
  endfacet
  facet normal 0 0 1
    outer loop
      vertex 1.93861 12.5634 2.6
      vertex 1.78864 12.5848 2.6
      vertex 1.6387 12.0493 2.6
    endloop
  endfacet
  facet normal -0 0 1
    outer loop
      vertex 1.6387 12.6062 2.6
      vertex 1.78864 12.5848 2.6
      vertex 1.76722 12.6062 2.6
    endloop
  endfacet
  facet normal 0 0 1
    outer loop
      vertex 1.93861 12.5634 2.6
      vertex 1.66012 12.0278 2.6
      vertex 2.21707 11.9636 2.6
    endloop
  endfacet
  facet normal 0 0 1
    outer loop
      vertex 1.78864 12.5848 2.6
      vertex 1.6387 12.6062 2.6
      vertex 1.6387 12.0493 2.6
    endloop
  endfacet
  facet normal 0 0 1
    outer loop
      vertex 1.93861 12.5634 2.6
      vertex 1.6387 12.0493 2.6
      vertex 1.66012 12.0278 2.6
    endloop
  endfacet
  facet normal -0 0 1
    outer loop
      vertex 1.44592 12.6276 2.6
      vertex 1.6387 12.6062 2.6
      vertex 1.61728 12.6276 2.6
    endloop
  endfacet
  facet normal 0 0 1
    outer loop
      vertex 1.6387 12.6062 2.6
      vertex 1.44592 12.6276 2.6
      vertex 1.4245 12.0707 2.6
    endloop
  endfacet
  facet normal 0 0 1
    outer loop
      vertex 1.6387 12.6062 2.6
      vertex 1.4245 12.0707 2.6
      vertex 1.6387 12.0493 2.6
    endloop
  endfacet
  facet normal -0 0 1
    outer loop
      vertex 1.25311 12.6491 2.6
      vertex 1.44592 12.6276 2.6
      vertex 1.4245 12.6491 2.6
    endloop
  endfacet
  facet normal 0 0 1
    outer loop
      vertex 1.6387 12.0493 2.6
      vertex 1.4245 12.0707 2.6
      vertex 1.44592 12.0493 2.6
    endloop
  endfacet
  facet normal 0 0 1
    outer loop
      vertex 1.44592 12.6276 2.6
      vertex 1.25311 12.0921 2.6
      vertex 1.4245 12.0707 2.6
    endloop
  endfacet
  facet normal 0 0 1
    outer loop
      vertex 1.44592 12.6276 2.6
      vertex 1.25311 12.6491 2.6
      vertex 1.25311 12.0921 2.6
    endloop
  endfacet
  facet normal 0 0 1
    outer loop
      vertex 1.4245 12.0707 2.6
      vertex 1.25311 12.0921 2.6
      vertex 1.27456 12.0707 2.6
    endloop
  endfacet
  facet normal -0 0 1
    outer loop
      vertex 0.974651 12.6705 2.6
      vertex 1.25311 12.6491 2.6
      vertex 1.23169 12.6705 2.6
    endloop
  endfacet
  facet normal 0 0 1
    outer loop
      vertex 1.25311 12.6491 2.6
      vertex 1.03891 12.1136 2.6
      vertex 1.25311 12.0921 2.6
    endloop
  endfacet
  facet normal 0 0 1
    outer loop
      vertex 1.25311 12.0921 2.6
      vertex 1.03891 12.1136 2.6
      vertex 1.06033 12.0921 2.6
    endloop
  endfacet
  facet normal 0 0 1
    outer loop
      vertex 1.25311 12.6491 2.6
      vertex 0.974651 12.6705 2.6
      vertex 1.03891 12.1136 2.6
    endloop
  endfacet
  facet normal -0 0 1
    outer loop
      vertex 0.589064 12.6919 2.6
      vertex 0.974651 12.6705 2.6
      vertex 0.953231 12.6919 2.6
    endloop
  endfacet
  facet normal 0 0 1
    outer loop
      vertex 0.974651 12.6705 2.6
      vertex 0.931811 12.1136 2.6
      vertex 1.03891 12.1136 2.6
    endloop
  endfacet
  facet normal 0 0 1
    outer loop
      vertex 0.974651 12.6705 2.6
      vertex 0.888971 12.1136 2.6
      vertex 0.931811 12.1136 2.6
    endloop
  endfacet
  facet normal 0 0 1
    outer loop
      vertex 0.931811 12.1136 2.6
      vertex 0.888971 12.1136 2.6
      vertex 0.910391 12.0921 2.6
    endloop
  endfacet
  facet normal 0 0 1
    outer loop
      vertex 0.974651 12.6705 2.6
      vertex 0.610483 12.135 2.6
      vertex 0.888971 12.1136 2.6
    endloop
  endfacet
  facet normal 0 0 1
    outer loop
      vertex 0.888971 12.1136 2.6
      vertex 0.610483 12.135 2.6
      vertex 0.631904 12.1136 2.6
    endloop
  endfacet
  facet normal 0 0 1
    outer loop
      vertex 0.974651 12.6705 2.6
      vertex 0.589064 12.6919 2.6
      vertex 0.610483 12.135 2.6
    endloop
  endfacet
  facet normal 0 0 1
    outer loop
      vertex 0.567643 12.7133 2.6
      vertex 0.610483 12.135 2.6
      vertex 0.589064 12.6919 2.6
    endloop
  endfacet
  facet normal 0 0 1
    outer loop
      vertex 0.567643 12.7133 2.6
      vertex -0.374864 12.135 2.6
      vertex 0.610483 12.135 2.6
    endloop
  endfacet
  facet normal -0 0 1
    outer loop
      vertex -0.503384 12.7133 2.6
      vertex -0.374864 12.135 2.6
      vertex 0.567643 12.7133 2.6
    endloop
  endfacet
  facet normal -0 0 1
    outer loop
      vertex -0.524804 12.6919 2.6
      vertex -0.374864 12.135 2.6
      vertex -0.503384 12.7133 2.6
    endloop
  endfacet
  facet normal 0 0 1
    outer loop
      vertex -0.824712 12.1136 2.6
      vertex -0.374864 12.135 2.6
      vertex -0.524804 12.6919 2.6
    endloop
  endfacet
  facet normal 0 0 1
    outer loop
      vertex -0.374864 12.135 2.6
      vertex -0.824712 12.1136 2.6
      vertex -0.396284 12.1136 2.6
    endloop
  endfacet
  facet normal -0 0 1
    outer loop
      vertex -0.910392 12.6705 2.6
      vertex -0.824712 12.1136 2.6
      vertex -0.524804 12.6919 2.6
    endloop
  endfacet
  facet normal 0 0 1
    outer loop
      vertex -0.910392 12.6705 2.6
      vertex -0.524804 12.6919 2.6
      vertex -0.888971 12.6919 2.6
    endloop
  endfacet
  facet normal 0 0 1
    outer loop
      vertex -1.10317 12.0921 2.6
      vertex -0.824712 12.1136 2.6
      vertex -0.910392 12.6705 2.6
    endloop
  endfacet
  facet normal 0 0 1
    outer loop
      vertex -0.824712 12.1136 2.6
      vertex -1.10317 12.0921 2.6
      vertex -0.846131 12.0921 2.6
    endloop
  endfacet
  facet normal -0 0 1
    outer loop
      vertex -1.16743 12.6491 2.6
      vertex -1.10317 12.0921 2.6
      vertex -0.910392 12.6705 2.6
    endloop
  endfacet
  facet normal 0 0 1
    outer loop
      vertex -1.16743 12.6491 2.6
      vertex -0.910392 12.6705 2.6
      vertex -1.14601 12.6705 2.6
    endloop
  endfacet
  facet normal 0 0 1
    outer loop
      vertex -1.33882 12.0707 2.6
      vertex -1.10317 12.0921 2.6
      vertex -1.16743 12.6491 2.6
    endloop
  endfacet
  facet normal 0 0 1
    outer loop
      vertex -1.10317 12.0921 2.6
      vertex -1.33882 12.0707 2.6
      vertex -1.12459 12.0707 2.6
    endloop
  endfacet
  facet normal -0 0 1
    outer loop
      vertex -1.72438 12.6062 2.6
      vertex -1.33882 12.0707 2.6
      vertex -1.16743 12.6491 2.6
    endloop
  endfacet
  facet normal 0 -0 1
    outer loop
      vertex -1.51018 12.0493 2.6
      vertex -1.33882 12.0707 2.6
      vertex -1.72438 12.6062 2.6
    endloop
  endfacet
  facet normal 0 0 1
    outer loop
      vertex -1.33882 12.0707 2.6
      vertex -1.51018 12.0493 2.6
      vertex -1.36024 12.0493 2.6
    endloop
  endfacet
  facet normal -0 0 1
    outer loop
      vertex -1.7458 12.5848 2.6
      vertex -1.51018 12.0493 2.6
      vertex -1.72438 12.6062 2.6
    endloop
  endfacet
  facet normal 0 -0 1
    outer loop
      vertex -1.68154 12.0278 2.6
      vertex -1.51018 12.0493 2.6
      vertex -1.7458 12.5848 2.6
    endloop
  endfacet
  facet normal 0 0 1
    outer loop
      vertex -1.51018 12.0493 2.6
      vertex -1.68154 12.0278 2.6
      vertex -1.5316 12.0278 2.6
    endloop
  endfacet
  facet normal 0 0 1
    outer loop
      vertex -1.98145 11.985 2.6
      vertex -1.68154 12.0278 2.6
      vertex -1.7458 12.5848 2.6
    endloop
  endfacet
  facet normal 0 0 1
    outer loop
      vertex -1.68154 12.0278 2.6
      vertex -1.98145 11.985 2.6
      vertex -1.70296 12.0064 2.6
    endloop
  endfacet
  facet normal -0 0 1
    outer loop
      vertex -2.38843 12.4991 2.6
      vertex -1.98145 11.985 2.6
      vertex -1.7458 12.5848 2.6
    endloop
  endfacet
  facet normal 0 -0 1
    outer loop
      vertex -2.19565 11.9422 2.6
      vertex -1.98145 11.985 2.6
      vertex -2.38843 12.4991 2.6
    endloop
  endfacet
  facet normal 0 0 1
    outer loop
      vertex -1.98145 11.985 2.6
      vertex -2.19565 11.9422 2.6
      vertex -2.08855 11.9422 2.6
    endloop
  endfacet
  facet normal -0 0 1
    outer loop
      vertex -2.40985 12.4777 2.6
      vertex -2.19565 11.9422 2.6
      vertex -2.38843 12.4991 2.6
    endloop
  endfacet
  facet normal 0 -0 1
    outer loop
      vertex -2.32417 11.9207 2.6
      vertex -2.19565 11.9422 2.6
      vertex -2.40985 12.4777 2.6
    endloop
  endfacet
  facet normal 0 0 1
    outer loop
      vertex -2.19565 11.9422 2.6
      vertex -2.32417 11.9207 2.6
      vertex -2.21707 11.9207 2.6
    endloop
  endfacet
  facet normal 0 0 1
    outer loop
      vertex -2.40985 12.4777 2.6
      vertex -2.45269 11.8779 2.6
      vertex -2.32417 11.9207 2.6
    endloop
  endfacet
  facet normal 0 0 1
    outer loop
      vertex -2.40985 12.4777 2.6
      vertex -2.53837 11.8779 2.6
      vertex -2.45269 11.8779 2.6
    endloop
  endfacet
  facet normal -0 0 1
    outer loop
      vertex -2.70976 12.4349 2.6
      vertex -2.53837 11.8779 2.6
      vertex -2.40985 12.4777 2.6
    endloop
  endfacet
  facet normal 0 -0 1
    outer loop
      vertex -2.6455 11.8565 2.6
      vertex -2.53837 11.8779 2.6
      vertex -2.70976 12.4349 2.6
    endloop
  endfacet
  facet normal 0 0 1
    outer loop
      vertex -2.53837 11.8779 2.6
      vertex -2.6455 11.8565 2.6
      vertex -2.55982 11.8565 2.6
    endloop
  endfacet
  facet normal -0 0 1
    outer loop
      vertex -2.81686 12.392 2.6
      vertex -2.6455 11.8565 2.6
      vertex -2.70976 12.4349 2.6
    endloop
  endfacet
  facet normal 0 -0 1
    outer loop
      vertex -2.7526 11.8351 2.6
      vertex -2.6455 11.8565 2.6
      vertex -2.81686 12.392 2.6
    endloop
  endfacet
  facet normal 0 0 1
    outer loop
      vertex -2.6455 11.8565 2.6
      vertex -2.7526 11.8351 2.6
      vertex -2.66692 11.8351 2.6
    endloop
  endfacet
  facet normal 0 0 1
    outer loop
      vertex -3.03106 12.3492 2.6
      vertex -2.81686 12.392 2.6
      vertex -3.00964 12.3706 2.6
    endloop
  endfacet
  facet normal 0 0 1
    outer loop
      vertex -2.81686 12.392 2.6
      vertex -3.03106 12.3492 2.6
      vertex -2.7526 11.8351 2.6
    endloop
  endfacet
  facet normal 0 0 1
    outer loop
      vertex -2.7526 11.8351 2.6
      vertex -3.03106 12.3492 2.6
      vertex -3.00964 11.7494 2.6
    endloop
  endfacet
  facet normal 0 0 1
    outer loop
      vertex -3.03106 12.3492 2.6
      vertex -3.09532 11.7494 2.6
      vertex -3.00964 11.7494 2.6
    endloop
  endfacet
  facet normal -0 0 1
    outer loop
      vertex -3.35238 12.2849 2.6
      vertex -3.09532 11.7494 2.6
      vertex -3.03106 12.3492 2.6
    endloop
  endfacet
  facet normal -0 0 1
    outer loop
      vertex -3.43806 12.2421 2.6
      vertex -3.09532 11.7494 2.6
      vertex -3.35238 12.2849 2.6
    endloop
  endfacet
  facet normal 0 0 1
    outer loop
      vertex -3.09532 11.7494 2.6
      vertex -3.43806 12.2421 2.6
      vertex -3.28812 11.6851 2.6
    endloop
  endfacet
  facet normal 0 0 1
    outer loop
      vertex -3.28812 11.6851 2.6
      vertex -3.43806 12.2421 2.6
      vertex -3.35238 11.6851 2.6
    endloop
  endfacet
  facet normal -0 0 1
    outer loop
      vertex -3.588 12.1992 2.6
      vertex -3.35238 11.6851 2.6
      vertex -3.43806 12.2421 2.6
    endloop
  endfacet
  facet normal 0 0 1
    outer loop
      vertex -3.588 12.1992 2.6
      vertex -3.43806 12.2421 2.6
      vertex -3.50232 12.2421 2.6
    endloop
  endfacet
  facet normal 0 -0 1
    outer loop
      vertex -3.50232 11.6423 2.6
      vertex -3.35238 11.6851 2.6
      vertex -3.588 12.1992 2.6
    endloop
  endfacet
  facet normal 0 0 1
    outer loop
      vertex -3.35238 11.6851 2.6
      vertex -3.50232 11.6423 2.6
      vertex -3.43806 11.6423 2.6
    endloop
  endfacet
  facet normal 0 0 1
    outer loop
      vertex -3.73794 12.1564 2.6
      vertex -3.588 12.1992 2.6
      vertex -3.65226 12.1992 2.6
    endloop
  endfacet
  facet normal 0 0 1
    outer loop
      vertex -3.588 12.1992 2.6
      vertex -3.73794 12.1564 2.6
      vertex -3.50232 11.6423 2.6
    endloop
  endfacet
  facet normal 0 -0 1
    outer loop
      vertex -3.71652 11.578 2.6
      vertex -3.50232 11.6423 2.6
      vertex -3.73794 12.1564 2.6
    endloop
  endfacet
  facet normal 0 0 1
    outer loop
      vertex -3.50232 11.6423 2.6
      vertex -3.71652 11.578 2.6
      vertex -3.65226 11.578 2.6
    endloop
  endfacet
  facet normal -0 0 1
    outer loop
      vertex -3.8022 12.1564 2.6
      vertex -3.71652 11.578 2.6
      vertex -3.73794 12.1564 2.6
    endloop
  endfacet
  facet normal -0 0 1
    outer loop
      vertex -4.44483 11.9422 2.6
      vertex -3.71652 11.578 2.6
      vertex -3.8022 12.1564 2.6
    endloop
  endfacet
  facet normal 0 0 1
    outer loop
      vertex -3.71652 11.578 2.6
      vertex -4.44483 11.9422 2.6
      vertex -4.29489 11.3852 2.6
    endloop
  endfacet
  facet normal -0 0 1
    outer loop
      vertex -4.61622 11.8565 2.6
      vertex -4.29489 11.3852 2.6
      vertex -4.44483 11.9422 2.6
    endloop
  endfacet
  facet normal 0 0 1
    outer loop
      vertex -4.29489 11.3852 2.6
      vertex -4.61622 11.8565 2.6
      vertex -4.35915 11.3424 2.6
    endloop
  endfacet
  facet normal 0 0 1
    outer loop
      vertex -4.35915 11.3424 2.6
      vertex -4.61622 11.8565 2.6
      vertex -4.57338 11.2781 2.6
    endloop
  endfacet
  facet normal 0 0 1
    outer loop
      vertex -4.78758 11.7922 2.6
      vertex -4.61622 11.8565 2.6
      vertex -4.72332 11.8351 2.6
    endloop
  endfacet
  facet normal 0 0 1
    outer loop
      vertex -4.61622 11.8565 2.6
      vertex -4.78758 11.7922 2.6
      vertex -4.57338 11.2781 2.6
    endloop
  endfacet
  facet normal 0 0 1
    outer loop
      vertex -4.57338 11.2781 2.6
      vertex -4.78758 11.7922 2.6
      vertex -4.72332 11.1924 2.6
    endloop
  endfacet
  facet normal -0 0 1
    outer loop
      vertex -5.04462 11.7065 2.6
      vertex -4.72332 11.1924 2.6
      vertex -4.78758 11.7922 2.6
    endloop
  endfacet
  facet normal 0 0 1
    outer loop
      vertex -4.72332 11.1924 2.6
      vertex -5.04462 11.7065 2.6
      vertex -4.93752 11.1282 2.6
    endloop
  endfacet
  facet normal -0 0 1
    outer loop
      vertex -5.19459 11.6209 2.6
      vertex -4.93752 11.1282 2.6
      vertex -5.04462 11.7065 2.6
    endloop
  endfacet
  facet normal -0 0 1
    outer loop
      vertex -5.23743 11.6209 2.6
      vertex -4.93752 11.1282 2.6
      vertex -5.19459 11.6209 2.6
    endloop
  endfacet
  facet normal 0 0 1
    outer loop
      vertex -5.23743 11.6209 2.6
      vertex -5.40879 10.8926 2.6
      vertex -4.93752 11.1282 2.6
    endloop
  endfacet
  facet normal 0 0 1
    outer loop
      vertex -5.23743 11.6209 2.6
      vertex -5.45163 10.8926 2.6
      vertex -5.40879 10.8926 2.6
    endloop
  endfacet
  facet normal -0 0 1
    outer loop
      vertex -6.11568 11.1924 2.6
      vertex -5.45163 10.8926 2.6
      vertex -5.23743 11.6209 2.6
    endloop
  endfacet
  facet normal 0 0 1
    outer loop
      vertex -5.45163 10.8926 2.6
      vertex -6.11568 11.1924 2.6
      vertex -5.62299 10.7854 2.6
    endloop
  endfacet
  facet normal 0 0 1
    outer loop
      vertex -5.62299 10.7854 2.6
      vertex -6.11568 11.1924 2.6
      vertex -5.75154 10.7426 2.6
    endloop
  endfacet
  facet normal -0 0 1
    outer loop
      vertex -6.30846 11.0639 2.6
      vertex -5.75154 10.7426 2.6
      vertex -6.11568 11.1924 2.6
    endloop
  endfacet
  facet normal 0 0 1
    outer loop
      vertex -5.75154 10.7426 2.6
      vertex -6.30846 11.0639 2.6
      vertex -6.11568 10.5498 2.6
    endloop
  endfacet
  facet normal -0 0 1
    outer loop
      vertex -6.45842 10.9997 2.6
      vertex -6.11568 10.5498 2.6
      vertex -6.30846 11.0639 2.6
    endloop
  endfacet
  facet normal 0 0 1
    outer loop
      vertex -6.45842 10.9997 2.6
      vertex -7.12247 9.9286 2.6
      vertex -6.11568 10.5498 2.6
    endloop
  endfacet
  facet normal -0 0 1
    outer loop
      vertex -7.40093 10.3999 2.6
      vertex -7.12247 9.9286 2.6
      vertex -6.45842 10.9997 2.6
    endloop
  endfacet
  facet normal 0 0 1
    outer loop
      vertex -7.40093 10.3999 2.6
      vertex -7.9793 9.28598 2.6
      vertex -7.12247 9.9286 2.6
    endloop
  endfacet
  facet normal -0 0 1
    outer loop
      vertex -8.38631 9.65014 2.6
      vertex -7.9793 9.28598 2.6
      vertex -7.40093 10.3999 2.6
    endloop
  endfacet
  facet normal 0 0 1
    outer loop
      vertex -8.38631 9.65014 2.6
      vertex -8.60051 8.72903 2.6
      vertex -7.9793 9.28598 2.6
    endloop
  endfacet
  facet normal -0 0 1
    outer loop
      vertex -9.00752 9.09319 2.6
      vertex -8.60051 8.72903 2.6
      vertex -8.38631 9.65014 2.6
    endloop
  endfacet
  facet normal 0 0 1
    outer loop
      vertex -8.60051 8.72903 2.6
      vertex -9.00752 9.09319 2.6
      vertex -8.96468 8.36489 2.6
    endloop
  endfacet
  facet normal -0 0 1
    outer loop
      vertex -9.45734 8.64335 2.6
      vertex -8.96468 8.36489 2.6
      vertex -9.00752 9.09319 2.6
    endloop
  endfacet
  facet normal 0 0 1
    outer loop
      vertex -9.45734 8.64335 2.6
      vertex -9.47876 7.78652 2.6
      vertex -8.96468 8.36489 2.6
    endloop
  endfacet
  facet normal -0 0 1
    outer loop
      vertex -9.88576 8.17208 2.6
      vertex -9.47876 7.78652 2.6
      vertex -9.45734 8.64335 2.6
    endloop
  endfacet
  facet normal 0 0 1
    outer loop
      vertex -10.2499 7.72226 2.6
      vertex -9.47876 7.78652 2.6
      vertex -9.88576 8.17208 2.6
    endloop
  endfacet
  facet normal 0 0 1
    outer loop
      vertex -9.47876 7.78652 2.6
      vertex -10.2499 7.72226 2.6
      vertex -9.95002 7.18673 2.6
    endloop
  endfacet
  facet normal 0 0 1
    outer loop
      vertex -10.9568 6.71546 2.6
      vertex -9.95002 7.18673 2.6
      vertex -10.2499 7.72226 2.6
    endloop
  endfacet
  facet normal 0 0 1
    outer loop
      vertex -9.95002 7.18673 2.6
      vertex -10.9568 6.71546 2.6
      vertex -10.4641 6.41558 2.6
    endloop
  endfacet
  facet normal -0 0 1
    outer loop
      vertex -10.9568 6.67262 2.6
      vertex -10.4641 6.41558 2.6
      vertex -10.9568 6.71546 2.6
    endloop
  endfacet
  facet normal 0 0 1
    outer loop
      vertex -10.764 5.90148 2.6
      vertex -10.8069 5.81579 2.6
      vertex -10.764 5.85864 2.6
    endloop
  endfacet
  facet normal -0 0 1
    outer loop
      vertex -11.0425 6.56552 2.6
      vertex -10.5284 6.26562 2.6
      vertex -10.9568 6.67262 2.6
    endloop
  endfacet
  facet normal 0 0 1
    outer loop
      vertex -10.4641 6.41558 2.6
      vertex -10.9568 6.67262 2.6
      vertex -10.5284 6.26562 2.6
    endloop
  endfacet
  facet normal -0 0 1
    outer loop
      vertex -11.171 6.30846 2.6
      vertex -10.5284 6.26562 2.6
      vertex -11.0425 6.56552 2.6
    endloop
  endfacet
  facet normal 0 0 1
    outer loop
      vertex -10.5284 6.26562 2.6
      vertex -11.171 6.30846 2.6
      vertex -10.764 5.90148 2.6
    endloop
  endfacet
  facet normal -0 0 1
    outer loop
      vertex -11.2781 6.15851 2.6
      vertex -10.764 5.90148 2.6
      vertex -11.171 6.30846 2.6
    endloop
  endfacet
  facet normal 0 0 1
    outer loop
      vertex -11.0639 5.30169 2.6
      vertex -11.1068 5.21601 2.6
      vertex -11.0639 5.25885 2.6
    endloop
  endfacet
  facet normal 0 0 1
    outer loop
      vertex -10.764 5.90148 2.6
      vertex -11.2781 6.15851 2.6
      vertex -10.8069 5.81579 2.6
    endloop
  endfacet
  facet normal 0 0 1
    outer loop
      vertex -10.8069 5.81579 2.6
      vertex -11.2781 6.15851 2.6
      vertex -11.0639 5.30169 2.6
    endloop
  endfacet
  facet normal -0 0 1
    outer loop
      vertex -11.6851 5.34453 2.6
      vertex -11.0639 5.30169 2.6
      vertex -11.2781 6.15851 2.6
    endloop
  endfacet
  facet normal 0 0 1
    outer loop
      vertex -11.0639 5.30169 2.6
      vertex -11.6851 5.34453 2.6
      vertex -11.1068 5.21601 2.6
    endloop
  endfacet
  facet normal 0 0 1
    outer loop
      vertex -11.1068 5.21601 2.6
      vertex -11.6851 5.34453 2.6
      vertex -11.171 5.0232 2.6
    endloop
  endfacet
  facet normal -0 0 1
    outer loop
      vertex -11.728 5.19459 2.6
      vertex -11.171 5.0232 2.6
      vertex -11.6851 5.34453 2.6
    endloop
  endfacet
  facet normal 0 0 1
    outer loop
      vertex -11.171 5.0232 2.6
      vertex -11.728 5.19459 2.6
      vertex -11.2353 4.9161 2.6
    endloop
  endfacet
  facet normal 0 -0 1
    outer loop
      vertex -11.2781 4.85184 2.6
      vertex -11.2353 4.9161 2.6
      vertex -11.728 5.19459 2.6
    endloop
  endfacet
  facet normal 0 0 1
    outer loop
      vertex -11.2353 4.9161 2.6
      vertex -11.2781 4.85184 2.6
      vertex -11.2353 4.87326 2.6
    endloop
  endfacet
  facet normal -0 0 1
    outer loop
      vertex -11.8136 5.04462 2.6
      vertex -11.2781 4.85184 2.6
      vertex -11.728 5.19459 2.6
    endloop
  endfacet
  facet normal 0 0 1
    outer loop
      vertex -11.2781 4.85184 2.6
      vertex -11.8136 5.04462 2.6
      vertex -11.2995 4.78758 2.6
    endloop
  endfacet
  facet normal 0 0 1
    outer loop
      vertex -11.4709 4.33773 2.6
      vertex -11.5138 4.25205 2.6
      vertex -11.4709 4.29489 2.6
    endloop
  endfacet
  facet normal -0 0 1
    outer loop
      vertex -11.8565 4.89468 2.6
      vertex -11.2995 4.78758 2.6
      vertex -11.8136 5.04462 2.6
    endloop
  endfacet
  facet normal 0 0 1
    outer loop
      vertex -11.2995 4.78758 2.6
      vertex -11.8565 4.89468 2.6
      vertex -11.3638 4.57338 2.6
    endloop
  endfacet
  facet normal 0 0 1
    outer loop
      vertex -11.578 4.05927 2.6
      vertex -11.6209 3.93075 2.6
      vertex -11.578 3.99501 2.6
    endloop
  endfacet
  facet normal 0 0 1
    outer loop
      vertex -11.3638 4.57338 2.6
      vertex -11.8565 4.89468 2.6
      vertex -11.4066 4.53054 2.6
    endloop
  endfacet
  facet normal -0 0 1
    outer loop
      vertex -11.9636 4.68048 2.6
      vertex -11.4066 4.53054 2.6
      vertex -11.8565 4.89468 2.6
    endloop
  endfacet
  facet normal -0 0 1
    outer loop
      vertex -12.0064 4.50912 2.6
      vertex -11.4709 4.33773 2.6
      vertex -11.9636 4.68048 2.6
    endloop
  endfacet
  facet normal 0 0 1
    outer loop
      vertex -11.4709 4.33773 2.6
      vertex -12.0064 4.50912 2.6
      vertex -11.5138 4.25205 2.6
    endloop
  endfacet
  facet normal -0 0 1
    outer loop
      vertex -12.0921 4.33773 2.6
      vertex -11.5138 4.25205 2.6
      vertex -12.0064 4.50912 2.6
    endloop
  endfacet
  facet normal 0 0 1
    outer loop
      vertex -11.5138 4.25205 2.6
      vertex -12.0921 4.33773 2.6
      vertex -11.578 4.05927 2.6
    endloop
  endfacet
  facet normal 0 0 1
    outer loop
      vertex -11.578 4.05927 2.6
      vertex -12.1136 4.20921 2.6
      vertex -11.6209 3.93075 2.6
    endloop
  endfacet
  facet normal -0 0 1
    outer loop
      vertex -12.2635 3.8022 2.6
      vertex -11.6851 3.73794 2.6
      vertex -12.1136 4.20921 2.6
    endloop
  endfacet
  facet normal 0 0 1
    outer loop
      vertex -11.4066 4.53054 2.6
      vertex -11.9636 4.68048 2.6
      vertex -11.4709 4.33773 2.6
    endloop
  endfacet
  facet normal 0 0 1
    outer loop
      vertex -12.2635 3.73794 2.6
      vertex -11.6851 3.73794 2.6
      vertex -12.2635 3.8022 2.6
    endloop
  endfacet
  facet normal 0 -0 1
    outer loop
      vertex -11.7494 3.52374 2.6
      vertex -11.6851 3.73794 2.6
      vertex -12.2635 3.73794 2.6
    endloop
  endfacet
  facet normal 0 0 1
    outer loop
      vertex -11.6851 3.73794 2.6
      vertex -11.7494 3.52374 2.6
      vertex -11.6851 3.67368 2.6
    endloop
  endfacet
  facet normal 0 0 1
    outer loop
      vertex -12.4991 2.77402 2.6
      vertex -11.8993 2.83827 2.6
      vertex -11.8993 2.94538 2.6
    endloop
  endfacet
  facet normal -0 0 1
    outer loop
      vertex -12.3063 3.65226 2.6
      vertex -11.7494 3.52374 2.6
      vertex -12.2635 3.73794 2.6
    endloop
  endfacet
  facet normal -0 0 1
    outer loop
      vertex -12.1136 4.20921 2.6
      vertex -11.578 4.05927 2.6
      vertex -12.0921 4.33773 2.6
    endloop
  endfacet
  facet normal -0 0 1
    outer loop
      vertex -12.3278 3.50232 2.6
      vertex -11.7708 3.43806 2.6
      vertex -12.3063 3.65226 2.6
    endloop
  endfacet
  facet normal 0 0 1
    outer loop
      vertex -12.4134 3.24528 2.6
      vertex -11.7922 3.3738 2.6
      vertex -12.3278 3.50232 2.6
    endloop
  endfacet
  facet normal 0 0 1
    outer loop
      vertex -11.7922 3.3738 2.6
      vertex -12.4134 3.24528 2.6
      vertex -11.8779 2.96679 2.6
    endloop
  endfacet
  facet normal -0 0 1
    outer loop
      vertex -12.4134 3.15958 2.6
      vertex -11.8779 2.96679 2.6
      vertex -12.4134 3.24528 2.6
    endloop
  endfacet
  facet normal 0 0 1
    outer loop
      vertex -11.8779 2.96679 2.6
      vertex -12.4134 3.15958 2.6
      vertex -11.8993 2.94538 2.6
    endloop
  endfacet
  facet normal 0 0 1
    outer loop
      vertex -12.4991 2.77402 2.6
      vertex -11.8993 2.94538 2.6
      vertex -12.4349 3.13815 2.6
    endloop
  endfacet
  facet normal 0 0 1
    outer loop
      vertex -12.5205 2.66691 2.6
      vertex -11.9422 2.70975 2.6
      vertex -12.4991 2.77402 2.6
    endloop
  endfacet
  facet normal 0 0 1
    outer loop
      vertex -11.6209 3.93075 2.6
      vertex -12.1136 4.20921 2.6
      vertex -11.6851 3.73794 2.6
    endloop
  endfacet
  facet normal 0 0 1
    outer loop
      vertex -11.9422 2.70975 2.6
      vertex -11.985 2.49553 2.6
      vertex -11.9636 2.51695 2.6
    endloop
  endfacet
  facet normal 0 0 1
    outer loop
      vertex -11.9422 2.70975 2.6
      vertex -12.5205 2.66691 2.6
      vertex -11.985 2.49553 2.6
    endloop
  endfacet
  facet normal -0 0 1
    outer loop
      vertex -12.542 2.53837 2.6
      vertex -11.985 2.49553 2.6
      vertex -12.5205 2.66691 2.6
    endloop
  endfacet
  facet normal 0 0 1
    outer loop
      vertex 12.2635 3.39522 2.6
      vertex 11.7494 2.94538 2.6
      vertex 11.7922 2.8597 2.6
    endloop
  endfacet
  facet normal 0 0 1
    outer loop
      vertex 11.5352 3.65226 2.6
      vertex 11.7922 4.7019 2.6
      vertex 11.728 4.9161 2.6
    endloop
  endfacet
  facet normal 0 0 1
    outer loop
      vertex 11.9207 4.38057 2.6
      vertex 11.6851 3.24528 2.6
      vertex 11.7494 2.94538 2.6
    endloop
  endfacet
  facet normal 0 0 1
    outer loop
      vertex 11.9207 4.38057 2.6
      vertex 11.6209 3.45948 2.6
      vertex 11.6851 3.24528 2.6
    endloop
  endfacet
  facet normal 0 0 1
    outer loop
      vertex 11.6851 3.24528 2.6
      vertex 11.6209 3.45948 2.6
      vertex 11.6423 3.30954 2.6
    endloop
  endfacet
  facet normal 0 0 1
    outer loop
      vertex 11.5352 3.65226 2.6
      vertex 11.728 4.9161 2.6
      vertex 11.5566 5.25885 2.6
    endloop
  endfacet
  facet normal 0 0 1
    outer loop
      vertex 11.9207 4.38057 2.6
      vertex 11.5352 3.65226 2.6
      vertex 11.6209 3.45948 2.6
    endloop
  endfacet
  facet normal 0 0 1
    outer loop
      vertex 12.5634 1.87432 2.6
      vertex 11.985 1.89574 2.6
      vertex 11.985 1.7458 2.6
    endloop
  endfacet
  facet normal 0 0 1
    outer loop
      vertex 12.4991 2.25991 2.6
      vertex 11.9207 2.25991 2.6
      vertex 11.9422 2.02429 2.6
    endloop
  endfacet
  facet normal 0 0 1
    outer loop
      vertex 11.7494 2.94538 2.6
      vertex 12.0707 3.95217 2.6
      vertex 11.9207 4.38057 2.6
    endloop
  endfacet
  facet normal 0 0 1
    outer loop
      vertex 12.542 2.13139 2.6
      vertex 11.9422 2.02429 2.6
      vertex 11.985 1.89574 2.6
    endloop
  endfacet
  facet normal 0 0 1
    outer loop
      vertex 12.392 2.81686 2.6
      vertex 11.8136 2.75259 2.6
      vertex 11.8779 2.36701 2.6
    endloop
  endfacet
  facet normal 0 0 1
    outer loop
      vertex 11.7922 4.7019 2.6
      vertex 11.9207 4.38057 2.6
      vertex 11.8565 4.61622 2.6
    endloop
  endfacet
  facet normal 0 0 1
    outer loop
      vertex 12.4777 2.38843 2.6
      vertex 11.8779 2.36701 2.6
      vertex 11.9207 2.25991 2.6
    endloop
  endfacet
  facet normal 0 0 1
    outer loop
      vertex 11.5352 3.65226 2.6
      vertex 11.9207 4.38057 2.6
      vertex 11.7922 4.7019 2.6
    endloop
  endfacet
  facet normal 0 0 1
    outer loop
      vertex 12.392 2.81686 2.6
      vertex 11.7922 2.8597 2.6
      vertex 11.8136 2.75259 2.6
    endloop
  endfacet
  facet normal 0 0 1
    outer loop
      vertex 11.8136 2.75259 2.6
      vertex 11.7922 2.8597 2.6
      vertex 11.7708 2.83827 2.6
    endloop
  endfacet
  facet normal 0 0 1
    outer loop
      vertex 12.6276 1.40308 2.6
      vertex 12.0493 1.4245 2.6
      vertex 12.0707 1.25311 2.6
    endloop
  endfacet
  facet normal 0 0 1
    outer loop
      vertex 11.9207 4.38057 2.6
      vertex 12.0707 3.95217 2.6
      vertex 12.0278 4.14495 2.6
    endloop
  endfacet
  facet normal 0 0 1
    outer loop
      vertex 12.6276 1.40308 2.6
      vertex 12.0278 1.59586 2.6
      vertex 12.0493 1.4245 2.6
    endloop
  endfacet
  facet normal 0 0 1
    outer loop
      vertex 12.0493 1.4245 2.6
      vertex 12.0278 1.59586 2.6
      vertex 12.0278 1.44592 2.6
    endloop
  endfacet
  facet normal 0 0 1
    outer loop
      vertex 12.1136 0.267763 2.6
      vertex 12.6919 0.696192 2.6
      vertex 12.1136 0.824712 2.6
    endloop
  endfacet
  facet normal 0 0 1
    outer loop
      vertex 12.6705 0.974651 2.6
      vertex 12.0921 1.01749 2.6
      vertex 12.1136 0.824712 2.6
    endloop
  endfacet
  facet normal 0 0 1
    outer loop
      vertex 12.1778 3.6951 2.6
      vertex 11.7494 2.94538 2.6
      vertex 12.2207 3.4809 2.6
    endloop
  endfacet
  facet normal 0 0 1
    outer loop
      vertex 12.6276 1.40308 2.6
      vertex 12.0707 1.25311 2.6
      vertex 12.0921 1.01749 2.6
    endloop
  endfacet
  facet normal 0 0 1
    outer loop
      vertex 12.0921 1.01749 2.6
      vertex 12.0707 1.25311 2.6
      vertex 12.0707 1.03891 2.6
    endloop
  endfacet
  facet normal 0 0 1
    outer loop
      vertex 12.6919 0.696192 2.6
      vertex 12.1136 0.267763 2.6
      vertex 12.135 0.246344 2.6
    endloop
  endfacet
  facet normal 0 0 1
    outer loop
      vertex 12.1136 0.824712 2.6
      vertex 12.0921 1.01749 2.6
      vertex 12.0921 0.846131 2.6
    endloop
  endfacet
  facet normal 0 0 1
    outer loop
      vertex 12.0707 1.25311 2.6
      vertex 12.0493 1.4245 2.6
      vertex 12.0493 1.27456 2.6
    endloop
  endfacet
  facet normal 0 0 1
    outer loop
      vertex 12.5634 1.87432 2.6
      vertex 11.985 1.7458 2.6
      vertex 12.0278 1.59586 2.6
    endloop
  endfacet
  facet normal 0 0 1
    outer loop
      vertex 12.135 -4.23063 2.6
      vertex 11.578 -3.93075 2.6
      vertex 12.0921 -4.29489 2.6
    endloop
  endfacet
  facet normal -0 0 1
    outer loop
      vertex 11.4495 -4.29489 2.6
      vertex 12.0064 -4.53054 2.6
      vertex 11.5352 -4.12353 2.6
    endloop
  endfacet
  facet normal -0 0 1
    outer loop
      vertex 11.4281 -4.42341 2.6
      vertex 12.0064 -4.53054 2.6
      vertex 11.4495 -4.29489 2.6
    endloop
  endfacet
  facet normal 0 0 1
    outer loop
      vertex 12.0064 -4.53054 2.6
      vertex 11.4281 -4.42341 2.6
      vertex 11.985 -4.63764 2.6
    endloop
  endfacet
  facet normal 0 0 1
    outer loop
      vertex 11.985 -4.63764 2.6
      vertex 11.3638 -4.57338 2.6
      vertex 11.8565 -4.9161 2.6
    endloop
  endfacet
  facet normal -0 0 1
    outer loop
      vertex 11.321 -4.63764 2.6
      vertex 11.8565 -4.9161 2.6
      vertex 11.3638 -4.57338 2.6
    endloop
  endfacet
  facet normal -0 0 1
    outer loop
      vertex 11.3638 -4.57338 2.6
      vertex 11.985 -4.63764 2.6
      vertex 11.4281 -4.42341 2.6
    endloop
  endfacet
  facet normal -0 0 1
    outer loop
      vertex 11.2353 -4.89468 2.6
      vertex 11.8565 -4.9161 2.6
      vertex 11.321 -4.63764 2.6
    endloop
  endfacet
  facet normal 0 -0 1
    outer loop
      vertex 11.7708 -5.10891 2.6
      vertex 11.8565 -4.9161 2.6
      vertex 11.2353 -4.89468 2.6
    endloop
  endfacet
  facet normal 0 0 1
    outer loop
      vertex 11.8565 -4.9161 2.6
      vertex 11.7708 -5.10891 2.6
      vertex 11.8565 -4.95894 2.6
    endloop
  endfacet
  facet normal 0 0 1
    outer loop
      vertex 11.3638 -4.57338 2.6
      vertex 11.4281 -4.42341 2.6
      vertex 11.3852 -4.46628 2.6
    endloop
  endfacet
  facet normal 0 0 1
    outer loop
      vertex 11.7708 -5.10891 2.6
      vertex 11.171 -5.0232 2.6
      vertex 11.7708 -5.15175 2.6
    endloop
  endfacet
  facet normal -0 0 1
    outer loop
      vertex 11.171 -5.0232 2.6
      vertex 11.7708 -5.10891 2.6
      vertex 11.2353 -4.89468 2.6
    endloop
  endfacet
  facet normal 0 0 1
    outer loop
      vertex 10.9782 -5.38737 2.6
      vertex 11.7708 -5.15175 2.6
      vertex 11.171 -5.0232 2.6
    endloop
  endfacet
  facet normal 0 0 1
    outer loop
      vertex 11.7708 -5.15175 2.6
      vertex 10.9782 -5.38737 2.6
      vertex 11.4495 -5.8158 2.6
    endloop
  endfacet
  facet normal 0 0 1
    outer loop
      vertex 11.171 -5.0232 2.6
      vertex 11.2353 -4.89468 2.6
      vertex 11.171 -4.98036 2.6
    endloop
  endfacet
  facet normal -0 0 1
    outer loop
      vertex 10.9782 -5.43021 2.6
      vertex 11.4495 -5.8158 2.6
      vertex 10.9782 -5.38737 2.6
    endloop
  endfacet
  facet normal 0 0 1
    outer loop
      vertex 11.4495 -5.8158 2.6
      vertex 10.9782 -5.43021 2.6
      vertex 11.4066 -5.85864 2.6
    endloop
  endfacet
  facet normal -0 0 1
    outer loop
      vertex 10.9354 -5.47305 2.6
      vertex 11.4066 -5.85864 2.6
      vertex 10.9782 -5.43021 2.6
    endloop
  endfacet
  facet normal -0 0 1
    outer loop
      vertex 10.8283 -5.70867 2.6
      vertex 11.4066 -5.85864 2.6
      vertex 10.9354 -5.47305 2.6
    endloop
  endfacet
  facet normal 0 0 1
    outer loop
      vertex 11.4066 -5.85864 2.6
      vertex 10.8283 -5.70867 2.6
      vertex 11.2995 -6.09426 2.6
    endloop
  endfacet
  facet normal 0 0 1
    outer loop
      vertex 11.2995 -6.09426 2.6
      vertex 10.8283 -5.70867 2.6
      vertex 10.9568 -6.62978 2.6
    endloop
  endfacet
  facet normal -0 0 1
    outer loop
      vertex 10.357 -6.50126 2.6
      vertex 10.9568 -6.62978 2.6
      vertex 10.8283 -5.70867 2.6
    endloop
  endfacet
  facet normal 0 0 1
    outer loop
      vertex 10.9568 -6.62978 2.6
      vertex 10.357 -6.50126 2.6
      vertex 10.9354 -6.69404 2.6
    endloop
  endfacet
  facet normal 0 0 1
    outer loop
      vertex 9.88576 -7.16531 2.6
      vertex 10.9354 -6.69404 2.6
      vertex 10.357 -6.50126 2.6
    endloop
  endfacet
  facet normal 0 0 1
    outer loop
      vertex 10.9354 -6.69404 2.6
      vertex 9.88576 -7.16531 2.6
      vertex 10.2499 -7.658 2.6
    endloop
  endfacet
  facet normal 0 0 1
    outer loop
      vertex 9.15746 -8.04356 2.6
      vertex 10.2499 -7.658 2.6
      vertex 9.88576 -7.16531 2.6
    endloop
  endfacet
  facet normal 0 0 1
    outer loop
      vertex 10.2499 -7.658 2.6
      vertex 9.15746 -8.04356 2.6
      vertex 9.47875 -8.55767 2.6
    endloop
  endfacet
  facet normal -0 0 1
    outer loop
      vertex 8.68619 -8.53625 2.6
      vertex 9.47875 -8.55767 2.6
      vertex 9.15746 -8.04356 2.6
    endloop
  endfacet
  facet normal 0 0 1
    outer loop
      vertex 9.47875 -8.55767 2.6
      vertex 8.68619 -8.53625 2.6
      vertex 8.90039 -9.13604 2.6
    endloop
  endfacet
  facet normal -0 0 1
    outer loop
      vertex 8.1935 -9.00752 2.6
      vertex 8.90039 -9.13604 2.6
      vertex 8.68619 -8.53625 2.6
    endloop
  endfacet
  facet normal 0 0 1
    outer loop
      vertex 8.90039 -9.13604 2.6
      vertex 8.1935 -9.00752 2.6
      vertex 8.42915 -9.56446 2.6
    endloop
  endfacet
  facet normal -0 0 1
    outer loop
      vertex 7.658 -9.45734 2.6
      vertex 8.42915 -9.56446 2.6
      vertex 8.1935 -9.00752 2.6
    endloop
  endfacet
  facet normal 0 0 1
    outer loop
      vertex 8.42915 -9.56446 2.6
      vertex 7.658 -9.45734 2.6
      vertex 7.93646 -9.97144 2.6
    endloop
  endfacet
  facet normal -0 0 1
    outer loop
      vertex 7.05821 -9.90718 2.6
      vertex 7.93646 -9.97144 2.6
      vertex 7.658 -9.45734 2.6
    endloop
  endfacet
  facet normal 0 0 1
    outer loop
      vertex 7.93646 -9.97144 2.6
      vertex 7.05821 -9.90718 2.6
      vertex 7.27241 -10.4641 2.6
    endloop
  endfacet
  facet normal -0 0 1
    outer loop
      vertex 6.99392 -9.9286 2.6
      vertex 7.27241 -10.4641 2.6
      vertex 7.05821 -9.90718 2.6
    endloop
  endfacet
  facet normal -0 0 1
    outer loop
      vertex 6.52268 -10.2714 2.6
      vertex 7.27241 -10.4641 2.6
      vertex 6.99392 -9.9286 2.6
    endloop
  endfacet
  facet normal 0 0 1
    outer loop
      vertex 6.20135 -11.1282 2.6
      vertex 6.52268 -10.2714 2.6
      vertex 6.41558 -10.3142 2.6
    endloop
  endfacet
  facet normal 0 0 1
    outer loop
      vertex 6.52268 -10.2714 2.6
      vertex 6.20135 -11.1282 2.6
      vertex 7.27241 -10.4641 2.6
    endloop
  endfacet
  facet normal -0 0 1
    outer loop
      vertex 6.09426 -10.5284 2.6
      vertex 6.20135 -11.1282 2.6
      vertex 6.41558 -10.3142 2.6
    endloop
  endfacet
  facet normal -0 0 1
    outer loop
      vertex 5.13033 -11.0425 2.6
      vertex 6.20135 -11.1282 2.6
      vertex 6.09426 -10.5284 2.6
    endloop
  endfacet
  facet normal 0 0 1
    outer loop
      vertex 6.20135 -11.1282 2.6
      vertex 5.13033 -11.0425 2.6
      vertex 5.32311 -11.578 2.6
    endloop
  endfacet
  facet normal 0 0 1
    outer loop
      vertex 5.32311 -11.578 2.6
      vertex 5.13033 -11.0425 2.6
      vertex 5.28027 -11.578 2.6
    endloop
  endfacet
  facet normal 0 0 1
    outer loop
      vertex 4.89468 -11.1496 2.6
      vertex 5.13033 -11.0425 2.6
      vertex 5.08746 -11.0425 2.6
    endloop
  endfacet
  facet normal 0 0 1
    outer loop
      vertex 5.13033 -11.0425 2.6
      vertex 4.89468 -11.1496 2.6
      vertex 5.28027 -11.578 2.6
    endloop
  endfacet
  facet normal 0 0 1
    outer loop
      vertex 4.72332 -11.2353 2.6
      vertex 4.89468 -11.1496 2.6
      vertex 4.85184 -11.1496 2.6
    endloop
  endfacet
  facet normal 0 0 1
    outer loop
      vertex 4.89468 -11.1496 2.6
      vertex 4.72332 -11.2353 2.6
      vertex 5.28027 -11.578 2.6
    endloop
  endfacet
  facet normal 0 0 1
    outer loop
      vertex 5.28027 -11.578 2.6
      vertex 4.72332 -11.2353 2.6
      vertex 4.78758 -11.8136 2.6
    endloop
  endfacet
  facet normal 0 0 1
    outer loop
      vertex 4.55196 -11.2995 2.6
      vertex 4.72332 -11.2353 2.6
      vertex 4.61622 -11.2567 2.6
    endloop
  endfacet
  facet normal 0 0 1
    outer loop
      vertex 4.72332 -11.2353 2.6
      vertex 4.55196 -11.2995 2.6
      vertex 4.78758 -11.8136 2.6
    endloop
  endfacet
  facet normal -0 0 1
    outer loop
      vertex 4.23063 -11.4066 2.6
      vertex 4.78758 -11.8136 2.6
      vertex 4.55196 -11.2995 2.6
    endloop
  endfacet
  facet normal 0 0 1
    outer loop
      vertex 4.78758 -11.8136 2.6
      vertex 4.23063 -11.4066 2.6
      vertex 4.33773 -11.9636 2.6
    endloop
  endfacet
  facet normal -0 0 1
    outer loop
      vertex 4.12353 -11.4709 2.6
      vertex 4.33773 -11.9636 2.6
      vertex 4.23063 -11.4066 2.6
    endloop
  endfacet
  facet normal 0 0 1
    outer loop
      vertex 4.33773 -11.9636 2.6
      vertex 4.12353 -11.4709 2.6
      vertex 4.27347 -12.0064 2.6
    endloop
  endfacet
  facet normal -0 0 1
    outer loop
      vertex 3.95217 -11.5138 2.6
      vertex 4.27347 -12.0064 2.6
      vertex 4.12353 -11.4709 2.6
    endloop
  endfacet
  facet normal -0 0 1
    outer loop
      vertex 3.88791 -11.5566 2.6
      vertex 4.27347 -12.0064 2.6
      vertex 3.95217 -11.5138 2.6
    endloop
  endfacet
  facet normal 0 0 1
    outer loop
      vertex 3.88791 -11.5566 2.6
      vertex 3.88791 -12.135 2.6
      vertex 4.27347 -12.0064 2.6
    endloop
  endfacet
  facet normal -0 0 1
    outer loop
      vertex 3.75936 -11.5994 2.6
      vertex 3.88791 -12.135 2.6
      vertex 3.88791 -11.5566 2.6
    endloop
  endfacet
  facet normal 0 0 1
    outer loop
      vertex 3.88791 -12.135 2.6
      vertex 3.75936 -11.5994 2.6
      vertex 3.82365 -12.135 2.6
    endloop
  endfacet
  facet normal 0 0 1
    outer loop
      vertex 3.60942 -11.6423 2.6
      vertex 3.75936 -11.5994 2.6
      vertex 3.67368 -11.5994 2.6
    endloop
  endfacet
  facet normal 0 0 1
    outer loop
      vertex 3.75936 -11.5994 2.6
      vertex 3.60942 -11.6423 2.6
      vertex 3.82365 -12.135 2.6
    endloop
  endfacet
  facet normal 0 0 1
    outer loop
      vertex 3.60942 -11.6423 2.6
      vertex 3.60942 -12.2207 2.6
      vertex 3.82365 -12.135 2.6
    endloop
  endfacet
  facet normal -0 0 1
    outer loop
      vertex 3.35238 -11.728 2.6
      vertex 3.60942 -12.2207 2.6
      vertex 3.60942 -11.6423 2.6
    endloop
  endfacet
  facet normal 0 0 1
    outer loop
      vertex 3.60942 -12.2207 2.6
      vertex 3.35238 -11.728 2.6
      vertex 3.45948 -12.2421 2.6
    endloop
  endfacet
  facet normal -0 0 1
    outer loop
      vertex 3.18102 -11.7494 2.6
      vertex 3.45948 -12.2421 2.6
      vertex 3.35238 -11.728 2.6
    endloop
  endfacet
  facet normal 0 0 1
    outer loop
      vertex 3.45948 -12.2421 2.6
      vertex 3.18102 -11.7494 2.6
      vertex 3.3738 -12.2849 2.6
    endloop
  endfacet
  facet normal 0 0 1
    outer loop
      vertex 3.18102 -11.7494 2.6
      vertex 3.05248 -12.3492 2.6
      vertex 3.3738 -12.2849 2.6
    endloop
  endfacet
  facet normal -0 0 1
    outer loop
      vertex 2.8597 -11.8565 2.6
      vertex 3.05248 -12.3492 2.6
      vertex 3.18102 -11.7494 2.6
    endloop
  endfacet
  facet normal 0 -0 1
    outer loop
      vertex 2.94538 -12.3706 2.6
      vertex 3.05248 -12.3492 2.6
      vertex 2.8597 -11.8565 2.6
    endloop
  endfacet
  facet normal 0 0 1
    outer loop
      vertex 3.05248 -12.3492 2.6
      vertex 2.94538 -12.3706 2.6
      vertex 3.03106 -12.3706 2.6
    endloop
  endfacet
  facet normal -0 0 1
    outer loop
      vertex 2.66691 -11.8993 2.6
      vertex 2.94538 -12.3706 2.6
      vertex 2.8597 -11.8565 2.6
    endloop
  endfacet
  facet normal 0 0 1
    outer loop
      vertex 2.66691 -11.8993 2.6
      vertex 2.8597 -11.8565 2.6
      vertex 2.77402 -11.8565 2.6
    endloop
  endfacet
  facet normal 0 0 1
    outer loop
      vertex 2.94538 -12.3706 2.6
      vertex 2.66691 -11.8993 2.6
      vertex 2.83827 -12.4134 2.6
    endloop
  endfacet
  facet normal 0 0 1
    outer loop
      vertex 2.66691 -11.8993 2.6
      vertex 2.6455 -12.4349 2.6
      vertex 2.83827 -12.4134 2.6
    endloop
  endfacet
  facet normal -0 0 1
    outer loop
      vertex 2.55982 -11.9207 2.6
      vertex 2.6455 -12.4349 2.6
      vertex 2.66691 -11.8993 2.6
    endloop
  endfacet
  facet normal 0 0 1
    outer loop
      vertex 2.55982 -11.9207 2.6
      vertex 2.66691 -11.8993 2.6
      vertex 2.58124 -11.8993 2.6
    endloop
  endfacet
  facet normal -0 0 1
    outer loop
      vertex 2.45269 -11.9422 2.6
      vertex 2.6455 -12.4349 2.6
      vertex 2.55982 -11.9207 2.6
    endloop
  endfacet
  facet normal 0 0 1
    outer loop
      vertex 2.45269 -11.9422 2.6
      vertex 2.55982 -11.9207 2.6
      vertex 2.47411 -11.9207 2.6
    endloop
  endfacet
  facet normal 0 0 1
    outer loop
      vertex 2.40985 -12.4777 2.6
      vertex 2.6455 -12.4349 2.6
      vertex 2.45269 -11.9422 2.6
    endloop
  endfacet
  facet normal 0 0 1
    outer loop
      vertex 2.6455 -12.4349 2.6
      vertex 2.40985 -12.4777 2.6
      vertex 2.62407 -12.4563 2.6
    endloop
  endfacet
  facet normal -0 0 1
    outer loop
      vertex 2.36701 -11.9422 2.6
      vertex 2.40985 -12.4777 2.6
      vertex 2.45269 -11.9422 2.6
    endloop
  endfacet
  facet normal -0 0 1
    outer loop
      vertex 2.23849 -11.985 2.6
      vertex 2.40985 -12.4777 2.6
      vertex 2.36701 -11.9422 2.6
    endloop
  endfacet
  facet normal 0 0 1
    outer loop
      vertex 2.15281 -12.5205 2.6
      vertex 2.40985 -12.4777 2.6
      vertex 2.23849 -11.985 2.6
    endloop
  endfacet
  facet normal 0 0 1
    outer loop
      vertex 2.40985 -12.4777 2.6
      vertex 2.15281 -12.5205 2.6
      vertex 2.38843 -12.4991 2.6
    endloop
  endfacet
  facet normal -0 0 1
    outer loop
      vertex 1.98145 -12.0278 2.6
      vertex 2.15281 -12.5205 2.6
      vertex 2.23849 -11.985 2.6
    endloop
  endfacet
  facet normal 0 0 1
    outer loop
      vertex 1.98145 -12.0278 2.6
      vertex 2.23849 -11.985 2.6
      vertex 2.00287 -12.0064 2.6
    endloop
  endfacet
  facet normal 0 0 1
    outer loop
      vertex 1.87432 -12.5634 2.6
      vertex 2.15281 -12.5205 2.6
      vertex 1.98145 -12.0278 2.6
    endloop
  endfacet
  facet normal 0 0 1
    outer loop
      vertex 2.15281 -12.5205 2.6
      vertex 1.87432 -12.5634 2.6
      vertex 2.13139 -12.542 2.6
    endloop
  endfacet
  facet normal -0 0 1
    outer loop
      vertex 1.81006 -12.0493 2.6
      vertex 1.87432 -12.5634 2.6
      vertex 1.98145 -12.0278 2.6
    endloop
  endfacet
  facet normal 0 0 1
    outer loop
      vertex 1.81006 -12.0493 2.6
      vertex 1.98145 -12.0278 2.6
      vertex 1.83148 -12.0278 2.6
    endloop
  endfacet
  facet normal 0 0 1
    outer loop
      vertex 1.87432 -12.5634 2.6
      vertex 1.81006 -12.0493 2.6
      vertex 1.8529 -12.5848 2.6
    endloop
  endfacet
  facet normal -0 0 1
    outer loop
      vertex 1.3174 -12.0921 2.6
      vertex 1.8529 -12.5848 2.6
      vertex 1.81006 -12.0493 2.6
    endloop
  endfacet
  facet normal 0 0 1
    outer loop
      vertex 1.8529 -12.5848 2.6
      vertex 1.3174 -12.0921 2.6
      vertex 1.33882 -12.6276 2.6
    endloop
  endfacet
  facet normal -0 0 1
    outer loop
      vertex 1.29598 -12.1136 2.6
      vertex 1.33882 -12.6276 2.6
      vertex 1.3174 -12.0921 2.6
    endloop
  endfacet
  facet normal -0 0 1
    outer loop
      vertex 1.08175 -12.135 2.6
      vertex 1.33882 -12.6276 2.6
      vertex 1.29598 -12.1136 2.6
    endloop
  endfacet
  facet normal 0 0 1
    outer loop
      vertex 1.08175 -12.135 2.6
      vertex 1.29598 -12.1136 2.6
      vertex 1.10317 -12.1136 2.6
    endloop
  endfacet
  facet normal 0 -0 1
    outer loop
      vertex 1.10317 -12.6491 2.6
      vertex 1.33882 -12.6276 2.6
      vertex 1.08175 -12.135 2.6
    endloop
  endfacet
  facet normal 0 0 1
    outer loop
      vertex 1.33882 -12.6276 2.6
      vertex 1.10317 -12.6491 2.6
      vertex 1.3174 -12.6491 2.6
    endloop
  endfacet
  facet normal 0 0 1
    outer loop
      vertex 0.867552 -12.6705 2.6
      vertex 1.10317 -12.6491 2.6
      vertex 1.08175 -12.135 2.6
    endloop
  endfacet
  facet normal 0 0 1
    outer loop
      vertex 1.10317 -12.6491 2.6
      vertex 0.867552 -12.6705 2.6
      vertex 1.08175 -12.6705 2.6
    endloop
  endfacet
  facet normal -0 0 1
    outer loop
      vertex 0.481963 -12.1564 2.6
      vertex 0.867552 -12.6705 2.6
      vertex 1.08175 -12.135 2.6
    endloop
  endfacet
  facet normal -0 0 1
    outer loop
      vertex 0.460544 -12.1778 2.6
      vertex 0.867552 -12.6705 2.6
      vertex 0.481963 -12.1564 2.6
    endloop
  endfacet
  facet normal 0 -0 1
    outer loop
      vertex 0.503384 -12.6919 2.6
      vertex 0.867552 -12.6705 2.6
      vertex 0.460544 -12.1778 2.6
    endloop
  endfacet
  facet normal 0 0 1
    outer loop
      vertex 0.867552 -12.6705 2.6
      vertex 0.503384 -12.6919 2.6
      vertex 0.846131 -12.6919 2.6
    endloop
  endfacet
  facet normal -0 0 1
    outer loop
      vertex 0.396283 -12.1778 2.6
      vertex 0.503384 -12.6919 2.6
      vertex 0.460544 -12.1778 2.6
    endloop
  endfacet
  facet normal -0 0 1
    outer loop
      vertex 0.332024 -12.1778 2.6
      vertex 0.503384 -12.6919 2.6
      vertex 0.396283 -12.1778 2.6
    endloop
  endfacet
  facet normal 0 0 1
    outer loop
      vertex 0.332024 -12.1778 2.6
      vertex 0.396283 -12.1778 2.6
      vertex 0.374863 -12.1564 2.6
    endloop
  endfacet
  facet normal 0 0 1
    outer loop
      vertex 0.503384 -12.6919 2.6
      vertex 0.332024 -12.1778 2.6
      vertex 0.481963 -12.7133 2.6
    endloop
  endfacet
  facet normal -0 0 1
    outer loop
      vertex -0.696192 -12.1778 2.6
      vertex 0.481963 -12.7133 2.6
      vertex 0.332024 -12.1778 2.6
    endloop
  endfacet
  facet normal 0 0 1
    outer loop
      vertex -0.696192 -12.1778 2.6
      vertex -0.888971 -12.7133 2.6
      vertex 0.481963 -12.7133 2.6
    endloop
  endfacet
  facet normal -0 0 1
    outer loop
      vertex -1.10317 -12.1564 2.6
      vertex -0.696192 -12.1778 2.6
      vertex -0.717612 -12.1564 2.6
    endloop
  endfacet
  facet normal 0 0 1
    outer loop
      vertex -0.696192 -12.1778 2.6
      vertex -0.910392 -12.6919 2.6
      vertex -0.888971 -12.7133 2.6
    endloop
  endfacet
  facet normal 0 0 1
    outer loop
      vertex -0.696192 -12.1778 2.6
      vertex -1.10317 -12.1564 2.6
      vertex -0.910392 -12.6919 2.6
    endloop
  endfacet
  facet normal -0 0 1
    outer loop
      vertex -1.40308 -12.135 2.6
      vertex -1.10317 -12.1564 2.6
      vertex -1.12459 -12.135 2.6
    endloop
  endfacet
  facet normal 0 0 1
    outer loop
      vertex -1.10317 -12.1564 2.6
      vertex -1.29598 -12.6705 2.6
      vertex -0.910392 -12.6919 2.6
    endloop
  endfacet
  facet normal 0 0 1
    outer loop
      vertex -0.910392 -12.6919 2.6
      vertex -1.29598 -12.6705 2.6
      vertex -1.27456 -12.6919 2.6
    endloop
  endfacet
  facet normal 0 0 1
    outer loop
      vertex -1.10317 -12.1564 2.6
      vertex -1.40308 -12.135 2.6
      vertex -1.29598 -12.6705 2.6
    endloop
  endfacet
  facet normal -0 0 1
    outer loop
      vertex -1.6387 -12.1136 2.6
      vertex -1.40308 -12.135 2.6
      vertex -1.4245 -12.1136 2.6
    endloop
  endfacet
  facet normal 0 0 1
    outer loop
      vertex -1.40308 -12.135 2.6
      vertex -1.6387 -12.1136 2.6
      vertex -1.29598 -12.6705 2.6
    endloop
  endfacet
  facet normal 0 0 1
    outer loop
      vertex -2.02429 -12.0707 2.6
      vertex -1.6387 -12.1136 2.6
      vertex -1.66012 -12.0921 2.6
    endloop
  endfacet
  facet normal 0 0 1
    outer loop
      vertex -1.6387 -12.1136 2.6
      vertex -1.93861 -12.6276 2.6
      vertex -1.29598 -12.6705 2.6
    endloop
  endfacet
  facet normal 0 0 1
    outer loop
      vertex -1.6387 -12.1136 2.6
      vertex -1.96003 -12.6062 2.6
      vertex -1.93861 -12.6276 2.6
    endloop
  endfacet
  facet normal 0 0 1
    outer loop
      vertex -1.6387 -12.1136 2.6
      vertex -2.02429 -12.0707 2.6
      vertex -1.96003 -12.6062 2.6
    endloop
  endfacet
  facet normal -0 0 1
    outer loop
      vertex -2.17423 -12.0493 2.6
      vertex -2.02429 -12.0707 2.6
      vertex -2.04571 -12.0493 2.6
    endloop
  endfacet
  facet normal 0 0 1
    outer loop
      vertex -2.02429 -12.0707 2.6
      vertex -2.10997 -12.5848 2.6
      vertex -1.96003 -12.6062 2.6
    endloop
  endfacet
  facet normal 0 0 1
    outer loop
      vertex -1.96003 -12.6062 2.6
      vertex -2.10997 -12.5848 2.6
      vertex -2.08855 -12.6062 2.6
    endloop
  endfacet
  facet normal 0 0 1
    outer loop
      vertex -2.02429 -12.0707 2.6
      vertex -2.17423 -12.0493 2.6
      vertex -2.10997 -12.5848 2.6
    endloop
  endfacet
  facet normal 0 0 1
    outer loop
      vertex -2.28133 -12.5634 2.6
      vertex -2.17423 -12.0493 2.6
      vertex -2.19565 -12.0278 2.6
    endloop
  endfacet
  facet normal 0 0 1
    outer loop
      vertex -2.17423 -12.0493 2.6
      vertex -2.28133 -12.5634 2.6
      vertex -2.10997 -12.5848 2.6
    endloop
  endfacet
  facet normal 0 0 1
    outer loop
      vertex -2.10997 -12.5848 2.6
      vertex -2.28133 -12.5634 2.6
      vertex -2.25991 -12.5848 2.6
    endloop
  endfacet
  facet normal 0 0 1
    outer loop
      vertex -2.58124 -11.985 2.6
      vertex -2.28133 -12.5634 2.6
      vertex -2.19565 -12.0278 2.6
    endloop
  endfacet
  facet normal -0 0 1
    outer loop
      vertex -2.68834 -11.9636 2.6
      vertex -2.58124 -11.985 2.6
      vertex -2.60266 -11.9636 2.6
    endloop
  endfacet
  facet normal 0 0 1
    outer loop
      vertex -2.58124 -11.985 2.6
      vertex -2.66692 -12.5205 2.6
      vertex -2.28133 -12.5634 2.6
    endloop
  endfacet
  facet normal 0 0 1
    outer loop
      vertex -2.79544 -12.4777 2.6
      vertex -2.58124 -11.985 2.6
      vertex -2.68834 -11.9636 2.6
    endloop
  endfacet
  facet normal 0 0 1
    outer loop
      vertex -2.58124 -11.985 2.6
      vertex -2.79544 -12.4777 2.6
      vertex -2.66692 -12.5205 2.6
    endloop
  endfacet
  facet normal 0 0 1
    outer loop
      vertex -2.90254 -12.4563 2.6
      vertex -2.68834 -11.9636 2.6
      vertex -2.81686 -11.9207 2.6
    endloop
  endfacet
  facet normal 0 0 1
    outer loop
      vertex -2.68834 -11.9636 2.6
      vertex -2.90254 -12.4563 2.6
      vertex -2.79544 -12.4777 2.6
    endloop
  endfacet
  facet normal 0 0 1
    outer loop
      vertex -2.79544 -12.4777 2.6
      vertex -2.90254 -12.4563 2.6
      vertex -2.88112 -12.4777 2.6
    endloop
  endfacet
  facet normal -0 0 1
    outer loop
      vertex -2.92396 -11.9207 2.6
      vertex -2.90254 -12.4563 2.6
      vertex -2.81686 -11.9207 2.6
    endloop
  endfacet
  facet normal -0 0 1
    outer loop
      vertex -3.11674 -11.8779 2.6
      vertex -2.92396 -11.9207 2.6
      vertex -3.00964 -11.8779 2.6
    endloop
  endfacet
  facet normal 0 0 1
    outer loop
      vertex -2.92396 -11.9207 2.6
      vertex -3.00964 -12.4563 2.6
      vertex -2.90254 -12.4563 2.6
    endloop
  endfacet
  facet normal 0 0 1
    outer loop
      vertex -2.92396 -11.9207 2.6
      vertex -3.11674 -11.8779 2.6
      vertex -3.11674 -12.4134 2.6
    endloop
  endfacet
  facet normal 0 0 1
    outer loop
      vertex -2.92396 -11.9207 2.6
      vertex -3.11674 -12.4134 2.6
      vertex -3.00964 -12.4563 2.6
    endloop
  endfacet
  facet normal -0 0 1
    outer loop
      vertex -3.22386 -12.392 2.6
      vertex -3.11674 -12.4134 2.6
      vertex -3.11674 -11.8779 2.6
    endloop
  endfacet
  facet normal 0 0 1
    outer loop
      vertex -3.11674 -12.4134 2.6
      vertex -3.22386 -12.392 2.6
      vertex -3.20244 -12.4134 2.6
    endloop
  endfacet
  facet normal 0 0 1
    outer loop
      vertex -3.11674 -11.8779 2.6
      vertex -3.30954 -12.392 2.6
      vertex -3.22386 -12.392 2.6
    endloop
  endfacet
  facet normal 0 0 1
    outer loop
      vertex -3.3738 -11.7922 2.6
      vertex -3.30954 -12.392 2.6
      vertex -3.11674 -11.8779 2.6
    endloop
  endfacet
  facet normal -0 0 1
    outer loop
      vertex -3.45948 -11.7922 2.6
      vertex -3.30954 -12.392 2.6
      vertex -3.3738 -11.7922 2.6
    endloop
  endfacet
  facet normal -0 0 1
    outer loop
      vertex -3.6951 -11.728 2.6
      vertex -3.45948 -11.7922 2.6
      vertex -3.63084 -11.728 2.6
    endloop
  endfacet
  facet normal 0 0 1
    outer loop
      vertex -3.45948 -11.7922 2.6
      vertex -3.6951 -11.728 2.6
      vertex -3.30954 -12.392 2.6
    endloop
  endfacet
  facet normal 0 0 1
    outer loop
      vertex -4.38057 -12.0921 2.6
      vertex -3.6951 -11.728 2.6
      vertex -3.99501 -11.6209 2.6
    endloop
  endfacet
  facet normal 0 0 1
    outer loop
      vertex -4.38057 -12.0921 2.6
      vertex -3.99501 -11.6209 2.6
      vertex -4.05927 -11.6209 2.6
    endloop
  endfacet
  facet normal -0 0 1
    outer loop
      vertex -4.18779 -11.578 2.6
      vertex -4.05927 -11.6209 2.6
      vertex -4.16637 -11.5566 2.6
    endloop
  endfacet
  facet normal 0 0 1
    outer loop
      vertex -4.38057 -12.0921 2.6
      vertex -4.05927 -11.6209 2.6
      vertex -4.18779 -11.578 2.6
    endloop
  endfacet
  facet normal 0 0 1
    outer loop
      vertex -3.6951 -11.728 2.6
      vertex -4.38057 -12.0921 2.6
      vertex -3.30954 -12.392 2.6
    endloop
  endfacet
  facet normal 0 0 1
    outer loop
      vertex -4.42341 -11.4923 2.6
      vertex -4.18779 -11.578 2.6
      vertex -4.23063 -11.5352 2.6
    endloop
  endfacet
  facet normal 0 0 1
    outer loop
      vertex -4.18779 -11.578 2.6
      vertex -4.42341 -11.4923 2.6
      vertex -4.44483 -12.0493 2.6
    endloop
  endfacet
  facet normal 0 0 1
    outer loop
      vertex -4.18779 -11.578 2.6
      vertex -4.44483 -12.0493 2.6
      vertex -4.38057 -12.0921 2.6
    endloop
  endfacet
  facet normal 0 0 1
    outer loop
      vertex -4.9161 -11.8993 2.6
      vertex -4.42341 -11.4923 2.6
      vertex -4.53054 -11.4281 2.6
    endloop
  endfacet
  facet normal 0 0 1
    outer loop
      vertex -4.9161 -11.8993 2.6
      vertex -4.53054 -11.4281 2.6
      vertex -4.63764 -11.4066 2.6
    endloop
  endfacet
  facet normal 0 0 1
    outer loop
      vertex -4.42341 -11.4923 2.6
      vertex -4.9161 -11.8993 2.6
      vertex -4.44483 -12.0493 2.6
    endloop
  endfacet
  facet normal 0 0 1
    outer loop
      vertex -5.06604 -11.8136 2.6
      vertex -4.63764 -11.4066 2.6
      vertex -4.93752 -11.2567 2.6
    endloop
  endfacet
  facet normal 0 0 1
    outer loop
      vertex -4.63764 -11.4066 2.6
      vertex -5.06604 -11.8136 2.6
      vertex -4.9161 -11.8993 2.6
    endloop
  endfacet
  facet normal 0 0 1
    outer loop
      vertex -5.21601 -11.7708 2.6
      vertex -4.93752 -11.2567 2.6
      vertex -5.13033 -11.1924 2.6
    endloop
  endfacet
  facet normal 0 0 1
    outer loop
      vertex -4.93752 -11.2567 2.6
      vertex -5.21601 -11.7708 2.6
      vertex -5.06604 -11.8136 2.6
    endloop
  endfacet
  facet normal 0 0 1
    outer loop
      vertex -5.13033 -11.1924 2.6
      vertex -5.40879 -11.6637 2.6
      vertex -5.21601 -11.7708 2.6
    endloop
  endfacet
  facet normal -0 0 1
    outer loop
      vertex -5.68725 -11.5352 2.6
      vertex -5.40879 -11.6637 2.6
      vertex -5.13033 -11.1924 2.6
    endloop
  endfacet
  facet normal 0 0 1
    outer loop
      vertex -5.68725 -11.5352 2.6
      vertex -5.13033 -11.1924 2.6
      vertex -5.55873 -10.9782 2.6
    endloop
  endfacet
  facet normal 0 0 1
    outer loop
      vertex -5.73012 -10.8926 2.6
      vertex -5.55873 -10.9782 2.6
      vertex -5.60157 -10.9354 2.6
    endloop
  endfacet
  facet normal 0 0 1
    outer loop
      vertex -5.40879 -11.6637 2.6
      vertex -5.68725 -11.5352 2.6
      vertex -5.45163 -11.6637 2.6
    endloop
  endfacet
  facet normal 0 0 1
    outer loop
      vertex -5.55873 -10.9782 2.6
      vertex -5.73012 -10.8926 2.6
      vertex -5.73012 -11.5352 2.6
    endloop
  endfacet
  facet normal 0 0 1
    outer loop
      vertex -5.55873 -10.9782 2.6
      vertex -5.73012 -11.5352 2.6
      vertex -5.68725 -11.5352 2.6
    endloop
  endfacet
  facet normal 0 0 1
    outer loop
      vertex -5.77296 -10.8497 2.6
      vertex -5.73012 -11.5352 2.6
      vertex -5.73012 -10.8926 2.6
    endloop
  endfacet
  facet normal 0 0 1
    outer loop
      vertex -6.60836 -11.0425 2.6
      vertex -5.77296 -10.8497 2.6
      vertex -6.2442 -10.5927 2.6
    endloop
  endfacet
  facet normal 0 0 1
    outer loop
      vertex -5.77296 -10.8497 2.6
      vertex -6.60836 -11.0425 2.6
      vertex -5.73012 -11.5352 2.6
    endloop
  endfacet
  facet normal 0 0 1
    outer loop
      vertex -6.80114 -10.2285 2.6
      vertex -6.60836 -11.0425 2.6
      vertex -6.2442 -10.5927 2.6
    endloop
  endfacet
  facet normal 0 0 1
    outer loop
      vertex -7.33667 -10.5284 2.6
      vertex -6.80114 -10.2285 2.6
      vertex -7.31525 -9.84292 2.6
    endloop
  endfacet
  facet normal 0 0 1
    outer loop
      vertex -6.80114 -10.2285 2.6
      vertex -7.31525 -10.5712 2.6
      vertex -6.60836 -11.0425 2.6
    endloop
  endfacet
  facet normal 0 0 1
    outer loop
      vertex -6.80114 -10.2285 2.6
      vertex -7.33667 -10.5284 2.6
      vertex -7.31525 -10.5712 2.6
    endloop
  endfacet
  facet normal 0 0 1
    outer loop
      vertex -7.31525 -9.84292 2.6
      vertex -7.40093 -10.507 2.6
      vertex -7.33667 -10.5284 2.6
    endloop
  endfacet
  facet normal -0 0 1
    outer loop
      vertex -8.42915 -9.65014 2.6
      vertex -7.31525 -9.84292 2.6
      vertex -8.12924 -9.13604 2.6
    endloop
  endfacet
  facet normal 0 0 1
    outer loop
      vertex -8.42915 -9.65014 2.6
      vertex -8.12924 -9.13604 2.6
      vertex -8.42915 -8.81471 2.6
    endloop
  endfacet
  facet normal 0 0 1
    outer loop
      vertex -7.31525 -9.84292 2.6
      vertex -8.42915 -9.65014 2.6
      vertex -7.40093 -10.507 2.6
    endloop
  endfacet
  facet normal 0 0 1
    outer loop
      vertex -8.53625 -8.72903 2.6
      vertex -8.42915 -9.65014 2.6
      vertex -8.42915 -8.81471 2.6
    endloop
  endfacet
  facet normal 0 0 1
    outer loop
      vertex -9.3074 -8.75045 2.6
      vertex -8.53625 -8.72903 2.6
      vertex -9.05036 -8.15066 2.6
    endloop
  endfacet
  facet normal 0 0 1
    outer loop
      vertex -8.53625 -8.72903 2.6
      vertex -9.3074 -8.75045 2.6
      vertex -8.42915 -9.65014 2.6
    endloop
  endfacet
  facet normal -0 0 1
    outer loop
      vertex -10.1 -7.7651 2.6
      vertex -9.05036 -8.15066 2.6
      vertex -9.80008 -7.16531 2.6
    endloop
  endfacet
  facet normal 0 0 1
    outer loop
      vertex -9.05036 -8.15066 2.6
      vertex -10.1 -7.7651 2.6
      vertex -9.3074 -8.75045 2.6
    endloop
  endfacet
  facet normal -0 0 1
    outer loop
      vertex -10.5927 -6.99392 2.6
      vertex -9.80008 -7.16531 2.6
      vertex -10.2714 -6.437 2.6
    endloop
  endfacet
  facet normal 0 0 1
    outer loop
      vertex -10.8283 -6.60836 2.6
      vertex -10.2714 -6.437 2.6
      vertex -10.3356 -6.28704 2.6
    endloop
  endfacet
  facet normal 0 0 1
    outer loop
      vertex -10.8283 -6.60836 2.6
      vertex -10.3356 -6.28704 2.6
      vertex -10.4213 -6.17994 2.6
    endloop
  endfacet
  facet normal 0 0 1
    outer loop
      vertex -9.80008 -7.16531 2.6
      vertex -10.4641 -7.22957 2.6
      vertex -10.1 -7.7651 2.6
    endloop
  endfacet
  facet normal 0 0 1
    outer loop
      vertex -9.80008 -7.16531 2.6
      vertex -10.5927 -6.99392 2.6
      vertex -10.4641 -7.22957 2.6
    endloop
  endfacet
  facet normal 0 0 1
    outer loop
      vertex -10.2714 -6.437 2.6
      vertex -10.7212 -6.82256 2.6
      vertex -10.5927 -6.99392 2.6
    endloop
  endfacet
  facet normal 0 0 1
    outer loop
      vertex -10.2714 -6.437 2.6
      vertex -10.8283 -6.60836 2.6
      vertex -10.7212 -6.82256 2.6
    endloop
  endfacet
  facet normal 0 0 1
    outer loop
      vertex -10.4213 -6.17994 2.6
      vertex -10.914 -6.50126 2.6
      vertex -10.8283 -6.60836 2.6
    endloop
  endfacet
  facet normal 0 0 1
    outer loop
      vertex -10.9997 -5.06604 2.6
      vertex -10.914 -6.50126 2.6
      vertex -10.4213 -6.17994 2.6
    endloop
  endfacet
  facet normal 0 0 1
    outer loop
      vertex -11.5352 -5.23743 2.6
      vertex -10.9997 -5.06604 2.6
      vertex -11.0425 -4.9161 2.6
    endloop
  endfacet
  facet normal 0 0 1
    outer loop
      vertex -11.5352 -5.23743 2.6
      vertex -11.0425 -4.9161 2.6
      vertex -11.1282 -4.78758 2.6
    endloop
  endfacet
  facet normal 0 0 1
    outer loop
      vertex -11.6851 -4.93752 2.6
      vertex -11.1282 -4.78758 2.6
      vertex -11.2353 -4.46628 2.6
    endloop
  endfacet
  facet normal 0 0 1
    outer loop
      vertex -11.7708 -4.68048 2.6
      vertex -11.2353 -4.46628 2.6
      vertex -11.2781 -4.42341 2.6
    endloop
  endfacet
  facet normal 0 0 1
    outer loop
      vertex -11.8351 -4.50912 2.6
      vertex -11.2781 -4.42341 2.6
      vertex -11.321 -4.31631 2.6
    endloop
  endfacet
  facet normal 0 0 1
    outer loop
      vertex -11.8351 -4.50912 2.6
      vertex -11.321 -4.31631 2.6
      vertex -11.3638 -4.14495 2.6
    endloop
  endfacet
  facet normal 0 0 1
    outer loop
      vertex -11.9207 -4.33773 2.6
      vertex -11.3638 -4.14495 2.6
      vertex -11.4281 -4.03785 2.6
    endloop
  endfacet
  facet normal 0 0 1
    outer loop
      vertex -11.9422 -4.23063 2.6
      vertex -11.4281 -4.03785 2.6
      vertex -11.4923 -3.84507 2.6
    endloop
  endfacet
  facet normal 0 0 1
    outer loop
      vertex -11.578 -3.60942 2.6
      vertex -11.4923 -3.84507 2.6
      vertex -11.5352 -3.67368 2.6
    endloop
  endfacet
  facet normal 0 0 1
    outer loop
      vertex -10.9997 -5.06604 2.6
      vertex -11.5352 -5.23743 2.6
      vertex -11.5352 -5.28027 2.6
    endloop
  endfacet
  facet normal 0 0 1
    outer loop
      vertex -10.9997 -5.06604 2.6
      vertex -11.5352 -5.28027 2.6
      vertex -10.914 -6.50126 2.6
    endloop
  endfacet
  facet normal 0 0 1
    outer loop
      vertex -11.2567 4.83042 2.6
      vertex -11.2781 4.85184 2.6
      vertex -11.2995 4.78758 2.6
    endloop
  endfacet
  facet normal 0 0 1
    outer loop
      vertex -11.3852 4.50912 2.6
      vertex -11.4066 4.53054 2.6
      vertex -11.4709 4.33773 2.6
    endloop
  endfacet
  facet normal 0 0 1
    outer loop
      vertex -11.4923 -3.84507 2.6
      vertex -11.578 -3.60942 2.6
      vertex -11.9422 -4.23063 2.6
    endloop
  endfacet
  facet normal 0 0 1
    outer loop
      vertex -11.9422 -4.23063 2.6
      vertex -11.578 -3.60942 2.6
      vertex -11.5994 -3.4809 2.6
    endloop
  endfacet
  facet normal 0 0 1
    outer loop
      vertex -11.1282 -4.78758 2.6
      vertex -11.6851 -4.93752 2.6
      vertex -11.5352 -5.23743 2.6
    endloop
  endfacet
  facet normal 0 0 1
    outer loop
      vertex -11.9422 -4.23063 2.6
      vertex -11.5994 -3.4809 2.6
      vertex -11.7065 -3.20244 2.6
    endloop
  endfacet
  facet normal 0 0 1
    outer loop
      vertex -11.9422 -4.23063 2.6
      vertex -11.7065 -3.20244 2.6
      vertex -11.7708 -2.9668 2.6
    endloop
  endfacet
  facet normal 0 0 1
    outer loop
      vertex -11.2353 -4.46628 2.6
      vertex -11.7708 -4.68048 2.6
      vertex -11.6851 -4.93752 2.6
    endloop
  endfacet
  facet normal 0 0 1
    outer loop
      vertex -11.7922 -2.90254 2.6
      vertex -11.7708 -2.9668 2.6
      vertex -11.7494 -2.94538 2.6
    endloop
  endfacet
  facet normal 0 0 1
    outer loop
      vertex -11.9422 -4.23063 2.6
      vertex -11.7708 -2.9668 2.6
      vertex -11.7922 -2.90254 2.6
    endloop
  endfacet
  facet normal 0 0 1
    outer loop
      vertex -11.9422 -4.23063 2.6
      vertex -11.7922 -2.90254 2.6
      vertex -11.8136 -2.79544 2.6
    endloop
  endfacet
  facet normal 0 0 1
    outer loop
      vertex -11.2781 -4.42341 2.6
      vertex -11.8351 -4.50912 2.6
      vertex -11.7708 -4.68048 2.6
    endloop
  endfacet
  facet normal 0 0 1
    outer loop
      vertex -11.7708 -4.68048 2.6
      vertex -11.8351 -4.50912 2.6
      vertex -11.8136 -4.61622 2.6
    endloop
  endfacet
  facet normal 0 0 1
    outer loop
      vertex -11.8779 -2.55982 2.6
      vertex -11.8136 -2.79544 2.6
      vertex -11.8565 -2.58124 2.6
    endloop
  endfacet
  facet normal 0 0 1
    outer loop
      vertex -11.8136 -2.79544 2.6
      vertex -11.8779 -2.55982 2.6
      vertex -11.9422 -4.23063 2.6
    endloop
  endfacet
  facet normal 0 0 1
    outer loop
      vertex -11.9422 -4.23063 2.6
      vertex -11.8779 -2.55982 2.6
      vertex -11.8993 -2.45269 2.6
    endloop
  endfacet
  facet normal 0 0 1
    outer loop
      vertex -11.4281 -4.03785 2.6
      vertex -11.9422 -4.23063 2.6
      vertex -11.9207 -4.33773 2.6
    endloop
  endfacet
  facet normal 0 0 1
    outer loop
      vertex -11.728 3.50232 2.6
      vertex -11.7494 3.52374 2.6
      vertex -11.7708 3.43806 2.6
    endloop
  endfacet
  facet normal 0 0 1
    outer loop
      vertex -11.7494 3.41664 2.6
      vertex -11.7708 3.43806 2.6
      vertex -11.7922 3.3738 2.6
    endloop
  endfacet
  facet normal 0 0 1
    outer loop
      vertex -12.4777 -2.34559 2.6
      vertex -11.9422 -2.25991 2.6
      vertex -11.9422 -2.15281 2.6
    endloop
  endfacet
  facet normal 0 0 1
    outer loop
      vertex -12.4777 -2.34559 2.6
      vertex -11.9422 -2.15281 2.6
      vertex -11.985 -2.04571 2.6
    endloop
  endfacet
  facet normal 0 0 1
    outer loop
      vertex -11.9422 -2.25991 2.6
      vertex -12.2421 -3.30954 2.6
      vertex -11.9422 -4.23063 2.6
    endloop
  endfacet
  facet normal 0 0 1
    outer loop
      vertex -12.5205 -2.13139 2.6
      vertex -11.985 -2.04571 2.6
      vertex -12.0064 -1.81006 2.6
    endloop
  endfacet
  facet normal 0 0 1
    outer loop
      vertex -12.5205 -2.13139 2.6
      vertex -12.0064 -1.81006 2.6
      vertex -12.0493 -1.68154 2.6
    endloop
  endfacet
  facet normal 0 0 1
    outer loop
      vertex -12.5205 -2.13139 2.6
      vertex -12.0493 -1.68154 2.6
      vertex -12.0707 -1.5316 2.6
    endloop
  endfacet
  facet normal 0 0 1
    outer loop
      vertex -12.1136 -1.25311 2.6
      vertex -12.0707 -1.5316 2.6
      vertex -12.0921 -1.27456 2.6
    endloop
  endfacet
  facet normal 0 0 1
    outer loop
      vertex -12.0707 -1.5316 2.6
      vertex -12.1136 -1.25311 2.6
      vertex -12.5205 -2.13139 2.6
    endloop
  endfacet
  facet normal 0 0 1
    outer loop
      vertex -12.5205 -2.13139 2.6
      vertex -12.1136 -1.25311 2.6
      vertex -12.135 -1.01749 2.6
    endloop
  endfacet
  facet normal 0 0 1
    outer loop
      vertex -12.5205 -2.13139 2.6
      vertex -12.135 -1.01749 2.6
      vertex -12.1564 -0.781872 2.6
    endloop
  endfacet
  facet normal 0 0 1
    outer loop
      vertex -12.5205 -2.13139 2.6
      vertex -12.1564 -0.781872 2.6
      vertex -12.1778 -0.417704 2.6
    endloop
  endfacet
  facet normal 0 0 1
    outer loop
      vertex -11.9422 -4.23063 2.6
      vertex -12.2421 -3.30954 2.6
      vertex -11.985 -4.16637 2.6
    endloop
  endfacet
  facet normal 0 0 1
    outer loop
      vertex -11.985 -4.16637 2.6
      vertex -12.2421 -3.30954 2.6
      vertex -12.2421 -3.3738 2.6
    endloop
  endfacet
  facet normal 0 0 1
    outer loop
      vertex -11.9422 -2.25991 2.6
      vertex -11.8993 -2.45269 2.6
      vertex -11.8993 -2.34559 2.6
    endloop
  endfacet
  facet normal 0 0 1
    outer loop
      vertex -11.8993 -2.45269 2.6
      vertex -11.9422 -2.25991 2.6
      vertex -11.9422 -4.23063 2.6
    endloop
  endfacet
  facet normal 0 0 1
    outer loop
      vertex -11.3638 -4.14495 2.6
      vertex -11.9207 -4.33773 2.6
      vertex -11.8351 -4.50912 2.6
    endloop
  endfacet
  facet normal 0 0 1
    outer loop
      vertex -12.0921 1.83148 2.6
      vertex -12.1136 1.66012 2.6
      vertex -12.0707 1.76722 2.6
    endloop
  endfacet
  facet normal 0 0 1
    outer loop
      vertex -11.985 2.49553 2.6
      vertex -12.0064 2.38843 2.6
      vertex -11.985 2.40985 2.6
    endloop
  endfacet
  facet normal 0 0 1
    outer loop
      vertex -12.542 2.53837 2.6
      vertex -12.5205 2.66691 2.6
      vertex -12.542 2.6455 2.6
    endloop
  endfacet
  facet normal 0 0 1
    outer loop
      vertex -11.985 2.49553 2.6
      vertex -12.542 2.53837 2.6
      vertex -12.0064 2.38843 2.6
    endloop
  endfacet
  facet normal 0 0 1
    outer loop
      vertex -12.6705 1.59586 2.6
      vertex -12.6491 1.81006 2.6
      vertex -12.6705 1.78864 2.6
    endloop
  endfacet
  facet normal 0 0 1
    outer loop
      vertex -12.135 1.36024 2.6
      vertex -12.1564 1.14601 2.6
      vertex -12.135 1.16743 2.6
    endloop
  endfacet
  facet normal -0 0 1
    outer loop
      vertex -12.5634 2.40985 2.6
      vertex -12.0064 2.38843 2.6
      vertex -12.542 2.53837 2.6
    endloop
  endfacet
  facet normal 0 0 1
    outer loop
      vertex -12.1564 1.14601 2.6
      vertex -12.1778 0.717611 2.6
      vertex -12.1564 0.739032 2.6
    endloop
  endfacet
  facet normal 0 0 1
    outer loop
      vertex -12.0707 1.98145 2.6
      vertex -12.0921 1.83148 2.6
      vertex -12.0707 1.8529 2.6
    endloop
  endfacet
  facet normal 0 0 1
    outer loop
      vertex -12.5205 -2.13139 2.6
      vertex -12.1778 -0.417704 2.6
      vertex -12.1778 0.717611 2.6
    endloop
  endfacet
  facet normal 0 0 1
    outer loop
      vertex -11.7494 3.52374 2.6
      vertex -12.3063 3.65226 2.6
      vertex -11.7708 3.43806 2.6
    endloop
  endfacet
  facet normal 0 0 1
    outer loop
      vertex -12.0064 2.38843 2.6
      vertex -12.5634 2.40985 2.6
      vertex -12.0278 2.13139 2.6
    endloop
  endfacet
  facet normal 0 0 1
    outer loop
      vertex -12.6062 2.13139 2.6
      vertex -12.0278 2.13139 2.6
      vertex -12.5634 2.40985 2.6
    endloop
  endfacet
  facet normal 0 0 1
    outer loop
      vertex -11.9422 -2.25991 2.6
      vertex -12.4777 -2.34559 2.6
      vertex -12.4349 -2.55982 2.6
    endloop
  endfacet
  facet normal 0 0 1
    outer loop
      vertex -11.7708 3.43806 2.6
      vertex -12.3278 3.50232 2.6
      vertex -11.7922 3.3738 2.6
    endloop
  endfacet
  facet normal 0 0 1
    outer loop
      vertex -12.6491 1.81006 2.6
      vertex -12.0921 1.83148 2.6
      vertex -12.6276 1.96003 2.6
    endloop
  endfacet
  facet normal -0 0 1
    outer loop
      vertex -12.4349 3.13815 2.6
      vertex -11.8993 2.94538 2.6
      vertex -12.4134 3.15958 2.6
    endloop
  endfacet
  facet normal 0 0 1
    outer loop
      vertex -12.0278 2.13139 2.6
      vertex -12.6062 2.13139 2.6
      vertex -12.0707 1.98145 2.6
    endloop
  endfacet
  facet normal 0 0 1
    outer loop
      vertex -11.8993 2.83827 2.6
      vertex -12.4991 2.77402 2.6
      vertex -11.9422 2.70975 2.6
    endloop
  endfacet
  facet normal 0 0 1
    outer loop
      vertex -12.6276 1.96003 2.6
      vertex -12.0707 1.98145 2.6
      vertex -12.6062 2.13139 2.6
    endloop
  endfacet
  facet normal 0 0 1
    outer loop
      vertex -11.9422 -2.25991 2.6
      vertex -12.2849 -3.22386 2.6
      vertex -12.2421 -3.30954 2.6
    endloop
  endfacet
  facet normal 0 0 1
    outer loop
      vertex -12.4349 -2.55982 2.6
      vertex -12.4777 -2.34559 2.6
      vertex -12.4563 -2.53837 2.6
    endloop
  endfacet
  facet normal 0 0 1
    outer loop
      vertex -11.9422 -2.25991 2.6
      vertex -12.4349 -2.55982 2.6
      vertex -12.2849 -3.22386 2.6
    endloop
  endfacet
  facet normal 0 0 1
    outer loop
      vertex -12.5205 2.66691 2.6
      vertex -12.4991 2.77402 2.6
      vertex -12.5205 2.75259 2.6
    endloop
  endfacet
  facet normal 0 0 1
    outer loop
      vertex -12.0707 1.98145 2.6
      vertex -12.6276 1.96003 2.6
      vertex -12.0921 1.83148 2.6
    endloop
  endfacet
  facet normal 0 0 1
    outer loop
      vertex -11.985 -2.04571 2.6
      vertex -12.5205 -2.13139 2.6
      vertex -12.4777 -2.34559 2.6
    endloop
  endfacet
  facet normal 0 0 1
    outer loop
      vertex -12.4777 -2.34559 2.6
      vertex -12.5205 -2.13139 2.6
      vertex -12.5205 -2.23849 2.6
    endloop
  endfacet
  facet normal 0 0 1
    outer loop
      vertex -12.0921 1.57444 2.6
      vertex -12.1136 1.59586 2.6
      vertex -12.135 1.44592 2.6
    endloop
  endfacet
  facet normal 0 0 1
    outer loop
      vertex -12.1136 1.38166 2.6
      vertex -12.135 1.44592 2.6
      vertex -12.135 1.36024 2.6
    endloop
  endfacet
  facet normal -0 0 1
    outer loop
      vertex -7.59371 0.396283 2.6
      vertex -7.57229 -0.160664 2.6
      vertex -7.57229 0.417704 2.6
    endloop
  endfacet
  facet normal 0 0 1
    outer loop
      vertex -7.57229 -0.160664 2.6
      vertex -7.59371 0.396283 2.6
      vertex -7.59371 -0.139244 2.6
    endloop
  endfacet
  facet normal 0 0 1
    outer loop
      vertex -6.9725 0.910391 2.6
      vertex -7.55087 0.781872 2.6
      vertex -6.99392 0.653352 2.6
    endloop
  endfacet
  facet normal 0 0 1
    outer loop
      vertex -7.57229 0.417704 2.6
      vertex -6.99392 0.653352 2.6
      vertex -7.55087 0.781872 2.6
    endloop
  endfacet
  facet normal 0 0 1
    outer loop
      vertex -6.99392 0.653352 2.6
      vertex -7.55087 -0.460544 2.6
      vertex -7.50803 -0.888971 2.6
    endloop
  endfacet
  facet normal 0 0 1
    outer loop
      vertex -7.50803 -0.888971 2.6
      vertex -7.55087 -0.460544 2.6
      vertex -7.52945 -0.867552 2.6
    endloop
  endfacet
  facet normal 0 0 1
    outer loop
      vertex -7.57229 0.417704 2.6
      vertex -7.55087 0.781872 2.6
      vertex -7.57229 0.760451 2.6
    endloop
  endfacet
  facet normal 0 0 1
    outer loop
      vertex -7.57229 -0.160664 2.6
      vertex -6.99392 0.653352 2.6
      vertex -7.57229 0.417704 2.6
    endloop
  endfacet
  facet normal 0 0 1
    outer loop
      vertex -6.99392 0.653352 2.6
      vertex -7.57229 -0.160664 2.6
      vertex -7.55087 -0.460544 2.6
    endloop
  endfacet
  facet normal 0 0 1
    outer loop
      vertex -7.55087 -0.460544 2.6
      vertex -7.57229 -0.160664 2.6
      vertex -7.57229 -0.439124 2.6
    endloop
  endfacet
  facet normal -0 0 1
    outer loop
      vertex -7.52945 1.25311 2.6
      vertex -6.9725 0.910391 2.6
      vertex -7.50803 1.27456 2.6
    endloop
  endfacet
  facet normal 0 0 1
    outer loop
      vertex -7.55087 0.781872 2.6
      vertex -6.9725 0.910391 2.6
      vertex -7.52945 1.25311 2.6
    endloop
  endfacet
  facet normal 0 0 1
    outer loop
      vertex -6.99392 0.653352 2.6
      vertex -7.50803 -0.888971 2.6
      vertex -7.48661 -1.03891 2.6
    endloop
  endfacet
  facet normal 0 0 1
    outer loop
      vertex -7.48661 -1.03891 2.6
      vertex -7.50803 -0.888971 2.6
      vertex -7.50803 -1.01749 2.6
    endloop
  endfacet
  facet normal 0 0 1
    outer loop
      vertex -6.88682 -1.12459 2.6
      vertex -7.27241 -2.08855 2.6
      vertex -7.20815 -2.23849 2.6
    endloop
  endfacet
  facet normal 0 0 1
    outer loop
      vertex -6.99392 0.653352 2.6
      vertex -7.37951 -1.59586 2.6
      vertex -7.27241 -2.08855 2.6
    endloop
  endfacet
  facet normal 0 0 1
    outer loop
      vertex -7.40093 1.87432 2.6
      vertex -7.16531 2.77402 2.6
      vertex -7.40093 1.96003 2.6
    endloop
  endfacet
  facet normal 0 0 1
    outer loop
      vertex -7.50803 1.27456 2.6
      vertex -6.92966 1.27456 2.6
      vertex -7.48661 1.40308 2.6
    endloop
  endfacet
  facet normal 0 0 1
    outer loop
      vertex -6.99392 0.653352 2.6
      vertex -7.46519 -1.16743 2.6
      vertex -7.37951 -1.59586 2.6
    endloop
  endfacet
  facet normal 0 0 1
    outer loop
      vertex -7.42235 1.76722 2.6
      vertex -7.40093 1.87432 2.6
      vertex -7.42235 1.8529 2.6
    endloop
  endfacet
  facet normal 0 0 1
    outer loop
      vertex -7.50803 1.27456 2.6
      vertex -7.48661 1.40308 2.6
      vertex -7.50803 1.38166 2.6
    endloop
  endfacet
  facet normal 0 0 1
    outer loop
      vertex -7.46519 1.5316 2.6
      vertex -7.42235 1.76722 2.6
      vertex -7.46519 1.6387 2.6
    endloop
  endfacet
  facet normal 0 0 1
    outer loop
      vertex -6.92966 1.27456 2.6
      vertex -7.50803 1.27456 2.6
      vertex -6.95108 1.08175 2.6
    endloop
  endfacet
  facet normal 0 0 1
    outer loop
      vertex -7.37951 -1.59586 2.6
      vertex -7.46519 -1.16743 2.6
      vertex -7.40093 -1.57444 2.6
    endloop
  endfacet
  facet normal 0 0 1
    outer loop
      vertex -7.48661 1.40308 2.6
      vertex -7.46519 1.5316 2.6
      vertex -7.48661 1.51018 2.6
    endloop
  endfacet
  facet normal 0 0 1
    outer loop
      vertex -6.95108 1.08175 2.6
      vertex -7.50803 1.27456 2.6
      vertex -6.9725 0.910391 2.6
    endloop
  endfacet
  facet normal 0 0 1
    outer loop
      vertex -6.99392 0.653352 2.6
      vertex -7.48661 -1.03891 2.6
      vertex -7.46519 -1.16743 2.6
    endloop
  endfacet
  facet normal 0 0 1
    outer loop
      vertex -7.46519 -1.16743 2.6
      vertex -7.48661 -1.03891 2.6
      vertex -7.48661 -1.14601 2.6
    endloop
  endfacet
  facet normal 0 0 1
    outer loop
      vertex -6.9725 -0.310603 2.6
      vertex -6.99392 -0.289184 2.6
      vertex -6.9725 -0.546224 2.6
    endloop
  endfacet
  facet normal 0 0 1
    outer loop
      vertex -6.9725 -0.546224 2.6
      vertex -6.88682 -1.12459 2.6
      vertex -6.95108 -0.567644 2.6
    endloop
  endfacet
  facet normal 0 0 1
    outer loop
      vertex -7.27241 -2.08855 2.6
      vertex -6.88682 -1.12459 2.6
      vertex -6.9725 -0.546224 2.6
    endloop
  endfacet
  facet normal 0 0 1
    outer loop
      vertex -7.27241 -2.08855 2.6
      vertex -6.9725 -0.546224 2.6
      vertex -6.99392 -0.289184 2.6
    endloop
  endfacet
  facet normal 0 0 1
    outer loop
      vertex -6.88682 -1.12459 2.6
      vertex -7.20815 -2.23849 2.6
      vertex -7.10105 -2.62408 2.6
    endloop
  endfacet
  facet normal 0 0 1
    outer loop
      vertex -6.90824 1.29598 2.6
      vertex -7.46519 1.5316 2.6
      vertex -6.92966 1.27456 2.6
    endloop
  endfacet
  facet normal -0 0 1
    outer loop
      vertex -7.48661 1.40308 2.6
      vertex -6.92966 1.27456 2.6
      vertex -7.46519 1.5316 2.6
    endloop
  endfacet
  facet normal 0 0 1
    outer loop
      vertex -7.27241 -2.08855 2.6
      vertex -6.99392 -0.289184 2.6
      vertex -6.99392 0.653352 2.6
    endloop
  endfacet
  facet normal 0 0 1
    outer loop
      vertex -6.88682 -1.12459 2.6
      vertex -7.10105 -2.62408 2.6
      vertex -6.90824 -3.05248 2.6
    endloop
  endfacet
  facet normal 0 0 1
    outer loop
      vertex -7.10105 -2.62408 2.6
      vertex -7.20815 -2.23849 2.6
      vertex -7.20815 -2.30275 2.6
    endloop
  endfacet
  facet normal 0 0 1
    outer loop
      vertex -6.84398 -1.33882 2.6
      vertex -6.73688 -1.76722 2.6
      vertex -6.73688 -1.70296 2.6
    endloop
  endfacet
  facet normal 0 0 1
    outer loop
      vertex -6.73688 -1.76722 2.6
      vertex -6.84398 -1.33882 2.6
      vertex -6.90824 -3.05248 2.6
    endloop
  endfacet
  facet normal 0 0 1
    outer loop
      vertex -6.88682 -1.12459 2.6
      vertex -6.84398 -1.33882 2.6
      vertex -6.8654 -1.14601 2.6
    endloop
  endfacet
  facet normal 0 0 1
    outer loop
      vertex -6.84398 -1.33882 2.6
      vertex -6.88682 -1.12459 2.6
      vertex -6.90824 -3.05248 2.6
    endloop
  endfacet
  facet normal 0 0 1
    outer loop
      vertex -6.73688 -1.76722 2.6
      vertex -6.90824 -3.05248 2.6
      vertex -6.77972 -3.33096 2.6
    endloop
  endfacet
  facet normal 0 0 1
    outer loop
      vertex -6.77972 -3.33096 2.6
      vertex -6.90824 -3.05248 2.6
      vertex -6.90824 -3.09532 2.6
    endloop
  endfacet
  facet normal 0 0 1
    outer loop
      vertex -6.3513 -2.79544 2.6
      vertex -6.52268 -2.43127 2.6
      vertex -6.3513 -2.83828 2.6
    endloop
  endfacet
  facet normal 0 0 1
    outer loop
      vertex 6.90824 3.20244 2.6
      vertex 6.3513 3.00964 2.6
      vertex 6.437 2.88111 2.6
    endloop
  endfacet
  facet normal 0 0 1
    outer loop
      vertex 6.90824 3.24528 2.6
      vertex 6.1371 3.45948 2.6
      vertex 6.3513 3.00964 2.6
    endloop
  endfacet
  facet normal -0 0 1
    outer loop
      vertex 5.75154 4.05927 2.6
      vertex 6.52268 3.95217 2.6
      vertex 6.07283 4.61622 2.6
    endloop
  endfacet
  facet normal 0 0 1
    outer loop
      vertex 6.52268 3.95217 2.6
      vertex 5.75154 4.05927 2.6
      vertex 6.1371 3.45948 2.6
    endloop
  endfacet
  facet normal -0 0 1
    outer loop
      vertex 5.28027 4.65906 2.6
      vertex 6.07283 4.61622 2.6
      vertex 5.68725 5.08746 2.6
    endloop
  endfacet
  facet normal 0 0 1
    outer loop
      vertex 6.07283 4.61622 2.6
      vertex 5.28027 4.65906 2.6
      vertex 5.75154 4.05927 2.6
    endloop
  endfacet
  facet normal -0 0 1
    outer loop
      vertex 4.7019 5.25885 2.6
      vertex 5.68725 5.08746 2.6
      vertex 5.00178 5.77295 2.6
    endloop
  endfacet
  facet normal 0 0 1
    outer loop
      vertex 5.68725 5.08746 2.6
      vertex 4.7019 5.25885 2.6
      vertex 5.28027 4.65906 2.6
    endloop
  endfacet
  facet normal 0 0 1
    outer loop
      vertex 4.12353 5.75154 2.6
      vertex 5.00178 5.77295 2.6
      vertex 4.44483 6.24419 2.6
    endloop
  endfacet
  facet normal 0 0 1
    outer loop
      vertex 5.00178 5.77295 2.6
      vertex 4.12353 5.75154 2.6
      vertex 4.7019 5.25885 2.6
    endloop
  endfacet
  facet normal 0 0 1
    outer loop
      vertex 3.86649 6.6512 2.6
      vertex 4.12353 5.75154 2.6
      vertex 4.44483 6.24419 2.6
    endloop
  endfacet
  facet normal 0 0 1
    outer loop
      vertex 3.86649 6.6512 2.6
      vertex 3.50232 6.17994 2.6
      vertex 4.12353 5.75154 2.6
    endloop
  endfacet
  facet normal 0 0 1
    outer loop
      vertex 3.43806 6.88682 2.6
      vertex 3.50232 6.17994 2.6
      vertex 3.86649 6.6512 2.6
    endloop
  endfacet
  facet normal 0 0 1
    outer loop
      vertex 2.96679 6.47984 2.6
      vertex 3.43806 6.88682 2.6
      vertex 3.39522 6.92966 2.6
    endloop
  endfacet
  facet normal 0 0 1
    outer loop
      vertex 3.43806 6.88682 2.6
      vertex 3.00964 6.437 2.6
      vertex 3.50232 6.17994 2.6
    endloop
  endfacet
  facet normal 0 0 1
    outer loop
      vertex 3.43806 6.88682 2.6
      vertex 2.96679 6.47984 2.6
      vertex 3.00964 6.437 2.6
    endloop
  endfacet
  facet normal -0 0 1
    outer loop
      vertex 2.68834 6.60836 2.6
      vertex 2.96679 6.47984 2.6
      vertex 3.39522 6.92966 2.6
    endloop
  endfacet
  facet normal 0 0 1
    outer loop
      vertex 2.68834 6.60836 2.6
      vertex 3.39522 6.92966 2.6
      vertex 2.75259 7.22957 2.6
    endloop
  endfacet
  facet normal 0 0 1
    outer loop
      vertex 2.96679 6.47984 2.6
      vertex 2.68834 6.60836 2.6
      vertex 2.92395 6.47984 2.6
    endloop
  endfacet
  facet normal 0 0 1
    outer loop
      vertex 2.75259 7.22957 2.6
      vertex 2.43127 6.69404 2.6
      vertex 2.68834 6.60836 2.6
    endloop
  endfacet
  facet normal 0 0 1
    outer loop
      vertex 2.75259 7.22957 2.6
      vertex 2.36701 6.73688 2.6
      vertex 2.43127 6.69404 2.6
    endloop
  endfacet
  facet normal 0 0 1
    outer loop
      vertex 2.13139 7.44377 2.6
      vertex 2.36701 6.73688 2.6
      vertex 2.75259 7.22957 2.6
    endloop
  endfacet
  facet normal 0 0 1
    outer loop
      vertex 1.91719 6.88682 2.6
      vertex 2.13139 7.44377 2.6
      vertex 2.06713 7.44377 2.6
    endloop
  endfacet
  facet normal 0 0 1
    outer loop
      vertex 2.13139 7.44377 2.6
      vertex 1.91719 6.88682 2.6
      vertex 2.36701 6.73688 2.6
    endloop
  endfacet
  facet normal 0 0 1
    outer loop
      vertex 1.78864 7.52945 2.6
      vertex 1.91719 6.88682 2.6
      vertex 2.06713 7.44377 2.6
    endloop
  endfacet
  facet normal 0 0 1
    outer loop
      vertex 1.57444 6.9725 2.6
      vertex 1.78864 7.52945 2.6
      vertex 1.70296 7.52945 2.6
    endloop
  endfacet
  facet normal 0 0 1
    outer loop
      vertex 1.57444 6.9725 2.6
      vertex 1.70296 7.52945 2.6
      vertex 1.59586 7.57229 2.6
    endloop
  endfacet
  facet normal 0 0 1
    outer loop
      vertex 1.78864 7.52945 2.6
      vertex 1.57444 6.9725 2.6
      vertex 1.91719 6.88682 2.6
    endloop
  endfacet
  facet normal 0 0 1
    outer loop
      vertex 1.91719 6.88682 2.6
      vertex 1.57444 6.9725 2.6
      vertex 1.59586 6.95108 2.6
    endloop
  endfacet
  facet normal 0 0 1
    outer loop
      vertex 1.40308 7.59371 2.6
      vertex 1.57444 6.9725 2.6
      vertex 1.59586 7.57229 2.6
    endloop
  endfacet
  facet normal -0 0 1
    outer loop
      vertex 1.23169 7.61513 2.6
      vertex 1.40308 7.59371 2.6
      vertex 1.38166 7.61513 2.6
    endloop
  endfacet
  facet normal 0 0 1
    outer loop
      vertex 1.40308 7.59371 2.6
      vertex 1.25311 7.03679 2.6
      vertex 1.57444 6.9725 2.6
    endloop
  endfacet
  facet normal 0 0 1
    outer loop
      vertex 1.57444 6.9725 2.6
      vertex 1.25311 7.03679 2.6
      vertex 1.27456 7.01537 2.6
    endloop
  endfacet
  facet normal 0 0 1
    outer loop
      vertex 1.40308 7.59371 2.6
      vertex 1.23169 7.61513 2.6
      vertex 1.25311 7.03679 2.6
    endloop
  endfacet
  facet normal 0 0 1
    outer loop
      vertex 0.910391 7.658 2.6
      vertex 1.23169 7.61513 2.6
      vertex 1.21027 7.63658 2.6
    endloop
  endfacet
  facet normal 0 0 1
    outer loop
      vertex 1.23169 7.61513 2.6
      vertex 1.12459 7.05821 2.6
      vertex 1.25311 7.03679 2.6
    endloop
  endfacet
  facet normal 0 0 1
    outer loop
      vertex 1.25311 7.03679 2.6
      vertex 1.12459 7.05821 2.6
      vertex 1.14601 7.03679 2.6
    endloop
  endfacet
  facet normal 0 0 1
    outer loop
      vertex 1.23169 7.61513 2.6
      vertex 0.974651 7.07963 2.6
      vertex 1.12459 7.05821 2.6
    endloop
  endfacet
  facet normal 0 0 1
    outer loop
      vertex 1.12459 7.05821 2.6
      vertex 0.974651 7.07963 2.6
      vertex 0.996071 7.05821 2.6
    endloop
  endfacet
  facet normal 0 0 1
    outer loop
      vertex 1.23169 7.61513 2.6
      vertex 0.910391 7.658 2.6
      vertex 0.974651 7.07963 2.6
    endloop
  endfacet
  facet normal -0 0 1
    outer loop
      vertex 0.674771 7.67942 2.6
      vertex 0.910391 7.658 2.6
      vertex 0.888971 7.67942 2.6
    endloop
  endfacet
  facet normal 0 0 1
    outer loop
      vertex 0.910391 7.658 2.6
      vertex 0.674771 7.67942 2.6
      vertex 0.974651 7.07963 2.6
    endloop
  endfacet
  facet normal 0 0 1
    outer loop
      vertex 0.481963 7.12247 2.6
      vertex 0.674771 7.67942 2.6
      vertex 0.653352 7.70084 2.6
    endloop
  endfacet
  facet normal 0 0 1
    outer loop
      vertex 0.674771 7.67942 2.6
      vertex 0.503384 7.10105 2.6
      vertex 0.974651 7.07963 2.6
    endloop
  endfacet
  facet normal 0 0 1
    outer loop
      vertex 0.674771 7.67942 2.6
      vertex 0.481963 7.12247 2.6
      vertex 0.503384 7.10105 2.6
    endloop
  endfacet
  facet normal 0 0 1
    outer loop
      vertex -0.160664 7.72226 2.6
      vertex 0.481963 7.12247 2.6
      vertex 0.653352 7.70084 2.6
    endloop
  endfacet
  facet normal -0 0 1
    outer loop
      vertex -0.182084 7.70084 2.6
      vertex 0.481963 7.12247 2.6
      vertex -0.160664 7.72226 2.6
    endloop
  endfacet
  facet normal 0 0 1
    outer loop
      vertex -0.182084 7.70084 2.6
      vertex -0.332024 7.12247 2.6
      vertex 0.481963 7.12247 2.6
    endloop
  endfacet
  facet normal -0 0 1
    outer loop
      vertex -0.503384 7.67942 2.6
      vertex -0.332024 7.12247 2.6
      vertex -0.182084 7.70084 2.6
    endloop
  endfacet
  facet normal 0 0 1
    outer loop
      vertex -0.503384 7.67942 2.6
      vertex -0.182084 7.70084 2.6
      vertex -0.481964 7.70084 2.6
    endloop
  endfacet
  facet normal 0 0 1
    outer loop
      vertex -0.589064 7.10105 2.6
      vertex -0.332024 7.12247 2.6
      vertex -0.503384 7.67942 2.6
    endloop
  endfacet
  facet normal 0 0 1
    outer loop
      vertex -0.332024 7.12247 2.6
      vertex -0.589064 7.10105 2.6
      vertex -0.353443 7.10105 2.6
    endloop
  endfacet
  facet normal -0 0 1
    outer loop
      vertex -0.760452 7.658 2.6
      vertex -0.589064 7.10105 2.6
      vertex -0.503384 7.67942 2.6
    endloop
  endfacet
  facet normal 0 0 1
    outer loop
      vertex -0.760452 7.658 2.6
      vertex -0.503384 7.67942 2.6
      vertex -0.739032 7.67942 2.6
    endloop
  endfacet
  facet normal 0 0 1
    outer loop
      vertex -0.760452 7.07963 2.6
      vertex -0.589064 7.10105 2.6
      vertex -0.760452 7.658 2.6
    endloop
  endfacet
  facet normal 0 0 1
    outer loop
      vertex -0.589064 7.10105 2.6
      vertex -0.760452 7.07963 2.6
      vertex -0.610484 7.07963 2.6
    endloop
  endfacet
  facet normal -0 0 1
    outer loop
      vertex -0.931811 7.63658 2.6
      vertex -0.760452 7.07963 2.6
      vertex -0.760452 7.658 2.6
    endloop
  endfacet
  facet normal 0 0 1
    outer loop
      vertex -0.931811 7.63658 2.6
      vertex -0.760452 7.658 2.6
      vertex -0.910392 7.658 2.6
    endloop
  endfacet
  facet normal 0 0 1
    outer loop
      vertex -0.931811 7.05821 2.6
      vertex -0.760452 7.07963 2.6
      vertex -0.931811 7.63658 2.6
    endloop
  endfacet
  facet normal 0 0 1
    outer loop
      vertex -0.760452 7.07963 2.6
      vertex -0.931811 7.05821 2.6
      vertex -0.781872 7.05821 2.6
    endloop
  endfacet
  facet normal -0 0 1
    outer loop
      vertex -1.12459 7.61513 2.6
      vertex -0.931811 7.05821 2.6
      vertex -0.931811 7.63658 2.6
    endloop
  endfacet
  facet normal 0 0 1
    outer loop
      vertex -1.12459 7.61513 2.6
      vertex -0.931811 7.63658 2.6
      vertex -1.10317 7.63658 2.6
    endloop
  endfacet
  facet normal 0 0 1
    outer loop
      vertex -0.931811 7.05821 2.6
      vertex -1.12459 7.61513 2.6
      vertex -1.08175 7.01537 2.6
    endloop
  endfacet
  facet normal 0 0 1
    outer loop
      vertex -1.12459 7.61513 2.6
      vertex -1.18885 7.01537 2.6
      vertex -1.08175 7.01537 2.6
    endloop
  endfacet
  facet normal -0 0 1
    outer loop
      vertex -1.23169 7.61513 2.6
      vertex -1.18885 7.01537 2.6
      vertex -1.12459 7.61513 2.6
    endloop
  endfacet
  facet normal -0 0 1
    outer loop
      vertex -1.36024 7.57229 2.6
      vertex -1.18885 7.01537 2.6
      vertex -1.23169 7.61513 2.6
    endloop
  endfacet
  facet normal 0 0 1
    outer loop
      vertex -1.40308 6.9725 2.6
      vertex -1.18885 7.01537 2.6
      vertex -1.36024 7.57229 2.6
    endloop
  endfacet
  facet normal 0 0 1
    outer loop
      vertex -1.18885 7.01537 2.6
      vertex -1.40308 6.9725 2.6
      vertex -1.21027 6.99392 2.6
    endloop
  endfacet
  facet normal 0 0 1
    outer loop
      vertex -1.57444 7.52945 2.6
      vertex -1.36024 7.57229 2.6
      vertex -1.46734 7.57229 2.6
    endloop
  endfacet
  facet normal 0 0 1
    outer loop
      vertex -1.36024 7.57229 2.6
      vertex -1.57444 7.52945 2.6
      vertex -1.40308 6.9725 2.6
    endloop
  endfacet
  facet normal 0 0 1
    outer loop
      vertex -1.76722 7.48661 2.6
      vertex -1.57444 7.52945 2.6
      vertex -1.68154 7.52945 2.6
    endloop
  endfacet
  facet normal 0 0 1
    outer loop
      vertex -1.57444 7.52945 2.6
      vertex -1.76722 7.48661 2.6
      vertex -1.40308 6.9725 2.6
    endloop
  endfacet
  facet normal 0 0 1
    outer loop
      vertex -1.40308 6.9725 2.6
      vertex -1.76722 7.48661 2.6
      vertex -1.68154 6.88682 2.6
    endloop
  endfacet
  facet normal 0 0 1
    outer loop
      vertex -1.68154 6.88682 2.6
      vertex -1.76722 7.48661 2.6
      vertex -1.7458 6.88682 2.6
    endloop
  endfacet
  facet normal -0 0 1
    outer loop
      vertex -2.00287 7.44377 2.6
      vertex -1.7458 6.88682 2.6
      vertex -1.76722 7.48661 2.6
    endloop
  endfacet
  facet normal -0 0 1
    outer loop
      vertex -2.06713 7.40093 2.6
      vertex -1.7458 6.88682 2.6
      vertex -2.00287 7.44377 2.6
    endloop
  endfacet
  facet normal 0 -0 1
    outer loop
      vertex -1.89574 6.84398 2.6
      vertex -1.7458 6.88682 2.6
      vertex -2.06713 7.40093 2.6
    endloop
  endfacet
  facet normal 0 0 1
    outer loop
      vertex -1.7458 6.88682 2.6
      vertex -1.89574 6.84398 2.6
      vertex -1.83148 6.84398 2.6
    endloop
  endfacet
  facet normal -0 0 1
    outer loop
      vertex -2.13139 7.40093 2.6
      vertex -1.89574 6.84398 2.6
      vertex -2.06713 7.40093 2.6
    endloop
  endfacet
  facet normal -0 0 1
    outer loop
      vertex -2.45269 7.29383 2.6
      vertex -1.89574 6.84398 2.6
      vertex -2.13139 7.40093 2.6
    endloop
  endfacet
  facet normal -0 0 1
    outer loop
      vertex -2.51695 7.25099 2.6
      vertex -1.89574 6.84398 2.6
      vertex -2.45269 7.29383 2.6
    endloop
  endfacet
  facet normal 0 0 1
    outer loop
      vertex -2.73118 6.5441 2.6
      vertex -2.51695 7.25099 2.6
      vertex -2.68834 7.20815 2.6
    endloop
  endfacet
  facet normal 0 0 1
    outer loop
      vertex -2.51695 7.25099 2.6
      vertex -2.73118 6.5441 2.6
      vertex -1.89574 6.84398 2.6
    endloop
  endfacet
  facet normal -0 0 1
    outer loop
      vertex -2.79544 7.14389 2.6
      vertex -2.73118 6.5441 2.6
      vertex -2.68834 7.20815 2.6
    endloop
  endfacet
  facet normal -0 0 1
    outer loop
      vertex -2.98822 7.07963 2.6
      vertex -2.73118 6.5441 2.6
      vertex -2.79544 7.14389 2.6
    endloop
  endfacet
  facet normal 0 0 1
    outer loop
      vertex -2.98822 7.07963 2.6
      vertex -3.3738 6.22278 2.6
      vertex -2.73118 6.5441 2.6
    endloop
  endfacet
  facet normal -0 0 1
    outer loop
      vertex -3.73794 6.69404 2.6
      vertex -3.3738 6.22278 2.6
      vertex -2.98822 7.07963 2.6
    endloop
  endfacet
  facet normal -0 0 1
    outer loop
      vertex -4.05927 6.47984 2.6
      vertex -3.3738 6.22278 2.6
      vertex -3.73794 6.69404 2.6
    endloop
  endfacet
  facet normal 0 0 1
    outer loop
      vertex -4.18779 6.39416 2.6
      vertex -4.05927 6.47984 2.6
      vertex -4.12353 6.45842 2.6
    endloop
  endfacet
  facet normal 0 0 1
    outer loop
      vertex -4.05927 6.47984 2.6
      vertex -4.12353 5.75154 2.6
      vertex -3.3738 6.22278 2.6
    endloop
  endfacet
  facet normal 0 0 1
    outer loop
      vertex -4.05927 6.47984 2.6
      vertex -4.18779 6.39416 2.6
      vertex -4.12353 5.75154 2.6
    endloop
  endfacet
  facet normal -0 0 1
    outer loop
      vertex -4.55196 6.15851 2.6
      vertex -4.12353 5.75154 2.6
      vertex -4.18779 6.39416 2.6
    endloop
  endfacet
  facet normal 0 0 1
    outer loop
      vertex -4.55196 6.15851 2.6
      vertex -4.57338 5.40879 2.6
      vertex -4.12353 5.75154 2.6
    endloop
  endfacet
  facet normal -0 0 1
    outer loop
      vertex -5.15175 5.68725 2.6
      vertex -4.57338 5.40879 2.6
      vertex -4.55196 6.15851 2.6
    endloop
  endfacet
  facet normal 0 0 1
    outer loop
      vertex -4.57338 5.40879 2.6
      vertex -5.15175 5.68725 2.6
      vertex -5.15175 5.66583 2.6
    endloop
  endfacet
  facet normal 0 0 1
    outer loop
      vertex -4.57338 5.40879 2.6
      vertex -5.15175 5.66583 2.6
      vertex -4.93752 5.08746 2.6
    endloop
  endfacet
  facet normal 0 0 1
    outer loop
      vertex -5.8158 5.0232 2.6
      vertex -4.93752 5.08746 2.6
      vertex -5.15175 5.66583 2.6
    endloop
  endfacet
  facet normal 0 0 1
    outer loop
      vertex -4.93752 5.08746 2.6
      vertex -5.8158 5.0232 2.6
      vertex -5.43021 4.57338 2.6
    endloop
  endfacet
  facet normal 0 0 1
    outer loop
      vertex -6.20136 4.55196 2.6
      vertex -5.43021 4.57338 2.6
      vertex -5.8158 5.0232 2.6
    endloop
  endfacet
  facet normal 0 0 1
    outer loop
      vertex -5.43021 4.57338 2.6
      vertex -6.20136 4.55196 2.6
      vertex -5.83722 4.05927 2.6
    endloop
  endfacet
  facet normal 0 0 1
    outer loop
      vertex -6.5441 4.05927 2.6
      vertex -5.83722 4.05927 2.6
      vertex -6.20136 4.55196 2.6
    endloop
  endfacet
  facet normal 0 0 1
    outer loop
      vertex -5.83722 4.05927 2.6
      vertex -6.5441 4.05927 2.6
      vertex -6.22278 3.43806 2.6
    endloop
  endfacet
  facet normal 0 0 1
    outer loop
      vertex -6.88682 3.43806 2.6
      vertex -6.22278 3.43806 2.6
      vertex -6.5441 4.05927 2.6
    endloop
  endfacet
  facet normal 0 0 1
    outer loop
      vertex -6.88682 3.39522 2.6
      vertex -6.22278 3.43806 2.6
      vertex -6.88682 3.43806 2.6
    endloop
  endfacet
  facet normal -0 0 1
    outer loop
      vertex -6.99392 3.15958 2.6
      vertex -6.52268 2.79543 2.6
      vertex -6.88682 3.39522 2.6
    endloop
  endfacet
  facet normal 0 0 1
    outer loop
      vertex -6.67262 2.38843 2.6
      vertex -6.73688 2.17423 2.6
      vertex -6.67262 2.32417 2.6
    endloop
  endfacet
  facet normal -0 0 1
    outer loop
      vertex -7.07963 3.00964 2.6
      vertex -6.52268 2.79543 2.6
      vertex -6.99392 3.15958 2.6
    endloop
  endfacet
  facet normal -0 0 1
    outer loop
      vertex -7.12247 2.83827 2.6
      vertex -6.52268 2.79543 2.6
      vertex -7.07963 3.00964 2.6
    endloop
  endfacet
  facet normal 0 0 1
    outer loop
      vertex -6.52268 2.79543 2.6
      vertex -7.12247 2.83827 2.6
      vertex -6.62978 2.45269 2.6
    endloop
  endfacet
  facet normal 0 0 1
    outer loop
      vertex -6.22278 3.43806 2.6
      vertex -6.88682 3.39522 2.6
      vertex -6.52268 2.79543 2.6
    endloop
  endfacet
  facet normal -0 0 1
    outer loop
      vertex -7.16531 2.77402 2.6
      vertex -6.62978 2.45269 2.6
      vertex -7.12247 2.83827 2.6
    endloop
  endfacet
  facet normal 0 0 1
    outer loop
      vertex -6.62978 2.45269 2.6
      vertex -7.16531 2.77402 2.6
      vertex -6.67262 2.38843 2.6
    endloop
  endfacet
  facet normal 0 0 1
    outer loop
      vertex -6.67262 2.38843 2.6
      vertex -7.16531 2.77402 2.6
      vertex -6.73688 2.17423 2.6
    endloop
  endfacet
  facet normal 0 0 1
    outer loop
      vertex -6.92966 1.27456 2.6
      vertex -6.95108 1.08175 2.6
      vertex -6.92966 1.10317 2.6
    endloop
  endfacet
  facet normal 0 0 1
    outer loop
      vertex -7.40093 1.87432 2.6
      vertex -6.73688 2.17423 2.6
      vertex -7.16531 2.77402 2.6
    endloop
  endfacet
  facet normal 0 0 1
    outer loop
      vertex -6.95108 1.08175 2.6
      vertex -6.9725 0.910391 2.6
      vertex -6.95108 0.931811 2.6
    endloop
  endfacet
  facet normal 0 0 1
    outer loop
      vertex -7.42235 1.76722 2.6
      vertex -6.84398 1.76722 2.6
      vertex -7.40093 1.87432 2.6
    endloop
  endfacet
  facet normal 0 0 1
    outer loop
      vertex -6.99392 3.15958 2.6
      vertex -6.88682 3.39522 2.6
      vertex -6.99392 3.20244 2.6
    endloop
  endfacet
  facet normal 0 0 1
    outer loop
      vertex -6.73688 2.17423 2.6
      vertex -7.40093 1.87432 2.6
      vertex -6.7583 2.02429 2.6
    endloop
  endfacet
  facet normal 0 0 1
    outer loop
      vertex -6.7583 2.02429 2.6
      vertex -7.40093 1.87432 2.6
      vertex -6.84398 1.76722 2.6
    endloop
  endfacet
  facet normal 0 0 1
    outer loop
      vertex -7.46519 1.5316 2.6
      vertex -6.84398 1.76722 2.6
      vertex -7.42235 1.76722 2.6
    endloop
  endfacet
  facet normal 0 0 1
    outer loop
      vertex -6.9725 0.910391 2.6
      vertex -6.99392 0.653352 2.6
      vertex -6.9725 0.674771 2.6
    endloop
  endfacet
  facet normal 0 0 1
    outer loop
      vertex -6.84398 1.76722 2.6
      vertex -7.46519 1.5316 2.6
      vertex -6.90824 1.29598 2.6
    endloop
  endfacet
  facet normal 0 0 1
    outer loop
      vertex 6.3513 3.00964 2.6
      vertex 6.90824 3.20244 2.6
      vertex 6.90824 3.24528 2.6
    endloop
  endfacet
  facet normal 0 0 1
    outer loop
      vertex 6.90824 3.20244 2.6
      vertex 6.8654 1.59586 2.6
      vertex 6.88682 1.48876 2.6
    endloop
  endfacet
  facet normal 0 0 1
    outer loop
      vertex 6.90824 3.20244 2.6
      vertex 6.80114 1.8529 2.6
      vertex 6.8654 1.59586 2.6
    endloop
  endfacet
  facet normal 0 0 1
    outer loop
      vertex 6.90824 3.20244 2.6
      vertex 6.7583 2.00287 2.6
      vertex 6.80114 1.8529 2.6
    endloop
  endfacet
  facet normal 0 0 1
    outer loop
      vertex 6.90824 3.20244 2.6
      vertex 6.56552 2.58124 2.6
      vertex 6.7583 2.00287 2.6
    endloop
  endfacet
  facet normal -0 0 1
    outer loop
      vertex 6.1371 3.45948 2.6
      vertex 6.90824 3.24528 2.6
      vertex 6.52268 3.95217 2.6
    endloop
  endfacet
  facet normal 0 0 1
    outer loop
      vertex 6.90824 3.20244 2.6
      vertex 6.437 2.88111 2.6
      vertex 6.56552 2.58124 2.6
    endloop
  endfacet
  facet normal 0 0 1
    outer loop
      vertex 6.56552 2.58124 2.6
      vertex 6.437 2.88111 2.6
      vertex 6.437 2.83827 2.6
    endloop
  endfacet
  facet normal 0 0 1
    outer loop
      vertex 7.40093 1.76722 2.6
      vertex 7.01537 0.610483 2.6
      vertex 7.03679 0.224923 2.6
    endloop
  endfacet
  facet normal 0 0 1
    outer loop
      vertex 7.07963 2.81686 2.6
      vertex 6.9725 0.974651 2.6
      vertex 7.01537 0.610483 2.6
    endloop
  endfacet
  facet normal 0 0 1
    outer loop
      vertex 7.01537 0.610483 2.6
      vertex 6.9725 0.974651 2.6
      vertex 6.99392 0.631904 2.6
    endloop
  endfacet
  facet normal 0 0 1
    outer loop
      vertex 7.07963 2.81686 2.6
      vertex 6.92966 1.27456 2.6
      vertex 6.9725 0.974651 2.6
    endloop
  endfacet
  facet normal 0 0 1
    outer loop
      vertex 6.9725 0.974651 2.6
      vertex 6.92966 1.27456 2.6
      vertex 6.95108 0.996071 2.6
    endloop
  endfacet
  facet normal 0 0 1
    outer loop
      vertex 7.07963 2.81686 2.6
      vertex 6.90824 3.20244 2.6
      vertex 6.88682 1.48876 2.6
    endloop
  endfacet
  facet normal 0 0 1
    outer loop
      vertex 7.07963 2.81686 2.6
      vertex 6.88682 1.48876 2.6
      vertex 6.92966 1.27456 2.6
    endloop
  endfacet
  facet normal 0 0 1
    outer loop
      vertex 6.92966 1.27456 2.6
      vertex 6.88682 1.48876 2.6
      vertex 6.88682 1.40308 2.6
    endloop
  endfacet
  facet normal 0 0 1
    outer loop
      vertex 7.14389 2.70975 2.6
      vertex 7.40093 1.76722 2.6
      vertex 7.40093 1.8529 2.6
    endloop
  endfacet
  facet normal 0 0 1
    outer loop
      vertex 7.37951 -1.83148 2.6
      vertex 7.31525 -2.04571 2.6
      vertex 7.37951 -1.89574 2.6
    endloop
  endfacet
  facet normal 0 0 1
    outer loop
      vertex 7.40093 1.76722 2.6
      vertex 7.03679 0.224923 2.6
      vertex 7.37951 -1.83148 2.6
    endloop
  endfacet
  facet normal 0 0 1
    outer loop
      vertex 6.77972 -1.87432 2.6
      vertex 7.31525 -2.10997 2.6
      vertex 7.31525 -2.04571 2.6
    endloop
  endfacet
  facet normal -0 0 1
    outer loop
      vertex 7.01537 -0.653352 2.6
      vertex 7.37951 -1.83148 2.6
      vertex 7.03679 0.224923 2.6
    endloop
  endfacet
  facet normal 0 0 1
    outer loop
      vertex 7.01537 0.610483 2.6
      vertex 7.14389 2.70975 2.6
      vertex 7.07963 2.81686 2.6
    endloop
  endfacet
  facet normal 0 0 1
    outer loop
      vertex 7.14389 2.70975 2.6
      vertex 7.01537 0.610483 2.6
      vertex 7.40093 1.76722 2.6
    endloop
  endfacet
  facet normal 0 0 1
    outer loop
      vertex 6.90824 3.20244 2.6
      vertex 7.07963 2.81686 2.6
      vertex 7.05821 2.92395 2.6
    endloop
  endfacet
  facet normal -0 0 1
    outer loop
      vertex 6.99392 -0.824712 2.6
      vertex 7.37951 -1.83148 2.6
      vertex 7.01537 -0.653352 2.6
    endloop
  endfacet
  facet normal -0 0 1
    outer loop
      vertex 6.9725 -0.996072 2.6
      vertex 7.37951 -1.83148 2.6
      vertex 6.99392 -0.824712 2.6
    endloop
  endfacet
  facet normal 0 0 1
    outer loop
      vertex 6.99392 -0.824712 2.6
      vertex 7.01537 -0.653352 2.6
      vertex 6.99392 -0.674772 2.6
    endloop
  endfacet
  facet normal -0 0 1
    outer loop
      vertex 6.92966 -1.25311 2.6
      vertex 7.37951 -1.83148 2.6
      vertex 6.9725 -0.996072 2.6
    endloop
  endfacet
  facet normal 0 0 1
    outer loop
      vertex 6.9725 -0.996072 2.6
      vertex 6.99392 -0.824712 2.6
      vertex 6.9725 -0.846131 2.6
    endloop
  endfacet
  facet normal -0 0 1
    outer loop
      vertex 6.90824 -1.36024 2.6
      vertex 7.37951 -1.83148 2.6
      vertex 6.92966 -1.25311 2.6
    endloop
  endfacet
  facet normal 0 0 1
    outer loop
      vertex 6.92966 -1.25311 2.6
      vertex 6.9725 -0.996072 2.6
      vertex 6.95108 -1.01749 2.6
    endloop
  endfacet
  facet normal -0 0 1
    outer loop
      vertex 6.88682 -1.38166 2.6
      vertex 7.37951 -1.83148 2.6
      vertex 6.90824 -1.36024 2.6
    endloop
  endfacet
  facet normal 0 0 1
    outer loop
      vertex 6.90824 -1.36024 2.6
      vertex 6.92966 -1.25311 2.6
      vertex 6.90824 -1.27456 2.6
    endloop
  endfacet
  facet normal 0 0 1
    outer loop
      vertex 6.77972 -1.87432 2.6
      vertex 7.37951 -1.83148 2.6
      vertex 6.88682 -1.38166 2.6
    endloop
  endfacet
  facet normal 0 0 1
    outer loop
      vertex 7.37951 -1.83148 2.6
      vertex 6.77972 -1.87432 2.6
      vertex 7.31525 -2.04571 2.6
    endloop
  endfacet
  facet normal 0 0 1
    outer loop
      vertex 7.31525 -2.10997 2.6
      vertex 6.77972 -1.87432 2.6
      vertex 7.20815 -2.43127 2.6
    endloop
  endfacet
  facet normal 0 0 1
    outer loop
      vertex 6.56552 -2.49553 2.6
      vertex 7.20815 -2.43127 2.6
      vertex 6.77972 -1.87432 2.6
    endloop
  endfacet
  facet normal 0 0 1
    outer loop
      vertex 7.20815 -2.43127 2.6
      vertex 6.56552 -2.49553 2.6
      vertex 6.80114 -3.3738 2.6
    endloop
  endfacet
  facet normal -0 0 1
    outer loop
      vertex 6.39416 -2.8597 2.6
      vertex 6.80114 -3.3738 2.6
      vertex 6.56552 -2.49553 2.6
    endloop
  endfacet
  facet normal -0 0 1
    outer loop
      vertex 6.3513 -2.94538 2.6
      vertex 6.80114 -3.3738 2.6
      vertex 6.39416 -2.8597 2.6
    endloop
  endfacet
  facet normal 0 0 1
    outer loop
      vertex 6.39416 -2.8597 2.6
      vertex 6.56552 -2.49553 2.6
      vertex 6.39416 -2.81686 2.6
    endloop
  endfacet
  facet normal 0 0 1
    outer loop
      vertex 6.80114 -3.3738 2.6
      vertex 6.3513 -2.94538 2.6
      vertex 6.7583 -3.39522 2.6
    endloop
  endfacet
  facet normal 0 0 1
    outer loop
      vertex 6.3513 -2.94538 2.6
      vertex 6.39416 -2.8597 2.6
      vertex 6.3513 -2.90254 2.6
    endloop
  endfacet
  facet normal -0 0 1
    outer loop
      vertex 6.26562 -3.11674 2.6
      vertex 6.7583 -3.39522 2.6
      vertex 6.3513 -2.94538 2.6
    endloop
  endfacet
  facet normal 0 0 1
    outer loop
      vertex 6.26562 -3.11674 2.6
      vertex 6.3513 -2.94538 2.6
      vertex 6.30846 -2.98822 2.6
    endloop
  endfacet
  facet normal -0 0 1
    outer loop
      vertex 6.22278 -3.15958 2.6
      vertex 6.7583 -3.39522 2.6
      vertex 6.26562 -3.11674 2.6
    endloop
  endfacet
  facet normal 0 0 1
    outer loop
      vertex 6.7583 -3.39522 2.6
      vertex 6.22278 -3.15958 2.6
      vertex 6.5441 -3.8022 2.6
    endloop
  endfacet
  facet normal -0 0 1
    outer loop
      vertex 5.96574 -3.63084 2.6
      vertex 6.5441 -3.8022 2.6
      vertex 6.22278 -3.15958 2.6
    endloop
  endfacet
  facet normal -0 0 1
    outer loop
      vertex 5.88006 -3.75936 2.6
      vertex 6.5441 -3.8022 2.6
      vertex 5.96574 -3.63084 2.6
    endloop
  endfacet
  facet normal 0 0 1
    outer loop
      vertex 6.5441 -3.8022 2.6
      vertex 5.88006 -3.75936 2.6
      vertex 6.15851 -4.35915 2.6
    endloop
  endfacet
  facet normal -0 0 1
    outer loop
      vertex 5.60157 -4.14495 2.6
      vertex 6.15851 -4.35915 2.6
      vertex 5.88006 -3.75936 2.6
    endloop
  endfacet
  facet normal 0 -0 1
    outer loop
      vertex 6.07283 -4.46628 2.6
      vertex 6.15851 -4.35915 2.6
      vertex 5.60157 -4.14495 2.6
    endloop
  endfacet
  facet normal 0 0 1
    outer loop
      vertex 5.88006 -3.75936 2.6
      vertex 5.96574 -3.63084 2.6
      vertex 5.9229 -3.65226 2.6
    endloop
  endfacet
  facet normal 0 0 1
    outer loop
      vertex 6.15851 -4.35915 2.6
      vertex 6.07283 -4.46628 2.6
      vertex 6.1371 -4.42341 2.6
    endloop
  endfacet
  facet normal 0 0 1
    outer loop
      vertex 6.07283 -4.46628 2.6
      vertex 5.60157 -4.14495 2.6
      vertex 5.94432 -4.65906 2.6
    endloop
  endfacet
  facet normal -0 0 1
    outer loop
      vertex 5.19459 -4.63764 2.6
      vertex 5.94432 -4.65906 2.6
      vertex 5.60157 -4.14495 2.6
    endloop
  endfacet
  facet normal 0 0 1
    outer loop
      vertex 5.94432 -4.65906 2.6
      vertex 5.19459 -4.63764 2.6
      vertex 5.70867 -4.93752 2.6
    endloop
  endfacet
  facet normal 0 0 1
    outer loop
      vertex 5.19459 -4.63764 2.6
      vertex 5.17317 -5.47305 2.6
      vertex 5.70867 -4.93752 2.6
    endloop
  endfacet
  facet normal -0 0 1
    outer loop
      vertex 4.68048 -5.15175 2.6
      vertex 5.17317 -5.47305 2.6
      vertex 5.19459 -4.63764 2.6
    endloop
  endfacet
  facet normal 0 0 1
    outer loop
      vertex 4.68048 -5.15175 2.6
      vertex 4.63764 -5.9229 2.6
      vertex 5.17317 -5.47305 2.6
    endloop
  endfacet
  facet normal -0 0 1
    outer loop
      vertex 4.03785 -5.66583 2.6
      vertex 4.63764 -5.9229 2.6
      vertex 4.68048 -5.15175 2.6
    endloop
  endfacet
  facet normal 0 0 1
    outer loop
      vertex 3.90933 -5.75154 2.6
      vertex 4.03785 -5.66583 2.6
      vertex 3.97359 -5.68725 2.6
    endloop
  endfacet
  facet normal 0 0 1
    outer loop
      vertex 4.03785 -5.66583 2.6
      vertex 3.90933 -5.75154 2.6
      vertex 4.63764 -5.9229 2.6
    endloop
  endfacet
  facet normal 0 0 1
    outer loop
      vertex 3.90933 -5.75154 2.6
      vertex 3.88791 -6.437 2.6
      vertex 4.63764 -5.9229 2.6
    endloop
  endfacet
  facet normal -0 0 1
    outer loop
      vertex 3.60942 -5.94432 2.6
      vertex 3.88791 -6.437 2.6
      vertex 3.90933 -5.75154 2.6
    endloop
  endfacet
  facet normal 0 0 1
    outer loop
      vertex 3.60942 -5.94432 2.6
      vertex 3.33096 -6.71546 2.6
      vertex 3.88791 -6.437 2.6
    endloop
  endfacet
  facet normal -0 0 1
    outer loop
      vertex 3.00964 -6.26562 2.6
      vertex 3.33096 -6.71546 2.6
      vertex 3.60942 -5.94432 2.6
    endloop
  endfacet
  facet normal 0 -0 1
    outer loop
      vertex 3.24528 -6.7583 2.6
      vertex 3.33096 -6.71546 2.6
      vertex 3.00964 -6.26562 2.6
    endloop
  endfacet
  facet normal 0 0 1
    outer loop
      vertex 3.33096 -6.71546 2.6
      vertex 3.24528 -6.7583 2.6
      vertex 3.28812 -6.7583 2.6
    endloop
  endfacet
  facet normal -0 0 1
    outer loop
      vertex 2.81686 -6.3513 2.6
      vertex 3.24528 -6.7583 2.6
      vertex 3.00964 -6.26562 2.6
    endloop
  endfacet
  facet normal 0 0 1
    outer loop
      vertex 2.81686 -6.3513 2.6
      vertex 3.00964 -6.26562 2.6
      vertex 2.96679 -6.26562 2.6
    endloop
  endfacet
  facet normal 0 0 1
    outer loop
      vertex 3.24528 -6.7583 2.6
      vertex 2.81686 -6.3513 2.6
      vertex 3.05248 -6.8654 2.6
    endloop
  endfacet
  facet normal -0 0 1
    outer loop
      vertex 2.70975 -6.39416 2.6
      vertex 3.05248 -6.8654 2.6
      vertex 2.81686 -6.3513 2.6
    endloop
  endfacet
  facet normal 0 0 1
    outer loop
      vertex 2.70975 -6.39416 2.6
      vertex 2.81686 -6.3513 2.6
      vertex 2.77402 -6.3513 2.6
    endloop
  endfacet
  facet normal 0 0 1
    outer loop
      vertex 3.05248 -6.8654 2.6
      vertex 2.70975 -6.39416 2.6
      vertex 2.79543 -6.95108 2.6
    endloop
  endfacet
  facet normal -0 0 1
    outer loop
      vertex 2.43127 -6.47984 2.6
      vertex 2.79543 -6.95108 2.6
      vertex 2.70975 -6.39416 2.6
    endloop
  endfacet
  facet normal 0 -0 1
    outer loop
      vertex 2.62407 -7.01537 2.6
      vertex 2.79543 -6.95108 2.6
      vertex 2.43127 -6.47984 2.6
    endloop
  endfacet
  facet normal 0 0 1
    outer loop
      vertex 2.79543 -6.95108 2.6
      vertex 2.62407 -7.01537 2.6
      vertex 2.73118 -6.99392 2.6
    endloop
  endfacet
  facet normal -0 0 1
    outer loop
      vertex 2.30275 -6.5441 2.6
      vertex 2.62407 -7.01537 2.6
      vertex 2.43127 -6.47984 2.6
    endloop
  endfacet
  facet normal 0 0 1
    outer loop
      vertex 2.62407 -7.01537 2.6
      vertex 2.30275 -6.5441 2.6
      vertex 2.55982 -7.05821 2.6
    endloop
  endfacet
  facet normal 0 0 1
    outer loop
      vertex 2.08855 -6.60836 2.6
      vertex 2.30275 -6.5441 2.6
      vertex 2.23849 -6.5441 2.6
    endloop
  endfacet
  facet normal 0 0 1
    outer loop
      vertex 2.30275 -6.5441 2.6
      vertex 2.08855 -6.60836 2.6
      vertex 2.55982 -7.05821 2.6
    endloop
  endfacet
  facet normal 0 0 1
    outer loop
      vertex 1.83148 -7.27241 2.6
      vertex 2.08855 -6.60836 2.6
      vertex 2.02429 -6.60836 2.6
    endloop
  endfacet
  facet normal 0 0 1
    outer loop
      vertex 2.08855 -6.60836 2.6
      vertex 1.83148 -7.27241 2.6
      vertex 2.55982 -7.05821 2.6
    endloop
  endfacet
  facet normal -0 0 1
    outer loop
      vertex 1.48876 -6.7583 2.6
      vertex 1.83148 -7.27241 2.6
      vertex 2.02429 -6.60836 2.6
    endloop
  endfacet
  facet normal 0 0 1
    outer loop
      vertex 1.83148 -7.27241 2.6
      vertex 1.48876 -6.7583 2.6
      vertex 1.7458 -7.27241 2.6
    endloop
  endfacet
  facet normal 0 0 1
    outer loop
      vertex 1.7458 -7.27241 2.6
      vertex 1.48876 -6.7583 2.6
      vertex 1.6387 -7.31525 2.6
    endloop
  endfacet
  facet normal 0 0 1
    outer loop
      vertex 1.48876 -6.7583 2.6
      vertex 1.23169 -7.37951 2.6
      vertex 1.6387 -7.31525 2.6
    endloop
  endfacet
  facet normal -0 0 1
    outer loop
      vertex 1.12459 -6.82256 2.6
      vertex 1.23169 -7.37951 2.6
      vertex 1.48876 -6.7583 2.6
    endloop
  endfacet
  facet normal 0 0 1
    outer loop
      vertex 1.12459 -6.82256 2.6
      vertex 1.48876 -6.7583 2.6
      vertex 1.14601 -6.80114 2.6
    endloop
  endfacet
  facet normal -0 0 1
    outer loop
      vertex 0.974651 -6.84398 2.6
      vertex 1.23169 -7.37951 2.6
      vertex 1.12459 -6.82256 2.6
    endloop
  endfacet
  facet normal 0 0 1
    outer loop
      vertex 0.974651 -6.84398 2.6
      vertex 1.12459 -6.82256 2.6
      vertex 0.996071 -6.82256 2.6
    endloop
  endfacet
  facet normal 0 0 1
    outer loop
      vertex 0.888971 -7.42235 2.6
      vertex 1.23169 -7.37951 2.6
      vertex 0.974651 -6.84398 2.6
    endloop
  endfacet
  facet normal 0 0 1
    outer loop
      vertex 1.23169 -7.37951 2.6
      vertex 0.888971 -7.42235 2.6
      vertex 1.21027 -7.40093 2.6
    endloop
  endfacet
  facet normal -0 0 1
    outer loop
      vertex 0.803291 -6.8654 2.6
      vertex 0.888971 -7.42235 2.6
      vertex 0.974651 -6.84398 2.6
    endloop
  endfacet
  facet normal 0 0 1
    outer loop
      vertex 0.803291 -6.8654 2.6
      vertex 0.974651 -6.84398 2.6
      vertex 0.824712 -6.84398 2.6
    endloop
  endfacet
  facet normal 0 0 1
    outer loop
      vertex 0.674771 -7.44377 2.6
      vertex 0.888971 -7.42235 2.6
      vertex 0.803291 -6.8654 2.6
    endloop
  endfacet
  facet normal 0 0 1
    outer loop
      vertex 0.888971 -7.42235 2.6
      vertex 0.674771 -7.44377 2.6
      vertex 0.867552 -7.44377 2.6
    endloop
  endfacet
  facet normal 0 0 1
    outer loop
      vertex 0.631904 -6.88682 2.6
      vertex 0.803291 -6.8654 2.6
      vertex 0.653352 -6.8654 2.6
    endloop
  endfacet
  facet normal 0 0 1
    outer loop
      vertex 0.803291 -6.8654 2.6
      vertex 0.631904 -6.88682 2.6
      vertex 0.674771 -7.44377 2.6
    endloop
  endfacet
  facet normal 0 0 1
    outer loop
      vertex 0.374863 -7.46519 2.6
      vertex 0.674771 -7.44377 2.6
      vertex 0.631904 -6.88682 2.6
    endloop
  endfacet
  facet normal 0 0 1
    outer loop
      vertex 0.674771 -7.44377 2.6
      vertex 0.374863 -7.46519 2.6
      vertex 0.653352 -7.46519 2.6
    endloop
  endfacet
  facet normal 0 0 1
    outer loop
      vertex 0.332024 -6.90824 2.6
      vertex 0.631904 -6.88682 2.6
      vertex 0.353443 -6.88682 2.6
    endloop
  endfacet
  facet normal 0 0 1
    outer loop
      vertex 0.631904 -6.88682 2.6
      vertex 0.332024 -6.90824 2.6
      vertex 0.374863 -7.46519 2.6
    endloop
  endfacet
  facet normal 0 0 1
    outer loop
      vertex 0.374863 -7.46519 2.6
      vertex 0.332024 -6.90824 2.6
      vertex 0.353443 -7.48661 2.6
    endloop
  endfacet
  facet normal -0 0 1
    outer loop
      vertex -0.396284 -6.90824 2.6
      vertex 0.353443 -7.48661 2.6
      vertex 0.332024 -6.90824 2.6
    endloop
  endfacet
  facet normal 0 0 1
    outer loop
      vertex -0.396284 -6.90824 2.6
      vertex -0.524804 -7.48661 2.6
      vertex 0.353443 -7.48661 2.6
    endloop
  endfacet
  facet normal 0 0 1
    outer loop
      vertex -0.546224 -7.46519 2.6
      vertex -0.396284 -6.90824 2.6
      vertex -0.417704 -6.88682 2.6
    endloop
  endfacet
  facet normal 0 0 1
    outer loop
      vertex -0.396284 -6.90824 2.6
      vertex -0.546224 -7.46519 2.6
      vertex -0.524804 -7.48661 2.6
    endloop
  endfacet
  facet normal -0 0 1
    outer loop
      vertex -0.846131 -7.44377 2.6
      vertex -0.546224 -7.46519 2.6
      vertex -0.417704 -6.88682 2.6
    endloop
  endfacet
  facet normal 0 0 1
    outer loop
      vertex -0.546224 -7.46519 2.6
      vertex -0.846131 -7.44377 2.6
      vertex -0.824712 -7.46519 2.6
    endloop
  endfacet
  facet normal 0 0 1
    outer loop
      vertex -0.910392 -6.8654 2.6
      vertex -0.846131 -7.44377 2.6
      vertex -0.417704 -6.88682 2.6
    endloop
  endfacet
  facet normal -0 0 1
    outer loop
      vertex -1.06033 -6.84398 2.6
      vertex -0.910392 -6.8654 2.6
      vertex -0.931811 -6.84398 2.6
    endloop
  endfacet
  facet normal 0 0 1
    outer loop
      vertex -1.25311 -7.40093 2.6
      vertex -0.910392 -6.8654 2.6
      vertex -1.06033 -6.84398 2.6
    endloop
  endfacet
  facet normal -0 0 1
    outer loop
      vertex -1.21027 -6.82256 2.6
      vertex -1.06033 -6.84398 2.6
      vertex -1.08175 -6.82256 2.6
    endloop
  endfacet
  facet normal 0 0 1
    outer loop
      vertex -1.06033 -6.84398 2.6
      vertex -1.21027 -6.82256 2.6
      vertex -1.25311 -7.40093 2.6
    endloop
  endfacet
  facet normal -0 0 1
    outer loop
      vertex -1.36024 -6.80114 2.6
      vertex -1.21027 -6.82256 2.6
      vertex -1.23169 -6.80114 2.6
    endloop
  endfacet
  facet normal 0 0 1
    outer loop
      vertex -0.910392 -6.8654 2.6
      vertex -1.25311 -7.40093 2.6
      vertex -0.846131 -7.44377 2.6
    endloop
  endfacet
  facet normal 0 0 1
    outer loop
      vertex -0.846131 -7.44377 2.6
      vertex -1.25311 -7.40093 2.6
      vertex -1.23169 -7.42235 2.6
    endloop
  endfacet
  facet normal 0 0 1
    outer loop
      vertex -1.21027 -6.82256 2.6
      vertex -1.36024 -6.80114 2.6
      vertex -1.25311 -7.40093 2.6
    endloop
  endfacet
  facet normal 0 0 1
    outer loop
      vertex -1.70296 -6.73688 2.6
      vertex -1.36024 -6.80114 2.6
      vertex -1.38166 -6.77972 2.6
    endloop
  endfacet
  facet normal 0 0 1
    outer loop
      vertex -1.36024 -6.80114 2.6
      vertex -1.6387 -7.35809 2.6
      vertex -1.25311 -7.40093 2.6
    endloop
  endfacet
  facet normal 0 0 1
    outer loop
      vertex -1.36024 -6.80114 2.6
      vertex -1.70296 -6.73688 2.6
      vertex -1.6387 -7.35809 2.6
    endloop
  endfacet
  facet normal 0 0 1
    outer loop
      vertex -1.96003 -6.67262 2.6
      vertex -1.70296 -6.73688 2.6
      vertex -1.72438 -6.71546 2.6
    endloop
  endfacet
  facet normal 0 0 1
    outer loop
      vertex -1.70296 -6.73688 2.6
      vertex -1.93861 -7.27241 2.6
      vertex -1.6387 -7.35809 2.6
    endloop
  endfacet
  facet normal 0 0 1
    outer loop
      vertex -1.70296 -6.73688 2.6
      vertex -1.96003 -6.67262 2.6
      vertex -1.93861 -7.27241 2.6
    endloop
  endfacet
  facet normal 0 0 1
    outer loop
      vertex -1.96003 -6.67262 2.6
      vertex -2.02429 -7.27241 2.6
      vertex -1.93861 -7.27241 2.6
    endloop
  endfacet
  facet normal -0 0 1
    outer loop
      vertex -2.10997 -6.62978 2.6
      vertex -1.96003 -6.67262 2.6
      vertex -2.04571 -6.62978 2.6
    endloop
  endfacet
  facet normal 0 0 1
    outer loop
      vertex -1.96003 -6.67262 2.6
      vertex -2.10997 -6.62978 2.6
      vertex -2.21707 -7.20815 2.6
    endloop
  endfacet
  facet normal -0 0 1
    outer loop
      vertex -2.25991 -6.58694 2.6
      vertex -2.10997 -6.62978 2.6
      vertex -2.19565 -6.58694 2.6
    endloop
  endfacet
  facet normal 0 0 1
    outer loop
      vertex -1.96003 -6.67262 2.6
      vertex -2.21707 -7.20815 2.6
      vertex -2.02429 -7.27241 2.6
    endloop
  endfacet
  facet normal 0 0 1
    outer loop
      vertex -2.28133 -7.20815 2.6
      vertex -2.10997 -6.62978 2.6
      vertex -2.25991 -6.58694 2.6
    endloop
  endfacet
  facet normal 0 0 1
    outer loop
      vertex -2.10997 -6.62978 2.6
      vertex -2.28133 -7.20815 2.6
      vertex -2.21707 -7.20815 2.6
    endloop
  endfacet
  facet normal 0 0 1
    outer loop
      vertex -2.49553 -7.12247 2.6
      vertex -2.25991 -6.58694 2.6
      vertex -2.38843 -6.52268 2.6
    endloop
  endfacet
  facet normal 0 0 1
    outer loop
      vertex -2.25991 -6.58694 2.6
      vertex -2.49553 -7.12247 2.6
      vertex -2.28133 -7.20815 2.6
    endloop
  endfacet
  facet normal -0 0 1
    outer loop
      vertex -2.62408 -7.07963 2.6
      vertex -2.49553 -7.12247 2.6
      vertex -2.38843 -6.52268 2.6
    endloop
  endfacet
  facet normal 0 0 1
    outer loop
      vertex -2.49553 -7.12247 2.6
      vertex -2.62408 -7.07963 2.6
      vertex -2.55982 -7.12247 2.6
    endloop
  endfacet
  facet normal 0 0 1
    outer loop
      vertex -2.8597 -7.01537 2.6
      vertex -2.38843 -6.52268 2.6
      vertex -2.83828 -6.37274 2.6
    endloop
  endfacet
  facet normal 0 0 1
    outer loop
      vertex -2.38843 -6.52268 2.6
      vertex -2.8597 -7.01537 2.6
      vertex -2.62408 -7.07963 2.6
    endloop
  endfacet
  facet normal 0 0 1
    outer loop
      vertex -2.83828 -6.37274 2.6
      vertex -3.22386 -6.84398 2.6
      vertex -2.8597 -7.01537 2.6
    endloop
  endfacet
  facet normal 0 0 1
    outer loop
      vertex -2.83828 -6.37274 2.6
      vertex -3.2667 -6.84398 2.6
      vertex -3.22386 -6.84398 2.6
    endloop
  endfacet
  facet normal 0 0 1
    outer loop
      vertex -3.4809 -6.05142 2.6
      vertex -3.2667 -6.84398 2.6
      vertex -2.83828 -6.37274 2.6
    endloop
  endfacet
  facet normal 0 0 1
    outer loop
      vertex -3.65226 -5.94432 2.6
      vertex -3.4809 -6.05142 2.6
      vertex -3.54516 -5.98716 2.6
    endloop
  endfacet
  facet normal 0 0 1
    outer loop
      vertex -3.4809 -6.05142 2.6
      vertex -3.65226 -5.94432 2.6
      vertex -4.01643 -6.437 2.6
    endloop
  endfacet
  facet normal 0 0 1
    outer loop
      vertex -3.4809 -6.05142 2.6
      vertex -4.01643 -6.437 2.6
      vertex -3.2667 -6.84398 2.6
    endloop
  endfacet
  facet normal 0 0 1
    outer loop
      vertex -4.08069 -6.37274 2.6
      vertex -3.65226 -5.94432 2.6
      vertex -4.03785 -5.68725 2.6
    endloop
  endfacet
  facet normal 0 0 1
    outer loop
      vertex -3.65226 -5.94432 2.6
      vertex -4.08069 -6.37274 2.6
      vertex -4.01643 -6.437 2.6
    endloop
  endfacet
  facet normal 0 0 1
    outer loop
      vertex -4.03785 -5.68725 2.6
      vertex -4.40199 -6.17994 2.6
      vertex -4.08069 -6.37274 2.6
    endloop
  endfacet
  facet normal 0 0 1
    outer loop
      vertex -4.03785 -5.68725 2.6
      vertex -4.42341 -6.1371 2.6
      vertex -4.40199 -6.17994 2.6
    endloop
  endfacet
  facet normal 0 0 1
    outer loop
      vertex -4.7019 -5.9229 2.6
      vertex -4.03785 -5.68725 2.6
      vertex -4.55196 -5.28027 2.6
    endloop
  endfacet
  facet normal 0 0 1
    outer loop
      vertex -4.03785 -5.68725 2.6
      vertex -4.5948 -6.03 2.6
      vertex -4.42341 -6.1371 2.6
    endloop
  endfacet
  facet normal 0 0 1
    outer loop
      vertex -4.03785 -5.68725 2.6
      vertex -4.7019 -5.9229 2.6
      vertex -4.5948 -6.03 2.6
    endloop
  endfacet
  facet normal 0 0 1
    outer loop
      vertex -4.55196 -5.28027 2.6
      vertex -4.89468 -5.79438 2.6
      vertex -4.7019 -5.9229 2.6
    endloop
  endfacet
  facet normal 0 0 1
    outer loop
      vertex -4.98036 -4.87326 2.6
      vertex -4.89468 -5.79438 2.6
      vertex -4.55196 -5.28027 2.6
    endloop
  endfacet
  facet normal 0 0 1
    outer loop
      vertex -5.60157 -5.10891 2.6
      vertex -4.98036 -4.87326 2.6
      vertex -5.47305 -4.29489 2.6
    endloop
  endfacet
  facet normal 0 0 1
    outer loop
      vertex -4.98036 -4.87326 2.6
      vertex -5.60157 -5.10891 2.6
      vertex -4.89468 -5.79438 2.6
    endloop
  endfacet
  facet normal 0 0 1
    outer loop
      vertex -6.2442 -4.29489 2.6
      vertex -5.47305 -4.29489 2.6
      vertex -5.88006 -3.71652 2.6
    endloop
  endfacet
  facet normal -0 0 1
    outer loop
      vertex -6.6512 -3.63084 2.6
      vertex -5.88006 -3.71652 2.6
      vertex -5.9229 -3.60942 2.6
    endloop
  endfacet
  facet normal 0 0 1
    outer loop
      vertex -6.6512 -3.63084 2.6
      vertex -5.9229 -3.60942 2.6
      vertex -6.09426 -3.35238 2.6
    endloop
  endfacet
  facet normal 0 0 1
    outer loop
      vertex -5.47305 -4.29489 2.6
      vertex -6.2442 -4.29489 2.6
      vertex -5.60157 -5.10891 2.6
    endloop
  endfacet
  facet normal -0 0 1
    outer loop
      vertex -6.77972 -3.33096 2.6
      vertex -6.09426 -3.35238 2.6
      vertex -6.3513 -2.83828 2.6
    endloop
  endfacet
  facet normal 0 0 1
    outer loop
      vertex -6.77972 -3.33096 2.6
      vertex -6.3513 -2.83828 2.6
      vertex -6.52268 -2.43127 2.6
    endloop
  endfacet
  facet normal 0 0 1
    outer loop
      vertex -6.6512 -3.63084 2.6
      vertex -6.09426 -3.35238 2.6
      vertex -6.6512 -3.588 2.6
    endloop
  endfacet
  facet normal 0 0 1
    outer loop
      vertex -5.88006 -3.71652 2.6
      vertex -6.6512 -3.63084 2.6
      vertex -6.2442 -4.29489 2.6
    endloop
  endfacet
  facet normal 0 0 1
    outer loop
      vertex 7.55087 0.910391 2.6
      vertex 7.57229 0.696192 2.6
      vertex 7.57229 0.888971 2.6
    endloop
  endfacet
  facet normal 0 0 1
    outer loop
      vertex 7.37951 -1.83148 2.6
      vertex 7.57229 0.696192 2.6
      vertex 7.55087 0.910391 2.6
    endloop
  endfacet
  facet normal 0 0 1
    outer loop
      vertex 7.57229 0.696192 2.6
      vertex 7.37951 -1.83148 2.6
      vertex 7.57229 -0.803292 2.6
    endloop
  endfacet
  facet normal 0 0 1
    outer loop
      vertex 7.50803 1.25311 2.6
      vertex 7.55087 0.910391 2.6
      vertex 7.52945 1.23169 2.6
    endloop
  endfacet
  facet normal 0 0 1
    outer loop
      vertex 7.57229 -0.803292 2.6
      vertex 7.52945 -1.16743 2.6
      vertex 7.55087 -1.14601 2.6
    endloop
  endfacet
  facet normal 0 0 1
    outer loop
      vertex 7.40093 1.76722 2.6
      vertex 7.55087 0.910391 2.6
      vertex 7.50803 1.25311 2.6
    endloop
  endfacet
  facet normal 0 0 1
    outer loop
      vertex 7.57229 -0.803292 2.6
      vertex 7.37951 -1.83148 2.6
      vertex 7.52945 -1.16743 2.6
    endloop
  endfacet
  facet normal 0 0 1
    outer loop
      vertex 7.40093 1.76722 2.6
      vertex 7.50803 1.25311 2.6
      vertex 7.44377 1.66012 2.6
    endloop
  endfacet
  facet normal 0 0 1
    outer loop
      vertex 7.55087 0.910391 2.6
      vertex 7.40093 1.76722 2.6
      vertex 7.37951 -1.83148 2.6
    endloop
  endfacet
  facet normal 0 0 1
    outer loop
      vertex 7.52945 -1.16743 2.6
      vertex 7.37951 -1.83148 2.6
      vertex 7.50803 -1.38166 2.6
    endloop
  endfacet
  facet normal 0 0 1
    outer loop
      vertex 7.57229 0.696192 2.6
      vertex 7.59371 0.417704 2.6
      vertex 7.59371 0.674771 2.6
    endloop
  endfacet
  facet normal 0 0 1
    outer loop
      vertex 7.59371 0.417704 2.6
      vertex 7.57229 0.696192 2.6
      vertex 7.59371 -0.546224 2.6
    endloop
  endfacet
  facet normal 0 0 1
    outer loop
      vertex 7.57229 -0.803292 2.6
      vertex 7.59371 -0.546224 2.6
      vertex 7.57229 0.696192 2.6
    endloop
  endfacet
  facet normal 0 0 1
    outer loop
      vertex 7.59371 -0.546224 2.6
      vertex 7.57229 -0.803292 2.6
      vertex 7.59371 -0.781872 2.6
    endloop
  endfacet
  facet normal 0 0 1
    outer loop
      vertex 7.59371 0.417704 2.6
      vertex 7.61513 -0.524804 2.6
      vertex 7.61513 0.396283 2.6
    endloop
  endfacet
  facet normal 0 0 1
    outer loop
      vertex 7.61513 -0.524804 2.6
      vertex 7.59371 0.417704 2.6
      vertex 7.59371 -0.546224 2.6
    endloop
  endfacet
  facet normal 0 0 1
    outer loop
      vertex 7.03679 0.224923 2.6
      vertex 7.01537 0.610483 2.6
      vertex 7.01537 0.246344 2.6
    endloop
  endfacet
  facet normal 0 0 1
    outer loop
      vertex 6.88682 1.48876 2.6
      vertex 6.8654 1.59586 2.6
      vertex 6.8654 1.51018 2.6
    endloop
  endfacet
  facet normal 0 0 1
    outer loop
      vertex 6.8654 1.59586 2.6
      vertex 6.80114 1.8529 2.6
      vertex 6.80114 1.78864 2.6
    endloop
  endfacet
  facet normal 0 0 1
    outer loop
      vertex 6.80114 1.8529 2.6
      vertex 6.7583 2.00287 2.6
      vertex 6.7583 1.93861 2.6
    endloop
  endfacet
  facet normal 0 0 1
    outer loop
      vertex -6.09426 -3.35238 2.6
      vertex -6.77972 -3.33096 2.6
      vertex -6.71546 -3.50232 2.6
    endloop
  endfacet
  facet normal 0 0 1
    outer loop
      vertex -6.77972 -3.33096 2.6
      vertex -6.52268 -2.43127 2.6
      vertex -6.73688 -1.76722 2.6
    endloop
  endfacet
  facet normal 0 0 1
    outer loop
      vertex -6.09426 -3.35238 2.6
      vertex -6.71546 -3.50232 2.6
      vertex -6.6512 -3.588 2.6
    endloop
  endfacet
  facet normal 0 0 1
    outer loop
      vertex -6.71546 -3.50232 2.6
      vertex -6.77972 -3.33096 2.6
      vertex -6.77972 -3.3738 2.6
    endloop
  endfacet
  facet normal -0 0 1
    outer loop
      vertex 5.75154 2.04571 2.6
      vertex 6.1371 1.91719 2.6
      vertex 6.1371 2.13139 2.6
    endloop
  endfacet
  facet normal 0 0 1
    outer loop
      vertex 5.25885 1.68154 2.6
      vertex 6.1371 1.91719 2.6
      vertex 5.45163 1.81006 2.6
    endloop
  endfacet
  facet normal 0 0 1
    outer loop
      vertex 6.05142 2.25991 2.6
      vertex 6.1371 2.13139 2.6
      vertex 6.09426 2.23849 2.6
    endloop
  endfacet
  facet normal 0 0 1
    outer loop
      vertex 6.1371 1.91719 2.6
      vertex 5.75154 2.04571 2.6
      vertex 5.45163 1.81006 2.6
    endloop
  endfacet
  facet normal 0 0 1
    outer loop
      vertex 6.1371 2.13139 2.6
      vertex 6.05142 2.25991 2.6
      vertex 5.94432 2.23849 2.6
    endloop
  endfacet
  facet normal 0 0 1
    outer loop
      vertex 6.1371 1.91719 2.6
      vertex 5.25885 1.68154 2.6
      vertex 6.1371 -1.06033 2.6
    endloop
  endfacet
  facet normal 0 0 1
    outer loop
      vertex 6.1371 2.13139 2.6
      vertex 5.94432 2.23849 2.6
      vertex 5.75154 2.04571 2.6
    endloop
  endfacet
  facet normal 0 -0 1
    outer loop
      vertex 5.9229 -2.02429 2.6
      vertex 6.1371 -1.89574 2.6
      vertex 5.75154 -1.8529 2.6
    endloop
  endfacet
  facet normal 0 0 1
    outer loop
      vertex 6.1371 -1.89574 2.6
      vertex 5.9229 -2.02429 2.6
      vertex 6.07283 -2.04571 2.6
    endloop
  endfacet
  facet normal 0 0 1
    outer loop
      vertex 6.07283 -2.04571 2.6
      vertex 5.9229 -2.02429 2.6
      vertex 6.00858 -2.06713 2.6
    endloop
  endfacet
  facet normal 0 -0 1
    outer loop
      vertex 5.75154 -1.8529 2.6
      vertex 6.1371 -1.06033 2.6
      vertex 5.51589 -1.68154 2.6
    endloop
  endfacet
  facet normal 0 0 1
    outer loop
      vertex 6.1371 -1.06033 2.6
      vertex 5.75154 -1.8529 2.6
      vertex 6.1371 -1.89574 2.6
    endloop
  endfacet
  facet normal 0 0 1
    outer loop
      vertex 5.25885 1.68154 2.6
      vertex 5.45163 1.81006 2.6
      vertex 5.32311 1.7458 2.6
    endloop
  endfacet
  facet normal -0 0 1
    outer loop
      vertex 4.9161 1.51018 2.6
      vertex 6.1371 -1.06033 2.6
      vertex 5.25885 1.68154 2.6
    endloop
  endfacet
  facet normal -0 0 1
    outer loop
      vertex 4.78758 1.44592 2.6
      vertex 6.1371 -1.06033 2.6
      vertex 4.9161 1.51018 2.6
    endloop
  endfacet
  facet normal 0 0 1
    outer loop
      vertex 4.78758 1.44592 2.6
      vertex 4.9161 1.51018 2.6
      vertex 4.87326 1.51018 2.6
    endloop
  endfacet
  facet normal 0 0 1
    outer loop
      vertex 6.1371 -1.06033 2.6
      vertex 4.87326 -1.33882 2.6
      vertex 5.51589 -1.68154 2.6
    endloop
  endfacet
  facet normal 0 0 1
    outer loop
      vertex 6.1371 -1.06033 2.6
      vertex 4.78758 1.44592 2.6
      vertex 4.87326 -1.33882 2.6
    endloop
  endfacet
  facet normal 0 0 1
    outer loop
      vertex 4.72332 1.4245 2.6
      vertex 4.78758 1.44592 2.6
      vertex 4.76616 1.46734 2.6
    endloop
  endfacet
  facet normal 0 0 1
    outer loop
      vertex 4.78758 1.44592 2.6
      vertex 4.72332 1.4245 2.6
      vertex 4.87326 -1.33882 2.6
    endloop
  endfacet
  facet normal 0 0 1
    outer loop
      vertex 4.61622 1.38166 2.6
      vertex 4.72332 1.4245 2.6
      vertex 4.68048 1.4245 2.6
    endloop
  endfacet
  facet normal 0 0 1
    outer loop
      vertex 4.72332 1.4245 2.6
      vertex 4.61622 1.38166 2.6
      vertex 4.87326 -1.33882 2.6
    endloop
  endfacet
  facet normal 0 0 1
    outer loop
      vertex 4.4877 1.33882 2.6
      vertex 4.61622 1.38166 2.6
      vertex 4.5948 1.40308 2.6
    endloop
  endfacet
  facet normal 0 0 1
    outer loop
      vertex 4.61622 1.38166 2.6
      vertex 4.4877 1.33882 2.6
      vertex 4.87326 -1.33882 2.6
    endloop
  endfacet
  facet normal 0 0 1
    outer loop
      vertex 4.25205 1.27456 2.6
      vertex 4.4877 1.33882 2.6
      vertex 4.33773 1.3174 2.6
    endloop
  endfacet
  facet normal 0 0 1
    outer loop
      vertex 4.03785 -1.06033 2.6
      vertex 4.4877 1.33882 2.6
      vertex 4.25205 1.27456 2.6
    endloop
  endfacet
  facet normal 0 0 1
    outer loop
      vertex 3.99501 1.21027 2.6
      vertex 4.25205 1.27456 2.6
      vertex 4.18779 1.27456 2.6
    endloop
  endfacet
  facet normal 0 0 1
    outer loop
      vertex 4.4877 1.33882 2.6
      vertex 4.03785 -1.06033 2.6
      vertex 4.87326 -1.33882 2.6
    endloop
  endfacet
  facet normal 0 0 1
    outer loop
      vertex 4.25205 1.27456 2.6
      vertex 3.99501 1.21027 2.6
      vertex 4.03785 -1.06033 2.6
    endloop
  endfacet
  facet normal -0 0 1
    outer loop
      vertex 3.84507 -1.01749 2.6
      vertex 4.03785 -1.06033 2.6
      vertex 3.99501 1.21027 2.6
    endloop
  endfacet
  facet normal 0 0 1
    outer loop
      vertex 4.03785 -1.06033 2.6
      vertex 3.84507 -1.01749 2.6
      vertex 3.95217 -1.06033 2.6
    endloop
  endfacet
  facet normal -0 0 1
    outer loop
      vertex 3.63084 1.14601 2.6
      vertex 3.84507 -1.01749 2.6
      vertex 3.99501 1.21027 2.6
    endloop
  endfacet
  facet normal 0 0 1
    outer loop
      vertex 3.84507 -1.01749 2.6
      vertex 3.71652 -0.996072 2.6
      vertex 3.73794 -1.01749 2.6
    endloop
  endfacet
  facet normal 0 0 1
    outer loop
      vertex 3.63084 1.14601 2.6
      vertex 3.99501 1.21027 2.6
      vertex 3.65226 1.16743 2.6
    endloop
  endfacet
  facet normal 0 0 1
    outer loop
      vertex 3.84507 -1.01749 2.6
      vertex 3.63084 1.14601 2.6
      vertex 3.71652 -0.996072 2.6
    endloop
  endfacet
  facet normal -0 0 1
    outer loop
      vertex 3.43806 -0.953232 2.6
      vertex 3.71652 -0.996072 2.6
      vertex 3.63084 1.14601 2.6
    endloop
  endfacet
  facet normal 0 0 1
    outer loop
      vertex 3.71652 -0.996072 2.6
      vertex 3.43806 -0.953232 2.6
      vertex 3.45948 -0.974651 2.6
    endloop
  endfacet
  facet normal 0 0 1
    outer loop
      vertex 3.20244 1.10317 2.6
      vertex 3.63084 1.14601 2.6
      vertex 3.22386 1.12459 2.6
    endloop
  endfacet
  facet normal 0 0 1
    outer loop
      vertex 3.63084 1.14601 2.6
      vertex 3.20244 1.10317 2.6
      vertex 3.43806 -0.953232 2.6
    endloop
  endfacet
  facet normal -0 0 1
    outer loop
      vertex 3.18102 -0.931811 2.6
      vertex 3.43806 -0.953232 2.6
      vertex 3.20244 1.10317 2.6
    endloop
  endfacet
  facet normal 0 0 1
    outer loop
      vertex 3.43806 -0.953232 2.6
      vertex 3.18102 -0.931811 2.6
      vertex 3.20244 -0.953232 2.6
    endloop
  endfacet
  facet normal -0 0 1
    outer loop
      vertex 2.96679 -0.910392 2.6
      vertex 3.18102 -0.931811 2.6
      vertex 3.20244 1.10317 2.6
    endloop
  endfacet
  facet normal 0 0 1
    outer loop
      vertex 2.94538 1.08175 2.6
      vertex 3.20244 1.10317 2.6
      vertex 2.96679 1.10317 2.6
    endloop
  endfacet
  facet normal 0 0 1
    outer loop
      vertex 3.18102 -0.931811 2.6
      vertex 2.96679 -0.910392 2.6
      vertex 2.98822 -0.931811 2.6
    endloop
  endfacet
  facet normal 0 0 1
    outer loop
      vertex 3.20244 1.10317 2.6
      vertex 2.94538 1.08175 2.6
      vertex 2.96679 -0.910392 2.6
    endloop
  endfacet
  facet normal 0 0 1
    outer loop
      vertex 2.45269 1.06033 2.6
      vertex 2.94538 1.08175 2.6
      vertex 2.47411 1.08175 2.6
    endloop
  endfacet
  facet normal 0 0 1
    outer loop
      vertex 2.94538 1.08175 2.6
      vertex 2.45269 1.06033 2.6
      vertex 2.96679 -0.910392 2.6
    endloop
  endfacet
  facet normal -0 0 1
    outer loop
      vertex 2.43127 -0.888971 2.6
      vertex 2.96679 -0.910392 2.6
      vertex 2.45269 1.06033 2.6
    endloop
  endfacet
  facet normal 0 0 1
    outer loop
      vertex 2.96679 -0.910392 2.6
      vertex 2.43127 -0.888971 2.6
      vertex 2.45269 -0.910392 2.6
    endloop
  endfacet
  facet normal 0 0 1
    outer loop
      vertex 2.45269 1.06033 2.6
      vertex 2.36701 -0.888971 2.6
      vertex 2.43127 -0.888971 2.6
    endloop
  endfacet
  facet normal 0 0 1
    outer loop
      vertex 2.32417 -0.888971 2.6
      vertex 2.36701 -0.888971 2.6
      vertex 2.45269 1.06033 2.6
    endloop
  endfacet
  facet normal 0 0 1
    outer loop
      vertex 2.36701 -0.888971 2.6
      vertex 2.32417 -0.888971 2.6
      vertex 2.34559 -0.910392 2.6
    endloop
  endfacet
  facet normal -0 0 1
    outer loop
      vertex 2.06713 1.03891 2.6
      vertex 2.32417 -0.888971 2.6
      vertex 2.45269 1.06033 2.6
    endloop
  endfacet
  facet normal 0 0 1
    outer loop
      vertex 2.32417 -0.888971 2.6
      vertex 2.10997 -0.888971 2.6
      vertex 2.30275 -0.910392 2.6
    endloop
  endfacet
  facet normal 0 0 1
    outer loop
      vertex 2.30275 -0.910392 2.6
      vertex 2.10997 -0.888971 2.6
      vertex 2.13139 -0.910392 2.6
    endloop
  endfacet
  facet normal 0 0 1
    outer loop
      vertex 2.06713 1.03891 2.6
      vertex 2.45269 1.06033 2.6
      vertex 2.08855 1.06033 2.6
    endloop
  endfacet
  facet normal 0 0 1
    outer loop
      vertex 2.32417 -0.888971 2.6
      vertex 2.06713 1.03891 2.6
      vertex 2.10997 -0.888971 2.6
    endloop
  endfacet
  facet normal 0 0 1
    outer loop
      vertex 1.06033 -0.888971 2.6
      vertex 2.06713 1.03891 2.6
      vertex 1.06033 1.03891 2.6
    endloop
  endfacet
  facet normal 0 0 1
    outer loop
      vertex 2.06713 1.03891 2.6
      vertex 1.06033 -0.888971 2.6
      vertex 2.10997 -0.888971 2.6
    endloop
  endfacet
  facet normal 0 0 1
    outer loop
      vertex 1.03891 1.06033 2.6
      vertex 1.06033 -0.888971 2.6
      vertex 1.06033 1.03891 2.6
    endloop
  endfacet
  facet normal 0 0 1
    outer loop
      vertex 1.06033 -0.888971 2.6
      vertex 1.03891 1.06033 2.6
      vertex 1.03891 -0.910392 2.6
    endloop
  endfacet
  facet normal 0 0 1
    outer loop
      vertex 6.1371 1.91719 2.6
      vertex 6.15851 -1.03891 2.6
      vertex 6.15851 1.89574 2.6
    endloop
  endfacet
  facet normal 0 0 1
    outer loop
      vertex 6.15851 -1.03891 2.6
      vertex 6.1371 1.91719 2.6
      vertex 6.1371 -1.06033 2.6
    endloop
  endfacet
  facet normal 0 0 1
    outer loop
      vertex 1.08175 -2.15281 2.6
      vertex 1.06033 -2.13139 2.6
      vertex 1.08175 -2.43127 2.6
    endloop
  endfacet
  facet normal 0 0 1
    outer loop
      vertex 1.10317 -2.45269 2.6
      vertex 1.08175 -2.43127 2.6
      vertex 1.10317 -2.7526 2.6
    endloop
  endfacet
  facet normal 0 0 1
    outer loop
      vertex 1.12459 -2.77402 2.6
      vertex 1.10317 -2.7526 2.6
      vertex 1.12459 -2.9668 2.6
    endloop
  endfacet
  facet normal 0 0 1
    outer loop
      vertex 1.14601 -2.98822 2.6
      vertex 1.12459 -2.9668 2.6
      vertex 1.14601 -3.18102 2.6
    endloop
  endfacet
  facet normal 0 0 1
    outer loop
      vertex 1.16743 -3.20244 2.6
      vertex 1.14601 -3.18102 2.6
      vertex 1.16743 -3.35238 2.6
    endloop
  endfacet
  facet normal 0 0 1
    outer loop
      vertex 1.18885 -3.3738 2.6
      vertex 1.16743 -3.35238 2.6
      vertex 1.18885 -3.52374 2.6
    endloop
  endfacet
  facet normal 0 0 1
    outer loop
      vertex 1.23169 -3.67368 2.6
      vertex 1.18885 -3.52374 2.6
      vertex 1.23169 -3.78078 2.6
    endloop
  endfacet
  facet normal 0 0 1
    outer loop
      vertex 2.21707 6.11567 2.6
      vertex 2.30275 5.94432 2.6
      vertex 2.32417 6.02999 2.6
    endloop
  endfacet
  facet normal -0 0 1
    outer loop
      vertex 2.08855 6.11567 2.6
      vertex 2.30275 5.94432 2.6
      vertex 2.21707 6.11567 2.6
    endloop
  endfacet
  facet normal 0 0 1
    outer loop
      vertex 2.08855 6.11567 2.6
      vertex 1.93861 5.55873 2.6
      vertex 2.30275 5.94432 2.6
    endloop
  endfacet
  facet normal 0 0 1
    outer loop
      vertex 2.06713 6.1371 2.6
      vertex 1.93861 5.55873 2.6
      vertex 2.08855 6.11567 2.6
    endloop
  endfacet
  facet normal 0 0 1
    outer loop
      vertex 1.3174 6.15851 2.6
      vertex 1.93861 5.55873 2.6
      vertex 2.06713 6.1371 2.6
    endloop
  endfacet
  facet normal 0 0 1
    outer loop
      vertex 1.6387 5.13033 2.6
      vertex 1.55302 4.95894 2.6
      vertex 1.6387 5.08746 2.6
    endloop
  endfacet
  facet normal 0 0 1
    outer loop
      vertex 1.93861 5.55873 2.6
      vertex 1.3174 6.15851 2.6
      vertex 1.6387 5.13033 2.6
    endloop
  endfacet
  facet normal 0 0 1
    outer loop
      vertex 1.55302 4.95894 2.6
      vertex 1.4245 4.68048 2.6
      vertex 1.5316 4.87326 2.6
    endloop
  endfacet
  facet normal 0 0 1
    outer loop
      vertex 0.396283 6.17994 2.6
      vertex 1.6387 5.13033 2.6
      vertex 1.3174 6.15851 2.6
    endloop
  endfacet
  facet normal 0 0 1
    outer loop
      vertex 1.6387 5.13033 2.6
      vertex 0.396283 6.17994 2.6
      vertex 1.55302 4.95894 2.6
    endloop
  endfacet
  facet normal 0 0 1
    outer loop
      vertex 1.55302 4.95894 2.6
      vertex 0.396283 6.17994 2.6
      vertex 1.4245 4.68048 2.6
    endloop
  endfacet
  facet normal -0 0 1
    outer loop
      vertex 0.396283 6.17994 2.6
      vertex 1.3174 6.15851 2.6
      vertex 1.29598 6.17994 2.6
    endloop
  endfacet
  facet normal 0 0 1
    outer loop
      vertex 1.38166 -4.18779 2.6
      vertex 1.33882 -4.14495 2.6
      vertex 1.36024 -4.20921 2.6
    endloop
  endfacet
  facet normal 0 0 1
    outer loop
      vertex 1.4245 -4.29489 2.6
      vertex 1.36024 -4.20921 2.6
      vertex 1.40308 -4.31631 2.6
    endloop
  endfacet
  facet normal 0 0 1
    outer loop
      vertex 1.61728 -4.74474 2.6
      vertex 1.40308 -4.31631 2.6
      vertex 1.61728 -4.78758 2.6
    endloop
  endfacet
  facet normal 0 0 1
    outer loop
      vertex 1.66012 -4.809 2.6
      vertex 1.61728 -4.78758 2.6
      vertex 1.6387 -4.83042 2.6
    endloop
  endfacet
  facet normal 0 0 1
    outer loop
      vertex 2.25991 -5.88006 2.6
      vertex 2.34559 -5.75154 2.6
      vertex 2.28133 -5.64441 2.6
    endloop
  endfacet
  facet normal 0 0 1
    outer loop
      vertex 2.34559 -5.75154 2.6
      vertex 2.25991 -5.88006 2.6
      vertex 2.34559 -5.8158 2.6
    endloop
  endfacet
  facet normal 0 0 1
    outer loop
      vertex 2.28133 -5.64441 2.6
      vertex 2.15281 -5.88006 2.6
      vertex 2.25991 -5.88006 2.6
    endloop
  endfacet
  facet normal 0 0 1
    outer loop
      vertex 1.78864 -5.90148 2.6
      vertex 2.15281 -5.88006 2.6
      vertex 2.28133 -5.64441 2.6
    endloop
  endfacet
  facet normal 0 0 1
    outer loop
      vertex 1.78864 -5.90148 2.6
      vertex 2.28133 -5.64441 2.6
      vertex 1.93861 -5.28027 2.6
    endloop
  endfacet
  facet normal 0 0 1
    outer loop
      vertex 2.15281 -5.88006 2.6
      vertex 1.78864 -5.90148 2.6
      vertex 2.13139 -5.90148 2.6
    endloop
  endfacet
  facet normal 0 0 1
    outer loop
      vertex 1.33882 -5.9229 2.6
      vertex 1.93861 -5.28027 2.6
      vertex 1.76722 -5.04462 2.6
    endloop
  endfacet
  facet normal 0 0 1
    outer loop
      vertex 1.93861 -5.28027 2.6
      vertex 1.33882 -5.9229 2.6
      vertex 1.78864 -5.90148 2.6
    endloop
  endfacet
  facet normal 0 0 1
    outer loop
      vertex 1.6387 -4.83042 2.6
      vertex 1.76722 -5.04462 2.6
      vertex 1.68154 -4.85184 2.6
    endloop
  endfacet
  facet normal 0 0 1
    outer loop
      vertex 1.76722 -5.04462 2.6
      vertex 1.6387 -4.83042 2.6
      vertex 1.33882 -5.9229 2.6
    endloop
  endfacet
  facet normal 0 0 1
    outer loop
      vertex 1.33882 -5.9229 2.6
      vertex 1.6387 -4.83042 2.6
      vertex 1.61728 -4.78758 2.6
    endloop
  endfacet
  facet normal 0 0 1
    outer loop
      vertex 1.3174 -5.94432 2.6
      vertex 1.61728 -4.78758 2.6
      vertex 1.40308 -4.31631 2.6
    endloop
  endfacet
  facet normal 0 0 1
    outer loop
      vertex 1.3174 -5.94432 2.6
      vertex 1.40308 -4.31631 2.6
      vertex 1.36024 -4.20921 2.6
    endloop
  endfacet
  facet normal 0 0 1
    outer loop
      vertex 1.3174 -5.94432 2.6
      vertex 1.36024 -4.20921 2.6
      vertex 1.33882 -4.14495 2.6
    endloop
  endfacet
  facet normal 0 0 1
    outer loop
      vertex 1.78864 -5.90148 2.6
      vertex 1.33882 -5.9229 2.6
      vertex 1.76722 -5.9229 2.6
    endloop
  endfacet
  facet normal 0 0 1
    outer loop
      vertex 1.3174 4.35915 2.6
      vertex 1.27456 4.23063 2.6
      vertex 1.33882 4.33773 2.6
    endloop
  endfacet
  facet normal 0 0 1
    outer loop
      vertex 1.4245 4.68048 2.6
      vertex 0.396283 6.17994 2.6
      vertex 1.3174 4.35915 2.6
    endloop
  endfacet
  facet normal -0 0 1
    outer loop
      vertex -1.38166 4.65906 2.6
      vertex 1.3174 4.35915 2.6
      vertex 0.396283 6.17994 2.6
    endloop
  endfacet
  facet normal 0 -0 1
    outer loop
      vertex -1.23169 4.16637 2.6
      vertex 1.3174 4.35915 2.6
      vertex -1.38166 4.65906 2.6
    endloop
  endfacet
  facet normal 0 0 1
    outer loop
      vertex 1.23169 4.01643 2.6
      vertex 1.21027 3.84507 2.6
      vertex 1.23169 3.86649 2.6
    endloop
  endfacet
  facet normal 0 0 1
    outer loop
      vertex 1.27456 4.23063 2.6
      vertex 1.23169 4.01643 2.6
      vertex 1.25311 4.03785 2.6
    endloop
  endfacet
  facet normal 0 0 1
    outer loop
      vertex 1.21027 3.84507 2.6
      vertex 1.18885 3.65226 2.6
      vertex 1.21027 3.67368 2.6
    endloop
  endfacet
  facet normal 0 0 1
    outer loop
      vertex 1.27456 4.23063 2.6
      vertex -1.23169 4.16637 2.6
      vertex 1.23169 4.01643 2.6
    endloop
  endfacet
  facet normal 0 -0 1
    outer loop
      vertex -1.18885 3.93075 2.6
      vertex 1.23169 4.01643 2.6
      vertex -1.23169 4.16637 2.6
    endloop
  endfacet
  facet normal 0 0 1
    outer loop
      vertex 1.23169 4.01643 2.6
      vertex -1.18885 3.93075 2.6
      vertex 1.21027 3.84507 2.6
    endloop
  endfacet
  facet normal 0 0 1
    outer loop
      vertex 1.12459 2.90254 2.6
      vertex 1.10317 2.68834 2.6
      vertex 1.12459 2.70975 2.6
    endloop
  endfacet
  facet normal 0 -0 1
    outer loop
      vertex -1.16743 3.75936 2.6
      vertex 1.21027 3.84507 2.6
      vertex -1.18885 3.93075 2.6
    endloop
  endfacet
  facet normal 0 0 1
    outer loop
      vertex 1.10317 2.68834 2.6
      vertex 1.03891 1.59586 2.6
      vertex 1.06033 1.61728 2.6
    endloop
  endfacet
  facet normal 0 0 1
    outer loop
      vertex 1.21027 3.84507 2.6
      vertex -1.16743 3.75936 2.6
      vertex 1.18885 3.65226 2.6
    endloop
  endfacet
  facet normal -0 0 1
    outer loop
      vertex -0.996072 1.10317 2.6
      vertex 1.03891 1.06033 2.6
      vertex 1.03891 1.59586 2.6
    endloop
  endfacet
  facet normal 0 0 1
    outer loop
      vertex 1.12459 2.90254 2.6
      vertex -1.10317 3.13815 2.6
      vertex 1.10317 2.68834 2.6
    endloop
  endfacet
  facet normal 0 -0 1
    outer loop
      vertex -1.14601 3.60942 2.6
      vertex 1.18885 3.65226 2.6
      vertex -1.16743 3.75936 2.6
    endloop
  endfacet
  facet normal 0 0 1
    outer loop
      vertex 1.29598 -4.01643 2.6
      vertex 1.3174 -4.08069 2.6
      vertex 1.33882 -4.05927 2.6
    endloop
  endfacet
  facet normal 0 0 1
    outer loop
      vertex -1.29598 -4.14495 2.6
      vertex 1.3174 -4.08069 2.6
      vertex 1.29598 -4.01643 2.6
    endloop
  endfacet
  facet normal 0 0 1
    outer loop
      vertex 1.23169 -3.78078 2.6
      vertex 1.29598 -4.01643 2.6
      vertex 1.25311 -3.8022 2.6
    endloop
  endfacet
  facet normal -0 0 1
    outer loop
      vertex -1.21027 -3.86649 2.6
      vertex 1.29598 -4.01643 2.6
      vertex 1.23169 -3.78078 2.6
    endloop
  endfacet
  facet normal -0 0 1
    outer loop
      vertex -1.16743 -3.67368 2.6
      vertex 1.23169 -3.78078 2.6
      vertex 1.18885 -3.52374 2.6
    endloop
  endfacet
  facet normal -0 0 1
    outer loop
      vertex -1.12459 -3.41664 2.6
      vertex 1.18885 -3.52374 2.6
      vertex 1.16743 -3.35238 2.6
    endloop
  endfacet
  facet normal -0 0 1
    outer loop
      vertex -1.10317 -3.2667 2.6
      vertex 1.16743 -3.35238 2.6
      vertex 1.14601 -3.18102 2.6
    endloop
  endfacet
  facet normal 0 0 1
    outer loop
      vertex -1.10317 -3.2667 2.6
      vertex 1.14601 -3.18102 2.6
      vertex 1.12459 -2.9668 2.6
    endloop
  endfacet
  facet normal 0 0 1
    outer loop
      vertex -1.03891 -2.62408 2.6
      vertex 1.12459 -2.9668 2.6
      vertex 1.10317 -2.7526 2.6
    endloop
  endfacet
  facet normal -0 0 1
    outer loop
      vertex -1.01749 -2.36701 2.6
      vertex 1.08175 -2.43127 2.6
      vertex 1.06033 -2.13139 2.6
    endloop
  endfacet
  facet normal 0 0 1
    outer loop
      vertex -1.03891 -2.62408 2.6
      vertex 1.08175 -2.43127 2.6
      vertex -1.01749 -2.36701 2.6
    endloop
  endfacet
  facet normal -0 -0 1
    outer loop
      vertex -1.01749 1.87432 2.6
      vertex 1.03891 1.59586 2.6
      vertex -1.03891 2.23849 2.6
    endloop
  endfacet
  facet normal 0 -0 1
    outer loop
      vertex -0.974651 -0.888971 2.6
      vertex 1.03891 1.06033 2.6
      vertex -0.996072 1.10317 2.6
    endloop
  endfacet
  facet normal 0 0 1
    outer loop
      vertex -1.38166 4.65906 2.6
      vertex 0.396283 6.17994 2.6
      vertex 0.374863 6.20135 2.6
    endloop
  endfacet
  facet normal 0 0 1
    outer loop
      vertex -0.953232 -0.974651 2.6
      vertex 1.03891 -0.910392 2.6
      vertex -0.953232 -0.910392 2.6
    endloop
  endfacet
  facet normal 0 0 1
    outer loop
      vertex -0.974651 -1.48876 2.6
      vertex 1.03891 -0.910392 2.6
      vertex -0.953232 -1.12459 2.6
    endloop
  endfacet
  facet normal 0 0 1
    outer loop
      vertex 1.03891 -0.910392 2.6
      vertex -0.974651 -1.48876 2.6
      vertex 1.06033 -2.13139 2.6
    endloop
  endfacet
  facet normal 0 0 1
    outer loop
      vertex -0.974651 -1.48876 2.6
      vertex -0.953232 -1.12459 2.6
      vertex -0.974651 -1.14601 2.6
    endloop
  endfacet
  facet normal -0 0 1
    outer loop
      vertex -0.974651 -1.66012 2.6
      vertex 1.06033 -2.13139 2.6
      vertex -0.974651 -1.48876 2.6
    endloop
  endfacet
  facet normal 0 0 1
    outer loop
      vertex -1.01749 -2.36701 2.6
      vertex 1.06033 -2.13139 2.6
      vertex -0.974651 -1.66012 2.6
    endloop
  endfacet
  facet normal 0 0 1
    outer loop
      vertex -1.01749 -2.36701 2.6
      vertex -0.974651 -1.66012 2.6
      vertex -0.996072 -1.68154 2.6
    endloop
  endfacet
  facet normal 0 0 1
    outer loop
      vertex 1.08175 -2.43127 2.6
      vertex -1.03891 -2.62408 2.6
      vertex 1.10317 -2.7526 2.6
    endloop
  endfacet
  facet normal 0 0 1
    outer loop
      vertex -1.03891 -2.62408 2.6
      vertex -1.01749 -2.36701 2.6
      vertex -1.03891 -2.38843 2.6
    endloop
  endfacet
  facet normal 0 0 1
    outer loop
      vertex 1.12459 -2.9668 2.6
      vertex -1.03891 -2.62408 2.6
      vertex -1.10317 -3.2667 2.6
    endloop
  endfacet
  facet normal 0 0 1
    outer loop
      vertex -1.10317 -3.2667 2.6
      vertex -1.03891 -2.62408 2.6
      vertex -1.06033 -2.6455 2.6
    endloop
  endfacet
  facet normal 0 0 1
    outer loop
      vertex 1.16743 -3.35238 2.6
      vertex -1.10317 -3.2667 2.6
      vertex -1.12459 -3.41664 2.6
    endloop
  endfacet
  facet normal 0 0 1
    outer loop
      vertex 1.18885 -3.52374 2.6
      vertex -1.12459 -3.41664 2.6
      vertex -1.14601 -3.54516 2.6
    endloop
  endfacet
  facet normal 0 0 1
    outer loop
      vertex 1.18885 -3.52374 2.6
      vertex -1.14601 -3.54516 2.6
      vertex -1.16743 -3.67368 2.6
    endloop
  endfacet
  facet normal 0 0 1
    outer loop
      vertex -1.12459 -3.41664 2.6
      vertex -1.10317 -3.2667 2.6
      vertex -1.12459 -3.28812 2.6
    endloop
  endfacet
  facet normal 0 0 1
    outer loop
      vertex 1.23169 -3.78078 2.6
      vertex -1.16743 -3.67368 2.6
      vertex -1.21027 -3.86649 2.6
    endloop
  endfacet
  facet normal 0 0 1
    outer loop
      vertex -1.14601 -3.54516 2.6
      vertex -1.12459 -3.41664 2.6
      vertex -1.14601 -3.43806 2.6
    endloop
  endfacet
  facet normal 0 0 1
    outer loop
      vertex 1.29598 -4.01643 2.6
      vertex -1.21027 -3.86649 2.6
      vertex -1.29598 -4.14495 2.6
    endloop
  endfacet
  facet normal 0 0 1
    outer loop
      vertex -1.16743 -3.67368 2.6
      vertex -1.14601 -3.54516 2.6
      vertex -1.16743 -3.56658 2.6
    endloop
  endfacet
  facet normal 0 0 1
    outer loop
      vertex 1.3174 -4.08069 2.6
      vertex -1.29598 -4.14495 2.6
      vertex -1.40308 -4.42341 2.6
    endloop
  endfacet
  facet normal 0 0 1
    outer loop
      vertex -1.21027 -3.86649 2.6
      vertex -1.16743 -3.67368 2.6
      vertex -1.18885 -3.6951 2.6
    endloop
  endfacet
  facet normal 0 0 1
    outer loop
      vertex 1.3174 -4.08069 2.6
      vertex -1.40308 -4.42341 2.6
      vertex -1.08175 -5.94432 2.6
    endloop
  endfacet
  facet normal 0 0 1
    outer loop
      vertex -1.29598 -4.14495 2.6
      vertex -1.21027 -3.86649 2.6
      vertex -1.25311 -3.95217 2.6
    endloop
  endfacet
  facet normal 0 0 1
    outer loop
      vertex 1.3174 -4.08069 2.6
      vertex -1.08175 -5.94432 2.6
      vertex 1.3174 -5.94432 2.6
    endloop
  endfacet
  facet normal 0 0 1
    outer loop
      vertex -1.40308 -4.42341 2.6
      vertex -1.29598 -4.14495 2.6
      vertex -1.38166 -4.29489 2.6
    endloop
  endfacet
  facet normal 0 0 1
    outer loop
      vertex -1.08175 -5.94432 2.6
      vertex -1.40308 -4.42341 2.6
      vertex -1.10317 -5.9229 2.6
    endloop
  endfacet
  facet normal -0 0 1
    outer loop
      vertex -1.46734 -4.57338 2.6
      vertex -1.10317 -5.9229 2.6
      vertex -1.40308 -4.42341 2.6
    endloop
  endfacet
  facet normal -0 0 1
    outer loop
      vertex -1.48876 -4.61622 2.6
      vertex -1.10317 -5.9229 2.6
      vertex -1.46734 -4.57338 2.6
    endloop
  endfacet
  facet normal -0 0 1
    outer loop
      vertex -1.51018 -4.65906 2.6
      vertex -1.10317 -5.9229 2.6
      vertex -1.48876 -4.61622 2.6
    endloop
  endfacet
  facet normal -0 0 1
    outer loop
      vertex -1.5316 -4.7019 2.6
      vertex -1.10317 -5.9229 2.6
      vertex -1.51018 -4.65906 2.6
    endloop
  endfacet
  facet normal 0 0 1
    outer loop
      vertex -1.57444 -4.76616 2.6
      vertex -1.5316 -4.7019 2.6
      vertex -1.57444 -4.72332 2.6
    endloop
  endfacet
  facet normal 0 0 1
    outer loop
      vertex -1.5316 -4.7019 2.6
      vertex -1.57444 -4.76616 2.6
      vertex -1.10317 -5.9229 2.6
    endloop
  endfacet
  facet normal 0 0 1
    outer loop
      vertex -1.7458 -5.08746 2.6
      vertex -1.57444 -4.76616 2.6
      vertex -1.61728 -4.809 2.6
    endloop
  endfacet
  facet normal 0 0 1
    outer loop
      vertex -1.57444 -4.76616 2.6
      vertex -1.7458 -5.08746 2.6
      vertex -1.10317 -5.9229 2.6
    endloop
  endfacet
  facet normal -0 0 1
    outer loop
      vertex -2.10997 -5.53731 2.6
      vertex -1.10317 -5.9229 2.6
      vertex -1.7458 -5.08746 2.6
    endloop
  endfacet
  facet normal 0 0 1
    outer loop
      vertex -1.10317 -5.9229 2.6
      vertex -2.10997 -5.53731 2.6
      vertex -2.08855 -5.90148 2.6
    endloop
  endfacet
  facet normal 0 0 1
    outer loop
      vertex -2.10997 -5.53731 2.6
      vertex -2.10997 -5.88006 2.6
      vertex -2.08855 -5.90148 2.6
    endloop
  endfacet
  facet normal -0 0 1
    outer loop
      vertex -2.28133 -5.70867 2.6
      vertex -2.10997 -5.88006 2.6
      vertex -2.10997 -5.53731 2.6
    endloop
  endfacet
  facet normal 0 0 1
    outer loop
      vertex -2.10997 -5.88006 2.6
      vertex -2.28133 -5.70867 2.6
      vertex -2.21707 -5.88006 2.6
    endloop
  endfacet
  facet normal 0 0 1
    outer loop
      vertex -2.28133 -5.70867 2.6
      vertex -2.28133 -5.83722 2.6
      vertex -2.21707 -5.88006 2.6
    endloop
  endfacet
  facet normal 0 -0 1
    outer loop
      vertex -2.28133 -5.83722 2.6
      vertex -2.28133 -5.70867 2.6
      vertex -2.30275 -5.75154 2.6
    endloop
  endfacet
  facet normal 0 0 1
    outer loop
      vertex 1.3174 -4.08069 2.6
      vertex 1.33882 -4.14495 2.6
      vertex 1.36024 -4.12353 2.6
    endloop
  endfacet
  facet normal 0 0 1
    outer loop
      vertex 1.3174 -5.94432 2.6
      vertex 1.33882 -4.14495 2.6
      vertex 1.3174 -4.08069 2.6
    endloop
  endfacet
  facet normal 0 0 1
    outer loop
      vertex 1.61728 -4.78758 2.6
      vertex 1.3174 -5.94432 2.6
      vertex 1.33882 -5.9229 2.6
    endloop
  endfacet
  facet normal 0 0 1
    outer loop
      vertex -1.48876 -4.61622 2.6
      vertex -1.5316 -4.63764 2.6
      vertex -1.51018 -4.65906 2.6
    endloop
  endfacet
  facet normal 0 0 1
    outer loop
      vertex -1.40308 -4.42341 2.6
      vertex -1.48876 -4.55196 2.6
      vertex -1.46734 -4.57338 2.6
    endloop
  endfacet
  facet normal 0 0 1
    outer loop
      vertex -0.974651 -1.48876 2.6
      vertex -0.996072 -1.51018 2.6
      vertex -0.974651 -1.66012 2.6
    endloop
  endfacet
  facet normal 0 0 1
    outer loop
      vertex -0.953232 -0.910392 2.6
      vertex -0.974651 -0.953232 2.6
      vertex -0.953232 -0.974651 2.6
    endloop
  endfacet
  facet normal 0 0 1
    outer loop
      vertex -0.953232 -1.12459 2.6
      vertex 1.03891 -0.910392 2.6
      vertex -0.953232 -0.974651 2.6
    endloop
  endfacet
  facet normal 0 0 1
    outer loop
      vertex 1.03891 1.06033 2.6
      vertex -0.974651 -0.888971 2.6
      vertex -0.953232 -0.910392 2.6
    endloop
  endfacet
  facet normal 0 0 1
    outer loop
      vertex 1.03891 1.06033 2.6
      vertex -0.953232 -0.910392 2.6
      vertex 1.03891 -0.910392 2.6
    endloop
  endfacet
  facet normal 0 -0 1
    outer loop
      vertex -0.996072 1.10317 2.6
      vertex 1.03891 1.59586 2.6
      vertex -1.01749 1.87432 2.6
    endloop
  endfacet
  facet normal 0 0 1
    outer loop
      vertex 1.10317 2.68834 2.6
      vertex -1.03891 2.23849 2.6
      vertex 1.03891 1.59586 2.6
    endloop
  endfacet
  facet normal 0 0 1
    outer loop
      vertex -1.03891 2.23849 2.6
      vertex -1.10317 3.13815 2.6
      vertex -1.06033 2.25991 2.6
    endloop
  endfacet
  facet normal 0 -0 1
    outer loop
      vertex -1.03891 2.23849 2.6
      vertex 1.10317 2.68834 2.6
      vertex -1.10317 3.13815 2.6
    endloop
  endfacet
  facet normal 0 0 1
    outer loop
      vertex -1.10317 3.13815 2.6
      vertex -1.14601 3.60942 2.6
      vertex -1.12459 3.15958 2.6
    endloop
  endfacet
  facet normal 0 0 1
    outer loop
      vertex 1.18885 3.65226 2.6
      vertex -1.10317 3.13815 2.6
      vertex 1.12459 2.90254 2.6
    endloop
  endfacet
  facet normal 0 -0 1
    outer loop
      vertex -1.10317 3.13815 2.6
      vertex 1.18885 3.65226 2.6
      vertex -1.14601 3.60942 2.6
    endloop
  endfacet
  facet normal 0 0 1
    outer loop
      vertex 1.18885 3.65226 2.6
      vertex 1.12459 2.90254 2.6
      vertex 1.14601 2.92395 2.6
    endloop
  endfacet
  facet normal 0 0 1
    outer loop
      vertex -1.18885 3.93075 2.6
      vertex -1.23169 4.16637 2.6
      vertex -1.21027 3.95217 2.6
    endloop
  endfacet
  facet normal 0 0 1
    outer loop
      vertex 1.3174 4.35915 2.6
      vertex -1.23169 4.16637 2.6
      vertex 1.27456 4.23063 2.6
    endloop
  endfacet
  facet normal 0 0 1
    outer loop
      vertex 0.374863 6.20135 2.6
      vertex -1.61728 5.15175 2.6
      vertex -1.38166 4.65906 2.6
    endloop
  endfacet
  facet normal -0 0 1
    outer loop
      vertex -1.6387 6.15851 2.6
      vertex -1.61728 5.15175 2.6
      vertex 0.374863 6.20135 2.6
    endloop
  endfacet
  facet normal 0 0 1
    outer loop
      vertex -1.70296 5.28027 2.6
      vertex -1.6387 6.15851 2.6
      vertex -1.66012 6.1371 2.6
    endloop
  endfacet
  facet normal 0 0 1
    outer loop
      vertex -1.6387 6.15851 2.6
      vertex -1.70296 5.28027 2.6
      vertex -1.61728 5.15175 2.6
    endloop
  endfacet
  facet normal 0 0 1
    outer loop
      vertex -1.61728 5.15175 2.6
      vertex -1.70296 5.28027 2.6
      vertex -1.66012 5.17317 2.6
    endloop
  endfacet
  facet normal 0 0 1
    outer loop
      vertex -1.66012 6.1371 2.6
      vertex -1.91719 5.58015 2.6
      vertex -1.70296 5.28027 2.6
    endloop
  endfacet
  facet normal 0 0 1
    outer loop
      vertex -2.02429 6.11567 2.6
      vertex -1.66012 6.1371 2.6
      vertex -2.00287 6.1371 2.6
    endloop
  endfacet
  facet normal 0 0 1
    outer loop
      vertex -1.66012 6.1371 2.6
      vertex -2.02429 6.11567 2.6
      vertex -1.91719 5.58015 2.6
    endloop
  endfacet
  facet normal 0 0 1
    outer loop
      vertex -2.25991 5.94432 2.6
      vertex -2.02429 6.11567 2.6
      vertex -2.21707 6.09426 2.6
    endloop
  endfacet
  facet normal 0 0 1
    outer loop
      vertex -2.28133 6.02999 2.6
      vertex -2.21707 6.09426 2.6
      vertex -2.25991 6.07283 2.6
    endloop
  endfacet
  facet normal 0 0 1
    outer loop
      vertex -2.02429 6.11567 2.6
      vertex -2.25991 5.94432 2.6
      vertex -1.91719 5.58015 2.6
    endloop
  endfacet
  facet normal 0 0 1
    outer loop
      vertex -2.21707 6.09426 2.6
      vertex -2.28133 6.02999 2.6
      vertex -2.25991 5.94432 2.6
    endloop
  endfacet
  facet normal -0 0 1
    outer loop
      vertex -1.03891 1.06033 2.6
      vertex -0.974651 -0.888971 2.6
      vertex -0.996072 1.10317 2.6
    endloop
  endfacet
  facet normal -0 0 1
    outer loop
      vertex -1.14601 -0.867552 2.6
      vertex -0.974651 -0.888971 2.6
      vertex -1.03891 1.06033 2.6
    endloop
  endfacet
  facet normal 0 0 1
    outer loop
      vertex -0.974651 -0.888971 2.6
      vertex -1.14601 -0.867552 2.6
      vertex -1.12459 -0.888971 2.6
    endloop
  endfacet
  facet normal 0 0 1
    outer loop
      vertex -1.03891 1.06033 2.6
      vertex -1.98145 -0.867552 2.6
      vertex -1.14601 -0.867552 2.6
    endloop
  endfacet
  facet normal 0 0 1
    outer loop
      vertex -2.79544 1.08175 2.6
      vertex -1.98145 -0.867552 2.6
      vertex -1.03891 1.06033 2.6
    endloop
  endfacet
  facet normal 0 -0 1
    outer loop
      vertex -2.60266 -0.888971 2.6
      vertex -1.98145 -0.867552 2.6
      vertex -2.79544 1.08175 2.6
    endloop
  endfacet
  facet normal 0 0 1
    outer loop
      vertex -1.98145 -0.867552 2.6
      vertex -2.60266 -0.888971 2.6
      vertex -2.00287 -0.888971 2.6
    endloop
  endfacet
  facet normal 0 0 1
    outer loop
      vertex -3.20244 -0.931811 2.6
      vertex -2.60266 -0.888971 2.6
      vertex -2.79544 1.08175 2.6
    endloop
  endfacet
  facet normal 0 0 1
    outer loop
      vertex -3.39522 1.12459 2.6
      vertex -2.79544 1.08175 2.6
      vertex -2.81686 1.10317 2.6
    endloop
  endfacet
  facet normal 0 0 1
    outer loop
      vertex -2.60266 -0.888971 2.6
      vertex -3.20244 -0.931811 2.6
      vertex -2.62408 -0.910392 2.6
    endloop
  endfacet
  facet normal 0 0 1
    outer loop
      vertex -2.79544 1.08175 2.6
      vertex -3.39522 1.12459 2.6
      vertex -3.20244 -0.931811 2.6
    endloop
  endfacet
  facet normal 0 -0 1
    outer loop
      vertex -3.3738 -0.953232 2.6
      vertex -3.20244 -0.931811 2.6
      vertex -3.39522 1.12459 2.6
    endloop
  endfacet
  facet normal 0 0 1
    outer loop
      vertex -3.20244 -0.931811 2.6
      vertex -3.3738 -0.953232 2.6
      vertex -3.22386 -0.953232 2.6
    endloop
  endfacet
  facet normal 0 0 1
    outer loop
      vertex -3.52374 -0.974651 2.6
      vertex -3.3738 -0.953232 2.6
      vertex -3.39522 1.12459 2.6
    endloop
  endfacet
  facet normal -0 0 1
    outer loop
      vertex -3.56658 1.14601 2.6
      vertex -3.39522 1.12459 2.6
      vertex -3.41664 1.14601 2.6
    endloop
  endfacet
  facet normal 0 0 1
    outer loop
      vertex -3.3738 -0.953232 2.6
      vertex -3.52374 -0.974651 2.6
      vertex -3.39522 -0.974651 2.6
    endloop
  endfacet
  facet normal 0 0 1
    outer loop
      vertex -3.39522 1.12459 2.6
      vertex -3.56658 1.14601 2.6
      vertex -3.52374 -0.974651 2.6
    endloop
  endfacet
  facet normal 0 0 1
    outer loop
      vertex -3.67368 -0.996072 2.6
      vertex -3.52374 -0.974651 2.6
      vertex -3.56658 1.14601 2.6
    endloop
  endfacet
  facet normal -0 0 1
    outer loop
      vertex -3.71652 1.16743 2.6
      vertex -3.56658 1.14601 2.6
      vertex -3.588 1.16743 2.6
    endloop
  endfacet
  facet normal 0 0 1
    outer loop
      vertex -3.52374 -0.974651 2.6
      vertex -3.67368 -0.996072 2.6
      vertex -3.54516 -0.996072 2.6
    endloop
  endfacet
  facet normal 0 0 1
    outer loop
      vertex -3.56658 1.14601 2.6
      vertex -3.71652 1.16743 2.6
      vertex -3.67368 -0.996072 2.6
    endloop
  endfacet
  facet normal 0 0 1
    outer loop
      vertex -3.93075 1.21027 2.6
      vertex -3.71652 1.16743 2.6
      vertex -3.73794 1.18885 2.6
    endloop
  endfacet
  facet normal 0 -0 1
    outer loop
      vertex -3.88791 -1.03891 2.6
      vertex -3.71652 1.16743 2.6
      vertex -3.93075 1.21027 2.6
    endloop
  endfacet
  facet normal 0 0 1
    outer loop
      vertex -3.67368 -0.996072 2.6
      vertex -3.88791 -1.03891 2.6
      vertex -3.78078 -1.03891 2.6
    endloop
  endfacet
  facet normal 0 0 1
    outer loop
      vertex -3.71652 1.16743 2.6
      vertex -3.88791 -1.03891 2.6
      vertex -3.67368 -0.996072 2.6
    endloop
  endfacet
  facet normal 0 0 1
    outer loop
      vertex -4.14495 -1.10317 2.6
      vertex -3.88791 -1.03891 2.6
      vertex -3.93075 1.21027 2.6
    endloop
  endfacet
  facet normal 0 0 1
    outer loop
      vertex -4.29489 1.29598 2.6
      vertex -3.93075 1.21027 2.6
      vertex -4.12353 1.27456 2.6
    endloop
  endfacet
  facet normal 0 0 1
    outer loop
      vertex -3.88791 -1.03891 2.6
      vertex -4.14495 -1.10317 2.6
      vertex -4.08069 -1.10317 2.6
    endloop
  endfacet
  facet normal 0 0 1
    outer loop
      vertex -3.93075 1.21027 2.6
      vertex -4.29489 1.29598 2.6
      vertex -4.14495 -1.10317 2.6
    endloop
  endfacet
  facet normal 0 0 1
    outer loop
      vertex -4.35915 -1.16743 2.6
      vertex -4.14495 -1.10317 2.6
      vertex -4.29489 1.29598 2.6
    endloop
  endfacet
  facet normal 0 0 1
    outer loop
      vertex -4.14495 -1.10317 2.6
      vertex -4.35915 -1.16743 2.6
      vertex -4.29489 -1.16743 2.6
    endloop
  endfacet
  facet normal -0 0 1
    outer loop
      vertex -6.09426 -0.417704 2.6
      vertex -4.35915 -1.16743 2.6
      vertex -4.29489 1.29598 2.6
    endloop
  endfacet
  facet normal 0 0 1
    outer loop
      vertex -6.09426 -0.417704 2.6
      vertex -4.29489 1.29598 2.6
      vertex -4.61622 1.40308 2.6
    endloop
  endfacet
  facet normal 0 -0 1
    outer loop
      vertex -4.72332 -1.29598 2.6
      vertex -4.35915 -1.16743 2.6
      vertex -6.09426 -0.417704 2.6
    endloop
  endfacet
  facet normal 0 0 1
    outer loop
      vertex -4.35915 -1.16743 2.6
      vertex -4.72332 -1.29598 2.6
      vertex -4.55196 -1.25311 2.6
    endloop
  endfacet
  facet normal 0 0 1
    outer loop
      vertex -4.72332 -1.29598 2.6
      vertex -4.83042 -1.33882 2.6
      vertex -4.809 -1.36024 2.6
    endloop
  endfacet
  facet normal 0 0 1
    outer loop
      vertex -4.72332 -1.29598 2.6
      vertex -6.09426 -0.417704 2.6
      vertex -4.83042 -1.33882 2.6
    endloop
  endfacet
  facet normal 0 -0 1
    outer loop
      vertex -4.95894 -1.40308 2.6
      vertex -4.83042 -1.33882 2.6
      vertex -6.09426 -0.417704 2.6
    endloop
  endfacet
  facet normal 0 0 1
    outer loop
      vertex -6.11568 -0.396284 2.6
      vertex -4.61622 1.40308 2.6
      vertex -5.04462 1.59586 2.6
    endloop
  endfacet
  facet normal 0 0 1
    outer loop
      vertex -4.83042 -1.33882 2.6
      vertex -4.95894 -1.40308 2.6
      vertex -4.85184 -1.38166 2.6
    endloop
  endfacet
  facet normal 0 0 1
    outer loop
      vertex -4.95894 -1.40308 2.6
      vertex -6.09426 -0.417704 2.6
      vertex -5.25885 -1.55302 2.6
    endloop
  endfacet
  facet normal 0 0 1
    outer loop
      vertex -6.09426 1.36024 2.6
      vertex -5.04462 1.59586 2.6
      vertex -5.47305 1.8529 2.6
    endloop
  endfacet
  facet normal 0 -0 1
    outer loop
      vertex -5.47305 -1.68154 2.6
      vertex -5.25885 -1.55302 2.6
      vertex -6.09426 -0.417704 2.6
    endloop
  endfacet
  facet normal 0 0 1
    outer loop
      vertex -5.25885 -1.55302 2.6
      vertex -5.47305 -1.68154 2.6
      vertex -5.32311 -1.61728 2.6
    endloop
  endfacet
  facet normal 0 -0 1
    outer loop
      vertex -5.66583 -1.83148 2.6
      vertex -5.47305 -1.68154 2.6
      vertex -6.09426 -0.417704 2.6
    endloop
  endfacet
  facet normal -0 0 1
    outer loop
      vertex -6.09426 2.08855 2.6
      vertex -5.47305 1.8529 2.6
      vertex -5.9229 2.25991 2.6
    endloop
  endfacet
  facet normal 0 0 1
    outer loop
      vertex -6.11568 1.33882 2.6
      vertex -5.04462 1.59586 2.6
      vertex -6.09426 1.36024 2.6
    endloop
  endfacet
  facet normal 0 -0 1
    outer loop
      vertex -6.07284 -1.96003 2.6
      vertex -5.66583 -1.83148 2.6
      vertex -6.09426 -0.417704 2.6
    endloop
  endfacet
  facet normal 0 0 1
    outer loop
      vertex -6.05142 2.21707 2.6
      vertex -5.9229 2.25991 2.6
      vertex -6.00858 2.25991 2.6
    endloop
  endfacet
  facet normal 0 0 1
    outer loop
      vertex -5.9229 2.25991 2.6
      vertex -6.05142 2.21707 2.6
      vertex -6.09426 2.08855 2.6
    endloop
  endfacet
  facet normal 0 0 1
    outer loop
      vertex -5.66583 -1.83148 2.6
      vertex -6.07284 -1.96003 2.6
      vertex -5.94432 -2.06713 2.6
    endloop
  endfacet
  facet normal 0 0 1
    outer loop
      vertex -5.47305 1.8529 2.6
      vertex -6.09426 2.08855 2.6
      vertex -6.09426 1.36024 2.6
    endloop
  endfacet
  facet normal 0 0 1
    outer loop
      vertex -5.47305 -1.68154 2.6
      vertex -5.66583 -1.83148 2.6
      vertex -5.49447 -1.72438 2.6
    endloop
  endfacet
  facet normal 0 0 1
    outer loop
      vertex -5.94432 -2.06713 2.6
      vertex -6.07284 -1.96003 2.6
      vertex -5.98716 -2.06713 2.6
    endloop
  endfacet
  facet normal 0 0 1
    outer loop
      vertex -6.11568 -0.396284 2.6
      vertex -5.04462 1.59586 2.6
      vertex -6.11568 1.33882 2.6
    endloop
  endfacet
  facet normal 0 0 1
    outer loop
      vertex -4.61622 1.40308 2.6
      vertex -6.11568 -0.396284 2.6
      vertex -6.09426 -0.417704 2.6
    endloop
  endfacet
  facet normal 0 0 1
    outer loop
      vertex -1.01749 1.87432 2.6
      vertex -1.03891 2.23849 2.6
      vertex -1.03891 1.89574 2.6
    endloop
  endfacet
  facet normal 0 0 1
    outer loop
      vertex -1.14601 3.60942 2.6
      vertex -1.16743 3.75936 2.6
      vertex -1.16743 3.63084 2.6
    endloop
  endfacet
  facet normal 0 0 1
    outer loop
      vertex -1.16743 3.75936 2.6
      vertex -1.18885 3.93075 2.6
      vertex -1.18885 3.78078 2.6
    endloop
  endfacet
  facet normal 0 -1 0
    outer loop
      vertex 0.503384 -12.6919 2
      vertex 0.846131 -12.6919 2.6
      vertex 0.503384 -12.6919 2.6
    endloop
  endfacet
  facet normal 0 -1 -0
    outer loop
      vertex 0.846131 -12.6919 2.6
      vertex 0.503384 -12.6919 2
      vertex 0.846131 -12.6919 2
    endloop
  endfacet
  facet normal 0.70676 -0.707453 0
    outer loop
      vertex 0.846131 -12.6919 2
      vertex 0.867552 -12.6705 2.6
      vertex 0.846131 -12.6919 2.6
    endloop
  endfacet
  facet normal 0.70676 -0.707453 0
    outer loop
      vertex 0.867552 -12.6705 2.6
      vertex 0.846131 -12.6919 2
      vertex 0.867552 -12.6705 2
    endloop
  endfacet
  facet normal 0 -1 0
    outer loop
      vertex 0.867552 -12.6705 2
      vertex 1.08175 -12.6705 2.6
      vertex 0.867552 -12.6705 2.6
    endloop
  endfacet
  facet normal 0 -1 -0
    outer loop
      vertex 1.08175 -12.6705 2.6
      vertex 0.867552 -12.6705 2
      vertex 1.08175 -12.6705 2
    endloop
  endfacet
  facet normal 0.706776 -0.707437 0
    outer loop
      vertex 1.08175 -12.6705 2.6
      vertex 1.10317 -12.6491 2
      vertex 1.10317 -12.6491 2.6
    endloop
  endfacet
  facet normal 0.706776 -0.707437 0
    outer loop
      vertex 1.10317 -12.6491 2
      vertex 1.08175 -12.6705 2.6
      vertex 1.08175 -12.6705 2
    endloop
  endfacet
  facet normal 0 -1 0
    outer loop
      vertex 1.10317 -12.6491 2
      vertex 1.3174 -12.6491 2.6
      vertex 1.10317 -12.6491 2.6
    endloop
  endfacet
  facet normal 0 -1 -0
    outer loop
      vertex 1.3174 -12.6491 2.6
      vertex 1.10317 -12.6491 2
      vertex 1.3174 -12.6491 2
    endloop
  endfacet
  facet normal 0.708424 -0.705788 0
    outer loop
      vertex 1.3174 -12.6491 2
      vertex 1.33882 -12.6276 2.6
      vertex 1.3174 -12.6491 2.6
    endloop
  endfacet
  facet normal 0.708424 -0.705788 0
    outer loop
      vertex 1.33882 -12.6276 2.6
      vertex 1.3174 -12.6491 2
      vertex 1.33882 -12.6276 2
    endloop
  endfacet
  facet normal 0.0829685 -0.996552 0
    outer loop
      vertex 1.33882 -12.6276 2
      vertex 1.8529 -12.5848 2.6
      vertex 1.33882 -12.6276 2.6
    endloop
  endfacet
  facet normal 0.0829685 -0.996552 0
    outer loop
      vertex 1.8529 -12.5848 2.6
      vertex 1.33882 -12.6276 2
      vertex 1.8529 -12.5848 2
    endloop
  endfacet
  facet normal 0.706776 -0.707437 0
    outer loop
      vertex 1.8529 -12.5848 2.6
      vertex 1.87432 -12.5634 2
      vertex 1.87432 -12.5634 2.6
    endloop
  endfacet
  facet normal 0.706776 -0.707437 0
    outer loop
      vertex 1.87432 -12.5634 2
      vertex 1.8529 -12.5848 2.6
      vertex 1.8529 -12.5848 2
    endloop
  endfacet
  facet normal 0.0829589 -0.996553 0
    outer loop
      vertex 1.87432 -12.5634 2
      vertex 2.13139 -12.542 2.6
      vertex 1.87432 -12.5634 2.6
    endloop
  endfacet
  facet normal 0.0829589 -0.996553 0
    outer loop
      vertex 2.13139 -12.542 2.6
      vertex 1.87432 -12.5634 2
      vertex 2.13139 -12.542 2
    endloop
  endfacet
  facet normal 0.708424 -0.705788 0
    outer loop
      vertex 2.13139 -12.542 2.6
      vertex 2.15281 -12.5205 2
      vertex 2.15281 -12.5205 2.6
    endloop
  endfacet
  facet normal 0.708424 -0.705788 0
    outer loop
      vertex 2.15281 -12.5205 2
      vertex 2.13139 -12.542 2.6
      vertex 2.13139 -12.542 2
    endloop
  endfacet
  facet normal 0.0904519 -0.995901 0
    outer loop
      vertex 2.15281 -12.5205 2
      vertex 2.38843 -12.4991 2.6
      vertex 2.15281 -12.5205 2.6
    endloop
  endfacet
  facet normal 0.0904519 -0.995901 0
    outer loop
      vertex 2.38843 -12.4991 2.6
      vertex 2.15281 -12.5205 2
      vertex 2.38843 -12.4991 2
    endloop
  endfacet
  facet normal 0.706776 -0.707437 0
    outer loop
      vertex 2.38843 -12.4991 2.6
      vertex 2.40985 -12.4777 2
      vertex 2.40985 -12.4777 2.6
    endloop
  endfacet
  facet normal 0.706776 -0.707437 0
    outer loop
      vertex 2.40985 -12.4777 2
      vertex 2.38843 -12.4991 2.6
      vertex 2.38843 -12.4991 2
    endloop
  endfacet
  facet normal 0.0994025 -0.995047 0
    outer loop
      vertex 2.40985 -12.4777 2
      vertex 2.62407 -12.4563 2.6
      vertex 2.40985 -12.4777 2.6
    endloop
  endfacet
  facet normal 0.0994025 -0.995047 0
    outer loop
      vertex 2.62407 -12.4563 2.6
      vertex 2.40985 -12.4777 2
      vertex 2.62407 -12.4563 2
    endloop
  endfacet
  facet normal 0.706611 -0.707602 0
    outer loop
      vertex 2.62407 -12.4563 2.6
      vertex 2.6455 -12.4349 2
      vertex 2.6455 -12.4349 2.6
    endloop
  endfacet
  facet normal 0.706611 -0.707602 0
    outer loop
      vertex 2.6455 -12.4349 2
      vertex 2.62407 -12.4563 2.6
      vertex 2.62407 -12.4563 2
    endloop
  endfacet
  facet normal 0.110845 -0.993838 0
    outer loop
      vertex 2.6455 -12.4349 2
      vertex 2.83827 -12.4134 2.6
      vertex 2.6455 -12.4349 2.6
    endloop
  endfacet
  facet normal 0.110845 -0.993838 0
    outer loop
      vertex 2.83827 -12.4134 2.6
      vertex 2.6455 -12.4349 2
      vertex 2.83827 -12.4134 2
    endloop
  endfacet
  facet normal 0.371062 -0.928608 0
    outer loop
      vertex 2.83827 -12.4134 2
      vertex 2.94538 -12.3706 2.6
      vertex 2.83827 -12.4134 2.6
    endloop
  endfacet
  facet normal 0.371062 -0.928608 0
    outer loop
      vertex 2.94538 -12.3706 2.6
      vertex 2.83827 -12.4134 2
      vertex 2.94538 -12.3706 2
    endloop
  endfacet
  facet normal 0 -1 0
    outer loop
      vertex 2.94538 -12.3706 2
      vertex 3.03106 -12.3706 2.6
      vertex 2.94538 -12.3706 2.6
    endloop
  endfacet
  facet normal 0 -1 -0
    outer loop
      vertex 3.03106 -12.3706 2.6
      vertex 2.94538 -12.3706 2
      vertex 3.03106 -12.3706 2
    endloop
  endfacet
  facet normal 0.706776 -0.707437 0
    outer loop
      vertex 3.03106 -12.3706 2.6
      vertex 3.05248 -12.3492 2
      vertex 3.05248 -12.3492 2.6
    endloop
  endfacet
  facet normal 0.706776 -0.707437 0
    outer loop
      vertex 3.05248 -12.3492 2
      vertex 3.03106 -12.3706 2.6
      vertex 3.03106 -12.3706 2
    endloop
  endfacet
  facet normal 0.196222 -0.98056 0
    outer loop
      vertex 3.05248 -12.3492 2
      vertex 3.3738 -12.2849 2.6
      vertex 3.05248 -12.3492 2.6
    endloop
  endfacet
  facet normal 0.196222 -0.98056 0
    outer loop
      vertex 3.3738 -12.2849 2.6
      vertex 3.05248 -12.3492 2
      vertex 3.3738 -12.2849 2
    endloop
  endfacet
  facet normal 0.446879 -0.894594 0
    outer loop
      vertex 3.3738 -12.2849 2
      vertex 3.45948 -12.2421 2.6
      vertex 3.3738 -12.2849 2.6
    endloop
  endfacet
  facet normal 0.446879 -0.894594 0
    outer loop
      vertex 3.45948 -12.2421 2.6
      vertex 3.3738 -12.2849 2
      vertex 3.45948 -12.2421 2
    endloop
  endfacet
  facet normal 0.141292 -0.989968 0
    outer loop
      vertex 3.45948 -12.2421 2
      vertex 3.60942 -12.2207 2.6
      vertex 3.45948 -12.2421 2.6
    endloop
  endfacet
  facet normal 0.141292 -0.989968 0
    outer loop
      vertex 3.60942 -12.2207 2.6
      vertex 3.45948 -12.2421 2
      vertex 3.60942 -12.2207 2
    endloop
  endfacet
  facet normal 0.371421 -0.928465 0
    outer loop
      vertex 3.60942 -12.2207 2
      vertex 3.82365 -12.135 2.6
      vertex 3.60942 -12.2207 2.6
    endloop
  endfacet
  facet normal 0.371421 -0.928465 0
    outer loop
      vertex 3.82365 -12.135 2.6
      vertex 3.60942 -12.2207 2
      vertex 3.82365 -12.135 2
    endloop
  endfacet
  facet normal 0 -1 0
    outer loop
      vertex 3.82365 -12.135 2
      vertex 3.88791 -12.135 2.6
      vertex 3.82365 -12.135 2.6
    endloop
  endfacet
  facet normal 0 -1 -0
    outer loop
      vertex 3.88791 -12.135 2.6
      vertex 3.82365 -12.135 2
      vertex 3.88791 -12.135 2
    endloop
  endfacet
  facet normal 0.316405 -0.948624 0
    outer loop
      vertex 3.88791 -12.135 2
      vertex 4.27347 -12.0064 2.6
      vertex 3.88791 -12.135 2.6
    endloop
  endfacet
  facet normal 0.316405 -0.948624 0
    outer loop
      vertex 4.27347 -12.0064 2.6
      vertex 3.88791 -12.135 2
      vertex 4.27347 -12.0064 2
    endloop
  endfacet
  facet normal 0.554341 -0.832289 0
    outer loop
      vertex 4.27347 -12.0064 2
      vertex 4.33773 -11.9636 2.6
      vertex 4.27347 -12.0064 2.6
    endloop
  endfacet
  facet normal 0.554341 -0.832289 0
    outer loop
      vertex 4.33773 -11.9636 2.6
      vertex 4.27347 -12.0064 2
      vertex 4.33773 -11.9636 2
    endloop
  endfacet
  facet normal 0.316323 -0.948652 0
    outer loop
      vertex 4.33773 -11.9636 2
      vertex 4.78758 -11.8136 2.6
      vertex 4.33773 -11.9636 2.6
    endloop
  endfacet
  facet normal 0.316323 -0.948652 0
    outer loop
      vertex 4.78758 -11.8136 2.6
      vertex 4.33773 -11.9636 2
      vertex 4.78758 -11.8136 2
    endloop
  endfacet
  facet normal 0.431404 -0.902159 0
    outer loop
      vertex 4.78758 -11.8136 2
      vertex 5.28027 -11.578 2.6
      vertex 4.78758 -11.8136 2.6
    endloop
  endfacet
  facet normal 0.431404 -0.902159 0
    outer loop
      vertex 5.28027 -11.578 2.6
      vertex 4.78758 -11.8136 2
      vertex 5.28027 -11.578 2
    endloop
  endfacet
  facet normal 0 -1 0
    outer loop
      vertex 5.28027 -11.578 2
      vertex 5.32311 -11.578 2.6
      vertex 5.28027 -11.578 2.6
    endloop
  endfacet
  facet normal 0 -1 -0
    outer loop
      vertex 5.32311 -11.578 2.6
      vertex 5.28027 -11.578 2
      vertex 5.32311 -11.578 2
    endloop
  endfacet
  facet normal 0.455852 -0.890056 0
    outer loop
      vertex 5.32311 -11.578 2
      vertex 6.20135 -11.1282 2.6
      vertex 5.32311 -11.578 2.6
    endloop
  endfacet
  facet normal 0.455852 -0.890056 0
    outer loop
      vertex 6.20135 -11.1282 2.6
      vertex 5.32311 -11.578 2
      vertex 6.20135 -11.1282 2
    endloop
  endfacet
  facet normal 0.526964 -0.849887 0
    outer loop
      vertex 6.20135 -11.1282 2
      vertex 7.27241 -10.4641 2.6
      vertex 6.20135 -11.1282 2.6
    endloop
  endfacet
  facet normal 0.526964 -0.849887 0
    outer loop
      vertex 7.27241 -10.4641 2.6
      vertex 6.20135 -11.1282 2
      vertex 7.27241 -10.4641 2
    endloop
  endfacet
  facet normal 0.59583 -0.803111 0
    outer loop
      vertex 7.27241 -10.4641 2
      vertex 7.93646 -9.97144 2.6
      vertex 7.27241 -10.4641 2.6
    endloop
  endfacet
  facet normal 0.59583 -0.803111 0
    outer loop
      vertex 7.93646 -9.97144 2.6
      vertex 7.27241 -10.4641 2
      vertex 7.93646 -9.97144 2
    endloop
  endfacet
  facet normal 0.636858 -0.770981 0
    outer loop
      vertex 7.93646 -9.97144 2
      vertex 8.42915 -9.56446 2.6
      vertex 7.93646 -9.97144 2.6
    endloop
  endfacet
  facet normal 0.636858 -0.770981 0
    outer loop
      vertex 8.42915 -9.56446 2.6
      vertex 7.93646 -9.97144 2
      vertex 8.42915 -9.56446 2
    endloop
  endfacet
  facet normal 0.67269 -0.739924 0
    outer loop
      vertex 8.42915 -9.56446 2
      vertex 8.90039 -9.13604 2.6
      vertex 8.42915 -9.56446 2.6
    endloop
  endfacet
  facet normal 0.67269 -0.739924 0
    outer loop
      vertex 8.90039 -9.13604 2.6
      vertex 8.42915 -9.56446 2
      vertex 8.90039 -9.13604 2
    endloop
  endfacet
  facet normal 0.707113 -0.707101 0
    outer loop
      vertex 8.90039 -9.13604 2.6
      vertex 9.47875 -8.55767 2
      vertex 9.47875 -8.55767 2.6
    endloop
  endfacet
  facet normal 0.707113 -0.707101 0
    outer loop
      vertex 9.47875 -8.55767 2
      vertex 8.90039 -9.13604 2.6
      vertex 8.90039 -9.13604 2
    endloop
  endfacet
  facet normal 0.759255 -0.650793 0
    outer loop
      vertex 9.47875 -8.55767 2.6
      vertex 10.2499 -7.658 2
      vertex 10.2499 -7.658 2.6
    endloop
  endfacet
  facet normal 0.759255 -0.650793 0
    outer loop
      vertex 10.2499 -7.658 2
      vertex 9.47875 -8.55767 2.6
      vertex 9.47875 -8.55767 2
    endloop
  endfacet
  facet normal 0.814948 -0.579534 0
    outer loop
      vertex 10.2499 -7.658 2.6
      vertex 10.9354 -6.69404 2
      vertex 10.9354 -6.69404 2.6
    endloop
  endfacet
  facet normal 0.814948 -0.579534 0
    outer loop
      vertex 10.9354 -6.69404 2
      vertex 10.2499 -7.658 2.6
      vertex 10.2499 -7.658 2
    endloop
  endfacet
  facet normal 0.948772 -0.315962 0
    outer loop
      vertex 10.9354 -6.69404 2.6
      vertex 10.9568 -6.62978 2
      vertex 10.9568 -6.62978 2.6
    endloop
  endfacet
  facet normal 0.948772 -0.315962 0
    outer loop
      vertex 10.9568 -6.62978 2
      vertex 10.9354 -6.69404 2.6
      vertex 10.9354 -6.69404 2
    endloop
  endfacet
  facet normal 0.842295 -0.539017 0
    outer loop
      vertex 10.9568 -6.62978 2.6
      vertex 11.2995 -6.09426 2
      vertex 11.2995 -6.09426 2.6
    endloop
  endfacet
  facet normal 0.842295 -0.539017 0
    outer loop
      vertex 11.2995 -6.09426 2
      vertex 10.9568 -6.62978 2.6
      vertex 10.9568 -6.62978 2
    endloop
  endfacet
  facet normal 0.910366 -0.413803 0
    outer loop
      vertex 11.2995 -6.09426 2.6
      vertex 11.4066 -5.85864 2
      vertex 11.4066 -5.85864 2.6
    endloop
  endfacet
  facet normal 0.910366 -0.413803 0
    outer loop
      vertex 11.4066 -5.85864 2
      vertex 11.2995 -6.09426 2.6
      vertex 11.2995 -6.09426 2
    endloop
  endfacet
  facet normal 0.706612 -0.707601 0
    outer loop
      vertex 11.4066 -5.85864 2
      vertex 11.4495 -5.8158 2.6
      vertex 11.4066 -5.85864 2.6
    endloop
  endfacet
  facet normal 0.706612 -0.707601 0
    outer loop
      vertex 11.4495 -5.8158 2.6
      vertex 11.4066 -5.85864 2
      vertex 11.4495 -5.8158 2
    endloop
  endfacet
  facet normal 0.900167 -0.435545 0
    outer loop
      vertex 11.4495 -5.8158 2.6
      vertex 11.7708 -5.15175 2
      vertex 11.7708 -5.15175 2.6
    endloop
  endfacet
  facet normal 0.900167 -0.435545 0
    outer loop
      vertex 11.7708 -5.15175 2
      vertex 11.4495 -5.8158 2.6
      vertex 11.4495 -5.8158 2
    endloop
  endfacet
  facet normal 1 -0 0
    outer loop
      vertex 11.7708 -5.15175 2.6
      vertex 11.7708 -5.10891 2
      vertex 11.7708 -5.10891 2.6
    endloop
  endfacet
  facet normal 1 0 0
    outer loop
      vertex 11.7708 -5.10891 2
      vertex 11.7708 -5.15175 2.6
      vertex 11.7708 -5.15175 2
    endloop
  endfacet
  facet normal 0.868236 -0.496151 0
    outer loop
      vertex 11.7708 -5.10891 2.6
      vertex 11.8565 -4.95894 2
      vertex 11.8565 -4.95894 2.6
    endloop
  endfacet
  facet normal 0.868236 -0.496151 0
    outer loop
      vertex 11.8565 -4.95894 2
      vertex 11.7708 -5.10891 2.6
      vertex 11.7708 -5.10891 2
    endloop
  endfacet
  facet normal 1 -0 0
    outer loop
      vertex 11.8565 -4.95894 2.6
      vertex 11.8565 -4.9161 2
      vertex 11.8565 -4.9161 2.6
    endloop
  endfacet
  facet normal 1 0 0
    outer loop
      vertex 11.8565 -4.9161 2
      vertex 11.8565 -4.95894 2.6
      vertex 11.8565 -4.95894 2
    endloop
  endfacet
  facet normal 0.907984 -0.419004 0
    outer loop
      vertex 11.8565 -4.9161 2.6
      vertex 11.985 -4.63764 2
      vertex 11.985 -4.63764 2.6
    endloop
  endfacet
  facet normal 0.907984 -0.419004 0
    outer loop
      vertex 11.985 -4.63764 2
      vertex 11.8565 -4.9161 2.6
      vertex 11.8565 -4.9161 2
    endloop
  endfacet
  facet normal 0.980616 -0.19594 0
    outer loop
      vertex 11.985 -4.63764 2.6
      vertex 12.0064 -4.53054 2
      vertex 12.0064 -4.53054 2.6
    endloop
  endfacet
  facet normal 0.980616 -0.19594 0
    outer loop
      vertex 12.0064 -4.53054 2
      vertex 11.985 -4.63764 2.6
      vertex 11.985 -4.63764 2
    endloop
  endfacet
  facet normal 0.831692 -0.555238 0
    outer loop
      vertex 12.0064 -4.53054 2.6
      vertex 12.0493 -4.46628 2
      vertex 12.0493 -4.46628 2.6
    endloop
  endfacet
  facet normal 0.831692 -0.555238 0
    outer loop
      vertex 12.0493 -4.46628 2
      vertex 12.0064 -4.53054 2.6
      vertex 12.0064 -4.53054 2
    endloop
  endfacet
  facet normal 0.970206 -0.242283 0
    outer loop
      vertex 12.0493 -4.46628 2.6
      vertex 12.0921 -4.29489 2
      vertex 12.0921 -4.29489 2.6
    endloop
  endfacet
  facet normal 0.970206 -0.242283 0
    outer loop
      vertex 12.0921 -4.29489 2
      vertex 12.0493 -4.46628 2.6
      vertex 12.0493 -4.46628 2
    endloop
  endfacet
  facet normal 0.831692 -0.555238 0
    outer loop
      vertex 12.0921 -4.29489 2.6
      vertex 12.135 -4.23063 2
      vertex 12.135 -4.23063 2.6
    endloop
  endfacet
  facet normal 0.831692 -0.555238 0
    outer loop
      vertex 12.135 -4.23063 2
      vertex 12.0921 -4.29489 2.6
      vertex 12.0921 -4.29489 2
    endloop
  endfacet
  facet normal 0.948683 -0.316228 0
    outer loop
      vertex 12.135 -4.23063 2.6
      vertex 12.2421 -3.90933 2
      vertex 12.2421 -3.90933 2.6
    endloop
  endfacet
  facet normal 0.948683 -0.316228 0
    outer loop
      vertex 12.2421 -3.90933 2
      vertex 12.135 -4.23063 2.6
      vertex 12.135 -4.23063 2
    endloop
  endfacet
  facet normal 1 -0 0
    outer loop
      vertex 12.2421 -3.90933 2.6
      vertex 12.2421 -3.84507 2
      vertex 12.2421 -3.84507 2.6
    endloop
  endfacet
  facet normal 1 0 0
    outer loop
      vertex 12.2421 -3.84507 2
      vertex 12.2421 -3.90933 2.6
      vertex 12.2421 -3.90933 2
    endloop
  endfacet
  facet normal 0.919307 -0.393542 0
    outer loop
      vertex 12.2421 -3.84507 2.6
      vertex 12.3063 -3.6951 2
      vertex 12.3063 -3.6951 2.6
    endloop
  endfacet
  facet normal 0.919307 -0.393542 0
    outer loop
      vertex 12.3063 -3.6951 2
      vertex 12.2421 -3.84507 2.6
      vertex 12.2421 -3.84507 2
    endloop
  endfacet
  facet normal 1 -0 0
    outer loop
      vertex 12.3063 -3.6951 2.6
      vertex 12.3063 -3.63084 2
      vertex 12.3063 -3.63084 2.6
    endloop
  endfacet
  facet normal 1 0 0
    outer loop
      vertex 12.3063 -3.63084 2
      vertex 12.3063 -3.6951 2.6
      vertex 12.3063 -3.6951 2
    endloop
  endfacet
  facet normal 0.894177 -0.447714 0
    outer loop
      vertex 12.3063 -3.63084 2.6
      vertex 12.3492 -3.54516 2
      vertex 12.3492 -3.54516 2.6
    endloop
  endfacet
  facet normal 0.894177 -0.447714 0
    outer loop
      vertex 12.3492 -3.54516 2
      vertex 12.3063 -3.63084 2.6
      vertex 12.3063 -3.63084 2
    endloop
  endfacet
  facet normal 1 -0 0
    outer loop
      vertex 12.3492 -3.54516 2.6
      vertex 12.3492 -3.4809 2
      vertex 12.3492 -3.4809 2.6
    endloop
  endfacet
  facet normal 1 0 0
    outer loop
      vertex 12.3492 -3.4809 2
      vertex 12.3492 -3.54516 2.6
      vertex 12.3492 -3.54516 2
    endloop
  endfacet
  facet normal 0.948772 -0.315962 0
    outer loop
      vertex 12.3492 -3.4809 2.6
      vertex 12.4134 -3.28812 2
      vertex 12.4134 -3.28812 2.6
    endloop
  endfacet
  facet normal 0.948772 -0.315962 0
    outer loop
      vertex 12.4134 -3.28812 2
      vertex 12.3492 -3.4809 2.6
      vertex 12.3492 -3.4809 2
    endloop
  endfacet
  facet normal 1 -0 0
    outer loop
      vertex 12.4134 -3.28812 2.6
      vertex 12.4134 -3.20244 2
      vertex 12.4134 -3.20244 2.6
    endloop
  endfacet
  facet normal 1 0 0
    outer loop
      vertex 12.4134 -3.20244 2
      vertex 12.4134 -3.28812 2.6
      vertex 12.4134 -3.28812 2
    endloop
  endfacet
  facet normal 0.705788 -0.708424 0
    outer loop
      vertex 12.4134 -3.20244 2
      vertex 12.4349 -3.18102 2.6
      vertex 12.4134 -3.20244 2.6
    endloop
  endfacet
  facet normal 0.705788 -0.708424 0
    outer loop
      vertex 12.4349 -3.18102 2.6
      vertex 12.4134 -3.20244 2
      vertex 12.4349 -3.18102 2
    endloop
  endfacet
  facet normal 0.988395 -0.151908 0
    outer loop
      vertex 12.4349 -3.18102 2.6
      vertex 12.4777 -2.90254 2
      vertex 12.4777 -2.90254 2.6
    endloop
  endfacet
  facet normal 0.988395 -0.151908 0
    outer loop
      vertex 12.4777 -2.90254 2
      vertex 12.4349 -3.18102 2.6
      vertex 12.4349 -3.18102 2
    endloop
  endfacet
  facet normal 0.957777 -0.287512 0
    outer loop
      vertex 12.4777 -2.90254 2.6
      vertex 12.542 -2.68834 2
      vertex 12.542 -2.68834 2.6
    endloop
  endfacet
  facet normal 0.957777 -0.287512 0
    outer loop
      vertex 12.542 -2.68834 2
      vertex 12.4777 -2.90254 2.6
      vertex 12.4777 -2.90254 2
    endloop
  endfacet
  facet normal 0.991245 -0.132036 0
    outer loop
      vertex 12.542 -2.68834 2.6
      vertex 12.6276 -2.04571 2
      vertex 12.6276 -2.04571 2.6
    endloop
  endfacet
  facet normal 0.991245 -0.132036 0
    outer loop
      vertex 12.6276 -2.04571 2
      vertex 12.542 -2.68834 2.6
      vertex 12.542 -2.68834 2
    endloop
  endfacet
  facet normal 0.705788 -0.708424 0
    outer loop
      vertex 12.6276 -2.04571 2.6
      vertex 12.6491 -2.02429 2
      vertex 12.6491 -2.02429 2.6
    endloop
  endfacet
  facet normal 0.705788 -0.708424 0
    outer loop
      vertex 12.6491 -2.02429 2
      vertex 12.6276 -2.04571 2.6
      vertex 12.6276 -2.04571 2
    endloop
  endfacet
  facet normal 0.998463 -0.0554141 0
    outer loop
      vertex 12.6491 -2.02429 2.6
      vertex 12.6705 -1.6387 2
      vertex 12.6705 -1.6387 2.6
    endloop
  endfacet
  facet normal 0.998463 -0.0554141 0
    outer loop
      vertex 12.6705 -1.6387 2
      vertex 12.6491 -2.02429 2.6
      vertex 12.6491 -2.02429 2
    endloop
  endfacet
  facet normal 0.707437 -0.706776 0
    outer loop
      vertex 12.6705 -1.6387 2
      vertex 12.6919 -1.61728 2.6
      vertex 12.6705 -1.6387 2.6
    endloop
  endfacet
  facet normal 0.707437 -0.706776 0
    outer loop
      vertex 12.6919 -1.61728 2.6
      vertex 12.6705 -1.6387 2
      vertex 12.6919 -1.61728 2
    endloop
  endfacet
  facet normal 1 -0 0
    outer loop
      vertex 12.6919 -1.61728 2.6
      vertex 12.6919 -1.38166 2
      vertex 12.6919 -1.38166 2.6
    endloop
  endfacet
  facet normal 1 0 0
    outer loop
      vertex 12.6919 -1.38166 2
      vertex 12.6919 -1.61728 2.6
      vertex 12.6919 -1.61728 2
    endloop
  endfacet
  facet normal 0.707437 -0.706776 0
    outer loop
      vertex 12.6919 -1.38166 2.6
      vertex 12.7133 -1.36024 2
      vertex 12.7133 -1.36024 2.6
    endloop
  endfacet
  facet normal 0.707437 -0.706776 0
    outer loop
      vertex 12.7133 -1.36024 2
      vertex 12.6919 -1.38166 2.6
      vertex 12.6919 -1.38166 2
    endloop
  endfacet
  facet normal 1 -0 0
    outer loop
      vertex 12.7133 -1.36024 2.6
      vertex 12.7133 -0.974651 2
      vertex 12.7133 -0.974651 2.6
    endloop
  endfacet
  facet normal 1 0 0
    outer loop
      vertex 12.7133 -0.974651 2
      vertex 12.7133 -1.36024 2.6
      vertex 12.7133 -1.36024 2
    endloop
  endfacet
  facet normal 0.705771 -0.70844 0
    outer loop
      vertex 12.7133 -0.974651 2
      vertex 12.7348 -0.953232 2.6
      vertex 12.7133 -0.974651 2.6
    endloop
  endfacet
  facet normal 0.705771 -0.70844 0
    outer loop
      vertex 12.7348 -0.953232 2.6
      vertex 12.7133 -0.974651 2
      vertex 12.7348 -0.953232 2
    endloop
  endfacet
  facet normal 1 -0 0
    outer loop
      vertex 12.7348 -0.953232 2.6
      vertex 12.7348 0.224923 2
      vertex 12.7348 0.224923 2.6
    endloop
  endfacet
  facet normal 1 0 0
    outer loop
      vertex 12.7348 0.224923 2
      vertex 12.7348 -0.953232 2.6
      vertex 12.7348 -0.953232 2
    endloop
  endfacet
  facet normal 0.705804 0.708407 -0
    outer loop
      vertex 12.7348 0.224923 2
      vertex 12.7133 0.246344 2.6
      vertex 12.7348 0.224923 2.6
    endloop
  endfacet
  facet normal 0.705804 0.708407 0
    outer loop
      vertex 12.7133 0.246344 2.6
      vertex 12.7348 0.224923 2
      vertex 12.7133 0.246344 2
    endloop
  endfacet
  facet normal 1 -0 0
    outer loop
      vertex 12.7133 0.246344 2.6
      vertex 12.7133 0.674771 2
      vertex 12.7133 0.674771 2.6
    endloop
  endfacet
  facet normal 1 0 0
    outer loop
      vertex 12.7133 0.674771 2
      vertex 12.7133 0.246344 2.6
      vertex 12.7133 0.246344 2
    endloop
  endfacet
  facet normal 0.707453 0.70676 0
    outer loop
      vertex 12.7133 0.674771 2.6
      vertex 12.6919 0.696192 2
      vertex 12.6919 0.696192 2.6
    endloop
  endfacet
  facet normal 0.707453 0.70676 0
    outer loop
      vertex 12.6919 0.696192 2
      vertex 12.7133 0.674771 2.6
      vertex 12.7133 0.674771 2
    endloop
  endfacet
  facet normal 1 -0 0
    outer loop
      vertex 12.6919 0.696192 2.6
      vertex 12.6919 0.953231 2
      vertex 12.6919 0.953231 2.6
    endloop
  endfacet
  facet normal 1 0 0
    outer loop
      vertex 12.6919 0.953231 2
      vertex 12.6919 0.696192 2.6
      vertex 12.6919 0.696192 2
    endloop
  endfacet
  facet normal 0.707437 0.706776 0
    outer loop
      vertex 12.6919 0.953231 2.6
      vertex 12.6705 0.974651 2
      vertex 12.6705 0.974651 2.6
    endloop
  endfacet
  facet normal 0.707437 0.706776 0
    outer loop
      vertex 12.6705 0.974651 2
      vertex 12.6919 0.953231 2.6
      vertex 12.6919 0.953231 2
    endloop
  endfacet
  facet normal 0.998621 0.0525062 0
    outer loop
      vertex 12.6705 0.974651 2.6
      vertex 12.6491 1.38166 2
      vertex 12.6491 1.38166 2.6
    endloop
  endfacet
  facet normal 0.998621 0.0525062 0
    outer loop
      vertex 12.6491 1.38166 2
      vertex 12.6705 0.974651 2.6
      vertex 12.6705 0.974651 2
    endloop
  endfacet
  facet normal 0.705788 0.708424 0
    outer loop
      vertex 12.6491 1.38166 2.6
      vertex 12.6276 1.40308 2
      vertex 12.6276 1.40308 2.6
    endloop
  endfacet
  facet normal 0.705788 0.708424 0
    outer loop
      vertex 12.6276 1.40308 2
      vertex 12.6491 1.38166 2.6
      vertex 12.6491 1.38166 2
    endloop
  endfacet
  facet normal 0.995504 0.0947214 0
    outer loop
      vertex 12.6276 1.40308 2.6
      vertex 12.5848 1.8529 2
      vertex 12.5848 1.8529 2.6
    endloop
  endfacet
  facet normal 0.995504 0.0947214 0
    outer loop
      vertex 12.5848 1.8529 2
      vertex 12.6276 1.40308 2.6
      vertex 12.6276 1.40308 2
    endloop
  endfacet
  facet normal 0.707437 0.706776 0
    outer loop
      vertex 12.5848 1.8529 2.6
      vertex 12.5634 1.87432 2
      vertex 12.5634 1.87432 2.6
    endloop
  endfacet
  facet normal 0.707437 0.706776 0
    outer loop
      vertex 12.5634 1.87432 2
      vertex 12.5848 1.8529 2.6
      vertex 12.5848 1.8529 2
    endloop
  endfacet
  facet normal 0.996553 0.0829589 0
    outer loop
      vertex 12.5634 1.87432 2.6
      vertex 12.542 2.13139 2
      vertex 12.542 2.13139 2.6
    endloop
  endfacet
  facet normal 0.996553 0.0829589 0
    outer loop
      vertex 12.542 2.13139 2
      vertex 12.5634 1.87432 2.6
      vertex 12.5634 1.87432 2
    endloop
  endfacet
  facet normal 0.94855 0.316626 0
    outer loop
      vertex 12.542 2.13139 2.6
      vertex 12.4991 2.25991 2
      vertex 12.4991 2.25991 2.6
    endloop
  endfacet
  facet normal 0.94855 0.316626 0
    outer loop
      vertex 12.4991 2.25991 2
      vertex 12.542 2.13139 2.6
      vertex 12.542 2.13139 2
    endloop
  endfacet
  facet normal 1 -0 0
    outer loop
      vertex 12.4991 2.25991 2.6
      vertex 12.4991 2.36701 2
      vertex 12.4991 2.36701 2.6
    endloop
  endfacet
  facet normal 1 0 0
    outer loop
      vertex 12.4991 2.36701 2
      vertex 12.4991 2.25991 2.6
      vertex 12.4991 2.25991 2
    endloop
  endfacet
  facet normal 0.707437 0.706776 0
    outer loop
      vertex 12.4991 2.36701 2.6
      vertex 12.4777 2.38843 2
      vertex 12.4777 2.38843 2.6
    endloop
  endfacet
  facet normal 0.707437 0.706776 0
    outer loop
      vertex 12.4777 2.38843 2
      vertex 12.4991 2.36701 2.6
      vertex 12.4991 2.36701 2
    endloop
  endfacet
  facet normal 0.987749 0.15605 0
    outer loop
      vertex 12.4777 2.38843 2.6
      vertex 12.4134 2.79543 2
      vertex 12.4134 2.79543 2.6
    endloop
  endfacet
  facet normal 0.987749 0.15605 0
    outer loop
      vertex 12.4134 2.79543 2
      vertex 12.4777 2.38843 2.6
      vertex 12.4777 2.38843 2
    endloop
  endfacet
  facet normal 0.707602 0.706611 0
    outer loop
      vertex 12.4134 2.79543 2.6
      vertex 12.392 2.81686 2
      vertex 12.392 2.81686 2.6
    endloop
  endfacet
  facet normal 0.707602 0.706611 0
    outer loop
      vertex 12.392 2.81686 2
      vertex 12.4134 2.79543 2.6
      vertex 12.4134 2.79543 2
    endloop
  endfacet
  facet normal 0.976196 0.216891 0
    outer loop
      vertex 12.392 2.81686 2.6
      vertex 12.2635 3.39522 2
      vertex 12.2635 3.39522 2.6
    endloop
  endfacet
  facet normal 0.976196 0.216891 0
    outer loop
      vertex 12.2635 3.39522 2
      vertex 12.392 2.81686 2.6
      vertex 12.392 2.81686 2
    endloop
  endfacet
  facet normal 0.894594 0.446879 0
    outer loop
      vertex 12.2635 3.39522 2.6
      vertex 12.2207 3.4809 2
      vertex 12.2207 3.4809 2.6
    endloop
  endfacet
  facet normal 0.894594 0.446879 0
    outer loop
      vertex 12.2207 3.4809 2
      vertex 12.2635 3.39522 2.6
      vertex 12.2635 3.39522 2
    endloop
  endfacet
  facet normal 0.980528 0.19638 0
    outer loop
      vertex 12.2207 3.4809 2.6
      vertex 12.1778 3.6951 2
      vertex 12.1778 3.6951 2.6
    endloop
  endfacet
  facet normal 0.980528 0.19638 0
    outer loop
      vertex 12.1778 3.6951 2
      vertex 12.2207 3.4809 2.6
      vertex 12.2207 3.4809 2
    endloop
  endfacet
  facet normal 0.923093 0.384577 0
    outer loop
      vertex 12.1778 3.6951 2.6
      vertex 12.0707 3.95217 2
      vertex 12.0707 3.95217 2.6
    endloop
  endfacet
  facet normal 0.923093 0.384577 0
    outer loop
      vertex 12.0707 3.95217 2
      vertex 12.1778 3.6951 2.6
      vertex 12.1778 3.6951 2
    endloop
  endfacet
  facet normal 0.976123 0.21722 0
    outer loop
      vertex 12.0707 3.95217 2.6
      vertex 12.0278 4.14495 2
      vertex 12.0278 4.14495 2.6
    endloop
  endfacet
  facet normal 0.976123 0.21722 0
    outer loop
      vertex 12.0278 4.14495 2
      vertex 12.0707 3.95217 2.6
      vertex 12.0707 3.95217 2
    endloop
  endfacet
  facet normal 0.910366 0.413803 0
    outer loop
      vertex 12.0278 4.14495 2.6
      vertex 11.9207 4.38057 2
      vertex 11.9207 4.38057 2.6
    endloop
  endfacet
  facet normal 0.910366 0.413803 0
    outer loop
      vertex 11.9207 4.38057 2
      vertex 12.0278 4.14495 2.6
      vertex 12.0278 4.14495 2
    endloop
  endfacet
  facet normal 0.964835 0.262858 0
    outer loop
      vertex 11.9207 4.38057 2.6
      vertex 11.8565 4.61622 2
      vertex 11.8565 4.61622 2.6
    endloop
  endfacet
  facet normal 0.964835 0.262858 0
    outer loop
      vertex 11.8565 4.61622 2
      vertex 11.9207 4.38057 2.6
      vertex 11.9207 4.38057 2
    endloop
  endfacet
  facet normal 0.799821 0.600239 0
    outer loop
      vertex 11.8565 4.61622 2.6
      vertex 11.7922 4.7019 2
      vertex 11.7922 4.7019 2.6
    endloop
  endfacet
  facet normal 0.799821 0.600239 0
    outer loop
      vertex 11.7922 4.7019 2
      vertex 11.8565 4.61622 2.6
      vertex 11.8565 4.61622 2
    endloop
  endfacet
  facet normal 0.9579 0.287102 0
    outer loop
      vertex 11.7922 4.7019 2.6
      vertex 11.728 4.9161 2
      vertex 11.728 4.9161 2.6
    endloop
  endfacet
  facet normal 0.9579 0.287102 0
    outer loop
      vertex 11.728 4.9161 2
      vertex 11.7922 4.7019 2.6
      vertex 11.7922 4.7019 2
    endloop
  endfacet
  facet normal 0.894401 0.447266 0
    outer loop
      vertex 11.728 4.9161 2.6
      vertex 11.5566 5.25885 2
      vertex 11.5566 5.25885 2.6
    endloop
  endfacet
  facet normal 0.894401 0.447266 0
    outer loop
      vertex 11.5566 5.25885 2
      vertex 11.728 4.9161 2.6
      vertex 11.728 4.9161 2
    endloop
  endfacet
  facet normal 1 -0 0
    outer loop
      vertex 11.5566 5.25885 2.6
      vertex 11.5566 5.30169 2
      vertex 11.5566 5.30169 2.6
    endloop
  endfacet
  facet normal 1 0 0
    outer loop
      vertex 11.5566 5.30169 2
      vertex 11.5566 5.25885 2.6
      vertex 11.5566 5.25885 2
    endloop
  endfacet
  facet normal 0.707437 0.706776 0
    outer loop
      vertex 11.5566 5.30169 2.6
      vertex 11.5138 5.34453 2
      vertex 11.5138 5.34453 2.6
    endloop
  endfacet
  facet normal 0.707437 0.706776 0
    outer loop
      vertex 11.5138 5.34453 2
      vertex 11.5566 5.30169 2.6
      vertex 11.5566 5.30169 2
    endloop
  endfacet
  facet normal 0.907931 0.41912 0
    outer loop
      vertex 11.5138 5.34453 2.6
      vertex 11.2567 5.90148 2
      vertex 11.2567 5.90148 2.6
    endloop
  endfacet
  facet normal 0.907931 0.41912 0
    outer loop
      vertex 11.2567 5.90148 2
      vertex 11.5138 5.34453 2.6
      vertex 11.5138 5.34453 2
    endloop
  endfacet
  facet normal 0.813733 0.581238 0
    outer loop
      vertex 11.2567 5.90148 2.6
      vertex 11.1496 6.05142 2
      vertex 11.1496 6.05142 2.6
    endloop
  endfacet
  facet normal 0.813733 0.581238 0
    outer loop
      vertex 11.1496 6.05142 2
      vertex 11.2567 5.90148 2.6
      vertex 11.2567 5.90148 2
    endloop
  endfacet
  facet normal 0.894455 0.447158 0
    outer loop
      vertex 11.1496 6.05142 2.6
      vertex 11.0211 6.30846 2
      vertex 11.0211 6.30846 2.6
    endloop
  endfacet
  facet normal 0.894455 0.447158 0
    outer loop
      vertex 11.0211 6.30846 2
      vertex 11.1496 6.05142 2.6
      vertex 11.1496 6.05142 2
    endloop
  endfacet
  facet normal 0.836937 0.547299 0
    outer loop
      vertex 11.0211 6.30846 2.6
      vertex 10.6569 6.8654 2
      vertex 10.6569 6.8654 2.6
    endloop
  endfacet
  facet normal 0.836937 0.547299 0
    outer loop
      vertex 10.6569 6.8654 2
      vertex 11.0211 6.30846 2.6
      vertex 11.0211 6.30846 2
    endloop
  endfacet
  facet normal 0.948772 0.315962 0
    outer loop
      vertex 10.6569 6.8654 2.6
      vertex 10.6355 6.92966 2
      vertex 10.6355 6.92966 2.6
    endloop
  endfacet
  facet normal 0.948772 0.315962 0
    outer loop
      vertex 10.6355 6.92966 2
      vertex 10.6569 6.8654 2.6
      vertex 10.6569 6.8654 2
    endloop
  endfacet
  facet normal 0.80007 0.599907 0
    outer loop
      vertex 10.6355 6.92966 2.6
      vertex 10.3785 7.27241 2
      vertex 10.3785 7.27241 2.6
    endloop
  endfacet
  facet normal 0.80007 0.599907 0
    outer loop
      vertex 10.3785 7.27241 2
      vertex 10.6355 6.92966 2.6
      vertex 10.6355 6.92966 2
    endloop
  endfacet
  facet normal 0.868193 0.496226 0
    outer loop
      vertex 10.3785 7.27241 2.6
      vertex 10.2928 7.42235 2
      vertex 10.2928 7.42235 2.6
    endloop
  endfacet
  facet normal 0.868193 0.496226 0
    outer loop
      vertex 10.2928 7.42235 2
      vertex 10.3785 7.27241 2.6
      vertex 10.3785 7.27241 2
    endloop
  endfacet
  facet normal 0.782596 0.62253 0
    outer loop
      vertex 10.2928 7.42235 2.6
      vertex 9.54304 8.36489 2
      vertex 9.54304 8.36489 2.6
    endloop
  endfacet
  facet normal 0.782596 0.62253 0
    outer loop
      vertex 9.54304 8.36489 2
      vertex 10.2928 7.42235 2.6
      vertex 10.2928 7.42235 2
    endloop
  endfacet
  facet normal 0.73714 0.67574 0
    outer loop
      vertex 9.54304 8.36489 2.6
      vertex 9.07178 8.87897 2
      vertex 9.07178 8.87897 2.6
    endloop
  endfacet
  facet normal 0.73714 0.67574 0
    outer loop
      vertex 9.07178 8.87897 2
      vertex 9.54304 8.36489 2.6
      vertex 9.54304 8.36489 2
    endloop
  endfacet
  facet normal 0.707107 0.707107 0
    outer loop
      vertex 9.07178 8.87897 2.6
      vertex 8.53625 9.4145 2
      vertex 8.53625 9.4145 2.6
    endloop
  endfacet
  facet normal 0.707107 0.707107 0
    outer loop
      vertex 8.53625 9.4145 2
      vertex 9.07178 8.87897 2.6
      vertex 9.07178 8.87897 2
    endloop
  endfacet
  facet normal 0.672667 0.739946 -0
    outer loop
      vertex 8.53625 9.4145 2
      vertex 8.06498 9.84292 2.6
      vertex 8.53625 9.4145 2.6
    endloop
  endfacet
  facet normal 0.672667 0.739946 0
    outer loop
      vertex 8.06498 9.84292 2.6
      vertex 8.53625 9.4145 2
      vertex 8.06498 9.84292 2
    endloop
  endfacet
  facet normal 0.633233 0.773961 -0
    outer loop
      vertex 8.06498 9.84292 2
      vertex 7.59371 10.2285 2.6
      vertex 8.06498 9.84292 2.6
    endloop
  endfacet
  facet normal 0.633233 0.773961 0
    outer loop
      vertex 7.59371 10.2285 2.6
      vertex 8.06498 9.84292 2
      vertex 7.59371 10.2285 2
    endloop
  endfacet
  facet normal 0.593225 0.805037 -0
    outer loop
      vertex 7.59371 10.2285 2
      vertex 7.18673 10.5284 2.6
      vertex 7.59371 10.2285 2.6
    endloop
  endfacet
  facet normal 0.593225 0.805037 0
    outer loop
      vertex 7.18673 10.5284 2.6
      vertex 7.59371 10.2285 2
      vertex 7.18673 10.5284 2
    endloop
  endfacet
  facet normal 0.315962 0.948772 -0
    outer loop
      vertex 7.18673 10.5284 2
      vertex 7.12247 10.5498 2.6
      vertex 7.18673 10.5284 2.6
    endloop
  endfacet
  facet normal 0.315962 0.948772 0
    outer loop
      vertex 7.12247 10.5498 2.6
      vertex 7.18673 10.5284 2
      vertex 7.12247 10.5498 2
    endloop
  endfacet
  facet normal 0.573461 0.819233 -0
    outer loop
      vertex 7.12247 10.5498 2
      vertex 6.69404 10.8497 2.6
      vertex 7.12247 10.5498 2.6
    endloop
  endfacet
  facet normal 0.573461 0.819233 0
    outer loop
      vertex 6.69404 10.8497 2.6
      vertex 7.12247 10.5498 2
      vertex 6.69404 10.8497 2
    endloop
  endfacet
  facet normal 0.514566 0.857451 -0
    outer loop
      vertex 6.69404 10.8497 2
      vertex 6.26562 11.1068 2.6
      vertex 6.69404 10.8497 2.6
    endloop
  endfacet
  facet normal 0.514566 0.857451 0
    outer loop
      vertex 6.26562 11.1068 2.6
      vertex 6.69404 10.8497 2
      vertex 6.26562 11.1068 2
    endloop
  endfacet
  facet normal 0.447214 0.894427 -0
    outer loop
      vertex 6.26562 11.1068 2
      vertex 5.83722 11.321 2.6
      vertex 6.26562 11.1068 2.6
    endloop
  endfacet
  facet normal 0.447214 0.894427 0
    outer loop
      vertex 5.83722 11.321 2.6
      vertex 6.26562 11.1068 2
      vertex 5.83722 11.321 2
    endloop
  endfacet
  facet normal 0.706776 0.707437 0
    outer loop
      vertex 5.83722 11.321 2.6
      vertex 5.79438 11.3638 2
      vertex 5.79438 11.3638 2.6
    endloop
  endfacet
  facet normal 0.706776 0.707437 0
    outer loop
      vertex 5.79438 11.3638 2
      vertex 5.83722 11.321 2.6
      vertex 5.83722 11.321 2
    endloop
  endfacet
  facet normal 0 1 -0
    outer loop
      vertex 5.79438 11.3638 2
      vertex 5.75154 11.3638 2.6
      vertex 5.79438 11.3638 2.6
    endloop
  endfacet
  facet normal 0 1 0
    outer loop
      vertex 5.75154 11.3638 2.6
      vertex 5.79438 11.3638 2
      vertex 5.75154 11.3638 2
    endloop
  endfacet
  facet normal 0.706529 0.707684 -0
    outer loop
      vertex 5.75154 11.3638 2
      vertex 5.70867 11.4066 2.6
      vertex 5.75154 11.3638 2.6
    endloop
  endfacet
  facet normal 0.706529 0.707684 0
    outer loop
      vertex 5.70867 11.4066 2.6
      vertex 5.75154 11.3638 2
      vertex 5.70867 11.4066 2
    endloop
  endfacet
  facet normal 0.316626 0.94855 -0
    outer loop
      vertex 5.70867 11.4066 2
      vertex 5.58015 11.4495 2.6
      vertex 5.70867 11.4066 2.6
    endloop
  endfacet
  facet normal 0.316626 0.94855 0
    outer loop
      vertex 5.58015 11.4495 2.6
      vertex 5.70867 11.4066 2
      vertex 5.58015 11.4495 2
    endloop
  endfacet
  facet normal 0.706776 0.707437 0
    outer loop
      vertex 5.58015 11.4495 2.6
      vertex 5.53731 11.4923 2
      vertex 5.53731 11.4923 2.6
    endloop
  endfacet
  facet normal 0.706776 0.707437 0
    outer loop
      vertex 5.53731 11.4923 2
      vertex 5.58015 11.4495 2.6
      vertex 5.58015 11.4495 2
    endloop
  endfacet
  facet normal 0 1 -0
    outer loop
      vertex 5.53731 11.4923 2
      vertex 5.49447 11.4923 2.6
      vertex 5.53731 11.4923 2.6
    endloop
  endfacet
  facet normal 0 1 0
    outer loop
      vertex 5.49447 11.4923 2.6
      vertex 5.53731 11.4923 2
      vertex 5.49447 11.4923 2
    endloop
  endfacet
  facet normal 0.479082 0.87777 -0
    outer loop
      vertex 5.49447 11.4923 2
      vertex 5.25885 11.6209 2.6
      vertex 5.49447 11.4923 2.6
    endloop
  endfacet
  facet normal 0.479082 0.87777 0
    outer loop
      vertex 5.25885 11.6209 2.6
      vertex 5.49447 11.4923 2
      vertex 5.25885 11.6209 2
    endloop
  endfacet
  facet normal 0 1 -0
    outer loop
      vertex 5.25885 11.6209 2
      vertex 5.21601 11.6209 2.6
      vertex 5.25885 11.6209 2.6
    endloop
  endfacet
  facet normal 0 1 0
    outer loop
      vertex 5.21601 11.6209 2.6
      vertex 5.25885 11.6209 2
      vertex 5.21601 11.6209 2
    endloop
  endfacet
  facet normal 0.495715 0.868485 -0
    outer loop
      vertex 5.21601 11.6209 2
      vertex 5.06604 11.7065 2.6
      vertex 5.21601 11.6209 2.6
    endloop
  endfacet
  facet normal 0.495715 0.868485 0
    outer loop
      vertex 5.06604 11.7065 2.6
      vertex 5.21601 11.6209 2
      vertex 5.06604 11.7065 2
    endloop
  endfacet
  facet normal 0.316294 0.948661 -0
    outer loop
      vertex 5.06604 11.7065 2
      vertex 4.809 11.7922 2.6
      vertex 5.06604 11.7065 2.6
    endloop
  endfacet
  facet normal 0.316294 0.948661 0
    outer loop
      vertex 4.809 11.7922 2.6
      vertex 5.06604 11.7065 2
      vertex 4.809 11.7922 2
    endloop
  endfacet
  facet normal 0.423024 0.906118 -0
    outer loop
      vertex 4.809 11.7922 2
      vertex 4.4877 11.9422 2.6
      vertex 4.809 11.7922 2.6
    endloop
  endfacet
  facet normal 0.423024 0.906118 0
    outer loop
      vertex 4.4877 11.9422 2.6
      vertex 4.809 11.7922 2
      vertex 4.4877 11.9422 2
    endloop
  endfacet
  facet normal 0.316214 0.948688 -0
    outer loop
      vertex 4.4877 11.9422 2
      vertex 3.84507 12.1564 2.6
      vertex 4.4877 11.9422 2.6
    endloop
  endfacet
  facet normal 0.316214 0.948688 0
    outer loop
      vertex 3.84507 12.1564 2.6
      vertex 4.4877 11.9422 2
      vertex 3.84507 12.1564 2
    endloop
  endfacet
  facet normal 0 1 -0
    outer loop
      vertex 3.84507 12.1564 2
      vertex 3.78078 12.1564 2.6
      vertex 3.84507 12.1564 2.6
    endloop
  endfacet
  facet normal 0 1 0
    outer loop
      vertex 3.78078 12.1564 2.6
      vertex 3.84507 12.1564 2
      vertex 3.78078 12.1564 2
    endloop
  endfacet
  facet normal 0.341814 0.939768 -0
    outer loop
      vertex 3.78078 12.1564 2
      vertex 3.54516 12.2421 2.6
      vertex 3.78078 12.1564 2.6
    endloop
  endfacet
  facet normal 0.341814 0.939768 0
    outer loop
      vertex 3.54516 12.2421 2.6
      vertex 3.78078 12.1564 2
      vertex 3.54516 12.2421 2
    endloop
  endfacet
  facet normal 0.178724 0.983899 -0
    outer loop
      vertex 3.54516 12.2421 2
      vertex 3.30954 12.2849 2.6
      vertex 3.54516 12.2421 2.6
    endloop
  endfacet
  facet normal 0.178724 0.983899 0
    outer loop
      vertex 3.30954 12.2849 2.6
      vertex 3.54516 12.2421 2
      vertex 3.30954 12.2849 2
    endloop
  endfacet
  facet normal 0.447714 0.894177 -0
    outer loop
      vertex 3.30954 12.2849 2
      vertex 3.22386 12.3278 2.6
      vertex 3.30954 12.2849 2.6
    endloop
  endfacet
  facet normal 0.447714 0.894177 0
    outer loop
      vertex 3.22386 12.3278 2.6
      vertex 3.30954 12.2849 2
      vertex 3.22386 12.3278 2
    endloop
  endfacet
  facet normal 0 1 -0
    outer loop
      vertex 3.22386 12.3278 2
      vertex 3.15958 12.3278 2.6
      vertex 3.22386 12.3278 2.6
    endloop
  endfacet
  facet normal 0 1 0
    outer loop
      vertex 3.15958 12.3278 2.6
      vertex 3.22386 12.3278 2
      vertex 3.15958 12.3278 2
    endloop
  endfacet
  facet normal 0.315947 0.948777 -0
    outer loop
      vertex 3.15958 12.3278 2
      vertex 2.96679 12.392 2.6
      vertex 3.15958 12.3278 2.6
    endloop
  endfacet
  facet normal 0.315947 0.948777 0
    outer loop
      vertex 2.96679 12.392 2.6
      vertex 3.15958 12.3278 2
      vertex 2.96679 12.392 2
    endloop
  endfacet
  facet normal 0 1 -0
    outer loop
      vertex 2.96679 12.392 2
      vertex 2.88111 12.392 2.6
      vertex 2.96679 12.392 2.6
    endloop
  endfacet
  facet normal 0 1 0
    outer loop
      vertex 2.88111 12.392 2.6
      vertex 2.96679 12.392 2
      vertex 2.88111 12.392 2
    endloop
  endfacet
  facet normal 0.706942 0.707272 0
    outer loop
      vertex 2.88111 12.392 2.6
      vertex 2.8597 12.4134 2
      vertex 2.8597 12.4134 2.6
    endloop
  endfacet
  facet normal 0.706942 0.707272 0
    outer loop
      vertex 2.8597 12.4134 2
      vertex 2.88111 12.392 2.6
      vertex 2.88111 12.392 2
    endloop
  endfacet
  facet normal 0 1 -0
    outer loop
      vertex 2.8597 12.4134 2
      vertex 2.77402 12.4134 2.6
      vertex 2.8597 12.4134 2.6
    endloop
  endfacet
  facet normal 0 1 0
    outer loop
      vertex 2.77402 12.4134 2.6
      vertex 2.8597 12.4134 2
      vertex 2.77402 12.4134 2
    endloop
  endfacet
  facet normal 0.371809 0.928309 -0
    outer loop
      vertex 2.77402 12.4134 2
      vertex 2.66691 12.4563 2.6
      vertex 2.77402 12.4134 2.6
    endloop
  endfacet
  facet normal 0.371809 0.928309 0
    outer loop
      vertex 2.66691 12.4563 2.6
      vertex 2.77402 12.4134 2
      vertex 2.66691 12.4563 2
    endloop
  endfacet
  facet normal 0 1 -0
    outer loop
      vertex 2.66691 12.4563 2
      vertex 2.55982 12.4563 2.6
      vertex 2.66691 12.4563 2.6
    endloop
  endfacet
  facet normal 0 1 0
    outer loop
      vertex 2.55982 12.4563 2.6
      vertex 2.66691 12.4563 2
      vertex 2.55982 12.4563 2
    endloop
  endfacet
  facet normal 0.706281 0.707931 -0
    outer loop
      vertex 2.55982 12.4563 2
      vertex 2.53837 12.4777 2.6
      vertex 2.55982 12.4563 2.6
    endloop
  endfacet
  facet normal 0.706281 0.707931 0
    outer loop
      vertex 2.53837 12.4777 2.6
      vertex 2.55982 12.4563 2
      vertex 2.53837 12.4777 2
    endloop
  endfacet
  facet normal 0 1 -0
    outer loop
      vertex 2.53837 12.4777 2
      vertex 2.45269 12.4777 2.6
      vertex 2.53837 12.4777 2.6
    endloop
  endfacet
  facet normal 0 1 0
    outer loop
      vertex 2.45269 12.4777 2.6
      vertex 2.53837 12.4777 2
      vertex 2.45269 12.4777 2
    endloop
  endfacet
  facet normal 0.315962 0.948772 -0
    outer loop
      vertex 2.45269 12.4777 2
      vertex 2.32417 12.5205 2.6
      vertex 2.45269 12.4777 2.6
    endloop
  endfacet
  facet normal 0.315962 0.948772 0
    outer loop
      vertex 2.32417 12.5205 2.6
      vertex 2.45269 12.4777 2
      vertex 2.32417 12.5205 2
    endloop
  endfacet
  facet normal 0.0908711 0.995863 -0
    outer loop
      vertex 2.32417 12.5205 2
      vertex 2.08855 12.542 2.6
      vertex 2.32417 12.5205 2.6
    endloop
  endfacet
  facet normal 0.0908711 0.995863 0
    outer loop
      vertex 2.08855 12.542 2.6
      vertex 2.32417 12.5205 2
      vertex 2.08855 12.542 2
    endloop
  endfacet
  facet normal 0.706776 0.707437 0
    outer loop
      vertex 2.08855 12.542 2.6
      vertex 2.06713 12.5634 2
      vertex 2.06713 12.5634 2.6
    endloop
  endfacet
  facet normal 0.706776 0.707437 0
    outer loop
      vertex 2.06713 12.5634 2
      vertex 2.08855 12.542 2.6
      vertex 2.08855 12.542 2
    endloop
  endfacet
  facet normal 0 1 -0
    outer loop
      vertex 2.06713 12.5634 2
      vertex 1.93861 12.5634 2.6
      vertex 2.06713 12.5634 2.6
    endloop
  endfacet
  facet normal 0 1 0
    outer loop
      vertex 1.93861 12.5634 2.6
      vertex 2.06713 12.5634 2
      vertex 1.93861 12.5634 2
    endloop
  endfacet
  facet normal 0.706776 0.707437 0
    outer loop
      vertex 1.93861 12.5634 2.6
      vertex 1.91719 12.5848 2
      vertex 1.91719 12.5848 2.6
    endloop
  endfacet
  facet normal 0.706776 0.707437 0
    outer loop
      vertex 1.91719 12.5848 2
      vertex 1.93861 12.5634 2.6
      vertex 1.93861 12.5634 2
    endloop
  endfacet
  facet normal 0 1 -0
    outer loop
      vertex 1.91719 12.5848 2
      vertex 1.78864 12.5848 2.6
      vertex 1.91719 12.5848 2.6
    endloop
  endfacet
  facet normal 0 1 0
    outer loop
      vertex 1.78864 12.5848 2.6
      vertex 1.91719 12.5848 2
      vertex 1.78864 12.5848 2
    endloop
  endfacet
  facet normal 0.706776 0.707437 0
    outer loop
      vertex 1.78864 12.5848 2.6
      vertex 1.76722 12.6062 2
      vertex 1.76722 12.6062 2.6
    endloop
  endfacet
  facet normal 0.706776 0.707437 0
    outer loop
      vertex 1.76722 12.6062 2
      vertex 1.78864 12.5848 2.6
      vertex 1.78864 12.5848 2
    endloop
  endfacet
  facet normal 0 1 -0
    outer loop
      vertex 1.76722 12.6062 2
      vertex 1.6387 12.6062 2.6
      vertex 1.76722 12.6062 2.6
    endloop
  endfacet
  facet normal 0 1 0
    outer loop
      vertex 1.6387 12.6062 2.6
      vertex 1.76722 12.6062 2
      vertex 1.6387 12.6062 2
    endloop
  endfacet
  facet normal 0.706776 0.707437 0
    outer loop
      vertex 1.6387 12.6062 2.6
      vertex 1.61728 12.6276 2
      vertex 1.61728 12.6276 2.6
    endloop
  endfacet
  facet normal 0.706776 0.707437 0
    outer loop
      vertex 1.61728 12.6276 2
      vertex 1.6387 12.6062 2.6
      vertex 1.6387 12.6062 2
    endloop
  endfacet
  facet normal 0 1 -0
    outer loop
      vertex 1.61728 12.6276 2
      vertex 1.44592 12.6276 2.6
      vertex 1.61728 12.6276 2.6
    endloop
  endfacet
  facet normal 0 1 0
    outer loop
      vertex 1.44592 12.6276 2.6
      vertex 1.61728 12.6276 2
      vertex 1.44592 12.6276 2
    endloop
  endfacet
  facet normal 0.708424 0.705788 0
    outer loop
      vertex 1.44592 12.6276 2.6
      vertex 1.4245 12.6491 2
      vertex 1.4245 12.6491 2.6
    endloop
  endfacet
  facet normal 0.708424 0.705788 0
    outer loop
      vertex 1.4245 12.6491 2
      vertex 1.44592 12.6276 2.6
      vertex 1.44592 12.6276 2
    endloop
  endfacet
  facet normal 0 1 -0
    outer loop
      vertex 1.4245 12.6491 2
      vertex 1.25311 12.6491 2.6
      vertex 1.4245 12.6491 2.6
    endloop
  endfacet
  facet normal 0 1 0
    outer loop
      vertex 1.25311 12.6491 2.6
      vertex 1.4245 12.6491 2
      vertex 1.25311 12.6491 2
    endloop
  endfacet
  facet normal 0.706776 0.707437 -0
    outer loop
      vertex 1.25311 12.6491 2
      vertex 1.23169 12.6705 2.6
      vertex 1.25311 12.6491 2.6
    endloop
  endfacet
  facet normal 0.706776 0.707437 0
    outer loop
      vertex 1.23169 12.6705 2.6
      vertex 1.25311 12.6491 2
      vertex 1.23169 12.6705 2
    endloop
  endfacet
  facet normal 0 1 -0
    outer loop
      vertex 1.23169 12.6705 2
      vertex 0.974651 12.6705 2.6
      vertex 1.23169 12.6705 2.6
    endloop
  endfacet
  facet normal 0 1 0
    outer loop
      vertex 0.974651 12.6705 2.6
      vertex 1.23169 12.6705 2
      vertex 0.974651 12.6705 2
    endloop
  endfacet
  facet normal 0.706776 0.707437 0
    outer loop
      vertex 0.974651 12.6705 2.6
      vertex 0.953231 12.6919 2
      vertex 0.953231 12.6919 2.6
    endloop
  endfacet
  facet normal 0.706776 0.707437 0
    outer loop
      vertex 0.953231 12.6919 2
      vertex 0.974651 12.6705 2.6
      vertex 0.974651 12.6705 2
    endloop
  endfacet
  facet normal 0 1 -0
    outer loop
      vertex 0.953231 12.6919 2
      vertex 0.589064 12.6919 2.6
      vertex 0.953231 12.6919 2.6
    endloop
  endfacet
  facet normal 0 1 0
    outer loop
      vertex 0.589064 12.6919 2.6
      vertex 0.953231 12.6919 2
      vertex 0.589064 12.6919 2
    endloop
  endfacet
  facet normal 0.70676 0.707453 -0
    outer loop
      vertex 0.589064 12.6919 2
      vertex 0.567643 12.7133 2.6
      vertex 0.589064 12.6919 2.6
    endloop
  endfacet
  facet normal 0.70676 0.707453 0
    outer loop
      vertex 0.567643 12.7133 2.6
      vertex 0.589064 12.6919 2
      vertex 0.567643 12.7133 2
    endloop
  endfacet
  facet normal 0 1 -0
    outer loop
      vertex 0.567643 12.7133 2
      vertex -0.503384 12.7133 2.6
      vertex 0.567643 12.7133 2.6
    endloop
  endfacet
  facet normal 0 1 0
    outer loop
      vertex -0.503384 12.7133 2.6
      vertex 0.567643 12.7133 2
      vertex -0.503384 12.7133 2
    endloop
  endfacet
  facet normal -0.706776 0.707437 0
    outer loop
      vertex -0.503384 12.7133 2
      vertex -0.524804 12.6919 2.6
      vertex -0.503384 12.7133 2.6
    endloop
  endfacet
  facet normal -0.706776 0.707437 0
    outer loop
      vertex -0.524804 12.6919 2.6
      vertex -0.503384 12.7133 2
      vertex -0.524804 12.6919 2
    endloop
  endfacet
  facet normal 0 1 -0
    outer loop
      vertex -0.524804 12.6919 2
      vertex -0.888971 12.6919 2.6
      vertex -0.524804 12.6919 2.6
    endloop
  endfacet
  facet normal 0 1 0
    outer loop
      vertex -0.888971 12.6919 2.6
      vertex -0.524804 12.6919 2
      vertex -0.888971 12.6919 2
    endloop
  endfacet
  facet normal -0.70676 0.707453 0
    outer loop
      vertex -0.910392 12.6705 2
      vertex -0.888971 12.6919 2.6
      vertex -0.888971 12.6919 2
    endloop
  endfacet
  facet normal -0.70676 0.707453 0
    outer loop
      vertex -0.888971 12.6919 2.6
      vertex -0.910392 12.6705 2
      vertex -0.910392 12.6705 2.6
    endloop
  endfacet
  facet normal 0 1 -0
    outer loop
      vertex -0.910392 12.6705 2
      vertex -1.14601 12.6705 2.6
      vertex -0.910392 12.6705 2.6
    endloop
  endfacet
  facet normal 0 1 0
    outer loop
      vertex -1.14601 12.6705 2.6
      vertex -0.910392 12.6705 2
      vertex -1.14601 12.6705 2
    endloop
  endfacet
  facet normal -0.706776 0.707437 0
    outer loop
      vertex -1.14601 12.6705 2
      vertex -1.16743 12.6491 2.6
      vertex -1.14601 12.6705 2.6
    endloop
  endfacet
  facet normal -0.706776 0.707437 0
    outer loop
      vertex -1.16743 12.6491 2.6
      vertex -1.14601 12.6705 2
      vertex -1.16743 12.6491 2
    endloop
  endfacet
  facet normal -0.0767992 0.997047 0
    outer loop
      vertex -1.16743 12.6491 2
      vertex -1.72438 12.6062 2.6
      vertex -1.16743 12.6491 2.6
    endloop
  endfacet
  facet normal -0.0767992 0.997047 0
    outer loop
      vertex -1.72438 12.6062 2.6
      vertex -1.16743 12.6491 2
      vertex -1.72438 12.6062 2
    endloop
  endfacet
  facet normal -0.706776 0.707437 0
    outer loop
      vertex -1.7458 12.5848 2
      vertex -1.72438 12.6062 2.6
      vertex -1.72438 12.6062 2
    endloop
  endfacet
  facet normal -0.706776 0.707437 0
    outer loop
      vertex -1.72438 12.6062 2.6
      vertex -1.7458 12.5848 2
      vertex -1.7458 12.5848 2.6
    endloop
  endfacet
  facet normal -0.132188 0.991225 0
    outer loop
      vertex -1.7458 12.5848 2
      vertex -2.38843 12.4991 2.6
      vertex -1.7458 12.5848 2.6
    endloop
  endfacet
  facet normal -0.132188 0.991225 0
    outer loop
      vertex -2.38843 12.4991 2.6
      vertex -1.7458 12.5848 2
      vertex -2.38843 12.4991 2
    endloop
  endfacet
  facet normal -0.706776 0.707437 0
    outer loop
      vertex -2.38843 12.4991 2
      vertex -2.40985 12.4777 2.6
      vertex -2.38843 12.4991 2.6
    endloop
  endfacet
  facet normal -0.706776 0.707437 0
    outer loop
      vertex -2.40985 12.4777 2.6
      vertex -2.38843 12.4991 2
      vertex -2.40985 12.4777 2
    endloop
  endfacet
  facet normal -0.141278 0.98997 0
    outer loop
      vertex -2.40985 12.4777 2
      vertex -2.70976 12.4349 2.6
      vertex -2.40985 12.4777 2.6
    endloop
  endfacet
  facet normal -0.141278 0.98997 0
    outer loop
      vertex -2.70976 12.4349 2.6
      vertex -2.40985 12.4777 2
      vertex -2.70976 12.4349 2
    endloop
  endfacet
  facet normal -0.371839 0.928297 0
    outer loop
      vertex -2.70976 12.4349 2
      vertex -2.81686 12.392 2.6
      vertex -2.70976 12.4349 2.6
    endloop
  endfacet
  facet normal -0.371839 0.928297 0
    outer loop
      vertex -2.81686 12.392 2.6
      vertex -2.70976 12.4349 2
      vertex -2.81686 12.392 2
    endloop
  endfacet
  facet normal -0.11033 0.993895 0
    outer loop
      vertex -2.81686 12.392 2
      vertex -3.00964 12.3706 2.6
      vertex -2.81686 12.392 2.6
    endloop
  endfacet
  facet normal -0.11033 0.993895 0
    outer loop
      vertex -3.00964 12.3706 2.6
      vertex -2.81686 12.392 2
      vertex -3.00964 12.3706 2
    endloop
  endfacet
  facet normal -0.706776 0.707437 0
    outer loop
      vertex -3.03106 12.3492 2
      vertex -3.00964 12.3706 2.6
      vertex -3.00964 12.3706 2
    endloop
  endfacet
  facet normal -0.706776 0.707437 0
    outer loop
      vertex -3.00964 12.3706 2.6
      vertex -3.03106 12.3492 2
      vertex -3.03106 12.3492 2.6
    endloop
  endfacet
  facet normal -0.196222 0.98056 0
    outer loop
      vertex -3.03106 12.3492 2
      vertex -3.35238 12.2849 2.6
      vertex -3.03106 12.3492 2.6
    endloop
  endfacet
  facet normal -0.196222 0.98056 0
    outer loop
      vertex -3.35238 12.2849 2.6
      vertex -3.03106 12.3492 2
      vertex -3.35238 12.2849 2
    endloop
  endfacet
  facet normal -0.446879 0.894594 0
    outer loop
      vertex -3.35238 12.2849 2
      vertex -3.43806 12.2421 2.6
      vertex -3.35238 12.2849 2.6
    endloop
  endfacet
  facet normal -0.446879 0.894594 0
    outer loop
      vertex -3.43806 12.2421 2.6
      vertex -3.35238 12.2849 2
      vertex -3.43806 12.2421 2
    endloop
  endfacet
  facet normal 0 1 -0
    outer loop
      vertex -3.43806 12.2421 2
      vertex -3.50232 12.2421 2.6
      vertex -3.43806 12.2421 2.6
    endloop
  endfacet
  facet normal 0 1 0
    outer loop
      vertex -3.50232 12.2421 2.6
      vertex -3.43806 12.2421 2
      vertex -3.50232 12.2421 2
    endloop
  endfacet
  facet normal -0.447714 0.894177 0
    outer loop
      vertex -3.50232 12.2421 2
      vertex -3.588 12.1992 2.6
      vertex -3.50232 12.2421 2.6
    endloop
  endfacet
  facet normal -0.447714 0.894177 0
    outer loop
      vertex -3.588 12.1992 2.6
      vertex -3.50232 12.2421 2
      vertex -3.588 12.1992 2
    endloop
  endfacet
  facet normal 0 1 -0
    outer loop
      vertex -3.588 12.1992 2
      vertex -3.65226 12.1992 2.6
      vertex -3.588 12.1992 2.6
    endloop
  endfacet
  facet normal 0 1 0
    outer loop
      vertex -3.65226 12.1992 2.6
      vertex -3.588 12.1992 2
      vertex -3.65226 12.1992 2
    endloop
  endfacet
  facet normal -0.446879 0.894594 0
    outer loop
      vertex -3.65226 12.1992 2
      vertex -3.73794 12.1564 2.6
      vertex -3.65226 12.1992 2.6
    endloop
  endfacet
  facet normal -0.446879 0.894594 0
    outer loop
      vertex -3.73794 12.1564 2.6
      vertex -3.65226 12.1992 2
      vertex -3.73794 12.1564 2
    endloop
  endfacet
  facet normal 0 1 -0
    outer loop
      vertex -3.73794 12.1564 2
      vertex -3.8022 12.1564 2.6
      vertex -3.73794 12.1564 2.6
    endloop
  endfacet
  facet normal 0 1 0
    outer loop
      vertex -3.8022 12.1564 2.6
      vertex -3.73794 12.1564 2
      vertex -3.8022 12.1564 2
    endloop
  endfacet
  facet normal -0.316214 0.948688 0
    outer loop
      vertex -3.8022 12.1564 2
      vertex -4.44483 11.9422 2.6
      vertex -3.8022 12.1564 2.6
    endloop
  endfacet
  facet normal -0.316214 0.948688 0
    outer loop
      vertex -4.44483 11.9422 2.6
      vertex -3.8022 12.1564 2
      vertex -4.44483 11.9422 2
    endloop
  endfacet
  facet normal -0.447234 0.894417 0
    outer loop
      vertex -4.44483 11.9422 2
      vertex -4.61622 11.8565 2.6
      vertex -4.44483 11.9422 2.6
    endloop
  endfacet
  facet normal -0.447234 0.894417 0
    outer loop
      vertex -4.61622 11.8565 2.6
      vertex -4.44483 11.9422 2
      vertex -4.61622 11.8565 2
    endloop
  endfacet
  facet normal -0.19594 0.980616 0
    outer loop
      vertex -4.61622 11.8565 2
      vertex -4.72332 11.8351 2.6
      vertex -4.61622 11.8565 2.6
    endloop
  endfacet
  facet normal -0.19594 0.980616 0
    outer loop
      vertex -4.72332 11.8351 2.6
      vertex -4.61622 11.8565 2
      vertex -4.72332 11.8351 2
    endloop
  endfacet
  facet normal -0.555238 0.831692 0
    outer loop
      vertex -4.72332 11.8351 2
      vertex -4.78758 11.7922 2.6
      vertex -4.72332 11.8351 2.6
    endloop
  endfacet
  facet normal -0.555238 0.831692 0
    outer loop
      vertex -4.78758 11.7922 2.6
      vertex -4.72332 11.8351 2
      vertex -4.78758 11.7922 2
    endloop
  endfacet
  facet normal -0.316294 0.948661 0
    outer loop
      vertex -4.78758 11.7922 2
      vertex -5.04462 11.7065 2.6
      vertex -4.78758 11.7922 2.6
    endloop
  endfacet
  facet normal -0.316294 0.948661 0
    outer loop
      vertex -5.04462 11.7065 2.6
      vertex -4.78758 11.7922 2
      vertex -5.04462 11.7065 2
    endloop
  endfacet
  facet normal -0.495715 0.868485 0
    outer loop
      vertex -5.04462 11.7065 2
      vertex -5.19459 11.6209 2.6
      vertex -5.04462 11.7065 2.6
    endloop
  endfacet
  facet normal -0.495715 0.868485 0
    outer loop
      vertex -5.19459 11.6209 2.6
      vertex -5.04462 11.7065 2
      vertex -5.19459 11.6209 2
    endloop
  endfacet
  facet normal 0 1 -0
    outer loop
      vertex -5.19459 11.6209 2
      vertex -5.23743 11.6209 2.6
      vertex -5.19459 11.6209 2.6
    endloop
  endfacet
  facet normal 0 1 0
    outer loop
      vertex -5.23743 11.6209 2.6
      vertex -5.19459 11.6209 2
      vertex -5.23743 11.6209 2
    endloop
  endfacet
  facet normal -0.438494 0.898734 0
    outer loop
      vertex -5.23743 11.6209 2
      vertex -6.11568 11.1924 2.6
      vertex -5.23743 11.6209 2.6
    endloop
  endfacet
  facet normal -0.438494 0.898734 0
    outer loop
      vertex -6.11568 11.1924 2.6
      vertex -5.23743 11.6209 2
      vertex -6.11568 11.1924 2
    endloop
  endfacet
  facet normal -0.55464 0.83209 0
    outer loop
      vertex -6.11568 11.1924 2
      vertex -6.30846 11.0639 2.6
      vertex -6.11568 11.1924 2.6
    endloop
  endfacet
  facet normal -0.55464 0.83209 0
    outer loop
      vertex -6.30846 11.0639 2.6
      vertex -6.11568 11.1924 2
      vertex -6.30846 11.0639 2
    endloop
  endfacet
  facet normal -0.393564 0.919297 0
    outer loop
      vertex -6.30846 11.0639 2
      vertex -6.45842 10.9997 2.6
      vertex -6.30846 11.0639 2.6
    endloop
  endfacet
  facet normal -0.393564 0.919297 0
    outer loop
      vertex -6.45842 10.9997 2.6
      vertex -6.30846 11.0639 2
      vertex -6.45842 10.9997 2
    endloop
  endfacet
  facet normal -0.536889 0.843653 0
    outer loop
      vertex -6.45842 10.9997 2
      vertex -7.40093 10.3999 2.6
      vertex -6.45842 10.9997 2.6
    endloop
  endfacet
  facet normal -0.536889 0.843653 0
    outer loop
      vertex -7.40093 10.3999 2.6
      vertex -6.45842 10.9997 2
      vertex -7.40093 10.3999 2
    endloop
  endfacet
  facet normal -0.605529 0.795823 0
    outer loop
      vertex -7.40093 10.3999 2
      vertex -8.38631 9.65014 2.6
      vertex -7.40093 10.3999 2.6
    endloop
  endfacet
  facet normal -0.605529 0.795823 0
    outer loop
      vertex -8.38631 9.65014 2.6
      vertex -7.40093 10.3999 2
      vertex -8.38631 9.65014 2
    endloop
  endfacet
  facet normal -0.667547 0.744568 0
    outer loop
      vertex -8.38631 9.65014 2
      vertex -9.00752 9.09319 2.6
      vertex -8.38631 9.65014 2.6
    endloop
  endfacet
  facet normal -0.667547 0.744568 0
    outer loop
      vertex -9.00752 9.09319 2.6
      vertex -8.38631 9.65014 2
      vertex -9.00752 9.09319 2
    endloop
  endfacet
  facet normal -0.707123 0.707091 0
    outer loop
      vertex -9.45734 8.64335 2
      vertex -9.00752 9.09319 2.6
      vertex -9.00752 9.09319 2
    endloop
  endfacet
  facet normal -0.707123 0.707091 0
    outer loop
      vertex -9.00752 9.09319 2.6
      vertex -9.45734 8.64335 2
      vertex -9.45734 8.64335 2.6
    endloop
  endfacet
  facet normal -0.739946 0.672667 0
    outer loop
      vertex -9.88576 8.17208 2
      vertex -9.45734 8.64335 2.6
      vertex -9.45734 8.64335 2
    endloop
  endfacet
  facet normal -0.739946 0.672667 0
    outer loop
      vertex -9.45734 8.64335 2.6
      vertex -9.88576 8.17208 2
      vertex -9.88576 8.17208 2.6
    endloop
  endfacet
  facet normal -0.777245 0.629198 0
    outer loop
      vertex -10.2499 7.72226 2
      vertex -9.88576 8.17208 2.6
      vertex -9.88576 8.17208 2
    endloop
  endfacet
  facet normal -0.777245 0.629198 0
    outer loop
      vertex -9.88576 8.17208 2.6
      vertex -10.2499 7.72226 2
      vertex -10.2499 7.72226 2.6
    endloop
  endfacet
  facet normal -0.818414 0.574629 0
    outer loop
      vertex -10.9568 6.71546 2
      vertex -10.2499 7.72226 2.6
      vertex -10.2499 7.72226 2
    endloop
  endfacet
  facet normal -0.818414 0.574629 0
    outer loop
      vertex -10.2499 7.72226 2.6
      vertex -10.9568 6.71546 2
      vertex -10.9568 6.71546 2.6
    endloop
  endfacet
  facet normal -1 0 0
    outer loop
      vertex -10.9568 6.67262 2
      vertex -10.9568 6.71546 2.6
      vertex -10.9568 6.71546 2
    endloop
  endfacet
  facet normal -1 -0 0
    outer loop
      vertex -10.9568 6.71546 2.6
      vertex -10.9568 6.67262 2
      vertex -10.9568 6.67262 2.6
    endloop
  endfacet
  facet normal -0.780798 0.624784 0
    outer loop
      vertex -11.0425 6.56552 2
      vertex -10.9568 6.67262 2.6
      vertex -10.9568 6.67262 2
    endloop
  endfacet
  facet normal -0.780798 0.624784 0
    outer loop
      vertex -10.9568 6.67262 2.6
      vertex -11.0425 6.56552 2
      vertex -11.0425 6.56552 2.6
    endloop
  endfacet
  facet normal -0.894469 0.44713 0
    outer loop
      vertex -11.171 6.30846 2
      vertex -11.0425 6.56552 2.6
      vertex -11.0425 6.56552 2
    endloop
  endfacet
  facet normal -0.894469 0.44713 0
    outer loop
      vertex -11.0425 6.56552 2.6
      vertex -11.171 6.30846 2
      vertex -11.171 6.30846 2.6
    endloop
  endfacet
  facet normal -0.813752 0.581213 0
    outer loop
      vertex -11.2781 6.15851 2
      vertex -11.171 6.30846 2.6
      vertex -11.171 6.30846 2
    endloop
  endfacet
  facet normal -0.813752 0.581213 0
    outer loop
      vertex -11.171 6.30846 2.6
      vertex -11.2781 6.15851 2
      vertex -11.2781 6.15851 2.6
    endloop
  endfacet
  facet normal -0.894423 0.447222 0
    outer loop
      vertex -11.6851 5.34453 2
      vertex -11.2781 6.15851 2.6
      vertex -11.2781 6.15851 2
    endloop
  endfacet
  facet normal -0.894423 0.447222 0
    outer loop
      vertex -11.2781 6.15851 2.6
      vertex -11.6851 5.34453 2
      vertex -11.6851 5.34453 2.6
    endloop
  endfacet
  facet normal -0.961422 0.275077 0
    outer loop
      vertex -11.728 5.19459 2
      vertex -11.6851 5.34453 2.6
      vertex -11.6851 5.34453 2
    endloop
  endfacet
  facet normal -0.961422 0.275077 0
    outer loop
      vertex -11.6851 5.34453 2.6
      vertex -11.728 5.19459 2
      vertex -11.728 5.19459 2.6
    endloop
  endfacet
  facet normal -0.868485 0.495715 0
    outer loop
      vertex -11.8136 5.04462 2
      vertex -11.728 5.19459 2.6
      vertex -11.728 5.19459 2
    endloop
  endfacet
  facet normal -0.868485 0.495715 0
    outer loop
      vertex -11.728 5.19459 2.6
      vertex -11.8136 5.04462 2
      vertex -11.8136 5.04462 2.6
    endloop
  endfacet
  facet normal -0.961422 0.275077 0
    outer loop
      vertex -11.8565 4.89468 2
      vertex -11.8136 5.04462 2.6
      vertex -11.8136 5.04462 2
    endloop
  endfacet
  facet normal -0.961422 0.275077 0
    outer loop
      vertex -11.8136 5.04462 2.6
      vertex -11.8565 4.89468 2
      vertex -11.8565 4.89468 2.6
    endloop
  endfacet
  facet normal -0.894427 0.447214 0
    outer loop
      vertex -11.9636 4.68048 2
      vertex -11.8565 4.89468 2.6
      vertex -11.8565 4.89468 2
    endloop
  endfacet
  facet normal -0.894427 0.447214 0
    outer loop
      vertex -11.8565 4.89468 2.6
      vertex -11.9636 4.68048 2
      vertex -11.9636 4.68048 2.6
    endloop
  endfacet
  facet normal -0.970196 0.242322 0
    outer loop
      vertex -12.0064 4.50912 2
      vertex -11.9636 4.68048 2.6
      vertex -11.9636 4.68048 2
    endloop
  endfacet
  facet normal -0.970196 0.242322 0
    outer loop
      vertex -11.9636 4.68048 2.6
      vertex -12.0064 4.50912 2
      vertex -12.0064 4.50912 2.6
    endloop
  endfacet
  facet normal -0.894417 0.447234 0
    outer loop
      vertex -12.0921 4.33773 2
      vertex -12.0064 4.50912 2.6
      vertex -12.0064 4.50912 2
    endloop
  endfacet
  facet normal -0.894417 0.447234 0
    outer loop
      vertex -12.0064 4.50912 2.6
      vertex -12.0921 4.33773 2
      vertex -12.0921 4.33773 2.6
    endloop
  endfacet
  facet normal -0.986294 0.164996 0
    outer loop
      vertex -12.1136 4.20921 2
      vertex -12.0921 4.33773 2.6
      vertex -12.0921 4.33773 2
    endloop
  endfacet
  facet normal -0.986294 0.164996 0
    outer loop
      vertex -12.0921 4.33773 2.6
      vertex -12.1136 4.20921 2
      vertex -12.1136 4.20921 2.6
    endloop
  endfacet
  facet normal -0.938381 0.345602 0
    outer loop
      vertex -12.2635 3.8022 2
      vertex -12.1136 4.20921 2.6
      vertex -12.1136 4.20921 2
    endloop
  endfacet
  facet normal -0.938381 0.345602 0
    outer loop
      vertex -12.1136 4.20921 2.6
      vertex -12.2635 3.8022 2
      vertex -12.2635 3.8022 2.6
    endloop
  endfacet
  facet normal -1 0 0
    outer loop
      vertex -12.2635 3.73794 2
      vertex -12.2635 3.8022 2.6
      vertex -12.2635 3.8022 2
    endloop
  endfacet
  facet normal -1 -0 0
    outer loop
      vertex -12.2635 3.8022 2.6
      vertex -12.2635 3.73794 2
      vertex -12.2635 3.73794 2.6
    endloop
  endfacet
  facet normal -0.894594 0.446879 0
    outer loop
      vertex -12.3063 3.65226 2
      vertex -12.2635 3.73794 2.6
      vertex -12.2635 3.73794 2
    endloop
  endfacet
  facet normal -0.894594 0.446879 0
    outer loop
      vertex -12.2635 3.73794 2.6
      vertex -12.3063 3.65226 2
      vertex -12.3063 3.65226 2.6
    endloop
  endfacet
  facet normal -0.989875 0.141939 0
    outer loop
      vertex -12.3278 3.50232 2
      vertex -12.3063 3.65226 2.6
      vertex -12.3063 3.65226 2
    endloop
  endfacet
  facet normal -0.989875 0.141939 0
    outer loop
      vertex -12.3063 3.65226 2.6
      vertex -12.3278 3.50232 2
      vertex -12.3278 3.50232 2.6
    endloop
  endfacet
  facet normal -0.948772 0.315962 0
    outer loop
      vertex -12.4134 3.24528 2
      vertex -12.3278 3.50232 2.6
      vertex -12.3278 3.50232 2
    endloop
  endfacet
  facet normal -0.948772 0.315962 0
    outer loop
      vertex -12.3278 3.50232 2.6
      vertex -12.4134 3.24528 2
      vertex -12.4134 3.24528 2.6
    endloop
  endfacet
  facet normal -1 0 0
    outer loop
      vertex -12.4134 3.15958 2
      vertex -12.4134 3.24528 2.6
      vertex -12.4134 3.24528 2
    endloop
  endfacet
  facet normal -1 -0 0
    outer loop
      vertex -12.4134 3.24528 2.6
      vertex -12.4134 3.15958 2
      vertex -12.4134 3.15958 2.6
    endloop
  endfacet
  facet normal -0.705953 0.708259 0
    outer loop
      vertex -12.4349 3.13815 2
      vertex -12.4134 3.15958 2.6
      vertex -12.4134 3.15958 2
    endloop
  endfacet
  facet normal -0.705953 0.708259 0
    outer loop
      vertex -12.4134 3.15958 2.6
      vertex -12.4349 3.13815 2
      vertex -12.4349 3.13815 2.6
    endloop
  endfacet
  facet normal -0.984811 0.173633 0
    outer loop
      vertex -12.4991 2.77402 2
      vertex -12.4349 3.13815 2.6
      vertex -12.4349 3.13815 2
    endloop
  endfacet
  facet normal -0.984811 0.173633 0
    outer loop
      vertex -12.4349 3.13815 2.6
      vertex -12.4991 2.77402 2
      vertex -12.4991 2.77402 2.6
    endloop
  endfacet
  facet normal -0.707602 0.706611 0
    outer loop
      vertex -12.5205 2.75259 2
      vertex -12.4991 2.77402 2.6
      vertex -12.4991 2.77402 2
    endloop
  endfacet
  facet normal -0.707602 0.706611 0
    outer loop
      vertex -12.4991 2.77402 2.6
      vertex -12.5205 2.75259 2
      vertex -12.5205 2.75259 2.6
    endloop
  endfacet
  facet normal -1 0 0
    outer loop
      vertex -12.5205 2.66691 2
      vertex -12.5205 2.75259 2.6
      vertex -12.5205 2.75259 2
    endloop
  endfacet
  facet normal -1 -0 0
    outer loop
      vertex -12.5205 2.75259 2.6
      vertex -12.5205 2.66691 2
      vertex -12.5205 2.66691 2.6
    endloop
  endfacet
  facet normal -0.705622 0.708588 0
    outer loop
      vertex -12.5205 2.66691 2
      vertex -12.542 2.6455 2.6
      vertex -12.5205 2.66691 2.6
    endloop
  endfacet
  facet normal -0.705622 0.708588 0
    outer loop
      vertex -12.542 2.6455 2.6
      vertex -12.5205 2.66691 2
      vertex -12.542 2.6455 2
    endloop
  endfacet
  facet normal -1 0 0
    outer loop
      vertex -12.542 2.53837 2
      vertex -12.542 2.6455 2.6
      vertex -12.542 2.6455 2
    endloop
  endfacet
  facet normal -1 -0 0
    outer loop
      vertex -12.542 2.6455 2.6
      vertex -12.542 2.53837 2
      vertex -12.542 2.53837 2.6
    endloop
  endfacet
  facet normal -0.707437 0.706776 0
    outer loop
      vertex -12.5634 2.51695 2
      vertex -12.542 2.53837 2.6
      vertex -12.542 2.53837 2
    endloop
  endfacet
  facet normal -0.707437 0.706776 0
    outer loop
      vertex -12.542 2.53837 2.6
      vertex -12.5634 2.51695 2
      vertex -12.5634 2.51695 2.6
    endloop
  endfacet
  facet normal -1 0 0
    outer loop
      vertex -12.5634 2.40985 2
      vertex -12.5634 2.51695 2.6
      vertex -12.5634 2.51695 2
    endloop
  endfacet
  facet normal -1 -0 0
    outer loop
      vertex -12.5634 2.51695 2.6
      vertex -12.5634 2.40985 2
      vertex -12.5634 2.40985 2.6
    endloop
  endfacet
  facet normal -0.961592 0.274484 0
    outer loop
      vertex -12.6062 2.25991 2
      vertex -12.5634 2.40985 2.6
      vertex -12.5634 2.40985 2
    endloop
  endfacet
  facet normal -0.961592 0.274484 0
    outer loop
      vertex -12.5634 2.40985 2.6
      vertex -12.6062 2.25991 2
      vertex -12.6062 2.25991 2.6
    endloop
  endfacet
  facet normal -1 0 0
    outer loop
      vertex -12.6062 2.13139 2
      vertex -12.6062 2.25991 2.6
      vertex -12.6062 2.25991 2
    endloop
  endfacet
  facet normal -1 -0 0
    outer loop
      vertex -12.6062 2.25991 2.6
      vertex -12.6062 2.13139 2
      vertex -12.6062 2.13139 2.6
    endloop
  endfacet
  facet normal -0.707437 0.706776 0
    outer loop
      vertex -12.6062 2.13139 2
      vertex -12.6276 2.10997 2.6
      vertex -12.6062 2.13139 2.6
    endloop
  endfacet
  facet normal -0.707437 0.706776 0
    outer loop
      vertex -12.6276 2.10997 2.6
      vertex -12.6062 2.13139 2
      vertex -12.6276 2.10997 2
    endloop
  endfacet
  facet normal -1 0 0
    outer loop
      vertex -12.6276 1.96003 2
      vertex -12.6276 2.10997 2.6
      vertex -12.6276 2.10997 2
    endloop
  endfacet
  facet normal -1 -0 0
    outer loop
      vertex -12.6276 2.10997 2.6
      vertex -12.6276 1.96003 2
      vertex -12.6276 1.96003 2.6
    endloop
  endfacet
  facet normal -0.705788 0.708424 0
    outer loop
      vertex -12.6491 1.93861 2
      vertex -12.6276 1.96003 2.6
      vertex -12.6276 1.96003 2
    endloop
  endfacet
  facet normal -0.705788 0.708424 0
    outer loop
      vertex -12.6276 1.96003 2.6
      vertex -12.6491 1.93861 2
      vertex -12.6491 1.93861 2.6
    endloop
  endfacet
  facet normal -1 0 0
    outer loop
      vertex -12.6491 1.81006 2
      vertex -12.6491 1.93861 2.6
      vertex -12.6491 1.93861 2
    endloop
  endfacet
  facet normal -1 -0 0
    outer loop
      vertex -12.6491 1.93861 2.6
      vertex -12.6491 1.81006 2
      vertex -12.6491 1.81006 2.6
    endloop
  endfacet
  facet normal -0.707437 0.706776 0
    outer loop
      vertex -12.6705 1.78864 2
      vertex -12.6491 1.81006 2.6
      vertex -12.6491 1.81006 2
    endloop
  endfacet
  facet normal -0.707437 0.706776 0
    outer loop
      vertex -12.6491 1.81006 2.6
      vertex -12.6705 1.78864 2
      vertex -12.6705 1.78864 2.6
    endloop
  endfacet
  facet normal -1 0 0
    outer loop
      vertex -12.6705 1.59586 2
      vertex -12.6705 1.78864 2.6
      vertex -12.6705 1.78864 2
    endloop
  endfacet
  facet normal -1 -0 0
    outer loop
      vertex -12.6705 1.78864 2.6
      vertex -12.6705 1.59586 2
      vertex -12.6705 1.59586 2.6
    endloop
  endfacet
  facet normal -0.707437 0.706776 0
    outer loop
      vertex -12.6919 1.57444 2
      vertex -12.6705 1.59586 2.6
      vertex -12.6705 1.59586 2
    endloop
  endfacet
  facet normal -0.707437 0.706776 0
    outer loop
      vertex -12.6705 1.59586 2.6
      vertex -12.6919 1.57444 2
      vertex -12.6919 1.57444 2.6
    endloop
  endfacet
  facet normal -0.999615 0.0277401 0
    outer loop
      vertex -12.7133 0.803291 2
      vertex -12.6919 1.57444 2.6
      vertex -12.6919 1.57444 2
    endloop
  endfacet
  facet normal -0.999615 0.0277401 0
    outer loop
      vertex -12.6919 1.57444 2.6
      vertex -12.7133 0.803291 2
      vertex -12.7133 0.803291 2.6
    endloop
  endfacet
  facet normal -0.705771 0.70844 0
    outer loop
      vertex -12.7133 0.803291 2
      vertex -12.7348 0.781872 2.6
      vertex -12.7133 0.803291 2.6
    endloop
  endfacet
  facet normal -0.705771 0.70844 0
    outer loop
      vertex -12.7348 0.781872 2.6
      vertex -12.7133 0.803291 2
      vertex -12.7348 0.781872 2
    endloop
  endfacet
  facet normal -1 0 0
    outer loop
      vertex -12.7348 -0.417704 2
      vertex -12.7348 0.781872 2.6
      vertex -12.7348 0.781872 2
    endloop
  endfacet
  facet normal -1 -0 0
    outer loop
      vertex -12.7348 0.781872 2.6
      vertex -12.7348 -0.417704 2
      vertex -12.7348 -0.417704 2.6
    endloop
  endfacet
  facet normal -0.705788 -0.708424 0
    outer loop
      vertex -12.7348 -0.417704 2
      vertex -12.7133 -0.439124 2.6
      vertex -12.7348 -0.417704 2.6
    endloop
  endfacet
  facet normal -0.705788 -0.708424 -0
    outer loop
      vertex -12.7133 -0.439124 2.6
      vertex -12.7348 -0.417704 2
      vertex -12.7133 -0.439124 2
    endloop
  endfacet
  facet normal -1 0 0
    outer loop
      vertex -12.7133 -0.846131 2
      vertex -12.7133 -0.439124 2.6
      vertex -12.7133 -0.439124 2
    endloop
  endfacet
  facet normal -1 -0 0
    outer loop
      vertex -12.7133 -0.439124 2.6
      vertex -12.7133 -0.846131 2
      vertex -12.7133 -0.846131 2.6
    endloop
  endfacet
  facet normal -0.707453 -0.70676 0
    outer loop
      vertex -12.6919 -0.867552 2
      vertex -12.7133 -0.846131 2.6
      vertex -12.7133 -0.846131 2
    endloop
  endfacet
  facet normal -0.707453 -0.70676 0
    outer loop
      vertex -12.7133 -0.846131 2.6
      vertex -12.6919 -0.867552 2
      vertex -12.6919 -0.867552 2.6
    endloop
  endfacet
  facet normal -1 0 0
    outer loop
      vertex -12.6919 -1.10317 2
      vertex -12.6919 -0.867552 2.6
      vertex -12.6919 -0.867552 2
    endloop
  endfacet
  facet normal -1 -0 0
    outer loop
      vertex -12.6919 -0.867552 2.6
      vertex -12.6919 -1.10317 2
      vertex -12.6919 -1.10317 2.6
    endloop
  endfacet
  facet normal -0.707437 -0.706776 0
    outer loop
      vertex -12.6705 -1.12459 2
      vertex -12.6919 -1.10317 2.6
      vertex -12.6919 -1.10317 2
    endloop
  endfacet
  facet normal -0.707437 -0.706776 0
    outer loop
      vertex -12.6919 -1.10317 2.6
      vertex -12.6705 -1.12459 2
      vertex -12.6705 -1.12459 2.6
    endloop
  endfacet
  facet normal -1 0 0
    outer loop
      vertex -12.6705 -1.29598 2
      vertex -12.6705 -1.12459 2.6
      vertex -12.6705 -1.12459 2
    endloop
  endfacet
  facet normal -1 -0 0
    outer loop
      vertex -12.6705 -1.12459 2.6
      vertex -12.6705 -1.29598 2
      vertex -12.6705 -1.29598 2.6
    endloop
  endfacet
  facet normal -0.707437 -0.706776 0
    outer loop
      vertex -12.6491 -1.3174 2
      vertex -12.6705 -1.29598 2.6
      vertex -12.6705 -1.29598 2
    endloop
  endfacet
  facet normal -0.707437 -0.706776 0
    outer loop
      vertex -12.6705 -1.29598 2.6
      vertex -12.6491 -1.3174 2
      vertex -12.6491 -1.3174 2.6
    endloop
  endfacet
  facet normal -1 0 0
    outer loop
      vertex -12.6491 -1.44592 2
      vertex -12.6491 -1.3174 2.6
      vertex -12.6491 -1.3174 2
    endloop
  endfacet
  facet normal -1 -0 0
    outer loop
      vertex -12.6491 -1.3174 2.6
      vertex -12.6491 -1.44592 2
      vertex -12.6491 -1.44592 2.6
    endloop
  endfacet
  facet normal -0.705788 -0.708424 0
    outer loop
      vertex -12.6276 -1.46734 2
      vertex -12.6491 -1.44592 2.6
      vertex -12.6491 -1.44592 2
    endloop
  endfacet
  facet normal -0.705788 -0.708424 0
    outer loop
      vertex -12.6491 -1.44592 2.6
      vertex -12.6276 -1.46734 2
      vertex -12.6276 -1.46734 2.6
    endloop
  endfacet
  facet normal -1 0 0
    outer loop
      vertex -12.6276 -1.6387 2
      vertex -12.6276 -1.46734 2.6
      vertex -12.6276 -1.46734 2
    endloop
  endfacet
  facet normal -1 -0 0
    outer loop
      vertex -12.6276 -1.46734 2.6
      vertex -12.6276 -1.6387 2
      vertex -12.6276 -1.6387 2.6
    endloop
  endfacet
  facet normal -0.948772 -0.315962 0
    outer loop
      vertex -12.5848 -1.76722 2
      vertex -12.6276 -1.6387 2.6
      vertex -12.6276 -1.6387 2
    endloop
  endfacet
  facet normal -0.948772 -0.315962 0
    outer loop
      vertex -12.6276 -1.6387 2.6
      vertex -12.5848 -1.76722 2
      vertex -12.5848 -1.76722 2.6
    endloop
  endfacet
  facet normal -0.996553 -0.0829589 0
    outer loop
      vertex -12.5634 -2.02429 2
      vertex -12.5848 -1.76722 2.6
      vertex -12.5848 -1.76722 2
    endloop
  endfacet
  facet normal -0.996553 -0.0829589 0
    outer loop
      vertex -12.5848 -1.76722 2.6
      vertex -12.5634 -2.02429 2
      vertex -12.5634 -2.02429 2.6
    endloop
  endfacet
  facet normal -0.928297 -0.371839 0
    outer loop
      vertex -12.5205 -2.13139 2
      vertex -12.5634 -2.02429 2.6
      vertex -12.5634 -2.02429 2
    endloop
  endfacet
  facet normal -0.928297 -0.371839 0
    outer loop
      vertex -12.5634 -2.02429 2.6
      vertex -12.5205 -2.13139 2
      vertex -12.5205 -2.13139 2.6
    endloop
  endfacet
  facet normal -1 0 0
    outer loop
      vertex -12.5205 -2.23849 2
      vertex -12.5205 -2.13139 2.6
      vertex -12.5205 -2.13139 2
    endloop
  endfacet
  facet normal -1 -0 0
    outer loop
      vertex -12.5205 -2.13139 2.6
      vertex -12.5205 -2.23849 2
      vertex -12.5205 -2.23849 2.6
    endloop
  endfacet
  facet normal -0.928596 -0.371092 0
    outer loop
      vertex -12.4777 -2.34559 2
      vertex -12.5205 -2.23849 2.6
      vertex -12.5205 -2.23849 2
    endloop
  endfacet
  facet normal -0.928596 -0.371092 0
    outer loop
      vertex -12.5205 -2.23849 2.6
      vertex -12.4777 -2.34559 2
      vertex -12.4777 -2.34559 2.6
    endloop
  endfacet
  facet normal -0.993895 -0.11033 0
    outer loop
      vertex -12.4563 -2.53837 2
      vertex -12.4777 -2.34559 2.6
      vertex -12.4777 -2.34559 2
    endloop
  endfacet
  facet normal -0.993895 -0.11033 0
    outer loop
      vertex -12.4777 -2.34559 2.6
      vertex -12.4563 -2.53837 2
      vertex -12.4563 -2.53837 2.6
    endloop
  endfacet
  facet normal -0.707931 -0.706281 0
    outer loop
      vertex -12.4349 -2.55982 2
      vertex -12.4563 -2.53837 2.6
      vertex -12.4563 -2.53837 2
    endloop
  endfacet
  facet normal -0.707931 -0.706281 0
    outer loop
      vertex -12.4563 -2.53837 2.6
      vertex -12.4349 -2.55982 2
      vertex -12.4349 -2.55982 2.6
    endloop
  endfacet
  facet normal -0.975423 -0.220338 0
    outer loop
      vertex -12.2849 -3.22386 2
      vertex -12.4349 -2.55982 2.6
      vertex -12.4349 -2.55982 2
    endloop
  endfacet
  facet normal -0.975423 -0.220338 0
    outer loop
      vertex -12.4349 -2.55982 2.6
      vertex -12.2849 -3.22386 2
      vertex -12.2849 -3.22386 2.6
    endloop
  endfacet
  facet normal -0.894594 -0.446879 0
    outer loop
      vertex -12.2421 -3.30954 2
      vertex -12.2849 -3.22386 2.6
      vertex -12.2849 -3.22386 2
    endloop
  endfacet
  facet normal -0.894594 -0.446879 0
    outer loop
      vertex -12.2849 -3.22386 2.6
      vertex -12.2421 -3.30954 2
      vertex -12.2421 -3.30954 2.6
    endloop
  endfacet
  facet normal -1 0 0
    outer loop
      vertex -12.2421 -3.3738 2
      vertex -12.2421 -3.30954 2.6
      vertex -12.2421 -3.30954 2
    endloop
  endfacet
  facet normal -1 -0 0
    outer loop
      vertex -12.2421 -3.30954 2.6
      vertex -12.2421 -3.3738 2
      vertex -12.2421 -3.3738 2.6
    endloop
  endfacet
  facet normal -0.951205 -0.308559 0
    outer loop
      vertex -11.985 -4.16637 2
      vertex -12.2421 -3.3738 2.6
      vertex -12.2421 -3.3738 2
    endloop
  endfacet
  facet normal -0.951205 -0.308559 0
    outer loop
      vertex -12.2421 -3.3738 2.6
      vertex -11.985 -4.16637 2
      vertex -11.985 -4.16637 2.6
    endloop
  endfacet
  facet normal -0.832289 -0.554341 0
    outer loop
      vertex -11.9422 -4.23063 2
      vertex -11.985 -4.16637 2.6
      vertex -11.985 -4.16637 2
    endloop
  endfacet
  facet normal -0.832289 -0.554341 0
    outer loop
      vertex -11.985 -4.16637 2.6
      vertex -11.9422 -4.23063 2
      vertex -11.9422 -4.23063 2.6
    endloop
  endfacet
  facet normal -0.98044 -0.19682 0
    outer loop
      vertex -11.9207 -4.33773 2
      vertex -11.9422 -4.23063 2.6
      vertex -11.9422 -4.23063 2
    endloop
  endfacet
  facet normal -0.98044 -0.19682 0
    outer loop
      vertex -11.9422 -4.23063 2.6
      vertex -11.9207 -4.33773 2
      vertex -11.9207 -4.33773 2.6
    endloop
  endfacet
  facet normal -0.894625 -0.446817 0
    outer loop
      vertex -11.8351 -4.50912 2
      vertex -11.9207 -4.33773 2.6
      vertex -11.9207 -4.33773 2
    endloop
  endfacet
  facet normal -0.894625 -0.446817 0
    outer loop
      vertex -11.9207 -4.33773 2.6
      vertex -11.8351 -4.50912 2
      vertex -11.8351 -4.50912 2.6
    endloop
  endfacet
  facet normal -0.98044 -0.19682 0
    outer loop
      vertex -11.8136 -4.61622 2
      vertex -11.8351 -4.50912 2.6
      vertex -11.8351 -4.50912 2
    endloop
  endfacet
  facet normal -0.98044 -0.19682 0
    outer loop
      vertex -11.8351 -4.50912 2.6
      vertex -11.8136 -4.61622 2
      vertex -11.8136 -4.61622 2.6
    endloop
  endfacet
  facet normal -0.832289 -0.554341 0
    outer loop
      vertex -11.7708 -4.68048 2
      vertex -11.8136 -4.61622 2.6
      vertex -11.8136 -4.61622 2
    endloop
  endfacet
  facet normal -0.832289 -0.554341 0
    outer loop
      vertex -11.8136 -4.61622 2.6
      vertex -11.7708 -4.68048 2
      vertex -11.7708 -4.68048 2.6
    endloop
  endfacet
  facet normal -0.948661 -0.316294 0
    outer loop
      vertex -11.6851 -4.93752 2
      vertex -11.7708 -4.68048 2.6
      vertex -11.7708 -4.68048 2
    endloop
  endfacet
  facet normal -0.948661 -0.316294 0
    outer loop
      vertex -11.7708 -4.68048 2.6
      vertex -11.6851 -4.93752 2
      vertex -11.6851 -4.93752 2.6
    endloop
  endfacet
  facet normal -0.894493 -0.447082 0
    outer loop
      vertex -11.5352 -5.23743 2
      vertex -11.6851 -4.93752 2.6
      vertex -11.6851 -4.93752 2
    endloop
  endfacet
  facet normal -0.894493 -0.447082 0
    outer loop
      vertex -11.6851 -4.93752 2.6
      vertex -11.5352 -5.23743 2
      vertex -11.5352 -5.23743 2.6
    endloop
  endfacet
  facet normal -1 0 0
    outer loop
      vertex -11.5352 -5.28027 2
      vertex -11.5352 -5.23743 2.6
      vertex -11.5352 -5.23743 2
    endloop
  endfacet
  facet normal -1 -0 0
    outer loop
      vertex -11.5352 -5.23743 2.6
      vertex -11.5352 -5.28027 2
      vertex -11.5352 -5.28027 2.6
    endloop
  endfacet
  facet normal -0.89128 -0.453454 0
    outer loop
      vertex -10.914 -6.50126 2
      vertex -11.5352 -5.28027 2.6
      vertex -11.5352 -5.28027 2
    endloop
  endfacet
  facet normal -0.89128 -0.453454 0
    outer loop
      vertex -11.5352 -5.28027 2.6
      vertex -10.914 -6.50126 2
      vertex -10.914 -6.50126 2.6
    endloop
  endfacet
  facet normal -0.780798 -0.624784 0
    outer loop
      vertex -10.8283 -6.60836 2
      vertex -10.914 -6.50126 2.6
      vertex -10.914 -6.50126 2
    endloop
  endfacet
  facet normal -0.780798 -0.624784 0
    outer loop
      vertex -10.914 -6.50126 2.6
      vertex -10.8283 -6.60836 2
      vertex -10.8283 -6.60836 2.6
    endloop
  endfacet
  facet normal -0.894427 -0.447214 0
    outer loop
      vertex -10.7212 -6.82256 2
      vertex -10.8283 -6.60836 2.6
      vertex -10.8283 -6.60836 2
    endloop
  endfacet
  facet normal -0.894427 -0.447214 0
    outer loop
      vertex -10.8283 -6.60836 2.6
      vertex -10.7212 -6.82256 2
      vertex -10.7212 -6.82256 2.6
    endloop
  endfacet
  facet normal -0.800045 -0.59994 0
    outer loop
      vertex -10.5927 -6.99392 2
      vertex -10.7212 -6.82256 2.6
      vertex -10.7212 -6.82256 2
    endloop
  endfacet
  facet normal -0.800045 -0.59994 0
    outer loop
      vertex -10.7212 -6.82256 2.6
      vertex -10.5927 -6.99392 2
      vertex -10.5927 -6.99392 2.6
    endloop
  endfacet
  facet normal -0.877796 -0.479035 0
    outer loop
      vertex -10.4641 -7.22957 2
      vertex -10.5927 -6.99392 2.6
      vertex -10.5927 -6.99392 2
    endloop
  endfacet
  facet normal -0.877796 -0.479035 0
    outer loop
      vertex -10.5927 -6.99392 2.6
      vertex -10.4641 -7.22957 2
      vertex -10.4641 -7.22957 2.6
    endloop
  endfacet
  facet normal -0.82697 -0.562246 0
    outer loop
      vertex -10.1 -7.7651 2
      vertex -10.4641 -7.22957 2.6
      vertex -10.4641 -7.22957 2
    endloop
  endfacet
  facet normal -0.82697 -0.562246 0
    outer loop
      vertex -10.4641 -7.22957 2.6
      vertex -10.1 -7.7651 2
      vertex -10.1 -7.7651 2.6
    endloop
  endfacet
  facet normal -0.7792 -0.626776 0
    outer loop
      vertex -9.3074 -8.75045 2
      vertex -10.1 -7.7651 2.6
      vertex -10.1 -7.7651 2
    endloop
  endfacet
  facet normal -0.7792 -0.626776 0
    outer loop
      vertex -10.1 -7.7651 2.6
      vertex -9.3074 -8.75045 2
      vertex -9.3074 -8.75045 2.6
    endloop
  endfacet
  facet normal -0.715582 -0.698529 0
    outer loop
      vertex -8.42915 -9.65014 2
      vertex -9.3074 -8.75045 2.6
      vertex -9.3074 -8.75045 2
    endloop
  endfacet
  facet normal -0.715582 -0.698529 0
    outer loop
      vertex -9.3074 -8.75045 2.6
      vertex -8.42915 -9.65014 2
      vertex -8.42915 -9.65014 2.6
    endloop
  endfacet
  facet normal -0.640189 -0.768218 0
    outer loop
      vertex -8.42915 -9.65014 2
      vertex -7.40093 -10.507 2.6
      vertex -8.42915 -9.65014 2.6
    endloop
  endfacet
  facet normal -0.640189 -0.768218 -0
    outer loop
      vertex -7.40093 -10.507 2.6
      vertex -8.42915 -9.65014 2
      vertex -7.40093 -10.507 2
    endloop
  endfacet
  facet normal -0.315962 -0.948772 0
    outer loop
      vertex -7.40093 -10.507 2
      vertex -7.33667 -10.5284 2.6
      vertex -7.40093 -10.507 2.6
    endloop
  endfacet
  facet normal -0.315962 -0.948772 -0
    outer loop
      vertex -7.33667 -10.5284 2.6
      vertex -7.40093 -10.507 2
      vertex -7.33667 -10.5284 2
    endloop
  endfacet
  facet normal -0.89426 -0.447548 0
    outer loop
      vertex -7.31525 -10.5712 2
      vertex -7.33667 -10.5284 2.6
      vertex -7.33667 -10.5284 2
    endloop
  endfacet
  facet normal -0.89426 -0.447548 0
    outer loop
      vertex -7.33667 -10.5284 2.6
      vertex -7.31525 -10.5712 2
      vertex -7.31525 -10.5712 2.6
    endloop
  endfacet
  facet normal -0.554733 -0.832029 0
    outer loop
      vertex -7.31525 -10.5712 2
      vertex -6.60836 -11.0425 2.6
      vertex -7.31525 -10.5712 2.6
    endloop
  endfacet
  facet normal -0.554733 -0.832029 -0
    outer loop
      vertex -6.60836 -11.0425 2.6
      vertex -7.31525 -10.5712 2
      vertex -6.60836 -11.0425 2
    endloop
  endfacet
  facet normal -0.489273 -0.872131 0
    outer loop
      vertex -6.60836 -11.0425 2
      vertex -5.73012 -11.5352 2.6
      vertex -6.60836 -11.0425 2.6
    endloop
  endfacet
  facet normal -0.489273 -0.872131 -0
    outer loop
      vertex -5.73012 -11.5352 2.6
      vertex -6.60836 -11.0425 2
      vertex -5.73012 -11.5352 2
    endloop
  endfacet
  facet normal 0 -1 0
    outer loop
      vertex -5.73012 -11.5352 2
      vertex -5.68725 -11.5352 2.6
      vertex -5.73012 -11.5352 2.6
    endloop
  endfacet
  facet normal 0 -1 -0
    outer loop
      vertex -5.68725 -11.5352 2.6
      vertex -5.73012 -11.5352 2
      vertex -5.68725 -11.5352 2
    endloop
  endfacet
  facet normal -0.478795 -0.877927 0
    outer loop
      vertex -5.68725 -11.5352 2
      vertex -5.45163 -11.6637 2.6
      vertex -5.68725 -11.5352 2.6
    endloop
  endfacet
  facet normal -0.478795 -0.877927 -0
    outer loop
      vertex -5.45163 -11.6637 2.6
      vertex -5.68725 -11.5352 2
      vertex -5.45163 -11.6637 2
    endloop
  endfacet
  facet normal 0 -1 0
    outer loop
      vertex -5.45163 -11.6637 2
      vertex -5.40879 -11.6637 2.6
      vertex -5.45163 -11.6637 2.6
    endloop
  endfacet
  facet normal 0 -1 -0
    outer loop
      vertex -5.40879 -11.6637 2.6
      vertex -5.45163 -11.6637 2
      vertex -5.40879 -11.6637 2
    endloop
  endfacet
  facet normal -0.485643 -0.874157 0
    outer loop
      vertex -5.40879 -11.6637 2
      vertex -5.21601 -11.7708 2.6
      vertex -5.40879 -11.6637 2.6
    endloop
  endfacet
  facet normal -0.485643 -0.874157 -0
    outer loop
      vertex -5.21601 -11.7708 2.6
      vertex -5.40879 -11.6637 2
      vertex -5.21601 -11.7708 2
    endloop
  endfacet
  facet normal -0.274433 -0.961606 0
    outer loop
      vertex -5.21601 -11.7708 2
      vertex -5.06604 -11.8136 2.6
      vertex -5.21601 -11.7708 2.6
    endloop
  endfacet
  facet normal -0.274433 -0.961606 -0
    outer loop
      vertex -5.06604 -11.8136 2.6
      vertex -5.21601 -11.7708 2
      vertex -5.06604 -11.8136 2
    endloop
  endfacet
  facet normal -0.496226 -0.868193 0
    outer loop
      vertex -5.06604 -11.8136 2
      vertex -4.9161 -11.8993 2.6
      vertex -5.06604 -11.8136 2.6
    endloop
  endfacet
  facet normal -0.496226 -0.868193 -0
    outer loop
      vertex -4.9161 -11.8993 2.6
      vertex -5.06604 -11.8136 2
      vertex -4.9161 -11.8993 2
    endloop
  endfacet
  facet normal -0.303296 -0.952896 0
    outer loop
      vertex -4.9161 -11.8993 2
      vertex -4.44483 -12.0493 2.6
      vertex -4.9161 -11.8993 2.6
    endloop
  endfacet
  facet normal -0.303296 -0.952896 -0
    outer loop
      vertex -4.44483 -12.0493 2.6
      vertex -4.9161 -11.8993 2
      vertex -4.44483 -12.0493 2
    endloop
  endfacet
  facet normal -0.554341 -0.832289 0
    outer loop
      vertex -4.44483 -12.0493 2
      vertex -4.38057 -12.0921 2.6
      vertex -4.44483 -12.0493 2.6
    endloop
  endfacet
  facet normal -0.554341 -0.832289 -0
    outer loop
      vertex -4.38057 -12.0921 2.6
      vertex -4.44483 -12.0493 2
      vertex -4.38057 -12.0921 2
    endloop
  endfacet
  facet normal -0.26964 -0.962961 0
    outer loop
      vertex -4.38057 -12.0921 2
      vertex -3.30954 -12.392 2.6
      vertex -4.38057 -12.0921 2.6
    endloop
  endfacet
  facet normal -0.26964 -0.962961 -0
    outer loop
      vertex -3.30954 -12.392 2.6
      vertex -4.38057 -12.0921 2
      vertex -3.30954 -12.392 2
    endloop
  endfacet
  facet normal 0 -1 0
    outer loop
      vertex -3.30954 -12.392 2
      vertex -3.22386 -12.392 2.6
      vertex -3.30954 -12.392 2.6
    endloop
  endfacet
  facet normal 0 -1 -0
    outer loop
      vertex -3.22386 -12.392 2.6
      vertex -3.30954 -12.392 2
      vertex -3.22386 -12.392 2
    endloop
  endfacet
  facet normal -0.706776 -0.707437 0
    outer loop
      vertex -3.20244 -12.4134 2
      vertex -3.22386 -12.392 2.6
      vertex -3.22386 -12.392 2
    endloop
  endfacet
  facet normal -0.706776 -0.707437 0
    outer loop
      vertex -3.22386 -12.392 2.6
      vertex -3.20244 -12.4134 2
      vertex -3.20244 -12.4134 2.6
    endloop
  endfacet
  facet normal 0 -1 0
    outer loop
      vertex -3.20244 -12.4134 2
      vertex -3.11674 -12.4134 2.6
      vertex -3.20244 -12.4134 2.6
    endloop
  endfacet
  facet normal 0 -1 -0
    outer loop
      vertex -3.11674 -12.4134 2.6
      vertex -3.20244 -12.4134 2
      vertex -3.11674 -12.4134 2
    endloop
  endfacet
  facet normal -0.371839 -0.928297 0
    outer loop
      vertex -3.11674 -12.4134 2
      vertex -3.00964 -12.4563 2.6
      vertex -3.11674 -12.4134 2.6
    endloop
  endfacet
  facet normal -0.371839 -0.928297 -0
    outer loop
      vertex -3.00964 -12.4563 2.6
      vertex -3.11674 -12.4134 2
      vertex -3.00964 -12.4563 2
    endloop
  endfacet
  facet normal 0 -1 0
    outer loop
      vertex -3.00964 -12.4563 2
      vertex -2.90254 -12.4563 2.6
      vertex -3.00964 -12.4563 2.6
    endloop
  endfacet
  facet normal 0 -1 -0
    outer loop
      vertex -2.90254 -12.4563 2.6
      vertex -3.00964 -12.4563 2
      vertex -2.90254 -12.4563 2
    endloop
  endfacet
  facet normal -0.706776 -0.707437 0
    outer loop
      vertex -2.88112 -12.4777 2
      vertex -2.90254 -12.4563 2.6
      vertex -2.90254 -12.4563 2
    endloop
  endfacet
  facet normal -0.706776 -0.707437 0
    outer loop
      vertex -2.90254 -12.4563 2.6
      vertex -2.88112 -12.4777 2
      vertex -2.88112 -12.4777 2.6
    endloop
  endfacet
  facet normal 0 -1 0
    outer loop
      vertex -2.88112 -12.4777 2
      vertex -2.79544 -12.4777 2.6
      vertex -2.88112 -12.4777 2.6
    endloop
  endfacet
  facet normal 0 -1 -0
    outer loop
      vertex -2.79544 -12.4777 2.6
      vertex -2.88112 -12.4777 2
      vertex -2.79544 -12.4777 2
    endloop
  endfacet
  facet normal -0.315962 -0.948772 0
    outer loop
      vertex -2.79544 -12.4777 2
      vertex -2.66692 -12.5205 2.6
      vertex -2.79544 -12.4777 2.6
    endloop
  endfacet
  facet normal -0.315962 -0.948772 -0
    outer loop
      vertex -2.66692 -12.5205 2.6
      vertex -2.79544 -12.4777 2
      vertex -2.66692 -12.5205 2
    endloop
  endfacet
  facet normal -0.110576 -0.993868 0
    outer loop
      vertex -2.66692 -12.5205 2
      vertex -2.28133 -12.5634 2.6
      vertex -2.66692 -12.5205 2.6
    endloop
  endfacet
  facet normal -0.110576 -0.993868 -0
    outer loop
      vertex -2.28133 -12.5634 2.6
      vertex -2.66692 -12.5205 2
      vertex -2.28133 -12.5634 2
    endloop
  endfacet
  facet normal -0.706776 -0.707437 0
    outer loop
      vertex -2.25991 -12.5848 2
      vertex -2.28133 -12.5634 2.6
      vertex -2.28133 -12.5634 2
    endloop
  endfacet
  facet normal -0.706776 -0.707437 0
    outer loop
      vertex -2.28133 -12.5634 2.6
      vertex -2.25991 -12.5848 2
      vertex -2.25991 -12.5848 2.6
    endloop
  endfacet
  facet normal 0 -1 0
    outer loop
      vertex -2.25991 -12.5848 2
      vertex -2.10997 -12.5848 2.6
      vertex -2.25991 -12.5848 2.6
    endloop
  endfacet
  facet normal 0 -1 -0
    outer loop
      vertex -2.10997 -12.5848 2.6
      vertex -2.25991 -12.5848 2
      vertex -2.10997 -12.5848 2
    endloop
  endfacet
  facet normal -0.706776 -0.707437 0
    outer loop
      vertex -2.08855 -12.6062 2
      vertex -2.10997 -12.5848 2.6
      vertex -2.10997 -12.5848 2
    endloop
  endfacet
  facet normal -0.706776 -0.707437 0
    outer loop
      vertex -2.10997 -12.5848 2.6
      vertex -2.08855 -12.6062 2
      vertex -2.08855 -12.6062 2.6
    endloop
  endfacet
  facet normal 0 -1 0
    outer loop
      vertex -2.08855 -12.6062 2
      vertex -1.96003 -12.6062 2.6
      vertex -2.08855 -12.6062 2.6
    endloop
  endfacet
  facet normal 0 -1 -0
    outer loop
      vertex -1.96003 -12.6062 2.6
      vertex -2.08855 -12.6062 2
      vertex -1.96003 -12.6062 2
    endloop
  endfacet
  facet normal -0.706776 -0.707437 0
    outer loop
      vertex -1.93861 -12.6276 2
      vertex -1.96003 -12.6062 2.6
      vertex -1.96003 -12.6062 2
    endloop
  endfacet
  facet normal -0.706776 -0.707437 0
    outer loop
      vertex -1.96003 -12.6062 2.6
      vertex -1.93861 -12.6276 2
      vertex -1.93861 -12.6276 2.6
    endloop
  endfacet
  facet normal -0.0666087 -0.997779 0
    outer loop
      vertex -1.93861 -12.6276 2
      vertex -1.29598 -12.6705 2.6
      vertex -1.93861 -12.6276 2.6
    endloop
  endfacet
  facet normal -0.0666087 -0.997779 -0
    outer loop
      vertex -1.29598 -12.6705 2.6
      vertex -1.93861 -12.6276 2
      vertex -1.29598 -12.6705 2
    endloop
  endfacet
  facet normal -0.706776 -0.707437 0
    outer loop
      vertex -1.27456 -12.6919 2
      vertex -1.29598 -12.6705 2.6
      vertex -1.29598 -12.6705 2
    endloop
  endfacet
  facet normal -0.706776 -0.707437 0
    outer loop
      vertex -1.29598 -12.6705 2.6
      vertex -1.27456 -12.6919 2
      vertex -1.27456 -12.6919 2.6
    endloop
  endfacet
  facet normal 0 -1 0
    outer loop
      vertex -1.27456 -12.6919 2
      vertex -0.910392 -12.6919 2.6
      vertex -1.27456 -12.6919 2.6
    endloop
  endfacet
  facet normal 0 -1 -0
    outer loop
      vertex -0.910392 -12.6919 2.6
      vertex -1.27456 -12.6919 2
      vertex -0.910392 -12.6919 2
    endloop
  endfacet
  facet normal -0.70676 -0.707453 0
    outer loop
      vertex -0.888971 -12.7133 2
      vertex -0.910392 -12.6919 2.6
      vertex -0.910392 -12.6919 2
    endloop
  endfacet
  facet normal -0.70676 -0.707453 0
    outer loop
      vertex -0.910392 -12.6919 2.6
      vertex -0.888971 -12.7133 2
      vertex -0.888971 -12.7133 2.6
    endloop
  endfacet
  facet normal 0 -1 0
    outer loop
      vertex -0.888971 -12.7133 2
      vertex 0.481963 -12.7133 2.6
      vertex -0.888971 -12.7133 2.6
    endloop
  endfacet
  facet normal 0 -1 -0
    outer loop
      vertex 0.481963 -12.7133 2.6
      vertex -0.888971 -12.7133 2
      vertex 0.481963 -12.7133 2
    endloop
  endfacet
  facet normal 0.70676 -0.707453 0
    outer loop
      vertex 0.481963 -12.7133 2.6
      vertex 0.503384 -12.6919 2
      vertex 0.503384 -12.6919 2.6
    endloop
  endfacet
  facet normal 0.70676 -0.707453 0
    outer loop
      vertex 0.503384 -12.6919 2
      vertex 0.481963 -12.7133 2.6
      vertex 0.481963 -12.7133 2
    endloop
  endfacet
  facet normal 0.706776 0.707437 -0
    outer loop
      vertex -0.696192 -12.1778 2
      vertex -0.717612 -12.1564 2.6
      vertex -0.696192 -12.1778 2.6
    endloop
  endfacet
  facet normal 0.706776 0.707437 0
    outer loop
      vertex -0.717612 -12.1564 2.6
      vertex -0.696192 -12.1778 2
      vertex -0.717612 -12.1564 2
    endloop
  endfacet
  facet normal 0 1 -0
    outer loop
      vertex -0.717612 -12.1564 2
      vertex -1.10317 -12.1564 2.6
      vertex -0.717612 -12.1564 2.6
    endloop
  endfacet
  facet normal 0 1 0
    outer loop
      vertex -1.10317 -12.1564 2.6
      vertex -0.717612 -12.1564 2
      vertex -1.10317 -12.1564 2
    endloop
  endfacet
  facet normal 0.706776 0.707437 0
    outer loop
      vertex -1.10317 -12.1564 2.6
      vertex -1.12459 -12.135 2
      vertex -1.12459 -12.135 2.6
    endloop
  endfacet
  facet normal 0.706776 0.707437 0
    outer loop
      vertex -1.12459 -12.135 2
      vertex -1.10317 -12.1564 2.6
      vertex -1.10317 -12.1564 2
    endloop
  endfacet
  facet normal 0 1 -0
    outer loop
      vertex -1.12459 -12.135 2
      vertex -1.40308 -12.135 2.6
      vertex -1.12459 -12.135 2.6
    endloop
  endfacet
  facet normal 0 1 0
    outer loop
      vertex -1.40308 -12.135 2.6
      vertex -1.12459 -12.135 2
      vertex -1.40308 -12.135 2
    endloop
  endfacet
  facet normal 0.706776 0.707437 0
    outer loop
      vertex -1.40308 -12.135 2.6
      vertex -1.4245 -12.1136 2
      vertex -1.4245 -12.1136 2.6
    endloop
  endfacet
  facet normal 0.706776 0.707437 0
    outer loop
      vertex -1.4245 -12.1136 2
      vertex -1.40308 -12.135 2.6
      vertex -1.40308 -12.135 2
    endloop
  endfacet
  facet normal 0 1 -0
    outer loop
      vertex -1.4245 -12.1136 2
      vertex -1.6387 -12.1136 2.6
      vertex -1.4245 -12.1136 2.6
    endloop
  endfacet
  facet normal 0 1 0
    outer loop
      vertex -1.6387 -12.1136 2.6
      vertex -1.4245 -12.1136 2
      vertex -1.6387 -12.1136 2
    endloop
  endfacet
  facet normal 0.708424 0.705788 -0
    outer loop
      vertex -1.6387 -12.1136 2
      vertex -1.66012 -12.0921 2.6
      vertex -1.6387 -12.1136 2.6
    endloop
  endfacet
  facet normal 0.708424 0.705788 0
    outer loop
      vertex -1.66012 -12.0921 2.6
      vertex -1.6387 -12.1136 2
      vertex -1.66012 -12.0921 2
    endloop
  endfacet
  facet normal 0.0586626 0.998278 -0
    outer loop
      vertex -1.66012 -12.0921 2
      vertex -2.02429 -12.0707 2.6
      vertex -1.66012 -12.0921 2.6
    endloop
  endfacet
  facet normal 0.0586626 0.998278 0
    outer loop
      vertex -2.02429 -12.0707 2.6
      vertex -1.66012 -12.0921 2
      vertex -2.02429 -12.0707 2
    endloop
  endfacet
  facet normal 0.706776 0.707437 -0
    outer loop
      vertex -2.02429 -12.0707 2
      vertex -2.04571 -12.0493 2.6
      vertex -2.02429 -12.0707 2.6
    endloop
  endfacet
  facet normal 0.706776 0.707437 0
    outer loop
      vertex -2.04571 -12.0493 2.6
      vertex -2.02429 -12.0707 2
      vertex -2.04571 -12.0493 2
    endloop
  endfacet
  facet normal 0 1 -0
    outer loop
      vertex -2.04571 -12.0493 2
      vertex -2.17423 -12.0493 2.6
      vertex -2.04571 -12.0493 2.6
    endloop
  endfacet
  facet normal 0 1 0
    outer loop
      vertex -2.17423 -12.0493 2.6
      vertex -2.04571 -12.0493 2
      vertex -2.17423 -12.0493 2
    endloop
  endfacet
  facet normal 0.708424 0.705788 0
    outer loop
      vertex -2.17423 -12.0493 2.6
      vertex -2.19565 -12.0278 2
      vertex -2.19565 -12.0278 2.6
    endloop
  endfacet
  facet normal 0.708424 0.705788 0
    outer loop
      vertex -2.19565 -12.0278 2
      vertex -2.17423 -12.0493 2.6
      vertex -2.17423 -12.0493 2
    endloop
  endfacet
  facet normal 0.110321 0.993896 -0
    outer loop
      vertex -2.19565 -12.0278 2
      vertex -2.58124 -11.985 2.6
      vertex -2.19565 -12.0278 2.6
    endloop
  endfacet
  facet normal 0.110321 0.993896 0
    outer loop
      vertex -2.58124 -11.985 2.6
      vertex -2.19565 -12.0278 2
      vertex -2.58124 -11.985 2
    endloop
  endfacet
  facet normal 0.706776 0.707437 0
    outer loop
      vertex -2.58124 -11.985 2.6
      vertex -2.60266 -11.9636 2
      vertex -2.60266 -11.9636 2.6
    endloop
  endfacet
  facet normal 0.706776 0.707437 0
    outer loop
      vertex -2.60266 -11.9636 2
      vertex -2.58124 -11.985 2.6
      vertex -2.58124 -11.985 2
    endloop
  endfacet
  facet normal 0 1 -0
    outer loop
      vertex -2.60266 -11.9636 2
      vertex -2.68834 -11.9636 2.6
      vertex -2.60266 -11.9636 2.6
    endloop
  endfacet
  facet normal 0 1 0
    outer loop
      vertex -2.68834 -11.9636 2.6
      vertex -2.60266 -11.9636 2
      vertex -2.68834 -11.9636 2
    endloop
  endfacet
  facet normal 0.316626 0.94855 -0
    outer loop
      vertex -2.68834 -11.9636 2
      vertex -2.81686 -11.9207 2.6
      vertex -2.68834 -11.9636 2.6
    endloop
  endfacet
  facet normal 0.316626 0.94855 0
    outer loop
      vertex -2.81686 -11.9207 2.6
      vertex -2.68834 -11.9636 2
      vertex -2.81686 -11.9207 2
    endloop
  endfacet
  facet normal 0 1 -0
    outer loop
      vertex -2.81686 -11.9207 2
      vertex -2.92396 -11.9207 2.6
      vertex -2.81686 -11.9207 2.6
    endloop
  endfacet
  facet normal 0 1 0
    outer loop
      vertex -2.92396 -11.9207 2.6
      vertex -2.81686 -11.9207 2
      vertex -2.92396 -11.9207 2
    endloop
  endfacet
  facet normal 0.446879 0.894594 -0
    outer loop
      vertex -2.92396 -11.9207 2
      vertex -3.00964 -11.8779 2.6
      vertex -2.92396 -11.9207 2.6
    endloop
  endfacet
  facet normal 0.446879 0.894594 0
    outer loop
      vertex -3.00964 -11.8779 2.6
      vertex -2.92396 -11.9207 2
      vertex -3.00964 -11.8779 2
    endloop
  endfacet
  facet normal 0 1 -0
    outer loop
      vertex -3.00964 -11.8779 2
      vertex -3.11674 -11.8779 2.6
      vertex -3.00964 -11.8779 2.6
    endloop
  endfacet
  facet normal 0 1 0
    outer loop
      vertex -3.11674 -11.8779 2.6
      vertex -3.00964 -11.8779 2
      vertex -3.11674 -11.8779 2
    endloop
  endfacet
  facet normal 0.316272 0.948669 -0
    outer loop
      vertex -3.11674 -11.8779 2
      vertex -3.3738 -11.7922 2.6
      vertex -3.11674 -11.8779 2.6
    endloop
  endfacet
  facet normal 0.316272 0.948669 0
    outer loop
      vertex -3.3738 -11.7922 2.6
      vertex -3.11674 -11.8779 2
      vertex -3.3738 -11.7922 2
    endloop
  endfacet
  facet normal 0 1 -0
    outer loop
      vertex -3.3738 -11.7922 2
      vertex -3.45948 -11.7922 2.6
      vertex -3.3738 -11.7922 2.6
    endloop
  endfacet
  facet normal 0 1 0
    outer loop
      vertex -3.45948 -11.7922 2.6
      vertex -3.3738 -11.7922 2
      vertex -3.45948 -11.7922 2
    endloop
  endfacet
  facet normal 0.350836 0.936437 -0
    outer loop
      vertex -3.45948 -11.7922 2
      vertex -3.63084 -11.728 2.6
      vertex -3.45948 -11.7922 2.6
    endloop
  endfacet
  facet normal 0.350836 0.936437 0
    outer loop
      vertex -3.63084 -11.728 2.6
      vertex -3.45948 -11.7922 2
      vertex -3.63084 -11.728 2
    endloop
  endfacet
  facet normal 0 1 -0
    outer loop
      vertex -3.63084 -11.728 2
      vertex -3.6951 -11.728 2.6
      vertex -3.63084 -11.728 2.6
    endloop
  endfacet
  facet normal 0 1 0
    outer loop
      vertex -3.6951 -11.728 2.6
      vertex -3.63084 -11.728 2
      vertex -3.6951 -11.728 2
    endloop
  endfacet
  facet normal 0.336307 0.941753 -0
    outer loop
      vertex -3.6951 -11.728 2
      vertex -3.99501 -11.6209 2.6
      vertex -3.6951 -11.728 2.6
    endloop
  endfacet
  facet normal 0.336307 0.941753 0
    outer loop
      vertex -3.99501 -11.6209 2.6
      vertex -3.6951 -11.728 2
      vertex -3.99501 -11.6209 2
    endloop
  endfacet
  facet normal 0 1 -0
    outer loop
      vertex -3.99501 -11.6209 2
      vertex -4.05927 -11.6209 2.6
      vertex -3.99501 -11.6209 2.6
    endloop
  endfacet
  facet normal 0 1 0
    outer loop
      vertex -4.05927 -11.6209 2.6
      vertex -3.99501 -11.6209 2
      vertex -4.05927 -11.6209 2
    endloop
  endfacet
  facet normal 0.514731 0.857352 -0
    outer loop
      vertex -4.05927 -11.6209 2
      vertex -4.16637 -11.5566 2.6
      vertex -4.05927 -11.6209 2.6
    endloop
  endfacet
  facet normal 0.514731 0.857352 0
    outer loop
      vertex -4.16637 -11.5566 2.6
      vertex -4.05927 -11.6209 2
      vertex -4.16637 -11.5566 2
    endloop
  endfacet
  facet normal -0.706776 0.707437 0
    outer loop
      vertex -4.18779 -11.578 2
      vertex -4.16637 -11.5566 2.6
      vertex -4.16637 -11.5566 2
    endloop
  endfacet
  facet normal -0.706776 0.707437 0
    outer loop
      vertex -4.16637 -11.5566 2.6
      vertex -4.18779 -11.578 2
      vertex -4.18779 -11.578 2.6
    endloop
  endfacet
  facet normal 0.706776 0.707437 0
    outer loop
      vertex -4.18779 -11.578 2.6
      vertex -4.23063 -11.5352 2
      vertex -4.23063 -11.5352 2.6
    endloop
  endfacet
  facet normal 0.706776 0.707437 0
    outer loop
      vertex -4.23063 -11.5352 2
      vertex -4.18779 -11.578 2.6
      vertex -4.18779 -11.578 2
    endloop
  endfacet
  facet normal 0.21722 0.976123 -0
    outer loop
      vertex -4.23063 -11.5352 2
      vertex -4.42341 -11.4923 2.6
      vertex -4.23063 -11.5352 2.6
    endloop
  endfacet
  facet normal 0.21722 0.976123 0
    outer loop
      vertex -4.42341 -11.4923 2.6
      vertex -4.23063 -11.5352 2
      vertex -4.42341 -11.4923 2
    endloop
  endfacet
  facet normal 0.514036 0.857768 -0
    outer loop
      vertex -4.42341 -11.4923 2
      vertex -4.53054 -11.4281 2.6
      vertex -4.42341 -11.4923 2.6
    endloop
  endfacet
  facet normal 0.514036 0.857768 0
    outer loop
      vertex -4.53054 -11.4281 2.6
      vertex -4.42341 -11.4923 2
      vertex -4.53054 -11.4281 2
    endloop
  endfacet
  facet normal 0.19682 0.98044 -0
    outer loop
      vertex -4.53054 -11.4281 2
      vertex -4.63764 -11.4066 2.6
      vertex -4.53054 -11.4281 2.6
    endloop
  endfacet
  facet normal 0.19682 0.98044 0
    outer loop
      vertex -4.63764 -11.4066 2.6
      vertex -4.53054 -11.4281 2
      vertex -4.63764 -11.4066 2
    endloop
  endfacet
  facet normal 0.447118 0.894475 -0
    outer loop
      vertex -4.63764 -11.4066 2
      vertex -4.93752 -11.2567 2.6
      vertex -4.63764 -11.4066 2.6
    endloop
  endfacet
  facet normal 0.447118 0.894475 0
    outer loop
      vertex -4.93752 -11.2567 2.6
      vertex -4.63764 -11.4066 2
      vertex -4.93752 -11.2567 2
    endloop
  endfacet
  facet normal 0.316361 0.948639 -0
    outer loop
      vertex -4.93752 -11.2567 2
      vertex -5.13033 -11.1924 2.6
      vertex -4.93752 -11.2567 2.6
    endloop
  endfacet
  facet normal 0.316361 0.948639 0
    outer loop
      vertex -5.13033 -11.1924 2.6
      vertex -4.93752 -11.2567 2
      vertex -5.13033 -11.1924 2
    endloop
  endfacet
  facet normal 0.447214 0.894427 -0
    outer loop
      vertex -5.13033 -11.1924 2
      vertex -5.55873 -10.9782 2.6
      vertex -5.13033 -11.1924 2.6
    endloop
  endfacet
  facet normal 0.447214 0.894427 0
    outer loop
      vertex -5.55873 -10.9782 2.6
      vertex -5.13033 -11.1924 2
      vertex -5.55873 -10.9782 2
    endloop
  endfacet
  facet normal 0.706776 0.707437 -0
    outer loop
      vertex -5.55873 -10.9782 2
      vertex -5.60157 -10.9354 2.6
      vertex -5.55873 -10.9782 2.6
    endloop
  endfacet
  facet normal 0.706776 0.707437 0
    outer loop
      vertex -5.60157 -10.9354 2.6
      vertex -5.55873 -10.9782 2
      vertex -5.60157 -10.9354 2
    endloop
  endfacet
  facet normal 0.315896 0.948794 -0
    outer loop
      vertex -5.60157 -10.9354 2
      vertex -5.73012 -10.8926 2.6
      vertex -5.60157 -10.9354 2.6
    endloop
  endfacet
  facet normal 0.315896 0.948794 0
    outer loop
      vertex -5.73012 -10.8926 2.6
      vertex -5.60157 -10.9354 2
      vertex -5.73012 -10.8926 2
    endloop
  endfacet
  facet normal 0.707601 0.706612 0
    outer loop
      vertex -5.73012 -10.8926 2.6
      vertex -5.77296 -10.8497 2
      vertex -5.77296 -10.8497 2.6
    endloop
  endfacet
  facet normal 0.707601 0.706612 0
    outer loop
      vertex -5.77296 -10.8497 2
      vertex -5.73012 -10.8926 2.6
      vertex -5.73012 -10.8926 2
    endloop
  endfacet
  facet normal 0.478795 0.877927 -0
    outer loop
      vertex -5.77296 -10.8497 2
      vertex -6.2442 -10.5927 2.6
      vertex -5.77296 -10.8497 2.6
    endloop
  endfacet
  facet normal 0.478795 0.877927 0
    outer loop
      vertex -6.2442 -10.5927 2.6
      vertex -5.77296 -10.8497 2
      vertex -6.2442 -10.5927 2
    endloop
  endfacet
  facet normal 0.547299 0.836937 -0
    outer loop
      vertex -6.2442 -10.5927 2
      vertex -6.80114 -10.2285 2.6
      vertex -6.2442 -10.5927 2.6
    endloop
  endfacet
  facet normal 0.547299 0.836937 0
    outer loop
      vertex -6.80114 -10.2285 2.6
      vertex -6.2442 -10.5927 2
      vertex -6.80114 -10.2285 2
    endloop
  endfacet
  facet normal 0.599998 0.800002 -0
    outer loop
      vertex -6.80114 -10.2285 2
      vertex -7.31525 -9.84292 2.6
      vertex -6.80114 -10.2285 2.6
    endloop
  endfacet
  facet normal 0.599998 0.800002 0
    outer loop
      vertex -7.31525 -9.84292 2.6
      vertex -6.80114 -10.2285 2
      vertex -7.31525 -9.84292 2
    endloop
  endfacet
  facet normal 0.655683 0.755036 -0
    outer loop
      vertex -7.31525 -9.84292 2
      vertex -8.12924 -9.13604 2.6
      vertex -7.31525 -9.84292 2.6
    endloop
  endfacet
  facet normal 0.655683 0.755036 0
    outer loop
      vertex -8.12924 -9.13604 2.6
      vertex -7.31525 -9.84292 2
      vertex -8.12924 -9.13604 2
    endloop
  endfacet
  facet normal 0.731053 0.682321 0
    outer loop
      vertex -8.12924 -9.13604 2.6
      vertex -8.42915 -8.81471 2
      vertex -8.42915 -8.81471 2.6
    endloop
  endfacet
  facet normal 0.731053 0.682321 0
    outer loop
      vertex -8.42915 -8.81471 2
      vertex -8.12924 -9.13604 2.6
      vertex -8.12924 -9.13604 2
    endloop
  endfacet
  facet normal 0.624695 0.780869 -0
    outer loop
      vertex -8.42915 -8.81471 2
      vertex -8.53625 -8.72903 2.6
      vertex -8.42915 -8.81471 2.6
    endloop
  endfacet
  facet normal 0.624695 0.780869 0
    outer loop
      vertex -8.53625 -8.72903 2.6
      vertex -8.42915 -8.81471 2
      vertex -8.53625 -8.72903 2
    endloop
  endfacet
  facet normal 0.747407 0.664366 0
    outer loop
      vertex -8.53625 -8.72903 2.6
      vertex -9.05036 -8.15066 2
      vertex -9.05036 -8.15066 2.6
    endloop
  endfacet
  facet normal 0.747407 0.664366 0
    outer loop
      vertex -9.05036 -8.15066 2
      vertex -8.53625 -8.72903 2.6
      vertex -8.53625 -8.72903 2
    endloop
  endfacet
  facet normal 0.79583 0.60552 0
    outer loop
      vertex -9.05036 -8.15066 2.6
      vertex -9.80008 -7.16531 2
      vertex -9.80008 -7.16531 2.6
    endloop
  endfacet
  facet normal 0.79583 0.60552 0
    outer loop
      vertex -9.80008 -7.16531 2
      vertex -9.05036 -8.15066 2.6
      vertex -9.05036 -8.15066 2
    endloop
  endfacet
  facet normal 0.839538 0.543301 0
    outer loop
      vertex -9.80008 -7.16531 2.6
      vertex -10.2714 -6.437 2
      vertex -10.2714 -6.437 2.6
    endloop
  endfacet
  facet normal 0.839538 0.543301 0
    outer loop
      vertex -10.2714 -6.437 2
      vertex -9.80008 -7.16531 2.6
      vertex -9.80008 -7.16531 2
    endloop
  endfacet
  facet normal 0.919297 0.393564 0
    outer loop
      vertex -10.2714 -6.437 2.6
      vertex -10.3356 -6.28704 2
      vertex -10.3356 -6.28704 2.6
    endloop
  endfacet
  facet normal 0.919297 0.393564 0
    outer loop
      vertex -10.3356 -6.28704 2
      vertex -10.2714 -6.437 2.6
      vertex -10.2714 -6.437 2
    endloop
  endfacet
  facet normal 0.780798 0.624784 0
    outer loop
      vertex -10.3356 -6.28704 2.6
      vertex -10.4213 -6.17994 2
      vertex -10.4213 -6.17994 2.6
    endloop
  endfacet
  facet normal 0.780798 0.624784 0
    outer loop
      vertex -10.4213 -6.17994 2
      vertex -10.3356 -6.28704 2.6
      vertex -10.3356 -6.28704 2
    endloop
  endfacet
  facet normal 0.887487 0.460833 0
    outer loop
      vertex -10.4213 -6.17994 2.6
      vertex -10.9997 -5.06604 2
      vertex -10.9997 -5.06604 2.6
    endloop
  endfacet
  facet normal 0.887487 0.460833 0
    outer loop
      vertex -10.9997 -5.06604 2
      vertex -10.4213 -6.17994 2.6
      vertex -10.4213 -6.17994 2
    endloop
  endfacet
  facet normal 0.961592 0.274484 0
    outer loop
      vertex -10.9997 -5.06604 2.6
      vertex -11.0425 -4.9161 2
      vertex -11.0425 -4.9161 2.6
    endloop
  endfacet
  facet normal 0.961592 0.274484 0
    outer loop
      vertex -11.0425 -4.9161 2
      vertex -10.9997 -5.06604 2.6
      vertex -10.9997 -5.06604 2
    endloop
  endfacet
  facet normal 0.831991 0.55479 0
    outer loop
      vertex -11.0425 -4.9161 2.6
      vertex -11.1282 -4.78758 2
      vertex -11.1282 -4.78758 2.6
    endloop
  endfacet
  facet normal 0.831991 0.55479 0
    outer loop
      vertex -11.1282 -4.78758 2
      vertex -11.0425 -4.9161 2.6
      vertex -11.0425 -4.9161 2
    endloop
  endfacet
  facet normal 0.948683 0.316228 0
    outer loop
      vertex -11.1282 -4.78758 2.6
      vertex -11.2353 -4.46628 2
      vertex -11.2353 -4.46628 2.6
    endloop
  endfacet
  facet normal 0.948683 0.316228 0
    outer loop
      vertex -11.2353 -4.46628 2
      vertex -11.1282 -4.78758 2.6
      vertex -11.1282 -4.78758 2
    endloop
  endfacet
  facet normal 0.707684 0.706529 0
    outer loop
      vertex -11.2353 -4.46628 2.6
      vertex -11.2781 -4.42341 2
      vertex -11.2781 -4.42341 2.6
    endloop
  endfacet
  facet normal 0.707684 0.706529 0
    outer loop
      vertex -11.2781 -4.42341 2
      vertex -11.2353 -4.46628 2.6
      vertex -11.2353 -4.46628 2
    endloop
  endfacet
  facet normal 0.707437 -0.706776 0
    outer loop
      vertex -11.2781 -4.42341 2
      vertex -11.2567 -4.40199 2.6
      vertex -11.2781 -4.42341 2.6
    endloop
  endfacet
  facet normal 0.707437 -0.706776 0
    outer loop
      vertex -11.2567 -4.40199 2.6
      vertex -11.2781 -4.42341 2
      vertex -11.2567 -4.40199 2
    endloop
  endfacet
  facet normal 0.799821 0.600239 0
    outer loop
      vertex -11.2567 -4.40199 2.6
      vertex -11.321 -4.31631 2
      vertex -11.321 -4.31631 2.6
    endloop
  endfacet
  facet normal 0.799821 0.600239 0
    outer loop
      vertex -11.321 -4.31631 2
      vertex -11.2567 -4.40199 2.6
      vertex -11.2567 -4.40199 2
    endloop
  endfacet
  facet normal 0.970196 0.242322 0
    outer loop
      vertex -11.321 -4.31631 2.6
      vertex -11.3638 -4.14495 2
      vertex -11.3638 -4.14495 2.6
    endloop
  endfacet
  facet normal 0.970196 0.242322 0
    outer loop
      vertex -11.3638 -4.14495 2
      vertex -11.321 -4.31631 2.6
      vertex -11.321 -4.31631 2
    endloop
  endfacet
  facet normal 0.857352 0.514731 0
    outer loop
      vertex -11.3638 -4.14495 2.6
      vertex -11.4281 -4.03785 2
      vertex -11.4281 -4.03785 2.6
    endloop
  endfacet
  facet normal 0.857352 0.514731 0
    outer loop
      vertex -11.4281 -4.03785 2
      vertex -11.3638 -4.14495 2.6
      vertex -11.3638 -4.14495 2
    endloop
  endfacet
  facet normal 1 -0 0
    outer loop
      vertex -11.4281 -4.03785 2.6
      vertex -11.4281 -3.97359 2
      vertex -11.4281 -3.97359 2.6
    endloop
  endfacet
  facet normal 1 0 0
    outer loop
      vertex -11.4281 -3.97359 2
      vertex -11.4281 -4.03785 2.6
      vertex -11.4281 -4.03785 2
    endloop
  endfacet
  facet normal 0.894594 0.446879 0
    outer loop
      vertex -11.4281 -3.97359 2.6
      vertex -11.4923 -3.84507 2
      vertex -11.4923 -3.84507 2.6
    endloop
  endfacet
  facet normal 0.894594 0.446879 0
    outer loop
      vertex -11.4923 -3.84507 2
      vertex -11.4281 -3.97359 2.6
      vertex -11.4281 -3.97359 2
    endloop
  endfacet
  facet normal 0.970073 0.242815 0
    outer loop
      vertex -11.4923 -3.84507 2.6
      vertex -11.5352 -3.67368 2
      vertex -11.5352 -3.67368 2.6
    endloop
  endfacet
  facet normal 0.970073 0.242815 0
    outer loop
      vertex -11.5352 -3.67368 2
      vertex -11.4923 -3.84507 2.6
      vertex -11.4923 -3.84507 2
    endloop
  endfacet
  facet normal 0.832289 0.554341 0
    outer loop
      vertex -11.5352 -3.67368 2.6
      vertex -11.578 -3.60942 2
      vertex -11.578 -3.60942 2.6
    endloop
  endfacet
  facet normal 0.832289 0.554341 0
    outer loop
      vertex -11.578 -3.60942 2
      vertex -11.5352 -3.67368 2.6
      vertex -11.5352 -3.67368 2
    endloop
  endfacet
  facet normal 0.986419 0.16425 0
    outer loop
      vertex -11.578 -3.60942 2.6
      vertex -11.5994 -3.4809 2
      vertex -11.5994 -3.4809 2.6
    endloop
  endfacet
  facet normal 0.986419 0.16425 0
    outer loop
      vertex -11.5994 -3.4809 2
      vertex -11.578 -3.60942 2.6
      vertex -11.578 -3.60942 2
    endloop
  endfacet
  facet normal 0.933346 0.358979 0
    outer loop
      vertex -11.5994 -3.4809 2.6
      vertex -11.7065 -3.20244 2
      vertex -11.7065 -3.20244 2.6
    endloop
  endfacet
  facet normal 0.933346 0.358979 0
    outer loop
      vertex -11.7065 -3.20244 2
      vertex -11.5994 -3.4809 2.6
      vertex -11.5994 -3.4809 2
    endloop
  endfacet
  facet normal 1 -0 0
    outer loop
      vertex -11.7065 -3.20244 2.6
      vertex -11.7065 -3.13816 2
      vertex -11.7065 -3.13816 2.6
    endloop
  endfacet
  facet normal 1 0 0
    outer loop
      vertex -11.7065 -3.13816 2
      vertex -11.7065 -3.20244 2.6
      vertex -11.7065 -3.20244 2
    endloop
  endfacet
  facet normal 0.936257 0.351315 0
    outer loop
      vertex -11.7065 -3.13816 2.6
      vertex -11.7708 -2.9668 2
      vertex -11.7708 -2.9668 2.6
    endloop
  endfacet
  facet normal 0.936257 0.351315 0
    outer loop
      vertex -11.7708 -2.9668 2
      vertex -11.7065 -3.13816 2.6
      vertex -11.7065 -3.13816 2
    endloop
  endfacet
  facet normal 0.707437 -0.706776 0
    outer loop
      vertex -11.7708 -2.9668 2.6
      vertex -11.7494 -2.94538 2
      vertex -11.7494 -2.94538 2.6
    endloop
  endfacet
  facet normal 0.707437 -0.706776 0
    outer loop
      vertex -11.7494 -2.94538 2
      vertex -11.7708 -2.9668 2.6
      vertex -11.7708 -2.9668 2
    endloop
  endfacet
  facet normal 0.707437 0.706776 0
    outer loop
      vertex -11.7494 -2.94538 2.6
      vertex -11.7922 -2.90254 2
      vertex -11.7922 -2.90254 2.6
    endloop
  endfacet
  facet normal 0.707437 0.706776 0
    outer loop
      vertex -11.7922 -2.90254 2
      vertex -11.7494 -2.94538 2.6
      vertex -11.7494 -2.94538 2
    endloop
  endfacet
  facet normal 0.894594 -0.446879 0
    outer loop
      vertex -11.7922 -2.90254 2.6
      vertex -11.7708 -2.8597 2
      vertex -11.7708 -2.8597 2.6
    endloop
  endfacet
  facet normal 0.894594 -0.446879 0
    outer loop
      vertex -11.7708 -2.8597 2
      vertex -11.7922 -2.90254 2.6
      vertex -11.7922 -2.90254 2
    endloop
  endfacet
  facet normal 0.832289 0.554341 0
    outer loop
      vertex -11.7708 -2.8597 2.6
      vertex -11.8136 -2.79544 2
      vertex -11.8136 -2.79544 2.6
    endloop
  endfacet
  facet normal 0.832289 0.554341 0
    outer loop
      vertex -11.8136 -2.79544 2
      vertex -11.7708 -2.8597 2.6
      vertex -11.7708 -2.8597 2
    endloop
  endfacet
  facet normal 0.980528 0.19638 0
    outer loop
      vertex -11.8136 -2.79544 2.6
      vertex -11.8565 -2.58124 2
      vertex -11.8565 -2.58124 2.6
    endloop
  endfacet
  facet normal 0.980528 0.19638 0
    outer loop
      vertex -11.8565 -2.58124 2
      vertex -11.8136 -2.79544 2.6
      vertex -11.8136 -2.79544 2
    endloop
  endfacet
  facet normal 0.707437 0.706776 0
    outer loop
      vertex -11.8565 -2.58124 2.6
      vertex -11.8779 -2.55982 2
      vertex -11.8779 -2.55982 2.6
    endloop
  endfacet
  facet normal 0.707437 0.706776 0
    outer loop
      vertex -11.8779 -2.55982 2
      vertex -11.8565 -2.58124 2.6
      vertex -11.8565 -2.58124 2
    endloop
  endfacet
  facet normal 0.707931 -0.706281 0
    outer loop
      vertex -11.8779 -2.55982 2.6
      vertex -11.8565 -2.53837 2
      vertex -11.8565 -2.53837 2.6
    endloop
  endfacet
  facet normal 0.707931 -0.706281 0
    outer loop
      vertex -11.8565 -2.53837 2
      vertex -11.8779 -2.55982 2.6
      vertex -11.8779 -2.55982 2
    endloop
  endfacet
  facet normal 0.894594 0.446879 0
    outer loop
      vertex -11.8565 -2.53837 2.6
      vertex -11.8993 -2.45269 2
      vertex -11.8993 -2.45269 2.6
    endloop
  endfacet
  facet normal 0.894594 0.446879 0
    outer loop
      vertex -11.8993 -2.45269 2
      vertex -11.8565 -2.53837 2.6
      vertex -11.8565 -2.53837 2
    endloop
  endfacet
  facet normal 1 -0 0
    outer loop
      vertex -11.8993 -2.45269 2.6
      vertex -11.8993 -2.34559 2
      vertex -11.8993 -2.34559 2.6
    endloop
  endfacet
  facet normal 1 0 0
    outer loop
      vertex -11.8993 -2.34559 2
      vertex -11.8993 -2.45269 2.6
      vertex -11.8993 -2.45269 2
    endloop
  endfacet
  facet normal 0.894177 0.447714 0
    outer loop
      vertex -11.8993 -2.34559 2.6
      vertex -11.9422 -2.25991 2
      vertex -11.9422 -2.25991 2.6
    endloop
  endfacet
  facet normal 0.894177 0.447714 0
    outer loop
      vertex -11.9422 -2.25991 2
      vertex -11.8993 -2.34559 2.6
      vertex -11.8993 -2.34559 2
    endloop
  endfacet
  facet normal 1 -0 0
    outer loop
      vertex -11.9422 -2.25991 2.6
      vertex -11.9422 -2.15281 2
      vertex -11.9422 -2.15281 2.6
    endloop
  endfacet
  facet normal 1 0 0
    outer loop
      vertex -11.9422 -2.15281 2
      vertex -11.9422 -2.25991 2.6
      vertex -11.9422 -2.25991 2
    endloop
  endfacet
  facet normal 0.928596 0.371092 0
    outer loop
      vertex -11.9422 -2.15281 2.6
      vertex -11.985 -2.04571 2
      vertex -11.985 -2.04571 2.6
    endloop
  endfacet
  facet normal 0.928596 0.371092 0
    outer loop
      vertex -11.985 -2.04571 2
      vertex -11.9422 -2.15281 2.6
      vertex -11.9422 -2.15281 2
    endloop
  endfacet
  facet normal 0.995902 0.0904405 0
    outer loop
      vertex -11.985 -2.04571 2.6
      vertex -12.0064 -1.81006 2
      vertex -12.0064 -1.81006 2.6
    endloop
  endfacet
  facet normal 0.995902 0.0904405 0
    outer loop
      vertex -12.0064 -1.81006 2
      vertex -11.985 -2.04571 2.6
      vertex -11.985 -2.04571 2
    endloop
  endfacet
  facet normal 0.94855 0.316626 0
    outer loop
      vertex -12.0064 -1.81006 2.6
      vertex -12.0493 -1.68154 2
      vertex -12.0493 -1.68154 2.6
    endloop
  endfacet
  facet normal 0.94855 0.316626 0
    outer loop
      vertex -12.0493 -1.68154 2
      vertex -12.0064 -1.81006 2.6
      vertex -12.0064 -1.81006 2
    endloop
  endfacet
  facet normal 1 -0 0
    outer loop
      vertex -12.0493 -1.68154 2.6
      vertex -12.0493 -1.55302 2
      vertex -12.0493 -1.55302 2.6
    endloop
  endfacet
  facet normal 1 0 0
    outer loop
      vertex -12.0493 -1.55302 2
      vertex -12.0493 -1.68154 2.6
      vertex -12.0493 -1.68154 2
    endloop
  endfacet
  facet normal 0.707437 0.706776 0
    outer loop
      vertex -12.0493 -1.55302 2.6
      vertex -12.0707 -1.5316 2
      vertex -12.0707 -1.5316 2.6
    endloop
  endfacet
  facet normal 0.707437 0.706776 0
    outer loop
      vertex -12.0707 -1.5316 2
      vertex -12.0493 -1.55302 2.6
      vertex -12.0493 -1.55302 2
    endloop
  endfacet
  facet normal 0.996552 0.0829685 0
    outer loop
      vertex -12.0707 -1.5316 2.6
      vertex -12.0921 -1.27456 2
      vertex -12.0921 -1.27456 2.6
    endloop
  endfacet
  facet normal 0.996552 0.0829685 0
    outer loop
      vertex -12.0921 -1.27456 2
      vertex -12.0707 -1.5316 2.6
      vertex -12.0707 -1.5316 2
    endloop
  endfacet
  facet normal 0.706283 0.707929 0
    outer loop
      vertex -12.0921 -1.27456 2.6
      vertex -12.1136 -1.25311 2
      vertex -12.1136 -1.25311 2.6
    endloop
  endfacet
  facet normal 0.706283 0.707929 0
    outer loop
      vertex -12.1136 -1.25311 2
      vertex -12.0921 -1.27456 2.6
      vertex -12.0921 -1.27456 2
    endloop
  endfacet
  facet normal 1 -0 0
    outer loop
      vertex -12.1136 -1.25311 2.6
      vertex -12.1136 -1.03891 2
      vertex -12.1136 -1.03891 2.6
    endloop
  endfacet
  facet normal 1 0 0
    outer loop
      vertex -12.1136 -1.03891 2
      vertex -12.1136 -1.25311 2.6
      vertex -12.1136 -1.25311 2
    endloop
  endfacet
  facet normal 0.707437 0.706776 0
    outer loop
      vertex -12.1136 -1.03891 2.6
      vertex -12.135 -1.01749 2
      vertex -12.135 -1.01749 2.6
    endloop
  endfacet
  facet normal 0.707437 0.706776 0
    outer loop
      vertex -12.135 -1.01749 2
      vertex -12.1136 -1.03891 2.6
      vertex -12.1136 -1.03891 2
    endloop
  endfacet
  facet normal 1 -0 0
    outer loop
      vertex -12.135 -1.01749 2.6
      vertex -12.135 -0.803292 2
      vertex -12.135 -0.803292 2.6
    endloop
  endfacet
  facet normal 1 0 0
    outer loop
      vertex -12.135 -0.803292 2
      vertex -12.135 -1.01749 2.6
      vertex -12.135 -1.01749 2
    endloop
  endfacet
  facet normal 0.707437 0.706776 0
    outer loop
      vertex -12.135 -0.803292 2.6
      vertex -12.1564 -0.781872 2
      vertex -12.1564 -0.781872 2.6
    endloop
  endfacet
  facet normal 0.707437 0.706776 0
    outer loop
      vertex -12.1564 -0.781872 2
      vertex -12.135 -0.803292 2.6
      vertex -12.135 -0.803292 2
    endloop
  endfacet
  facet normal 1 -0 0
    outer loop
      vertex -12.1564 -0.781872 2.6
      vertex -12.1564 -0.439124 2
      vertex -12.1564 -0.439124 2.6
    endloop
  endfacet
  facet normal 1 0 0
    outer loop
      vertex -12.1564 -0.439124 2
      vertex -12.1564 -0.781872 2.6
      vertex -12.1564 -0.781872 2
    endloop
  endfacet
  facet normal 0.707437 0.706776 0
    outer loop
      vertex -12.1564 -0.439124 2.6
      vertex -12.1778 -0.417704 2
      vertex -12.1778 -0.417704 2.6
    endloop
  endfacet
  facet normal 0.707437 0.706776 0
    outer loop
      vertex -12.1778 -0.417704 2
      vertex -12.1564 -0.439124 2.6
      vertex -12.1564 -0.439124 2
    endloop
  endfacet
  facet normal 1 -0 0
    outer loop
      vertex -12.1778 -0.417704 2.6
      vertex -12.1778 0.717611 2
      vertex -12.1778 0.717611 2.6
    endloop
  endfacet
  facet normal 1 0 0
    outer loop
      vertex -12.1778 0.717611 2
      vertex -12.1778 -0.417704 2.6
      vertex -12.1778 -0.417704 2
    endloop
  endfacet
  facet normal 0.707453 -0.70676 0
    outer loop
      vertex -12.1778 0.717611 2.6
      vertex -12.1564 0.739032 2
      vertex -12.1564 0.739032 2.6
    endloop
  endfacet
  facet normal 0.707453 -0.70676 0
    outer loop
      vertex -12.1564 0.739032 2
      vertex -12.1778 0.717611 2.6
      vertex -12.1778 0.717611 2
    endloop
  endfacet
  facet normal 1 -0 0
    outer loop
      vertex -12.1564 0.739032 2.6
      vertex -12.1564 1.14601 2
      vertex -12.1564 1.14601 2.6
    endloop
  endfacet
  facet normal 1 0 0
    outer loop
      vertex -12.1564 1.14601 2
      vertex -12.1564 0.739032 2.6
      vertex -12.1564 0.739032 2
    endloop
  endfacet
  facet normal 0.707437 -0.706776 0
    outer loop
      vertex -12.1564 1.14601 2
      vertex -12.135 1.16743 2.6
      vertex -12.1564 1.14601 2.6
    endloop
  endfacet
  facet normal 0.707437 -0.706776 0
    outer loop
      vertex -12.135 1.16743 2.6
      vertex -12.1564 1.14601 2
      vertex -12.135 1.16743 2
    endloop
  endfacet
  facet normal 1 -0 0
    outer loop
      vertex -12.135 1.16743 2.6
      vertex -12.135 1.36024 2
      vertex -12.135 1.36024 2.6
    endloop
  endfacet
  facet normal 1 0 0
    outer loop
      vertex -12.135 1.36024 2
      vertex -12.135 1.16743 2.6
      vertex -12.135 1.16743 2
    endloop
  endfacet
  facet normal 0.707437 -0.706776 0
    outer loop
      vertex -12.135 1.36024 2.6
      vertex -12.1136 1.38166 2
      vertex -12.1136 1.38166 2.6
    endloop
  endfacet
  facet normal 0.707437 -0.706776 0
    outer loop
      vertex -12.1136 1.38166 2
      vertex -12.135 1.36024 2.6
      vertex -12.135 1.36024 2
    endloop
  endfacet
  facet normal 0.948772 0.315962 0
    outer loop
      vertex -12.1136 1.38166 2.6
      vertex -12.135 1.44592 2
      vertex -12.135 1.44592 2.6
    endloop
  endfacet
  facet normal 0.948772 0.315962 0
    outer loop
      vertex -12.135 1.44592 2
      vertex -12.1136 1.38166 2.6
      vertex -12.1136 1.38166 2
    endloop
  endfacet
  facet normal 0.94855 -0.316626 0
    outer loop
      vertex -12.135 1.44592 2.6
      vertex -12.0921 1.57444 2
      vertex -12.0921 1.57444 2.6
    endloop
  endfacet
  facet normal 0.94855 -0.316626 0
    outer loop
      vertex -12.0921 1.57444 2
      vertex -12.135 1.44592 2.6
      vertex -12.135 1.44592 2
    endloop
  endfacet
  facet normal 0.705788 0.708424 0
    outer loop
      vertex -12.0921 1.57444 2.6
      vertex -12.1136 1.59586 2
      vertex -12.1136 1.59586 2.6
    endloop
  endfacet
  facet normal 0.705788 0.708424 0
    outer loop
      vertex -12.1136 1.59586 2
      vertex -12.0921 1.57444 2.6
      vertex -12.0921 1.57444 2
    endloop
  endfacet
  facet normal 1 -0 0
    outer loop
      vertex -12.1136 1.59586 2.6
      vertex -12.1136 1.66012 2
      vertex -12.1136 1.66012 2.6
    endloop
  endfacet
  facet normal 1 0 0
    outer loop
      vertex -12.1136 1.66012 2
      vertex -12.1136 1.59586 2.6
      vertex -12.1136 1.59586 2
    endloop
  endfacet
  facet normal 0.928297 -0.371839 0
    outer loop
      vertex -12.1136 1.66012 2.6
      vertex -12.0707 1.76722 2
      vertex -12.0707 1.76722 2.6
    endloop
  endfacet
  facet normal 0.928297 -0.371839 0
    outer loop
      vertex -12.0707 1.76722 2
      vertex -12.1136 1.66012 2.6
      vertex -12.1136 1.66012 2
    endloop
  endfacet
  facet normal 0.948772 0.315962 0
    outer loop
      vertex -12.0707 1.76722 2.6
      vertex -12.0921 1.83148 2
      vertex -12.0921 1.83148 2.6
    endloop
  endfacet
  facet normal 0.948772 0.315962 0
    outer loop
      vertex -12.0921 1.83148 2
      vertex -12.0707 1.76722 2.6
      vertex -12.0707 1.76722 2
    endloop
  endfacet
  facet normal 0.707437 -0.706776 0
    outer loop
      vertex -12.0921 1.83148 2
      vertex -12.0707 1.8529 2.6
      vertex -12.0921 1.83148 2.6
    endloop
  endfacet
  facet normal 0.707437 -0.706776 0
    outer loop
      vertex -12.0707 1.8529 2.6
      vertex -12.0921 1.83148 2
      vertex -12.0707 1.8529 2
    endloop
  endfacet
  facet normal 1 -0 0
    outer loop
      vertex -12.0707 1.8529 2.6
      vertex -12.0707 1.98145 2
      vertex -12.0707 1.98145 2.6
    endloop
  endfacet
  facet normal 1 0 0
    outer loop
      vertex -12.0707 1.98145 2
      vertex -12.0707 1.8529 2.6
      vertex -12.0707 1.8529 2
    endloop
  endfacet
  facet normal 0.961422 -0.275077 0
    outer loop
      vertex -12.0707 1.98145 2.6
      vertex -12.0278 2.13139 2
      vertex -12.0278 2.13139 2.6
    endloop
  endfacet
  facet normal 0.961422 -0.275077 0
    outer loop
      vertex -12.0278 2.13139 2
      vertex -12.0707 1.98145 2.6
      vertex -12.0707 1.98145 2
    endloop
  endfacet
  facet normal 0.996552 -0.0829685 0
    outer loop
      vertex -12.0278 2.13139 2.6
      vertex -12.0064 2.38843 2
      vertex -12.0064 2.38843 2.6
    endloop
  endfacet
  facet normal 0.996552 -0.0829685 0
    outer loop
      vertex -12.0064 2.38843 2
      vertex -12.0278 2.13139 2.6
      vertex -12.0278 2.13139 2
    endloop
  endfacet
  facet normal 0.707437 -0.706776 0
    outer loop
      vertex -12.0064 2.38843 2.6
      vertex -11.985 2.40985 2
      vertex -11.985 2.40985 2.6
    endloop
  endfacet
  facet normal 0.707437 -0.706776 0
    outer loop
      vertex -11.985 2.40985 2
      vertex -12.0064 2.38843 2.6
      vertex -12.0064 2.38843 2
    endloop
  endfacet
  facet normal 1 -0 0
    outer loop
      vertex -11.985 2.40985 2.6
      vertex -11.985 2.49553 2
      vertex -11.985 2.49553 2.6
    endloop
  endfacet
  facet normal 1 0 0
    outer loop
      vertex -11.985 2.49553 2
      vertex -11.985 2.40985 2.6
      vertex -11.985 2.40985 2
    endloop
  endfacet
  facet normal 0.707437 -0.706776 0
    outer loop
      vertex -11.985 2.49553 2.6
      vertex -11.9636 2.51695 2
      vertex -11.9636 2.51695 2.6
    endloop
  endfacet
  facet normal 0.707437 -0.706776 0
    outer loop
      vertex -11.9636 2.51695 2
      vertex -11.985 2.49553 2.6
      vertex -11.985 2.49553 2
    endloop
  endfacet
  facet normal 0.993896 -0.110318 0
    outer loop
      vertex -11.9636 2.51695 2.6
      vertex -11.9422 2.70975 2
      vertex -11.9422 2.70975 2.6
    endloop
  endfacet
  facet normal 0.993896 -0.110318 0
    outer loop
      vertex -11.9422 2.70975 2
      vertex -11.9636 2.51695 2.6
      vertex -11.9636 2.51695 2
    endloop
  endfacet
  facet normal 0.94855 -0.316626 0
    outer loop
      vertex -11.9422 2.70975 2.6
      vertex -11.8993 2.83827 2
      vertex -11.8993 2.83827 2.6
    endloop
  endfacet
  facet normal 0.94855 -0.316626 0
    outer loop
      vertex -11.8993 2.83827 2
      vertex -11.9422 2.70975 2.6
      vertex -11.9422 2.70975 2
    endloop
  endfacet
  facet normal 1 -0 0
    outer loop
      vertex -11.8993 2.83827 2.6
      vertex -11.8993 2.94538 2
      vertex -11.8993 2.94538 2.6
    endloop
  endfacet
  facet normal 1 0 0
    outer loop
      vertex -11.8993 2.94538 2
      vertex -11.8993 2.83827 2.6
      vertex -11.8993 2.83827 2
    endloop
  endfacet
  facet normal 0.707272 -0.706942 0
    outer loop
      vertex -11.8993 2.94538 2
      vertex -11.8779 2.96679 2.6
      vertex -11.8993 2.94538 2.6
    endloop
  endfacet
  facet normal 0.707272 -0.706942 0
    outer loop
      vertex -11.8779 2.96679 2.6
      vertex -11.8993 2.94538 2
      vertex -11.8779 2.96679 2
    endloop
  endfacet
  facet normal 0.978543 -0.206042 0
    outer loop
      vertex -11.8779 2.96679 2.6
      vertex -11.7922 3.3738 2
      vertex -11.7922 3.3738 2.6
    endloop
  endfacet
  facet normal 0.978543 -0.206042 0
    outer loop
      vertex -11.7922 3.3738 2
      vertex -11.8779 2.96679 2.6
      vertex -11.8779 2.96679 2
    endloop
  endfacet
  facet normal 0.707437 -0.706776 0
    outer loop
      vertex -11.7922 3.3738 2.6
      vertex -11.7494 3.41664 2
      vertex -11.7494 3.41664 2.6
    endloop
  endfacet
  facet normal 0.707437 -0.706776 0
    outer loop
      vertex -11.7494 3.41664 2
      vertex -11.7922 3.3738 2.6
      vertex -11.7922 3.3738 2
    endloop
  endfacet
  facet normal 0.707437 0.706776 0
    outer loop
      vertex -11.7494 3.41664 2.6
      vertex -11.7708 3.43806 2
      vertex -11.7708 3.43806 2.6
    endloop
  endfacet
  facet normal 0.707437 0.706776 0
    outer loop
      vertex -11.7708 3.43806 2
      vertex -11.7494 3.41664 2.6
      vertex -11.7494 3.41664 2
    endloop
  endfacet
  facet normal 0.832289 -0.554341 0
    outer loop
      vertex -11.7708 3.43806 2.6
      vertex -11.728 3.50232 2
      vertex -11.728 3.50232 2.6
    endloop
  endfacet
  facet normal 0.832289 -0.554341 0
    outer loop
      vertex -11.728 3.50232 2
      vertex -11.7708 3.43806 2.6
      vertex -11.7708 3.43806 2
    endloop
  endfacet
  facet normal 0.707437 0.706776 0
    outer loop
      vertex -11.728 3.50232 2.6
      vertex -11.7494 3.52374 2
      vertex -11.7494 3.52374 2.6
    endloop
  endfacet
  facet normal 0.707437 0.706776 0
    outer loop
      vertex -11.7494 3.52374 2
      vertex -11.728 3.50232 2.6
      vertex -11.728 3.50232 2
    endloop
  endfacet
  facet normal 0.919056 -0.394126 0
    outer loop
      vertex -11.7494 3.52374 2.6
      vertex -11.6851 3.67368 2
      vertex -11.6851 3.67368 2.6
    endloop
  endfacet
  facet normal 0.919056 -0.394126 0
    outer loop
      vertex -11.6851 3.67368 2
      vertex -11.7494 3.52374 2.6
      vertex -11.7494 3.52374 2
    endloop
  endfacet
  facet normal 1 -0 0
    outer loop
      vertex -11.6851 3.67368 2.6
      vertex -11.6851 3.73794 2
      vertex -11.6851 3.73794 2.6
    endloop
  endfacet
  facet normal 1 0 0
    outer loop
      vertex -11.6851 3.73794 2
      vertex -11.6851 3.67368 2.6
      vertex -11.6851 3.67368 2
    endloop
  endfacet
  facet normal 0.948787 -0.315918 0
    outer loop
      vertex -11.6851 3.73794 2.6
      vertex -11.6209 3.93075 2
      vertex -11.6209 3.93075 2.6
    endloop
  endfacet
  facet normal 0.948787 -0.315918 0
    outer loop
      vertex -11.6209 3.93075 2
      vertex -11.6851 3.73794 2.6
      vertex -11.6851 3.73794 2
    endloop
  endfacet
  facet normal 0.831692 -0.555238 0
    outer loop
      vertex -11.6209 3.93075 2.6
      vertex -11.578 3.99501 2
      vertex -11.578 3.99501 2.6
    endloop
  endfacet
  facet normal 0.831692 -0.555238 0
    outer loop
      vertex -11.578 3.99501 2
      vertex -11.6209 3.93075 2.6
      vertex -11.6209 3.93075 2
    endloop
  endfacet
  facet normal 1 -0 0
    outer loop
      vertex -11.578 3.99501 2.6
      vertex -11.578 4.05927 2
      vertex -11.578 4.05927 2.6
    endloop
  endfacet
  facet normal 1 0 0
    outer loop
      vertex -11.578 4.05927 2
      vertex -11.578 3.99501 2.6
      vertex -11.578 3.99501 2
    endloop
  endfacet
  facet normal 0.948772 -0.315962 0
    outer loop
      vertex -11.578 4.05927 2.6
      vertex -11.5138 4.25205 2
      vertex -11.5138 4.25205 2.6
    endloop
  endfacet
  facet normal 0.948772 -0.315962 0
    outer loop
      vertex -11.5138 4.25205 2
      vertex -11.578 4.05927 2.6
      vertex -11.578 4.05927 2
    endloop
  endfacet
  facet normal 0.706612 -0.707601 0
    outer loop
      vertex -11.5138 4.25205 2.6
      vertex -11.4709 4.29489 2
      vertex -11.4709 4.29489 2.6
    endloop
  endfacet
  facet normal 0.706612 -0.707601 0
    outer loop
      vertex -11.4709 4.29489 2
      vertex -11.5138 4.25205 2.6
      vertex -11.5138 4.25205 2
    endloop
  endfacet
  facet normal 1 -0 0
    outer loop
      vertex -11.4709 4.29489 2.6
      vertex -11.4709 4.33773 2
      vertex -11.4709 4.33773 2.6
    endloop
  endfacet
  facet normal 1 0 0
    outer loop
      vertex -11.4709 4.33773 2
      vertex -11.4709 4.29489 2.6
      vertex -11.4709 4.29489 2
    endloop
  endfacet
  facet normal 0.894417 -0.447234 0
    outer loop
      vertex -11.4709 4.33773 2.6
      vertex -11.3852 4.50912 2
      vertex -11.3852 4.50912 2.6
    endloop
  endfacet
  facet normal 0.894417 -0.447234 0
    outer loop
      vertex -11.3852 4.50912 2
      vertex -11.4709 4.33773 2.6
      vertex -11.4709 4.33773 2
    endloop
  endfacet
  facet normal 0.707437 0.706776 0
    outer loop
      vertex -11.3852 4.50912 2.6
      vertex -11.4066 4.53054 2
      vertex -11.4066 4.53054 2.6
    endloop
  endfacet
  facet normal 0.707437 0.706776 0
    outer loop
      vertex -11.4066 4.53054 2
      vertex -11.3852 4.50912 2.6
      vertex -11.3852 4.50912 2
    endloop
  endfacet
  facet normal 0.707437 -0.706776 0
    outer loop
      vertex -11.4066 4.53054 2.6
      vertex -11.3638 4.57338 2
      vertex -11.3638 4.57338 2.6
    endloop
  endfacet
  facet normal 0.707437 -0.706776 0
    outer loop
      vertex -11.3638 4.57338 2
      vertex -11.4066 4.53054 2.6
      vertex -11.4066 4.53054 2
    endloop
  endfacet
  facet normal 0.957777 -0.287512 0
    outer loop
      vertex -11.3638 4.57338 2.6
      vertex -11.2995 4.78758 2
      vertex -11.2995 4.78758 2.6
    endloop
  endfacet
  facet normal 0.957777 -0.287512 0
    outer loop
      vertex -11.2995 4.78758 2
      vertex -11.3638 4.57338 2.6
      vertex -11.3638 4.57338 2
    endloop
  endfacet
  facet normal 0.707437 -0.706776 0
    outer loop
      vertex -11.2995 4.78758 2.6
      vertex -11.2567 4.83042 2
      vertex -11.2567 4.83042 2.6
    endloop
  endfacet
  facet normal 0.707437 -0.706776 0
    outer loop
      vertex -11.2567 4.83042 2
      vertex -11.2995 4.78758 2.6
      vertex -11.2995 4.78758 2
    endloop
  endfacet
  facet normal 0.707437 0.706776 -0
    outer loop
      vertex -11.2567 4.83042 2
      vertex -11.2781 4.85184 2.6
      vertex -11.2567 4.83042 2.6
    endloop
  endfacet
  facet normal 0.707437 0.706776 0
    outer loop
      vertex -11.2781 4.85184 2.6
      vertex -11.2567 4.83042 2
      vertex -11.2781 4.85184 2
    endloop
  endfacet
  facet normal 0.447548 -0.89426 0
    outer loop
      vertex -11.2781 4.85184 2
      vertex -11.2353 4.87326 2.6
      vertex -11.2781 4.85184 2.6
    endloop
  endfacet
  facet normal 0.447548 -0.89426 0
    outer loop
      vertex -11.2353 4.87326 2.6
      vertex -11.2781 4.85184 2
      vertex -11.2353 4.87326 2
    endloop
  endfacet
  facet normal 1 -0 0
    outer loop
      vertex -11.2353 4.87326 2.6
      vertex -11.2353 4.9161 2
      vertex -11.2353 4.9161 2.6
    endloop
  endfacet
  facet normal 1 0 0
    outer loop
      vertex -11.2353 4.9161 2
      vertex -11.2353 4.87326 2.6
      vertex -11.2353 4.87326 2
    endloop
  endfacet
  facet normal 0.857352 -0.514731 0
    outer loop
      vertex -11.2353 4.9161 2.6
      vertex -11.171 5.0232 2
      vertex -11.171 5.0232 2.6
    endloop
  endfacet
  facet normal 0.857352 -0.514731 0
    outer loop
      vertex -11.171 5.0232 2
      vertex -11.2353 4.9161 2.6
      vertex -11.2353 4.9161 2
    endloop
  endfacet
  facet normal 0.948787 -0.315918 0
    outer loop
      vertex -11.171 5.0232 2.6
      vertex -11.1068 5.21601 2
      vertex -11.1068 5.21601 2.6
    endloop
  endfacet
  facet normal 0.948787 -0.315918 0
    outer loop
      vertex -11.1068 5.21601 2
      vertex -11.171 5.0232 2.6
      vertex -11.171 5.0232 2
    endloop
  endfacet
  facet normal 0.706612 -0.707601 0
    outer loop
      vertex -11.1068 5.21601 2.6
      vertex -11.0639 5.25885 2
      vertex -11.0639 5.25885 2.6
    endloop
  endfacet
  facet normal 0.706612 -0.707601 0
    outer loop
      vertex -11.0639 5.25885 2
      vertex -11.1068 5.21601 2.6
      vertex -11.1068 5.21601 2
    endloop
  endfacet
  facet normal 1 -0 0
    outer loop
      vertex -11.0639 5.25885 2.6
      vertex -11.0639 5.30169 2
      vertex -11.0639 5.30169 2.6
    endloop
  endfacet
  facet normal 1 0 0
    outer loop
      vertex -11.0639 5.30169 2
      vertex -11.0639 5.25885 2.6
      vertex -11.0639 5.25885 2
    endloop
  endfacet
  facet normal 0.894462 -0.447144 0
    outer loop
      vertex -11.0639 5.30169 2.6
      vertex -10.8069 5.81579 2
      vertex -10.8069 5.81579 2.6
    endloop
  endfacet
  facet normal 0.894462 -0.447144 0
    outer loop
      vertex -10.8069 5.81579 2
      vertex -11.0639 5.30169 2.6
      vertex -11.0639 5.30169 2
    endloop
  endfacet
  facet normal 0.706694 -0.707519 0
    outer loop
      vertex -10.8069 5.81579 2.6
      vertex -10.764 5.85864 2
      vertex -10.764 5.85864 2.6
    endloop
  endfacet
  facet normal 0.706694 -0.707519 0
    outer loop
      vertex -10.764 5.85864 2
      vertex -10.8069 5.81579 2.6
      vertex -10.8069 5.81579 2
    endloop
  endfacet
  facet normal 1 -0 0
    outer loop
      vertex -10.764 5.85864 2.6
      vertex -10.764 5.90148 2
      vertex -10.764 5.90148 2.6
    endloop
  endfacet
  facet normal 1 0 0
    outer loop
      vertex -10.764 5.90148 2
      vertex -10.764 5.85864 2.6
      vertex -10.764 5.85864 2
    endloop
  endfacet
  facet normal 0.839591 -0.543219 0
    outer loop
      vertex -10.764 5.90148 2.6
      vertex -10.5284 6.26562 2
      vertex -10.5284 6.26562 2.6
    endloop
  endfacet
  facet normal 0.839591 -0.543219 0
    outer loop
      vertex -10.5284 6.26562 2
      vertex -10.764 5.90148 2.6
      vertex -10.764 5.90148 2
    endloop
  endfacet
  facet normal 0.919075 -0.394082 0
    outer loop
      vertex -10.5284 6.26562 2.6
      vertex -10.4641 6.41558 2
      vertex -10.4641 6.41558 2.6
    endloop
  endfacet
  facet normal 0.919075 -0.394082 0
    outer loop
      vertex -10.4641 6.41558 2
      vertex -10.5284 6.26562 2.6
      vertex -10.5284 6.26562 2
    endloop
  endfacet
  facet normal 0.83206 -0.554685 0
    outer loop
      vertex -10.4641 6.41558 2.6
      vertex -9.95002 7.18673 2
      vertex -9.95002 7.18673 2.6
    endloop
  endfacet
  facet normal 0.83206 -0.554685 0
    outer loop
      vertex -9.95002 7.18673 2
      vertex -10.4641 6.41558 2.6
      vertex -10.4641 6.41558 2
    endloop
  endfacet
  facet normal 0.786321 -0.617819 0
    outer loop
      vertex -9.95002 7.18673 2.6
      vertex -9.47876 7.78652 2
      vertex -9.47876 7.78652 2.6
    endloop
  endfacet
  facet normal 0.786321 -0.617819 0
    outer loop
      vertex -9.47876 7.78652 2
      vertex -9.95002 7.18673 2.6
      vertex -9.95002 7.18673 2
    endloop
  endfacet
  facet normal 0.747426 -0.664345 0
    outer loop
      vertex -9.47876 7.78652 2.6
      vertex -8.96468 8.36489 2
      vertex -8.96468 8.36489 2.6
    endloop
  endfacet
  facet normal 0.747426 -0.664345 0
    outer loop
      vertex -8.96468 8.36489 2
      vertex -9.47876 7.78652 2.6
      vertex -9.47876 7.78652 2
    endloop
  endfacet
  facet normal 0.707078 -0.707136 0
    outer loop
      vertex -8.96468 8.36489 2
      vertex -8.60051 8.72903 2.6
      vertex -8.96468 8.36489 2.6
    endloop
  endfacet
  facet normal 0.707078 -0.707136 0
    outer loop
      vertex -8.60051 8.72903 2.6
      vertex -8.96468 8.36489 2
      vertex -8.60051 8.72903 2
    endloop
  endfacet
  facet normal 0.667547 -0.744568 0
    outer loop
      vertex -8.60051 8.72903 2
      vertex -7.9793 9.28598 2.6
      vertex -8.60051 8.72903 2.6
    endloop
  endfacet
  facet normal 0.667547 -0.744568 0
    outer loop
      vertex -7.9793 9.28598 2.6
      vertex -8.60051 8.72903 2
      vertex -7.9793 9.28598 2
    endloop
  endfacet
  facet normal 0.599999 -0.800001 0
    outer loop
      vertex -7.9793 9.28598 2
      vertex -7.12247 9.9286 2.6
      vertex -7.9793 9.28598 2.6
    endloop
  endfacet
  facet normal 0.599999 -0.800001 0
    outer loop
      vertex -7.12247 9.9286 2.6
      vertex -7.9793 9.28598 2
      vertex -7.12247 9.9286 2
    endloop
  endfacet
  facet normal 0.525101 -0.85104 0
    outer loop
      vertex -7.12247 9.9286 2
      vertex -6.11568 10.5498 2.6
      vertex -7.12247 9.9286 2.6
    endloop
  endfacet
  facet normal 0.525101 -0.85104 0
    outer loop
      vertex -6.11568 10.5498 2.6
      vertex -7.12247 9.9286 2
      vertex -6.11568 10.5498 2
    endloop
  endfacet
  facet normal 0.467926 -0.883768 0
    outer loop
      vertex -6.11568 10.5498 2
      vertex -5.75154 10.7426 2.6
      vertex -6.11568 10.5498 2.6
    endloop
  endfacet
  facet normal 0.467926 -0.883768 0
    outer loop
      vertex -5.75154 10.7426 2.6
      vertex -6.11568 10.5498 2
      vertex -5.75154 10.7426 2
    endloop
  endfacet
  facet normal 0.315896 -0.948794 0
    outer loop
      vertex -5.75154 10.7426 2
      vertex -5.62299 10.7854 2.6
      vertex -5.75154 10.7426 2.6
    endloop
  endfacet
  facet normal 0.315896 -0.948794 0
    outer loop
      vertex -5.62299 10.7854 2.6
      vertex -5.75154 10.7426 2
      vertex -5.62299 10.7854 2
    endloop
  endfacet
  facet normal 0.530355 -0.847776 0
    outer loop
      vertex -5.62299 10.7854 2
      vertex -5.45163 10.8926 2.6
      vertex -5.62299 10.7854 2.6
    endloop
  endfacet
  facet normal 0.530355 -0.847776 0
    outer loop
      vertex -5.45163 10.8926 2.6
      vertex -5.62299 10.7854 2
      vertex -5.45163 10.8926 2
    endloop
  endfacet
  facet normal 0 -1 0
    outer loop
      vertex -5.45163 10.8926 2
      vertex -5.40879 10.8926 2.6
      vertex -5.45163 10.8926 2.6
    endloop
  endfacet
  facet normal 0 -1 -0
    outer loop
      vertex -5.40879 10.8926 2.6
      vertex -5.45163 10.8926 2
      vertex -5.40879 10.8926 2
    endloop
  endfacet
  facet normal 0.44716 -0.894454 0
    outer loop
      vertex -5.40879 10.8926 2
      vertex -4.93752 11.1282 2.6
      vertex -5.40879 10.8926 2.6
    endloop
  endfacet
  facet normal 0.44716 -0.894454 0
    outer loop
      vertex -4.93752 11.1282 2.6
      vertex -5.40879 10.8926 2
      vertex -4.93752 11.1282 2
    endloop
  endfacet
  facet normal 0.287102 -0.9579 0
    outer loop
      vertex -4.93752 11.1282 2
      vertex -4.72332 11.1924 2.6
      vertex -4.93752 11.1282 2.6
    endloop
  endfacet
  facet normal 0.287102 -0.9579 0
    outer loop
      vertex -4.72332 11.1924 2.6
      vertex -4.93752 11.1282 2
      vertex -4.72332 11.1924 2
    endloop
  endfacet
  facet normal 0.496226 -0.868193 0
    outer loop
      vertex -4.72332 11.1924 2
      vertex -4.57338 11.2781 2.6
      vertex -4.72332 11.1924 2.6
    endloop
  endfacet
  facet normal 0.496226 -0.868193 0
    outer loop
      vertex -4.57338 11.2781 2.6
      vertex -4.72332 11.1924 2
      vertex -4.57338 11.2781 2
    endloop
  endfacet
  facet normal 0.287475 -0.957788 0
    outer loop
      vertex -4.57338 11.2781 2
      vertex -4.35915 11.3424 2.6
      vertex -4.57338 11.2781 2.6
    endloop
  endfacet
  facet normal 0.287475 -0.957788 0
    outer loop
      vertex -4.35915 11.3424 2.6
      vertex -4.57338 11.2781 2
      vertex -4.35915 11.3424 2
    endloop
  endfacet
  facet normal 0.554341 -0.832289 0
    outer loop
      vertex -4.35915 11.3424 2
      vertex -4.29489 11.3852 2.6
      vertex -4.35915 11.3424 2.6
    endloop
  endfacet
  facet normal 0.554341 -0.832289 0
    outer loop
      vertex -4.29489 11.3852 2.6
      vertex -4.35915 11.3424 2
      vertex -4.29489 11.3852 2
    endloop
  endfacet
  facet normal 0.316243 -0.948678 0
    outer loop
      vertex -4.29489 11.3852 2
      vertex -3.71652 11.578 2.6
      vertex -4.29489 11.3852 2.6
    endloop
  endfacet
  facet normal 0.316243 -0.948678 0
    outer loop
      vertex -3.71652 11.578 2.6
      vertex -4.29489 11.3852 2
      vertex -3.71652 11.578 2
    endloop
  endfacet
  facet normal 0 -1 0
    outer loop
      vertex -3.71652 11.578 2
      vertex -3.65226 11.578 2.6
      vertex -3.71652 11.578 2.6
    endloop
  endfacet
  facet normal 0 -1 -0
    outer loop
      vertex -3.65226 11.578 2.6
      vertex -3.71652 11.578 2
      vertex -3.65226 11.578 2
    endloop
  endfacet
  facet normal 0.394126 -0.919056 0
    outer loop
      vertex -3.65226 11.578 2
      vertex -3.50232 11.6423 2.6
      vertex -3.65226 11.578 2.6
    endloop
  endfacet
  facet normal 0.394126 -0.919056 0
    outer loop
      vertex -3.50232 11.6423 2.6
      vertex -3.65226 11.578 2
      vertex -3.50232 11.6423 2
    endloop
  endfacet
  facet normal 0 -1 0
    outer loop
      vertex -3.50232 11.6423 2
      vertex -3.43806 11.6423 2.6
      vertex -3.50232 11.6423 2.6
    endloop
  endfacet
  facet normal 0 -1 -0
    outer loop
      vertex -3.43806 11.6423 2.6
      vertex -3.50232 11.6423 2
      vertex -3.43806 11.6423 2
    endloop
  endfacet
  facet normal 0.446879 -0.894594 0
    outer loop
      vertex -3.43806 11.6423 2
      vertex -3.35238 11.6851 2.6
      vertex -3.43806 11.6423 2.6
    endloop
  endfacet
  facet normal 0.446879 -0.894594 0
    outer loop
      vertex -3.35238 11.6851 2.6
      vertex -3.43806 11.6423 2
      vertex -3.35238 11.6851 2
    endloop
  endfacet
  facet normal 0 -1 0
    outer loop
      vertex -3.35238 11.6851 2
      vertex -3.28812 11.6851 2.6
      vertex -3.35238 11.6851 2.6
    endloop
  endfacet
  facet normal 0 -1 -0
    outer loop
      vertex -3.28812 11.6851 2.6
      vertex -3.35238 11.6851 2
      vertex -3.28812 11.6851 2
    endloop
  endfacet
  facet normal 0.316375 -0.948634 0
    outer loop
      vertex -3.28812 11.6851 2
      vertex -3.09532 11.7494 2.6
      vertex -3.28812 11.6851 2.6
    endloop
  endfacet
  facet normal 0.316375 -0.948634 0
    outer loop
      vertex -3.09532 11.7494 2.6
      vertex -3.28812 11.6851 2
      vertex -3.09532 11.7494 2
    endloop
  endfacet
  facet normal 0 -1 0
    outer loop
      vertex -3.09532 11.7494 2
      vertex -3.00964 11.7494 2.6
      vertex -3.09532 11.7494 2.6
    endloop
  endfacet
  facet normal 0 -1 -0
    outer loop
      vertex -3.00964 11.7494 2.6
      vertex -3.09532 11.7494 2
      vertex -3.00964 11.7494 2
    endloop
  endfacet
  facet normal 0.316294 -0.948661 0
    outer loop
      vertex -3.00964 11.7494 2
      vertex -2.7526 11.8351 2.6
      vertex -3.00964 11.7494 2.6
    endloop
  endfacet
  facet normal 0.316294 -0.948661 0
    outer loop
      vertex -2.7526 11.8351 2.6
      vertex -3.00964 11.7494 2
      vertex -2.7526 11.8351 2
    endloop
  endfacet
  facet normal 0 -1 0
    outer loop
      vertex -2.7526 11.8351 2
      vertex -2.66692 11.8351 2.6
      vertex -2.7526 11.8351 2.6
    endloop
  endfacet
  facet normal 0 -1 -0
    outer loop
      vertex -2.66692 11.8351 2.6
      vertex -2.7526 11.8351 2
      vertex -2.66692 11.8351 2
    endloop
  endfacet
  facet normal 0.706776 -0.707437 0
    outer loop
      vertex -2.66692 11.8351 2
      vertex -2.6455 11.8565 2.6
      vertex -2.66692 11.8351 2.6
    endloop
  endfacet
  facet normal 0.706776 -0.707437 0
    outer loop
      vertex -2.6455 11.8565 2.6
      vertex -2.66692 11.8351 2
      vertex -2.6455 11.8565 2
    endloop
  endfacet
  facet normal 0 -1 0
    outer loop
      vertex -2.6455 11.8565 2
      vertex -2.55982 11.8565 2.6
      vertex -2.6455 11.8565 2.6
    endloop
  endfacet
  facet normal 0 -1 -0
    outer loop
      vertex -2.55982 11.8565 2.6
      vertex -2.6455 11.8565 2
      vertex -2.55982 11.8565 2
    endloop
  endfacet
  facet normal 0.706281 -0.707931 0
    outer loop
      vertex -2.55982 11.8565 2
      vertex -2.53837 11.8779 2.6
      vertex -2.55982 11.8565 2.6
    endloop
  endfacet
  facet normal 0.706281 -0.707931 0
    outer loop
      vertex -2.53837 11.8779 2.6
      vertex -2.55982 11.8565 2
      vertex -2.53837 11.8779 2
    endloop
  endfacet
  facet normal 0 -1 0
    outer loop
      vertex -2.53837 11.8779 2
      vertex -2.45269 11.8779 2.6
      vertex -2.53837 11.8779 2.6
    endloop
  endfacet
  facet normal 0 -1 -0
    outer loop
      vertex -2.45269 11.8779 2.6
      vertex -2.53837 11.8779 2
      vertex -2.45269 11.8779 2
    endloop
  endfacet
  facet normal 0.315962 -0.948772 0
    outer loop
      vertex -2.45269 11.8779 2
      vertex -2.32417 11.9207 2.6
      vertex -2.45269 11.8779 2.6
    endloop
  endfacet
  facet normal 0.315962 -0.948772 0
    outer loop
      vertex -2.32417 11.9207 2.6
      vertex -2.45269 11.8779 2
      vertex -2.32417 11.9207 2
    endloop
  endfacet
  facet normal 0 -1 0
    outer loop
      vertex -2.32417 11.9207 2
      vertex -2.21707 11.9207 2.6
      vertex -2.32417 11.9207 2.6
    endloop
  endfacet
  facet normal 0 -1 -0
    outer loop
      vertex -2.21707 11.9207 2.6
      vertex -2.32417 11.9207 2
      vertex -2.21707 11.9207 2
    endloop
  endfacet
  facet normal 0.708424 -0.705788 0
    outer loop
      vertex -2.21707 11.9207 2
      vertex -2.19565 11.9422 2.6
      vertex -2.21707 11.9207 2.6
    endloop
  endfacet
  facet normal 0.708424 -0.705788 0
    outer loop
      vertex -2.19565 11.9422 2.6
      vertex -2.21707 11.9207 2
      vertex -2.19565 11.9422 2
    endloop
  endfacet
  facet normal 0 -1 0
    outer loop
      vertex -2.19565 11.9422 2
      vertex -2.08855 11.9422 2.6
      vertex -2.19565 11.9422 2.6
    endloop
  endfacet
  facet normal 0 -1 -0
    outer loop
      vertex -2.08855 11.9422 2.6
      vertex -2.19565 11.9422 2
      vertex -2.08855 11.9422 2
    endloop
  endfacet
  facet normal 0.371092 -0.928596 0
    outer loop
      vertex -2.08855 11.9422 2
      vertex -1.98145 11.985 2.6
      vertex -2.08855 11.9422 2.6
    endloop
  endfacet
  facet normal 0.371092 -0.928596 0
    outer loop
      vertex -1.98145 11.985 2.6
      vertex -2.08855 11.9422 2
      vertex -1.98145 11.985 2
    endloop
  endfacet
  facet normal 0.0766171 -0.997061 0
    outer loop
      vertex -1.98145 11.985 2
      vertex -1.70296 12.0064 2.6
      vertex -1.98145 11.985 2.6
    endloop
  endfacet
  facet normal 0.0766171 -0.997061 0
    outer loop
      vertex -1.70296 12.0064 2.6
      vertex -1.98145 11.985 2
      vertex -1.70296 12.0064 2
    endloop
  endfacet
  facet normal 0.706776 -0.707437 0
    outer loop
      vertex -1.70296 12.0064 2
      vertex -1.68154 12.0278 2.6
      vertex -1.70296 12.0064 2.6
    endloop
  endfacet
  facet normal 0.706776 -0.707437 0
    outer loop
      vertex -1.68154 12.0278 2.6
      vertex -1.70296 12.0064 2
      vertex -1.68154 12.0278 2
    endloop
  endfacet
  facet normal 0 -1 0
    outer loop
      vertex -1.68154 12.0278 2
      vertex -1.5316 12.0278 2.6
      vertex -1.68154 12.0278 2.6
    endloop
  endfacet
  facet normal 0 -1 -0
    outer loop
      vertex -1.5316 12.0278 2.6
      vertex -1.68154 12.0278 2
      vertex -1.5316 12.0278 2
    endloop
  endfacet
  facet normal 0.708424 -0.705788 0
    outer loop
      vertex -1.5316 12.0278 2.6
      vertex -1.51018 12.0493 2
      vertex -1.51018 12.0493 2.6
    endloop
  endfacet
  facet normal 0.708424 -0.705788 0
    outer loop
      vertex -1.51018 12.0493 2
      vertex -1.5316 12.0278 2.6
      vertex -1.5316 12.0278 2
    endloop
  endfacet
  facet normal 0 -1 0
    outer loop
      vertex -1.51018 12.0493 2
      vertex -1.36024 12.0493 2.6
      vertex -1.51018 12.0493 2.6
    endloop
  endfacet
  facet normal 0 -1 -0
    outer loop
      vertex -1.36024 12.0493 2.6
      vertex -1.51018 12.0493 2
      vertex -1.36024 12.0493 2
    endloop
  endfacet
  facet normal 0.706776 -0.707437 0
    outer loop
      vertex -1.36024 12.0493 2
      vertex -1.33882 12.0707 2.6
      vertex -1.36024 12.0493 2.6
    endloop
  endfacet
  facet normal 0.706776 -0.707437 0
    outer loop
      vertex -1.33882 12.0707 2.6
      vertex -1.36024 12.0493 2
      vertex -1.33882 12.0707 2
    endloop
  endfacet
  facet normal 0 -1 0
    outer loop
      vertex -1.33882 12.0707 2
      vertex -1.12459 12.0707 2.6
      vertex -1.33882 12.0707 2.6
    endloop
  endfacet
  facet normal 0 -1 -0
    outer loop
      vertex -1.12459 12.0707 2.6
      vertex -1.33882 12.0707 2
      vertex -1.12459 12.0707 2
    endloop
  endfacet
  facet normal 0.706776 -0.707437 0
    outer loop
      vertex -1.12459 12.0707 2.6
      vertex -1.10317 12.0921 2
      vertex -1.10317 12.0921 2.6
    endloop
  endfacet
  facet normal 0.706776 -0.707437 0
    outer loop
      vertex -1.10317 12.0921 2
      vertex -1.12459 12.0707 2.6
      vertex -1.12459 12.0707 2
    endloop
  endfacet
  facet normal 0 -1 0
    outer loop
      vertex -1.10317 12.0921 2
      vertex -0.846131 12.0921 2.6
      vertex -1.10317 12.0921 2.6
    endloop
  endfacet
  facet normal 0 -1 -0
    outer loop
      vertex -0.846131 12.0921 2.6
      vertex -1.10317 12.0921 2
      vertex -0.846131 12.0921 2
    endloop
  endfacet
  facet normal 0.70844 -0.705771 0
    outer loop
      vertex -0.846131 12.0921 2.6
      vertex -0.824712 12.1136 2
      vertex -0.824712 12.1136 2.6
    endloop
  endfacet
  facet normal 0.70844 -0.705771 0
    outer loop
      vertex -0.824712 12.1136 2
      vertex -0.846131 12.0921 2.6
      vertex -0.846131 12.0921 2
    endloop
  endfacet
  facet normal 0 -1 0
    outer loop
      vertex -0.824712 12.1136 2
      vertex -0.396284 12.1136 2.6
      vertex -0.824712 12.1136 2.6
    endloop
  endfacet
  facet normal 0 -1 -0
    outer loop
      vertex -0.396284 12.1136 2.6
      vertex -0.824712 12.1136 2
      vertex -0.396284 12.1136 2
    endloop
  endfacet
  facet normal 0.706776 -0.707437 0
    outer loop
      vertex -0.396284 12.1136 2
      vertex -0.374864 12.135 2.6
      vertex -0.396284 12.1136 2.6
    endloop
  endfacet
  facet normal 0.706776 -0.707437 0
    outer loop
      vertex -0.374864 12.135 2.6
      vertex -0.396284 12.1136 2
      vertex -0.374864 12.135 2
    endloop
  endfacet
  facet normal 0 -1 0
    outer loop
      vertex -0.374864 12.135 2
      vertex 0.610483 12.135 2.6
      vertex -0.374864 12.135 2.6
    endloop
  endfacet
  facet normal 0 -1 -0
    outer loop
      vertex 0.610483 12.135 2.6
      vertex -0.374864 12.135 2
      vertex 0.610483 12.135 2
    endloop
  endfacet
  facet normal -0.70676 -0.707453 0
    outer loop
      vertex 0.610483 12.135 2
      vertex 0.631904 12.1136 2.6
      vertex 0.610483 12.135 2.6
    endloop
  endfacet
  facet normal -0.70676 -0.707453 -0
    outer loop
      vertex 0.631904 12.1136 2.6
      vertex 0.610483 12.135 2
      vertex 0.631904 12.1136 2
    endloop
  endfacet
  facet normal 0 -1 0
    outer loop
      vertex 0.631904 12.1136 2
      vertex 0.888971 12.1136 2.6
      vertex 0.631904 12.1136 2.6
    endloop
  endfacet
  facet normal 0 -1 -0
    outer loop
      vertex 0.888971 12.1136 2.6
      vertex 0.631904 12.1136 2
      vertex 0.888971 12.1136 2
    endloop
  endfacet
  facet normal -0.708424 -0.705788 0
    outer loop
      vertex 0.910391 12.0921 2
      vertex 0.888971 12.1136 2.6
      vertex 0.888971 12.1136 2
    endloop
  endfacet
  facet normal -0.708424 -0.705788 0
    outer loop
      vertex 0.888971 12.1136 2.6
      vertex 0.910391 12.0921 2
      vertex 0.910391 12.0921 2.6
    endloop
  endfacet
  facet normal 0.708424 -0.705788 0
    outer loop
      vertex 0.910391 12.0921 2.6
      vertex 0.931811 12.1136 2
      vertex 0.931811 12.1136 2.6
    endloop
  endfacet
  facet normal 0.708424 -0.705788 0
    outer loop
      vertex 0.931811 12.1136 2
      vertex 0.910391 12.0921 2.6
      vertex 0.910391 12.0921 2
    endloop
  endfacet
  facet normal 0 -1 0
    outer loop
      vertex 0.931811 12.1136 2
      vertex 1.03891 12.1136 2.6
      vertex 0.931811 12.1136 2.6
    endloop
  endfacet
  facet normal 0 -1 -0
    outer loop
      vertex 1.03891 12.1136 2.6
      vertex 0.931811 12.1136 2
      vertex 1.03891 12.1136 2
    endloop
  endfacet
  facet normal -0.708424 -0.705788 0
    outer loop
      vertex 1.06033 12.0921 2
      vertex 1.03891 12.1136 2.6
      vertex 1.03891 12.1136 2
    endloop
  endfacet
  facet normal -0.708424 -0.705788 0
    outer loop
      vertex 1.03891 12.1136 2.6
      vertex 1.06033 12.0921 2
      vertex 1.06033 12.0921 2.6
    endloop
  endfacet
  facet normal 0 -1 0
    outer loop
      vertex 1.06033 12.0921 2
      vertex 1.25311 12.0921 2.6
      vertex 1.06033 12.0921 2.6
    endloop
  endfacet
  facet normal 0 -1 -0
    outer loop
      vertex 1.25311 12.0921 2.6
      vertex 1.06033 12.0921 2
      vertex 1.25311 12.0921 2
    endloop
  endfacet
  facet normal -0.706281 -0.707931 0
    outer loop
      vertex 1.27456 12.0707 2
      vertex 1.25311 12.0921 2.6
      vertex 1.25311 12.0921 2
    endloop
  endfacet
  facet normal -0.706281 -0.707931 0
    outer loop
      vertex 1.25311 12.0921 2.6
      vertex 1.27456 12.0707 2
      vertex 1.27456 12.0707 2.6
    endloop
  endfacet
  facet normal 0 -1 0
    outer loop
      vertex 1.27456 12.0707 2
      vertex 1.4245 12.0707 2.6
      vertex 1.27456 12.0707 2.6
    endloop
  endfacet
  facet normal 0 -1 -0
    outer loop
      vertex 1.4245 12.0707 2.6
      vertex 1.27456 12.0707 2
      vertex 1.4245 12.0707 2
    endloop
  endfacet
  facet normal -0.706776 -0.707437 0
    outer loop
      vertex 1.44592 12.0493 2
      vertex 1.4245 12.0707 2.6
      vertex 1.4245 12.0707 2
    endloop
  endfacet
  facet normal -0.706776 -0.707437 0
    outer loop
      vertex 1.4245 12.0707 2.6
      vertex 1.44592 12.0493 2
      vertex 1.44592 12.0493 2.6
    endloop
  endfacet
  facet normal 0 -1 0
    outer loop
      vertex 1.44592 12.0493 2
      vertex 1.6387 12.0493 2.6
      vertex 1.44592 12.0493 2.6
    endloop
  endfacet
  facet normal 0 -1 -0
    outer loop
      vertex 1.6387 12.0493 2.6
      vertex 1.44592 12.0493 2
      vertex 1.6387 12.0493 2
    endloop
  endfacet
  facet normal -0.708424 -0.705788 0
    outer loop
      vertex 1.66012 12.0278 2
      vertex 1.6387 12.0493 2.6
      vertex 1.6387 12.0493 2
    endloop
  endfacet
  facet normal -0.708424 -0.705788 0
    outer loop
      vertex 1.6387 12.0493 2.6
      vertex 1.66012 12.0278 2
      vertex 1.66012 12.0278 2.6
    endloop
  endfacet
  facet normal -0.114512 -0.993422 0
    outer loop
      vertex 1.66012 12.0278 2
      vertex 2.21707 11.9636 2.6
      vertex 1.66012 12.0278 2.6
    endloop
  endfacet
  facet normal -0.114512 -0.993422 -0
    outer loop
      vertex 2.21707 11.9636 2.6
      vertex 1.66012 12.0278 2
      vertex 2.21707 11.9636 2
    endloop
  endfacet
  facet normal -0.287512 -0.957777 0
    outer loop
      vertex 2.21707 11.9636 2
      vertex 2.43127 11.8993 2.6
      vertex 2.21707 11.9636 2.6
    endloop
  endfacet
  facet normal -0.287512 -0.957777 -0
    outer loop
      vertex 2.43127 11.8993 2.6
      vertex 2.21707 11.9636 2
      vertex 2.43127 11.8993 2
    endloop
  endfacet
  facet normal -0.0993979 -0.995048 0
    outer loop
      vertex 2.43127 11.8993 2
      vertex 2.6455 11.8779 2.6
      vertex 2.43127 11.8993 2.6
    endloop
  endfacet
  facet normal -0.0993979 -0.995048 -0
    outer loop
      vertex 2.6455 11.8779 2.6
      vertex 2.43127 11.8993 2
      vertex 2.6455 11.8779 2
    endloop
  endfacet
  facet normal -0.31642 -0.948619 0
    outer loop
      vertex 2.6455 11.8779 2
      vertex 2.83827 11.8136 2.6
      vertex 2.6455 11.8779 2.6
    endloop
  endfacet
  facet normal -0.31642 -0.948619 -0
    outer loop
      vertex 2.83827 11.8136 2.6
      vertex 2.6455 11.8779 2
      vertex 2.83827 11.8136 2
    endloop
  endfacet
  facet normal 0.708259 -0.705953 0
    outer loop
      vertex 2.83827 11.8136 2.6
      vertex 2.8597 11.8351 2
      vertex 2.8597 11.8351 2.6
    endloop
  endfacet
  facet normal 0.708259 -0.705953 0
    outer loop
      vertex 2.8597 11.8351 2
      vertex 2.83827 11.8136 2.6
      vertex 2.83827 11.8136 2
    endloop
  endfacet
  facet normal -0.447714 -0.894177 0
    outer loop
      vertex 2.8597 11.8351 2
      vertex 2.94538 11.7922 2.6
      vertex 2.8597 11.8351 2.6
    endloop
  endfacet
  facet normal -0.447714 -0.894177 -0
    outer loop
      vertex 2.94538 11.7922 2.6
      vertex 2.8597 11.8351 2
      vertex 2.94538 11.7922 2
    endloop
  endfacet
  facet normal 0 -1 0
    outer loop
      vertex 2.94538 11.7922 2
      vertex 3.03106 11.7922 2.6
      vertex 2.94538 11.7922 2.6
    endloop
  endfacet
  facet normal 0 -1 -0
    outer loop
      vertex 3.03106 11.7922 2.6
      vertex 2.94538 11.7922 2
      vertex 3.03106 11.7922 2
    endloop
  endfacet
  facet normal -0.446879 -0.894594 0
    outer loop
      vertex 3.03106 11.7922 2
      vertex 3.11674 11.7494 2.6
      vertex 3.03106 11.7922 2.6
    endloop
  endfacet
  facet normal -0.446879 -0.894594 -0
    outer loop
      vertex 3.11674 11.7494 2.6
      vertex 3.03106 11.7922 2
      vertex 3.11674 11.7494 2
    endloop
  endfacet
  facet normal -0.164611 -0.986359 0
    outer loop
      vertex 3.11674 11.7494 2
      vertex 3.3738 11.7065 2.6
      vertex 3.11674 11.7494 2.6
    endloop
  endfacet
  facet normal -0.164611 -0.986359 -0
    outer loop
      vertex 3.3738 11.7065 2.6
      vertex 3.11674 11.7494 2
      vertex 3.3738 11.7065 2
    endloop
  endfacet
  facet normal -0.326974 -0.945033 0
    outer loop
      vertex 3.3738 11.7065 2
      vertex 3.93075 11.5138 2.6
      vertex 3.3738 11.7065 2.6
    endloop
  endfacet
  facet normal -0.326974 -0.945033 -0
    outer loop
      vertex 3.93075 11.5138 2.6
      vertex 3.3738 11.7065 2
      vertex 3.93075 11.5138 2
    endloop
  endfacet
  facet normal 0 -1 0
    outer loop
      vertex 3.93075 11.5138 2
      vertex 3.99501 11.5138 2.6
      vertex 3.93075 11.5138 2.6
    endloop
  endfacet
  facet normal 0 -1 -0
    outer loop
      vertex 3.99501 11.5138 2.6
      vertex 3.93075 11.5138 2
      vertex 3.99501 11.5138 2
    endloop
  endfacet
  facet normal -0.514731 -0.857352 0
    outer loop
      vertex 3.99501 11.5138 2
      vertex 4.10211 11.4495 2.6
      vertex 3.99501 11.5138 2.6
    endloop
  endfacet
  facet normal -0.514731 -0.857352 -0
    outer loop
      vertex 4.10211 11.4495 2.6
      vertex 3.99501 11.5138 2
      vertex 4.10211 11.4495 2
    endloop
  endfacet
  facet normal -0.316278 -0.948667 0
    outer loop
      vertex 4.10211 11.4495 2
      vertex 4.61622 11.2781 2.6
      vertex 4.10211 11.4495 2.6
    endloop
  endfacet
  facet normal -0.316278 -0.948667 -0
    outer loop
      vertex 4.61622 11.2781 2.6
      vertex 4.10211 11.4495 2
      vertex 4.61622 11.2781 2
    endloop
  endfacet
  facet normal -0.496226 -0.868193 0
    outer loop
      vertex 4.61622 11.2781 2
      vertex 4.76616 11.1924 2.6
      vertex 4.61622 11.2781 2.6
    endloop
  endfacet
  facet normal -0.496226 -0.868193 -0
    outer loop
      vertex 4.76616 11.1924 2.6
      vertex 4.61622 11.2781 2
      vertex 4.76616 11.1924 2
    endloop
  endfacet
  facet normal -0.19594 -0.980616 0
    outer loop
      vertex 4.76616 11.1924 2
      vertex 4.87326 11.171 2.6
      vertex 4.76616 11.1924 2.6
    endloop
  endfacet
  facet normal -0.19594 -0.980616 -0
    outer loop
      vertex 4.87326 11.171 2.6
      vertex 4.76616 11.1924 2
      vertex 4.87326 11.171 2
    endloop
  endfacet
  facet normal -0.485643 -0.874157 0
    outer loop
      vertex 4.87326 11.171 2
      vertex 5.06604 11.0639 2.6
      vertex 4.87326 11.171 2.6
    endloop
  endfacet
  facet normal -0.485643 -0.874157 -0
    outer loop
      vertex 5.06604 11.0639 2.6
      vertex 4.87326 11.171 2
      vertex 5.06604 11.0639 2
    endloop
  endfacet
  facet normal 0 -1 0
    outer loop
      vertex 5.06604 11.0639 2
      vertex 5.10891 11.0639 2.6
      vertex 5.06604 11.0639 2.6
    endloop
  endfacet
  facet normal 0 -1 -0
    outer loop
      vertex 5.10891 11.0639 2.6
      vertex 5.06604 11.0639 2
      vertex 5.10891 11.0639 2
    endloop
  endfacet
  facet normal -0.485643 -0.874157 0
    outer loop
      vertex 5.10891 11.0639 2
      vertex 5.30169 10.9568 2.6
      vertex 5.10891 11.0639 2.6
    endloop
  endfacet
  facet normal -0.485643 -0.874157 -0
    outer loop
      vertex 5.30169 10.9568 2.6
      vertex 5.10891 11.0639 2
      vertex 5.30169 10.9568 2
    endloop
  endfacet
  facet normal 0 -1 0
    outer loop
      vertex 5.30169 10.9568 2
      vertex 5.34453 10.9568 2.6
      vertex 5.30169 10.9568 2.6
    endloop
  endfacet
  facet normal 0 -1 -0
    outer loop
      vertex 5.34453 10.9568 2.6
      vertex 5.30169 10.9568 2
      vertex 5.34453 10.9568 2
    endloop
  endfacet
  facet normal -0.477506 -0.878629 0
    outer loop
      vertex 5.34453 10.9568 2
      vertex 6.32987 10.4213 2.6
      vertex 5.34453 10.9568 2.6
    endloop
  endfacet
  facet normal -0.477506 -0.878629 -0
    outer loop
      vertex 6.32987 10.4213 2.6
      vertex 5.34453 10.9568 2
      vertex 6.32987 10.4213 2
    endloop
  endfacet
  facet normal -0.548027 -0.836461 0
    outer loop
      vertex 6.32987 10.4213 2
      vertex 6.95108 10.0143 2.6
      vertex 6.32987 10.4213 2.6
    endloop
  endfacet
  facet normal -0.548027 -0.836461 -0
    outer loop
      vertex 6.95108 10.0143 2.6
      vertex 6.32987 10.4213 2
      vertex 6.95108 10.0143 2
    endloop
  endfacet
  facet normal -0.593196 -0.805058 0
    outer loop
      vertex 6.95108 10.0143 2
      vertex 7.35809 9.7144 2.6
      vertex 6.95108 10.0143 2.6
    endloop
  endfacet
  facet normal -0.593196 -0.805058 -0
    outer loop
      vertex 7.35809 9.7144 2.6
      vertex 6.95108 10.0143 2
      vertex 7.35809 9.7144 2
    endloop
  endfacet
  facet normal -0.652525 -0.757767 0
    outer loop
      vertex 7.35809 9.7144 2
      vertex 8.12924 9.05035 2.6
      vertex 7.35809 9.7144 2.6
    endloop
  endfacet
  facet normal -0.652525 -0.757767 -0
    outer loop
      vertex 8.12924 9.05035 2.6
      vertex 7.35809 9.7144 2
      vertex 8.12924 9.05035 2
    endloop
  endfacet
  facet normal -0.716734 -0.697346 0
    outer loop
      vertex 8.90039 8.25776 2
      vertex 8.12924 9.05035 2.6
      vertex 8.12924 9.05035 2
    endloop
  endfacet
  facet normal -0.716734 -0.697346 0
    outer loop
      vertex 8.12924 9.05035 2.6
      vertex 8.90039 8.25776 2
      vertex 8.90039 8.25776 2.6
    endloop
  endfacet
  facet normal -0.761913 -0.647679 0
    outer loop
      vertex 9.26456 7.82936 2
      vertex 8.90039 8.25776 2.6
      vertex 8.90039 8.25776 2
    endloop
  endfacet
  facet normal -0.761913 -0.647679 0
    outer loop
      vertex 8.90039 8.25776 2.6
      vertex 9.26456 7.82936 2
      vertex 9.26456 7.82936 2.6
    endloop
  endfacet
  facet normal -0.808738 -0.58817 0
    outer loop
      vertex 9.6073 7.35809 2
      vertex 9.26456 7.82936 2.6
      vertex 9.26456 7.82936 2
    endloop
  endfacet
  facet normal -0.808738 -0.58817 0
    outer loop
      vertex 9.26456 7.82936 2.6
      vertex 9.6073 7.35809 2
      vertex 9.6073 7.35809 2.6
    endloop
  endfacet
  facet normal -0.707107 -0.707107 0
    outer loop
      vertex 9.69298 7.27241 2
      vertex 9.6073 7.35809 2.6
      vertex 9.6073 7.35809 2
    endloop
  endfacet
  facet normal -0.707107 -0.707107 0
    outer loop
      vertex 9.6073 7.35809 2.6
      vertex 9.69298 7.27241 2
      vertex 9.69298 7.27241 2.6
    endloop
  endfacet
  facet normal -0.820922 -0.571041 0
    outer loop
      vertex 10.0357 6.77972 2
      vertex 9.69298 7.27241 2.6
      vertex 9.69298 7.27241 2
    endloop
  endfacet
  facet normal -0.820922 -0.571041 0
    outer loop
      vertex 9.69298 7.27241 2.6
      vertex 10.0357 6.77972 2
      vertex 10.0357 6.77972 2.6
    endloop
  endfacet
  facet normal -0.948772 -0.315962 0
    outer loop
      vertex 10.0571 6.71546 2
      vertex 10.0357 6.77972 2.6
      vertex 10.0357 6.77972 2
    endloop
  endfacet
  facet normal -0.948772 -0.315962 0
    outer loop
      vertex 10.0357 6.77972 2.6
      vertex 10.0571 6.71546 2
      vertex 10.0571 6.71546 2.6
    endloop
  endfacet
  facet normal -0.836457 -0.548033 0
    outer loop
      vertex 10.4641 6.09426 2
      vertex 10.0571 6.71546 2.6
      vertex 10.0571 6.71546 2
    endloop
  endfacet
  facet normal -0.836457 -0.548033 0
    outer loop
      vertex 10.0571 6.71546 2.6
      vertex 10.4641 6.09426 2
      vertex 10.4641 6.09426 2.6
    endloop
  endfacet
  facet normal -0.8872 -0.461385 0
    outer loop
      vertex 11.0211 5.0232 2
      vertex 10.4641 6.09426 2.6
      vertex 10.4641 6.09426 2
    endloop
  endfacet
  facet normal -0.8872 -0.461385 0
    outer loop
      vertex 10.4641 6.09426 2.6
      vertex 11.0211 5.0232 2
      vertex 11.0211 5.0232 2.6
    endloop
  endfacet
  facet normal -0.961592 -0.274484 0
    outer loop
      vertex 11.0639 4.87326 2
      vertex 11.0211 5.0232 2.6
      vertex 11.0211 5.0232 2
    endloop
  endfacet
  facet normal -0.961592 -0.274484 0
    outer loop
      vertex 11.0211 5.0232 2.6
      vertex 11.0639 4.87326 2
      vertex 11.0639 4.87326 2.6
    endloop
  endfacet
  facet normal -0.902872 -0.42991 0
    outer loop
      vertex 11.2781 4.42341 2
      vertex 11.0639 4.87326 2.6
      vertex 11.0639 4.87326 2
    endloop
  endfacet
  facet normal -0.902872 -0.42991 0
    outer loop
      vertex 11.0639 4.87326 2.6
      vertex 11.2781 4.42341 2
      vertex 11.2781 4.42341 2.6
    endloop
  endfacet
  facet normal -0.970063 -0.242855 0
    outer loop
      vertex 11.321 4.25205 2
      vertex 11.2781 4.42341 2.6
      vertex 11.2781 4.42341 2
    endloop
  endfacet
  facet normal -0.970063 -0.242855 0
    outer loop
      vertex 11.2781 4.42341 2.6
      vertex 11.321 4.25205 2
      vertex 11.321 4.25205 2.6
    endloop
  endfacet
  facet normal -0.832289 -0.554341 0
    outer loop
      vertex 11.3638 4.18779 2
      vertex 11.321 4.25205 2.6
      vertex 11.321 4.25205 2
    endloop
  endfacet
  facet normal -0.832289 -0.554341 0
    outer loop
      vertex 11.321 4.25205 2.6
      vertex 11.3638 4.18779 2
      vertex 11.3638 4.18779 2.6
    endloop
  endfacet
  facet normal -0.95448 -0.298275 0
    outer loop
      vertex 11.4709 3.84507 2
      vertex 11.3638 4.18779 2.6
      vertex 11.3638 4.18779 2
    endloop
  endfacet
  facet normal -0.95448 -0.298275 0
    outer loop
      vertex 11.3638 4.18779 2.6
      vertex 11.4709 3.84507 2
      vertex 11.4709 3.84507 2.6
    endloop
  endfacet
  facet normal -0.831811 -0.555058 0
    outer loop
      vertex 11.5138 3.78078 2
      vertex 11.4709 3.84507 2.6
      vertex 11.4709 3.84507 2
    endloop
  endfacet
  facet normal -0.831811 -0.555058 0
    outer loop
      vertex 11.4709 3.84507 2.6
      vertex 11.5138 3.78078 2
      vertex 11.5138 3.78078 2.6
    endloop
  endfacet
  facet normal -0.986419 -0.16425 0
    outer loop
      vertex 11.5352 3.65226 2
      vertex 11.5138 3.78078 2.6
      vertex 11.5138 3.78078 2
    endloop
  endfacet
  facet normal -0.986419 -0.16425 0
    outer loop
      vertex 11.5138 3.78078 2.6
      vertex 11.5352 3.65226 2
      vertex 11.5352 3.65226 2.6
    endloop
  endfacet
  facet normal -0.913776 -0.406218 0
    outer loop
      vertex 11.6209 3.45948 2
      vertex 11.5352 3.65226 2.6
      vertex 11.5352 3.65226 2
    endloop
  endfacet
  facet normal -0.913776 -0.406218 0
    outer loop
      vertex 11.5352 3.65226 2.6
      vertex 11.6209 3.45948 2
      vertex 11.6209 3.45948 2.6
    endloop
  endfacet
  facet normal -0.989968 -0.141292 0
    outer loop
      vertex 11.6423 3.30954 2
      vertex 11.6209 3.45948 2.6
      vertex 11.6209 3.45948 2
    endloop
  endfacet
  facet normal -0.989968 -0.141292 0
    outer loop
      vertex 11.6209 3.45948 2.6
      vertex 11.6423 3.30954 2
      vertex 11.6423 3.30954 2.6
    endloop
  endfacet
  facet normal -0.832289 -0.554341 0
    outer loop
      vertex 11.6851 3.24528 2
      vertex 11.6423 3.30954 2.6
      vertex 11.6423 3.30954 2
    endloop
  endfacet
  facet normal -0.832289 -0.554341 0
    outer loop
      vertex 11.6423 3.30954 2.6
      vertex 11.6851 3.24528 2
      vertex 11.6851 3.24528 2.6
    endloop
  endfacet
  facet normal -0.977779 -0.20964 0
    outer loop
      vertex 11.7494 2.94538 2
      vertex 11.6851 3.24528 2.6
      vertex 11.6851 3.24528 2
    endloop
  endfacet
  facet normal -0.977779 -0.20964 0
    outer loop
      vertex 11.6851 3.24528 2.6
      vertex 11.7494 2.94538 2
      vertex 11.7494 2.94538 2.6
    endloop
  endfacet
  facet normal -0.894594 -0.446879 0
    outer loop
      vertex 11.7922 2.8597 2
      vertex 11.7494 2.94538 2.6
      vertex 11.7494 2.94538 2
    endloop
  endfacet
  facet normal -0.894594 -0.446879 0
    outer loop
      vertex 11.7494 2.94538 2.6
      vertex 11.7922 2.8597 2
      vertex 11.7922 2.8597 2.6
    endloop
  endfacet
  facet normal -0.707602 0.706611 0
    outer loop
      vertex 11.7708 2.83827 2
      vertex 11.7922 2.8597 2.6
      vertex 11.7922 2.8597 2
    endloop
  endfacet
  facet normal -0.707602 0.706611 0
    outer loop
      vertex 11.7922 2.8597 2.6
      vertex 11.7708 2.83827 2
      vertex 11.7708 2.83827 2.6
    endloop
  endfacet
  facet normal -0.894594 -0.446879 0
    outer loop
      vertex 11.8136 2.75259 2
      vertex 11.7708 2.83827 2.6
      vertex 11.7708 2.83827 2
    endloop
  endfacet
  facet normal -0.894594 -0.446879 0
    outer loop
      vertex 11.7708 2.83827 2.6
      vertex 11.8136 2.75259 2
      vertex 11.8136 2.75259 2.6
    endloop
  endfacet
  facet normal -0.986379 -0.16449 0
    outer loop
      vertex 11.8779 2.36701 2
      vertex 11.8136 2.75259 2.6
      vertex 11.8136 2.75259 2
    endloop
  endfacet
  facet normal -0.986379 -0.16449 0
    outer loop
      vertex 11.8136 2.75259 2.6
      vertex 11.8779 2.36701 2
      vertex 11.8779 2.36701 2.6
    endloop
  endfacet
  facet normal -0.928596 -0.371092 0
    outer loop
      vertex 11.9207 2.25991 2
      vertex 11.8779 2.36701 2.6
      vertex 11.8779 2.36701 2
    endloop
  endfacet
  facet normal -0.928596 -0.371092 0
    outer loop
      vertex 11.8779 2.36701 2.6
      vertex 11.9207 2.25991 2
      vertex 11.9207 2.25991 2.6
    endloop
  endfacet
  facet normal -0.995863 -0.0908711 0
    outer loop
      vertex 11.9422 2.02429 2
      vertex 11.9207 2.25991 2.6
      vertex 11.9207 2.25991 2
    endloop
  endfacet
  facet normal -0.995863 -0.0908711 0
    outer loop
      vertex 11.9207 2.25991 2.6
      vertex 11.9422 2.02429 2
      vertex 11.9422 2.02429 2.6
    endloop
  endfacet
  facet normal -0.948794 -0.315896 0
    outer loop
      vertex 11.985 1.89574 2
      vertex 11.9422 2.02429 2.6
      vertex 11.9422 2.02429 2
    endloop
  endfacet
  facet normal -0.948794 -0.315896 0
    outer loop
      vertex 11.9422 2.02429 2.6
      vertex 11.985 1.89574 2
      vertex 11.985 1.89574 2.6
    endloop
  endfacet
  facet normal -1 0 0
    outer loop
      vertex 11.985 1.7458 2
      vertex 11.985 1.89574 2.6
      vertex 11.985 1.89574 2
    endloop
  endfacet
  facet normal -1 -0 0
    outer loop
      vertex 11.985 1.89574 2.6
      vertex 11.985 1.7458 2
      vertex 11.985 1.7458 2.6
    endloop
  endfacet
  facet normal -0.961592 -0.274484 0
    outer loop
      vertex 12.0278 1.59586 2
      vertex 11.985 1.7458 2.6
      vertex 11.985 1.7458 2
    endloop
  endfacet
  facet normal -0.961592 -0.274484 0
    outer loop
      vertex 11.985 1.7458 2.6
      vertex 12.0278 1.59586 2
      vertex 12.0278 1.59586 2.6
    endloop
  endfacet
  facet normal -1 0 0
    outer loop
      vertex 12.0278 1.44592 2
      vertex 12.0278 1.59586 2.6
      vertex 12.0278 1.59586 2
    endloop
  endfacet
  facet normal -1 -0 0
    outer loop
      vertex 12.0278 1.59586 2.6
      vertex 12.0278 1.44592 2
      vertex 12.0278 1.44592 2.6
    endloop
  endfacet
  facet normal -0.705788 -0.708424 0
    outer loop
      vertex 12.0278 1.44592 2
      vertex 12.0493 1.4245 2.6
      vertex 12.0278 1.44592 2.6
    endloop
  endfacet
  facet normal -0.705788 -0.708424 -0
    outer loop
      vertex 12.0493 1.4245 2.6
      vertex 12.0278 1.44592 2
      vertex 12.0493 1.4245 2
    endloop
  endfacet
  facet normal -1 0 0
    outer loop
      vertex 12.0493 1.27456 2
      vertex 12.0493 1.4245 2.6
      vertex 12.0493 1.4245 2
    endloop
  endfacet
  facet normal -1 -0 0
    outer loop
      vertex 12.0493 1.4245 2.6
      vertex 12.0493 1.27456 2
      vertex 12.0493 1.27456 2.6
    endloop
  endfacet
  facet normal -0.707931 -0.706281 0
    outer loop
      vertex 12.0707 1.25311 2
      vertex 12.0493 1.27456 2.6
      vertex 12.0493 1.27456 2
    endloop
  endfacet
  facet normal -0.707931 -0.706281 0
    outer loop
      vertex 12.0493 1.27456 2.6
      vertex 12.0707 1.25311 2
      vertex 12.0707 1.25311 2.6
    endloop
  endfacet
  facet normal -1 0 0
    outer loop
      vertex 12.0707 1.03891 2
      vertex 12.0707 1.25311 2.6
      vertex 12.0707 1.25311 2
    endloop
  endfacet
  facet normal -1 -0 0
    outer loop
      vertex 12.0707 1.25311 2.6
      vertex 12.0707 1.03891 2
      vertex 12.0707 1.03891 2.6
    endloop
  endfacet
  facet normal -0.707437 -0.706776 0
    outer loop
      vertex 12.0707 1.03891 2
      vertex 12.0921 1.01749 2.6
      vertex 12.0707 1.03891 2.6
    endloop
  endfacet
  facet normal -0.707437 -0.706776 -0
    outer loop
      vertex 12.0921 1.01749 2.6
      vertex 12.0707 1.03891 2
      vertex 12.0921 1.01749 2
    endloop
  endfacet
  facet normal -1 0 0
    outer loop
      vertex 12.0921 0.846131 2
      vertex 12.0921 1.01749 2.6
      vertex 12.0921 1.01749 2
    endloop
  endfacet
  facet normal -1 -0 0
    outer loop
      vertex 12.0921 1.01749 2.6
      vertex 12.0921 0.846131 2
      vertex 12.0921 0.846131 2.6
    endloop
  endfacet
  facet normal -0.705771 -0.70844 0
    outer loop
      vertex 12.0921 0.846131 2
      vertex 12.1136 0.824712 2.6
      vertex 12.0921 0.846131 2.6
    endloop
  endfacet
  facet normal -0.705771 -0.70844 -0
    outer loop
      vertex 12.1136 0.824712 2.6
      vertex 12.0921 0.846131 2
      vertex 12.1136 0.824712 2
    endloop
  endfacet
  facet normal -1 0 0
    outer loop
      vertex 12.1136 0.267763 2
      vertex 12.1136 0.824712 2.6
      vertex 12.1136 0.824712 2
    endloop
  endfacet
  facet normal -1 -0 0
    outer loop
      vertex 12.1136 0.824712 2.6
      vertex 12.1136 0.267763 2
      vertex 12.1136 0.267763 2.6
    endloop
  endfacet
  facet normal -0.70742 -0.706793 0
    outer loop
      vertex 12.135 0.246344 2
      vertex 12.1136 0.267763 2.6
      vertex 12.1136 0.267763 2
    endloop
  endfacet
  facet normal -0.70742 -0.706793 0
    outer loop
      vertex 12.1136 0.267763 2.6
      vertex 12.135 0.246344 2
      vertex 12.135 0.246344 2.6
    endloop
  endfacet
  facet normal -0.999901 0.0140692 0
    outer loop
      vertex 12.1136 -1.27456 2
      vertex 12.135 0.246344 2.6
      vertex 12.135 0.246344 2
    endloop
  endfacet
  facet normal -0.999901 0.0140692 0
    outer loop
      vertex 12.135 0.246344 2.6
      vertex 12.1136 -1.27456 2
      vertex 12.1136 -1.27456 2.6
    endloop
  endfacet
  facet normal -0.705788 0.708424 0
    outer loop
      vertex 12.1136 -1.27456 2
      vertex 12.0921 -1.29598 2.6
      vertex 12.1136 -1.27456 2.6
    endloop
  endfacet
  facet normal -0.705788 0.708424 0
    outer loop
      vertex 12.0921 -1.29598 2.6
      vertex 12.1136 -1.27456 2
      vertex 12.0921 -1.29598 2
    endloop
  endfacet
  facet normal -0.999058 0.0433967 0
    outer loop
      vertex 12.0707 -1.78864 2
      vertex 12.0921 -1.29598 2.6
      vertex 12.0921 -1.29598 2
    endloop
  endfacet
  facet normal -0.999058 0.0433967 0
    outer loop
      vertex 12.0921 -1.29598 2.6
      vertex 12.0707 -1.78864 2
      vertex 12.0707 -1.78864 2.6
    endloop
  endfacet
  facet normal -0.707437 0.706776 0
    outer loop
      vertex 12.0493 -1.81006 2
      vertex 12.0707 -1.78864 2.6
      vertex 12.0707 -1.78864 2
    endloop
  endfacet
  facet normal -0.707437 0.706776 0
    outer loop
      vertex 12.0707 -1.78864 2.6
      vertex 12.0493 -1.81006 2
      vertex 12.0493 -1.81006 2.6
    endloop
  endfacet
  facet normal -0.99744 0.0715047 0
    outer loop
      vertex 12.0278 -2.10997 2
      vertex 12.0493 -1.81006 2.6
      vertex 12.0493 -1.81006 2
    endloop
  endfacet
  facet normal -0.99744 0.0715047 0
    outer loop
      vertex 12.0493 -1.81006 2.6
      vertex 12.0278 -2.10997 2
      vertex 12.0278 -2.10997 2.6
    endloop
  endfacet
  facet normal -0.961592 0.274484 0
    outer loop
      vertex 11.985 -2.25991 2
      vertex 12.0278 -2.10997 2.6
      vertex 12.0278 -2.10997 2
    endloop
  endfacet
  facet normal -0.961592 0.274484 0
    outer loop
      vertex 12.0278 -2.10997 2.6
      vertex 11.985 -2.25991 2
      vertex 11.985 -2.25991 2.6
    endloop
  endfacet
  facet normal -0.994516 0.10458 0
    outer loop
      vertex 11.9422 -2.66692 2
      vertex 11.985 -2.25991 2.6
      vertex 11.985 -2.25991 2
    endloop
  endfacet
  facet normal -0.994516 0.10458 0
    outer loop
      vertex 11.985 -2.25991 2.6
      vertex 11.9422 -2.66692 2
      vertex 11.9422 -2.66692 2.6
    endloop
  endfacet
  facet normal -0.928297 0.371839 0
    outer loop
      vertex 11.8993 -2.77402 2
      vertex 11.9422 -2.66692 2.6
      vertex 11.9422 -2.66692 2
    endloop
  endfacet
  facet normal -0.928297 0.371839 0
    outer loop
      vertex 11.9422 -2.66692 2.6
      vertex 11.8993 -2.77402 2
      vertex 11.8993 -2.77402 2.6
    endloop
  endfacet
  facet normal -0.988393 0.151918 0
    outer loop
      vertex 11.8565 -3.05248 2
      vertex 11.8993 -2.77402 2.6
      vertex 11.8993 -2.77402 2
    endloop
  endfacet
  facet normal -0.988393 0.151918 0
    outer loop
      vertex 11.8993 -2.77402 2.6
      vertex 11.8565 -3.05248 2
      vertex 11.8565 -3.05248 2.6
    endloop
  endfacet
  facet normal -0.919075 0.394082 0
    outer loop
      vertex 11.7922 -3.20244 2
      vertex 11.8565 -3.05248 2.6
      vertex 11.8565 -3.05248 2
    endloop
  endfacet
  facet normal -0.919075 0.394082 0
    outer loop
      vertex 11.8565 -3.05248 2.6
      vertex 11.7922 -3.20244 2
      vertex 11.7922 -3.20244 2.6
    endloop
  endfacet
  facet normal -0.707437 -0.706776 0
    outer loop
      vertex 11.8136 -3.22386 2
      vertex 11.7922 -3.20244 2.6
      vertex 11.7922 -3.20244 2
    endloop
  endfacet
  facet normal -0.707437 -0.706776 0
    outer loop
      vertex 11.7922 -3.20244 2.6
      vertex 11.8136 -3.22386 2
      vertex 11.8136 -3.22386 2.6
    endloop
  endfacet
  facet normal -0.894594 0.446879 0
    outer loop
      vertex 11.7708 -3.30954 2
      vertex 11.8136 -3.22386 2.6
      vertex 11.8136 -3.22386 2
    endloop
  endfacet
  facet normal -0.894594 0.446879 0
    outer loop
      vertex 11.8136 -3.22386 2.6
      vertex 11.7708 -3.30954 2
      vertex 11.7708 -3.30954 2.6
    endloop
  endfacet
  facet normal -0.973405 0.22909 0
    outer loop
      vertex 11.6851 -3.67368 2
      vertex 11.7708 -3.30954 2.6
      vertex 11.7708 -3.30954 2
    endloop
  endfacet
  facet normal -0.973405 0.22909 0
    outer loop
      vertex 11.7708 -3.30954 2.6
      vertex 11.6851 -3.67368 2
      vertex 11.6851 -3.67368 2.6
    endloop
  endfacet
  facet normal -0.923093 0.384577 0
    outer loop
      vertex 11.578 -3.93075 2
      vertex 11.6851 -3.67368 2.6
      vertex 11.6851 -3.67368 2
    endloop
  endfacet
  facet normal -0.923093 0.384577 0
    outer loop
      vertex 11.6851 -3.67368 2.6
      vertex 11.578 -3.93075 2
      vertex 11.578 -3.93075 2.6
    endloop
  endfacet
  facet normal -0.97623 0.216737 0
    outer loop
      vertex 11.5352 -4.12353 2
      vertex 11.578 -3.93075 2.6
      vertex 11.578 -3.93075 2
    endloop
  endfacet
  facet normal -0.97623 0.216737 0
    outer loop
      vertex 11.578 -3.93075 2.6
      vertex 11.5352 -4.12353 2
      vertex 11.5352 -4.12353 2.6
    endloop
  endfacet
  facet normal -0.894385 0.447297 0
    outer loop
      vertex 11.4495 -4.29489 2
      vertex 11.5352 -4.12353 2.6
      vertex 11.5352 -4.12353 2
    endloop
  endfacet
  facet normal -0.894385 0.447297 0
    outer loop
      vertex 11.5352 -4.12353 2.6
      vertex 11.4495 -4.29489 2
      vertex 11.4495 -4.29489 2.6
    endloop
  endfacet
  facet normal -0.986419 0.16425 0
    outer loop
      vertex 11.4281 -4.42341 2
      vertex 11.4495 -4.29489 2.6
      vertex 11.4495 -4.29489 2
    endloop
  endfacet
  facet normal -0.986419 0.16425 0
    outer loop
      vertex 11.4495 -4.29489 2.6
      vertex 11.4281 -4.42341 2
      vertex 11.4281 -4.42341 2.6
    endloop
  endfacet
  facet normal -0.706859 0.707354 0
    outer loop
      vertex 11.3852 -4.46628 2
      vertex 11.4281 -4.42341 2.6
      vertex 11.4281 -4.42341 2
    endloop
  endfacet
  facet normal -0.706859 0.707354 0
    outer loop
      vertex 11.4281 -4.42341 2.6
      vertex 11.3852 -4.46628 2
      vertex 11.3852 -4.46628 2.6
    endloop
  endfacet
  facet normal -0.980616 0.19594 0
    outer loop
      vertex 11.3638 -4.57338 2
      vertex 11.3852 -4.46628 2.6
      vertex 11.3852 -4.46628 2
    endloop
  endfacet
  facet normal -0.980616 0.19594 0
    outer loop
      vertex 11.3852 -4.46628 2.6
      vertex 11.3638 -4.57338 2
      vertex 11.3638 -4.57338 2.6
    endloop
  endfacet
  facet normal -0.832289 0.554341 0
    outer loop
      vertex 11.321 -4.63764 2
      vertex 11.3638 -4.57338 2.6
      vertex 11.3638 -4.57338 2
    endloop
  endfacet
  facet normal -0.832289 0.554341 0
    outer loop
      vertex 11.3638 -4.57338 2.6
      vertex 11.321 -4.63764 2
      vertex 11.321 -4.63764 2.6
    endloop
  endfacet
  facet normal -0.948661 0.316294 0
    outer loop
      vertex 11.2353 -4.89468 2
      vertex 11.321 -4.63764 2.6
      vertex 11.321 -4.63764 2
    endloop
  endfacet
  facet normal -0.948661 0.316294 0
    outer loop
      vertex 11.321 -4.63764 2.6
      vertex 11.2353 -4.89468 2
      vertex 11.2353 -4.89468 2.6
    endloop
  endfacet
  facet normal -0.799821 0.600239 0
    outer loop
      vertex 11.171 -4.98036 2
      vertex 11.2353 -4.89468 2.6
      vertex 11.2353 -4.89468 2
    endloop
  endfacet
  facet normal -0.799821 0.600239 0
    outer loop
      vertex 11.2353 -4.89468 2.6
      vertex 11.171 -4.98036 2
      vertex 11.171 -4.98036 2.6
    endloop
  endfacet
  facet normal -1 0 0
    outer loop
      vertex 11.171 -5.0232 2
      vertex 11.171 -4.98036 2.6
      vertex 11.171 -4.98036 2
    endloop
  endfacet
  facet normal -1 -0 0
    outer loop
      vertex 11.171 -4.98036 2.6
      vertex 11.171 -5.0232 2
      vertex 11.171 -5.0232 2.6
    endloop
  endfacet
  facet normal -0.883784 0.467896 0
    outer loop
      vertex 10.9782 -5.38737 2
      vertex 11.171 -5.0232 2.6
      vertex 11.171 -5.0232 2
    endloop
  endfacet
  facet normal -0.883784 0.467896 0
    outer loop
      vertex 11.171 -5.0232 2.6
      vertex 10.9782 -5.38737 2
      vertex 10.9782 -5.38737 2.6
    endloop
  endfacet
  facet normal -1 0 0
    outer loop
      vertex 10.9782 -5.43021 2
      vertex 10.9782 -5.38737 2.6
      vertex 10.9782 -5.38737 2
    endloop
  endfacet
  facet normal -1 -0 0
    outer loop
      vertex 10.9782 -5.38737 2.6
      vertex 10.9782 -5.43021 2
      vertex 10.9782 -5.43021 2.6
    endloop
  endfacet
  facet normal -0.707437 0.706776 0
    outer loop
      vertex 10.9354 -5.47305 2
      vertex 10.9782 -5.43021 2.6
      vertex 10.9782 -5.43021 2
    endloop
  endfacet
  facet normal -0.707437 0.706776 0
    outer loop
      vertex 10.9782 -5.43021 2.6
      vertex 10.9354 -5.47305 2
      vertex 10.9354 -5.47305 2.6
    endloop
  endfacet
  facet normal -0.910366 0.413803 0
    outer loop
      vertex 10.8283 -5.70867 2
      vertex 10.9354 -5.47305 2.6
      vertex 10.9354 -5.47305 2
    endloop
  endfacet
  facet normal -0.910366 0.413803 0
    outer loop
      vertex 10.9354 -5.47305 2.6
      vertex 10.8283 -5.70867 2
      vertex 10.8283 -5.70867 2.6
    endloop
  endfacet
  facet normal -0.859521 0.5111 0
    outer loop
      vertex 10.357 -6.50126 2
      vertex 10.8283 -5.70867 2.6
      vertex 10.8283 -5.70867 2
    endloop
  endfacet
  facet normal -0.859521 0.5111 0
    outer loop
      vertex 10.8283 -5.70867 2.6
      vertex 10.357 -6.50126 2
      vertex 10.357 -6.50126 2.6
    endloop
  endfacet
  facet normal -0.815519 0.57873 0
    outer loop
      vertex 9.88576 -7.16531 2
      vertex 10.357 -6.50126 2.6
      vertex 10.357 -6.50126 2
    endloop
  endfacet
  facet normal -0.815519 0.57873 0
    outer loop
      vertex 10.357 -6.50126 2.6
      vertex 9.88576 -7.16531 2
      vertex 9.88576 -7.16531 2.6
    endloop
  endfacet
  facet normal -0.76976 0.638333 0
    outer loop
      vertex 9.15746 -8.04356 2
      vertex 9.88576 -7.16531 2.6
      vertex 9.88576 -7.16531 2
    endloop
  endfacet
  facet normal -0.76976 0.638333 0
    outer loop
      vertex 9.88576 -7.16531 2.6
      vertex 9.15746 -8.04356 2
      vertex 9.15746 -8.04356 2.6
    endloop
  endfacet
  facet normal -0.722641 0.691224 0
    outer loop
      vertex 8.68619 -8.53625 2
      vertex 9.15746 -8.04356 2.6
      vertex 9.15746 -8.04356 2
    endloop
  endfacet
  facet normal -0.722641 0.691224 0
    outer loop
      vertex 9.15746 -8.04356 2.6
      vertex 8.68619 -8.53625 2
      vertex 8.68619 -8.53625 2.6
    endloop
  endfacet
  facet normal -0.691224 0.722641 0
    outer loop
      vertex 8.68619 -8.53625 2
      vertex 8.1935 -9.00752 2.6
      vertex 8.68619 -8.53625 2.6
    endloop
  endfacet
  facet normal -0.691224 0.722641 0
    outer loop
      vertex 8.1935 -9.00752 2.6
      vertex 8.68619 -8.53625 2
      vertex 8.1935 -9.00752 2
    endloop
  endfacet
  facet normal -0.643192 0.765705 0
    outer loop
      vertex 8.1935 -9.00752 2
      vertex 7.658 -9.45734 2.6
      vertex 8.1935 -9.00752 2.6
    endloop
  endfacet
  facet normal -0.643192 0.765705 0
    outer loop
      vertex 7.658 -9.45734 2.6
      vertex 8.1935 -9.00752 2
      vertex 7.658 -9.45734 2
    endloop
  endfacet
  facet normal -0.599998 0.800002 0
    outer loop
      vertex 7.658 -9.45734 2
      vertex 7.05821 -9.90718 2.6
      vertex 7.658 -9.45734 2.6
    endloop
  endfacet
  facet normal -0.599998 0.800002 0
    outer loop
      vertex 7.05821 -9.90718 2.6
      vertex 7.658 -9.45734 2
      vertex 7.05821 -9.90718 2
    endloop
  endfacet
  facet normal -0.316095 0.948728 0
    outer loop
      vertex 7.05821 -9.90718 2
      vertex 6.99392 -9.9286 2.6
      vertex 7.05821 -9.90718 2.6
    endloop
  endfacet
  facet normal -0.316095 0.948728 0
    outer loop
      vertex 6.99392 -9.9286 2.6
      vertex 7.05821 -9.90718 2
      vertex 6.99392 -9.9286 2
    endloop
  endfacet
  facet normal -0.588261 0.808671 0
    outer loop
      vertex 6.99392 -9.9286 2
      vertex 6.52268 -10.2714 2.6
      vertex 6.99392 -9.9286 2.6
    endloop
  endfacet
  facet normal -0.588261 0.808671 0
    outer loop
      vertex 6.52268 -10.2714 2.6
      vertex 6.99392 -9.9286 2
      vertex 6.52268 -10.2714 2
    endloop
  endfacet
  facet normal -0.371092 0.928596 0
    outer loop
      vertex 6.52268 -10.2714 2
      vertex 6.41558 -10.3142 2.6
      vertex 6.52268 -10.2714 2.6
    endloop
  endfacet
  facet normal -0.371092 0.928596 0
    outer loop
      vertex 6.41558 -10.3142 2.6
      vertex 6.52268 -10.2714 2
      vertex 6.41558 -10.3142 2
    endloop
  endfacet
  facet normal -0.554676 0.832066 0
    outer loop
      vertex 6.41558 -10.3142 2
      vertex 6.09426 -10.5284 2.6
      vertex 6.41558 -10.3142 2.6
    endloop
  endfacet
  facet normal -0.554676 0.832066 0
    outer loop
      vertex 6.09426 -10.5284 2.6
      vertex 6.41558 -10.3142 2
      vertex 6.09426 -10.5284 2
    endloop
  endfacet
  facet normal -0.470591 0.882351 0
    outer loop
      vertex 6.09426 -10.5284 2
      vertex 5.13033 -11.0425 2.6
      vertex 6.09426 -10.5284 2.6
    endloop
  endfacet
  facet normal -0.470591 0.882351 0
    outer loop
      vertex 5.13033 -11.0425 2.6
      vertex 6.09426 -10.5284 2
      vertex 5.13033 -11.0425 2
    endloop
  endfacet
  facet normal 0 1 -0
    outer loop
      vertex 5.13033 -11.0425 2
      vertex 5.08746 -11.0425 2.6
      vertex 5.13033 -11.0425 2.6
    endloop
  endfacet
  facet normal 0 1 0
    outer loop
      vertex 5.08746 -11.0425 2.6
      vertex 5.13033 -11.0425 2
      vertex 5.08746 -11.0425 2
    endloop
  endfacet
  facet normal -0.485643 0.874157 0
    outer loop
      vertex 5.08746 -11.0425 2
      vertex 4.89468 -11.1496 2.6
      vertex 5.08746 -11.0425 2.6
    endloop
  endfacet
  facet normal -0.485643 0.874157 0
    outer loop
      vertex 4.89468 -11.1496 2.6
      vertex 5.08746 -11.0425 2
      vertex 4.89468 -11.1496 2
    endloop
  endfacet
  facet normal 0 1 -0
    outer loop
      vertex 4.89468 -11.1496 2
      vertex 4.85184 -11.1496 2.6
      vertex 4.89468 -11.1496 2.6
    endloop
  endfacet
  facet normal 0 1 0
    outer loop
      vertex 4.85184 -11.1496 2.6
      vertex 4.89468 -11.1496 2
      vertex 4.85184 -11.1496 2
    endloop
  endfacet
  facet normal -0.55479 0.831991 0
    outer loop
      vertex 4.85184 -11.1496 2
      vertex 4.72332 -11.2353 2.6
      vertex 4.85184 -11.1496 2.6
    endloop
  endfacet
  facet normal -0.55479 0.831991 0
    outer loop
      vertex 4.72332 -11.2353 2.6
      vertex 4.85184 -11.1496 2
      vertex 4.72332 -11.2353 2
    endloop
  endfacet
  facet normal -0.19594 0.980616 0
    outer loop
      vertex 4.72332 -11.2353 2
      vertex 4.61622 -11.2567 2.6
      vertex 4.72332 -11.2353 2.6
    endloop
  endfacet
  facet normal -0.19594 0.980616 0
    outer loop
      vertex 4.61622 -11.2567 2.6
      vertex 4.72332 -11.2353 2
      vertex 4.61622 -11.2567 2
    endloop
  endfacet
  facet normal -0.554341 0.832289 0
    outer loop
      vertex 4.61622 -11.2567 2
      vertex 4.55196 -11.2995 2.6
      vertex 4.61622 -11.2567 2.6
    endloop
  endfacet
  facet normal -0.554341 0.832289 0
    outer loop
      vertex 4.55196 -11.2995 2.6
      vertex 4.61622 -11.2567 2
      vertex 4.55196 -11.2995 2
    endloop
  endfacet
  facet normal -0.316201 0.948692 0
    outer loop
      vertex 4.55196 -11.2995 2
      vertex 4.23063 -11.4066 2.6
      vertex 4.55196 -11.2995 2.6
    endloop
  endfacet
  facet normal -0.316201 0.948692 0
    outer loop
      vertex 4.23063 -11.4066 2.6
      vertex 4.55196 -11.2995 2
      vertex 4.23063 -11.4066 2
    endloop
  endfacet
  facet normal -0.514731 0.857352 0
    outer loop
      vertex 4.23063 -11.4066 2
      vertex 4.12353 -11.4709 2.6
      vertex 4.23063 -11.4066 2.6
    endloop
  endfacet
  facet normal -0.514731 0.857352 0
    outer loop
      vertex 4.12353 -11.4709 2.6
      vertex 4.23063 -11.4066 2
      vertex 4.12353 -11.4709 2
    endloop
  endfacet
  facet normal -0.242855 0.970063 0
    outer loop
      vertex 4.12353 -11.4709 2
      vertex 3.95217 -11.5138 2.6
      vertex 4.12353 -11.4709 2.6
    endloop
  endfacet
  facet normal -0.242855 0.970063 0
    outer loop
      vertex 3.95217 -11.5138 2.6
      vertex 4.12353 -11.4709 2
      vertex 3.95217 -11.5138 2
    endloop
  endfacet
  facet normal -0.554341 0.832289 0
    outer loop
      vertex 3.95217 -11.5138 2
      vertex 3.88791 -11.5566 2.6
      vertex 3.95217 -11.5138 2.6
    endloop
  endfacet
  facet normal -0.554341 0.832289 0
    outer loop
      vertex 3.88791 -11.5566 2.6
      vertex 3.95217 -11.5138 2
      vertex 3.88791 -11.5566 2
    endloop
  endfacet
  facet normal -0.315896 0.948794 0
    outer loop
      vertex 3.88791 -11.5566 2
      vertex 3.75936 -11.5994 2.6
      vertex 3.88791 -11.5566 2.6
    endloop
  endfacet
  facet normal -0.315896 0.948794 0
    outer loop
      vertex 3.75936 -11.5994 2.6
      vertex 3.88791 -11.5566 2
      vertex 3.75936 -11.5994 2
    endloop
  endfacet
  facet normal 0 1 -0
    outer loop
      vertex 3.75936 -11.5994 2
      vertex 3.67368 -11.5994 2.6
      vertex 3.75936 -11.5994 2.6
    endloop
  endfacet
  facet normal 0 1 0
    outer loop
      vertex 3.67368 -11.5994 2.6
      vertex 3.75936 -11.5994 2
      vertex 3.67368 -11.5994 2
    endloop
  endfacet
  facet normal -0.555238 0.831692 0
    outer loop
      vertex 3.67368 -11.5994 2
      vertex 3.60942 -11.6423 2.6
      vertex 3.67368 -11.5994 2.6
    endloop
  endfacet
  facet normal -0.555238 0.831692 0
    outer loop
      vertex 3.60942 -11.6423 2.6
      vertex 3.67368 -11.5994 2
      vertex 3.60942 -11.6423 2
    endloop
  endfacet
  facet normal -0.316294 0.948661 0
    outer loop
      vertex 3.60942 -11.6423 2
      vertex 3.35238 -11.728 2.6
      vertex 3.60942 -11.6423 2.6
    endloop
  endfacet
  facet normal -0.316294 0.948661 0
    outer loop
      vertex 3.35238 -11.728 2.6
      vertex 3.60942 -11.6423 2
      vertex 3.35238 -11.728 2
    endloop
  endfacet
  facet normal -0.123921 0.992292 0
    outer loop
      vertex 3.35238 -11.728 2
      vertex 3.18102 -11.7494 2.6
      vertex 3.35238 -11.728 2.6
    endloop
  endfacet
  facet normal -0.123921 0.992292 0
    outer loop
      vertex 3.18102 -11.7494 2.6
      vertex 3.35238 -11.728 2
      vertex 3.18102 -11.7494 2
    endloop
  endfacet
  facet normal -0.31621 0.948689 0
    outer loop
      vertex 3.18102 -11.7494 2
      vertex 2.8597 -11.8565 2.6
      vertex 3.18102 -11.7494 2.6
    endloop
  endfacet
  facet normal -0.31621 0.948689 0
    outer loop
      vertex 2.8597 -11.8565 2.6
      vertex 3.18102 -11.7494 2
      vertex 2.8597 -11.8565 2
    endloop
  endfacet
  facet normal 0 1 -0
    outer loop
      vertex 2.8597 -11.8565 2
      vertex 2.77402 -11.8565 2.6
      vertex 2.8597 -11.8565 2.6
    endloop
  endfacet
  facet normal 0 1 0
    outer loop
      vertex 2.77402 -11.8565 2.6
      vertex 2.8597 -11.8565 2
      vertex 2.77402 -11.8565 2
    endloop
  endfacet
  facet normal -0.371062 0.928608 0
    outer loop
      vertex 2.77402 -11.8565 2
      vertex 2.66691 -11.8993 2.6
      vertex 2.77402 -11.8565 2.6
    endloop
  endfacet
  facet normal -0.371062 0.928608 0
    outer loop
      vertex 2.66691 -11.8993 2.6
      vertex 2.77402 -11.8565 2
      vertex 2.66691 -11.8993 2
    endloop
  endfacet
  facet normal 0 1 -0
    outer loop
      vertex 2.66691 -11.8993 2
      vertex 2.58124 -11.8993 2.6
      vertex 2.66691 -11.8993 2.6
    endloop
  endfacet
  facet normal 0 1 0
    outer loop
      vertex 2.58124 -11.8993 2.6
      vertex 2.66691 -11.8993 2
      vertex 2.58124 -11.8993 2
    endloop
  endfacet
  facet normal -0.706776 0.707437 0
    outer loop
      vertex 2.58124 -11.8993 2
      vertex 2.55982 -11.9207 2.6
      vertex 2.58124 -11.8993 2.6
    endloop
  endfacet
  facet normal -0.706776 0.707437 0
    outer loop
      vertex 2.55982 -11.9207 2.6
      vertex 2.58124 -11.8993 2
      vertex 2.55982 -11.9207 2
    endloop
  endfacet
  facet normal 0 1 -0
    outer loop
      vertex 2.55982 -11.9207 2
      vertex 2.47411 -11.9207 2.6
      vertex 2.55982 -11.9207 2.6
    endloop
  endfacet
  facet normal 0 1 0
    outer loop
      vertex 2.47411 -11.9207 2.6
      vertex 2.55982 -11.9207 2
      vertex 2.47411 -11.9207 2
    endloop
  endfacet
  facet normal -0.708424 0.705788 0
    outer loop
      vertex 2.45269 -11.9422 2
      vertex 2.47411 -11.9207 2.6
      vertex 2.47411 -11.9207 2
    endloop
  endfacet
  facet normal -0.708424 0.705788 0
    outer loop
      vertex 2.47411 -11.9207 2.6
      vertex 2.45269 -11.9422 2
      vertex 2.45269 -11.9422 2.6
    endloop
  endfacet
  facet normal 0 1 -0
    outer loop
      vertex 2.45269 -11.9422 2
      vertex 2.36701 -11.9422 2.6
      vertex 2.45269 -11.9422 2.6
    endloop
  endfacet
  facet normal 0 1 0
    outer loop
      vertex 2.36701 -11.9422 2.6
      vertex 2.45269 -11.9422 2
      vertex 2.36701 -11.9422 2
    endloop
  endfacet
  facet normal -0.315962 0.948772 0
    outer loop
      vertex 2.36701 -11.9422 2
      vertex 2.23849 -11.985 2.6
      vertex 2.36701 -11.9422 2.6
    endloop
  endfacet
  facet normal -0.315962 0.948772 0
    outer loop
      vertex 2.23849 -11.985 2.6
      vertex 2.36701 -11.9422 2
      vertex 2.23849 -11.985 2
    endloop
  endfacet
  facet normal -0.0904519 0.995901 0
    outer loop
      vertex 2.23849 -11.985 2
      vertex 2.00287 -12.0064 2.6
      vertex 2.23849 -11.985 2.6
    endloop
  endfacet
  facet normal -0.0904519 0.995901 0
    outer loop
      vertex 2.00287 -12.0064 2.6
      vertex 2.23849 -11.985 2
      vertex 2.00287 -12.0064 2
    endloop
  endfacet
  facet normal -0.706776 0.707437 0
    outer loop
      vertex 1.98145 -12.0278 2
      vertex 2.00287 -12.0064 2.6
      vertex 2.00287 -12.0064 2
    endloop
  endfacet
  facet normal -0.706776 0.707437 0
    outer loop
      vertex 2.00287 -12.0064 2.6
      vertex 1.98145 -12.0278 2
      vertex 1.98145 -12.0278 2.6
    endloop
  endfacet
  facet normal 0 1 -0
    outer loop
      vertex 1.98145 -12.0278 2
      vertex 1.83148 -12.0278 2.6
      vertex 1.98145 -12.0278 2.6
    endloop
  endfacet
  facet normal 0 1 0
    outer loop
      vertex 1.83148 -12.0278 2.6
      vertex 1.98145 -12.0278 2
      vertex 1.83148 -12.0278 2
    endloop
  endfacet
  facet normal -0.708424 0.705788 0
    outer loop
      vertex 1.81006 -12.0493 2
      vertex 1.83148 -12.0278 2.6
      vertex 1.83148 -12.0278 2
    endloop
  endfacet
  facet normal -0.708424 0.705788 0
    outer loop
      vertex 1.83148 -12.0278 2.6
      vertex 1.81006 -12.0493 2
      vertex 1.81006 -12.0493 2.6
    endloop
  endfacet
  facet normal -0.0865493 0.996248 0
    outer loop
      vertex 1.81006 -12.0493 2
      vertex 1.3174 -12.0921 2.6
      vertex 1.81006 -12.0493 2.6
    endloop
  endfacet
  facet normal -0.0865493 0.996248 0
    outer loop
      vertex 1.3174 -12.0921 2.6
      vertex 1.81006 -12.0493 2
      vertex 1.3174 -12.0921 2
    endloop
  endfacet
  facet normal -0.708424 0.705788 0
    outer loop
      vertex 1.29598 -12.1136 2
      vertex 1.3174 -12.0921 2.6
      vertex 1.3174 -12.0921 2
    endloop
  endfacet
  facet normal -0.708424 0.705788 0
    outer loop
      vertex 1.3174 -12.0921 2.6
      vertex 1.29598 -12.1136 2
      vertex 1.29598 -12.1136 2.6
    endloop
  endfacet
  facet normal 0 1 -0
    outer loop
      vertex 1.29598 -12.1136 2
      vertex 1.10317 -12.1136 2.6
      vertex 1.29598 -12.1136 2.6
    endloop
  endfacet
  facet normal 0 1 0
    outer loop
      vertex 1.10317 -12.1136 2.6
      vertex 1.29598 -12.1136 2
      vertex 1.10317 -12.1136 2
    endloop
  endfacet
  facet normal -0.706776 0.707437 0
    outer loop
      vertex 1.10317 -12.1136 2
      vertex 1.08175 -12.135 2.6
      vertex 1.10317 -12.1136 2.6
    endloop
  endfacet
  facet normal -0.706776 0.707437 0
    outer loop
      vertex 1.08175 -12.135 2.6
      vertex 1.10317 -12.1136 2
      vertex 1.08175 -12.135 2
    endloop
  endfacet
  facet normal -0.0356566 0.999364 0
    outer loop
      vertex 1.08175 -12.135 2
      vertex 0.481963 -12.1564 2.6
      vertex 1.08175 -12.135 2.6
    endloop
  endfacet
  facet normal -0.0356566 0.999364 0
    outer loop
      vertex 0.481963 -12.1564 2.6
      vertex 1.08175 -12.135 2
      vertex 0.481963 -12.1564 2
    endloop
  endfacet
  facet normal -0.706793 0.70742 0
    outer loop
      vertex 0.460544 -12.1778 2
      vertex 0.481963 -12.1564 2.6
      vertex 0.481963 -12.1564 2
    endloop
  endfacet
  facet normal -0.706793 0.70742 0
    outer loop
      vertex 0.481963 -12.1564 2.6
      vertex 0.460544 -12.1778 2
      vertex 0.460544 -12.1778 2.6
    endloop
  endfacet
  facet normal 0 1 -0
    outer loop
      vertex 0.460544 -12.1778 2
      vertex 0.396283 -12.1778 2.6
      vertex 0.460544 -12.1778 2.6
    endloop
  endfacet
  facet normal 0 1 0
    outer loop
      vertex 0.396283 -12.1778 2.6
      vertex 0.460544 -12.1778 2
      vertex 0.396283 -12.1778 2
    endloop
  endfacet
  facet normal 0.706776 0.707437 -0
    outer loop
      vertex 0.396283 -12.1778 2
      vertex 0.374863 -12.1564 2.6
      vertex 0.396283 -12.1778 2.6
    endloop
  endfacet
  facet normal 0.706776 0.707437 0
    outer loop
      vertex 0.374863 -12.1564 2.6
      vertex 0.396283 -12.1778 2
      vertex 0.374863 -12.1564 2
    endloop
  endfacet
  facet normal -0.446888 0.89459 0
    outer loop
      vertex 0.374863 -12.1564 2
      vertex 0.332024 -12.1778 2.6
      vertex 0.374863 -12.1564 2.6
    endloop
  endfacet
  facet normal -0.446888 0.89459 0
    outer loop
      vertex 0.332024 -12.1778 2.6
      vertex 0.374863 -12.1564 2
      vertex 0.332024 -12.1778 2
    endloop
  endfacet
  facet normal 0 1 -0
    outer loop
      vertex 0.332024 -12.1778 2
      vertex -0.696192 -12.1778 2.6
      vertex 0.332024 -12.1778 2.6
    endloop
  endfacet
  facet normal 0 1 0
    outer loop
      vertex -0.696192 -12.1778 2.6
      vertex 0.332024 -12.1778 2
      vertex -0.696192 -12.1778 2
    endloop
  endfacet
  facet normal 0 -1 0
    outer loop
      vertex 0.374863 -7.46519 2
      vertex 0.653352 -7.46519 2.6
      vertex 0.374863 -7.46519 2.6
    endloop
  endfacet
  facet normal 0 -1 -0
    outer loop
      vertex 0.653352 -7.46519 2.6
      vertex 0.374863 -7.46519 2
      vertex 0.653352 -7.46519 2
    endloop
  endfacet
  facet normal 0.707123 -0.70709 0
    outer loop
      vertex 0.653352 -7.46519 2.6
      vertex 0.674771 -7.44377 2
      vertex 0.674771 -7.44377 2.6
    endloop
  endfacet
  facet normal 0.707123 -0.70709 0
    outer loop
      vertex 0.674771 -7.44377 2
      vertex 0.653352 -7.46519 2.6
      vertex 0.653352 -7.46519 2
    endloop
  endfacet
  facet normal 0 -1 0
    outer loop
      vertex 0.674771 -7.44377 2
      vertex 0.867552 -7.44377 2.6
      vertex 0.674771 -7.44377 2.6
    endloop
  endfacet
  facet normal 0 -1 -0
    outer loop
      vertex 0.867552 -7.44377 2.6
      vertex 0.674771 -7.44377 2
      vertex 0.867552 -7.44377 2
    endloop
  endfacet
  facet normal 0.707123 -0.70709 0
    outer loop
      vertex 0.867552 -7.44377 2.6
      vertex 0.888971 -7.42235 2
      vertex 0.888971 -7.42235 2.6
    endloop
  endfacet
  facet normal 0.707123 -0.70709 0
    outer loop
      vertex 0.888971 -7.42235 2
      vertex 0.867552 -7.44377 2.6
      vertex 0.867552 -7.44377 2
    endloop
  endfacet
  facet normal 0.0665192 -0.997785 0
    outer loop
      vertex 0.888971 -7.42235 2
      vertex 1.21027 -7.40093 2.6
      vertex 0.888971 -7.42235 2.6
    endloop
  endfacet
  facet normal 0.0665192 -0.997785 0
    outer loop
      vertex 1.21027 -7.40093 2.6
      vertex 0.888971 -7.42235 2
      vertex 1.21027 -7.40093 2
    endloop
  endfacet
  facet normal 0.707107 -0.707107 0
    outer loop
      vertex 1.21027 -7.40093 2.6
      vertex 1.23169 -7.37951 2
      vertex 1.23169 -7.37951 2.6
    endloop
  endfacet
  facet normal 0.707107 -0.707107 0
    outer loop
      vertex 1.23169 -7.37951 2
      vertex 1.21027 -7.40093 2.6
      vertex 1.21027 -7.40093 2
    endloop
  endfacet
  facet normal 0.155951 -0.987765 0
    outer loop
      vertex 1.23169 -7.37951 2
      vertex 1.6387 -7.31525 2.6
      vertex 1.23169 -7.37951 2.6
    endloop
  endfacet
  facet normal 0.155951 -0.987765 0
    outer loop
      vertex 1.6387 -7.31525 2.6
      vertex 1.23169 -7.37951 2
      vertex 1.6387 -7.31525 2
    endloop
  endfacet
  facet normal 0.371391 -0.928477 0
    outer loop
      vertex 1.6387 -7.31525 2
      vertex 1.7458 -7.27241 2.6
      vertex 1.6387 -7.31525 2.6
    endloop
  endfacet
  facet normal 0.371391 -0.928477 0
    outer loop
      vertex 1.7458 -7.27241 2.6
      vertex 1.6387 -7.31525 2
      vertex 1.7458 -7.27241 2
    endloop
  endfacet
  facet normal 0 -1 0
    outer loop
      vertex 1.7458 -7.27241 2
      vertex 1.83148 -7.27241 2.6
      vertex 1.7458 -7.27241 2.6
    endloop
  endfacet
  facet normal 0 -1 -0
    outer loop
      vertex 1.83148 -7.27241 2.6
      vertex 1.7458 -7.27241 2
      vertex 1.83148 -7.27241 2
    endloop
  endfacet
  facet normal 0.282145 -0.959372 0
    outer loop
      vertex 1.83148 -7.27241 2
      vertex 2.55982 -7.05821 2.6
      vertex 1.83148 -7.27241 2.6
    endloop
  endfacet
  facet normal 0.282145 -0.959372 0
    outer loop
      vertex 2.55982 -7.05821 2.6
      vertex 1.83148 -7.27241 2
      vertex 2.55982 -7.05821 2
    endloop
  endfacet
  facet normal 0.55476 -0.83201 0
    outer loop
      vertex 2.55982 -7.05821 2
      vertex 2.62407 -7.01537 2.6
      vertex 2.55982 -7.05821 2.6
    endloop
  endfacet
  facet normal 0.55476 -0.83201 0
    outer loop
      vertex 2.62407 -7.01537 2.6
      vertex 2.55982 -7.05821 2
      vertex 2.62407 -7.01537 2
    endloop
  endfacet
  facet normal 0.196363 -0.980531 0
    outer loop
      vertex 2.62407 -7.01537 2
      vertex 2.73118 -6.99392 2.6
      vertex 2.62407 -7.01537 2.6
    endloop
  endfacet
  facet normal 0.196363 -0.980531 0
    outer loop
      vertex 2.73118 -6.99392 2.6
      vertex 2.62407 -7.01537 2
      vertex 2.73118 -6.99392 2
    endloop
  endfacet
  facet normal 0.55476 -0.83201 0
    outer loop
      vertex 2.73118 -6.99392 2
      vertex 2.79543 -6.95108 2.6
      vertex 2.73118 -6.99392 2.6
    endloop
  endfacet
  facet normal 0.55476 -0.83201 0
    outer loop
      vertex 2.79543 -6.95108 2.6
      vertex 2.73118 -6.99392 2
      vertex 2.79543 -6.95108 2
    endloop
  endfacet
  facet normal 0.316217 -0.948687 0
    outer loop
      vertex 2.79543 -6.95108 2
      vertex 3.05248 -6.8654 2.6
      vertex 2.79543 -6.95108 2.6
    endloop
  endfacet
  facet normal 0.316217 -0.948687 0
    outer loop
      vertex 3.05248 -6.8654 2.6
      vertex 2.79543 -6.95108 2
      vertex 3.05248 -6.8654 2
    endloop
  endfacet
  facet normal 0.485604 -0.874179 0
    outer loop
      vertex 3.05248 -6.8654 2
      vertex 3.24528 -6.7583 2.6
      vertex 3.05248 -6.8654 2.6
    endloop
  endfacet
  facet normal 0.485604 -0.874179 0
    outer loop
      vertex 3.24528 -6.7583 2.6
      vertex 3.05248 -6.8654 2
      vertex 3.24528 -6.7583 2
    endloop
  endfacet
  facet normal 0 -1 0
    outer loop
      vertex 3.24528 -6.7583 2
      vertex 3.28812 -6.7583 2.6
      vertex 3.24528 -6.7583 2.6
    endloop
  endfacet
  facet normal 0 -1 -0
    outer loop
      vertex 3.28812 -6.7583 2.6
      vertex 3.24528 -6.7583 2
      vertex 3.28812 -6.7583 2
    endloop
  endfacet
  facet normal 0.707107 -0.707107 0
    outer loop
      vertex 3.28812 -6.7583 2.6
      vertex 3.33096 -6.71546 2
      vertex 3.33096 -6.71546 2.6
    endloop
  endfacet
  facet normal 0.707107 -0.707107 0
    outer loop
      vertex 3.33096 -6.71546 2
      vertex 3.28812 -6.7583 2.6
      vertex 3.28812 -6.7583 2
    endloop
  endfacet
  facet normal 0.447194 -0.894437 0
    outer loop
      vertex 3.33096 -6.71546 2
      vertex 3.88791 -6.437 2.6
      vertex 3.33096 -6.71546 2.6
    endloop
  endfacet
  facet normal 0.447194 -0.894437 0
    outer loop
      vertex 3.88791 -6.437 2.6
      vertex 3.33096 -6.71546 2
      vertex 3.88791 -6.437 2
    endloop
  endfacet
  facet normal 0.565528 -0.824729 0
    outer loop
      vertex 3.88791 -6.437 2
      vertex 4.63764 -5.9229 2.6
      vertex 3.88791 -6.437 2.6
    endloop
  endfacet
  facet normal 0.565528 -0.824729 0
    outer loop
      vertex 4.63764 -5.9229 2.6
      vertex 3.88791 -6.437 2
      vertex 4.63764 -5.9229 2
    endloop
  endfacet
  facet normal 0.643196 -0.765701 0
    outer loop
      vertex 4.63764 -5.9229 2
      vertex 5.17317 -5.47305 2.6
      vertex 4.63764 -5.9229 2.6
    endloop
  endfacet
  facet normal 0.643196 -0.765701 0
    outer loop
      vertex 5.17317 -5.47305 2.6
      vertex 4.63764 -5.9229 2
      vertex 5.17317 -5.47305 2
    endloop
  endfacet
  facet normal 0.707127 -0.707087 0
    outer loop
      vertex 5.17317 -5.47305 2.6
      vertex 5.70867 -4.93752 2
      vertex 5.70867 -4.93752 2.6
    endloop
  endfacet
  facet normal 0.707127 -0.707087 0
    outer loop
      vertex 5.70867 -4.93752 2
      vertex 5.17317 -5.47305 2.6
      vertex 5.17317 -5.47305 2
    endloop
  endfacet
  facet normal 0.763346 -0.64599 0
    outer loop
      vertex 5.70867 -4.93752 2.6
      vertex 5.94432 -4.65906 2
      vertex 5.94432 -4.65906 2.6
    endloop
  endfacet
  facet normal 0.763346 -0.64599 0
    outer loop
      vertex 5.94432 -4.65906 2
      vertex 5.70867 -4.93752 2.6
      vertex 5.70867 -4.93752 2
    endloop
  endfacet
  facet normal 0.83207 -0.55467 0
    outer loop
      vertex 5.94432 -4.65906 2.6
      vertex 6.07283 -4.46628 2
      vertex 6.07283 -4.46628 2.6
    endloop
  endfacet
  facet normal 0.83207 -0.55467 0
    outer loop
      vertex 6.07283 -4.46628 2
      vertex 5.94432 -4.65906 2.6
      vertex 5.94432 -4.65906 2
    endloop
  endfacet
  facet normal 0.554909 -0.831911 0
    outer loop
      vertex 6.07283 -4.46628 2
      vertex 6.1371 -4.42341 2.6
      vertex 6.07283 -4.46628 2.6
    endloop
  endfacet
  facet normal 0.554909 -0.831911 0
    outer loop
      vertex 6.1371 -4.42341 2.6
      vertex 6.07283 -4.46628 2
      vertex 6.1371 -4.42341 2
    endloop
  endfacet
  facet normal 0.948728 -0.316095 0
    outer loop
      vertex 6.1371 -4.42341 2.6
      vertex 6.15851 -4.35915 2
      vertex 6.15851 -4.35915 2.6
    endloop
  endfacet
  facet normal 0.948728 -0.316095 0
    outer loop
      vertex 6.15851 -4.35915 2
      vertex 6.1371 -4.42341 2.6
      vertex 6.1371 -4.42341 2
    endloop
  endfacet
  facet normal 0.822186 -0.569219 0
    outer loop
      vertex 6.15851 -4.35915 2.6
      vertex 6.5441 -3.8022 2
      vertex 6.5441 -3.8022 2.6
    endloop
  endfacet
  facet normal 0.822186 -0.569219 0
    outer loop
      vertex 6.5441 -3.8022 2
      vertex 6.15851 -4.35915 2.6
      vertex 6.15851 -4.35915 2
    endloop
  endfacet
  facet normal 0.884918 -0.465746 0
    outer loop
      vertex 6.5441 -3.8022 2.6
      vertex 6.7583 -3.39522 2
      vertex 6.7583 -3.39522 2.6
    endloop
  endfacet
  facet normal 0.884918 -0.465746 0
    outer loop
      vertex 6.7583 -3.39522 2
      vertex 6.5441 -3.8022 2.6
      vertex 6.5441 -3.8022 2
    endloop
  endfacet
  facet normal 0.447214 -0.894427 0
    outer loop
      vertex 6.7583 -3.39522 2
      vertex 6.80114 -3.3738 2.6
      vertex 6.7583 -3.39522 2.6
    endloop
  endfacet
  facet normal 0.447214 -0.894427 0
    outer loop
      vertex 6.80114 -3.3738 2.6
      vertex 6.7583 -3.39522 2
      vertex 6.80114 -3.3738 2
    endloop
  endfacet
  facet normal 0.918059 -0.396443 0
    outer loop
      vertex 6.80114 -3.3738 2.6
      vertex 7.20815 -2.43127 2
      vertex 7.20815 -2.43127 2.6
    endloop
  endfacet
  facet normal 0.918059 -0.396443 0
    outer loop
      vertex 7.20815 -2.43127 2
      vertex 6.80114 -3.3738 2.6
      vertex 6.80114 -3.3738 2
    endloop
  endfacet
  facet normal 0.948683 -0.316228 0
    outer loop
      vertex 7.20815 -2.43127 2.6
      vertex 7.31525 -2.10997 2
      vertex 7.31525 -2.10997 2.6
    endloop
  endfacet
  facet normal 0.948683 -0.316228 0
    outer loop
      vertex 7.31525 -2.10997 2
      vertex 7.20815 -2.43127 2.6
      vertex 7.20815 -2.43127 2
    endloop
  endfacet
  facet normal 1 -0 0
    outer loop
      vertex 7.31525 -2.10997 2.6
      vertex 7.31525 -2.04571 2
      vertex 7.31525 -2.04571 2.6
    endloop
  endfacet
  facet normal 1 0 0
    outer loop
      vertex 7.31525 -2.04571 2
      vertex 7.31525 -2.10997 2.6
      vertex 7.31525 -2.10997 2
    endloop
  endfacet
  facet normal 0.919174 -0.393853 0
    outer loop
      vertex 7.31525 -2.04571 2.6
      vertex 7.37951 -1.89574 2
      vertex 7.37951 -1.89574 2.6
    endloop
  endfacet
  facet normal 0.919174 -0.393853 0
    outer loop
      vertex 7.37951 -1.89574 2
      vertex 7.31525 -2.04571 2.6
      vertex 7.31525 -2.04571 2
    endloop
  endfacet
  facet normal 1 -0 0
    outer loop
      vertex 7.37951 -1.89574 2.6
      vertex 7.37951 -1.83148 2
      vertex 7.37951 -1.83148 2.6
    endloop
  endfacet
  facet normal 1 0 0
    outer loop
      vertex 7.37951 -1.83148 2
      vertex 7.37951 -1.89574 2.6
      vertex 7.37951 -1.89574 2
    endloop
  endfacet
  facet normal 0.961524 -0.274721 0
    outer loop
      vertex 7.37951 -1.83148 2.6
      vertex 7.50803 -1.38166 2
      vertex 7.50803 -1.38166 2.6
    endloop
  endfacet
  facet normal 0.961524 -0.274721 0
    outer loop
      vertex 7.50803 -1.38166 2
      vertex 7.37951 -1.83148 2.6
      vertex 7.37951 -1.83148 2
    endloop
  endfacet
  facet normal 0.995039 -0.0994899 0
    outer loop
      vertex 7.50803 -1.38166 2.6
      vertex 7.52945 -1.16743 2
      vertex 7.52945 -1.16743 2.6
    endloop
  endfacet
  facet normal 0.995039 -0.0994899 0
    outer loop
      vertex 7.52945 -1.16743 2
      vertex 7.50803 -1.38166 2.6
      vertex 7.50803 -1.38166 2
    endloop
  endfacet
  facet normal 0.707107 -0.707107 0
    outer loop
      vertex 7.52945 -1.16743 2.6
      vertex 7.55087 -1.14601 2
      vertex 7.55087 -1.14601 2.6
    endloop
  endfacet
  facet normal 0.707107 -0.707107 0
    outer loop
      vertex 7.55087 -1.14601 2
      vertex 7.52945 -1.16743 2.6
      vertex 7.52945 -1.16743 2
    endloop
  endfacet
  facet normal 0.998053 -0.0623786 0
    outer loop
      vertex 7.55087 -1.14601 2.6
      vertex 7.57229 -0.803292 2
      vertex 7.57229 -0.803292 2.6
    endloop
  endfacet
  facet normal 0.998053 -0.0623786 0
    outer loop
      vertex 7.57229 -0.803292 2
      vertex 7.55087 -1.14601 2.6
      vertex 7.55087 -1.14601 2
    endloop
  endfacet
  facet normal 0.707107 -0.707107 0
    outer loop
      vertex 7.57229 -0.803292 2.6
      vertex 7.59371 -0.781872 2
      vertex 7.59371 -0.781872 2.6
    endloop
  endfacet
  facet normal 0.707107 -0.707107 0
    outer loop
      vertex 7.59371 -0.781872 2
      vertex 7.57229 -0.803292 2.6
      vertex 7.57229 -0.803292 2
    endloop
  endfacet
  facet normal 1 -0 0
    outer loop
      vertex 7.59371 -0.781872 2.6
      vertex 7.59371 -0.546224 2
      vertex 7.59371 -0.546224 2.6
    endloop
  endfacet
  facet normal 1 0 0
    outer loop
      vertex 7.59371 -0.546224 2
      vertex 7.59371 -0.781872 2.6
      vertex 7.59371 -0.781872 2
    endloop
  endfacet
  facet normal 0.707107 -0.707107 0
    outer loop
      vertex 7.59371 -0.546224 2.6
      vertex 7.61513 -0.524804 2
      vertex 7.61513 -0.524804 2.6
    endloop
  endfacet
  facet normal 0.707107 -0.707107 0
    outer loop
      vertex 7.61513 -0.524804 2
      vertex 7.59371 -0.546224 2.6
      vertex 7.59371 -0.546224 2
    endloop
  endfacet
  facet normal 1 -0 0
    outer loop
      vertex 7.61513 -0.524804 2.6
      vertex 7.61513 0.396283 2
      vertex 7.61513 0.396283 2.6
    endloop
  endfacet
  facet normal 1 0 0
    outer loop
      vertex 7.61513 0.396283 2
      vertex 7.61513 -0.524804 2.6
      vertex 7.61513 -0.524804 2
    endloop
  endfacet
  facet normal 0.707123 0.70709 0
    outer loop
      vertex 7.61513 0.396283 2.6
      vertex 7.59371 0.417704 2
      vertex 7.59371 0.417704 2.6
    endloop
  endfacet
  facet normal 0.707123 0.70709 0
    outer loop
      vertex 7.59371 0.417704 2
      vertex 7.61513 0.396283 2.6
      vertex 7.61513 0.396283 2
    endloop
  endfacet
  facet normal 1 -0 0
    outer loop
      vertex 7.59371 0.417704 2.6
      vertex 7.59371 0.674771 2
      vertex 7.59371 0.674771 2.6
    endloop
  endfacet
  facet normal 1 0 0
    outer loop
      vertex 7.59371 0.674771 2
      vertex 7.59371 0.417704 2.6
      vertex 7.59371 0.417704 2
    endloop
  endfacet
  facet normal 0.707123 0.70709 0
    outer loop
      vertex 7.59371 0.674771 2.6
      vertex 7.57229 0.696192 2
      vertex 7.57229 0.696192 2.6
    endloop
  endfacet
  facet normal 0.707123 0.70709 0
    outer loop
      vertex 7.57229 0.696192 2
      vertex 7.59371 0.674771 2.6
      vertex 7.59371 0.674771 2
    endloop
  endfacet
  facet normal 1 -0 0
    outer loop
      vertex 7.57229 0.696192 2.6
      vertex 7.57229 0.888971 2
      vertex 7.57229 0.888971 2.6
    endloop
  endfacet
  facet normal 1 0 0
    outer loop
      vertex 7.57229 0.888971 2
      vertex 7.57229 0.696192 2.6
      vertex 7.57229 0.696192 2
    endloop
  endfacet
  facet normal 0.707107 0.707107 0
    outer loop
      vertex 7.57229 0.888971 2.6
      vertex 7.55087 0.910391 2
      vertex 7.55087 0.910391 2.6
    endloop
  endfacet
  facet normal 0.707107 0.707107 0
    outer loop
      vertex 7.55087 0.910391 2
      vertex 7.57229 0.888971 2.6
      vertex 7.57229 0.888971 2
    endloop
  endfacet
  facet normal 0.997785 0.0665192 0
    outer loop
      vertex 7.55087 0.910391 2.6
      vertex 7.52945 1.23169 2
      vertex 7.52945 1.23169 2.6
    endloop
  endfacet
  facet normal 0.997785 0.0665192 0
    outer loop
      vertex 7.52945 1.23169 2
      vertex 7.55087 0.910391 2.6
      vertex 7.55087 0.910391 2
    endloop
  endfacet
  facet normal 0.707107 0.707107 0
    outer loop
      vertex 7.52945 1.23169 2.6
      vertex 7.50803 1.25311 2
      vertex 7.50803 1.25311 2.6
    endloop
  endfacet
  facet normal 0.707107 0.707107 0
    outer loop
      vertex 7.50803 1.25311 2
      vertex 7.52945 1.23169 2.6
      vertex 7.52945 1.23169 2
    endloop
  endfacet
  facet normal 0.987765 0.155951 0
    outer loop
      vertex 7.50803 1.25311 2.6
      vertex 7.44377 1.66012 2
      vertex 7.44377 1.66012 2.6
    endloop
  endfacet
  facet normal 0.987765 0.155951 0
    outer loop
      vertex 7.44377 1.66012 2
      vertex 7.50803 1.25311 2.6
      vertex 7.50803 1.25311 2
    endloop
  endfacet
  facet normal 0.928477 0.371391 0
    outer loop
      vertex 7.44377 1.66012 2.6
      vertex 7.40093 1.76722 2
      vertex 7.40093 1.76722 2.6
    endloop
  endfacet
  facet normal 0.928477 0.371391 0
    outer loop
      vertex 7.40093 1.76722 2
      vertex 7.44377 1.66012 2.6
      vertex 7.44377 1.66012 2
    endloop
  endfacet
  facet normal 1 -0 0
    outer loop
      vertex 7.40093 1.76722 2.6
      vertex 7.40093 1.8529 2
      vertex 7.40093 1.8529 2.6
    endloop
  endfacet
  facet normal 1 0 0
    outer loop
      vertex 7.40093 1.8529 2
      vertex 7.40093 1.76722 2.6
      vertex 7.40093 1.76722 2
    endloop
  endfacet
  facet normal 0.957831 0.287333 0
    outer loop
      vertex 7.40093 1.8529 2.6
      vertex 7.14389 2.70975 2
      vertex 7.14389 2.70975 2.6
    endloop
  endfacet
  facet normal 0.957831 0.287333 0
    outer loop
      vertex 7.14389 2.70975 2
      vertex 7.40093 1.8529 2.6
      vertex 7.40093 1.8529 2
    endloop
  endfacet
  facet normal 0.857514 0.51446 0
    outer loop
      vertex 7.14389 2.70975 2.6
      vertex 7.07963 2.81686 2
      vertex 7.07963 2.81686 2.6
    endloop
  endfacet
  facet normal 0.857514 0.51446 0
    outer loop
      vertex 7.07963 2.81686 2
      vertex 7.14389 2.70975 2.6
      vertex 7.14389 2.70975 2
    endloop
  endfacet
  facet normal 0.980577 0.196134 0
    outer loop
      vertex 7.07963 2.81686 2.6
      vertex 7.05821 2.92395 2
      vertex 7.05821 2.92395 2.6
    endloop
  endfacet
  facet normal 0.980577 0.196134 0
    outer loop
      vertex 7.05821 2.92395 2
      vertex 7.07963 2.81686 2.6
      vertex 7.07963 2.81686 2
    endloop
  endfacet
  facet normal 0.880453 0.474134 0
    outer loop
      vertex 7.05821 2.92395 2.6
      vertex 6.90824 3.20244 2
      vertex 6.90824 3.20244 2.6
    endloop
  endfacet
  facet normal 0.880453 0.474134 0
    outer loop
      vertex 6.90824 3.20244 2
      vertex 7.05821 2.92395 2.6
      vertex 7.05821 2.92395 2
    endloop
  endfacet
  facet normal 1 -0 0
    outer loop
      vertex 6.90824 3.20244 2.6
      vertex 6.90824 3.24528 2
      vertex 6.90824 3.24528 2.6
    endloop
  endfacet
  facet normal 1 0 0
    outer loop
      vertex 6.90824 3.24528 2
      vertex 6.90824 3.20244 2.6
      vertex 6.90824 3.20244 2
    endloop
  endfacet
  facet normal 0.877904 0.478836 0
    outer loop
      vertex 6.90824 3.24528 2.6
      vertex 6.52268 3.95217 2
      vertex 6.52268 3.95217 2.6
    endloop
  endfacet
  facet normal 0.877904 0.478836 0
    outer loop
      vertex 6.52268 3.95217 2
      vertex 6.90824 3.24528 2.6
      vertex 6.90824 3.24528 2
    endloop
  endfacet
  facet normal 0.827913 0.560856 0
    outer loop
      vertex 6.52268 3.95217 2.6
      vertex 6.07283 4.61622 2
      vertex 6.07283 4.61622 2.6
    endloop
  endfacet
  facet normal 0.827913 0.560856 0
    outer loop
      vertex 6.07283 4.61622 2
      vertex 6.52268 3.95217 2.6
      vertex 6.52268 3.95217 2
    endloop
  endfacet
  facet normal 0.773941 0.633257 0
    outer loop
      vertex 6.07283 4.61622 2.6
      vertex 5.68725 5.08746 2
      vertex 5.68725 5.08746 2.6
    endloop
  endfacet
  facet normal 0.773941 0.633257 0
    outer loop
      vertex 5.68725 5.08746 2
      vertex 6.07283 4.61622 2.6
      vertex 6.07283 4.61622 2
    endloop
  endfacet
  facet normal 0.707117 0.707096 0
    outer loop
      vertex 5.68725 5.08746 2.6
      vertex 5.00178 5.77295 2
      vertex 5.00178 5.77295 2.6
    endloop
  endfacet
  facet normal 0.707117 0.707096 0
    outer loop
      vertex 5.00178 5.77295 2
      vertex 5.68725 5.08746 2.6
      vertex 5.68725 5.08746 2
    endloop
  endfacet
  facet normal 0.645922 0.763403 -0
    outer loop
      vertex 5.00178 5.77295 2
      vertex 4.44483 6.24419 2.6
      vertex 5.00178 5.77295 2.6
    endloop
  endfacet
  facet normal 0.645922 0.763403 0
    outer loop
      vertex 4.44483 6.24419 2.6
      vertex 5.00178 5.77295 2
      vertex 4.44483 6.24419 2
    endloop
  endfacet
  facet normal 0.575522 0.817786 -0
    outer loop
      vertex 4.44483 6.24419 2
      vertex 3.86649 6.6512 2.6
      vertex 4.44483 6.24419 2.6
    endloop
  endfacet
  facet normal 0.575522 0.817786 0
    outer loop
      vertex 3.86649 6.6512 2.6
      vertex 4.44483 6.24419 2
      vertex 3.86649 6.6512 2
    endloop
  endfacet
  facet normal 0.481893 0.87623 -0
    outer loop
      vertex 3.86649 6.6512 2
      vertex 3.43806 6.88682 2.6
      vertex 3.86649 6.6512 2.6
    endloop
  endfacet
  facet normal 0.481893 0.87623 0
    outer loop
      vertex 3.43806 6.88682 2.6
      vertex 3.86649 6.6512 2
      vertex 3.43806 6.88682 2
    endloop
  endfacet
  facet normal 0.707107 0.707107 0
    outer loop
      vertex 3.43806 6.88682 2.6
      vertex 3.39522 6.92966 2
      vertex 3.39522 6.92966 2.6
    endloop
  endfacet
  facet normal 0.707107 0.707107 0
    outer loop
      vertex 3.39522 6.92966 2
      vertex 3.43806 6.88682 2.6
      vertex 3.43806 6.88682 2
    endloop
  endfacet
  facet normal 0.422904 0.906174 -0
    outer loop
      vertex 3.39522 6.92966 2
      vertex 2.75259 7.22957 2.6
      vertex 3.39522 6.92966 2.6
    endloop
  endfacet
  facet normal 0.422904 0.906174 0
    outer loop
      vertex 2.75259 7.22957 2.6
      vertex 3.39522 6.92966 2
      vertex 2.75259 7.22957 2
    endloop
  endfacet
  facet normal 0.325981 0.945376 -0
    outer loop
      vertex 2.75259 7.22957 2
      vertex 2.13139 7.44377 2.6
      vertex 2.75259 7.22957 2.6
    endloop
  endfacet
  facet normal 0.325981 0.945376 0
    outer loop
      vertex 2.13139 7.44377 2.6
      vertex 2.75259 7.22957 2
      vertex 2.13139 7.44377 2
    endloop
  endfacet
  facet normal 0 1 -0
    outer loop
      vertex 2.13139 7.44377 2
      vertex 2.06713 7.44377 2.6
      vertex 2.13139 7.44377 2.6
    endloop
  endfacet
  facet normal 0 1 0
    outer loop
      vertex 2.06713 7.44377 2.6
      vertex 2.13139 7.44377 2
      vertex 2.06713 7.44377 2
    endloop
  endfacet
  facet normal 0.294057 0.955788 -0
    outer loop
      vertex 2.06713 7.44377 2
      vertex 1.78864 7.52945 2.6
      vertex 2.06713 7.44377 2.6
    endloop
  endfacet
  facet normal 0.294057 0.955788 0
    outer loop
      vertex 1.78864 7.52945 2.6
      vertex 2.06713 7.44377 2
      vertex 1.78864 7.52945 2
    endloop
  endfacet
  facet normal 0 1 -0
    outer loop
      vertex 1.78864 7.52945 2
      vertex 1.70296 7.52945 2.6
      vertex 1.78864 7.52945 2.6
    endloop
  endfacet
  facet normal 0 1 0
    outer loop
      vertex 1.70296 7.52945 2.6
      vertex 1.78864 7.52945 2
      vertex 1.70296 7.52945 2
    endloop
  endfacet
  facet normal 0.371391 0.928477 -0
    outer loop
      vertex 1.70296 7.52945 2
      vertex 1.59586 7.57229 2.6
      vertex 1.70296 7.52945 2.6
    endloop
  endfacet
  facet normal 0.371391 0.928477 0
    outer loop
      vertex 1.59586 7.57229 2.6
      vertex 1.70296 7.52945 2
      vertex 1.59586 7.57229 2
    endloop
  endfacet
  facet normal 0.110432 0.993884 -0
    outer loop
      vertex 1.59586 7.57229 2
      vertex 1.40308 7.59371 2.6
      vertex 1.59586 7.57229 2.6
    endloop
  endfacet
  facet normal 0.110432 0.993884 0
    outer loop
      vertex 1.40308 7.59371 2.6
      vertex 1.59586 7.57229 2
      vertex 1.40308 7.59371 2
    endloop
  endfacet
  facet normal 0.707107 0.707107 0
    outer loop
      vertex 1.40308 7.59371 2.6
      vertex 1.38166 7.61513 2
      vertex 1.38166 7.61513 2.6
    endloop
  endfacet
  facet normal 0.707107 0.707107 0
    outer loop
      vertex 1.38166 7.61513 2
      vertex 1.40308 7.59371 2.6
      vertex 1.40308 7.59371 2
    endloop
  endfacet
  facet normal 0 1 -0
    outer loop
      vertex 1.38166 7.61513 2
      vertex 1.23169 7.61513 2.6
      vertex 1.38166 7.61513 2.6
    endloop
  endfacet
  facet normal 0 1 0
    outer loop
      vertex 1.23169 7.61513 2.6
      vertex 1.38166 7.61513 2
      vertex 1.23169 7.61513 2
    endloop
  endfacet
  facet normal 0.707601 0.706612 0
    outer loop
      vertex 1.23169 7.61513 2.6
      vertex 1.21027 7.63658 2
      vertex 1.21027 7.63658 2.6
    endloop
  endfacet
  facet normal 0.707601 0.706612 0
    outer loop
      vertex 1.21027 7.63658 2
      vertex 1.23169 7.61513 2.6
      vertex 1.23169 7.61513 2
    endloop
  endfacet
  facet normal 0.0712473 0.997459 -0
    outer loop
      vertex 1.21027 7.63658 2
      vertex 0.910391 7.658 2.6
      vertex 1.21027 7.63658 2.6
    endloop
  endfacet
  facet normal 0.0712473 0.997459 0
    outer loop
      vertex 0.910391 7.658 2.6
      vertex 1.21027 7.63658 2
      vertex 0.910391 7.658 2
    endloop
  endfacet
  facet normal 0.707107 0.707107 0
    outer loop
      vertex 0.910391 7.658 2.6
      vertex 0.888971 7.67942 2
      vertex 0.888971 7.67942 2.6
    endloop
  endfacet
  facet normal 0.707107 0.707107 0
    outer loop
      vertex 0.888971 7.67942 2
      vertex 0.910391 7.658 2.6
      vertex 0.910391 7.658 2
    endloop
  endfacet
  facet normal 0 1 -0
    outer loop
      vertex 0.888971 7.67942 2
      vertex 0.674771 7.67942 2.6
      vertex 0.888971 7.67942 2.6
    endloop
  endfacet
  facet normal 0 1 0
    outer loop
      vertex 0.674771 7.67942 2.6
      vertex 0.888971 7.67942 2
      vertex 0.674771 7.67942 2
    endloop
  endfacet
  facet normal 0.707123 0.70709 0
    outer loop
      vertex 0.674771 7.67942 2.6
      vertex 0.653352 7.70084 2
      vertex 0.653352 7.70084 2.6
    endloop
  endfacet
  facet normal 0.707123 0.70709 0
    outer loop
      vertex 0.653352 7.70084 2
      vertex 0.674771 7.67942 2.6
      vertex 0.674771 7.67942 2
    endloop
  endfacet
  facet normal 0.0263049 0.999654 -0
    outer loop
      vertex 0.653352 7.70084 2
      vertex -0.160664 7.72226 2.6
      vertex 0.653352 7.70084 2.6
    endloop
  endfacet
  facet normal 0.0263049 0.999654 0
    outer loop
      vertex -0.160664 7.72226 2.6
      vertex 0.653352 7.70084 2
      vertex -0.160664 7.72226 2
    endloop
  endfacet
  facet normal -0.707107 0.707107 0
    outer loop
      vertex -0.182084 7.70084 2
      vertex -0.160664 7.72226 2.6
      vertex -0.160664 7.72226 2
    endloop
  endfacet
  facet normal -0.707107 0.707107 0
    outer loop
      vertex -0.160664 7.72226 2.6
      vertex -0.182084 7.70084 2
      vertex -0.182084 7.70084 2.6
    endloop
  endfacet
  facet normal 0 1 -0
    outer loop
      vertex -0.182084 7.70084 2
      vertex -0.481964 7.70084 2.6
      vertex -0.182084 7.70084 2.6
    endloop
  endfacet
  facet normal 0 1 0
    outer loop
      vertex -0.481964 7.70084 2.6
      vertex -0.182084 7.70084 2
      vertex -0.481964 7.70084 2
    endloop
  endfacet
  facet normal -0.707107 0.707107 0
    outer loop
      vertex -0.503384 7.67942 2
      vertex -0.481964 7.70084 2.6
      vertex -0.481964 7.70084 2
    endloop
  endfacet
  facet normal -0.707107 0.707107 0
    outer loop
      vertex -0.481964 7.70084 2.6
      vertex -0.503384 7.67942 2
      vertex -0.503384 7.67942 2.6
    endloop
  endfacet
  facet normal 0 1 -0
    outer loop
      vertex -0.503384 7.67942 2
      vertex -0.739032 7.67942 2.6
      vertex -0.503384 7.67942 2.6
    endloop
  endfacet
  facet normal 0 1 0
    outer loop
      vertex -0.739032 7.67942 2.6
      vertex -0.503384 7.67942 2
      vertex -0.739032 7.67942 2
    endloop
  endfacet
  facet normal -0.707107 0.707107 0
    outer loop
      vertex -0.739032 7.67942 2
      vertex -0.760452 7.658 2.6
      vertex -0.739032 7.67942 2.6
    endloop
  endfacet
  facet normal -0.707107 0.707107 0
    outer loop
      vertex -0.760452 7.658 2.6
      vertex -0.739032 7.67942 2
      vertex -0.760452 7.658 2
    endloop
  endfacet
  facet normal 0 1 -0
    outer loop
      vertex -0.760452 7.658 2
      vertex -0.910392 7.658 2.6
      vertex -0.760452 7.658 2.6
    endloop
  endfacet
  facet normal 0 1 0
    outer loop
      vertex -0.910392 7.658 2.6
      vertex -0.760452 7.658 2
      vertex -0.910392 7.658 2
    endloop
  endfacet
  facet normal -0.707123 0.70709 0
    outer loop
      vertex -0.931811 7.63658 2
      vertex -0.910392 7.658 2.6
      vertex -0.910392 7.658 2
    endloop
  endfacet
  facet normal -0.707123 0.70709 0
    outer loop
      vertex -0.910392 7.658 2.6
      vertex -0.931811 7.63658 2
      vertex -0.931811 7.63658 2.6
    endloop
  endfacet
  facet normal 0 1 -0
    outer loop
      vertex -0.931811 7.63658 2
      vertex -1.10317 7.63658 2.6
      vertex -0.931811 7.63658 2.6
    endloop
  endfacet
  facet normal 0 1 0
    outer loop
      vertex -1.10317 7.63658 2.6
      vertex -0.931811 7.63658 2
      vertex -1.10317 7.63658 2
    endloop
  endfacet
  facet normal -0.707601 0.706612 0
    outer loop
      vertex -1.12459 7.61513 2
      vertex -1.10317 7.63658 2.6
      vertex -1.10317 7.63658 2
    endloop
  endfacet
  facet normal -0.707601 0.706612 0
    outer loop
      vertex -1.10317 7.63658 2.6
      vertex -1.12459 7.61513 2
      vertex -1.12459 7.61513 2.6
    endloop
  endfacet
  facet normal 0 1 -0
    outer loop
      vertex -1.12459 7.61513 2
      vertex -1.23169 7.61513 2.6
      vertex -1.12459 7.61513 2.6
    endloop
  endfacet
  facet normal 0 1 0
    outer loop
      vertex -1.23169 7.61513 2.6
      vertex -1.12459 7.61513 2
      vertex -1.23169 7.61513 2
    endloop
  endfacet
  facet normal -0.316161 0.948705 0
    outer loop
      vertex -1.23169 7.61513 2
      vertex -1.36024 7.57229 2.6
      vertex -1.23169 7.61513 2.6
    endloop
  endfacet
  facet normal -0.316161 0.948705 0
    outer loop
      vertex -1.36024 7.57229 2.6
      vertex -1.23169 7.61513 2
      vertex -1.36024 7.57229 2
    endloop
  endfacet
  facet normal 0 1 -0
    outer loop
      vertex -1.36024 7.57229 2
      vertex -1.46734 7.57229 2.6
      vertex -1.36024 7.57229 2.6
    endloop
  endfacet
  facet normal 0 1 0
    outer loop
      vertex -1.46734 7.57229 2.6
      vertex -1.36024 7.57229 2
      vertex -1.46734 7.57229 2
    endloop
  endfacet
  facet normal -0.371391 0.928477 0
    outer loop
      vertex -1.46734 7.57229 2
      vertex -1.57444 7.52945 2.6
      vertex -1.46734 7.57229 2.6
    endloop
  endfacet
  facet normal -0.371391 0.928477 0
    outer loop
      vertex -1.57444 7.52945 2.6
      vertex -1.46734 7.57229 2
      vertex -1.57444 7.52945 2
    endloop
  endfacet
  facet normal 0 1 -0
    outer loop
      vertex -1.57444 7.52945 2
      vertex -1.68154 7.52945 2.6
      vertex -1.57444 7.52945 2.6
    endloop
  endfacet
  facet normal 0 1 0
    outer loop
      vertex -1.68154 7.52945 2.6
      vertex -1.57444 7.52945 2
      vertex -1.68154 7.52945 2
    endloop
  endfacet
  facet normal -0.447214 0.894427 0
    outer loop
      vertex -1.68154 7.52945 2
      vertex -1.76722 7.48661 2.6
      vertex -1.68154 7.52945 2.6
    endloop
  endfacet
  facet normal -0.447214 0.894427 0
    outer loop
      vertex -1.76722 7.48661 2.6
      vertex -1.68154 7.52945 2
      vertex -1.76722 7.48661 2
    endloop
  endfacet
  facet normal -0.178863 0.983874 0
    outer loop
      vertex -1.76722 7.48661 2
      vertex -2.00287 7.44377 2.6
      vertex -1.76722 7.48661 2.6
    endloop
  endfacet
  facet normal -0.178863 0.983874 0
    outer loop
      vertex -2.00287 7.44377 2.6
      vertex -1.76722 7.48661 2
      vertex -2.00287 7.44377 2
    endloop
  endfacet
  facet normal -0.5547 0.83205 0
    outer loop
      vertex -2.00287 7.44377 2
      vertex -2.06713 7.40093 2.6
      vertex -2.00287 7.44377 2.6
    endloop
  endfacet
  facet normal -0.5547 0.83205 0
    outer loop
      vertex -2.06713 7.40093 2.6
      vertex -2.00287 7.44377 2
      vertex -2.06713 7.40093 2
    endloop
  endfacet
  facet normal 0 1 -0
    outer loop
      vertex -2.06713 7.40093 2
      vertex -2.13139 7.40093 2.6
      vertex -2.06713 7.40093 2.6
    endloop
  endfacet
  facet normal 0 1 0
    outer loop
      vertex -2.13139 7.40093 2.6
      vertex -2.06713 7.40093 2
      vertex -2.13139 7.40093 2
    endloop
  endfacet
  facet normal -0.316228 0.948683 0
    outer loop
      vertex -2.13139 7.40093 2
      vertex -2.45269 7.29383 2.6
      vertex -2.13139 7.40093 2.6
    endloop
  endfacet
  facet normal -0.316228 0.948683 0
    outer loop
      vertex -2.45269 7.29383 2.6
      vertex -2.13139 7.40093 2
      vertex -2.45269 7.29383 2
    endloop
  endfacet
  facet normal -0.5547 0.83205 0
    outer loop
      vertex -2.45269 7.29383 2
      vertex -2.51695 7.25099 2.6
      vertex -2.45269 7.29383 2.6
    endloop
  endfacet
  facet normal -0.5547 0.83205 0
    outer loop
      vertex -2.51695 7.25099 2.6
      vertex -2.45269 7.29383 2
      vertex -2.51695 7.25099 2
    endloop
  endfacet
  facet normal -0.242496 0.970152 0
    outer loop
      vertex -2.51695 7.25099 2
      vertex -2.68834 7.20815 2.6
      vertex -2.51695 7.25099 2.6
    endloop
  endfacet
  facet normal -0.242496 0.970152 0
    outer loop
      vertex -2.68834 7.20815 2.6
      vertex -2.51695 7.25099 2
      vertex -2.68834 7.20815 2
    endloop
  endfacet
  facet normal -0.514496 0.857493 0
    outer loop
      vertex -2.68834 7.20815 2
      vertex -2.79544 7.14389 2.6
      vertex -2.68834 7.20815 2.6
    endloop
  endfacet
  facet normal -0.514496 0.857493 0
    outer loop
      vertex -2.79544 7.14389 2.6
      vertex -2.68834 7.20815 2
      vertex -2.79544 7.14389 2
    endloop
  endfacet
  facet normal -0.316228 0.948683 0
    outer loop
      vertex -2.79544 7.14389 2
      vertex -2.98822 7.07963 2.6
      vertex -2.79544 7.14389 2.6
    endloop
  endfacet
  facet normal -0.316228 0.948683 0
    outer loop
      vertex -2.98822 7.07963 2.6
      vertex -2.79544 7.14389 2
      vertex -2.98822 7.07963 2
    endloop
  endfacet
  facet normal -0.457367 0.889278 0
    outer loop
      vertex -2.98822 7.07963 2
      vertex -3.73794 6.69404 2.6
      vertex -2.98822 7.07963 2.6
    endloop
  endfacet
  facet normal -0.457367 0.889278 0
    outer loop
      vertex -3.73794 6.69404 2.6
      vertex -2.98822 7.07963 2
      vertex -3.73794 6.69404 2
    endloop
  endfacet
  facet normal -0.554664 0.832074 0
    outer loop
      vertex -3.73794 6.69404 2
      vertex -4.05927 6.47984 2.6
      vertex -3.73794 6.69404 2.6
    endloop
  endfacet
  facet normal -0.554664 0.832074 0
    outer loop
      vertex -4.05927 6.47984 2.6
      vertex -3.73794 6.69404 2
      vertex -4.05927 6.47984 2
    endloop
  endfacet
  facet normal -0.316228 0.948683 0
    outer loop
      vertex -4.05927 6.47984 2
      vertex -4.12353 6.45842 2.6
      vertex -4.05927 6.47984 2.6
    endloop
  endfacet
  facet normal -0.316228 0.948683 0
    outer loop
      vertex -4.12353 6.45842 2.6
      vertex -4.05927 6.47984 2
      vertex -4.12353 6.45842 2
    endloop
  endfacet
  facet normal -0.707107 0.707107 0
    outer loop
      vertex -4.18779 6.39416 2
      vertex -4.12353 6.45842 2.6
      vertex -4.12353 6.45842 2
    endloop
  endfacet
  facet normal -0.707107 0.707107 0
    outer loop
      vertex -4.12353 6.45842 2.6
      vertex -4.18779 6.39416 2
      vertex -4.18779 6.39416 2.6
    endloop
  endfacet
  facet normal -0.543268 0.839559 0
    outer loop
      vertex -4.18779 6.39416 2
      vertex -4.55196 6.15851 2.6
      vertex -4.18779 6.39416 2.6
    endloop
  endfacet
  facet normal -0.543268 0.839559 0
    outer loop
      vertex -4.55196 6.15851 2.6
      vertex -4.18779 6.39416 2
      vertex -4.55196 6.15851 2
    endloop
  endfacet
  facet normal -0.617819 0.786321 0
    outer loop
      vertex -4.55196 6.15851 2
      vertex -5.15175 5.68725 2.6
      vertex -4.55196 6.15851 2.6
    endloop
  endfacet
  facet normal -0.617819 0.786321 0
    outer loop
      vertex -5.15175 5.68725 2.6
      vertex -4.55196 6.15851 2
      vertex -5.15175 5.68725 2
    endloop
  endfacet
  facet normal -1 0 0
    outer loop
      vertex -5.15175 5.66583 2
      vertex -5.15175 5.68725 2.6
      vertex -5.15175 5.68725 2
    endloop
  endfacet
  facet normal -1 -0 0
    outer loop
      vertex -5.15175 5.68725 2.6
      vertex -5.15175 5.66583 2
      vertex -5.15175 5.66583 2.6
    endloop
  endfacet
  facet normal -0.695422 0.718602 0
    outer loop
      vertex -5.15175 5.66583 2
      vertex -5.8158 5.0232 2.6
      vertex -5.15175 5.66583 2.6
    endloop
  endfacet
  facet normal -0.695422 0.718602 0
    outer loop
      vertex -5.8158 5.0232 2.6
      vertex -5.15175 5.66583 2
      vertex -5.8158 5.0232 2
    endloop
  endfacet
  facet normal -0.773957 0.633238 0
    outer loop
      vertex -6.20136 4.55196 2
      vertex -5.8158 5.0232 2.6
      vertex -5.8158 5.0232 2
    endloop
  endfacet
  facet normal -0.773957 0.633238 0
    outer loop
      vertex -5.8158 5.0232 2.6
      vertex -6.20136 4.55196 2
      vertex -6.20136 4.55196 2.6
    endloop
  endfacet
  facet normal -0.820906 0.571064 0
    outer loop
      vertex -6.5441 4.05927 2
      vertex -6.20136 4.55196 2.6
      vertex -6.20136 4.55196 2
    endloop
  endfacet
  facet normal -0.820906 0.571064 0
    outer loop
      vertex -6.20136 4.55196 2.6
      vertex -6.5441 4.05927 2
      vertex -6.5441 4.05927 2.6
    endloop
  endfacet
  facet normal -0.875588 0.483059 0
    outer loop
      vertex -6.88682 3.43806 2
      vertex -6.5441 4.05927 2.6
      vertex -6.5441 4.05927 2
    endloop
  endfacet
  facet normal -0.875588 0.483059 0
    outer loop
      vertex -6.5441 4.05927 2.6
      vertex -6.88682 3.43806 2
      vertex -6.88682 3.43806 2.6
    endloop
  endfacet
  facet normal -1 0 0
    outer loop
      vertex -6.88682 3.39522 2
      vertex -6.88682 3.43806 2.6
      vertex -6.88682 3.43806 2
    endloop
  endfacet
  facet normal -1 -0 0
    outer loop
      vertex -6.88682 3.43806 2.6
      vertex -6.88682 3.39522 2
      vertex -6.88682 3.39522 2.6
    endloop
  endfacet
  facet normal -0.874157 0.485643 0
    outer loop
      vertex -6.99392 3.20244 2
      vertex -6.88682 3.39522 2.6
      vertex -6.88682 3.39522 2
    endloop
  endfacet
  facet normal -0.874157 0.485643 0
    outer loop
      vertex -6.88682 3.39522 2.6
      vertex -6.99392 3.20244 2
      vertex -6.99392 3.20244 2.6
    endloop
  endfacet
  facet normal -1 0 0
    outer loop
      vertex -6.99392 3.15958 2
      vertex -6.99392 3.20244 2.6
      vertex -6.99392 3.20244 2
    endloop
  endfacet
  facet normal -1 -0 0
    outer loop
      vertex -6.99392 3.20244 2.6
      vertex -6.99392 3.15958 2
      vertex -6.99392 3.15958 2.6
    endloop
  endfacet
  facet normal -0.868168 0.49627 0
    outer loop
      vertex -7.07963 3.00964 2
      vertex -6.99392 3.15958 2.6
      vertex -6.99392 3.15958 2
    endloop
  endfacet
  facet normal -0.868168 0.49627 0
    outer loop
      vertex -6.99392 3.15958 2.6
      vertex -7.07963 3.00964 2
      vertex -7.07963 3.00964 2.6
    endloop
  endfacet
  facet normal -0.970146 0.242522 0
    outer loop
      vertex -7.12247 2.83827 2
      vertex -7.07963 3.00964 2.6
      vertex -7.07963 3.00964 2
    endloop
  endfacet
  facet normal -0.970146 0.242522 0
    outer loop
      vertex -7.07963 3.00964 2.6
      vertex -7.12247 2.83827 2
      vertex -7.12247 2.83827 2.6
    endloop
  endfacet
  facet normal -0.83201 0.55476 0
    outer loop
      vertex -7.16531 2.77402 2
      vertex -7.12247 2.83827 2.6
      vertex -7.12247 2.83827 2
    endloop
  endfacet
  facet normal -0.83201 0.55476 0
    outer loop
      vertex -7.12247 2.83827 2.6
      vertex -7.16531 2.77402 2
      vertex -7.16531 2.77402 2.6
    endloop
  endfacet
  facet normal -0.960567 0.278049 0
    outer loop
      vertex -7.40093 1.96003 2
      vertex -7.16531 2.77402 2.6
      vertex -7.16531 2.77402 2
    endloop
  endfacet
  facet normal -0.960567 0.278049 0
    outer loop
      vertex -7.16531 2.77402 2.6
      vertex -7.40093 1.96003 2
      vertex -7.40093 1.96003 2.6
    endloop
  endfacet
  facet normal -1 0 0
    outer loop
      vertex -7.40093 1.87432 2
      vertex -7.40093 1.96003 2.6
      vertex -7.40093 1.96003 2
    endloop
  endfacet
  facet normal -1 -0 0
    outer loop
      vertex -7.40093 1.96003 2.6
      vertex -7.40093 1.87432 2
      vertex -7.40093 1.87432 2.6
    endloop
  endfacet
  facet normal -0.707107 0.707107 0
    outer loop
      vertex -7.40093 1.87432 2
      vertex -7.42235 1.8529 2.6
      vertex -7.40093 1.87432 2.6
    endloop
  endfacet
  facet normal -0.707107 0.707107 0
    outer loop
      vertex -7.42235 1.8529 2.6
      vertex -7.40093 1.87432 2
      vertex -7.42235 1.8529 2
    endloop
  endfacet
  facet normal -1 0 0
    outer loop
      vertex -7.42235 1.76722 2
      vertex -7.42235 1.8529 2.6
      vertex -7.42235 1.8529 2
    endloop
  endfacet
  facet normal -1 -0 0
    outer loop
      vertex -7.42235 1.8529 2.6
      vertex -7.42235 1.76722 2
      vertex -7.42235 1.76722 2.6
    endloop
  endfacet
  facet normal -0.948683 0.316228 0
    outer loop
      vertex -7.46519 1.6387 2
      vertex -7.42235 1.76722 2.6
      vertex -7.42235 1.76722 2
    endloop
  endfacet
  facet normal -0.948683 0.316228 0
    outer loop
      vertex -7.42235 1.76722 2.6
      vertex -7.46519 1.6387 2
      vertex -7.46519 1.6387 2.6
    endloop
  endfacet
  facet normal -1 0 0
    outer loop
      vertex -7.46519 1.5316 2
      vertex -7.46519 1.6387 2.6
      vertex -7.46519 1.6387 2
    endloop
  endfacet
  facet normal -1 -0 0
    outer loop
      vertex -7.46519 1.6387 2.6
      vertex -7.46519 1.5316 2
      vertex -7.46519 1.5316 2.6
    endloop
  endfacet
  facet normal -0.707107 0.707107 0
    outer loop
      vertex -7.46519 1.5316 2
      vertex -7.48661 1.51018 2.6
      vertex -7.46519 1.5316 2.6
    endloop
  endfacet
  facet normal -0.707107 0.707107 0
    outer loop
      vertex -7.48661 1.51018 2.6
      vertex -7.46519 1.5316 2
      vertex -7.48661 1.51018 2
    endloop
  endfacet
  facet normal -1 0 0
    outer loop
      vertex -7.48661 1.40308 2
      vertex -7.48661 1.51018 2.6
      vertex -7.48661 1.51018 2
    endloop
  endfacet
  facet normal -1 -0 0
    outer loop
      vertex -7.48661 1.51018 2.6
      vertex -7.48661 1.40308 2
      vertex -7.48661 1.40308 2.6
    endloop
  endfacet
  facet normal -0.707107 0.707107 0
    outer loop
      vertex -7.50803 1.38166 2
      vertex -7.48661 1.40308 2.6
      vertex -7.48661 1.40308 2
    endloop
  endfacet
  facet normal -0.707107 0.707107 0
    outer loop
      vertex -7.48661 1.40308 2.6
      vertex -7.50803 1.38166 2
      vertex -7.50803 1.38166 2.6
    endloop
  endfacet
  facet normal -1 0 0
    outer loop
      vertex -7.50803 1.27456 2
      vertex -7.50803 1.38166 2.6
      vertex -7.50803 1.38166 2
    endloop
  endfacet
  facet normal -1 -0 0
    outer loop
      vertex -7.50803 1.38166 2.6
      vertex -7.50803 1.27456 2
      vertex -7.50803 1.27456 2.6
    endloop
  endfacet
  facet normal -0.707601 0.706612 0
    outer loop
      vertex -7.52945 1.25311 2
      vertex -7.50803 1.27456 2.6
      vertex -7.50803 1.27456 2
    endloop
  endfacet
  facet normal -0.707601 0.706612 0
    outer loop
      vertex -7.50803 1.27456 2.6
      vertex -7.52945 1.25311 2
      vertex -7.52945 1.25311 2.6
    endloop
  endfacet
  facet normal -0.998969 0.0454079 0
    outer loop
      vertex -7.55087 0.781872 2
      vertex -7.52945 1.25311 2.6
      vertex -7.52945 1.25311 2
    endloop
  endfacet
  facet normal -0.998969 0.0454079 0
    outer loop
      vertex -7.52945 1.25311 2.6
      vertex -7.55087 0.781872 2
      vertex -7.55087 0.781872 2.6
    endloop
  endfacet
  facet normal -0.707123 0.70709 0
    outer loop
      vertex -7.57229 0.760451 2
      vertex -7.55087 0.781872 2.6
      vertex -7.55087 0.781872 2
    endloop
  endfacet
  facet normal -0.707123 0.70709 0
    outer loop
      vertex -7.55087 0.781872 2.6
      vertex -7.57229 0.760451 2
      vertex -7.57229 0.760451 2.6
    endloop
  endfacet
  facet normal -1 0 0
    outer loop
      vertex -7.57229 0.417704 2
      vertex -7.57229 0.760451 2.6
      vertex -7.57229 0.760451 2
    endloop
  endfacet
  facet normal -1 -0 0
    outer loop
      vertex -7.57229 0.760451 2.6
      vertex -7.57229 0.417704 2
      vertex -7.57229 0.417704 2.6
    endloop
  endfacet
  facet normal -0.707123 0.70709 0
    outer loop
      vertex -7.59371 0.396283 2
      vertex -7.57229 0.417704 2.6
      vertex -7.57229 0.417704 2
    endloop
  endfacet
  facet normal -0.707123 0.70709 0
    outer loop
      vertex -7.57229 0.417704 2.6
      vertex -7.59371 0.396283 2
      vertex -7.59371 0.396283 2.6
    endloop
  endfacet
  facet normal -1 0 0
    outer loop
      vertex -7.59371 -0.139244 2
      vertex -7.59371 0.396283 2.6
      vertex -7.59371 0.396283 2
    endloop
  endfacet
  facet normal -1 -0 0
    outer loop
      vertex -7.59371 0.396283 2.6
      vertex -7.59371 -0.139244 2
      vertex -7.59371 -0.139244 2.6
    endloop
  endfacet
  facet normal -0.707107 -0.707107 0
    outer loop
      vertex -7.59371 -0.139244 2
      vertex -7.57229 -0.160664 2.6
      vertex -7.59371 -0.139244 2.6
    endloop
  endfacet
  facet normal -0.707107 -0.707107 -0
    outer loop
      vertex -7.57229 -0.160664 2.6
      vertex -7.59371 -0.139244 2
      vertex -7.57229 -0.160664 2
    endloop
  endfacet
  facet normal -1 0 0
    outer loop
      vertex -7.57229 -0.439124 2
      vertex -7.57229 -0.160664 2.6
      vertex -7.57229 -0.160664 2
    endloop
  endfacet
  facet normal -1 -0 0
    outer loop
      vertex -7.57229 -0.160664 2.6
      vertex -7.57229 -0.439124 2
      vertex -7.57229 -0.439124 2.6
    endloop
  endfacet
  facet normal -0.707107 -0.707107 0
    outer loop
      vertex -7.55087 -0.460544 2
      vertex -7.57229 -0.439124 2.6
      vertex -7.57229 -0.439124 2
    endloop
  endfacet
  facet normal -0.707107 -0.707107 0
    outer loop
      vertex -7.57229 -0.439124 2.6
      vertex -7.55087 -0.460544 2
      vertex -7.55087 -0.460544 2.6
    endloop
  endfacet
  facet normal -0.998618 -0.0525552 0
    outer loop
      vertex -7.52945 -0.867552 2
      vertex -7.55087 -0.460544 2.6
      vertex -7.55087 -0.460544 2
    endloop
  endfacet
  facet normal -0.998618 -0.0525552 0
    outer loop
      vertex -7.55087 -0.460544 2.6
      vertex -7.52945 -0.867552 2
      vertex -7.52945 -0.867552 2.6
    endloop
  endfacet
  facet normal -0.70709 -0.707123 0
    outer loop
      vertex -7.52945 -0.867552 2
      vertex -7.50803 -0.888971 2.6
      vertex -7.52945 -0.867552 2.6
    endloop
  endfacet
  facet normal -0.70709 -0.707123 -0
    outer loop
      vertex -7.50803 -0.888971 2.6
      vertex -7.52945 -0.867552 2
      vertex -7.50803 -0.888971 2
    endloop
  endfacet
  facet normal -1 0 0
    outer loop
      vertex -7.50803 -1.01749 2
      vertex -7.50803 -0.888971 2.6
      vertex -7.50803 -0.888971 2
    endloop
  endfacet
  facet normal -1 -0 0
    outer loop
      vertex -7.50803 -0.888971 2.6
      vertex -7.50803 -1.01749 2
      vertex -7.50803 -1.01749 2.6
    endloop
  endfacet
  facet normal -0.707107 -0.707107 0
    outer loop
      vertex -7.48661 -1.03891 2
      vertex -7.50803 -1.01749 2.6
      vertex -7.50803 -1.01749 2
    endloop
  endfacet
  facet normal -0.707107 -0.707107 0
    outer loop
      vertex -7.50803 -1.01749 2.6
      vertex -7.48661 -1.03891 2
      vertex -7.48661 -1.03891 2.6
    endloop
  endfacet
  facet normal -1 0 0
    outer loop
      vertex -7.48661 -1.14601 2
      vertex -7.48661 -1.03891 2.6
      vertex -7.48661 -1.03891 2
    endloop
  endfacet
  facet normal -1 -0 0
    outer loop
      vertex -7.48661 -1.03891 2.6
      vertex -7.48661 -1.14601 2
      vertex -7.48661 -1.14601 2.6
    endloop
  endfacet
  facet normal -0.707107 -0.707107 0
    outer loop
      vertex -7.46519 -1.16743 2
      vertex -7.48661 -1.14601 2.6
      vertex -7.48661 -1.14601 2
    endloop
  endfacet
  facet normal -0.707107 -0.707107 0
    outer loop
      vertex -7.48661 -1.14601 2.6
      vertex -7.46519 -1.16743 2
      vertex -7.46519 -1.16743 2.6
    endloop
  endfacet
  facet normal -0.987765 -0.155951 0
    outer loop
      vertex -7.40093 -1.57444 2
      vertex -7.46519 -1.16743 2.6
      vertex -7.46519 -1.16743 2
    endloop
  endfacet
  facet normal -0.987765 -0.155951 0
    outer loop
      vertex -7.46519 -1.16743 2.6
      vertex -7.40093 -1.57444 2
      vertex -7.40093 -1.57444 2.6
    endloop
  endfacet
  facet normal -0.707107 -0.707107 0
    outer loop
      vertex -7.37951 -1.59586 2
      vertex -7.40093 -1.57444 2.6
      vertex -7.40093 -1.57444 2
    endloop
  endfacet
  facet normal -0.707107 -0.707107 0
    outer loop
      vertex -7.40093 -1.57444 2.6
      vertex -7.37951 -1.59586 2
      vertex -7.37951 -1.59586 2.6
    endloop
  endfacet
  facet normal -0.977179 -0.212417 0
    outer loop
      vertex -7.27241 -2.08855 2
      vertex -7.37951 -1.59586 2.6
      vertex -7.37951 -1.59586 2
    endloop
  endfacet
  facet normal -0.977179 -0.212417 0
    outer loop
      vertex -7.37951 -1.59586 2.6
      vertex -7.27241 -2.08855 2
      vertex -7.27241 -2.08855 2.6
    endloop
  endfacet
  facet normal -0.919145 -0.393919 0
    outer loop
      vertex -7.20815 -2.23849 2
      vertex -7.27241 -2.08855 2.6
      vertex -7.27241 -2.08855 2
    endloop
  endfacet
  facet normal -0.919145 -0.393919 0
    outer loop
      vertex -7.27241 -2.08855 2.6
      vertex -7.20815 -2.23849 2
      vertex -7.20815 -2.23849 2.6
    endloop
  endfacet
  facet normal -1 0 0
    outer loop
      vertex -7.20815 -2.30275 2
      vertex -7.20815 -2.23849 2.6
      vertex -7.20815 -2.23849 2
    endloop
  endfacet
  facet normal -1 -0 0
    outer loop
      vertex -7.20815 -2.23849 2.6
      vertex -7.20815 -2.30275 2
      vertex -7.20815 -2.30275 2.6
    endloop
  endfacet
  facet normal -0.948692 -0.316201 0
    outer loop
      vertex -7.10105 -2.62408 2
      vertex -7.20815 -2.30275 2.6
      vertex -7.20815 -2.30275 2
    endloop
  endfacet
  facet normal -0.948692 -0.316201 0
    outer loop
      vertex -7.20815 -2.30275 2.6
      vertex -7.10105 -2.62408 2
      vertex -7.10105 -2.62408 2.6
    endloop
  endfacet
  facet normal -0.911898 -0.410418 0
    outer loop
      vertex -6.90824 -3.05248 2
      vertex -7.10105 -2.62408 2.6
      vertex -7.10105 -2.62408 2
    endloop
  endfacet
  facet normal -0.911898 -0.410418 0
    outer loop
      vertex -7.10105 -2.62408 2.6
      vertex -6.90824 -3.05248 2
      vertex -6.90824 -3.05248 2.6
    endloop
  endfacet
  facet normal -1 0 0
    outer loop
      vertex -6.90824 -3.09532 2
      vertex -6.90824 -3.05248 2.6
      vertex -6.90824 -3.05248 2
    endloop
  endfacet
  facet normal -1 -0 0
    outer loop
      vertex -6.90824 -3.05248 2.6
      vertex -6.90824 -3.09532 2
      vertex -6.90824 -3.09532 2.6
    endloop
  endfacet
  facet normal -0.877913 -0.478821 0
    outer loop
      vertex -6.77972 -3.33096 2
      vertex -6.90824 -3.09532 2.6
      vertex -6.90824 -3.09532 2
    endloop
  endfacet
  facet normal -0.877913 -0.478821 0
    outer loop
      vertex -6.90824 -3.09532 2.6
      vertex -6.77972 -3.33096 2
      vertex -6.77972 -3.33096 2.6
    endloop
  endfacet
  facet normal -1 0 0
    outer loop
      vertex -6.77972 -3.3738 2
      vertex -6.77972 -3.33096 2.6
      vertex -6.77972 -3.33096 2
    endloop
  endfacet
  facet normal -1 -0 0
    outer loop
      vertex -6.77972 -3.33096 2.6
      vertex -6.77972 -3.3738 2
      vertex -6.77972 -3.3738 2.6
    endloop
  endfacet
  facet normal -0.894427 -0.447214 0
    outer loop
      vertex -6.71546 -3.50232 2
      vertex -6.77972 -3.3738 2.6
      vertex -6.77972 -3.3738 2
    endloop
  endfacet
  facet normal -0.894427 -0.447214 0
    outer loop
      vertex -6.77972 -3.3738 2.6
      vertex -6.71546 -3.50232 2
      vertex -6.71546 -3.50232 2.6
    endloop
  endfacet
  facet normal -0.8 -0.6 0
    outer loop
      vertex -6.6512 -3.588 2
      vertex -6.71546 -3.50232 2.6
      vertex -6.71546 -3.50232 2
    endloop
  endfacet
  facet normal -0.8 -0.6 0
    outer loop
      vertex -6.71546 -3.50232 2.6
      vertex -6.6512 -3.588 2
      vertex -6.6512 -3.588 2.6
    endloop
  endfacet
  facet normal -1 0 0
    outer loop
      vertex -6.6512 -3.63084 2
      vertex -6.6512 -3.588 2.6
      vertex -6.6512 -3.588 2
    endloop
  endfacet
  facet normal -1 -0 0
    outer loop
      vertex -6.6512 -3.588 2.6
      vertex -6.6512 -3.63084 2
      vertex -6.6512 -3.63084 2.6
    endloop
  endfacet
  facet normal -0.8526 -0.522564 0
    outer loop
      vertex -6.2442 -4.29489 2
      vertex -6.6512 -3.63084 2.6
      vertex -6.6512 -3.63084 2
    endloop
  endfacet
  facet normal -0.8526 -0.522564 0
    outer loop
      vertex -6.6512 -3.63084 2.6
      vertex -6.2442 -4.29489 2
      vertex -6.2442 -4.29489 2.6
    endloop
  endfacet
  facet normal -0.784891 -0.619634 0
    outer loop
      vertex -5.60157 -5.10891 2
      vertex -6.2442 -4.29489 2.6
      vertex -6.2442 -4.29489 2
    endloop
  endfacet
  facet normal -0.784891 -0.619634 0
    outer loop
      vertex -6.2442 -4.29489 2.6
      vertex -5.60157 -5.10891 2
      vertex -5.60157 -5.10891 2.6
    endloop
  endfacet
  facet normal -0.696146 -0.7179 0
    outer loop
      vertex -5.60157 -5.10891 2
      vertex -4.89468 -5.79438 2.6
      vertex -5.60157 -5.10891 2.6
    endloop
  endfacet
  facet normal -0.696146 -0.7179 -0
    outer loop
      vertex -4.89468 -5.79438 2.6
      vertex -5.60157 -5.10891 2
      vertex -4.89468 -5.79438 2
    endloop
  endfacet
  facet normal -0.5547 -0.83205 0
    outer loop
      vertex -4.89468 -5.79438 2
      vertex -4.7019 -5.9229 2.6
      vertex -4.89468 -5.79438 2.6
    endloop
  endfacet
  facet normal -0.5547 -0.83205 -0
    outer loop
      vertex -4.7019 -5.9229 2.6
      vertex -4.89468 -5.79438 2
      vertex -4.7019 -5.9229 2
    endloop
  endfacet
  facet normal -0.707107 -0.707107 0
    outer loop
      vertex -4.5948 -6.03 2
      vertex -4.7019 -5.9229 2.6
      vertex -4.7019 -5.9229 2
    endloop
  endfacet
  facet normal -0.707107 -0.707107 0
    outer loop
      vertex -4.7019 -5.9229 2.6
      vertex -4.5948 -6.03 2
      vertex -4.5948 -6.03 2.6
    endloop
  endfacet
  facet normal -0.529932 -0.84804 0
    outer loop
      vertex -4.5948 -6.03 2
      vertex -4.42341 -6.1371 2.6
      vertex -4.5948 -6.03 2.6
    endloop
  endfacet
  facet normal -0.529932 -0.84804 -0
    outer loop
      vertex -4.42341 -6.1371 2.6
      vertex -4.5948 -6.03 2
      vertex -4.42341 -6.1371 2
    endloop
  endfacet
  facet normal -0.894427 -0.447214 0
    outer loop
      vertex -4.40199 -6.17994 2
      vertex -4.42341 -6.1371 2.6
      vertex -4.42341 -6.1371 2
    endloop
  endfacet
  facet normal -0.894427 -0.447214 0
    outer loop
      vertex -4.42341 -6.1371 2.6
      vertex -4.40199 -6.17994 2
      vertex -4.40199 -6.17994 2.6
    endloop
  endfacet
  facet normal -0.514535 -0.857469 0
    outer loop
      vertex -4.40199 -6.17994 2
      vertex -4.08069 -6.37274 2.6
      vertex -4.40199 -6.17994 2.6
    endloop
  endfacet
  facet normal -0.514535 -0.857469 -0
    outer loop
      vertex -4.08069 -6.37274 2.6
      vertex -4.40199 -6.17994 2
      vertex -4.08069 -6.37274 2
    endloop
  endfacet
  facet normal -0.707107 -0.707107 0
    outer loop
      vertex -4.01643 -6.437 2
      vertex -4.08069 -6.37274 2.6
      vertex -4.08069 -6.37274 2
    endloop
  endfacet
  facet normal -0.707107 -0.707107 0
    outer loop
      vertex -4.08069 -6.37274 2.6
      vertex -4.01643 -6.437 2
      vertex -4.01643 -6.437 2.6
    endloop
  endfacet
  facet normal -0.477077 -0.878861 0
    outer loop
      vertex -4.01643 -6.437 2
      vertex -3.2667 -6.84398 2.6
      vertex -4.01643 -6.437 2.6
    endloop
  endfacet
  facet normal -0.477077 -0.878861 -0
    outer loop
      vertex -3.2667 -6.84398 2.6
      vertex -4.01643 -6.437 2
      vertex -3.2667 -6.84398 2
    endloop
  endfacet
  facet normal 0 -1 0
    outer loop
      vertex -3.2667 -6.84398 2
      vertex -3.22386 -6.84398 2.6
      vertex -3.2667 -6.84398 2.6
    endloop
  endfacet
  facet normal 0 -1 -0
    outer loop
      vertex -3.22386 -6.84398 2.6
      vertex -3.2667 -6.84398 2
      vertex -3.22386 -6.84398 2
    endloop
  endfacet
  facet normal -0.425839 -0.904799 0
    outer loop
      vertex -3.22386 -6.84398 2
      vertex -2.8597 -7.01537 2.6
      vertex -3.22386 -6.84398 2.6
    endloop
  endfacet
  facet normal -0.425839 -0.904799 -0
    outer loop
      vertex -2.8597 -7.01537 2.6
      vertex -3.22386 -6.84398 2
      vertex -2.8597 -7.01537 2
    endloop
  endfacet
  facet normal -0.263117 -0.964764 0
    outer loop
      vertex -2.8597 -7.01537 2
      vertex -2.62408 -7.07963 2.6
      vertex -2.8597 -7.01537 2.6
    endloop
  endfacet
  facet normal -0.263117 -0.964764 -0
    outer loop
      vertex -2.62408 -7.07963 2.6
      vertex -2.8597 -7.01537 2
      vertex -2.62408 -7.07963 2
    endloop
  endfacet
  facet normal -0.5547 -0.83205 0
    outer loop
      vertex -2.62408 -7.07963 2
      vertex -2.55982 -7.12247 2.6
      vertex -2.62408 -7.07963 2.6
    endloop
  endfacet
  facet normal -0.5547 -0.83205 -0
    outer loop
      vertex -2.55982 -7.12247 2.6
      vertex -2.62408 -7.07963 2
      vertex -2.55982 -7.12247 2
    endloop
  endfacet
  facet normal 0 -1 0
    outer loop
      vertex -2.55982 -7.12247 2
      vertex -2.49553 -7.12247 2.6
      vertex -2.55982 -7.12247 2.6
    endloop
  endfacet
  facet normal 0 -1 -0
    outer loop
      vertex -2.49553 -7.12247 2.6
      vertex -2.55982 -7.12247 2
      vertex -2.49553 -7.12247 2
    endloop
  endfacet
  facet normal -0.371391 -0.928477 0
    outer loop
      vertex -2.49553 -7.12247 2
      vertex -2.28133 -7.20815 2.6
      vertex -2.49553 -7.12247 2.6
    endloop
  endfacet
  facet normal -0.371391 -0.928477 -0
    outer loop
      vertex -2.28133 -7.20815 2.6
      vertex -2.49553 -7.12247 2
      vertex -2.28133 -7.20815 2
    endloop
  endfacet
  facet normal 0 -1 0
    outer loop
      vertex -2.28133 -7.20815 2
      vertex -2.21707 -7.20815 2.6
      vertex -2.28133 -7.20815 2.6
    endloop
  endfacet
  facet normal 0 -1 -0
    outer loop
      vertex -2.21707 -7.20815 2.6
      vertex -2.28133 -7.20815 2
      vertex -2.21707 -7.20815 2
    endloop
  endfacet
  facet normal -0.316228 -0.948683 0
    outer loop
      vertex -2.21707 -7.20815 2
      vertex -2.02429 -7.27241 2.6
      vertex -2.21707 -7.20815 2.6
    endloop
  endfacet
  facet normal -0.316228 -0.948683 -0
    outer loop
      vertex -2.02429 -7.27241 2.6
      vertex -2.21707 -7.20815 2
      vertex -2.02429 -7.27241 2
    endloop
  endfacet
  facet normal 0 -1 0
    outer loop
      vertex -2.02429 -7.27241 2
      vertex -1.93861 -7.27241 2.6
      vertex -2.02429 -7.27241 2.6
    endloop
  endfacet
  facet normal 0 -1 -0
    outer loop
      vertex -1.93861 -7.27241 2.6
      vertex -2.02429 -7.27241 2
      vertex -1.93861 -7.27241 2
    endloop
  endfacet
  facet normal -0.274696 -0.961531 0
    outer loop
      vertex -1.93861 -7.27241 2
      vertex -1.6387 -7.35809 2.6
      vertex -1.93861 -7.27241 2.6
    endloop
  endfacet
  facet normal -0.274696 -0.961531 -0
    outer loop
      vertex -1.6387 -7.35809 2.6
      vertex -1.93861 -7.27241 2
      vertex -1.6387 -7.35809 2
    endloop
  endfacet
  facet normal -0.110423 -0.993885 0
    outer loop
      vertex -1.6387 -7.35809 2
      vertex -1.25311 -7.40093 2.6
      vertex -1.6387 -7.35809 2.6
    endloop
  endfacet
  facet normal -0.110423 -0.993885 -0
    outer loop
      vertex -1.25311 -7.40093 2.6
      vertex -1.6387 -7.35809 2
      vertex -1.25311 -7.40093 2
    endloop
  endfacet
  facet normal -0.707107 -0.707107 0
    outer loop
      vertex -1.23169 -7.42235 2
      vertex -1.25311 -7.40093 2.6
      vertex -1.25311 -7.40093 2
    endloop
  endfacet
  facet normal -0.707107 -0.707107 0
    outer loop
      vertex -1.25311 -7.40093 2.6
      vertex -1.23169 -7.42235 2
      vertex -1.23169 -7.42235 2.6
    endloop
  endfacet
  facet normal -0.0554702 -0.99846 0
    outer loop
      vertex -1.23169 -7.42235 2
      vertex -0.846131 -7.44377 2.6
      vertex -1.23169 -7.42235 2.6
    endloop
  endfacet
  facet normal -0.0554702 -0.99846 -0
    outer loop
      vertex -0.846131 -7.44377 2.6
      vertex -1.23169 -7.42235 2
      vertex -0.846131 -7.44377 2
    endloop
  endfacet
  facet normal -0.707123 -0.70709 0
    outer loop
      vertex -0.824712 -7.46519 2
      vertex -0.846131 -7.44377 2.6
      vertex -0.846131 -7.44377 2
    endloop
  endfacet
  facet normal -0.707123 -0.70709 0
    outer loop
      vertex -0.846131 -7.44377 2.6
      vertex -0.824712 -7.46519 2
      vertex -0.824712 -7.46519 2.6
    endloop
  endfacet
  facet normal 0 -1 0
    outer loop
      vertex -0.824712 -7.46519 2
      vertex -0.546224 -7.46519 2.6
      vertex -0.824712 -7.46519 2.6
    endloop
  endfacet
  facet normal 0 -1 -0
    outer loop
      vertex -0.546224 -7.46519 2.6
      vertex -0.824712 -7.46519 2
      vertex -0.546224 -7.46519 2
    endloop
  endfacet
  facet normal -0.707107 -0.707107 0
    outer loop
      vertex -0.524804 -7.48661 2
      vertex -0.546224 -7.46519 2.6
      vertex -0.546224 -7.46519 2
    endloop
  endfacet
  facet normal -0.707107 -0.707107 0
    outer loop
      vertex -0.546224 -7.46519 2.6
      vertex -0.524804 -7.48661 2
      vertex -0.524804 -7.48661 2.6
    endloop
  endfacet
  facet normal 0 -1 0
    outer loop
      vertex -0.524804 -7.48661 2
      vertex 0.353443 -7.48661 2.6
      vertex -0.524804 -7.48661 2.6
    endloop
  endfacet
  facet normal 0 -1 -0
    outer loop
      vertex 0.353443 -7.48661 2.6
      vertex -0.524804 -7.48661 2
      vertex 0.353443 -7.48661 2
    endloop
  endfacet
  facet normal 0.707107 -0.707107 0
    outer loop
      vertex 0.353443 -7.48661 2.6
      vertex 0.374863 -7.46519 2
      vertex 0.374863 -7.46519 2.6
    endloop
  endfacet
  facet normal 0.707107 -0.707107 0
    outer loop
      vertex 0.374863 -7.46519 2
      vertex 0.353443 -7.48661 2.6
      vertex 0.353443 -7.48661 2
    endloop
  endfacet
  facet normal 0.707107 0.707107 0
    outer loop
      vertex -0.396284 -6.90824 2.6
      vertex -0.417704 -6.88682 2
      vertex -0.417704 -6.88682 2.6
    endloop
  endfacet
  facet normal 0.707107 0.707107 0
    outer loop
      vertex -0.417704 -6.88682 2
      vertex -0.396284 -6.90824 2.6
      vertex -0.396284 -6.90824 2
    endloop
  endfacet
  facet normal 0.0434348 0.999056 -0
    outer loop
      vertex -0.417704 -6.88682 2
      vertex -0.910392 -6.8654 2.6
      vertex -0.417704 -6.88682 2.6
    endloop
  endfacet
  facet normal 0.0434348 0.999056 0
    outer loop
      vertex -0.910392 -6.8654 2.6
      vertex -0.417704 -6.88682 2
      vertex -0.910392 -6.8654 2
    endloop
  endfacet
  facet normal 0.707123 0.70709 0
    outer loop
      vertex -0.910392 -6.8654 2.6
      vertex -0.931811 -6.84398 2
      vertex -0.931811 -6.84398 2.6
    endloop
  endfacet
  facet normal 0.707123 0.70709 0
    outer loop
      vertex -0.931811 -6.84398 2
      vertex -0.910392 -6.8654 2.6
      vertex -0.910392 -6.8654 2
    endloop
  endfacet
  facet normal 0 1 -0
    outer loop
      vertex -0.931811 -6.84398 2
      vertex -1.06033 -6.84398 2.6
      vertex -0.931811 -6.84398 2.6
    endloop
  endfacet
  facet normal 0 1 0
    outer loop
      vertex -1.06033 -6.84398 2.6
      vertex -0.931811 -6.84398 2
      vertex -1.06033 -6.84398 2
    endloop
  endfacet
  facet normal 0.707107 0.707107 -0
    outer loop
      vertex -1.06033 -6.84398 2
      vertex -1.08175 -6.82256 2.6
      vertex -1.06033 -6.84398 2.6
    endloop
  endfacet
  facet normal 0.707107 0.707107 0
    outer loop
      vertex -1.08175 -6.82256 2.6
      vertex -1.06033 -6.84398 2
      vertex -1.08175 -6.82256 2
    endloop
  endfacet
  facet normal 0 1 -0
    outer loop
      vertex -1.08175 -6.82256 2
      vertex -1.21027 -6.82256 2.6
      vertex -1.08175 -6.82256 2.6
    endloop
  endfacet
  facet normal 0 1 0
    outer loop
      vertex -1.21027 -6.82256 2.6
      vertex -1.08175 -6.82256 2
      vertex -1.21027 -6.82256 2
    endloop
  endfacet
  facet normal 0.707107 0.707107 0
    outer loop
      vertex -1.21027 -6.82256 2.6
      vertex -1.23169 -6.80114 2
      vertex -1.23169 -6.80114 2.6
    endloop
  endfacet
  facet normal 0.707107 0.707107 0
    outer loop
      vertex -1.23169 -6.80114 2
      vertex -1.21027 -6.82256 2.6
      vertex -1.21027 -6.82256 2
    endloop
  endfacet
  facet normal 0 1 -0
    outer loop
      vertex -1.23169 -6.80114 2
      vertex -1.36024 -6.80114 2.6
      vertex -1.23169 -6.80114 2.6
    endloop
  endfacet
  facet normal 0 1 0
    outer loop
      vertex -1.36024 -6.80114 2.6
      vertex -1.23169 -6.80114 2
      vertex -1.36024 -6.80114 2
    endloop
  endfacet
  facet normal 0.707107 0.707107 0
    outer loop
      vertex -1.36024 -6.80114 2.6
      vertex -1.38166 -6.77972 2
      vertex -1.38166 -6.77972 2.6
    endloop
  endfacet
  facet normal 0.707107 0.707107 0
    outer loop
      vertex -1.38166 -6.77972 2
      vertex -1.36024 -6.80114 2.6
      vertex -1.36024 -6.80114 2
    endloop
  endfacet
  facet normal 0.132164 0.991228 -0
    outer loop
      vertex -1.38166 -6.77972 2
      vertex -1.70296 -6.73688 2.6
      vertex -1.38166 -6.77972 2.6
    endloop
  endfacet
  facet normal 0.132164 0.991228 0
    outer loop
      vertex -1.70296 -6.73688 2.6
      vertex -1.38166 -6.77972 2
      vertex -1.70296 -6.73688 2
    endloop
  endfacet
  facet normal 0.707107 0.707107 0
    outer loop
      vertex -1.70296 -6.73688 2.6
      vertex -1.72438 -6.71546 2
      vertex -1.72438 -6.71546 2.6
    endloop
  endfacet
  facet normal 0.707107 0.707107 0
    outer loop
      vertex -1.72438 -6.71546 2
      vertex -1.70296 -6.73688 2.6
      vertex -1.70296 -6.73688 2
    endloop
  endfacet
  facet normal 0.178863 0.983874 -0
    outer loop
      vertex -1.72438 -6.71546 2
      vertex -1.96003 -6.67262 2.6
      vertex -1.72438 -6.71546 2.6
    endloop
  endfacet
  facet normal 0.178863 0.983874 0
    outer loop
      vertex -1.96003 -6.67262 2.6
      vertex -1.72438 -6.71546 2
      vertex -1.96003 -6.67262 2
    endloop
  endfacet
  facet normal 0.447214 0.894427 -0
    outer loop
      vertex -1.96003 -6.67262 2
      vertex -2.04571 -6.62978 2.6
      vertex -1.96003 -6.67262 2.6
    endloop
  endfacet
  facet normal 0.447214 0.894427 0
    outer loop
      vertex -2.04571 -6.62978 2.6
      vertex -1.96003 -6.67262 2
      vertex -2.04571 -6.62978 2
    endloop
  endfacet
  facet normal 0 1 -0
    outer loop
      vertex -2.04571 -6.62978 2
      vertex -2.10997 -6.62978 2.6
      vertex -2.04571 -6.62978 2.6
    endloop
  endfacet
  facet normal 0 1 0
    outer loop
      vertex -2.10997 -6.62978 2.6
      vertex -2.04571 -6.62978 2
      vertex -2.10997 -6.62978 2
    endloop
  endfacet
  facet normal 0.447214 0.894427 -0
    outer loop
      vertex -2.10997 -6.62978 2
      vertex -2.19565 -6.58694 2.6
      vertex -2.10997 -6.62978 2.6
    endloop
  endfacet
  facet normal 0.447214 0.894427 0
    outer loop
      vertex -2.19565 -6.58694 2.6
      vertex -2.10997 -6.62978 2
      vertex -2.19565 -6.58694 2
    endloop
  endfacet
  facet normal 0 1 -0
    outer loop
      vertex -2.19565 -6.58694 2
      vertex -2.25991 -6.58694 2.6
      vertex -2.19565 -6.58694 2.6
    endloop
  endfacet
  facet normal 0 1 0
    outer loop
      vertex -2.25991 -6.58694 2.6
      vertex -2.19565 -6.58694 2
      vertex -2.25991 -6.58694 2
    endloop
  endfacet
  facet normal 0.447214 0.894427 -0
    outer loop
      vertex -2.25991 -6.58694 2
      vertex -2.38843 -6.52268 2.6
      vertex -2.25991 -6.58694 2.6
    endloop
  endfacet
  facet normal 0.447214 0.894427 0
    outer loop
      vertex -2.38843 -6.52268 2.6
      vertex -2.25991 -6.58694 2
      vertex -2.38843 -6.52268 2
    endloop
  endfacet
  facet normal 0.316209 0.94869 -0
    outer loop
      vertex -2.38843 -6.52268 2
      vertex -2.83828 -6.37274 2.6
      vertex -2.38843 -6.52268 2.6
    endloop
  endfacet
  facet normal 0.316209 0.94869 0
    outer loop
      vertex -2.83828 -6.37274 2.6
      vertex -2.38843 -6.52268 2
      vertex -2.83828 -6.37274 2
    endloop
  endfacet
  facet normal 0.447225 0.894422 -0
    outer loop
      vertex -2.83828 -6.37274 2
      vertex -3.4809 -6.05142 2.6
      vertex -2.83828 -6.37274 2.6
    endloop
  endfacet
  facet normal 0.447225 0.894422 0
    outer loop
      vertex -3.4809 -6.05142 2.6
      vertex -2.83828 -6.37274 2
      vertex -3.4809 -6.05142 2
    endloop
  endfacet
  facet normal 0.707107 0.707107 -0
    outer loop
      vertex -3.4809 -6.05142 2
      vertex -3.54516 -5.98716 2.6
      vertex -3.4809 -6.05142 2.6
    endloop
  endfacet
  facet normal 0.707107 0.707107 0
    outer loop
      vertex -3.54516 -5.98716 2.6
      vertex -3.4809 -6.05142 2
      vertex -3.54516 -5.98716 2
    endloop
  endfacet
  facet normal 0.371391 0.928477 -0
    outer loop
      vertex -3.54516 -5.98716 2
      vertex -3.65226 -5.94432 2.6
      vertex -3.54516 -5.98716 2.6
    endloop
  endfacet
  facet normal 0.371391 0.928477 0
    outer loop
      vertex -3.65226 -5.94432 2.6
      vertex -3.54516 -5.98716 2
      vertex -3.65226 -5.94432 2
    endloop
  endfacet
  facet normal 0.554715 0.83204 -0
    outer loop
      vertex -3.65226 -5.94432 2
      vertex -4.03785 -5.68725 2.6
      vertex -3.65226 -5.94432 2.6
    endloop
  endfacet
  facet normal 0.554715 0.83204 0
    outer loop
      vertex -4.03785 -5.68725 2.6
      vertex -3.65226 -5.94432 2
      vertex -4.03785 -5.68725 2
    endloop
  endfacet
  facet normal 0.620681 0.784063 -0
    outer loop
      vertex -4.03785 -5.68725 2
      vertex -4.55196 -5.28027 2.6
      vertex -4.03785 -5.68725 2.6
    endloop
  endfacet
  facet normal 0.620681 0.784063 0
    outer loop
      vertex -4.55196 -5.28027 2.6
      vertex -4.03785 -5.68725 2
      vertex -4.55196 -5.28027 2
    endloop
  endfacet
  facet normal 0.688776 0.724974 -0
    outer loop
      vertex -4.55196 -5.28027 2
      vertex -4.98036 -4.87326 2.6
      vertex -4.55196 -5.28027 2.6
    endloop
  endfacet
  facet normal 0.688776 0.724974 0
    outer loop
      vertex -4.98036 -4.87326 2.6
      vertex -4.55196 -5.28027 2
      vertex -4.98036 -4.87326 2
    endloop
  endfacet
  facet normal 0.76124 0.64847 0
    outer loop
      vertex -4.98036 -4.87326 2.6
      vertex -5.47305 -4.29489 2
      vertex -5.47305 -4.29489 2.6
    endloop
  endfacet
  facet normal 0.76124 0.64847 0
    outer loop
      vertex -5.47305 -4.29489 2
      vertex -4.98036 -4.87326 2.6
      vertex -4.98036 -4.87326 2
    endloop
  endfacet
  facet normal 0.817801 0.575502 0
    outer loop
      vertex -5.47305 -4.29489 2.6
      vertex -5.88006 -3.71652 2
      vertex -5.88006 -3.71652 2.6
    endloop
  endfacet
  facet normal 0.817801 0.575502 0
    outer loop
      vertex -5.88006 -3.71652 2
      vertex -5.47305 -4.29489 2.6
      vertex -5.47305 -4.29489 2
    endloop
  endfacet
  facet normal 0.928477 0.371391 0
    outer loop
      vertex -5.88006 -3.71652 2.6
      vertex -5.9229 -3.60942 2
      vertex -5.9229 -3.60942 2.6
    endloop
  endfacet
  facet normal 0.928477 0.371391 0
    outer loop
      vertex -5.9229 -3.60942 2
      vertex -5.88006 -3.71652 2.6
      vertex -5.88006 -3.71652 2
    endloop
  endfacet
  facet normal 0.83205 0.5547 0
    outer loop
      vertex -5.9229 -3.60942 2.6
      vertex -6.09426 -3.35238 2
      vertex -6.09426 -3.35238 2.6
    endloop
  endfacet
  facet normal 0.83205 0.5547 0
    outer loop
      vertex -6.09426 -3.35238 2
      vertex -5.9229 -3.60942 2.6
      vertex -5.9229 -3.60942 2
    endloop
  endfacet
  facet normal 0.894434 0.4472 0
    outer loop
      vertex -6.09426 -3.35238 2.6
      vertex -6.3513 -2.83828 2
      vertex -6.3513 -2.83828 2.6
    endloop
  endfacet
  facet normal 0.894434 0.4472 0
    outer loop
      vertex -6.3513 -2.83828 2
      vertex -6.09426 -3.35238 2.6
      vertex -6.09426 -3.35238 2
    endloop
  endfacet
  facet normal 1 -0 0
    outer loop
      vertex -6.3513 -2.83828 2.6
      vertex -6.3513 -2.79544 2
      vertex -6.3513 -2.79544 2.6
    endloop
  endfacet
  facet normal 1 0 0
    outer loop
      vertex -6.3513 -2.79544 2
      vertex -6.3513 -2.83828 2.6
      vertex -6.3513 -2.83828 2
    endloop
  endfacet
  facet normal 0.904813 0.425809 0
    outer loop
      vertex -6.3513 -2.79544 2.6
      vertex -6.52268 -2.43127 2
      vertex -6.52268 -2.43127 2.6
    endloop
  endfacet
  facet normal 0.904813 0.425809 0
    outer loop
      vertex -6.52268 -2.43127 2
      vertex -6.3513 -2.79544 2.6
      vertex -6.3513 -2.79544 2
    endloop
  endfacet
  facet normal 0.951713 0.30699 0
    outer loop
      vertex -6.52268 -2.43127 2.6
      vertex -6.73688 -1.76722 2
      vertex -6.73688 -1.76722 2.6
    endloop
  endfacet
  facet normal 0.951713 0.30699 0
    outer loop
      vertex -6.73688 -1.76722 2
      vertex -6.52268 -2.43127 2.6
      vertex -6.52268 -2.43127 2
    endloop
  endfacet
  facet normal 1 -0 0
    outer loop
      vertex -6.73688 -1.76722 2.6
      vertex -6.73688 -1.70296 2
      vertex -6.73688 -1.70296 2.6
    endloop
  endfacet
  facet normal 1 0 0
    outer loop
      vertex -6.73688 -1.70296 2
      vertex -6.73688 -1.76722 2.6
      vertex -6.73688 -1.76722 2
    endloop
  endfacet
  facet normal 0.959366 0.282166 0
    outer loop
      vertex -6.73688 -1.70296 2.6
      vertex -6.84398 -1.33882 2
      vertex -6.84398 -1.33882 2.6
    endloop
  endfacet
  facet normal 0.959366 0.282166 0
    outer loop
      vertex -6.84398 -1.33882 2
      vertex -6.73688 -1.70296 2.6
      vertex -6.73688 -1.70296 2
    endloop
  endfacet
  facet normal 0.993886 0.110415 0
    outer loop
      vertex -6.84398 -1.33882 2.6
      vertex -6.8654 -1.14601 2
      vertex -6.8654 -1.14601 2.6
    endloop
  endfacet
  facet normal 0.993886 0.110415 0
    outer loop
      vertex -6.8654 -1.14601 2
      vertex -6.84398 -1.33882 2.6
      vertex -6.84398 -1.33882 2
    endloop
  endfacet
  facet normal 0.707107 0.707107 0
    outer loop
      vertex -6.8654 -1.14601 2.6
      vertex -6.88682 -1.12459 2
      vertex -6.88682 -1.12459 2.6
    endloop
  endfacet
  facet normal 0.707107 0.707107 0
    outer loop
      vertex -6.88682 -1.12459 2
      vertex -6.8654 -1.14601 2.6
      vertex -6.8654 -1.14601 2
    endloop
  endfacet
  facet normal 0.99341 0.114619 0
    outer loop
      vertex -6.88682 -1.12459 2.6
      vertex -6.95108 -0.567644 2
      vertex -6.95108 -0.567644 2.6
    endloop
  endfacet
  facet normal 0.99341 0.114619 0
    outer loop
      vertex -6.95108 -0.567644 2
      vertex -6.88682 -1.12459 2.6
      vertex -6.88682 -1.12459 2
    endloop
  endfacet
  facet normal 0.707107 0.707107 0
    outer loop
      vertex -6.95108 -0.567644 2.6
      vertex -6.9725 -0.546224 2
      vertex -6.9725 -0.546224 2.6
    endloop
  endfacet
  facet normal 0.707107 0.707107 0
    outer loop
      vertex -6.9725 -0.546224 2
      vertex -6.95108 -0.567644 2.6
      vertex -6.95108 -0.567644 2
    endloop
  endfacet
  facet normal 1 -0 0
    outer loop
      vertex -6.9725 -0.546224 2.6
      vertex -6.9725 -0.310603 2
      vertex -6.9725 -0.310603 2.6
    endloop
  endfacet
  facet normal 1 0 0
    outer loop
      vertex -6.9725 -0.310603 2
      vertex -6.9725 -0.546224 2.6
      vertex -6.9725 -0.546224 2
    endloop
  endfacet
  facet normal 0.70709 0.707123 0
    outer loop
      vertex -6.9725 -0.310603 2.6
      vertex -6.99392 -0.289184 2
      vertex -6.99392 -0.289184 2.6
    endloop
  endfacet
  facet normal 0.70709 0.707123 0
    outer loop
      vertex -6.99392 -0.289184 2
      vertex -6.9725 -0.310603 2.6
      vertex -6.9725 -0.310603 2
    endloop
  endfacet
  facet normal 1 -0 0
    outer loop
      vertex -6.99392 -0.289184 2.6
      vertex -6.99392 0.653352 2
      vertex -6.99392 0.653352 2.6
    endloop
  endfacet
  facet normal 1 0 0
    outer loop
      vertex -6.99392 0.653352 2
      vertex -6.99392 -0.289184 2.6
      vertex -6.99392 -0.289184 2
    endloop
  endfacet
  facet normal 0.70709 -0.707123 0
    outer loop
      vertex -6.99392 0.653352 2.6
      vertex -6.9725 0.674771 2
      vertex -6.9725 0.674771 2.6
    endloop
  endfacet
  facet normal 0.70709 -0.707123 0
    outer loop
      vertex -6.9725 0.674771 2
      vertex -6.99392 0.653352 2.6
      vertex -6.99392 0.653352 2
    endloop
  endfacet
  facet normal 1 -0 0
    outer loop
      vertex -6.9725 0.674771 2.6
      vertex -6.9725 0.910391 2
      vertex -6.9725 0.910391 2.6
    endloop
  endfacet
  facet normal 1 0 0
    outer loop
      vertex -6.9725 0.910391 2
      vertex -6.9725 0.674771 2.6
      vertex -6.9725 0.674771 2
    endloop
  endfacet
  facet normal 0.707107 -0.707107 0
    outer loop
      vertex -6.9725 0.910391 2.6
      vertex -6.95108 0.931811 2
      vertex -6.95108 0.931811 2.6
    endloop
  endfacet
  facet normal 0.707107 -0.707107 0
    outer loop
      vertex -6.95108 0.931811 2
      vertex -6.9725 0.910391 2.6
      vertex -6.9725 0.910391 2
    endloop
  endfacet
  facet normal 1 -0 0
    outer loop
      vertex -6.95108 0.931811 2.6
      vertex -6.95108 1.08175 2
      vertex -6.95108 1.08175 2.6
    endloop
  endfacet
  facet normal 1 0 0
    outer loop
      vertex -6.95108 1.08175 2
      vertex -6.95108 0.931811 2.6
      vertex -6.95108 0.931811 2
    endloop
  endfacet
  facet normal 0.707107 -0.707107 0
    outer loop
      vertex -6.95108 1.08175 2.6
      vertex -6.92966 1.10317 2
      vertex -6.92966 1.10317 2.6
    endloop
  endfacet
  facet normal 0.707107 -0.707107 0
    outer loop
      vertex -6.92966 1.10317 2
      vertex -6.95108 1.08175 2.6
      vertex -6.95108 1.08175 2
    endloop
  endfacet
  facet normal 1 -0 0
    outer loop
      vertex -6.92966 1.10317 2.6
      vertex -6.92966 1.27456 2
      vertex -6.92966 1.27456 2.6
    endloop
  endfacet
  facet normal 1 0 0
    outer loop
      vertex -6.92966 1.27456 2
      vertex -6.92966 1.10317 2.6
      vertex -6.92966 1.10317 2
    endloop
  endfacet
  facet normal 0.707107 -0.707107 0
    outer loop
      vertex -6.92966 1.27456 2.6
      vertex -6.90824 1.29598 2
      vertex -6.90824 1.29598 2.6
    endloop
  endfacet
  facet normal 0.707107 -0.707107 0
    outer loop
      vertex -6.90824 1.29598 2
      vertex -6.92966 1.27456 2.6
      vertex -6.92966 1.27456 2
    endloop
  endfacet
  facet normal 0.99083 -0.135113 0
    outer loop
      vertex -6.90824 1.29598 2.6
      vertex -6.84398 1.76722 2
      vertex -6.84398 1.76722 2.6
    endloop
  endfacet
  facet normal 0.99083 -0.135113 0
    outer loop
      vertex -6.84398 1.76722 2
      vertex -6.90824 1.29598 2.6
      vertex -6.90824 1.29598 2
    endloop
  endfacet
  facet normal 0.948694 -0.316195 0
    outer loop
      vertex -6.84398 1.76722 2.6
      vertex -6.7583 2.02429 2
      vertex -6.7583 2.02429 2.6
    endloop
  endfacet
  facet normal 0.948694 -0.316195 0
    outer loop
      vertex -6.7583 2.02429 2
      vertex -6.84398 1.76722 2.6
      vertex -6.84398 1.76722 2
    endloop
  endfacet
  facet normal 0.989949 -0.141421 0
    outer loop
      vertex -6.7583 2.02429 2.6
      vertex -6.73688 2.17423 2
      vertex -6.73688 2.17423 2.6
    endloop
  endfacet
  facet normal 0.989949 -0.141421 0
    outer loop
      vertex -6.73688 2.17423 2
      vertex -6.7583 2.02429 2.6
      vertex -6.7583 2.02429 2
    endloop
  endfacet
  facet normal 0.919145 -0.393919 0
    outer loop
      vertex -6.73688 2.17423 2.6
      vertex -6.67262 2.32417 2
      vertex -6.67262 2.32417 2.6
    endloop
  endfacet
  facet normal 0.919145 -0.393919 0
    outer loop
      vertex -6.67262 2.32417 2
      vertex -6.73688 2.17423 2.6
      vertex -6.73688 2.17423 2
    endloop
  endfacet
  facet normal 1 -0 0
    outer loop
      vertex -6.67262 2.32417 2.6
      vertex -6.67262 2.38843 2
      vertex -6.67262 2.38843 2.6
    endloop
  endfacet
  facet normal 1 0 0
    outer loop
      vertex -6.67262 2.38843 2
      vertex -6.67262 2.32417 2.6
      vertex -6.67262 2.32417 2
    endloop
  endfacet
  facet normal 0.83205 -0.5547 0
    outer loop
      vertex -6.67262 2.38843 2.6
      vertex -6.62978 2.45269 2
      vertex -6.62978 2.45269 2.6
    endloop
  endfacet
  facet normal 0.83205 -0.5547 0
    outer loop
      vertex -6.62978 2.45269 2
      vertex -6.67262 2.38843 2.6
      vertex -6.67262 2.38843 2
    endloop
  endfacet
  facet normal 0.954485 -0.298259 0
    outer loop
      vertex -6.62978 2.45269 2.6
      vertex -6.52268 2.79543 2
      vertex -6.52268 2.79543 2.6
    endloop
  endfacet
  facet normal 0.954485 -0.298259 0
    outer loop
      vertex -6.52268 2.79543 2
      vertex -6.62978 2.45269 2.6
      vertex -6.62978 2.45269 2
    endloop
  endfacet
  facet normal 0.90618 -0.422892 0
    outer loop
      vertex -6.52268 2.79543 2.6
      vertex -6.22278 3.43806 2
      vertex -6.22278 3.43806 2.6
    endloop
  endfacet
  facet normal 0.90618 -0.422892 0
    outer loop
      vertex -6.22278 3.43806 2
      vertex -6.52268 2.79543 2.6
      vertex -6.52268 2.79543 2
    endloop
  endfacet
  facet normal 0.849652 -0.527344 0
    outer loop
      vertex -6.22278 3.43806 2.6
      vertex -5.83722 4.05927 2
      vertex -5.83722 4.05927 2.6
    endloop
  endfacet
  facet normal 0.849652 -0.527344 0
    outer loop
      vertex -5.83722 4.05927 2
      vertex -6.22278 3.43806 2.6
      vertex -6.22278 3.43806 2
    endloop
  endfacet
  facet normal 0.784041 -0.620709 0
    outer loop
      vertex -5.83722 4.05927 2.6
      vertex -5.43021 4.57338 2
      vertex -5.43021 4.57338 2.6
    endloop
  endfacet
  facet normal 0.784041 -0.620709 0
    outer loop
      vertex -5.43021 4.57338 2
      vertex -5.83722 4.05927 2.6
      vertex -5.83722 4.05927 2
    endloop
  endfacet
  facet normal 0.721967 -0.691927 0
    outer loop
      vertex -5.43021 4.57338 2.6
      vertex -4.93752 5.08746 2
      vertex -4.93752 5.08746 2.6
    endloop
  endfacet
  facet normal 0.721967 -0.691927 0
    outer loop
      vertex -4.93752 5.08746 2
      vertex -5.43021 4.57338 2.6
      vertex -5.43021 4.57338 2
    endloop
  endfacet
  facet normal 0.661656 -0.749807 0
    outer loop
      vertex -4.93752 5.08746 2
      vertex -4.57338 5.40879 2.6
      vertex -4.93752 5.08746 2.6
    endloop
  endfacet
  facet normal 0.661656 -0.749807 0
    outer loop
      vertex -4.57338 5.40879 2.6
      vertex -4.93752 5.08746 2
      vertex -4.57338 5.40879 2
    endloop
  endfacet
  facet normal 0.606051 -0.795426 0
    outer loop
      vertex -4.57338 5.40879 2
      vertex -4.12353 5.75154 2.6
      vertex -4.57338 5.40879 2.6
    endloop
  endfacet
  facet normal 0.606051 -0.795426 0
    outer loop
      vertex -4.12353 5.75154 2.6
      vertex -4.57338 5.40879 2
      vertex -4.12353 5.75154 2
    endloop
  endfacet
  facet normal 0.532156 -0.846646 0
    outer loop
      vertex -4.12353 5.75154 2
      vertex -3.3738 6.22278 2.6
      vertex -4.12353 5.75154 2.6
    endloop
  endfacet
  facet normal 0.532156 -0.846646 0
    outer loop
      vertex -3.3738 6.22278 2.6
      vertex -4.12353 5.75154 2
      vertex -3.3738 6.22278 2
    endloop
  endfacet
  facet normal 0.447225 -0.894422 0
    outer loop
      vertex -3.3738 6.22278 2
      vertex -2.73118 6.5441 2.6
      vertex -3.3738 6.22278 2.6
    endloop
  endfacet
  facet normal 0.447225 -0.894422 0
    outer loop
      vertex -2.73118 6.5441 2.6
      vertex -3.3738 6.22278 2
      vertex -2.73118 6.5441 2
    endloop
  endfacet
  facet normal 0.337843 -0.941202 0
    outer loop
      vertex -2.73118 6.5441 2
      vertex -1.89574 6.84398 2.6
      vertex -2.73118 6.5441 2.6
    endloop
  endfacet
  facet normal 0.337843 -0.941202 0
    outer loop
      vertex -1.89574 6.84398 2.6
      vertex -2.73118 6.5441 2
      vertex -1.89574 6.84398 2
    endloop
  endfacet
  facet normal 0 -1 0
    outer loop
      vertex -1.89574 6.84398 2
      vertex -1.83148 6.84398 2.6
      vertex -1.89574 6.84398 2.6
    endloop
  endfacet
  facet normal 0 -1 -0
    outer loop
      vertex -1.83148 6.84398 2.6
      vertex -1.89574 6.84398 2
      vertex -1.83148 6.84398 2
    endloop
  endfacet
  facet normal 0.447214 -0.894427 0
    outer loop
      vertex -1.83148 6.84398 2
      vertex -1.7458 6.88682 2.6
      vertex -1.83148 6.84398 2.6
    endloop
  endfacet
  facet normal 0.447214 -0.894427 0
    outer loop
      vertex -1.7458 6.88682 2.6
      vertex -1.83148 6.84398 2
      vertex -1.7458 6.88682 2
    endloop
  endfacet
  facet normal 0 -1 0
    outer loop
      vertex -1.7458 6.88682 2
      vertex -1.68154 6.88682 2.6
      vertex -1.7458 6.88682 2.6
    endloop
  endfacet
  facet normal 0 -1 -0
    outer loop
      vertex -1.68154 6.88682 2.6
      vertex -1.7458 6.88682 2
      vertex -1.68154 6.88682 2
    endloop
  endfacet
  facet normal 0.294086 -0.955779 0
    outer loop
      vertex -1.68154 6.88682 2
      vertex -1.40308 6.9725 2.6
      vertex -1.68154 6.88682 2.6
    endloop
  endfacet
  facet normal 0.294086 -0.955779 0
    outer loop
      vertex -1.40308 6.9725 2.6
      vertex -1.68154 6.88682 2
      vertex -1.40308 6.9725 2
    endloop
  endfacet
  facet normal 0.110415 -0.993886 0
    outer loop
      vertex -1.40308 6.9725 2
      vertex -1.21027 6.99392 2.6
      vertex -1.40308 6.9725 2.6
    endloop
  endfacet
  facet normal 0.110415 -0.993886 0
    outer loop
      vertex -1.21027 6.99392 2.6
      vertex -1.40308 6.9725 2
      vertex -1.21027 6.99392 2
    endloop
  endfacet
  facet normal 0.707601 -0.706612 0
    outer loop
      vertex -1.21027 6.99392 2.6
      vertex -1.18885 7.01537 2
      vertex -1.18885 7.01537 2.6
    endloop
  endfacet
  facet normal 0.707601 -0.706612 0
    outer loop
      vertex -1.18885 7.01537 2
      vertex -1.21027 6.99392 2.6
      vertex -1.21027 6.99392 2
    endloop
  endfacet
  facet normal 0 -1 0
    outer loop
      vertex -1.18885 7.01537 2
      vertex -1.08175 7.01537 2.6
      vertex -1.18885 7.01537 2.6
    endloop
  endfacet
  facet normal 0 -1 -0
    outer loop
      vertex -1.08175 7.01537 2.6
      vertex -1.18885 7.01537 2
      vertex -1.08175 7.01537 2
    endloop
  endfacet
  facet normal 0.274723 -0.961523 0
    outer loop
      vertex -1.08175 7.01537 2
      vertex -0.931811 7.05821 2.6
      vertex -1.08175 7.01537 2.6
    endloop
  endfacet
  facet normal 0.274723 -0.961523 0
    outer loop
      vertex -0.931811 7.05821 2.6
      vertex -1.08175 7.01537 2
      vertex -0.931811 7.05821 2
    endloop
  endfacet
  facet normal 0 -1 0
    outer loop
      vertex -0.931811 7.05821 2
      vertex -0.781872 7.05821 2.6
      vertex -0.931811 7.05821 2.6
    endloop
  endfacet
  facet normal 0 -1 -0
    outer loop
      vertex -0.781872 7.05821 2.6
      vertex -0.931811 7.05821 2
      vertex -0.781872 7.05821 2
    endloop
  endfacet
  facet normal 0.707107 -0.707107 0
    outer loop
      vertex -0.781872 7.05821 2.6
      vertex -0.760452 7.07963 2
      vertex -0.760452 7.07963 2.6
    endloop
  endfacet
  facet normal 0.707107 -0.707107 0
    outer loop
      vertex -0.760452 7.07963 2
      vertex -0.781872 7.05821 2.6
      vertex -0.781872 7.05821 2
    endloop
  endfacet
  facet normal 0 -1 0
    outer loop
      vertex -0.760452 7.07963 2
      vertex -0.610484 7.07963 2.6
      vertex -0.760452 7.07963 2.6
    endloop
  endfacet
  facet normal 0 -1 -0
    outer loop
      vertex -0.610484 7.07963 2.6
      vertex -0.760452 7.07963 2
      vertex -0.610484 7.07963 2
    endloop
  endfacet
  facet normal 0.707107 -0.707107 0
    outer loop
      vertex -0.610484 7.07963 2
      vertex -0.589064 7.10105 2.6
      vertex -0.610484 7.07963 2.6
    endloop
  endfacet
  facet normal 0.707107 -0.707107 0
    outer loop
      vertex -0.589064 7.10105 2.6
      vertex -0.610484 7.07963 2
      vertex -0.589064 7.10105 2
    endloop
  endfacet
  facet normal 0 -1 0
    outer loop
      vertex -0.589064 7.10105 2
      vertex -0.353443 7.10105 2.6
      vertex -0.589064 7.10105 2.6
    endloop
  endfacet
  facet normal 0 -1 -0
    outer loop
      vertex -0.353443 7.10105 2.6
      vertex -0.589064 7.10105 2
      vertex -0.353443 7.10105 2
    endloop
  endfacet
  facet normal 0.707123 -0.70709 0
    outer loop
      vertex -0.353443 7.10105 2.6
      vertex -0.332024 7.12247 2
      vertex -0.332024 7.12247 2.6
    endloop
  endfacet
  facet normal 0.707123 -0.70709 0
    outer loop
      vertex -0.332024 7.12247 2
      vertex -0.353443 7.10105 2.6
      vertex -0.353443 7.10105 2
    endloop
  endfacet
  facet normal 0 -1 0
    outer loop
      vertex -0.332024 7.12247 2
      vertex 0.481963 7.12247 2.6
      vertex -0.332024 7.12247 2.6
    endloop
  endfacet
  facet normal 0 -1 -0
    outer loop
      vertex 0.481963 7.12247 2.6
      vertex -0.332024 7.12247 2
      vertex 0.481963 7.12247 2
    endloop
  endfacet
  facet normal -0.70709 -0.707123 0
    outer loop
      vertex 0.481963 7.12247 2
      vertex 0.503384 7.10105 2.6
      vertex 0.481963 7.12247 2.6
    endloop
  endfacet
  facet normal -0.70709 -0.707123 -0
    outer loop
      vertex 0.503384 7.10105 2.6
      vertex 0.481963 7.12247 2
      vertex 0.503384 7.10105 2
    endloop
  endfacet
  facet normal -0.0454051 -0.998969 0
    outer loop
      vertex 0.503384 7.10105 2
      vertex 0.974651 7.07963 2.6
      vertex 0.503384 7.10105 2.6
    endloop
  endfacet
  facet normal -0.0454051 -0.998969 -0
    outer loop
      vertex 0.974651 7.07963 2.6
      vertex 0.503384 7.10105 2
      vertex 0.974651 7.07963 2
    endloop
  endfacet
  facet normal -0.707107 -0.707107 0
    outer loop
      vertex 0.996071 7.05821 2
      vertex 0.974651 7.07963 2.6
      vertex 0.974651 7.07963 2
    endloop
  endfacet
  facet normal -0.707107 -0.707107 0
    outer loop
      vertex 0.974651 7.07963 2.6
      vertex 0.996071 7.05821 2
      vertex 0.996071 7.05821 2.6
    endloop
  endfacet
  facet normal 0 -1 0
    outer loop
      vertex 0.996071 7.05821 2
      vertex 1.12459 7.05821 2.6
      vertex 0.996071 7.05821 2.6
    endloop
  endfacet
  facet normal 0 -1 -0
    outer loop
      vertex 1.12459 7.05821 2.6
      vertex 0.996071 7.05821 2
      vertex 1.12459 7.05821 2
    endloop
  endfacet
  facet normal -0.707107 -0.707107 0
    outer loop
      vertex 1.12459 7.05821 2
      vertex 1.14601 7.03679 2.6
      vertex 1.12459 7.05821 2.6
    endloop
  endfacet
  facet normal -0.707107 -0.707107 -0
    outer loop
      vertex 1.14601 7.03679 2.6
      vertex 1.12459 7.05821 2
      vertex 1.14601 7.03679 2
    endloop
  endfacet
  facet normal 0 -1 0
    outer loop
      vertex 1.14601 7.03679 2
      vertex 1.25311 7.03679 2.6
      vertex 1.14601 7.03679 2.6
    endloop
  endfacet
  facet normal 0 -1 -0
    outer loop
      vertex 1.25311 7.03679 2.6
      vertex 1.14601 7.03679 2
      vertex 1.25311 7.03679 2
    endloop
  endfacet
  facet normal -0.706612 -0.707601 0
    outer loop
      vertex 1.25311 7.03679 2
      vertex 1.27456 7.01537 2.6
      vertex 1.25311 7.03679 2.6
    endloop
  endfacet
  facet normal -0.706612 -0.707601 -0
    outer loop
      vertex 1.27456 7.01537 2.6
      vertex 1.25311 7.03679 2
      vertex 1.27456 7.01537 2
    endloop
  endfacet
  facet normal -0.141518 -0.989936 0
    outer loop
      vertex 1.27456 7.01537 2
      vertex 1.57444 6.9725 2.6
      vertex 1.27456 7.01537 2.6
    endloop
  endfacet
  facet normal -0.141518 -0.989936 -0
    outer loop
      vertex 1.57444 6.9725 2.6
      vertex 1.27456 7.01537 2
      vertex 1.57444 6.9725 2
    endloop
  endfacet
  facet normal -0.707107 -0.707107 0
    outer loop
      vertex 1.59586 6.95108 2
      vertex 1.57444 6.9725 2.6
      vertex 1.57444 6.9725 2
    endloop
  endfacet
  facet normal -0.707107 -0.707107 0
    outer loop
      vertex 1.57444 6.9725 2.6
      vertex 1.59586 6.95108 2
      vertex 1.59586 6.95108 2.6
    endloop
  endfacet
  facet normal -0.196099 -0.980584 0
    outer loop
      vertex 1.59586 6.95108 2
      vertex 1.91719 6.88682 2.6
      vertex 1.59586 6.95108 2.6
    endloop
  endfacet
  facet normal -0.196099 -0.980584 -0
    outer loop
      vertex 1.91719 6.88682 2.6
      vertex 1.59586 6.95108 2
      vertex 1.91719 6.88682 2
    endloop
  endfacet
  facet normal -0.316228 -0.948683 0
    outer loop
      vertex 1.91719 6.88682 2
      vertex 2.36701 6.73688 2.6
      vertex 1.91719 6.88682 2.6
    endloop
  endfacet
  facet normal -0.316228 -0.948683 -0
    outer loop
      vertex 2.36701 6.73688 2.6
      vertex 1.91719 6.88682 2
      vertex 2.36701 6.73688 2
    endloop
  endfacet
  facet normal -0.5547 -0.83205 0
    outer loop
      vertex 2.36701 6.73688 2
      vertex 2.43127 6.69404 2.6
      vertex 2.36701 6.73688 2.6
    endloop
  endfacet
  facet normal -0.5547 -0.83205 -0
    outer loop
      vertex 2.43127 6.69404 2.6
      vertex 2.36701 6.73688 2
      vertex 2.43127 6.69404 2
    endloop
  endfacet
  facet normal -0.316195 -0.948694 0
    outer loop
      vertex 2.43127 6.69404 2
      vertex 2.68834 6.60836 2.6
      vertex 2.43127 6.69404 2.6
    endloop
  endfacet
  facet normal -0.316195 -0.948694 -0
    outer loop
      vertex 2.68834 6.60836 2.6
      vertex 2.43127 6.69404 2
      vertex 2.68834 6.60836 2
    endloop
  endfacet
  facet normal -0.478868 -0.877887 0
    outer loop
      vertex 2.68834 6.60836 2
      vertex 2.92395 6.47984 2.6
      vertex 2.68834 6.60836 2.6
    endloop
  endfacet
  facet normal -0.478868 -0.877887 -0
    outer loop
      vertex 2.92395 6.47984 2.6
      vertex 2.68834 6.60836 2
      vertex 2.92395 6.47984 2
    endloop
  endfacet
  facet normal 0 -1 0
    outer loop
      vertex 2.92395 6.47984 2
      vertex 2.96679 6.47984 2.6
      vertex 2.92395 6.47984 2.6
    endloop
  endfacet
  facet normal 0 -1 -0
    outer loop
      vertex 2.96679 6.47984 2.6
      vertex 2.92395 6.47984 2
      vertex 2.96679 6.47984 2
    endloop
  endfacet
  facet normal -0.707024 -0.707189 0
    outer loop
      vertex 2.96679 6.47984 2
      vertex 3.00964 6.437 2.6
      vertex 2.96679 6.47984 2.6
    endloop
  endfacet
  facet normal -0.707024 -0.707189 -0
    outer loop
      vertex 3.00964 6.437 2.6
      vertex 2.96679 6.47984 2
      vertex 3.00964 6.437 2
    endloop
  endfacet
  facet normal -0.46258 -0.886578 0
    outer loop
      vertex 3.00964 6.437 2
      vertex 3.50232 6.17994 2.6
      vertex 3.00964 6.437 2.6
    endloop
  endfacet
  facet normal -0.46258 -0.886578 -0
    outer loop
      vertex 3.50232 6.17994 2.6
      vertex 3.00964 6.437 2
      vertex 3.50232 6.17994 2
    endloop
  endfacet
  facet normal -0.567714 -0.823226 0
    outer loop
      vertex 3.50232 6.17994 2
      vertex 4.12353 5.75154 2.6
      vertex 3.50232 6.17994 2.6
    endloop
  endfacet
  facet normal -0.567714 -0.823226 -0
    outer loop
      vertex 4.12353 5.75154 2.6
      vertex 3.50232 6.17994 2
      vertex 4.12353 5.75154 2
    endloop
  endfacet
  facet normal -0.64847 -0.76124 0
    outer loop
      vertex 4.12353 5.75154 2
      vertex 4.7019 5.25885 2.6
      vertex 4.12353 5.75154 2.6
    endloop
  endfacet
  facet normal -0.64847 -0.76124 -0
    outer loop
      vertex 4.7019 5.25885 2.6
      vertex 4.12353 5.75154 2
      vertex 4.7019 5.25885 2
    endloop
  endfacet
  facet normal -0.719844 -0.694136 0
    outer loop
      vertex 5.28027 4.65906 2
      vertex 4.7019 5.25885 2.6
      vertex 4.7019 5.25885 2
    endloop
  endfacet
  facet normal -0.719844 -0.694136 0
    outer loop
      vertex 4.7019 5.25885 2.6
      vertex 5.28027 4.65906 2
      vertex 5.28027 4.65906 2.6
    endloop
  endfacet
  facet normal -0.786314 -0.617827 0
    outer loop
      vertex 5.75154 4.05927 2
      vertex 5.28027 4.65906 2.6
      vertex 5.28027 4.65906 2
    endloop
  endfacet
  facet normal -0.786314 -0.617827 0
    outer loop
      vertex 5.28027 4.65906 2.6
      vertex 5.75154 4.05927 2
      vertex 5.75154 4.05927 2.6
    endloop
  endfacet
  facet normal -0.841191 -0.540738 0
    outer loop
      vertex 6.1371 3.45948 2
      vertex 5.75154 4.05927 2.6
      vertex 5.75154 4.05927 2
    endloop
  endfacet
  facet normal -0.841191 -0.540738 0
    outer loop
      vertex 5.75154 4.05927 2.6
      vertex 6.1371 3.45948 2
      vertex 6.1371 3.45948 2.6
    endloop
  endfacet
  facet normal -0.902868 -0.429918 0
    outer loop
      vertex 6.3513 3.00964 2
      vertex 6.1371 3.45948 2.6
      vertex 6.1371 3.45948 2
    endloop
  endfacet
  facet normal -0.902868 -0.429918 0
    outer loop
      vertex 6.1371 3.45948 2.6
      vertex 6.3513 3.00964 2
      vertex 6.3513 3.00964 2.6
    endloop
  endfacet
  facet normal -0.83201 -0.55476 0
    outer loop
      vertex 6.437 2.88111 2
      vertex 6.3513 3.00964 2.6
      vertex 6.3513 3.00964 2
    endloop
  endfacet
  facet normal -0.83201 -0.55476 0
    outer loop
      vertex 6.3513 3.00964 2.6
      vertex 6.437 2.88111 2
      vertex 6.437 2.88111 2.6
    endloop
  endfacet
  facet normal -1 0 0
    outer loop
      vertex 6.437 2.83827 2
      vertex 6.437 2.88111 2.6
      vertex 6.437 2.88111 2
    endloop
  endfacet
  facet normal -1 -0 0
    outer loop
      vertex 6.437 2.88111 2.6
      vertex 6.437 2.83827 2
      vertex 6.437 2.83827 2.6
    endloop
  endfacet
  facet normal -0.89442 -0.447228 0
    outer loop
      vertex 6.56552 2.58124 2
      vertex 6.437 2.83827 2.6
      vertex 6.437 2.83827 2
    endloop
  endfacet
  facet normal -0.89442 -0.447228 0
    outer loop
      vertex 6.437 2.83827 2.6
      vertex 6.56552 2.58124 2
      vertex 6.56552 2.58124 2.6
    endloop
  endfacet
  facet normal -0.948688 -0.316213 0
    outer loop
      vertex 6.7583 2.00287 2
      vertex 6.56552 2.58124 2.6
      vertex 6.56552 2.58124 2
    endloop
  endfacet
  facet normal -0.948688 -0.316213 0
    outer loop
      vertex 6.56552 2.58124 2.6
      vertex 6.7583 2.00287 2
      vertex 6.7583 2.00287 2.6
    endloop
  endfacet
  facet normal -1 0 0
    outer loop
      vertex 6.7583 1.93861 2
      vertex 6.7583 2.00287 2.6
      vertex 6.7583 2.00287 2
    endloop
  endfacet
  facet normal -1 -0 0
    outer loop
      vertex 6.7583 2.00287 2.6
      vertex 6.7583 1.93861 2
      vertex 6.7583 1.93861 2.6
    endloop
  endfacet
  facet normal -0.89449 -0.447088 0
    outer loop
      vertex 6.80114 1.8529 2
      vertex 6.7583 1.93861 2.6
      vertex 6.7583 1.93861 2
    endloop
  endfacet
  facet normal -0.89449 -0.447088 0
    outer loop
      vertex 6.7583 1.93861 2.6
      vertex 6.80114 1.8529 2
      vertex 6.80114 1.8529 2.6
    endloop
  endfacet
  facet normal -1 0 0
    outer loop
      vertex 6.80114 1.78864 2
      vertex 6.80114 1.8529 2.6
      vertex 6.80114 1.8529 2
    endloop
  endfacet
  facet normal -1 -0 0
    outer loop
      vertex 6.80114 1.8529 2.6
      vertex 6.80114 1.78864 2
      vertex 6.80114 1.78864 2.6
    endloop
  endfacet
  facet normal -0.948683 -0.316228 0
    outer loop
      vertex 6.8654 1.59586 2
      vertex 6.80114 1.78864 2.6
      vertex 6.80114 1.78864 2
    endloop
  endfacet
  facet normal -0.948683 -0.316228 0
    outer loop
      vertex 6.80114 1.78864 2.6
      vertex 6.8654 1.59586 2
      vertex 6.8654 1.59586 2.6
    endloop
  endfacet
  facet normal -1 0 0
    outer loop
      vertex 6.8654 1.51018 2
      vertex 6.8654 1.59586 2.6
      vertex 6.8654 1.59586 2
    endloop
  endfacet
  facet normal -1 -0 0
    outer loop
      vertex 6.8654 1.59586 2.6
      vertex 6.8654 1.51018 2
      vertex 6.8654 1.51018 2.6
    endloop
  endfacet
  facet normal -0.707107 -0.707107 0
    outer loop
      vertex 6.88682 1.48876 2
      vertex 6.8654 1.51018 2.6
      vertex 6.8654 1.51018 2
    endloop
  endfacet
  facet normal -0.707107 -0.707107 0
    outer loop
      vertex 6.8654 1.51018 2.6
      vertex 6.88682 1.48876 2
      vertex 6.88682 1.48876 2.6
    endloop
  endfacet
  facet normal -1 0 0
    outer loop
      vertex 6.88682 1.40308 2
      vertex 6.88682 1.48876 2.6
      vertex 6.88682 1.48876 2
    endloop
  endfacet
  facet normal -1 -0 0
    outer loop
      vertex 6.88682 1.48876 2.6
      vertex 6.88682 1.40308 2
      vertex 6.88682 1.40308 2.6
    endloop
  endfacet
  facet normal -0.948683 -0.316228 0
    outer loop
      vertex 6.92966 1.27456 2
      vertex 6.88682 1.40308 2.6
      vertex 6.88682 1.40308 2
    endloop
  endfacet
  facet normal -0.948683 -0.316228 0
    outer loop
      vertex 6.88682 1.40308 2.6
      vertex 6.92966 1.27456 2
      vertex 6.92966 1.27456 2.6
    endloop
  endfacet
  facet normal -0.997055 -0.0766886 0
    outer loop
      vertex 6.95108 0.996071 2
      vertex 6.92966 1.27456 2.6
      vertex 6.92966 1.27456 2
    endloop
  endfacet
  facet normal -0.997055 -0.0766886 0
    outer loop
      vertex 6.92966 1.27456 2.6
      vertex 6.95108 0.996071 2
      vertex 6.95108 0.996071 2.6
    endloop
  endfacet
  facet normal -0.707107 -0.707107 0
    outer loop
      vertex 6.95108 0.996071 2
      vertex 6.9725 0.974651 2.6
      vertex 6.95108 0.996071 2.6
    endloop
  endfacet
  facet normal -0.707107 -0.707107 -0
    outer loop
      vertex 6.9725 0.974651 2.6
      vertex 6.95108 0.996071 2
      vertex 6.9725 0.974651 2
    endloop
  endfacet
  facet normal -0.998053 -0.0623734 0
    outer loop
      vertex 6.99392 0.631904 2
      vertex 6.9725 0.974651 2.6
      vertex 6.9725 0.974651 2
    endloop
  endfacet
  facet normal -0.998053 -0.0623734 0
    outer loop
      vertex 6.9725 0.974651 2.6
      vertex 6.99392 0.631904 2
      vertex 6.99392 0.631904 2.6
    endloop
  endfacet
  facet normal -0.706628 -0.707585 0
    outer loop
      vertex 6.99392 0.631904 2
      vertex 7.01537 0.610483 2.6
      vertex 6.99392 0.631904 2.6
    endloop
  endfacet
  facet normal -0.706628 -0.707585 -0
    outer loop
      vertex 7.01537 0.610483 2.6
      vertex 6.99392 0.631904 2
      vertex 7.01537 0.610483 2
    endloop
  endfacet
  facet normal -1 0 0
    outer loop
      vertex 7.01537 0.246344 2
      vertex 7.01537 0.610483 2.6
      vertex 7.01537 0.610483 2
    endloop
  endfacet
  facet normal -1 -0 0
    outer loop
      vertex 7.01537 0.610483 2.6
      vertex 7.01537 0.246344 2
      vertex 7.01537 0.246344 2.6
    endloop
  endfacet
  facet normal -0.707123 -0.70709 0
    outer loop
      vertex 7.03679 0.224923 2
      vertex 7.01537 0.246344 2.6
      vertex 7.01537 0.246344 2
    endloop
  endfacet
  facet normal -0.707123 -0.70709 0
    outer loop
      vertex 7.01537 0.246344 2.6
      vertex 7.03679 0.224923 2
      vertex 7.03679 0.224923 2.6
    endloop
  endfacet
  facet normal -0.999703 0.0243815 0
    outer loop
      vertex 7.01537 -0.653352 2
      vertex 7.03679 0.224923 2.6
      vertex 7.03679 0.224923 2
    endloop
  endfacet
  facet normal -0.999703 0.0243815 0
    outer loop
      vertex 7.03679 0.224923 2.6
      vertex 7.01537 -0.653352 2
      vertex 7.01537 -0.653352 2.6
    endloop
  endfacet
  facet normal -0.706612 0.707601 0
    outer loop
      vertex 7.01537 -0.653352 2
      vertex 6.99392 -0.674772 2.6
      vertex 7.01537 -0.653352 2.6
    endloop
  endfacet
  facet normal -0.706612 0.707601 0
    outer loop
      vertex 6.99392 -0.674772 2.6
      vertex 7.01537 -0.653352 2
      vertex 6.99392 -0.674772 2
    endloop
  endfacet
  facet normal -1 0 0
    outer loop
      vertex 6.99392 -0.824712 2
      vertex 6.99392 -0.674772 2.6
      vertex 6.99392 -0.674772 2
    endloop
  endfacet
  facet normal -1 -0 0
    outer loop
      vertex 6.99392 -0.674772 2.6
      vertex 6.99392 -0.824712 2
      vertex 6.99392 -0.824712 2.6
    endloop
  endfacet
  facet normal -0.70709 0.707123 0
    outer loop
      vertex 6.9725 -0.846131 2
      vertex 6.99392 -0.824712 2.6
      vertex 6.99392 -0.824712 2
    endloop
  endfacet
  facet normal -0.70709 0.707123 0
    outer loop
      vertex 6.99392 -0.824712 2.6
      vertex 6.9725 -0.846131 2
      vertex 6.9725 -0.846131 2.6
    endloop
  endfacet
  facet normal -1 0 0
    outer loop
      vertex 6.9725 -0.996072 2
      vertex 6.9725 -0.846131 2.6
      vertex 6.9725 -0.846131 2
    endloop
  endfacet
  facet normal -1 -0 0
    outer loop
      vertex 6.9725 -0.846131 2.6
      vertex 6.9725 -0.996072 2
      vertex 6.9725 -0.996072 2.6
    endloop
  endfacet
  facet normal -0.707074 0.70714 0
    outer loop
      vertex 6.9725 -0.996072 2
      vertex 6.95108 -1.01749 2.6
      vertex 6.9725 -0.996072 2.6
    endloop
  endfacet
  facet normal -0.707074 0.70714 0
    outer loop
      vertex 6.95108 -1.01749 2.6
      vertex 6.9725 -0.996072 2
      vertex 6.95108 -1.01749 2
    endloop
  endfacet
  facet normal -0.995893 0.0905357 0
    outer loop
      vertex 6.92966 -1.25311 2
      vertex 6.95108 -1.01749 2.6
      vertex 6.95108 -1.01749 2
    endloop
  endfacet
  facet normal -0.995893 0.0905357 0
    outer loop
      vertex 6.95108 -1.01749 2.6
      vertex 6.92966 -1.25311 2
      vertex 6.92966 -1.25311 2.6
    endloop
  endfacet
  facet normal -0.707601 0.706612 0
    outer loop
      vertex 6.90824 -1.27456 2
      vertex 6.92966 -1.25311 2.6
      vertex 6.92966 -1.25311 2
    endloop
  endfacet
  facet normal -0.707601 0.706612 0
    outer loop
      vertex 6.92966 -1.25311 2.6
      vertex 6.90824 -1.27456 2
      vertex 6.90824 -1.27456 2.6
    endloop
  endfacet
  facet normal -1 0 0
    outer loop
      vertex 6.90824 -1.36024 2
      vertex 6.90824 -1.27456 2.6
      vertex 6.90824 -1.27456 2
    endloop
  endfacet
  facet normal -1 -0 0
    outer loop
      vertex 6.90824 -1.27456 2.6
      vertex 6.90824 -1.36024 2
      vertex 6.90824 -1.36024 2.6
    endloop
  endfacet
  facet normal -0.707107 0.707107 0
    outer loop
      vertex 6.88682 -1.38166 2
      vertex 6.90824 -1.36024 2.6
      vertex 6.90824 -1.36024 2
    endloop
  endfacet
  facet normal -0.707107 0.707107 0
    outer loop
      vertex 6.90824 -1.36024 2.6
      vertex 6.88682 -1.38166 2
      vertex 6.88682 -1.38166 2.6
    endloop
  endfacet
  facet normal -0.977176 0.21243 0
    outer loop
      vertex 6.77972 -1.87432 2
      vertex 6.88682 -1.38166 2.6
      vertex 6.88682 -1.38166 2
    endloop
  endfacet
  facet normal -0.977176 0.21243 0
    outer loop
      vertex 6.88682 -1.38166 2.6
      vertex 6.77972 -1.87432 2
      vertex 6.77972 -1.87432 2.6
    endloop
  endfacet
  facet normal -0.945378 0.325977 0
    outer loop
      vertex 6.56552 -2.49553 2
      vertex 6.77972 -1.87432 2.6
      vertex 6.77972 -1.87432 2
    endloop
  endfacet
  facet normal -0.945378 0.325977 0
    outer loop
      vertex 6.77972 -1.87432 2.6
      vertex 6.56552 -2.49553 2
      vertex 6.56552 -2.49553 2.6
    endloop
  endfacet
  facet normal -0.882371 0.470554 0
    outer loop
      vertex 6.39416 -2.81686 2
      vertex 6.56552 -2.49553 2.6
      vertex 6.56552 -2.49553 2
    endloop
  endfacet
  facet normal -0.882371 0.470554 0
    outer loop
      vertex 6.56552 -2.49553 2.6
      vertex 6.39416 -2.81686 2
      vertex 6.39416 -2.81686 2.6
    endloop
  endfacet
  facet normal -1 0 0
    outer loop
      vertex 6.39416 -2.8597 2
      vertex 6.39416 -2.81686 2.6
      vertex 6.39416 -2.81686 2
    endloop
  endfacet
  facet normal -1 -0 0
    outer loop
      vertex 6.39416 -2.81686 2.6
      vertex 6.39416 -2.8597 2
      vertex 6.39416 -2.8597 2.6
    endloop
  endfacet
  facet normal -0.706942 0.707272 0
    outer loop
      vertex 6.39416 -2.8597 2
      vertex 6.3513 -2.90254 2.6
      vertex 6.39416 -2.8597 2.6
    endloop
  endfacet
  facet normal -0.706942 0.707272 0
    outer loop
      vertex 6.3513 -2.90254 2.6
      vertex 6.39416 -2.8597 2
      vertex 6.3513 -2.90254 2
    endloop
  endfacet
  facet normal -1 0 0
    outer loop
      vertex 6.3513 -2.94538 2
      vertex 6.3513 -2.90254 2.6
      vertex 6.3513 -2.90254 2
    endloop
  endfacet
  facet normal -1 -0 0
    outer loop
      vertex 6.3513 -2.90254 2.6
      vertex 6.3513 -2.94538 2
      vertex 6.3513 -2.94538 2.6
    endloop
  endfacet
  facet normal -0.707107 0.707107 0
    outer loop
      vertex 6.30846 -2.98822 2
      vertex 6.3513 -2.94538 2.6
      vertex 6.3513 -2.94538 2
    endloop
  endfacet
  facet normal -0.707107 0.707107 0
    outer loop
      vertex 6.3513 -2.94538 2.6
      vertex 6.30846 -2.98822 2
      vertex 6.30846 -2.98822 2.6
    endloop
  endfacet
  facet normal -0.948683 0.316228 0
    outer loop
      vertex 6.26562 -3.11674 2
      vertex 6.30846 -2.98822 2.6
      vertex 6.30846 -2.98822 2
    endloop
  endfacet
  facet normal -0.948683 0.316228 0
    outer loop
      vertex 6.30846 -2.98822 2.6
      vertex 6.26562 -3.11674 2
      vertex 6.26562 -3.11674 2.6
    endloop
  endfacet
  facet normal -0.707107 0.707107 0
    outer loop
      vertex 6.22278 -3.15958 2
      vertex 6.26562 -3.11674 2.6
      vertex 6.26562 -3.11674 2
    endloop
  endfacet
  facet normal -0.707107 0.707107 0
    outer loop
      vertex 6.26562 -3.11674 2.6
      vertex 6.22278 -3.15958 2
      vertex 6.22278 -3.15958 2.6
    endloop
  endfacet
  facet normal -0.877904 0.478836 0
    outer loop
      vertex 5.96574 -3.63084 2
      vertex 6.22278 -3.15958 2.6
      vertex 6.22278 -3.15958 2
    endloop
  endfacet
  facet normal -0.877904 0.478836 0
    outer loop
      vertex 6.22278 -3.15958 2.6
      vertex 5.96574 -3.63084 2
      vertex 5.96574 -3.63084 2.6
    endloop
  endfacet
  facet normal -0.447214 0.894427 0
    outer loop
      vertex 5.96574 -3.63084 2
      vertex 5.9229 -3.65226 2.6
      vertex 5.96574 -3.63084 2.6
    endloop
  endfacet
  facet normal -0.447214 0.894427 0
    outer loop
      vertex 5.9229 -3.65226 2.6
      vertex 5.96574 -3.63084 2
      vertex 5.9229 -3.65226 2
    endloop
  endfacet
  facet normal -0.928477 0.371391 0
    outer loop
      vertex 5.88006 -3.75936 2
      vertex 5.9229 -3.65226 2.6
      vertex 5.9229 -3.65226 2
    endloop
  endfacet
  facet normal -0.928477 0.371391 0
    outer loop
      vertex 5.9229 -3.65226 2.6
      vertex 5.88006 -3.75936 2
      vertex 5.88006 -3.75936 2.6
    endloop
  endfacet
  facet normal -0.810671 0.585502 0
    outer loop
      vertex 5.60157 -4.14495 2
      vertex 5.88006 -3.75936 2.6
      vertex 5.88006 -3.75936 2
    endloop
  endfacet
  facet normal -0.810671 0.585502 0
    outer loop
      vertex 5.88006 -3.75936 2.6
      vertex 5.60157 -4.14495 2
      vertex 5.60157 -4.14495 2.6
    endloop
  endfacet
  facet normal -0.770981 0.636858 0
    outer loop
      vertex 5.19459 -4.63764 2
      vertex 5.60157 -4.14495 2.6
      vertex 5.60157 -4.14495 2
    endloop
  endfacet
  facet normal -0.770981 0.636858 0
    outer loop
      vertex 5.60157 -4.14495 2.6
      vertex 5.19459 -4.63764 2
      vertex 5.19459 -4.63764 2.6
    endloop
  endfacet
  facet normal -0.707107 0.707107 0
    outer loop
      vertex 5.19459 -4.63764 2
      vertex 4.68048 -5.15175 2.6
      vertex 5.19459 -4.63764 2.6
    endloop
  endfacet
  facet normal -0.707107 0.707107 0
    outer loop
      vertex 4.68048 -5.15175 2.6
      vertex 5.19459 -4.63764 2
      vertex 4.68048 -5.15175 2
    endloop
  endfacet
  facet normal -0.624677 0.780883 0
    outer loop
      vertex 4.68048 -5.15175 2
      vertex 4.03785 -5.66583 2.6
      vertex 4.68048 -5.15175 2.6
    endloop
  endfacet
  facet normal -0.624677 0.780883 0
    outer loop
      vertex 4.03785 -5.66583 2.6
      vertex 4.68048 -5.15175 2
      vertex 4.03785 -5.66583 2
    endloop
  endfacet
  facet normal -0.316228 0.948683 0
    outer loop
      vertex 4.03785 -5.66583 2
      vertex 3.97359 -5.68725 2.6
      vertex 4.03785 -5.66583 2.6
    endloop
  endfacet
  facet normal -0.316228 0.948683 0
    outer loop
      vertex 3.97359 -5.68725 2.6
      vertex 4.03785 -5.66583 2
      vertex 3.97359 -5.68725 2
    endloop
  endfacet
  facet normal -0.707272 0.706942 0
    outer loop
      vertex 3.90933 -5.75154 2
      vertex 3.97359 -5.68725 2.6
      vertex 3.97359 -5.68725 2
    endloop
  endfacet
  facet normal -0.707272 0.706942 0
    outer loop
      vertex 3.97359 -5.68725 2.6
      vertex 3.90933 -5.75154 2
      vertex 3.90933 -5.75154 2.6
    endloop
  endfacet
  facet normal -0.540719 0.841203 0
    outer loop
      vertex 3.90933 -5.75154 2
      vertex 3.60942 -5.94432 2.6
      vertex 3.90933 -5.75154 2.6
    endloop
  endfacet
  facet normal -0.540719 0.841203 0
    outer loop
      vertex 3.60942 -5.94432 2.6
      vertex 3.90933 -5.75154 2
      vertex 3.60942 -5.94432 2
    endloop
  endfacet
  facet normal -0.472209 0.881487 0
    outer loop
      vertex 3.60942 -5.94432 2
      vertex 3.00964 -6.26562 2.6
      vertex 3.60942 -5.94432 2.6
    endloop
  endfacet
  facet normal -0.472209 0.881487 0
    outer loop
      vertex 3.00964 -6.26562 2.6
      vertex 3.60942 -5.94432 2
      vertex 3.00964 -6.26562 2
    endloop
  endfacet
  facet normal 0 1 -0
    outer loop
      vertex 3.00964 -6.26562 2
      vertex 2.96679 -6.26562 2.6
      vertex 3.00964 -6.26562 2.6
    endloop
  endfacet
  facet normal 0 1 0
    outer loop
      vertex 2.96679 -6.26562 2.6
      vertex 3.00964 -6.26562 2
      vertex 2.96679 -6.26562 2
    endloop
  endfacet
  facet normal -0.496164 0.868229 0
    outer loop
      vertex 2.96679 -6.26562 2
      vertex 2.81686 -6.3513 2.6
      vertex 2.96679 -6.26562 2.6
    endloop
  endfacet
  facet normal -0.496164 0.868229 0
    outer loop
      vertex 2.81686 -6.3513 2.6
      vertex 2.96679 -6.26562 2
      vertex 2.81686 -6.3513 2
    endloop
  endfacet
  facet normal 0 1 -0
    outer loop
      vertex 2.81686 -6.3513 2
      vertex 2.77402 -6.3513 2.6
      vertex 2.81686 -6.3513 2.6
    endloop
  endfacet
  facet normal 0 1 0
    outer loop
      vertex 2.77402 -6.3513 2.6
      vertex 2.81686 -6.3513 2
      vertex 2.77402 -6.3513 2
    endloop
  endfacet
  facet normal -0.55482 0.831971 0
    outer loop
      vertex 2.77402 -6.3513 2
      vertex 2.70975 -6.39416 2.6
      vertex 2.77402 -6.3513 2.6
    endloop
  endfacet
  facet normal -0.55482 0.831971 0
    outer loop
      vertex 2.70975 -6.39416 2.6
      vertex 2.77402 -6.3513 2
      vertex 2.70975 -6.39416 2
    endloop
  endfacet
  facet normal -0.294067 0.955785 0
    outer loop
      vertex 2.70975 -6.39416 2
      vertex 2.43127 -6.47984 2.6
      vertex 2.70975 -6.39416 2.6
    endloop
  endfacet
  facet normal -0.294067 0.955785 0
    outer loop
      vertex 2.43127 -6.47984 2.6
      vertex 2.70975 -6.39416 2
      vertex 2.43127 -6.47984 2
    endloop
  endfacet
  facet normal -0.447214 0.894427 0
    outer loop
      vertex 2.43127 -6.47984 2
      vertex 2.30275 -6.5441 2.6
      vertex 2.43127 -6.47984 2.6
    endloop
  endfacet
  facet normal -0.447214 0.894427 0
    outer loop
      vertex 2.30275 -6.5441 2.6
      vertex 2.43127 -6.47984 2
      vertex 2.30275 -6.5441 2
    endloop
  endfacet
  facet normal 0 1 -0
    outer loop
      vertex 2.30275 -6.5441 2
      vertex 2.23849 -6.5441 2.6
      vertex 2.30275 -6.5441 2.6
    endloop
  endfacet
  facet normal 0 1 0
    outer loop
      vertex 2.23849 -6.5441 2.6
      vertex 2.30275 -6.5441 2
      vertex 2.23849 -6.5441 2
    endloop
  endfacet
  facet normal -0.393919 0.919145 0
    outer loop
      vertex 2.23849 -6.5441 2
      vertex 2.08855 -6.60836 2.6
      vertex 2.23849 -6.5441 2.6
    endloop
  endfacet
  facet normal -0.393919 0.919145 0
    outer loop
      vertex 2.08855 -6.60836 2.6
      vertex 2.23849 -6.5441 2
      vertex 2.08855 -6.60836 2
    endloop
  endfacet
  facet normal 0 1 -0
    outer loop
      vertex 2.08855 -6.60836 2
      vertex 2.02429 -6.60836 2.6
      vertex 2.08855 -6.60836 2.6
    endloop
  endfacet
  facet normal 0 1 0
    outer loop
      vertex 2.02429 -6.60836 2.6
      vertex 2.08855 -6.60836 2
      vertex 2.02429 -6.60836 2
    endloop
  endfacet
  facet normal -0.269616 0.962968 0
    outer loop
      vertex 2.02429 -6.60836 2
      vertex 1.48876 -6.7583 2.6
      vertex 2.02429 -6.60836 2.6
    endloop
  endfacet
  facet normal -0.269616 0.962968 0
    outer loop
      vertex 1.48876 -6.7583 2.6
      vertex 2.02429 -6.60836 2
      vertex 1.48876 -6.7583 2
    endloop
  endfacet
  facet normal -0.124024 0.992279 0
    outer loop
      vertex 1.48876 -6.7583 2
      vertex 1.14601 -6.80114 2.6
      vertex 1.48876 -6.7583 2.6
    endloop
  endfacet
  facet normal -0.124024 0.992279 0
    outer loop
      vertex 1.14601 -6.80114 2.6
      vertex 1.48876 -6.7583 2
      vertex 1.14601 -6.80114 2
    endloop
  endfacet
  facet normal -0.707107 0.707107 0
    outer loop
      vertex 1.12459 -6.82256 2
      vertex 1.14601 -6.80114 2.6
      vertex 1.14601 -6.80114 2
    endloop
  endfacet
  facet normal -0.707107 0.707107 0
    outer loop
      vertex 1.14601 -6.80114 2.6
      vertex 1.12459 -6.82256 2
      vertex 1.12459 -6.82256 2.6
    endloop
  endfacet
  facet normal 0 1 -0
    outer loop
      vertex 1.12459 -6.82256 2
      vertex 0.996071 -6.82256 2.6
      vertex 1.12459 -6.82256 2.6
    endloop
  endfacet
  facet normal 0 1 0
    outer loop
      vertex 0.996071 -6.82256 2.6
      vertex 1.12459 -6.82256 2
      vertex 0.996071 -6.82256 2
    endloop
  endfacet
  facet normal -0.707107 0.707107 0
    outer loop
      vertex 0.974651 -6.84398 2
      vertex 0.996071 -6.82256 2.6
      vertex 0.996071 -6.82256 2
    endloop
  endfacet
  facet normal -0.707107 0.707107 0
    outer loop
      vertex 0.996071 -6.82256 2.6
      vertex 0.974651 -6.84398 2
      vertex 0.974651 -6.84398 2.6
    endloop
  endfacet
  facet normal 0 1 -0
    outer loop
      vertex 0.974651 -6.84398 2
      vertex 0.824712 -6.84398 2.6
      vertex 0.974651 -6.84398 2.6
    endloop
  endfacet
  facet normal 0 1 0
    outer loop
      vertex 0.824712 -6.84398 2.6
      vertex 0.974651 -6.84398 2
      vertex 0.824712 -6.84398 2
    endloop
  endfacet
  facet normal -0.70709 0.707123 0
    outer loop
      vertex 0.803291 -6.8654 2
      vertex 0.824712 -6.84398 2.6
      vertex 0.824712 -6.84398 2
    endloop
  endfacet
  facet normal -0.70709 0.707123 0
    outer loop
      vertex 0.824712 -6.84398 2.6
      vertex 0.803291 -6.8654 2
      vertex 0.803291 -6.8654 2.6
    endloop
  endfacet
  facet normal 0 1 -0
    outer loop
      vertex 0.803291 -6.8654 2
      vertex 0.653352 -6.8654 2.6
      vertex 0.803291 -6.8654 2.6
    endloop
  endfacet
  facet normal 0 1 0
    outer loop
      vertex 0.653352 -6.8654 2.6
      vertex 0.803291 -6.8654 2
      vertex 0.653352 -6.8654 2
    endloop
  endfacet
  facet normal -0.706645 0.707568 0
    outer loop
      vertex 0.653352 -6.8654 2
      vertex 0.631904 -6.88682 2.6
      vertex 0.653352 -6.8654 2.6
    endloop
  endfacet
  facet normal -0.706645 0.707568 0
    outer loop
      vertex 0.631904 -6.88682 2.6
      vertex 0.653352 -6.8654 2
      vertex 0.631904 -6.88682 2
    endloop
  endfacet
  facet normal 0 1 -0
    outer loop
      vertex 0.631904 -6.88682 2
      vertex 0.353443 -6.88682 2.6
      vertex 0.631904 -6.88682 2.6
    endloop
  endfacet
  facet normal 0 1 0
    outer loop
      vertex 0.353443 -6.88682 2.6
      vertex 0.631904 -6.88682 2
      vertex 0.353443 -6.88682 2
    endloop
  endfacet
  facet normal -0.707123 0.70709 0
    outer loop
      vertex 0.332024 -6.90824 2
      vertex 0.353443 -6.88682 2.6
      vertex 0.353443 -6.88682 2
    endloop
  endfacet
  facet normal -0.707123 0.70709 0
    outer loop
      vertex 0.353443 -6.88682 2.6
      vertex 0.332024 -6.90824 2
      vertex 0.332024 -6.90824 2.6
    endloop
  endfacet
  facet normal 0 1 -0
    outer loop
      vertex 0.332024 -6.90824 2
      vertex -0.396284 -6.90824 2.6
      vertex 0.332024 -6.90824 2.6
    endloop
  endfacet
  facet normal 0 1 0
    outer loop
      vertex -0.396284 -6.90824 2.6
      vertex 0.332024 -6.90824 2
      vertex -0.396284 -6.90824 2
    endloop
  endfacet
  facet normal 0 -1 0
    outer loop
      vertex 1.33882 -5.9229 2
      vertex 1.76722 -5.9229 2.6
      vertex 1.33882 -5.9229 2.6
    endloop
  endfacet
  facet normal 0 -1 -0
    outer loop
      vertex 1.76722 -5.9229 2.6
      vertex 1.33882 -5.9229 2
      vertex 1.76722 -5.9229 2
    endloop
  endfacet
  facet normal 0.707107 -0.707107 0
    outer loop
      vertex 1.76722 -5.9229 2.6
      vertex 1.78864 -5.90148 2
      vertex 1.78864 -5.90148 2.6
    endloop
  endfacet
  facet normal 0.707107 -0.707107 0
    outer loop
      vertex 1.78864 -5.90148 2
      vertex 1.76722 -5.9229 2.6
      vertex 1.76722 -5.9229 2
    endloop
  endfacet
  facet normal 0 -1 0
    outer loop
      vertex 1.78864 -5.90148 2
      vertex 2.13139 -5.90148 2.6
      vertex 1.78864 -5.90148 2.6
    endloop
  endfacet
  facet normal 0 -1 -0
    outer loop
      vertex 2.13139 -5.90148 2.6
      vertex 1.78864 -5.90148 2
      vertex 2.13139 -5.90148 2
    endloop
  endfacet
  facet normal 0.707107 -0.707107 0
    outer loop
      vertex 2.13139 -5.90148 2
      vertex 2.15281 -5.88006 2.6
      vertex 2.13139 -5.90148 2.6
    endloop
  endfacet
  facet normal 0.707107 -0.707107 0
    outer loop
      vertex 2.15281 -5.88006 2.6
      vertex 2.13139 -5.90148 2
      vertex 2.15281 -5.88006 2
    endloop
  endfacet
  facet normal 0 -1 0
    outer loop
      vertex 2.15281 -5.88006 2
      vertex 2.25991 -5.88006 2.6
      vertex 2.15281 -5.88006 2.6
    endloop
  endfacet
  facet normal 0 -1 -0
    outer loop
      vertex 2.25991 -5.88006 2.6
      vertex 2.15281 -5.88006 2
      vertex 2.25991 -5.88006 2
    endloop
  endfacet
  facet normal 0.6 -0.8 0
    outer loop
      vertex 2.25991 -5.88006 2
      vertex 2.34559 -5.8158 2.6
      vertex 2.25991 -5.88006 2.6
    endloop
  endfacet
  facet normal 0.6 -0.8 0
    outer loop
      vertex 2.34559 -5.8158 2.6
      vertex 2.25991 -5.88006 2
      vertex 2.34559 -5.8158 2
    endloop
  endfacet
  facet normal 1 -0 0
    outer loop
      vertex 2.34559 -5.8158 2.6
      vertex 2.34559 -5.75154 2
      vertex 2.34559 -5.75154 2.6
    endloop
  endfacet
  facet normal 1 0 0
    outer loop
      vertex 2.34559 -5.75154 2
      vertex 2.34559 -5.8158 2.6
      vertex 2.34559 -5.8158 2
    endloop
  endfacet
  facet normal 0.857556 0.51439 0
    outer loop
      vertex 2.34559 -5.75154 2.6
      vertex 2.28133 -5.64441 2
      vertex 2.28133 -5.64441 2.6
    endloop
  endfacet
  facet normal 0.857556 0.51439 0
    outer loop
      vertex 2.28133 -5.64441 2
      vertex 2.34559 -5.75154 2.6
      vertex 2.34559 -5.75154 2
    endloop
  endfacet
  facet normal 0.7282 0.685365 0
    outer loop
      vertex 2.28133 -5.64441 2.6
      vertex 1.93861 -5.28027 2
      vertex 1.93861 -5.28027 2.6
    endloop
  endfacet
  facet normal 0.7282 0.685365 0
    outer loop
      vertex 1.93861 -5.28027 2
      vertex 2.28133 -5.64441 2.6
      vertex 2.28133 -5.64441 2
    endloop
  endfacet
  facet normal 0.808723 0.58819 0
    outer loop
      vertex 1.93861 -5.28027 2.6
      vertex 1.76722 -5.04462 2
      vertex 1.76722 -5.04462 2.6
    endloop
  endfacet
  facet normal 0.808723 0.58819 0
    outer loop
      vertex 1.76722 -5.04462 2
      vertex 1.93861 -5.28027 2.6
      vertex 1.93861 -5.28027 2
    endloop
  endfacet
  facet normal 0.913812 0.406138 0
    outer loop
      vertex 1.76722 -5.04462 2.6
      vertex 1.68154 -4.85184 2
      vertex 1.68154 -4.85184 2.6
    endloop
  endfacet
  facet normal 0.913812 0.406138 0
    outer loop
      vertex 1.68154 -4.85184 2
      vertex 1.76722 -5.04462 2.6
      vertex 1.76722 -5.04462 2
    endloop
  endfacet
  facet normal 0.447214 0.894427 -0
    outer loop
      vertex 1.68154 -4.85184 2
      vertex 1.6387 -4.83042 2.6
      vertex 1.68154 -4.85184 2.6
    endloop
  endfacet
  facet normal 0.447214 0.894427 0
    outer loop
      vertex 1.6387 -4.83042 2.6
      vertex 1.68154 -4.85184 2
      vertex 1.6387 -4.83042 2
    endloop
  endfacet
  facet normal 0.707107 -0.707107 0
    outer loop
      vertex 1.6387 -4.83042 2.6
      vertex 1.66012 -4.809 2
      vertex 1.66012 -4.809 2.6
    endloop
  endfacet
  facet normal 0.707107 -0.707107 0
    outer loop
      vertex 1.66012 -4.809 2
      vertex 1.6387 -4.83042 2.6
      vertex 1.6387 -4.83042 2
    endloop
  endfacet
  facet normal 0.447214 0.894427 -0
    outer loop
      vertex 1.66012 -4.809 2
      vertex 1.61728 -4.78758 2.6
      vertex 1.66012 -4.809 2.6
    endloop
  endfacet
  facet normal 0.447214 0.894427 0
    outer loop
      vertex 1.61728 -4.78758 2.6
      vertex 1.66012 -4.809 2
      vertex 1.61728 -4.78758 2
    endloop
  endfacet
  facet normal 1 -0 0
    outer loop
      vertex 1.61728 -4.78758 2.6
      vertex 1.61728 -4.74474 2
      vertex 1.61728 -4.74474 2.6
    endloop
  endfacet
  facet normal 1 0 0
    outer loop
      vertex 1.61728 -4.74474 2
      vertex 1.61728 -4.78758 2.6
      vertex 1.61728 -4.78758 2
    endloop
  endfacet
  facet normal 0.89444 0.447189 0
    outer loop
      vertex 1.61728 -4.74474 2.6
      vertex 1.40308 -4.31631 2
      vertex 1.40308 -4.31631 2.6
    endloop
  endfacet
  facet normal 0.89444 0.447189 0
    outer loop
      vertex 1.40308 -4.31631 2
      vertex 1.61728 -4.74474 2.6
      vertex 1.61728 -4.74474 2
    endloop
  endfacet
  facet normal 0.707107 -0.707107 0
    outer loop
      vertex 1.40308 -4.31631 2.6
      vertex 1.4245 -4.29489 2
      vertex 1.4245 -4.29489 2.6
    endloop
  endfacet
  facet normal 0.707107 -0.707107 0
    outer loop
      vertex 1.4245 -4.29489 2
      vertex 1.40308 -4.31631 2.6
      vertex 1.40308 -4.31631 2
    endloop
  endfacet
  facet normal 0.8 0.6 0
    outer loop
      vertex 1.4245 -4.29489 2.6
      vertex 1.36024 -4.20921 2
      vertex 1.36024 -4.20921 2.6
    endloop
  endfacet
  facet normal 0.8 0.6 0
    outer loop
      vertex 1.36024 -4.20921 2
      vertex 1.4245 -4.29489 2.6
      vertex 1.4245 -4.29489 2
    endloop
  endfacet
  facet normal 0.707107 -0.707107 0
    outer loop
      vertex 1.36024 -4.20921 2
      vertex 1.38166 -4.18779 2.6
      vertex 1.36024 -4.20921 2.6
    endloop
  endfacet
  facet normal 0.707107 -0.707107 0
    outer loop
      vertex 1.38166 -4.18779 2.6
      vertex 1.36024 -4.20921 2
      vertex 1.38166 -4.18779 2
    endloop
  endfacet
  facet normal 0.707107 0.707107 0
    outer loop
      vertex 1.38166 -4.18779 2.6
      vertex 1.33882 -4.14495 2
      vertex 1.33882 -4.14495 2.6
    endloop
  endfacet
  facet normal 0.707107 0.707107 0
    outer loop
      vertex 1.33882 -4.14495 2
      vertex 1.38166 -4.18779 2.6
      vertex 1.38166 -4.18779 2
    endloop
  endfacet
  facet normal 0.707107 -0.707107 0
    outer loop
      vertex 1.33882 -4.14495 2.6
      vertex 1.36024 -4.12353 2
      vertex 1.36024 -4.12353 2.6
    endloop
  endfacet
  facet normal 0.707107 -0.707107 0
    outer loop
      vertex 1.36024 -4.12353 2
      vertex 1.33882 -4.14495 2.6
      vertex 1.33882 -4.14495 2
    endloop
  endfacet
  facet normal 0.707107 0.707107 0
    outer loop
      vertex 1.36024 -4.12353 2.6
      vertex 1.3174 -4.08069 2
      vertex 1.3174 -4.08069 2.6
    endloop
  endfacet
  facet normal 0.707107 0.707107 0
    outer loop
      vertex 1.3174 -4.08069 2
      vertex 1.36024 -4.12353 2.6
      vertex 1.36024 -4.12353 2
    endloop
  endfacet
  facet normal 0.707107 -0.707107 0
    outer loop
      vertex 1.3174 -4.08069 2.6
      vertex 1.33882 -4.05927 2
      vertex 1.33882 -4.05927 2.6
    endloop
  endfacet
  facet normal 0.707107 -0.707107 0
    outer loop
      vertex 1.33882 -4.05927 2
      vertex 1.3174 -4.08069 2.6
      vertex 1.3174 -4.08069 2
    endloop
  endfacet
  facet normal 0.707107 0.707107 0
    outer loop
      vertex 1.33882 -4.05927 2.6
      vertex 1.29598 -4.01643 2
      vertex 1.29598 -4.01643 2.6
    endloop
  endfacet
  facet normal 0.707107 0.707107 0
    outer loop
      vertex 1.29598 -4.01643 2
      vertex 1.33882 -4.05927 2.6
      vertex 1.33882 -4.05927 2
    endloop
  endfacet
  facet normal 0.98056 0.196222 0
    outer loop
      vertex 1.29598 -4.01643 2.6
      vertex 1.25311 -3.8022 2
      vertex 1.25311 -3.8022 2.6
    endloop
  endfacet
  facet normal 0.98056 0.196222 0
    outer loop
      vertex 1.25311 -3.8022 2
      vertex 1.29598 -4.01643 2.6
      vertex 1.29598 -4.01643 2
    endloop
  endfacet
  facet normal 0.707107 0.707107 0
    outer loop
      vertex 1.25311 -3.8022 2.6
      vertex 1.23169 -3.78078 2
      vertex 1.23169 -3.78078 2.6
    endloop
  endfacet
  facet normal 0.707107 0.707107 0
    outer loop
      vertex 1.23169 -3.78078 2
      vertex 1.25311 -3.8022 2.6
      vertex 1.25311 -3.8022 2
    endloop
  endfacet
  facet normal 1 -0 0
    outer loop
      vertex 1.23169 -3.78078 2.6
      vertex 1.23169 -3.67368 2
      vertex 1.23169 -3.67368 2.6
    endloop
  endfacet
  facet normal 1 0 0
    outer loop
      vertex 1.23169 -3.67368 2
      vertex 1.23169 -3.78078 2.6
      vertex 1.23169 -3.78078 2
    endloop
  endfacet
  facet normal 0.961524 0.274721 0
    outer loop
      vertex 1.23169 -3.67368 2.6
      vertex 1.18885 -3.52374 2
      vertex 1.18885 -3.52374 2.6
    endloop
  endfacet
  facet normal 0.961524 0.274721 0
    outer loop
      vertex 1.18885 -3.52374 2
      vertex 1.23169 -3.67368 2.6
      vertex 1.23169 -3.67368 2
    endloop
  endfacet
  facet normal 1 -0 0
    outer loop
      vertex 1.18885 -3.52374 2.6
      vertex 1.18885 -3.3738 2
      vertex 1.18885 -3.3738 2.6
    endloop
  endfacet
  facet normal 1 0 0
    outer loop
      vertex 1.18885 -3.3738 2
      vertex 1.18885 -3.52374 2.6
      vertex 1.18885 -3.52374 2
    endloop
  endfacet
  facet normal 0.707107 0.707107 0
    outer loop
      vertex 1.18885 -3.3738 2.6
      vertex 1.16743 -3.35238 2
      vertex 1.16743 -3.35238 2.6
    endloop
  endfacet
  facet normal 0.707107 0.707107 0
    outer loop
      vertex 1.16743 -3.35238 2
      vertex 1.18885 -3.3738 2.6
      vertex 1.18885 -3.3738 2
    endloop
  endfacet
  facet normal 1 -0 0
    outer loop
      vertex 1.16743 -3.35238 2.6
      vertex 1.16743 -3.20244 2
      vertex 1.16743 -3.20244 2.6
    endloop
  endfacet
  facet normal 1 0 0
    outer loop
      vertex 1.16743 -3.20244 2
      vertex 1.16743 -3.35238 2.6
      vertex 1.16743 -3.35238 2
    endloop
  endfacet
  facet normal 0.707107 0.707107 0
    outer loop
      vertex 1.16743 -3.20244 2.6
      vertex 1.14601 -3.18102 2
      vertex 1.14601 -3.18102 2.6
    endloop
  endfacet
  facet normal 0.707107 0.707107 0
    outer loop
      vertex 1.14601 -3.18102 2
      vertex 1.16743 -3.20244 2.6
      vertex 1.16743 -3.20244 2
    endloop
  endfacet
  facet normal 1 -0 0
    outer loop
      vertex 1.14601 -3.18102 2.6
      vertex 1.14601 -2.98822 2
      vertex 1.14601 -2.98822 2.6
    endloop
  endfacet
  facet normal 1 0 0
    outer loop
      vertex 1.14601 -2.98822 2
      vertex 1.14601 -3.18102 2.6
      vertex 1.14601 -3.18102 2
    endloop
  endfacet
  facet normal 0.707107 0.707107 -0
    outer loop
      vertex 1.14601 -2.98822 2
      vertex 1.12459 -2.9668 2.6
      vertex 1.14601 -2.98822 2.6
    endloop
  endfacet
  facet normal 0.707107 0.707107 0
    outer loop
      vertex 1.12459 -2.9668 2.6
      vertex 1.14601 -2.98822 2
      vertex 1.12459 -2.9668 2
    endloop
  endfacet
  facet normal 1 -0 0
    outer loop
      vertex 1.12459 -2.9668 2.6
      vertex 1.12459 -2.77402 2
      vertex 1.12459 -2.77402 2.6
    endloop
  endfacet
  facet normal 1 0 0
    outer loop
      vertex 1.12459 -2.77402 2
      vertex 1.12459 -2.9668 2.6
      vertex 1.12459 -2.9668 2
    endloop
  endfacet
  facet normal 0.707107 0.707107 0
    outer loop
      vertex 1.12459 -2.77402 2.6
      vertex 1.10317 -2.7526 2
      vertex 1.10317 -2.7526 2.6
    endloop
  endfacet
  facet normal 0.707107 0.707107 0
    outer loop
      vertex 1.10317 -2.7526 2
      vertex 1.12459 -2.77402 2.6
      vertex 1.12459 -2.77402 2
    endloop
  endfacet
  facet normal 1 -0 0
    outer loop
      vertex 1.10317 -2.7526 2.6
      vertex 1.10317 -2.45269 2
      vertex 1.10317 -2.45269 2.6
    endloop
  endfacet
  facet normal 1 0 0
    outer loop
      vertex 1.10317 -2.45269 2
      vertex 1.10317 -2.7526 2.6
      vertex 1.10317 -2.7526 2
    endloop
  endfacet
  facet normal 0.707107 0.707107 0
    outer loop
      vertex 1.10317 -2.45269 2.6
      vertex 1.08175 -2.43127 2
      vertex 1.08175 -2.43127 2.6
    endloop
  endfacet
  facet normal 0.707107 0.707107 0
    outer loop
      vertex 1.08175 -2.43127 2
      vertex 1.10317 -2.45269 2.6
      vertex 1.10317 -2.45269 2
    endloop
  endfacet
  facet normal 1 -0 0
    outer loop
      vertex 1.08175 -2.43127 2.6
      vertex 1.08175 -2.15281 2
      vertex 1.08175 -2.15281 2.6
    endloop
  endfacet
  facet normal 1 0 0
    outer loop
      vertex 1.08175 -2.15281 2
      vertex 1.08175 -2.43127 2.6
      vertex 1.08175 -2.43127 2
    endloop
  endfacet
  facet normal 0.707107 0.707107 0
    outer loop
      vertex 1.08175 -2.15281 2.6
      vertex 1.06033 -2.13139 2
      vertex 1.06033 -2.13139 2.6
    endloop
  endfacet
  facet normal 0.707107 0.707107 0
    outer loop
      vertex 1.06033 -2.13139 2
      vertex 1.08175 -2.15281 2.6
      vertex 1.08175 -2.15281 2
    endloop
  endfacet
  facet normal 0.999846 0.0175403 0
    outer loop
      vertex 1.06033 -2.13139 2.6
      vertex 1.03891 -0.910392 2
      vertex 1.03891 -0.910392 2.6
    endloop
  endfacet
  facet normal 0.999846 0.0175403 0
    outer loop
      vertex 1.03891 -0.910392 2
      vertex 1.06033 -2.13139 2.6
      vertex 1.06033 -2.13139 2
    endloop
  endfacet
  facet normal 0.707123 -0.70709 0
    outer loop
      vertex 1.03891 -0.910392 2.6
      vertex 1.06033 -0.888971 2
      vertex 1.06033 -0.888971 2.6
    endloop
  endfacet
  facet normal 0.707123 -0.70709 0
    outer loop
      vertex 1.06033 -0.888971 2
      vertex 1.03891 -0.910392 2.6
      vertex 1.03891 -0.910392 2
    endloop
  endfacet
  facet normal 0 -1 0
    outer loop
      vertex 1.06033 -0.888971 2
      vertex 2.10997 -0.888971 2.6
      vertex 1.06033 -0.888971 2.6
    endloop
  endfacet
  facet normal 0 -1 -0
    outer loop
      vertex 2.10997 -0.888971 2.6
      vertex 1.06033 -0.888971 2
      vertex 2.10997 -0.888971 2
    endloop
  endfacet
  facet normal -0.707123 -0.70709 0
    outer loop
      vertex 2.13139 -0.910392 2
      vertex 2.10997 -0.888971 2.6
      vertex 2.10997 -0.888971 2
    endloop
  endfacet
  facet normal -0.707123 -0.70709 0
    outer loop
      vertex 2.10997 -0.888971 2.6
      vertex 2.13139 -0.910392 2
      vertex 2.13139 -0.910392 2.6
    endloop
  endfacet
  facet normal 0 -1 0
    outer loop
      vertex 2.13139 -0.910392 2
      vertex 2.30275 -0.910392 2.6
      vertex 2.13139 -0.910392 2.6
    endloop
  endfacet
  facet normal 0 -1 -0
    outer loop
      vertex 2.30275 -0.910392 2.6
      vertex 2.13139 -0.910392 2
      vertex 2.30275 -0.910392 2
    endloop
  endfacet
  facet normal 0.707123 -0.70709 0
    outer loop
      vertex 2.30275 -0.910392 2.6
      vertex 2.32417 -0.888971 2
      vertex 2.32417 -0.888971 2.6
    endloop
  endfacet
  facet normal 0.707123 -0.70709 0
    outer loop
      vertex 2.32417 -0.888971 2
      vertex 2.30275 -0.910392 2.6
      vertex 2.30275 -0.910392 2
    endloop
  endfacet
  facet normal -0.707123 -0.70709 0
    outer loop
      vertex 2.34559 -0.910392 2
      vertex 2.32417 -0.888971 2.6
      vertex 2.32417 -0.888971 2
    endloop
  endfacet
  facet normal -0.707123 -0.70709 0
    outer loop
      vertex 2.32417 -0.888971 2.6
      vertex 2.34559 -0.910392 2
      vertex 2.34559 -0.910392 2.6
    endloop
  endfacet
  facet normal 0.707123 -0.70709 0
    outer loop
      vertex 2.34559 -0.910392 2.6
      vertex 2.36701 -0.888971 2
      vertex 2.36701 -0.888971 2.6
    endloop
  endfacet
  facet normal 0.707123 -0.70709 0
    outer loop
      vertex 2.36701 -0.888971 2
      vertex 2.34559 -0.910392 2.6
      vertex 2.34559 -0.910392 2
    endloop
  endfacet
  facet normal 0 -1 0
    outer loop
      vertex 2.36701 -0.888971 2
      vertex 2.43127 -0.888971 2.6
      vertex 2.36701 -0.888971 2.6
    endloop
  endfacet
  facet normal 0 -1 -0
    outer loop
      vertex 2.43127 -0.888971 2.6
      vertex 2.36701 -0.888971 2
      vertex 2.43127 -0.888971 2
    endloop
  endfacet
  facet normal -0.707123 -0.70709 0
    outer loop
      vertex 2.45269 -0.910392 2
      vertex 2.43127 -0.888971 2.6
      vertex 2.43127 -0.888971 2
    endloop
  endfacet
  facet normal -0.707123 -0.70709 0
    outer loop
      vertex 2.43127 -0.888971 2.6
      vertex 2.45269 -0.910392 2
      vertex 2.45269 -0.910392 2.6
    endloop
  endfacet
  facet normal 0 -1 0
    outer loop
      vertex 2.45269 -0.910392 2
      vertex 2.96679 -0.910392 2.6
      vertex 2.45269 -0.910392 2.6
    endloop
  endfacet
  facet normal 0 -1 -0
    outer loop
      vertex 2.96679 -0.910392 2.6
      vertex 2.45269 -0.910392 2
      vertex 2.96679 -0.910392 2
    endloop
  endfacet
  facet normal -0.706925 -0.707288 0
    outer loop
      vertex 2.96679 -0.910392 2
      vertex 2.98822 -0.931811 2.6
      vertex 2.96679 -0.910392 2.6
    endloop
  endfacet
  facet normal -0.706925 -0.707288 -0
    outer loop
      vertex 2.98822 -0.931811 2.6
      vertex 2.96679 -0.910392 2
      vertex 2.98822 -0.931811 2
    endloop
  endfacet
  facet normal 0 -1 0
    outer loop
      vertex 2.98822 -0.931811 2
      vertex 3.18102 -0.931811 2.6
      vertex 2.98822 -0.931811 2.6
    endloop
  endfacet
  facet normal 0 -1 -0
    outer loop
      vertex 3.18102 -0.931811 2.6
      vertex 2.98822 -0.931811 2
      vertex 3.18102 -0.931811 2
    endloop
  endfacet
  facet normal -0.707123 -0.70709 0
    outer loop
      vertex 3.20244 -0.953232 2
      vertex 3.18102 -0.931811 2.6
      vertex 3.18102 -0.931811 2
    endloop
  endfacet
  facet normal -0.707123 -0.70709 0
    outer loop
      vertex 3.18102 -0.931811 2.6
      vertex 3.20244 -0.953232 2
      vertex 3.20244 -0.953232 2.6
    endloop
  endfacet
  facet normal 0 -1 0
    outer loop
      vertex 3.20244 -0.953232 2
      vertex 3.43806 -0.953232 2.6
      vertex 3.20244 -0.953232 2.6
    endloop
  endfacet
  facet normal 0 -1 -0
    outer loop
      vertex 3.43806 -0.953232 2.6
      vertex 3.20244 -0.953232 2
      vertex 3.43806 -0.953232 2
    endloop
  endfacet
  facet normal -0.70709 -0.707123 0
    outer loop
      vertex 3.45948 -0.974651 2
      vertex 3.43806 -0.953232 2.6
      vertex 3.43806 -0.953232 2
    endloop
  endfacet
  facet normal -0.70709 -0.707123 0
    outer loop
      vertex 3.43806 -0.953232 2.6
      vertex 3.45948 -0.974651 2
      vertex 3.45948 -0.974651 2.6
    endloop
  endfacet
  facet normal -0.0830493 -0.996545 0
    outer loop
      vertex 3.45948 -0.974651 2
      vertex 3.71652 -0.996072 2.6
      vertex 3.45948 -0.974651 2.6
    endloop
  endfacet
  facet normal -0.0830493 -0.996545 -0
    outer loop
      vertex 3.71652 -0.996072 2.6
      vertex 3.45948 -0.974651 2
      vertex 3.71652 -0.996072 2
    endloop
  endfacet
  facet normal -0.707074 -0.70714 0
    outer loop
      vertex 3.73794 -1.01749 2
      vertex 3.71652 -0.996072 2.6
      vertex 3.71652 -0.996072 2
    endloop
  endfacet
  facet normal -0.707074 -0.70714 0
    outer loop
      vertex 3.71652 -0.996072 2.6
      vertex 3.73794 -1.01749 2
      vertex 3.73794 -1.01749 2.6
    endloop
  endfacet
  facet normal 0 -1 0
    outer loop
      vertex 3.73794 -1.01749 2
      vertex 3.84507 -1.01749 2.6
      vertex 3.73794 -1.01749 2.6
    endloop
  endfacet
  facet normal 0 -1 -0
    outer loop
      vertex 3.84507 -1.01749 2.6
      vertex 3.73794 -1.01749 2
      vertex 3.84507 -1.01749 2
    endloop
  endfacet
  facet normal -0.371391 -0.928477 0
    outer loop
      vertex 3.84507 -1.01749 2
      vertex 3.95217 -1.06033 2.6
      vertex 3.84507 -1.01749 2.6
    endloop
  endfacet
  facet normal -0.371391 -0.928477 -0
    outer loop
      vertex 3.95217 -1.06033 2.6
      vertex 3.84507 -1.01749 2
      vertex 3.95217 -1.06033 2
    endloop
  endfacet
  facet normal 0 -1 0
    outer loop
      vertex 3.95217 -1.06033 2
      vertex 4.03785 -1.06033 2.6
      vertex 3.95217 -1.06033 2.6
    endloop
  endfacet
  facet normal 0 -1 -0
    outer loop
      vertex 4.03785 -1.06033 2.6
      vertex 3.95217 -1.06033 2
      vertex 4.03785 -1.06033 2
    endloop
  endfacet
  facet normal -0.316248 -0.948676 0
    outer loop
      vertex 4.03785 -1.06033 2
      vertex 4.87326 -1.33882 2.6
      vertex 4.03785 -1.06033 2.6
    endloop
  endfacet
  facet normal -0.316248 -0.948676 -0
    outer loop
      vertex 4.87326 -1.33882 2.6
      vertex 4.03785 -1.06033 2
      vertex 4.87326 -1.33882 2
    endloop
  endfacet
  facet normal -0.470571 -0.882362 0
    outer loop
      vertex 4.87326 -1.33882 2
      vertex 5.51589 -1.68154 2.6
      vertex 4.87326 -1.33882 2.6
    endloop
  endfacet
  facet normal -0.470571 -0.882362 -0
    outer loop
      vertex 5.51589 -1.68154 2.6
      vertex 4.87326 -1.33882 2
      vertex 5.51589 -1.68154 2
    endloop
  endfacet
  facet normal -0.588123 -0.808772 0
    outer loop
      vertex 5.51589 -1.68154 2
      vertex 5.75154 -1.8529 2.6
      vertex 5.51589 -1.68154 2.6
    endloop
  endfacet
  facet normal -0.588123 -0.808772 -0
    outer loop
      vertex 5.75154 -1.8529 2.6
      vertex 5.51589 -1.68154 2
      vertex 5.75154 -1.8529 2
    endloop
  endfacet
  facet normal -0.707169 -0.707045 0
    outer loop
      vertex 5.9229 -2.02429 2
      vertex 5.75154 -1.8529 2.6
      vertex 5.75154 -1.8529 2
    endloop
  endfacet
  facet normal -0.707169 -0.707045 0
    outer loop
      vertex 5.75154 -1.8529 2.6
      vertex 5.9229 -2.02429 2
      vertex 5.9229 -2.02429 2.6
    endloop
  endfacet
  facet normal -0.447214 -0.894427 0
    outer loop
      vertex 5.9229 -2.02429 2
      vertex 6.00858 -2.06713 2.6
      vertex 5.9229 -2.02429 2.6
    endloop
  endfacet
  facet normal -0.447214 -0.894427 -0
    outer loop
      vertex 6.00858 -2.06713 2.6
      vertex 5.9229 -2.02429 2
      vertex 6.00858 -2.06713 2
    endloop
  endfacet
  facet normal 0.316272 -0.948669 0
    outer loop
      vertex 6.00858 -2.06713 2
      vertex 6.07283 -2.04571 2.6
      vertex 6.00858 -2.06713 2.6
    endloop
  endfacet
  facet normal 0.316272 -0.948669 0
    outer loop
      vertex 6.07283 -2.04571 2.6
      vertex 6.00858 -2.06713 2
      vertex 6.07283 -2.04571 2
    endloop
  endfacet
  facet normal 0.919151 -0.393905 0
    outer loop
      vertex 6.07283 -2.04571 2.6
      vertex 6.1371 -1.89574 2
      vertex 6.1371 -1.89574 2.6
    endloop
  endfacet
  facet normal 0.919151 -0.393905 0
    outer loop
      vertex 6.1371 -1.89574 2
      vertex 6.07283 -2.04571 2.6
      vertex 6.07283 -2.04571 2
    endloop
  endfacet
  facet normal 1 -0 0
    outer loop
      vertex 6.1371 -1.89574 2.6
      vertex 6.1371 -1.06033 2
      vertex 6.1371 -1.06033 2.6
    endloop
  endfacet
  facet normal 1 0 0
    outer loop
      vertex 6.1371 -1.06033 2
      vertex 6.1371 -1.89574 2.6
      vertex 6.1371 -1.89574 2
    endloop
  endfacet
  facet normal 0.707272 -0.706942 0
    outer loop
      vertex 6.1371 -1.06033 2.6
      vertex 6.15851 -1.03891 2
      vertex 6.15851 -1.03891 2.6
    endloop
  endfacet
  facet normal 0.707272 -0.706942 0
    outer loop
      vertex 6.15851 -1.03891 2
      vertex 6.1371 -1.06033 2.6
      vertex 6.1371 -1.06033 2
    endloop
  endfacet
  facet normal 1 -0 0
    outer loop
      vertex 6.15851 -1.03891 2.6
      vertex 6.15851 1.89574 2
      vertex 6.15851 1.89574 2.6
    endloop
  endfacet
  facet normal 1 0 0
    outer loop
      vertex 6.15851 1.89574 2
      vertex 6.15851 -1.03891 2.6
      vertex 6.15851 -1.03891 2
    endloop
  endfacet
  facet normal 0.707766 0.706447 0
    outer loop
      vertex 6.15851 1.89574 2.6
      vertex 6.1371 1.91719 2
      vertex 6.1371 1.91719 2.6
    endloop
  endfacet
  facet normal 0.707766 0.706447 0
    outer loop
      vertex 6.1371 1.91719 2
      vertex 6.15851 1.89574 2.6
      vertex 6.15851 1.89574 2
    endloop
  endfacet
  facet normal 1 -0 0
    outer loop
      vertex 6.1371 1.91719 2.6
      vertex 6.1371 2.13139 2
      vertex 6.1371 2.13139 2.6
    endloop
  endfacet
  facet normal 1 0 0
    outer loop
      vertex 6.1371 2.13139 2
      vertex 6.1371 1.91719 2.6
      vertex 6.1371 1.91719 2
    endloop
  endfacet
  facet normal 0.928477 0.371391 0
    outer loop
      vertex 6.1371 2.13139 2.6
      vertex 6.09426 2.23849 2
      vertex 6.09426 2.23849 2.6
    endloop
  endfacet
  facet normal 0.928477 0.371391 0
    outer loop
      vertex 6.09426 2.23849 2
      vertex 6.1371 2.13139 2.6
      vertex 6.1371 2.13139 2
    endloop
  endfacet
  facet normal 0.447214 0.894427 -0
    outer loop
      vertex 6.09426 2.23849 2
      vertex 6.05142 2.25991 2.6
      vertex 6.09426 2.23849 2.6
    endloop
  endfacet
  facet normal 0.447214 0.894427 0
    outer loop
      vertex 6.05142 2.25991 2.6
      vertex 6.09426 2.23849 2
      vertex 6.05142 2.25991 2
    endloop
  endfacet
  facet normal -0.196116 0.980581 0
    outer loop
      vertex 6.05142 2.25991 2
      vertex 5.94432 2.23849 2.6
      vertex 6.05142 2.25991 2.6
    endloop
  endfacet
  facet normal -0.196116 0.980581 0
    outer loop
      vertex 5.94432 2.23849 2.6
      vertex 6.05142 2.25991 2
      vertex 5.94432 2.23849 2
    endloop
  endfacet
  facet normal -0.707107 0.707107 0
    outer loop
      vertex 5.94432 2.23849 2
      vertex 5.75154 2.04571 2.6
      vertex 5.94432 2.23849 2.6
    endloop
  endfacet
  facet normal -0.707107 0.707107 0
    outer loop
      vertex 5.75154 2.04571 2.6
      vertex 5.94432 2.23849 2
      vertex 5.75154 2.04571 2
    endloop
  endfacet
  facet normal -0.617832 0.78631 0
    outer loop
      vertex 5.75154 2.04571 2
      vertex 5.45163 1.81006 2.6
      vertex 5.75154 2.04571 2.6
    endloop
  endfacet
  facet normal -0.617832 0.78631 0
    outer loop
      vertex 5.45163 1.81006 2.6
      vertex 5.75154 2.04571 2
      vertex 5.45163 1.81006 2
    endloop
  endfacet
  facet normal -0.447214 0.894427 0
    outer loop
      vertex 5.45163 1.81006 2
      vertex 5.32311 1.7458 2.6
      vertex 5.45163 1.81006 2.6
    endloop
  endfacet
  facet normal -0.447214 0.894427 0
    outer loop
      vertex 5.32311 1.7458 2.6
      vertex 5.45163 1.81006 2
      vertex 5.32311 1.7458 2
    endloop
  endfacet
  facet normal -0.707107 0.707107 0
    outer loop
      vertex 5.32311 1.7458 2
      vertex 5.25885 1.68154 2.6
      vertex 5.32311 1.7458 2.6
    endloop
  endfacet
  facet normal -0.707107 0.707107 0
    outer loop
      vertex 5.25885 1.68154 2.6
      vertex 5.32311 1.7458 2
      vertex 5.25885 1.68154 2
    endloop
  endfacet
  facet normal -0.447182 0.894443 0
    outer loop
      vertex 5.25885 1.68154 2
      vertex 4.9161 1.51018 2.6
      vertex 5.25885 1.68154 2.6
    endloop
  endfacet
  facet normal -0.447182 0.894443 0
    outer loop
      vertex 4.9161 1.51018 2.6
      vertex 5.25885 1.68154 2
      vertex 4.9161 1.51018 2
    endloop
  endfacet
  facet normal 0 1 -0
    outer loop
      vertex 4.9161 1.51018 2
      vertex 4.87326 1.51018 2.6
      vertex 4.9161 1.51018 2.6
    endloop
  endfacet
  facet normal 0 1 0
    outer loop
      vertex 4.87326 1.51018 2.6
      vertex 4.9161 1.51018 2
      vertex 4.87326 1.51018 2
    endloop
  endfacet
  facet normal -0.6 0.8 0
    outer loop
      vertex 4.87326 1.51018 2
      vertex 4.78758 1.44592 2.6
      vertex 4.87326 1.51018 2.6
    endloop
  endfacet
  facet normal -0.6 0.8 0
    outer loop
      vertex 4.78758 1.44592 2.6
      vertex 4.87326 1.51018 2
      vertex 4.78758 1.44592 2
    endloop
  endfacet
  facet normal 0.707107 0.707107 0
    outer loop
      vertex 4.78758 1.44592 2.6
      vertex 4.76616 1.46734 2
      vertex 4.76616 1.46734 2.6
    endloop
  endfacet
  facet normal 0.707107 0.707107 0
    outer loop
      vertex 4.76616 1.46734 2
      vertex 4.78758 1.44592 2.6
      vertex 4.78758 1.44592 2
    endloop
  endfacet
  facet normal -0.707107 0.707107 0
    outer loop
      vertex 4.72332 1.4245 2
      vertex 4.76616 1.46734 2.6
      vertex 4.76616 1.46734 2
    endloop
  endfacet
  facet normal -0.707107 0.707107 0
    outer loop
      vertex 4.76616 1.46734 2.6
      vertex 4.72332 1.4245 2
      vertex 4.72332 1.4245 2.6
    endloop
  endfacet
  facet normal 0 1 -0
    outer loop
      vertex 4.72332 1.4245 2
      vertex 4.68048 1.4245 2.6
      vertex 4.72332 1.4245 2.6
    endloop
  endfacet
  facet normal 0 1 0
    outer loop
      vertex 4.68048 1.4245 2.6
      vertex 4.72332 1.4245 2
      vertex 4.68048 1.4245 2
    endloop
  endfacet
  facet normal -0.5547 0.83205 0
    outer loop
      vertex 4.68048 1.4245 2
      vertex 4.61622 1.38166 2.6
      vertex 4.68048 1.4245 2.6
    endloop
  endfacet
  facet normal -0.5547 0.83205 0
    outer loop
      vertex 4.61622 1.38166 2.6
      vertex 4.68048 1.4245 2
      vertex 4.61622 1.38166 2
    endloop
  endfacet
  facet normal 0.707107 0.707107 -0
    outer loop
      vertex 4.61622 1.38166 2
      vertex 4.5948 1.40308 2.6
      vertex 4.61622 1.38166 2.6
    endloop
  endfacet
  facet normal 0.707107 0.707107 0
    outer loop
      vertex 4.5948 1.40308 2.6
      vertex 4.61622 1.38166 2
      vertex 4.5948 1.40308 2
    endloop
  endfacet
  facet normal -0.514496 0.857493 0
    outer loop
      vertex 4.5948 1.40308 2
      vertex 4.4877 1.33882 2.6
      vertex 4.5948 1.40308 2.6
    endloop
  endfacet
  facet normal -0.514496 0.857493 0
    outer loop
      vertex 4.4877 1.33882 2.6
      vertex 4.5948 1.40308 2
      vertex 4.4877 1.33882 2
    endloop
  endfacet
  facet normal -0.141394 0.989953 0
    outer loop
      vertex 4.4877 1.33882 2
      vertex 4.33773 1.3174 2.6
      vertex 4.4877 1.33882 2.6
    endloop
  endfacet
  facet normal -0.141394 0.989953 0
    outer loop
      vertex 4.33773 1.3174 2.6
      vertex 4.4877 1.33882 2
      vertex 4.33773 1.3174 2
    endloop
  endfacet
  facet normal -0.447214 0.894427 0
    outer loop
      vertex 4.33773 1.3174 2
      vertex 4.25205 1.27456 2.6
      vertex 4.33773 1.3174 2.6
    endloop
  endfacet
  facet normal -0.447214 0.894427 0
    outer loop
      vertex 4.25205 1.27456 2.6
      vertex 4.33773 1.3174 2
      vertex 4.25205 1.27456 2
    endloop
  endfacet
  facet normal 0 1 -0
    outer loop
      vertex 4.25205 1.27456 2
      vertex 4.18779 1.27456 2.6
      vertex 4.25205 1.27456 2.6
    endloop
  endfacet
  facet normal 0 1 0
    outer loop
      vertex 4.18779 1.27456 2.6
      vertex 4.25205 1.27456 2
      vertex 4.18779 1.27456 2
    endloop
  endfacet
  facet normal -0.316361 0.948639 0
    outer loop
      vertex 4.18779 1.27456 2
      vertex 3.99501 1.21027 2.6
      vertex 4.18779 1.27456 2.6
    endloop
  endfacet
  facet normal -0.316361 0.948639 0
    outer loop
      vertex 3.99501 1.21027 2.6
      vertex 4.18779 1.27456 2
      vertex 3.99501 1.21027 2
    endloop
  endfacet
  facet normal -0.124024 0.992279 0
    outer loop
      vertex 3.99501 1.21027 2
      vertex 3.65226 1.16743 2.6
      vertex 3.99501 1.21027 2.6
    endloop
  endfacet
  facet normal -0.124024 0.992279 0
    outer loop
      vertex 3.65226 1.16743 2.6
      vertex 3.99501 1.21027 2
      vertex 3.65226 1.16743 2
    endloop
  endfacet
  facet normal -0.707107 0.707107 0
    outer loop
      vertex 3.65226 1.16743 2
      vertex 3.63084 1.14601 2.6
      vertex 3.65226 1.16743 2.6
    endloop
  endfacet
  facet normal -0.707107 0.707107 0
    outer loop
      vertex 3.63084 1.14601 2.6
      vertex 3.65226 1.16743 2
      vertex 3.63084 1.14601 2
    endloop
  endfacet
  facet normal -0.0525588 0.998618 0
    outer loop
      vertex 3.63084 1.14601 2
      vertex 3.22386 1.12459 2.6
      vertex 3.63084 1.14601 2.6
    endloop
  endfacet
  facet normal -0.0525588 0.998618 0
    outer loop
      vertex 3.22386 1.12459 2.6
      vertex 3.63084 1.14601 2
      vertex 3.22386 1.12459 2
    endloop
  endfacet
  facet normal -0.707107 0.707107 0
    outer loop
      vertex 3.20244 1.10317 2
      vertex 3.22386 1.12459 2.6
      vertex 3.22386 1.12459 2
    endloop
  endfacet
  facet normal -0.707107 0.707107 0
    outer loop
      vertex 3.22386 1.12459 2.6
      vertex 3.20244 1.10317 2
      vertex 3.20244 1.10317 2.6
    endloop
  endfacet
  facet normal 0 1 -0
    outer loop
      vertex 3.20244 1.10317 2
      vertex 2.96679 1.10317 2.6
      vertex 3.20244 1.10317 2.6
    endloop
  endfacet
  facet normal 0 1 0
    outer loop
      vertex 2.96679 1.10317 2.6
      vertex 3.20244 1.10317 2
      vertex 2.96679 1.10317 2
    endloop
  endfacet
  facet normal -0.707272 0.706942 0
    outer loop
      vertex 2.94538 1.08175 2
      vertex 2.96679 1.10317 2.6
      vertex 2.96679 1.10317 2
    endloop
  endfacet
  facet normal -0.707272 0.706942 0
    outer loop
      vertex 2.96679 1.10317 2.6
      vertex 2.94538 1.08175 2
      vertex 2.94538 1.08175 2.6
    endloop
  endfacet
  facet normal 0 1 -0
    outer loop
      vertex 2.94538 1.08175 2
      vertex 2.47411 1.08175 2.6
      vertex 2.94538 1.08175 2.6
    endloop
  endfacet
  facet normal 0 1 0
    outer loop
      vertex 2.47411 1.08175 2.6
      vertex 2.94538 1.08175 2
      vertex 2.47411 1.08175 2
    endloop
  endfacet
  facet normal -0.707107 0.707107 0
    outer loop
      vertex 2.47411 1.08175 2
      vertex 2.45269 1.06033 2.6
      vertex 2.47411 1.08175 2.6
    endloop
  endfacet
  facet normal -0.707107 0.707107 0
    outer loop
      vertex 2.45269 1.06033 2.6
      vertex 2.47411 1.08175 2
      vertex 2.45269 1.06033 2
    endloop
  endfacet
  facet normal 0 1 -0
    outer loop
      vertex 2.45269 1.06033 2
      vertex 2.08855 1.06033 2.6
      vertex 2.45269 1.06033 2.6
    endloop
  endfacet
  facet normal 0 1 0
    outer loop
      vertex 2.08855 1.06033 2.6
      vertex 2.45269 1.06033 2
      vertex 2.08855 1.06033 2
    endloop
  endfacet
  facet normal -0.707107 0.707107 0
    outer loop
      vertex 2.06713 1.03891 2
      vertex 2.08855 1.06033 2.6
      vertex 2.08855 1.06033 2
    endloop
  endfacet
  facet normal -0.707107 0.707107 0
    outer loop
      vertex 2.08855 1.06033 2.6
      vertex 2.06713 1.03891 2
      vertex 2.06713 1.03891 2.6
    endloop
  endfacet
  facet normal 0 1 -0
    outer loop
      vertex 2.06713 1.03891 2
      vertex 1.06033 1.03891 2.6
      vertex 2.06713 1.03891 2.6
    endloop
  endfacet
  facet normal 0 1 0
    outer loop
      vertex 1.06033 1.03891 2.6
      vertex 2.06713 1.03891 2
      vertex 1.06033 1.03891 2
    endloop
  endfacet
  facet normal 0.707107 0.707107 0
    outer loop
      vertex 1.06033 1.03891 2.6
      vertex 1.03891 1.06033 2
      vertex 1.03891 1.06033 2.6
    endloop
  endfacet
  facet normal 0.707107 0.707107 0
    outer loop
      vertex 1.03891 1.06033 2
      vertex 1.06033 1.03891 2.6
      vertex 1.06033 1.03891 2
    endloop
  endfacet
  facet normal 1 -0 0
    outer loop
      vertex 1.03891 1.06033 2.6
      vertex 1.03891 1.59586 2
      vertex 1.03891 1.59586 2.6
    endloop
  endfacet
  facet normal 1 0 0
    outer loop
      vertex 1.03891 1.59586 2
      vertex 1.03891 1.06033 2.6
      vertex 1.03891 1.06033 2
    endloop
  endfacet
  facet normal 0.707107 -0.707107 0
    outer loop
      vertex 1.03891 1.59586 2
      vertex 1.06033 1.61728 2.6
      vertex 1.03891 1.59586 2.6
    endloop
  endfacet
  facet normal 0.707107 -0.707107 0
    outer loop
      vertex 1.06033 1.61728 2.6
      vertex 1.03891 1.59586 2
      vertex 1.06033 1.61728 2
    endloop
  endfacet
  facet normal 0.999201 -0.0399658 0
    outer loop
      vertex 1.06033 1.61728 2.6
      vertex 1.10317 2.68834 2
      vertex 1.10317 2.68834 2.6
    endloop
  endfacet
  facet normal 0.999201 -0.0399658 0
    outer loop
      vertex 1.10317 2.68834 2
      vertex 1.06033 1.61728 2.6
      vertex 1.06033 1.61728 2
    endloop
  endfacet
  facet normal 0.706942 -0.707272 0
    outer loop
      vertex 1.10317 2.68834 2.6
      vertex 1.12459 2.70975 2
      vertex 1.12459 2.70975 2.6
    endloop
  endfacet
  facet normal 0.706942 -0.707272 0
    outer loop
      vertex 1.12459 2.70975 2
      vertex 1.10317 2.68834 2.6
      vertex 1.10317 2.68834 2
    endloop
  endfacet
  facet normal 1 -0 0
    outer loop
      vertex 1.12459 2.70975 2.6
      vertex 1.12459 2.90254 2
      vertex 1.12459 2.90254 2.6
    endloop
  endfacet
  facet normal 1 0 0
    outer loop
      vertex 1.12459 2.90254 2
      vertex 1.12459 2.70975 2.6
      vertex 1.12459 2.70975 2
    endloop
  endfacet
  facet normal 0.706942 -0.707272 0
    outer loop
      vertex 1.12459 2.90254 2
      vertex 1.14601 2.92395 2.6
      vertex 1.12459 2.90254 2.6
    endloop
  endfacet
  facet normal 0.706942 -0.707272 0
    outer loop
      vertex 1.14601 2.92395 2.6
      vertex 1.12459 2.90254 2
      vertex 1.14601 2.92395 2
    endloop
  endfacet
  facet normal 0.998275 -0.0587196 0
    outer loop
      vertex 1.14601 2.92395 2.6
      vertex 1.18885 3.65226 2
      vertex 1.18885 3.65226 2.6
    endloop
  endfacet
  facet normal 0.998275 -0.0587196 0
    outer loop
      vertex 1.18885 3.65226 2
      vertex 1.14601 2.92395 2.6
      vertex 1.14601 2.92395 2
    endloop
  endfacet
  facet normal 0.707107 -0.707107 0
    outer loop
      vertex 1.18885 3.65226 2
      vertex 1.21027 3.67368 2.6
      vertex 1.18885 3.65226 2.6
    endloop
  endfacet
  facet normal 0.707107 -0.707107 0
    outer loop
      vertex 1.21027 3.67368 2.6
      vertex 1.18885 3.65226 2
      vertex 1.21027 3.67368 2
    endloop
  endfacet
  facet normal 1 -0 0
    outer loop
      vertex 1.21027 3.67368 2.6
      vertex 1.21027 3.84507 2
      vertex 1.21027 3.84507 2.6
    endloop
  endfacet
  facet normal 1 0 0
    outer loop
      vertex 1.21027 3.84507 2
      vertex 1.21027 3.67368 2.6
      vertex 1.21027 3.67368 2
    endloop
  endfacet
  facet normal 0.707107 -0.707107 0
    outer loop
      vertex 1.21027 3.84507 2.6
      vertex 1.23169 3.86649 2
      vertex 1.23169 3.86649 2.6
    endloop
  endfacet
  facet normal 0.707107 -0.707107 0
    outer loop
      vertex 1.23169 3.86649 2
      vertex 1.21027 3.84507 2.6
      vertex 1.21027 3.84507 2
    endloop
  endfacet
  facet normal 1 -0 0
    outer loop
      vertex 1.23169 3.86649 2.6
      vertex 1.23169 4.01643 2
      vertex 1.23169 4.01643 2.6
    endloop
  endfacet
  facet normal 1 0 0
    outer loop
      vertex 1.23169 4.01643 2
      vertex 1.23169 3.86649 2.6
      vertex 1.23169 3.86649 2
    endloop
  endfacet
  facet normal 0.707107 -0.707107 0
    outer loop
      vertex 1.23169 4.01643 2.6
      vertex 1.25311 4.03785 2
      vertex 1.25311 4.03785 2.6
    endloop
  endfacet
  facet normal 0.707107 -0.707107 0
    outer loop
      vertex 1.25311 4.03785 2
      vertex 1.23169 4.01643 2.6
      vertex 1.23169 4.01643 2
    endloop
  endfacet
  facet normal 0.993867 -0.110584 0
    outer loop
      vertex 1.25311 4.03785 2.6
      vertex 1.27456 4.23063 2
      vertex 1.27456 4.23063 2.6
    endloop
  endfacet
  facet normal 0.993867 -0.110584 0
    outer loop
      vertex 1.27456 4.23063 2
      vertex 1.25311 4.03785 2.6
      vertex 1.25311 4.03785 2
    endloop
  endfacet
  facet normal 0.857493 -0.514496 0
    outer loop
      vertex 1.27456 4.23063 2.6
      vertex 1.33882 4.33773 2
      vertex 1.33882 4.33773 2.6
    endloop
  endfacet
  facet normal 0.857493 -0.514496 0
    outer loop
      vertex 1.33882 4.33773 2
      vertex 1.27456 4.23063 2.6
      vertex 1.27456 4.23063 2
    endloop
  endfacet
  facet normal 0.707107 0.707107 -0
    outer loop
      vertex 1.33882 4.33773 2
      vertex 1.3174 4.35915 2.6
      vertex 1.33882 4.33773 2.6
    endloop
  endfacet
  facet normal 0.707107 0.707107 0
    outer loop
      vertex 1.3174 4.35915 2.6
      vertex 1.33882 4.33773 2
      vertex 1.3174 4.35915 2
    endloop
  endfacet
  facet normal 0.948692 -0.316201 0
    outer loop
      vertex 1.3174 4.35915 2.6
      vertex 1.4245 4.68048 2
      vertex 1.4245 4.68048 2.6
    endloop
  endfacet
  facet normal 0.948692 -0.316201 0
    outer loop
      vertex 1.4245 4.68048 2
      vertex 1.3174 4.35915 2.6
      vertex 1.3174 4.35915 2
    endloop
  endfacet
  facet normal 0.874157 -0.485643 0
    outer loop
      vertex 1.4245 4.68048 2.6
      vertex 1.5316 4.87326 2
      vertex 1.5316 4.87326 2.6
    endloop
  endfacet
  facet normal 0.874157 -0.485643 0
    outer loop
      vertex 1.5316 4.87326 2
      vertex 1.4245 4.68048 2.6
      vertex 1.4245 4.68048 2
    endloop
  endfacet
  facet normal 0.970143 -0.242536 0
    outer loop
      vertex 1.5316 4.87326 2.6
      vertex 1.55302 4.95894 2
      vertex 1.55302 4.95894 2.6
    endloop
  endfacet
  facet normal 0.970143 -0.242536 0
    outer loop
      vertex 1.55302 4.95894 2
      vertex 1.5316 4.87326 2.6
      vertex 1.5316 4.87326 2
    endloop
  endfacet
  facet normal 0.83205 -0.5547 0
    outer loop
      vertex 1.55302 4.95894 2.6
      vertex 1.6387 5.08746 2
      vertex 1.6387 5.08746 2.6
    endloop
  endfacet
  facet normal 0.83205 -0.5547 0
    outer loop
      vertex 1.6387 5.08746 2
      vertex 1.55302 4.95894 2.6
      vertex 1.55302 4.95894 2
    endloop
  endfacet
  facet normal 1 -0 0
    outer loop
      vertex 1.6387 5.08746 2.6
      vertex 1.6387 5.13033 2
      vertex 1.6387 5.13033 2.6
    endloop
  endfacet
  facet normal 1 0 0
    outer loop
      vertex 1.6387 5.13033 2
      vertex 1.6387 5.08746 2.6
      vertex 1.6387 5.08746 2
    endloop
  endfacet
  facet normal 0.819205 -0.573501 0
    outer loop
      vertex 1.6387 5.13033 2.6
      vertex 1.93861 5.55873 2
      vertex 1.93861 5.55873 2.6
    endloop
  endfacet
  facet normal 0.819205 -0.573501 0
    outer loop
      vertex 1.93861 5.55873 2
      vertex 1.6387 5.13033 2.6
      vertex 1.6387 5.13033 2
    endloop
  endfacet
  facet normal 0.72704 -0.686595 0
    outer loop
      vertex 1.93861 5.55873 2.6
      vertex 2.30275 5.94432 2
      vertex 2.30275 5.94432 2.6
    endloop
  endfacet
  facet normal 0.72704 -0.686595 0
    outer loop
      vertex 2.30275 5.94432 2
      vertex 1.93861 5.55873 2.6
      vertex 1.93861 5.55873 2
    endloop
  endfacet
  facet normal 0.970136 -0.242562 0
    outer loop
      vertex 2.30275 5.94432 2.6
      vertex 2.32417 6.02999 2
      vertex 2.32417 6.02999 2.6
    endloop
  endfacet
  facet normal 0.970136 -0.242562 0
    outer loop
      vertex 2.32417 6.02999 2
      vertex 2.30275 5.94432 2.6
      vertex 2.30275 5.94432 2
    endloop
  endfacet
  facet normal 0.624695 0.780869 -0
    outer loop
      vertex 2.32417 6.02999 2
      vertex 2.21707 6.11567 2.6
      vertex 2.32417 6.02999 2.6
    endloop
  endfacet
  facet normal 0.624695 0.780869 0
    outer loop
      vertex 2.21707 6.11567 2.6
      vertex 2.32417 6.02999 2
      vertex 2.21707 6.11567 2
    endloop
  endfacet
  facet normal 0 1 -0
    outer loop
      vertex 2.21707 6.11567 2
      vertex 2.08855 6.11567 2.6
      vertex 2.21707 6.11567 2.6
    endloop
  endfacet
  facet normal 0 1 0
    outer loop
      vertex 2.08855 6.11567 2.6
      vertex 2.21707 6.11567 2
      vertex 2.08855 6.11567 2
    endloop
  endfacet
  facet normal 0.707272 0.706942 0
    outer loop
      vertex 2.08855 6.11567 2.6
      vertex 2.06713 6.1371 2
      vertex 2.06713 6.1371 2.6
    endloop
  endfacet
  facet normal 0.707272 0.706942 0
    outer loop
      vertex 2.06713 6.1371 2
      vertex 2.08855 6.11567 2.6
      vertex 2.08855 6.11567 2
    endloop
  endfacet
  facet normal 0.0285453 0.999592 -0
    outer loop
      vertex 2.06713 6.1371 2
      vertex 1.3174 6.15851 2.6
      vertex 2.06713 6.1371 2.6
    endloop
  endfacet
  facet normal 0.0285453 0.999592 0
    outer loop
      vertex 1.3174 6.15851 2.6
      vertex 2.06713 6.1371 2
      vertex 1.3174 6.15851 2
    endloop
  endfacet
  facet normal 0.707272 0.706942 0
    outer loop
      vertex 1.3174 6.15851 2.6
      vertex 1.29598 6.17994 2
      vertex 1.29598 6.17994 2.6
    endloop
  endfacet
  facet normal 0.707272 0.706942 0
    outer loop
      vertex 1.29598 6.17994 2
      vertex 1.3174 6.15851 2.6
      vertex 1.3174 6.15851 2
    endloop
  endfacet
  facet normal 0 1 -0
    outer loop
      vertex 1.29598 6.17994 2
      vertex 0.396283 6.17994 2.6
      vertex 1.29598 6.17994 2.6
    endloop
  endfacet
  facet normal 0 1 0
    outer loop
      vertex 0.396283 6.17994 2.6
      vertex 1.29598 6.17994 2
      vertex 0.396283 6.17994 2
    endloop
  endfacet
  facet normal 0.706942 0.707272 -0
    outer loop
      vertex 0.396283 6.17994 2
      vertex 0.374863 6.20135 2.6
      vertex 0.396283 6.17994 2.6
    endloop
  endfacet
  facet normal 0.706942 0.707272 0
    outer loop
      vertex 0.374863 6.20135 2.6
      vertex 0.396283 6.17994 2
      vertex 0.374863 6.20135 2
    endloop
  endfacet
  facet normal -0.0212709 0.999774 0
    outer loop
      vertex 0.374863 6.20135 2
      vertex -1.6387 6.15851 2.6
      vertex 0.374863 6.20135 2.6
    endloop
  endfacet
  facet normal -0.0212709 0.999774 0
    outer loop
      vertex -1.6387 6.15851 2.6
      vertex 0.374863 6.20135 2
      vertex -1.6387 6.15851 2
    endloop
  endfacet
  facet normal -0.706942 0.707272 0
    outer loop
      vertex -1.6387 6.15851 2
      vertex -1.66012 6.1371 2.6
      vertex -1.6387 6.15851 2.6
    endloop
  endfacet
  facet normal -0.706942 0.707272 0
    outer loop
      vertex -1.66012 6.1371 2.6
      vertex -1.6387 6.15851 2
      vertex -1.66012 6.1371 2
    endloop
  endfacet
  facet normal 0 1 -0
    outer loop
      vertex -1.66012 6.1371 2
      vertex -2.00287 6.1371 2.6
      vertex -1.66012 6.1371 2.6
    endloop
  endfacet
  facet normal 0 1 0
    outer loop
      vertex -2.00287 6.1371 2.6
      vertex -1.66012 6.1371 2
      vertex -2.00287 6.1371 2
    endloop
  endfacet
  facet normal -0.707272 0.706942 0
    outer loop
      vertex -2.02429 6.11567 2
      vertex -2.00287 6.1371 2.6
      vertex -2.00287 6.1371 2
    endloop
  endfacet
  facet normal -0.707272 0.706942 0
    outer loop
      vertex -2.00287 6.1371 2.6
      vertex -2.02429 6.11567 2
      vertex -2.02429 6.11567 2.6
    endloop
  endfacet
  facet normal -0.110381 0.993889 0
    outer loop
      vertex -2.02429 6.11567 2
      vertex -2.21707 6.09426 2.6
      vertex -2.02429 6.11567 2.6
    endloop
  endfacet
  facet normal -0.110381 0.993889 0
    outer loop
      vertex -2.21707 6.09426 2.6
      vertex -2.02429 6.11567 2
      vertex -2.21707 6.09426 2
    endloop
  endfacet
  facet normal -0.447381 0.894344 0
    outer loop
      vertex -2.21707 6.09426 2
      vertex -2.25991 6.07283 2.6
      vertex -2.21707 6.09426 2.6
    endloop
  endfacet
  facet normal -0.447381 0.894344 0
    outer loop
      vertex -2.25991 6.07283 2.6
      vertex -2.21707 6.09426 2
      vertex -2.25991 6.07283 2
    endloop
  endfacet
  facet normal -0.894427 0.447214 0
    outer loop
      vertex -2.28133 6.02999 2
      vertex -2.25991 6.07283 2.6
      vertex -2.25991 6.07283 2
    endloop
  endfacet
  facet normal -0.894427 0.447214 0
    outer loop
      vertex -2.25991 6.07283 2.6
      vertex -2.28133 6.02999 2
      vertex -2.28133 6.02999 2.6
    endloop
  endfacet
  facet normal -0.970136 -0.242562 0
    outer loop
      vertex -2.25991 5.94432 2
      vertex -2.28133 6.02999 2.6
      vertex -2.28133 6.02999 2
    endloop
  endfacet
  facet normal -0.970136 -0.242562 0
    outer loop
      vertex -2.28133 6.02999 2.6
      vertex -2.25991 5.94432 2
      vertex -2.25991 5.94432 2.6
    endloop
  endfacet
  facet normal -0.728228 -0.685335 0
    outer loop
      vertex -1.91719 5.58015 2
      vertex -2.25991 5.94432 2.6
      vertex -2.25991 5.94432 2
    endloop
  endfacet
  facet normal -0.728228 -0.685335 0
    outer loop
      vertex -2.25991 5.94432 2.6
      vertex -1.91719 5.58015 2
      vertex -1.91719 5.58015 2.6
    endloop
  endfacet
  facet normal -0.813695 -0.581292 0
    outer loop
      vertex -1.70296 5.28027 2
      vertex -1.91719 5.58015 2.6
      vertex -1.91719 5.58015 2
    endloop
  endfacet
  facet normal -0.813695 -0.581292 0
    outer loop
      vertex -1.91719 5.58015 2.6
      vertex -1.70296 5.28027 2
      vertex -1.70296 5.28027 2.6
    endloop
  endfacet
  facet normal -0.928477 -0.371391 0
    outer loop
      vertex -1.66012 5.17317 2
      vertex -1.70296 5.28027 2.6
      vertex -1.70296 5.28027 2
    endloop
  endfacet
  facet normal -0.928477 -0.371391 0
    outer loop
      vertex -1.70296 5.28027 2.6
      vertex -1.66012 5.17317 2
      vertex -1.66012 5.17317 2.6
    endloop
  endfacet
  facet normal -0.447214 -0.894427 0
    outer loop
      vertex -1.66012 5.17317 2
      vertex -1.61728 5.15175 2.6
      vertex -1.66012 5.17317 2.6
    endloop
  endfacet
  facet normal -0.447214 -0.894427 -0
    outer loop
      vertex -1.61728 5.15175 2.6
      vertex -1.66012 5.17317 2
      vertex -1.61728 5.15175 2
    endloop
  endfacet
  facet normal -0.902144 -0.431434 0
    outer loop
      vertex -1.38166 4.65906 2
      vertex -1.61728 5.15175 2.6
      vertex -1.61728 5.15175 2
    endloop
  endfacet
  facet normal -0.902144 -0.431434 0
    outer loop
      vertex -1.61728 5.15175 2.6
      vertex -1.38166 4.65906 2
      vertex -1.38166 4.65906 2.6
    endloop
  endfacet
  facet normal -0.956663 -0.291199 0
    outer loop
      vertex -1.23169 4.16637 2
      vertex -1.38166 4.65906 2.6
      vertex -1.38166 4.65906 2
    endloop
  endfacet
  facet normal -0.956663 -0.291199 0
    outer loop
      vertex -1.38166 4.65906 2.6
      vertex -1.23169 4.16637 2
      vertex -1.23169 4.16637 2.6
    endloop
  endfacet
  facet normal -0.995037 -0.0995037 0
    outer loop
      vertex -1.21027 3.95217 2
      vertex -1.23169 4.16637 2.6
      vertex -1.23169 4.16637 2
    endloop
  endfacet
  facet normal -0.995037 -0.0995037 0
    outer loop
      vertex -1.23169 4.16637 2.6
      vertex -1.21027 3.95217 2
      vertex -1.21027 3.95217 2.6
    endloop
  endfacet
  facet normal -0.707107 -0.707107 0
    outer loop
      vertex -1.18885 3.93075 2
      vertex -1.21027 3.95217 2.6
      vertex -1.21027 3.95217 2
    endloop
  endfacet
  facet normal -0.707107 -0.707107 0
    outer loop
      vertex -1.21027 3.95217 2.6
      vertex -1.18885 3.93075 2
      vertex -1.18885 3.93075 2.6
    endloop
  endfacet
  facet normal -1 0 0
    outer loop
      vertex -1.18885 3.78078 2
      vertex -1.18885 3.93075 2.6
      vertex -1.18885 3.93075 2
    endloop
  endfacet
  facet normal -1 -0 0
    outer loop
      vertex -1.18885 3.93075 2.6
      vertex -1.18885 3.78078 2
      vertex -1.18885 3.78078 2.6
    endloop
  endfacet
  facet normal -0.707107 -0.707107 0
    outer loop
      vertex -1.16743 3.75936 2
      vertex -1.18885 3.78078 2.6
      vertex -1.18885 3.78078 2
    endloop
  endfacet
  facet normal -0.707107 -0.707107 0
    outer loop
      vertex -1.18885 3.78078 2.6
      vertex -1.16743 3.75936 2
      vertex -1.16743 3.75936 2.6
    endloop
  endfacet
  facet normal -1 0 0
    outer loop
      vertex -1.16743 3.63084 2
      vertex -1.16743 3.75936 2.6
      vertex -1.16743 3.75936 2
    endloop
  endfacet
  facet normal -1 -0 0
    outer loop
      vertex -1.16743 3.75936 2.6
      vertex -1.16743 3.63084 2
      vertex -1.16743 3.63084 2.6
    endloop
  endfacet
  facet normal -0.707107 -0.707107 0
    outer loop
      vertex -1.16743 3.63084 2
      vertex -1.14601 3.60942 2.6
      vertex -1.16743 3.63084 2.6
    endloop
  endfacet
  facet normal -0.707107 -0.707107 -0
    outer loop
      vertex -1.14601 3.60942 2.6
      vertex -1.16743 3.63084 2
      vertex -1.14601 3.60942 2
    endloop
  endfacet
  facet normal -0.998868 -0.047563 0
    outer loop
      vertex -1.12459 3.15958 2
      vertex -1.14601 3.60942 2.6
      vertex -1.14601 3.60942 2
    endloop
  endfacet
  facet normal -0.998868 -0.047563 0
    outer loop
      vertex -1.14601 3.60942 2.6
      vertex -1.12459 3.15958 2
      vertex -1.12459 3.15958 2.6
    endloop
  endfacet
  facet normal -0.707272 -0.706942 0
    outer loop
      vertex -1.10317 3.13815 2
      vertex -1.12459 3.15958 2.6
      vertex -1.12459 3.15958 2
    endloop
  endfacet
  facet normal -0.707272 -0.706942 0
    outer loop
      vertex -1.12459 3.15958 2.6
      vertex -1.10317 3.13815 2
      vertex -1.10317 3.13815 2.6
    endloop
  endfacet
  facet normal -0.998812 -0.0487214 0
    outer loop
      vertex -1.06033 2.25991 2
      vertex -1.10317 3.13815 2.6
      vertex -1.10317 3.13815 2
    endloop
  endfacet
  facet normal -0.998812 -0.0487214 0
    outer loop
      vertex -1.10317 3.13815 2.6
      vertex -1.06033 2.25991 2
      vertex -1.06033 2.25991 2.6
    endloop
  endfacet
  facet normal -0.707107 -0.707107 0
    outer loop
      vertex -1.03891 2.23849 2
      vertex -1.06033 2.25991 2.6
      vertex -1.06033 2.25991 2
    endloop
  endfacet
  facet normal -0.707107 -0.707107 0
    outer loop
      vertex -1.06033 2.25991 2.6
      vertex -1.03891 2.23849 2
      vertex -1.03891 2.23849 2.6
    endloop
  endfacet
  facet normal -1 0 0
    outer loop
      vertex -1.03891 1.89574 2
      vertex -1.03891 2.23849 2.6
      vertex -1.03891 2.23849 2
    endloop
  endfacet
  facet normal -1 -0 0
    outer loop
      vertex -1.03891 2.23849 2.6
      vertex -1.03891 1.89574 2
      vertex -1.03891 1.89574 2.6
    endloop
  endfacet
  facet normal -0.707107 -0.707107 0
    outer loop
      vertex -1.01749 1.87432 2
      vertex -1.03891 1.89574 2.6
      vertex -1.03891 1.89574 2
    endloop
  endfacet
  facet normal -0.707107 -0.707107 0
    outer loop
      vertex -1.03891 1.89574 2.6
      vertex -1.01749 1.87432 2
      vertex -1.01749 1.87432 2.6
    endloop
  endfacet
  facet normal -0.999615 -0.0277634 0
    outer loop
      vertex -0.996072 1.10317 2
      vertex -1.01749 1.87432 2.6
      vertex -1.01749 1.87432 2
    endloop
  endfacet
  facet normal -0.999615 -0.0277634 0
    outer loop
      vertex -1.01749 1.87432 2.6
      vertex -0.996072 1.10317 2
      vertex -0.996072 1.10317 2.6
    endloop
  endfacet
  facet normal -0.707123 0.70709 0
    outer loop
      vertex -1.03891 1.06033 2
      vertex -0.996072 1.10317 2.6
      vertex -0.996072 1.10317 2
    endloop
  endfacet
  facet normal -0.707123 0.70709 0
    outer loop
      vertex -0.996072 1.10317 2.6
      vertex -1.03891 1.06033 2
      vertex -1.03891 1.06033 2.6
    endloop
  endfacet
  facet normal 0.0121936 0.999926 -0
    outer loop
      vertex -1.03891 1.06033 2
      vertex -2.79544 1.08175 2.6
      vertex -1.03891 1.06033 2.6
    endloop
  endfacet
  facet normal 0.0121936 0.999926 0
    outer loop
      vertex -2.79544 1.08175 2.6
      vertex -1.03891 1.06033 2
      vertex -2.79544 1.08175 2
    endloop
  endfacet
  facet normal 0.707107 0.707107 0
    outer loop
      vertex -2.79544 1.08175 2.6
      vertex -2.81686 1.10317 2
      vertex -2.81686 1.10317 2.6
    endloop
  endfacet
  facet normal 0.707107 0.707107 0
    outer loop
      vertex -2.81686 1.10317 2
      vertex -2.79544 1.08175 2.6
      vertex -2.79544 1.08175 2
    endloop
  endfacet
  facet normal 0.0370104 0.999315 -0
    outer loop
      vertex -2.81686 1.10317 2
      vertex -3.39522 1.12459 2.6
      vertex -2.81686 1.10317 2.6
    endloop
  endfacet
  facet normal 0.0370104 0.999315 0
    outer loop
      vertex -3.39522 1.12459 2.6
      vertex -2.81686 1.10317 2
      vertex -3.39522 1.12459 2
    endloop
  endfacet
  facet normal 0.707107 0.707107 0
    outer loop
      vertex -3.39522 1.12459 2.6
      vertex -3.41664 1.14601 2
      vertex -3.41664 1.14601 2.6
    endloop
  endfacet
  facet normal 0.707107 0.707107 0
    outer loop
      vertex -3.41664 1.14601 2
      vertex -3.39522 1.12459 2.6
      vertex -3.39522 1.12459 2
    endloop
  endfacet
  facet normal 0 1 -0
    outer loop
      vertex -3.41664 1.14601 2
      vertex -3.56658 1.14601 2.6
      vertex -3.41664 1.14601 2.6
    endloop
  endfacet
  facet normal 0 1 0
    outer loop
      vertex -3.56658 1.14601 2.6
      vertex -3.41664 1.14601 2
      vertex -3.56658 1.14601 2
    endloop
  endfacet
  facet normal 0.707107 0.707107 -0
    outer loop
      vertex -3.56658 1.14601 2
      vertex -3.588 1.16743 2.6
      vertex -3.56658 1.14601 2.6
    endloop
  endfacet
  facet normal 0.707107 0.707107 0
    outer loop
      vertex -3.588 1.16743 2.6
      vertex -3.56658 1.14601 2
      vertex -3.588 1.16743 2
    endloop
  endfacet
  facet normal 0 1 -0
    outer loop
      vertex -3.588 1.16743 2
      vertex -3.71652 1.16743 2.6
      vertex -3.588 1.16743 2.6
    endloop
  endfacet
  facet normal 0 1 0
    outer loop
      vertex -3.71652 1.16743 2.6
      vertex -3.588 1.16743 2
      vertex -3.71652 1.16743 2
    endloop
  endfacet
  facet normal 0.707107 0.707107 0
    outer loop
      vertex -3.71652 1.16743 2.6
      vertex -3.73794 1.18885 2
      vertex -3.73794 1.18885 2.6
    endloop
  endfacet
  facet normal 0.707107 0.707107 0
    outer loop
      vertex -3.73794 1.18885 2
      vertex -3.71652 1.16743 2.6
      vertex -3.71652 1.16743 2
    endloop
  endfacet
  facet normal 0.110415 0.993886 -0
    outer loop
      vertex -3.73794 1.18885 2
      vertex -3.93075 1.21027 2.6
      vertex -3.73794 1.18885 2.6
    endloop
  endfacet
  facet normal 0.110415 0.993886 0
    outer loop
      vertex -3.93075 1.21027 2.6
      vertex -3.73794 1.18885 2
      vertex -3.93075 1.21027 2
    endloop
  endfacet
  facet normal 0.316361 0.948639 -0
    outer loop
      vertex -3.93075 1.21027 2
      vertex -4.12353 1.27456 2.6
      vertex -3.93075 1.21027 2.6
    endloop
  endfacet
  facet normal 0.316361 0.948639 0
    outer loop
      vertex -4.12353 1.27456 2.6
      vertex -3.93075 1.21027 2
      vertex -4.12353 1.27456 2
    endloop
  endfacet
  facet normal 0.124035 0.992278 -0
    outer loop
      vertex -4.12353 1.27456 2
      vertex -4.29489 1.29598 2.6
      vertex -4.12353 1.27456 2.6
    endloop
  endfacet
  facet normal 0.124035 0.992278 0
    outer loop
      vertex -4.29489 1.29598 2.6
      vertex -4.12353 1.27456 2
      vertex -4.29489 1.29598 2
    endloop
  endfacet
  facet normal 0.316201 0.948692 -0
    outer loop
      vertex -4.29489 1.29598 2
      vertex -4.61622 1.40308 2.6
      vertex -4.29489 1.29598 2.6
    endloop
  endfacet
  facet normal 0.316201 0.948692 0
    outer loop
      vertex -4.61622 1.40308 2.6
      vertex -4.29489 1.29598 2
      vertex -4.61622 1.40308 2
    endloop
  endfacet
  facet normal 0.410365 0.911922 -0
    outer loop
      vertex -4.61622 1.40308 2
      vertex -5.04462 1.59586 2.6
      vertex -4.61622 1.40308 2.6
    endloop
  endfacet
  facet normal 0.410365 0.911922 0
    outer loop
      vertex -5.04462 1.59586 2.6
      vertex -4.61622 1.40308 2
      vertex -5.04462 1.59586 2
    endloop
  endfacet
  facet normal 0.514469 0.857509 -0
    outer loop
      vertex -5.04462 1.59586 2
      vertex -5.47305 1.8529 2.6
      vertex -5.04462 1.59586 2.6
    endloop
  endfacet
  facet normal 0.514469 0.857509 0
    outer loop
      vertex -5.47305 1.8529 2.6
      vertex -5.04462 1.59586 2
      vertex -5.47305 1.8529 2
    endloop
  endfacet
  facet normal 0.670916 0.741533 -0
    outer loop
      vertex -5.47305 1.8529 2
      vertex -5.9229 2.25991 2.6
      vertex -5.47305 1.8529 2.6
    endloop
  endfacet
  facet normal 0.670916 0.741533 0
    outer loop
      vertex -5.9229 2.25991 2.6
      vertex -5.47305 1.8529 2
      vertex -5.9229 2.25991 2
    endloop
  endfacet
  facet normal 0 1 -0
    outer loop
      vertex -5.9229 2.25991 2
      vertex -6.00858 2.25991 2.6
      vertex -5.9229 2.25991 2.6
    endloop
  endfacet
  facet normal 0 1 0
    outer loop
      vertex -6.00858 2.25991 2.6
      vertex -5.9229 2.25991 2
      vertex -6.00858 2.25991 2
    endloop
  endfacet
  facet normal -0.707107 0.707107 0
    outer loop
      vertex -6.05142 2.21707 2
      vertex -6.00858 2.25991 2.6
      vertex -6.00858 2.25991 2
    endloop
  endfacet
  facet normal -0.707107 0.707107 0
    outer loop
      vertex -6.00858 2.25991 2.6
      vertex -6.05142 2.21707 2
      vertex -6.05142 2.21707 2.6
    endloop
  endfacet
  facet normal -0.948683 0.316228 0
    outer loop
      vertex -6.09426 2.08855 2
      vertex -6.05142 2.21707 2.6
      vertex -6.05142 2.21707 2
    endloop
  endfacet
  facet normal -0.948683 0.316228 0
    outer loop
      vertex -6.05142 2.21707 2.6
      vertex -6.09426 2.08855 2
      vertex -6.09426 2.08855 2.6
    endloop
  endfacet
  facet normal -1 0 0
    outer loop
      vertex -6.09426 1.36024 2
      vertex -6.09426 2.08855 2.6
      vertex -6.09426 2.08855 2
    endloop
  endfacet
  facet normal -1 -0 0
    outer loop
      vertex -6.09426 2.08855 2.6
      vertex -6.09426 1.36024 2
      vertex -6.09426 1.36024 2.6
    endloop
  endfacet
  facet normal -0.707107 0.707107 0
    outer loop
      vertex -6.09426 1.36024 2
      vertex -6.11568 1.33882 2.6
      vertex -6.09426 1.36024 2.6
    endloop
  endfacet
  facet normal -0.707107 0.707107 0
    outer loop
      vertex -6.11568 1.33882 2.6
      vertex -6.09426 1.36024 2
      vertex -6.11568 1.33882 2
    endloop
  endfacet
  facet normal -1 0 0
    outer loop
      vertex -6.11568 -0.396284 2
      vertex -6.11568 1.33882 2.6
      vertex -6.11568 1.33882 2
    endloop
  endfacet
  facet normal -1 -0 0
    outer loop
      vertex -6.11568 1.33882 2.6
      vertex -6.11568 -0.396284 2
      vertex -6.11568 -0.396284 2.6
    endloop
  endfacet
  facet normal -0.707107 -0.707107 0
    outer loop
      vertex -6.11568 -0.396284 2
      vertex -6.09426 -0.417704 2.6
      vertex -6.11568 -0.396284 2.6
    endloop
  endfacet
  facet normal -0.707107 -0.707107 -0
    outer loop
      vertex -6.09426 -0.417704 2.6
      vertex -6.11568 -0.396284 2
      vertex -6.09426 -0.417704 2
    endloop
  endfacet
  facet normal -0.999904 -0.0138868 0
    outer loop
      vertex -6.07284 -1.96003 2
      vertex -6.09426 -0.417704 2.6
      vertex -6.09426 -0.417704 2
    endloop
  endfacet
  facet normal -0.999904 -0.0138868 0
    outer loop
      vertex -6.09426 -0.417704 2.6
      vertex -6.07284 -1.96003 2
      vertex -6.07284 -1.96003 2.6
    endloop
  endfacet
  facet normal -0.780869 -0.624695 0
    outer loop
      vertex -5.98716 -2.06713 2
      vertex -6.07284 -1.96003 2.6
      vertex -6.07284 -1.96003 2
    endloop
  endfacet
  facet normal -0.780869 -0.624695 0
    outer loop
      vertex -6.07284 -1.96003 2.6
      vertex -5.98716 -2.06713 2
      vertex -5.98716 -2.06713 2.6
    endloop
  endfacet
  facet normal 0 -1 0
    outer loop
      vertex -5.98716 -2.06713 2
      vertex -5.94432 -2.06713 2.6
      vertex -5.98716 -2.06713 2.6
    endloop
  endfacet
  facet normal 0 -1 -0
    outer loop
      vertex -5.94432 -2.06713 2.6
      vertex -5.98716 -2.06713 2
      vertex -5.94432 -2.06713 2
    endloop
  endfacet
  facet normal 0.64595 -0.76338 0
    outer loop
      vertex -5.94432 -2.06713 2
      vertex -5.66583 -1.83148 2.6
      vertex -5.94432 -2.06713 2.6
    endloop
  endfacet
  facet normal 0.64595 -0.76338 0
    outer loop
      vertex -5.66583 -1.83148 2.6
      vertex -5.94432 -2.06713 2
      vertex -5.66583 -1.83148 2
    endloop
  endfacet
  facet normal 0.529999 -0.847998 0
    outer loop
      vertex -5.66583 -1.83148 2
      vertex -5.49447 -1.72438 2.6
      vertex -5.66583 -1.83148 2.6
    endloop
  endfacet
  facet normal 0.529999 -0.847998 0
    outer loop
      vertex -5.49447 -1.72438 2.6
      vertex -5.66583 -1.83148 2
      vertex -5.49447 -1.72438 2
    endloop
  endfacet
  facet normal 0.894427 -0.447214 0
    outer loop
      vertex -5.49447 -1.72438 2.6
      vertex -5.47305 -1.68154 2
      vertex -5.47305 -1.68154 2.6
    endloop
  endfacet
  facet normal 0.894427 -0.447214 0
    outer loop
      vertex -5.47305 -1.68154 2
      vertex -5.49447 -1.72438 2.6
      vertex -5.49447 -1.72438 2
    endloop
  endfacet
  facet normal 0.393919 -0.919145 0
    outer loop
      vertex -5.47305 -1.68154 2
      vertex -5.32311 -1.61728 2.6
      vertex -5.47305 -1.68154 2.6
    endloop
  endfacet
  facet normal 0.393919 -0.919145 0
    outer loop
      vertex -5.32311 -1.61728 2.6
      vertex -5.47305 -1.68154 2
      vertex -5.32311 -1.61728 2
    endloop
  endfacet
  facet normal 0.707107 -0.707107 0
    outer loop
      vertex -5.32311 -1.61728 2.6
      vertex -5.25885 -1.55302 2
      vertex -5.25885 -1.55302 2.6
    endloop
  endfacet
  facet normal 0.707107 -0.707107 0
    outer loop
      vertex -5.25885 -1.55302 2
      vertex -5.32311 -1.61728 2.6
      vertex -5.32311 -1.61728 2
    endloop
  endfacet
  facet normal 0.447178 -0.894445 0
    outer loop
      vertex -5.25885 -1.55302 2
      vertex -4.95894 -1.40308 2.6
      vertex -5.25885 -1.55302 2.6
    endloop
  endfacet
  facet normal 0.447178 -0.894445 0
    outer loop
      vertex -4.95894 -1.40308 2.6
      vertex -5.25885 -1.55302 2
      vertex -4.95894 -1.40308 2
    endloop
  endfacet
  facet normal 0.196116 -0.980581 0
    outer loop
      vertex -4.95894 -1.40308 2
      vertex -4.85184 -1.38166 2.6
      vertex -4.95894 -1.40308 2.6
    endloop
  endfacet
  facet normal 0.196116 -0.980581 0
    outer loop
      vertex -4.85184 -1.38166 2.6
      vertex -4.95894 -1.40308 2
      vertex -4.85184 -1.38166 2
    endloop
  endfacet
  facet normal 0.894427 -0.447214 0
    outer loop
      vertex -4.85184 -1.38166 2.6
      vertex -4.83042 -1.33882 2
      vertex -4.83042 -1.33882 2.6
    endloop
  endfacet
  facet normal 0.894427 -0.447214 0
    outer loop
      vertex -4.83042 -1.33882 2
      vertex -4.85184 -1.38166 2.6
      vertex -4.85184 -1.38166 2
    endloop
  endfacet
  facet normal -0.707107 -0.707107 0
    outer loop
      vertex -4.809 -1.36024 2
      vertex -4.83042 -1.33882 2.6
      vertex -4.83042 -1.33882 2
    endloop
  endfacet
  facet normal -0.707107 -0.707107 0
    outer loop
      vertex -4.83042 -1.33882 2.6
      vertex -4.809 -1.36024 2
      vertex -4.809 -1.36024 2.6
    endloop
  endfacet
  facet normal 0.6 -0.8 0
    outer loop
      vertex -4.809 -1.36024 2
      vertex -4.72332 -1.29598 2.6
      vertex -4.809 -1.36024 2.6
    endloop
  endfacet
  facet normal 0.6 -0.8 0
    outer loop
      vertex -4.72332 -1.29598 2.6
      vertex -4.809 -1.36024 2
      vertex -4.72332 -1.29598 2
    endloop
  endfacet
  facet normal 0.242695 -0.970103 0
    outer loop
      vertex -4.72332 -1.29598 2
      vertex -4.55196 -1.25311 2.6
      vertex -4.72332 -1.29598 2.6
    endloop
  endfacet
  facet normal 0.242695 -0.970103 0
    outer loop
      vertex -4.55196 -1.25311 2.6
      vertex -4.72332 -1.29598 2
      vertex -4.55196 -1.25311 2
    endloop
  endfacet
  facet normal 0.406086 -0.913835 0
    outer loop
      vertex -4.55196 -1.25311 2
      vertex -4.35915 -1.16743 2.6
      vertex -4.55196 -1.25311 2.6
    endloop
  endfacet
  facet normal 0.406086 -0.913835 0
    outer loop
      vertex -4.35915 -1.16743 2.6
      vertex -4.55196 -1.25311 2
      vertex -4.35915 -1.16743 2
    endloop
  endfacet
  facet normal 0 -1 0
    outer loop
      vertex -4.35915 -1.16743 2
      vertex -4.29489 -1.16743 2.6
      vertex -4.35915 -1.16743 2.6
    endloop
  endfacet
  facet normal 0 -1 -0
    outer loop
      vertex -4.29489 -1.16743 2.6
      vertex -4.35915 -1.16743 2
      vertex -4.29489 -1.16743 2
    endloop
  endfacet
  facet normal 0.393919 -0.919145 0
    outer loop
      vertex -4.29489 -1.16743 2
      vertex -4.14495 -1.10317 2.6
      vertex -4.29489 -1.16743 2.6
    endloop
  endfacet
  facet normal 0.393919 -0.919145 0
    outer loop
      vertex -4.14495 -1.10317 2.6
      vertex -4.29489 -1.16743 2
      vertex -4.14495 -1.10317 2
    endloop
  endfacet
  facet normal 0 -1 0
    outer loop
      vertex -4.14495 -1.10317 2
      vertex -4.08069 -1.10317 2.6
      vertex -4.14495 -1.10317 2.6
    endloop
  endfacet
  facet normal 0 -1 -0
    outer loop
      vertex -4.08069 -1.10317 2.6
      vertex -4.14495 -1.10317 2
      vertex -4.08069 -1.10317 2
    endloop
  endfacet
  facet normal 0.316228 -0.948683 0
    outer loop
      vertex -4.08069 -1.10317 2
      vertex -3.88791 -1.03891 2.6
      vertex -4.08069 -1.10317 2.6
    endloop
  endfacet
  facet normal 0.316228 -0.948683 0
    outer loop
      vertex -3.88791 -1.03891 2.6
      vertex -4.08069 -1.10317 2
      vertex -3.88791 -1.03891 2
    endloop
  endfacet
  facet normal 0 -1 0
    outer loop
      vertex -3.88791 -1.03891 2
      vertex -3.78078 -1.03891 2.6
      vertex -3.88791 -1.03891 2.6
    endloop
  endfacet
  facet normal 0 -1 -0
    outer loop
      vertex -3.78078 -1.03891 2.6
      vertex -3.88791 -1.03891 2
      vertex -3.78078 -1.03891 2
    endloop
  endfacet
  facet normal 0.371376 -0.928483 0
    outer loop
      vertex -3.78078 -1.03891 2
      vertex -3.67368 -0.996072 2.6
      vertex -3.78078 -1.03891 2.6
    endloop
  endfacet
  facet normal 0.371376 -0.928483 0
    outer loop
      vertex -3.67368 -0.996072 2.6
      vertex -3.78078 -1.03891 2
      vertex -3.67368 -0.996072 2
    endloop
  endfacet
  facet normal 0 -1 0
    outer loop
      vertex -3.67368 -0.996072 2
      vertex -3.54516 -0.996072 2.6
      vertex -3.67368 -0.996072 2.6
    endloop
  endfacet
  facet normal 0 -1 -0
    outer loop
      vertex -3.54516 -0.996072 2.6
      vertex -3.67368 -0.996072 2
      vertex -3.54516 -0.996072 2
    endloop
  endfacet
  facet normal 0.707123 -0.70709 0
    outer loop
      vertex -3.54516 -0.996072 2.6
      vertex -3.52374 -0.974651 2
      vertex -3.52374 -0.974651 2.6
    endloop
  endfacet
  facet normal 0.707123 -0.70709 0
    outer loop
      vertex -3.52374 -0.974651 2
      vertex -3.54516 -0.996072 2.6
      vertex -3.54516 -0.996072 2
    endloop
  endfacet
  facet normal 0 -1 0
    outer loop
      vertex -3.52374 -0.974651 2
      vertex -3.39522 -0.974651 2.6
      vertex -3.52374 -0.974651 2.6
    endloop
  endfacet
  facet normal 0 -1 -0
    outer loop
      vertex -3.39522 -0.974651 2.6
      vertex -3.52374 -0.974651 2
      vertex -3.39522 -0.974651 2
    endloop
  endfacet
  facet normal 0.70709 -0.707123 0
    outer loop
      vertex -3.39522 -0.974651 2.6
      vertex -3.3738 -0.953232 2
      vertex -3.3738 -0.953232 2.6
    endloop
  endfacet
  facet normal 0.70709 -0.707123 0
    outer loop
      vertex -3.3738 -0.953232 2
      vertex -3.39522 -0.974651 2.6
      vertex -3.39522 -0.974651 2
    endloop
  endfacet
  facet normal 0 -1 0
    outer loop
      vertex -3.3738 -0.953232 2
      vertex -3.22386 -0.953232 2.6
      vertex -3.3738 -0.953232 2.6
    endloop
  endfacet
  facet normal 0 -1 -0
    outer loop
      vertex -3.22386 -0.953232 2.6
      vertex -3.3738 -0.953232 2
      vertex -3.22386 -0.953232 2
    endloop
  endfacet
  facet normal 0.707123 -0.70709 0
    outer loop
      vertex -3.22386 -0.953232 2.6
      vertex -3.20244 -0.931811 2
      vertex -3.20244 -0.931811 2.6
    endloop
  endfacet
  facet normal 0.707123 -0.70709 0
    outer loop
      vertex -3.20244 -0.931811 2
      vertex -3.22386 -0.953232 2.6
      vertex -3.22386 -0.953232 2
    endloop
  endfacet
  facet normal 0.0370087 -0.999315 0
    outer loop
      vertex -3.20244 -0.931811 2
      vertex -2.62408 -0.910392 2.6
      vertex -3.20244 -0.931811 2.6
    endloop
  endfacet
  facet normal 0.0370087 -0.999315 0
    outer loop
      vertex -2.62408 -0.910392 2.6
      vertex -3.20244 -0.931811 2
      vertex -2.62408 -0.910392 2
    endloop
  endfacet
  facet normal 0.707123 -0.70709 0
    outer loop
      vertex -2.62408 -0.910392 2.6
      vertex -2.60266 -0.888971 2
      vertex -2.60266 -0.888971 2.6
    endloop
  endfacet
  facet normal 0.707123 -0.70709 0
    outer loop
      vertex -2.60266 -0.888971 2
      vertex -2.62408 -0.910392 2.6
      vertex -2.62408 -0.910392 2
    endloop
  endfacet
  facet normal 0 -1 0
    outer loop
      vertex -2.60266 -0.888971 2
      vertex -2.00287 -0.888971 2.6
      vertex -2.60266 -0.888971 2.6
    endloop
  endfacet
  facet normal 0 -1 -0
    outer loop
      vertex -2.00287 -0.888971 2.6
      vertex -2.60266 -0.888971 2
      vertex -2.00287 -0.888971 2
    endloop
  endfacet
  facet normal 0.70709 -0.707123 0
    outer loop
      vertex -2.00287 -0.888971 2.6
      vertex -1.98145 -0.867552 2
      vertex -1.98145 -0.867552 2.6
    endloop
  endfacet
  facet normal 0.70709 -0.707123 0
    outer loop
      vertex -1.98145 -0.867552 2
      vertex -2.00287 -0.888971 2.6
      vertex -2.00287 -0.888971 2
    endloop
  endfacet
  facet normal 0 -1 0
    outer loop
      vertex -1.98145 -0.867552 2
      vertex -1.14601 -0.867552 2.6
      vertex -1.98145 -0.867552 2.6
    endloop
  endfacet
  facet normal 0 -1 -0
    outer loop
      vertex -1.14601 -0.867552 2.6
      vertex -1.98145 -0.867552 2
      vertex -1.14601 -0.867552 2
    endloop
  endfacet
  facet normal -0.70709 -0.707123 0
    outer loop
      vertex -1.12459 -0.888971 2
      vertex -1.14601 -0.867552 2.6
      vertex -1.14601 -0.867552 2
    endloop
  endfacet
  facet normal -0.70709 -0.707123 0
    outer loop
      vertex -1.14601 -0.867552 2.6
      vertex -1.12459 -0.888971 2
      vertex -1.12459 -0.888971 2.6
    endloop
  endfacet
  facet normal 0 -1 0
    outer loop
      vertex -1.12459 -0.888971 2
      vertex -0.974651 -0.888971 2.6
      vertex -1.12459 -0.888971 2.6
    endloop
  endfacet
  facet normal 0 -1 -0
    outer loop
      vertex -0.974651 -0.888971 2.6
      vertex -1.12459 -0.888971 2
      vertex -0.974651 -0.888971 2
    endloop
  endfacet
  facet normal -0.70714 -0.707074 0
    outer loop
      vertex -0.953232 -0.910392 2
      vertex -0.974651 -0.888971 2.6
      vertex -0.974651 -0.888971 2
    endloop
  endfacet
  facet normal -0.70714 -0.707074 0
    outer loop
      vertex -0.974651 -0.888971 2.6
      vertex -0.953232 -0.910392 2
      vertex -0.953232 -0.910392 2.6
    endloop
  endfacet
  facet normal -0.894436 0.447197 0
    outer loop
      vertex -0.974651 -0.953232 2
      vertex -0.953232 -0.910392 2.6
      vertex -0.953232 -0.910392 2
    endloop
  endfacet
  facet normal -0.894436 0.447197 0
    outer loop
      vertex -0.953232 -0.910392 2.6
      vertex -0.974651 -0.953232 2
      vertex -0.974651 -0.953232 2.6
    endloop
  endfacet
  facet normal -0.707107 -0.707107 0
    outer loop
      vertex -0.953232 -0.974651 2
      vertex -0.974651 -0.953232 2.6
      vertex -0.974651 -0.953232 2
    endloop
  endfacet
  facet normal -0.707107 -0.707107 0
    outer loop
      vertex -0.974651 -0.953232 2.6
      vertex -0.953232 -0.974651 2
      vertex -0.953232 -0.974651 2.6
    endloop
  endfacet
  facet normal -1 0 0
    outer loop
      vertex -0.953232 -1.12459 2
      vertex -0.953232 -0.974651 2.6
      vertex -0.953232 -0.974651 2
    endloop
  endfacet
  facet normal -1 -0 0
    outer loop
      vertex -0.953232 -0.974651 2.6
      vertex -0.953232 -1.12459 2
      vertex -0.953232 -1.12459 2.6
    endloop
  endfacet
  facet normal -0.707123 0.70709 0
    outer loop
      vertex -0.974651 -1.14601 2
      vertex -0.953232 -1.12459 2.6
      vertex -0.953232 -1.12459 2
    endloop
  endfacet
  facet normal -0.707123 0.70709 0
    outer loop
      vertex -0.953232 -1.12459 2.6
      vertex -0.974651 -1.14601 2
      vertex -0.974651 -1.14601 2.6
    endloop
  endfacet
  facet normal -1 0 0
    outer loop
      vertex -0.974651 -1.48876 2
      vertex -0.974651 -1.14601 2.6
      vertex -0.974651 -1.14601 2
    endloop
  endfacet
  facet normal -1 -0 0
    outer loop
      vertex -0.974651 -1.14601 2.6
      vertex -0.974651 -1.48876 2
      vertex -0.974651 -1.48876 2.6
    endloop
  endfacet
  facet normal -0.70709 0.707123 0
    outer loop
      vertex -0.974651 -1.48876 2
      vertex -0.996072 -1.51018 2.6
      vertex -0.974651 -1.48876 2.6
    endloop
  endfacet
  facet normal -0.70709 0.707123 0
    outer loop
      vertex -0.996072 -1.51018 2.6
      vertex -0.974651 -1.48876 2
      vertex -0.996072 -1.51018 2
    endloop
  endfacet
  facet normal -0.989949 -0.141428 0
    outer loop
      vertex -0.974651 -1.66012 2
      vertex -0.996072 -1.51018 2.6
      vertex -0.996072 -1.51018 2
    endloop
  endfacet
  facet normal -0.989949 -0.141428 0
    outer loop
      vertex -0.996072 -1.51018 2.6
      vertex -0.974651 -1.66012 2
      vertex -0.974651 -1.66012 2.6
    endloop
  endfacet
  facet normal -0.70709 0.707123 0
    outer loop
      vertex -0.974651 -1.66012 2
      vertex -0.996072 -1.68154 2.6
      vertex -0.974651 -1.66012 2.6
    endloop
  endfacet
  facet normal -0.70709 0.707123 0
    outer loop
      vertex -0.996072 -1.68154 2.6
      vertex -0.974651 -1.66012 2
      vertex -0.996072 -1.68154 2
    endloop
  endfacet
  facet normal -0.999512 0.0312305 0
    outer loop
      vertex -1.01749 -2.36701 2
      vertex -0.996072 -1.68154 2.6
      vertex -0.996072 -1.68154 2
    endloop
  endfacet
  facet normal -0.999512 0.0312305 0
    outer loop
      vertex -0.996072 -1.68154 2.6
      vertex -1.01749 -2.36701 2
      vertex -1.01749 -2.36701 2.6
    endloop
  endfacet
  facet normal -0.707107 0.707107 0
    outer loop
      vertex -1.01749 -2.36701 2
      vertex -1.03891 -2.38843 2.6
      vertex -1.01749 -2.36701 2.6
    endloop
  endfacet
  facet normal -0.707107 0.707107 0
    outer loop
      vertex -1.03891 -2.38843 2.6
      vertex -1.01749 -2.36701 2
      vertex -1.03891 -2.38843 2
    endloop
  endfacet
  facet normal -1 0 0
    outer loop
      vertex -1.03891 -2.62408 2
      vertex -1.03891 -2.38843 2.6
      vertex -1.03891 -2.38843 2
    endloop
  endfacet
  facet normal -1 -0 0
    outer loop
      vertex -1.03891 -2.38843 2.6
      vertex -1.03891 -2.62408 2
      vertex -1.03891 -2.62408 2.6
    endloop
  endfacet
  facet normal -0.707107 0.707107 0
    outer loop
      vertex -1.06033 -2.6455 2
      vertex -1.03891 -2.62408 2.6
      vertex -1.03891 -2.62408 2
    endloop
  endfacet
  facet normal -0.707107 0.707107 0
    outer loop
      vertex -1.03891 -2.62408 2.6
      vertex -1.06033 -2.6455 2
      vertex -1.06033 -2.6455 2.6
    endloop
  endfacet
  facet normal -0.99763 0.0687999 0
    outer loop
      vertex -1.10317 -3.2667 2
      vertex -1.06033 -2.6455 2.6
      vertex -1.06033 -2.6455 2
    endloop
  endfacet
  facet normal -0.99763 0.0687999 0
    outer loop
      vertex -1.06033 -2.6455 2.6
      vertex -1.10317 -3.2667 2
      vertex -1.10317 -3.2667 2.6
    endloop
  endfacet
  facet normal -0.707107 0.707107 0
    outer loop
      vertex -1.12459 -3.28812 2
      vertex -1.10317 -3.2667 2.6
      vertex -1.10317 -3.2667 2
    endloop
  endfacet
  facet normal -0.707107 0.707107 0
    outer loop
      vertex -1.10317 -3.2667 2.6
      vertex -1.12459 -3.28812 2
      vertex -1.12459 -3.28812 2.6
    endloop
  endfacet
  facet normal -1 0 0
    outer loop
      vertex -1.12459 -3.41664 2
      vertex -1.12459 -3.28812 2.6
      vertex -1.12459 -3.28812 2
    endloop
  endfacet
  facet normal -1 -0 0
    outer loop
      vertex -1.12459 -3.28812 2.6
      vertex -1.12459 -3.41664 2
      vertex -1.12459 -3.41664 2.6
    endloop
  endfacet
  facet normal -0.707107 0.707107 0
    outer loop
      vertex -1.14601 -3.43806 2
      vertex -1.12459 -3.41664 2.6
      vertex -1.12459 -3.41664 2
    endloop
  endfacet
  facet normal -0.707107 0.707107 0
    outer loop
      vertex -1.12459 -3.41664 2.6
      vertex -1.14601 -3.43806 2
      vertex -1.14601 -3.43806 2.6
    endloop
  endfacet
  facet normal -1 0 0
    outer loop
      vertex -1.14601 -3.54516 2
      vertex -1.14601 -3.43806 2.6
      vertex -1.14601 -3.43806 2
    endloop
  endfacet
  facet normal -1 -0 0
    outer loop
      vertex -1.14601 -3.43806 2.6
      vertex -1.14601 -3.54516 2
      vertex -1.14601 -3.54516 2.6
    endloop
  endfacet
  facet normal -0.707107 0.707107 0
    outer loop
      vertex -1.14601 -3.54516 2
      vertex -1.16743 -3.56658 2.6
      vertex -1.14601 -3.54516 2.6
    endloop
  endfacet
  facet normal -0.707107 0.707107 0
    outer loop
      vertex -1.16743 -3.56658 2.6
      vertex -1.14601 -3.54516 2
      vertex -1.16743 -3.56658 2
    endloop
  endfacet
  facet normal -1 0 0
    outer loop
      vertex -1.16743 -3.67368 2
      vertex -1.16743 -3.56658 2.6
      vertex -1.16743 -3.56658 2
    endloop
  endfacet
  facet normal -1 -0 0
    outer loop
      vertex -1.16743 -3.56658 2.6
      vertex -1.16743 -3.67368 2
      vertex -1.16743 -3.67368 2.6
    endloop
  endfacet
  facet normal -0.707107 0.707107 0
    outer loop
      vertex -1.18885 -3.6951 2
      vertex -1.16743 -3.67368 2.6
      vertex -1.16743 -3.67368 2
    endloop
  endfacet
  facet normal -0.707107 0.707107 0
    outer loop
      vertex -1.16743 -3.67368 2.6
      vertex -1.18885 -3.6951 2
      vertex -1.18885 -3.6951 2.6
    endloop
  endfacet
  facet normal -0.992281 0.124013 0
    outer loop
      vertex -1.21027 -3.86649 2
      vertex -1.18885 -3.6951 2.6
      vertex -1.18885 -3.6951 2
    endloop
  endfacet
  facet normal -0.992281 0.124013 0
    outer loop
      vertex -1.18885 -3.6951 2.6
      vertex -1.21027 -3.86649 2
      vertex -1.21027 -3.86649 2.6
    endloop
  endfacet
  facet normal -0.894427 0.447214 0
    outer loop
      vertex -1.25311 -3.95217 2
      vertex -1.21027 -3.86649 2.6
      vertex -1.21027 -3.86649 2
    endloop
  endfacet
  facet normal -0.894427 0.447214 0
    outer loop
      vertex -1.21027 -3.86649 2.6
      vertex -1.25311 -3.95217 2
      vertex -1.25311 -3.95217 2.6
    endloop
  endfacet
  facet normal -0.976155 0.217075 0
    outer loop
      vertex -1.29598 -4.14495 2
      vertex -1.25311 -3.95217 2.6
      vertex -1.25311 -3.95217 2
    endloop
  endfacet
  facet normal -0.976155 0.217075 0
    outer loop
      vertex -1.25311 -3.95217 2.6
      vertex -1.29598 -4.14495 2
      vertex -1.29598 -4.14495 2.6
    endloop
  endfacet
  facet normal -0.868243 0.496139 0
    outer loop
      vertex -1.38166 -4.29489 2
      vertex -1.29598 -4.14495 2.6
      vertex -1.29598 -4.14495 2
    endloop
  endfacet
  facet normal -0.868243 0.496139 0
    outer loop
      vertex -1.29598 -4.14495 2.6
      vertex -1.38166 -4.29489 2
      vertex -1.38166 -4.29489 2.6
    endloop
  endfacet
  facet normal -0.986394 0.164399 0
    outer loop
      vertex -1.40308 -4.42341 2
      vertex -1.38166 -4.29489 2.6
      vertex -1.38166 -4.29489 2
    endloop
  endfacet
  facet normal -0.986394 0.164399 0
    outer loop
      vertex -1.38166 -4.29489 2.6
      vertex -1.40308 -4.42341 2
      vertex -1.40308 -4.42341 2.6
    endloop
  endfacet
  facet normal -0.83211 0.554611 0
    outer loop
      vertex -1.48876 -4.55196 2
      vertex -1.40308 -4.42341 2.6
      vertex -1.40308 -4.42341 2
    endloop
  endfacet
  facet normal -0.83211 0.554611 0
    outer loop
      vertex -1.40308 -4.42341 2.6
      vertex -1.48876 -4.55196 2
      vertex -1.48876 -4.55196 2.6
    endloop
  endfacet
  facet normal -0.707107 -0.707107 0
    outer loop
      vertex -1.48876 -4.55196 2
      vertex -1.46734 -4.57338 2.6
      vertex -1.48876 -4.55196 2.6
    endloop
  endfacet
  facet normal -0.707107 -0.707107 -0
    outer loop
      vertex -1.46734 -4.57338 2.6
      vertex -1.48876 -4.55196 2
      vertex -1.46734 -4.57338 2
    endloop
  endfacet
  facet normal -0.894427 0.447214 0
    outer loop
      vertex -1.48876 -4.61622 2
      vertex -1.46734 -4.57338 2.6
      vertex -1.46734 -4.57338 2
    endloop
  endfacet
  facet normal -0.894427 0.447214 0
    outer loop
      vertex -1.46734 -4.57338 2.6
      vertex -1.48876 -4.61622 2
      vertex -1.48876 -4.61622 2.6
    endloop
  endfacet
  facet normal -0.447214 0.894427 0
    outer loop
      vertex -1.48876 -4.61622 2
      vertex -1.5316 -4.63764 2.6
      vertex -1.48876 -4.61622 2.6
    endloop
  endfacet
  facet normal -0.447214 0.894427 0
    outer loop
      vertex -1.5316 -4.63764 2.6
      vertex -1.48876 -4.61622 2
      vertex -1.5316 -4.63764 2
    endloop
  endfacet
  facet normal -0.707107 -0.707107 0
    outer loop
      vertex -1.5316 -4.63764 2
      vertex -1.51018 -4.65906 2.6
      vertex -1.5316 -4.63764 2.6
    endloop
  endfacet
  facet normal -0.707107 -0.707107 -0
    outer loop
      vertex -1.51018 -4.65906 2.6
      vertex -1.5316 -4.63764 2
      vertex -1.51018 -4.65906 2
    endloop
  endfacet
  facet normal -0.894427 0.447214 0
    outer loop
      vertex -1.5316 -4.7019 2
      vertex -1.51018 -4.65906 2.6
      vertex -1.51018 -4.65906 2
    endloop
  endfacet
  facet normal -0.894427 0.447214 0
    outer loop
      vertex -1.51018 -4.65906 2.6
      vertex -1.5316 -4.7019 2
      vertex -1.5316 -4.7019 2.6
    endloop
  endfacet
  facet normal -0.447214 0.894427 0
    outer loop
      vertex -1.5316 -4.7019 2
      vertex -1.57444 -4.72332 2.6
      vertex -1.5316 -4.7019 2.6
    endloop
  endfacet
  facet normal -0.447214 0.894427 0
    outer loop
      vertex -1.57444 -4.72332 2.6
      vertex -1.5316 -4.7019 2
      vertex -1.57444 -4.72332 2
    endloop
  endfacet
  facet normal -1 0 0
    outer loop
      vertex -1.57444 -4.76616 2
      vertex -1.57444 -4.72332 2.6
      vertex -1.57444 -4.72332 2
    endloop
  endfacet
  facet normal -1 -0 0
    outer loop
      vertex -1.57444 -4.72332 2.6
      vertex -1.57444 -4.76616 2
      vertex -1.57444 -4.76616 2.6
    endloop
  endfacet
  facet normal -0.707107 0.707107 0
    outer loop
      vertex -1.57444 -4.76616 2
      vertex -1.61728 -4.809 2.6
      vertex -1.57444 -4.76616 2.6
    endloop
  endfacet
  facet normal -0.707107 0.707107 0
    outer loop
      vertex -1.61728 -4.809 2.6
      vertex -1.57444 -4.76616 2
      vertex -1.61728 -4.809 2
    endloop
  endfacet
  facet normal -0.907959 0.419058 0
    outer loop
      vertex -1.7458 -5.08746 2
      vertex -1.61728 -4.809 2.6
      vertex -1.61728 -4.809 2
    endloop
  endfacet
  facet normal -0.907959 0.419058 0
    outer loop
      vertex -1.61728 -4.809 2.6
      vertex -1.7458 -5.08746 2
      vertex -1.7458 -5.08746 2.6
    endloop
  endfacet
  facet normal -0.77724 0.629204 0
    outer loop
      vertex -2.10997 -5.53731 2
      vertex -1.7458 -5.08746 2.6
      vertex -1.7458 -5.08746 2
    endloop
  endfacet
  facet normal -0.77724 0.629204 0
    outer loop
      vertex -1.7458 -5.08746 2.6
      vertex -2.10997 -5.53731 2
      vertex -2.10997 -5.53731 2.6
    endloop
  endfacet
  facet normal -0.707107 0.707107 0
    outer loop
      vertex -2.10997 -5.53731 2
      vertex -2.28133 -5.70867 2.6
      vertex -2.10997 -5.53731 2.6
    endloop
  endfacet
  facet normal -0.707107 0.707107 0
    outer loop
      vertex -2.28133 -5.70867 2.6
      vertex -2.10997 -5.53731 2
      vertex -2.28133 -5.70867 2
    endloop
  endfacet
  facet normal -0.894552 0.446963 0
    outer loop
      vertex -2.30275 -5.75154 2
      vertex -2.28133 -5.70867 2.6
      vertex -2.28133 -5.70867 2
    endloop
  endfacet
  facet normal -0.894552 0.446963 0
    outer loop
      vertex -2.28133 -5.70867 2.6
      vertex -2.30275 -5.75154 2
      vertex -2.30275 -5.75154 2.6
    endloop
  endfacet
  facet normal -0.970143 -0.242536 0
    outer loop
      vertex -2.28133 -5.83722 2
      vertex -2.30275 -5.75154 2.6
      vertex -2.30275 -5.75154 2
    endloop
  endfacet
  facet normal -0.970143 -0.242536 0
    outer loop
      vertex -2.30275 -5.75154 2.6
      vertex -2.28133 -5.83722 2
      vertex -2.28133 -5.83722 2.6
    endloop
  endfacet
  facet normal -0.5547 -0.83205 0
    outer loop
      vertex -2.28133 -5.83722 2
      vertex -2.21707 -5.88006 2.6
      vertex -2.28133 -5.83722 2.6
    endloop
  endfacet
  facet normal -0.5547 -0.83205 -0
    outer loop
      vertex -2.21707 -5.88006 2.6
      vertex -2.28133 -5.83722 2
      vertex -2.21707 -5.88006 2
    endloop
  endfacet
  facet normal 0 -1 0
    outer loop
      vertex -2.21707 -5.88006 2
      vertex -2.10997 -5.88006 2.6
      vertex -2.21707 -5.88006 2.6
    endloop
  endfacet
  facet normal 0 -1 -0
    outer loop
      vertex -2.10997 -5.88006 2.6
      vertex -2.21707 -5.88006 2
      vertex -2.10997 -5.88006 2
    endloop
  endfacet
  facet normal -0.707107 -0.707107 0
    outer loop
      vertex -2.08855 -5.90148 2
      vertex -2.10997 -5.88006 2.6
      vertex -2.10997 -5.88006 2
    endloop
  endfacet
  facet normal -0.707107 -0.707107 0
    outer loop
      vertex -2.10997 -5.88006 2.6
      vertex -2.08855 -5.90148 2
      vertex -2.08855 -5.90148 2.6
    endloop
  endfacet
  facet normal -0.0217327 -0.999764 0
    outer loop
      vertex -2.08855 -5.90148 2
      vertex -1.10317 -5.9229 2.6
      vertex -2.08855 -5.90148 2.6
    endloop
  endfacet
  facet normal -0.0217327 -0.999764 -0
    outer loop
      vertex -1.10317 -5.9229 2.6
      vertex -2.08855 -5.90148 2
      vertex -1.10317 -5.9229 2
    endloop
  endfacet
  facet normal -0.707107 -0.707107 0
    outer loop
      vertex -1.08175 -5.94432 2
      vertex -1.10317 -5.9229 2.6
      vertex -1.10317 -5.9229 2
    endloop
  endfacet
  facet normal -0.707107 -0.707107 0
    outer loop
      vertex -1.10317 -5.9229 2.6
      vertex -1.08175 -5.94432 2
      vertex -1.08175 -5.94432 2.6
    endloop
  endfacet
  facet normal 0 -1 0
    outer loop
      vertex -1.08175 -5.94432 2
      vertex 1.3174 -5.94432 2.6
      vertex -1.08175 -5.94432 2.6
    endloop
  endfacet
  facet normal 0 -1 -0
    outer loop
      vertex 1.3174 -5.94432 2.6
      vertex -1.08175 -5.94432 2
      vertex 1.3174 -5.94432 2
    endloop
  endfacet
  facet normal 0.707107 -0.707107 0
    outer loop
      vertex 1.3174 -5.94432 2.6
      vertex 1.33882 -5.9229 2
      vertex 1.33882 -5.9229 2.6
    endloop
  endfacet
  facet normal 0.707107 -0.707107 0
    outer loop
      vertex 1.33882 -5.9229 2
      vertex 1.3174 -5.94432 2.6
      vertex 1.3174 -5.94432 2
    endloop
  endfacet
endsolid OpenSCAD_Model
