solid OpenSCAD_Model
  facet normal -0.359891 -0.932994 0
    outer loop
      vertex -5.35757 -12.9343 0
      vertex -4.71646 -13.1816 2
      vertex -5.35757 -12.9343 2
    endloop
  endfacet
  facet normal -0.359891 -0.932994 -0
    outer loop
      vertex -4.71646 -13.1816 2
      vertex -5.35757 -12.9343 0
      vertex -4.71646 -13.1816 0
    endloop
  endfacet
  facet normal -0.914189 -0.405288 0
    outer loop
      vertex -12.6558 -5.98577 0
      vertex -12.9343 -5.35757 2
      vertex -12.9343 -5.35757 0
    endloop
  endfacet
  facet normal -0.914189 -0.405288 0
    outer loop
      vertex -12.9343 -5.35757 2
      vertex -12.6558 -5.98577 0
      vertex -12.6558 -5.98577 2
    endloop
  endfacet
  facet normal 0.963803 0.266615 0
    outer loop
      vertex 13.5804 3.40172 2
      vertex 13.3972 4.06398 0
      vertex 13.3972 4.06398 2
    endloop
  endfacet
  facet normal 0.963803 0.266615 0
    outer loop
      vertex 13.3972 4.06398 0
      vertex 13.5804 3.40172 2
      vertex 13.5804 3.40172 0
    endloop
  endfacet
  facet normal 0.78832 0.615266 0
    outer loop
      vertex 11.2449 8.33979 2
      vertex 10.8221 8.88151 0
      vertex 10.8221 8.88151 2
    endloop
  endfacet
  facet normal 0.78832 0.615266 0
    outer loop
      vertex 10.8221 8.88151 0
      vertex 11.2449 8.33979 2
      vertex 11.2449 8.33979 0
    endloop
  endfacet
  facet normal 0.492898 0.870087 -0
    outer loop
      vertex 7.19744 12.0082 0
      vertex 6.59955 12.3469 2
      vertex 7.19744 12.0082 2
    endloop
  endfacet
  facet normal 0.492898 0.870087 0
    outer loop
      vertex 6.59955 12.3469 2
      vertex 7.19744 12.0082 0
      vertex 6.59955 12.3469 0
    endloop
  endfacet
  facet normal -0.997296 0.0734918 0
    outer loop
      vertex -13.9831 0.686947 0
      vertex -13.9326 1.37224 2
      vertex -13.9326 1.37224 0
    endloop
  endfacet
  facet normal -0.997296 0.0734918 0
    outer loop
      vertex -13.9326 1.37224 2
      vertex -13.9831 0.686947 0
      vertex -13.9831 0.686947 2
    endloop
  endfacet
  facet normal -0.893254 0.449552 0
    outer loop
      vertex -12.6558 5.98577 0
      vertex -12.3469 6.59955 2
      vertex -12.3469 6.59955 0
    endloop
  endfacet
  facet normal -0.893254 0.449552 0
    outer loop
      vertex -12.3469 6.59955 2
      vertex -12.6558 5.98577 0
      vertex -12.6558 5.98577 2
    endloop
  endfacet
  facet normal -0.313747 0.949507 0
    outer loop
      vertex -4.06398 13.3972 0
      vertex -4.71646 13.1816 2
      vertex -4.06398 13.3972 2
    endloop
  endfacet
  facet normal -0.313747 0.949507 0
    outer loop
      vertex -4.71646 13.1816 2
      vertex -4.06398 13.3972 0
      vertex -4.71646 13.1816 0
    endloop
  endfacet
  facet normal -0.575836 0.817565 0
    outer loop
      vertex -7.77798 11.6406 0
      vertex -8.33979 11.2449 2
      vertex -7.77798 11.6406 2
    endloop
  endfacet
  facet normal -0.575836 0.817565 0
    outer loop
      vertex -8.33979 11.2449 2
      vertex -7.77798 11.6406 0
      vertex -8.33979 11.2449 0
    endloop
  endfacet
  facet normal 0.999698 -0.0245942 0
    outer loop
      vertex 13.9831 -0.686947 2
      vertex 14 0 0
      vertex 14 0 2
    endloop
  endfacet
  facet normal 0.999698 -0.0245942 0
    outer loop
      vertex 14 0 0
      vertex 13.9831 -0.686947 2
      vertex 13.9831 -0.686947 0
    endloop
  endfacet
  facet normal 0.914189 -0.405288 0
    outer loop
      vertex 12.6558 -5.98577 2
      vertex 12.9343 -5.35757 0
      vertex 12.9343 -5.35757 2
    endloop
  endfacet
  facet normal 0.914189 -0.405288 0
    outer loop
      vertex 12.9343 -5.35757 0
      vertex 12.6558 -5.98577 2
      vertex 12.6558 -5.98577 0
    endloop
  endfacet
  facet normal 0.219161 -0.975689 0
    outer loop
      vertex 2.73126 -13.731 0
      vertex 3.40172 -13.5804 2
      vertex 2.73126 -13.731 2
    endloop
  endfacet
  facet normal 0.219161 -0.975689 0
    outer loop
      vertex 3.40172 -13.5804 2
      vertex 2.73126 -13.731 0
      vertex 3.40172 -13.5804 0
    endloop
  endfacet
  facet normal 0.689532 -0.724255 0
    outer loop
      vertex 9.40182 -10.3733 0
      vertex 9.89949 -9.89949 2
      vertex 9.40182 -10.3733 2
    endloop
  endfacet
  facet normal 0.689532 -0.724255 0
    outer loop
      vertex 9.89949 -9.89949 2
      vertex 9.40182 -10.3733 0
      vertex 9.89949 -9.89949 0
    endloop
  endfacet
  facet normal 0.870087 0.492898 0
    outer loop
      vertex 12.3469 6.59955 2
      vertex 12.0082 7.19744 0
      vertex 12.0082 7.19744 2
    endloop
  endfacet
  facet normal 0.870087 0.492898 0
    outer loop
      vertex 12.0082 7.19744 0
      vertex 12.3469 6.59955 2
      vertex 12.3469 6.59955 0
    endloop
  endfacet
  facet normal 0.0245942 0.999698 -0
    outer loop
      vertex 0.686947 13.9831 0
      vertex 0 14 2
      vertex 0.686947 13.9831 2
    endloop
  endfacet
  facet normal 0.0245942 0.999698 0
    outer loop
      vertex 0 14 2
      vertex 0.686947 13.9831 0
      vertex 0 14 0
    endloop
  endfacet
  facet normal 0.170996 0.985272 -0
    outer loop
      vertex 2.73126 13.731 0
      vertex 2.05423 13.8485 2
      vertex 2.73126 13.731 2
    endloop
  endfacet
  facet normal 0.170996 0.985272 0
    outer loop
      vertex 2.05423 13.8485 2
      vertex 2.73126 13.731 0
      vertex 2.05423 13.8485 0
    endloop
  endfacet
  facet normal 0.575836 0.817565 -0
    outer loop
      vertex 8.33979 11.2449 0
      vertex 7.77798 11.6406 2
      vertex 8.33979 11.2449 2
    endloop
  endfacet
  facet normal 0.575836 0.817565 0
    outer loop
      vertex 7.77798 11.6406 2
      vertex 8.33979 11.2449 0
      vertex 7.77798 11.6406 0
    endloop
  endfacet
  facet normal 0.0734918 0.997296 -0
    outer loop
      vertex 1.37224 13.9326 0
      vertex 0.686947 13.9831 2
      vertex 1.37224 13.9326 2
    endloop
  endfacet
  facet normal 0.0734918 0.997296 0
    outer loop
      vertex 0.686947 13.9831 2
      vertex 1.37224 13.9326 0
      vertex 0.686947 13.9831 0
    endloop
  endfacet
  facet normal -0.975689 0.219161 0
    outer loop
      vertex -13.731 2.73126 0
      vertex -13.5804 3.40172 2
      vertex -13.5804 3.40172 0
    endloop
  endfacet
  facet normal -0.975689 0.219161 0
    outer loop
      vertex -13.5804 3.40172 2
      vertex -13.731 2.73126 0
      vertex -13.731 2.73126 2
    endloop
  endfacet
  facet normal -0.992482 0.122389 0
    outer loop
      vertex -13.9326 1.37224 0
      vertex -13.8485 2.05423 2
      vertex -13.8485 2.05423 0
    endloop
  endfacet
  facet normal -0.992482 0.122389 0
    outer loop
      vertex -13.8485 2.05423 2
      vertex -13.9326 1.37224 0
      vertex -13.9326 1.37224 2
    endloop
  endfacet
  facet normal -0.757225 0.653154 0
    outer loop
      vertex -10.8221 8.88151 0
      vertex -10.3733 9.40182 2
      vertex -10.3733 9.40182 0
    endloop
  endfacet
  facet normal -0.757225 0.653154 0
    outer loop
      vertex -10.3733 9.40182 2
      vertex -10.8221 8.88151 0
      vertex -10.8221 8.88151 2
    endloop
  endfacet
  facet normal -0.870087 0.492898 0
    outer loop
      vertex -12.3469 6.59955 0
      vertex -12.0082 7.19744 2
      vertex -12.0082 7.19744 0
    endloop
  endfacet
  facet normal -0.870087 0.492898 0
    outer loop
      vertex -12.0082 7.19744 2
      vertex -12.3469 6.59955 0
      vertex -12.3469 6.59955 2
    endloop
  endfacet
  facet normal -0.0734918 0.997296 0
    outer loop
      vertex -0.686947 13.9831 0
      vertex -1.37224 13.9326 2
      vertex -0.686947 13.9831 2
    endloop
  endfacet
  facet normal -0.0734918 0.997296 0
    outer loop
      vertex -1.37224 13.9326 2
      vertex -0.686947 13.9831 0
      vertex -1.37224 13.9326 0
    endloop
  endfacet
  facet normal -0.266615 0.963803 0
    outer loop
      vertex -3.40172 13.5804 0
      vertex -4.06398 13.3972 2
      vertex -3.40172 13.5804 2
    endloop
  endfacet
  facet normal -0.266615 0.963803 0
    outer loop
      vertex -4.06398 13.3972 2
      vertex -3.40172 13.5804 0
      vertex -4.06398 13.3972 0
    endloop
  endfacet
  facet normal -0.449552 0.893254 0
    outer loop
      vertex -5.98577 12.6558 0
      vertex -6.59955 12.3469 2
      vertex -5.98577 12.6558 2
    endloop
  endfacet
  facet normal -0.449552 0.893254 0
    outer loop
      vertex -6.59955 12.3469 2
      vertex -5.98577 12.6558 0
      vertex -6.59955 12.3469 0
    endloop
  endfacet
  facet normal -0.0734918 -0.997296 0
    outer loop
      vertex -1.37224 -13.9326 0
      vertex -0.686947 -13.9831 2
      vertex -1.37224 -13.9326 2
    endloop
  endfacet
  facet normal -0.0734918 -0.997296 -0
    outer loop
      vertex -0.686947 -13.9831 2
      vertex -1.37224 -13.9326 0
      vertex -0.686947 -13.9831 0
    endloop
  endfacet
  facet normal 0 0 -1
    outer loop
      vertex 13.9831 -0.686947 0
      vertex 13.9831 0.686947 0
      vertex 14 0 0
    endloop
  endfacet
  facet normal 0 0 -1
    outer loop
      vertex 13.9326 -1.37224 0
      vertex 13.9831 0.686947 0
      vertex 13.9831 -0.686947 0
    endloop
  endfacet
  facet normal 0 0 -1
    outer loop
      vertex 13.9326 -1.37224 0
      vertex 13.9326 1.37224 0
      vertex 13.9831 0.686947 0
    endloop
  endfacet
  facet normal 0 0 -1
    outer loop
      vertex 13.8485 -2.05423 0
      vertex 13.9326 1.37224 0
      vertex 13.9326 -1.37224 0
    endloop
  endfacet
  facet normal 0 0 -1
    outer loop
      vertex 13.8485 -2.05423 0
      vertex 13.8485 2.05423 0
      vertex 13.9326 1.37224 0
    endloop
  endfacet
  facet normal 0 0 -1
    outer loop
      vertex 13.731 -2.73126 0
      vertex 13.8485 2.05423 0
      vertex 13.8485 -2.05423 0
    endloop
  endfacet
  facet normal 0 0 -1
    outer loop
      vertex 13.731 -2.73126 0
      vertex 13.731 2.73126 0
      vertex 13.8485 2.05423 0
    endloop
  endfacet
  facet normal 0 0 -1
    outer loop
      vertex 13.5804 -3.40172 0
      vertex 13.731 2.73126 0
      vertex 13.731 -2.73126 0
    endloop
  endfacet
  facet normal 0 0 -1
    outer loop
      vertex 13.5804 -3.40172 0
      vertex 13.5804 3.40172 0
      vertex 13.731 2.73126 0
    endloop
  endfacet
  facet normal 0 0 -1
    outer loop
      vertex 13.3972 -4.06398 0
      vertex 13.5804 3.40172 0
      vertex 13.5804 -3.40172 0
    endloop
  endfacet
  facet normal 0 0 -1
    outer loop
      vertex 13.3972 -4.06398 0
      vertex 13.3972 4.06398 0
      vertex 13.5804 3.40172 0
    endloop
  endfacet
  facet normal 0 0 -1
    outer loop
      vertex 13.1816 -4.71646 0
      vertex 13.3972 4.06398 0
      vertex 13.3972 -4.06398 0
    endloop
  endfacet
  facet normal 0 0 -1
    outer loop
      vertex 13.1816 -4.71646 0
      vertex 13.1816 4.71646 0
      vertex 13.3972 4.06398 0
    endloop
  endfacet
  facet normal 0 0 -1
    outer loop
      vertex 12.9343 -5.35757 0
      vertex 13.1816 4.71646 0
      vertex 13.1816 -4.71646 0
    endloop
  endfacet
  facet normal 0 0 -1
    outer loop
      vertex 12.9343 -5.35757 0
      vertex 12.9343 5.35757 0
      vertex 13.1816 4.71646 0
    endloop
  endfacet
  facet normal 0 0 -1
    outer loop
      vertex 12.6558 -5.98577 0
      vertex 12.9343 5.35757 0
      vertex 12.9343 -5.35757 0
    endloop
  endfacet
  facet normal 0 0 -1
    outer loop
      vertex 12.6558 -5.98577 0
      vertex 12.6558 5.98577 0
      vertex 12.9343 5.35757 0
    endloop
  endfacet
  facet normal 0 0 -1
    outer loop
      vertex 12.3469 -6.59955 0
      vertex 12.6558 5.98577 0
      vertex 12.6558 -5.98577 0
    endloop
  endfacet
  facet normal 0 0 -1
    outer loop
      vertex 12.3469 -6.59955 0
      vertex 12.3469 6.59955 0
      vertex 12.6558 5.98577 0
    endloop
  endfacet
  facet normal 0 0 -1
    outer loop
      vertex 12.0082 -7.19744 0
      vertex 12.3469 6.59955 0
      vertex 12.3469 -6.59955 0
    endloop
  endfacet
  facet normal 0 0 -1
    outer loop
      vertex 12.0082 -7.19744 0
      vertex 12.0082 7.19744 0
      vertex 12.3469 6.59955 0
    endloop
  endfacet
  facet normal 0 0 -1
    outer loop
      vertex 11.6406 -7.77798 0
      vertex 12.0082 7.19744 0
      vertex 12.0082 -7.19744 0
    endloop
  endfacet
  facet normal 0 0 -1
    outer loop
      vertex 11.6406 -7.77798 0
      vertex 11.6406 7.77798 0
      vertex 12.0082 7.19744 0
    endloop
  endfacet
  facet normal 0 0 -1
    outer loop
      vertex 11.2449 -8.33979 0
      vertex 11.6406 7.77798 0
      vertex 11.6406 -7.77798 0
    endloop
  endfacet
  facet normal 0 0 -1
    outer loop
      vertex 11.2449 -8.33979 0
      vertex 11.2449 8.33979 0
      vertex 11.6406 7.77798 0
    endloop
  endfacet
  facet normal 0 0 -1
    outer loop
      vertex 10.8221 -8.88151 0
      vertex 11.2449 8.33979 0
      vertex 11.2449 -8.33979 0
    endloop
  endfacet
  facet normal 0 0 -1
    outer loop
      vertex 10.8221 -8.88151 0
      vertex 10.8221 8.88151 0
      vertex 11.2449 8.33979 0
    endloop
  endfacet
  facet normal 0 0 -1
    outer loop
      vertex 10.3733 -9.40182 0
      vertex 10.8221 8.88151 0
      vertex 10.8221 -8.88151 0
    endloop
  endfacet
  facet normal 0 0 -1
    outer loop
      vertex 10.3733 -9.40182 0
      vertex 10.3733 9.40182 0
      vertex 10.8221 8.88151 0
    endloop
  endfacet
  facet normal 0 0 -1
    outer loop
      vertex 9.89949 -9.89949 0
      vertex 10.3733 9.40182 0
      vertex 10.3733 -9.40182 0
    endloop
  endfacet
  facet normal 0 0 -1
    outer loop
      vertex 9.89949 -9.89949 0
      vertex 9.89949 9.89949 0
      vertex 10.3733 9.40182 0
    endloop
  endfacet
  facet normal 0 0 -1
    outer loop
      vertex 9.40182 -10.3733 0
      vertex 9.89949 9.89949 0
      vertex 9.89949 -9.89949 0
    endloop
  endfacet
  facet normal 0 0 -1
    outer loop
      vertex 9.40182 -10.3733 0
      vertex 9.40182 10.3733 0
      vertex 9.89949 9.89949 0
    endloop
  endfacet
  facet normal 0 0 -1
    outer loop
      vertex 8.88151 -10.8221 0
      vertex 9.40182 10.3733 0
      vertex 9.40182 -10.3733 0
    endloop
  endfacet
  facet normal 0 0 -1
    outer loop
      vertex 8.88151 -10.8221 0
      vertex 8.88151 10.8221 0
      vertex 9.40182 10.3733 0
    endloop
  endfacet
  facet normal 0 0 -1
    outer loop
      vertex 8.33979 -11.2449 0
      vertex 8.88151 10.8221 0
      vertex 8.88151 -10.8221 0
    endloop
  endfacet
  facet normal 0 0 -1
    outer loop
      vertex 8.33979 -11.2449 0
      vertex 8.33979 11.2449 0
      vertex 8.88151 10.8221 0
    endloop
  endfacet
  facet normal 0 0 -1
    outer loop
      vertex 7.77798 -11.6406 0
      vertex 8.33979 11.2449 0
      vertex 8.33979 -11.2449 0
    endloop
  endfacet
  facet normal 0 0 -1
    outer loop
      vertex 7.77798 -11.6406 0
      vertex 7.77798 11.6406 0
      vertex 8.33979 11.2449 0
    endloop
  endfacet
  facet normal 0 0 -1
    outer loop
      vertex 7.19744 -12.0082 0
      vertex 7.77798 11.6406 0
      vertex 7.77798 -11.6406 0
    endloop
  endfacet
  facet normal 0 0 -1
    outer loop
      vertex 7.19744 -12.0082 0
      vertex 7.19744 12.0082 0
      vertex 7.77798 11.6406 0
    endloop
  endfacet
  facet normal 0 0 -1
    outer loop
      vertex 6.59955 -12.3469 0
      vertex 7.19744 12.0082 0
      vertex 7.19744 -12.0082 0
    endloop
  endfacet
  facet normal 0 0 -1
    outer loop
      vertex 6.59955 -12.3469 0
      vertex 6.59955 12.3469 0
      vertex 7.19744 12.0082 0
    endloop
  endfacet
  facet normal 0 0 -1
    outer loop
      vertex 5.98577 -12.6558 0
      vertex 6.59955 12.3469 0
      vertex 6.59955 -12.3469 0
    endloop
  endfacet
  facet normal 0 0 -1
    outer loop
      vertex 5.98577 -12.6558 0
      vertex 5.98577 12.6558 0
      vertex 6.59955 12.3469 0
    endloop
  endfacet
  facet normal 0 0 -1
    outer loop
      vertex 5.35757 -12.9343 0
      vertex 5.98577 12.6558 0
      vertex 5.98577 -12.6558 0
    endloop
  endfacet
  facet normal 0 0 -1
    outer loop
      vertex 5.35757 -12.9343 0
      vertex 5.35757 12.9343 0
      vertex 5.98577 12.6558 0
    endloop
  endfacet
  facet normal 0 0 -1
    outer loop
      vertex 4.71646 -13.1816 0
      vertex 5.35757 12.9343 0
      vertex 5.35757 -12.9343 0
    endloop
  endfacet
  facet normal 0 0 -1
    outer loop
      vertex 4.71646 -13.1816 0
      vertex 4.71646 13.1816 0
      vertex 5.35757 12.9343 0
    endloop
  endfacet
  facet normal 0 0 -1
    outer loop
      vertex 4.06398 -13.3972 0
      vertex 4.71646 13.1816 0
      vertex 4.71646 -13.1816 0
    endloop
  endfacet
  facet normal 0 0 -1
    outer loop
      vertex 4.06398 -13.3972 0
      vertex 4.06398 13.3972 0
      vertex 4.71646 13.1816 0
    endloop
  endfacet
  facet normal 0 0 -1
    outer loop
      vertex 3.40172 -13.5804 0
      vertex 4.06398 13.3972 0
      vertex 4.06398 -13.3972 0
    endloop
  endfacet
  facet normal 0 0 -1
    outer loop
      vertex 3.40172 -13.5804 0
      vertex 3.40172 13.5804 0
      vertex 4.06398 13.3972 0
    endloop
  endfacet
  facet normal 0 0 -1
    outer loop
      vertex 2.73126 -13.731 0
      vertex 3.40172 13.5804 0
      vertex 3.40172 -13.5804 0
    endloop
  endfacet
  facet normal 0 0 -1
    outer loop
      vertex 2.73126 -13.731 0
      vertex 2.73126 13.731 0
      vertex 3.40172 13.5804 0
    endloop
  endfacet
  facet normal 0 0 -1
    outer loop
      vertex 2.05423 -13.8485 0
      vertex 2.73126 13.731 0
      vertex 2.73126 -13.731 0
    endloop
  endfacet
  facet normal 0 0 -1
    outer loop
      vertex 2.05423 -13.8485 0
      vertex 2.05423 13.8485 0
      vertex 2.73126 13.731 0
    endloop
  endfacet
  facet normal 0 0 -1
    outer loop
      vertex 1.37224 -13.9326 0
      vertex 2.05423 13.8485 0
      vertex 2.05423 -13.8485 0
    endloop
  endfacet
  facet normal 0 0 -1
    outer loop
      vertex 1.37224 -13.9326 0
      vertex 1.37224 13.9326 0
      vertex 2.05423 13.8485 0
    endloop
  endfacet
  facet normal 0 0 -1
    outer loop
      vertex 0.686947 -13.9831 0
      vertex 1.37224 13.9326 0
      vertex 1.37224 -13.9326 0
    endloop
  endfacet
  facet normal 0 0 -1
    outer loop
      vertex 0.686947 -13.9831 0
      vertex 0.686947 13.9831 0
      vertex 1.37224 13.9326 0
    endloop
  endfacet
  facet normal 0 0 -1
    outer loop
      vertex 0 -14 0
      vertex 0.686947 13.9831 0
      vertex 0.686947 -13.9831 0
    endloop
  endfacet
  facet normal 0 0 -1
    outer loop
      vertex 0 -14 0
      vertex 0 14 0
      vertex 0.686947 13.9831 0
    endloop
  endfacet
  facet normal 0 0 -1
    outer loop
      vertex -0.686947 -13.9831 0
      vertex 0 14 0
      vertex 0 -14 0
    endloop
  endfacet
  facet normal 0 0 -1
    outer loop
      vertex -0.686947 -13.9831 0
      vertex -0.686947 13.9831 0
      vertex 0 14 0
    endloop
  endfacet
  facet normal 0 0 -1
    outer loop
      vertex -1.37224 -13.9326 0
      vertex -0.686947 13.9831 0
      vertex -0.686947 -13.9831 0
    endloop
  endfacet
  facet normal 0 0 -1
    outer loop
      vertex -1.37224 -13.9326 0
      vertex -1.37224 13.9326 0
      vertex -0.686947 13.9831 0
    endloop
  endfacet
  facet normal 0 0 -1
    outer loop
      vertex -2.05423 -13.8485 0
      vertex -1.37224 13.9326 0
      vertex -1.37224 -13.9326 0
    endloop
  endfacet
  facet normal 0 0 -1
    outer loop
      vertex -2.05423 -13.8485 0
      vertex -2.05423 13.8485 0
      vertex -1.37224 13.9326 0
    endloop
  endfacet
  facet normal 0 0 -1
    outer loop
      vertex -2.73126 -13.731 0
      vertex -2.05423 13.8485 0
      vertex -2.05423 -13.8485 0
    endloop
  endfacet
  facet normal 0 0 -1
    outer loop
      vertex -2.73126 -13.731 0
      vertex -2.73126 13.731 0
      vertex -2.05423 13.8485 0
    endloop
  endfacet
  facet normal 0 0 -1
    outer loop
      vertex -3.40172 -13.5804 0
      vertex -2.73126 13.731 0
      vertex -2.73126 -13.731 0
    endloop
  endfacet
  facet normal 0 0 -1
    outer loop
      vertex -3.40172 -13.5804 0
      vertex -3.40172 13.5804 0
      vertex -2.73126 13.731 0
    endloop
  endfacet
  facet normal 0 0 -1
    outer loop
      vertex -4.06398 -13.3972 0
      vertex -3.40172 13.5804 0
      vertex -3.40172 -13.5804 0
    endloop
  endfacet
  facet normal 0 0 -1
    outer loop
      vertex -4.06398 -13.3972 0
      vertex -4.06398 13.3972 0
      vertex -3.40172 13.5804 0
    endloop
  endfacet
  facet normal 0 0 -1
    outer loop
      vertex -4.71646 -13.1816 0
      vertex -4.06398 13.3972 0
      vertex -4.06398 -13.3972 0
    endloop
  endfacet
  facet normal 0 0 -1
    outer loop
      vertex -4.71646 -13.1816 0
      vertex -4.71646 13.1816 0
      vertex -4.06398 13.3972 0
    endloop
  endfacet
  facet normal 0 0 -1
    outer loop
      vertex -5.35757 -12.9343 0
      vertex -4.71646 13.1816 0
      vertex -4.71646 -13.1816 0
    endloop
  endfacet
  facet normal 0 0 -1
    outer loop
      vertex -5.35757 -12.9343 0
      vertex -5.35757 12.9343 0
      vertex -4.71646 13.1816 0
    endloop
  endfacet
  facet normal 0 0 -1
    outer loop
      vertex -5.98577 -12.6558 0
      vertex -5.35757 12.9343 0
      vertex -5.35757 -12.9343 0
    endloop
  endfacet
  facet normal 0 0 -1
    outer loop
      vertex -5.98577 -12.6558 0
      vertex -5.98577 12.6558 0
      vertex -5.35757 12.9343 0
    endloop
  endfacet
  facet normal 0 0 -1
    outer loop
      vertex -6.59955 -12.3469 0
      vertex -5.98577 12.6558 0
      vertex -5.98577 -12.6558 0
    endloop
  endfacet
  facet normal 0 0 -1
    outer loop
      vertex -6.59955 -12.3469 0
      vertex -6.59955 12.3469 0
      vertex -5.98577 12.6558 0
    endloop
  endfacet
  facet normal 0 0 -1
    outer loop
      vertex -7.19744 -12.0082 0
      vertex -6.59955 12.3469 0
      vertex -6.59955 -12.3469 0
    endloop
  endfacet
  facet normal 0 0 -1
    outer loop
      vertex -7.19744 -12.0082 0
      vertex -7.19744 12.0082 0
      vertex -6.59955 12.3469 0
    endloop
  endfacet
  facet normal 0 0 -1
    outer loop
      vertex -7.77798 -11.6406 0
      vertex -7.19744 12.0082 0
      vertex -7.19744 -12.0082 0
    endloop
  endfacet
  facet normal 0 0 -1
    outer loop
      vertex -7.77798 -11.6406 0
      vertex -7.77798 11.6406 0
      vertex -7.19744 12.0082 0
    endloop
  endfacet
  facet normal 0 0 -1
    outer loop
      vertex -8.33979 -11.2449 0
      vertex -7.77798 11.6406 0
      vertex -7.77798 -11.6406 0
    endloop
  endfacet
  facet normal 0 0 -1
    outer loop
      vertex -8.33979 -11.2449 0
      vertex -8.33979 11.2449 0
      vertex -7.77798 11.6406 0
    endloop
  endfacet
  facet normal 0 0 -1
    outer loop
      vertex -8.88151 -10.8221 0
      vertex -8.33979 11.2449 0
      vertex -8.33979 -11.2449 0
    endloop
  endfacet
  facet normal 0 0 -1
    outer loop
      vertex -8.88151 -10.8221 0
      vertex -8.88151 10.8221 0
      vertex -8.33979 11.2449 0
    endloop
  endfacet
  facet normal 0 0 -1
    outer loop
      vertex -9.40182 -10.3733 0
      vertex -8.88151 10.8221 0
      vertex -8.88151 -10.8221 0
    endloop
  endfacet
  facet normal 0 0 -1
    outer loop
      vertex -9.40182 -10.3733 0
      vertex -9.40182 10.3733 0
      vertex -8.88151 10.8221 0
    endloop
  endfacet
  facet normal 0 0 -1
    outer loop
      vertex -9.89949 -9.89949 0
      vertex -9.40182 10.3733 0
      vertex -9.40182 -10.3733 0
    endloop
  endfacet
  facet normal 0 0 -1
    outer loop
      vertex -9.89949 -9.89949 0
      vertex -9.89949 9.89949 0
      vertex -9.40182 10.3733 0
    endloop
  endfacet
  facet normal 0 0 -1
    outer loop
      vertex -10.3733 -9.40182 0
      vertex -9.89949 9.89949 0
      vertex -9.89949 -9.89949 0
    endloop
  endfacet
  facet normal 0 0 -1
    outer loop
      vertex -10.3733 -9.40182 0
      vertex -10.3733 9.40182 0
      vertex -9.89949 9.89949 0
    endloop
  endfacet
  facet normal 0 0 -1
    outer loop
      vertex -10.8221 -8.88151 0
      vertex -10.3733 9.40182 0
      vertex -10.3733 -9.40182 0
    endloop
  endfacet
  facet normal 0 0 -1
    outer loop
      vertex -10.8221 -8.88151 0
      vertex -10.8221 8.88151 0
      vertex -10.3733 9.40182 0
    endloop
  endfacet
  facet normal 0 0 -1
    outer loop
      vertex -11.2449 -8.33979 0
      vertex -10.8221 8.88151 0
      vertex -10.8221 -8.88151 0
    endloop
  endfacet
  facet normal 0 0 -1
    outer loop
      vertex -11.2449 -8.33979 0
      vertex -11.2449 8.33979 0
      vertex -10.8221 8.88151 0
    endloop
  endfacet
  facet normal 0 0 -1
    outer loop
      vertex -11.6406 -7.77798 0
      vertex -11.2449 8.33979 0
      vertex -11.2449 -8.33979 0
    endloop
  endfacet
  facet normal 0 0 -1
    outer loop
      vertex -11.6406 -7.77798 0
      vertex -11.6406 7.77798 0
      vertex -11.2449 8.33979 0
    endloop
  endfacet
  facet normal 0 0 -1
    outer loop
      vertex -12.0082 -7.19744 0
      vertex -11.6406 7.77798 0
      vertex -11.6406 -7.77798 0
    endloop
  endfacet
  facet normal 0 0 -1
    outer loop
      vertex -12.0082 -7.19744 0
      vertex -12.0082 7.19744 0
      vertex -11.6406 7.77798 0
    endloop
  endfacet
  facet normal 0 0 -1
    outer loop
      vertex -12.3469 -6.59955 0
      vertex -12.0082 7.19744 0
      vertex -12.0082 -7.19744 0
    endloop
  endfacet
  facet normal 0 0 -1
    outer loop
      vertex -12.3469 -6.59955 0
      vertex -12.3469 6.59955 0
      vertex -12.0082 7.19744 0
    endloop
  endfacet
  facet normal 0 0 -1
    outer loop
      vertex -12.6558 -5.98577 0
      vertex -12.3469 6.59955 0
      vertex -12.3469 -6.59955 0
    endloop
  endfacet
  facet normal 0 0 -1
    outer loop
      vertex -12.6558 -5.98577 0
      vertex -12.6558 5.98577 0
      vertex -12.3469 6.59955 0
    endloop
  endfacet
  facet normal 0 0 -1
    outer loop
      vertex -12.9343 -5.35757 0
      vertex -12.6558 5.98577 0
      vertex -12.6558 -5.98577 0
    endloop
  endfacet
  facet normal 0 0 -1
    outer loop
      vertex -12.9343 -5.35757 0
      vertex -12.9343 5.35757 0
      vertex -12.6558 5.98577 0
    endloop
  endfacet
  facet normal 0 0 -1
    outer loop
      vertex -13.1816 -4.71646 0
      vertex -12.9343 5.35757 0
      vertex -12.9343 -5.35757 0
    endloop
  endfacet
  facet normal 0 0 -1
    outer loop
      vertex -13.1816 -4.71646 0
      vertex -13.1816 4.71646 0
      vertex -12.9343 5.35757 0
    endloop
  endfacet
  facet normal 0 0 -1
    outer loop
      vertex -13.3972 -4.06398 0
      vertex -13.1816 4.71646 0
      vertex -13.1816 -4.71646 0
    endloop
  endfacet
  facet normal 0 0 -1
    outer loop
      vertex -13.3972 -4.06398 0
      vertex -13.3972 4.06398 0
      vertex -13.1816 4.71646 0
    endloop
  endfacet
  facet normal 0 0 -1
    outer loop
      vertex -13.5804 -3.40172 0
      vertex -13.3972 4.06398 0
      vertex -13.3972 -4.06398 0
    endloop
  endfacet
  facet normal 0 0 -1
    outer loop
      vertex -13.5804 -3.40172 0
      vertex -13.5804 3.40172 0
      vertex -13.3972 4.06398 0
    endloop
  endfacet
  facet normal 0 0 -1
    outer loop
      vertex -13.731 -2.73126 0
      vertex -13.5804 3.40172 0
      vertex -13.5804 -3.40172 0
    endloop
  endfacet
  facet normal 0 0 -1
    outer loop
      vertex -13.731 -2.73126 0
      vertex -13.731 2.73126 0
      vertex -13.5804 3.40172 0
    endloop
  endfacet
  facet normal 0 0 -1
    outer loop
      vertex -13.8485 -2.05423 0
      vertex -13.731 2.73126 0
      vertex -13.731 -2.73126 0
    endloop
  endfacet
  facet normal 0 0 -1
    outer loop
      vertex -13.8485 -2.05423 0
      vertex -13.8485 2.05423 0
      vertex -13.731 2.73126 0
    endloop
  endfacet
  facet normal 0 0 -1
    outer loop
      vertex -13.9326 -1.37224 0
      vertex -13.8485 2.05423 0
      vertex -13.8485 -2.05423 0
    endloop
  endfacet
  facet normal 0 0 -1
    outer loop
      vertex -13.9326 -1.37224 0
      vertex -13.9326 1.37224 0
      vertex -13.8485 2.05423 0
    endloop
  endfacet
  facet normal 0 0 -1
    outer loop
      vertex -13.9831 -0.686947 0
      vertex -13.9326 1.37224 0
      vertex -13.9326 -1.37224 0
    endloop
  endfacet
  facet normal 0 0 -1
    outer loop
      vertex -13.9831 -0.686947 0
      vertex -13.9831 0.686947 0
      vertex -13.9326 1.37224 0
    endloop
  endfacet
  facet normal 0 -0 -1
    outer loop
      vertex -13.9831 0.686947 0
      vertex -13.9831 -0.686947 0
      vertex -14 0 0
    endloop
  endfacet
  facet normal 0.997296 0.0734918 0
    outer loop
      vertex 13.9831 0.686947 2
      vertex 13.9326 1.37224 0
      vertex 13.9326 1.37224 2
    endloop
  endfacet
  facet normal 0.997296 0.0734918 0
    outer loop
      vertex 13.9326 1.37224 0
      vertex 13.9831 0.686947 2
      vertex 13.9831 0.686947 0
    endloop
  endfacet
  facet normal 0.949507 0.313747 0
    outer loop
      vertex 13.3972 4.06398 2
      vertex 13.1816 4.71646 0
      vertex 13.1816 4.71646 2
    endloop
  endfacet
  facet normal 0.949507 0.313747 0
    outer loop
      vertex 13.1816 4.71646 0
      vertex 13.3972 4.06398 2
      vertex 13.3972 4.06398 0
    endloop
  endfacet
  facet normal 0.914189 0.405288 0
    outer loop
      vertex 12.9343 5.35757 2
      vertex 12.6558 5.98577 0
      vertex 12.6558 5.98577 2
    endloop
  endfacet
  facet normal 0.914189 0.405288 0
    outer loop
      vertex 12.6558 5.98577 0
      vertex 12.9343 5.35757 2
      vertex 12.9343 5.35757 0
    endloop
  endfacet
  facet normal 0.932994 0.359891 0
    outer loop
      vertex 13.1816 4.71646 2
      vertex 12.9343 5.35757 0
      vertex 12.9343 5.35757 2
    endloop
  endfacet
  facet normal 0.932994 0.359891 0
    outer loop
      vertex 12.9343 5.35757 0
      vertex 13.1816 4.71646 2
      vertex 13.1816 4.71646 0
    endloop
  endfacet
  facet normal 0.844869 0.534974 0
    outer loop
      vertex 12.0082 7.19744 2
      vertex 11.6406 7.77798 0
      vertex 11.6406 7.77798 2
    endloop
  endfacet
  facet normal 0.844869 0.534974 0
    outer loop
      vertex 11.6406 7.77798 0
      vertex 12.0082 7.19744 2
      vertex 12.0082 7.19744 0
    endloop
  endfacet
  facet normal 0.893254 0.449552 0
    outer loop
      vertex 12.6558 5.98577 2
      vertex 12.3469 6.59955 0
      vertex 12.3469 6.59955 2
    endloop
  endfacet
  facet normal 0.893254 0.449552 0
    outer loop
      vertex 12.3469 6.59955 0
      vertex 12.6558 5.98577 2
      vertex 12.6558 5.98577 0
    endloop
  endfacet
  facet normal 0.817565 0.575836 0
    outer loop
      vertex 11.6406 7.77798 2
      vertex 11.2449 8.33979 0
      vertex 11.2449 8.33979 2
    endloop
  endfacet
  facet normal 0.817565 0.575836 0
    outer loop
      vertex 11.2449 8.33979 0
      vertex 11.6406 7.77798 2
      vertex 11.6406 7.77798 0
    endloop
  endfacet
  facet normal 0.757225 0.653154 0
    outer loop
      vertex 10.8221 8.88151 2
      vertex 10.3733 9.40182 0
      vertex 10.3733 9.40182 2
    endloop
  endfacet
  facet normal 0.757225 0.653154 0
    outer loop
      vertex 10.3733 9.40182 0
      vertex 10.8221 8.88151 2
      vertex 10.8221 8.88151 0
    endloop
  endfacet
  facet normal 0.689532 0.724255 -0
    outer loop
      vertex 9.89949 9.89949 0
      vertex 9.40182 10.3733 2
      vertex 9.89949 9.89949 2
    endloop
  endfacet
  facet normal 0.689532 0.724255 0
    outer loop
      vertex 9.40182 10.3733 2
      vertex 9.89949 9.89949 0
      vertex 9.40182 10.3733 0
    endloop
  endfacet
  facet normal 0.724255 0.689532 0
    outer loop
      vertex 10.3733 9.40182 2
      vertex 9.89949 9.89949 0
      vertex 9.89949 9.89949 2
    endloop
  endfacet
  facet normal 0.724255 0.689532 0
    outer loop
      vertex 9.89949 9.89949 0
      vertex 10.3733 9.40182 2
      vertex 10.3733 9.40182 0
    endloop
  endfacet
  facet normal 0.653154 0.757225 -0
    outer loop
      vertex 9.40182 10.3733 0
      vertex 8.88151 10.8221 2
      vertex 9.40182 10.3733 2
    endloop
  endfacet
  facet normal 0.653154 0.757225 0
    outer loop
      vertex 8.88151 10.8221 2
      vertex 9.40182 10.3733 0
      vertex 8.88151 10.8221 0
    endloop
  endfacet
  facet normal 0.534974 0.844869 -0
    outer loop
      vertex 7.77798 11.6406 0
      vertex 7.19744 12.0082 2
      vertex 7.77798 11.6406 2
    endloop
  endfacet
  facet normal 0.534974 0.844869 0
    outer loop
      vertex 7.19744 12.0082 2
      vertex 7.77798 11.6406 0
      vertex 7.19744 12.0082 0
    endloop
  endfacet
  facet normal 0.615266 0.78832 -0
    outer loop
      vertex 8.88151 10.8221 0
      vertex 8.33979 11.2449 2
      vertex 8.88151 10.8221 2
    endloop
  endfacet
  facet normal 0.615266 0.78832 0
    outer loop
      vertex 8.33979 11.2449 2
      vertex 8.88151 10.8221 0
      vertex 8.33979 11.2449 0
    endloop
  endfacet
  facet normal 0.449552 0.893254 -0
    outer loop
      vertex 6.59955 12.3469 0
      vertex 5.98577 12.6558 2
      vertex 6.59955 12.3469 2
    endloop
  endfacet
  facet normal 0.449552 0.893254 0
    outer loop
      vertex 5.98577 12.6558 2
      vertex 6.59955 12.3469 0
      vertex 5.98577 12.6558 0
    endloop
  endfacet
  facet normal 0.359891 0.932994 -0
    outer loop
      vertex 5.35757 12.9343 0
      vertex 4.71646 13.1816 2
      vertex 5.35757 12.9343 2
    endloop
  endfacet
  facet normal 0.359891 0.932994 0
    outer loop
      vertex 4.71646 13.1816 2
      vertex 5.35757 12.9343 0
      vertex 4.71646 13.1816 0
    endloop
  endfacet
  facet normal 0.405288 0.914189 -0
    outer loop
      vertex 5.98577 12.6558 0
      vertex 5.35757 12.9343 2
      vertex 5.98577 12.6558 2
    endloop
  endfacet
  facet normal 0.405288 0.914189 0
    outer loop
      vertex 5.35757 12.9343 2
      vertex 5.98577 12.6558 0
      vertex 5.35757 12.9343 0
    endloop
  endfacet
  facet normal 0.313747 0.949507 -0
    outer loop
      vertex 4.71646 13.1816 0
      vertex 4.06398 13.3972 2
      vertex 4.71646 13.1816 2
    endloop
  endfacet
  facet normal 0.313747 0.949507 0
    outer loop
      vertex 4.06398 13.3972 2
      vertex 4.71646 13.1816 0
      vertex 4.06398 13.3972 0
    endloop
  endfacet
  facet normal 0.266615 0.963803 -0
    outer loop
      vertex 4.06398 13.3972 0
      vertex 3.40172 13.5804 2
      vertex 4.06398 13.3972 2
    endloop
  endfacet
  facet normal 0.266615 0.963803 0
    outer loop
      vertex 3.40172 13.5804 2
      vertex 4.06398 13.3972 0
      vertex 3.40172 13.5804 0
    endloop
  endfacet
  facet normal 0.219161 0.975689 -0
    outer loop
      vertex 3.40172 13.5804 0
      vertex 2.73126 13.731 2
      vertex 3.40172 13.5804 2
    endloop
  endfacet
  facet normal 0.219161 0.975689 0
    outer loop
      vertex 2.73126 13.731 2
      vertex 3.40172 13.5804 0
      vertex 2.73126 13.731 0
    endloop
  endfacet
  facet normal 0.122389 0.992482 -0
    outer loop
      vertex 2.05423 13.8485 0
      vertex 1.37224 13.9326 2
      vertex 2.05423 13.8485 2
    endloop
  endfacet
  facet normal 0.122389 0.992482 0
    outer loop
      vertex 1.37224 13.9326 2
      vertex 2.05423 13.8485 0
      vertex 1.37224 13.9326 0
    endloop
  endfacet
  facet normal -0.999698 0.0245942 0
    outer loop
      vertex -14 0 0
      vertex -13.9831 0.686947 2
      vertex -13.9831 0.686947 0
    endloop
  endfacet
  facet normal -0.999698 0.0245942 0
    outer loop
      vertex -13.9831 0.686947 2
      vertex -14 0 0
      vertex -14 0 2
    endloop
  endfacet
  facet normal 0 0 1
    outer loop
      vertex -11.1177 2.4281 2
      vertex -11.1368 2.44723 2
      vertex -11.1177 2.27517 2
    endloop
  endfacet
  facet normal 0 0 1
    outer loop
      vertex -7.00711 0.803011 2
      vertex -6.75856 0.841231 2
      vertex -6.81593 0.860355 2
    endloop
  endfacet
  facet normal -0 0 1
    outer loop
      vertex -7.00711 0.803011 2
      vertex -7.12183 0.650047 2
      vertex -6.75856 0.841231 2
    endloop
  endfacet
  facet normal 0 0 1
    outer loop
      vertex -7.00711 0.803011 2
      vertex -7.16008 0.650047 2
      vertex -7.12183 0.650047 2
    endloop
  endfacet
  facet normal -0 0 1
    outer loop
      vertex -7.37038 0.745639 2
      vertex -7.16008 0.650047 2
      vertex -7.00711 0.803011 2
    endloop
  endfacet
  facet normal 0 0 1
    outer loop
      vertex -7.59982 0.439739 2
      vertex -7.37038 0.745639 2
      vertex -7.56157 0.688295 2
    endloop
  endfacet
  facet normal 0 0 1
    outer loop
      vertex -7.37038 0.745639 2
      vertex -7.59982 0.439739 2
      vertex -7.16008 0.650047 2
    endloop
  endfacet
  facet normal 0 0 1
    outer loop
      vertex -7.65716 0.669171 2
      vertex -7.56157 0.688295 2
      vertex -7.63804 0.688295 2
    endloop
  endfacet
  facet normal 0 0 1
    outer loop
      vertex -7.56157 0.688295 2
      vertex -7.65716 0.669171 2
      vertex -7.59982 0.439739 2
    endloop
  endfacet
  facet normal 0 0 1
    outer loop
      vertex -7.65716 0.669171 2
      vertex -7.69541 0.420615 2
      vertex -7.59982 0.439739 2
    endloop
  endfacet
  facet normal 0 0 1
    outer loop
      vertex -7.65716 0.669171 2
      vertex -7.84834 0.344147 2
      vertex -7.69541 0.420615 2
    endloop
  endfacet
  facet normal -0 0 1
    outer loop
      vertex -8.0969 0.611799 2
      vertex -7.84834 0.344147 2
      vertex -7.65716 0.669171 2
    endloop
  endfacet
  facet normal -0 0 1
    outer loop
      vertex -8.11602 0.592675 2
      vertex -7.84834 0.344147 2
      vertex -8.0969 0.611799 2
    endloop
  endfacet
  facet normal 0 0 1
    outer loop
      vertex -8.24986 0.573579 2
      vertex -8.11602 0.592675 2
      vertex -8.23074 0.592675 2
    endloop
  endfacet
  facet normal 0 0 1
    outer loop
      vertex -8.11602 0.592675 2
      vertex -8.24986 0.573579 2
      vertex -7.84834 0.344147 2
    endloop
  endfacet
  facet normal 0 0 1
    outer loop
      vertex -8.38368 0.554455 2
      vertex -8.24986 0.573579 2
      vertex -8.36455 0.573579 2
    endloop
  endfacet
  facet normal 0 0 1
    outer loop
      vertex -8.42192 0.152964 2
      vertex -8.24986 0.573579 2
      vertex -8.38368 0.554455 2
    endloop
  endfacet
  facet normal 0 0 1
    outer loop
      vertex -8.24986 0.573579 2
      vertex -8.42192 0.152964 2
      vertex -7.84834 0.344147 2
    endloop
  endfacet
  facet normal 0 0 1
    outer loop
      vertex -8.38368 0.554455 2
      vertex -8.47927 0.152964 2
      vertex -8.42192 0.152964 2
    endloop
  endfacet
  facet normal -0 0 1
    outer loop
      vertex -8.80429 0.535331 2
      vertex -8.47927 0.152964 2
      vertex -8.38368 0.554455 2
    endloop
  endfacet
  facet normal 0 0 1
    outer loop
      vertex -8.47927 0.152964 2
      vertex -8.61311 0.114716 2
      vertex -8.55576 0.114716 2
    endloop
  endfacet
  facet normal 0 0 1
    outer loop
      vertex -8.47927 0.152964 2
      vertex -8.80429 0.535331 2
      vertex -8.61311 0.114716 2
    endloop
  endfacet
  facet normal -0 0 1
    outer loop
      vertex -8.82342 0.516208 2
      vertex -8.61311 0.114716 2
      vertex -8.80429 0.535331 2
    endloop
  endfacet
  facet normal 0 -0 1
    outer loop
      vertex -8.74695 0.0764675 2
      vertex -8.61311 0.114716 2
      vertex -8.82342 0.516208 2
    endloop
  endfacet
  facet normal 0 0 1
    outer loop
      vertex -8.61311 0.114716 2
      vertex -8.74695 0.0764675 2
      vertex -8.68958 0.0764675 2
    endloop
  endfacet
  facet normal 0 0 1
    outer loop
      vertex -8.82342 0.516208 2
      vertex -9.07197 -0.019124 2
      vertex -8.74695 0.0764675 2
    endloop
  endfacet
  facet normal -0 0 1
    outer loop
      vertex -9.37787 0.516208 2
      vertex -9.07197 -0.019124 2
      vertex -8.82342 0.516208 2
    endloop
  endfacet
  facet normal 0 0 1
    outer loop
      vertex -9.07197 -0.019124 2
      vertex -9.37787 0.516208 2
      vertex -9.14844 -0.019124 2
    endloop
  endfacet
  facet normal 0 -0 1
    outer loop
      vertex -9.32053 -0.0573435 2
      vertex -9.14844 -0.019124 2
      vertex -9.37787 0.516208 2
    endloop
  endfacet
  facet normal 0 0 1
    outer loop
      vertex -9.14844 -0.019124 2
      vertex -9.32053 -0.0573435 2
      vertex -9.24403 -0.0573435 2
    endloop
  endfacet
  facet normal 0 0 1
    outer loop
      vertex -9.41612 -0.0764675 2
      vertex -9.32053 -0.0573435 2
      vertex -9.37787 0.516208 2
    endloop
  endfacet
  facet normal 0 0 1
    outer loop
      vertex -9.68377 0.554455 2
      vertex -9.37787 0.516208 2
      vertex -9.397 0.535331 2
    endloop
  endfacet
  facet normal 0 0 1
    outer loop
      vertex -9.32053 -0.0573435 2
      vertex -9.41612 -0.0764675 2
      vertex -9.33962 -0.0764675 2
    endloop
  endfacet
  facet normal 0 0 1
    outer loop
      vertex -9.37787 0.516208 2
      vertex -9.51171 -0.0955915 2
      vertex -9.41612 -0.0764675 2
    endloop
  endfacet
  facet normal 0 0 1
    outer loop
      vertex -9.41612 -0.0764675 2
      vertex -9.51171 -0.0955915 2
      vertex -9.43522 -0.0955915 2
    endloop
  endfacet
  facet normal 0 0 1
    outer loop
      vertex -9.37787 0.516208 2
      vertex -9.68377 0.554455 2
      vertex -9.51171 -0.0955915 2
    endloop
  endfacet
  facet normal 0 -0 1
    outer loop
      vertex -9.6073 -0.114716 2
      vertex -9.51171 -0.0955915 2
      vertex -9.68377 0.554455 2
    endloop
  endfacet
  facet normal 0 0 1
    outer loop
      vertex -9.51171 -0.0955915 2
      vertex -9.6073 -0.114716 2
      vertex -9.53084 -0.114716 2
    endloop
  endfacet
  facet normal 0 0 1
    outer loop
      vertex -9.68377 0.554455 2
      vertex -9.72202 -0.152964 2
      vertex -9.6073 -0.114716 2
    endloop
  endfacet
  facet normal 0 0 1
    outer loop
      vertex -9.68377 0.554455 2
      vertex -9.9132 -0.17206 2
      vertex -9.72202 -0.152964 2
    endloop
  endfacet
  facet normal 0 0 1
    outer loop
      vertex -9.98967 0.650047 2
      vertex -9.9132 -0.17206 2
      vertex -9.68377 0.554455 2
    endloop
  endfacet
  facet normal 0 0 1
    outer loop
      vertex -9.98967 0.650047 2
      vertex -10.0088 -0.210307 2
      vertex -9.9132 -0.17206 2
    endloop
  endfacet
  facet normal 0 0 1
    outer loop
      vertex -10.3147 0.841231 2
      vertex -10.0088 -0.210307 2
      vertex -9.98967 0.650047 2
    endloop
  endfacet
  facet normal 0 0 1
    outer loop
      vertex -10.0088 -0.210307 2
      vertex -10.3147 0.841231 2
      vertex -10.047 -0.286776 2
    endloop
  endfacet
  facet normal 0 0 1
    outer loop
      vertex -10.0279 -0.3059 2
      vertex -10.047 -0.286776 2
      vertex -10.0279 -0.363272 2
    endloop
  endfacet
  facet normal 0 0 1
    outer loop
      vertex -9.93233 6.95932 2
      vertex -9.95145 6.97844 2
      vertex -9.93233 6.8446 2
    endloop
  endfacet
  facet normal 0 0 1
    outer loop
      vertex -9.9132 6.82548 2
      vertex -9.93233 6.8446 2
      vertex -9.9132 6.74901 2
    endloop
  endfacet
  facet normal 0 0 1
    outer loop
      vertex -5.40112 -0.401492 2
      vertex -5.8982 -1.10891 2
      vertex -5.38199 -0.439739 2
    endloop
  endfacet
  facet normal -0 0 1
    outer loop
      vertex -6.33794 -0.975072 2
      vertex -5.8982 -1.10891 2
      vertex -5.40112 -0.401492 2
    endloop
  endfacet
  facet normal 0 0 1
    outer loop
      vertex -5.8982 -1.10891 2
      vertex -6.33794 -0.975072 2
      vertex -6.08941 -1.31922 2
    endloop
  endfacet
  facet normal 0 0 1
    outer loop
      vertex -6.33794 -0.975072 2
      vertex -6.64387 -1.87368 2
      vertex -6.08941 -1.31922 2
    endloop
  endfacet
  facet normal -0 0 1
    outer loop
      vertex -7.04536 -1.33834 2
      vertex -6.64387 -1.87368 2
      vertex -6.33794 -0.975072 2
    endloop
  endfacet
  facet normal 0 0 1
    outer loop
      vertex -6.64387 -1.87368 2
      vertex -7.04536 -1.33834 2
      vertex -6.87327 -2.06486 2
    endloop
  endfacet
  facet normal 0 0 1
    outer loop
      vertex -6.87327 -2.06486 2
      vertex -7.31301 -1.45303 2
      vertex -7.02624 -2.23692 2
    endloop
  endfacet
  facet normal -0 0 1
    outer loop
      vertex -7.31301 -1.45303 2
      vertex -6.87327 -2.06486 2
      vertex -7.04536 -1.33834 2
    endloop
  endfacet
  facet normal 0 0 1
    outer loop
      vertex -2.78183 -1.14713 2
      vertex -2.72446 -1.28097 2
      vertex -2.72446 -1.24272 2
    endloop
  endfacet
  facet normal 0 0 1
    outer loop
      vertex -2.72446 -1.28097 2
      vertex -3.43185 -1.5104 2
      vertex -2.72446 -2.5237 2
    endloop
  endfacet
  facet normal 0 0 1
    outer loop
      vertex -2.72446 -1.28097 2
      vertex -2.78183 -1.14713 2
      vertex -3.43185 -1.5104 2
    endloop
  endfacet
  facet normal 0 0 1
    outer loop
      vertex -2.87742 -0.9177 2
      vertex -2.78183 -1.14713 2
      vertex -2.8583 -0.936824 2
    endloop
  endfacet
  facet normal 0 0 1
    outer loop
      vertex -2.78183 -1.14713 2
      vertex -2.87742 -0.9177 2
      vertex -3.43185 -1.5104 2
    endloop
  endfacet
  facet normal -0 0 1
    outer loop
      vertex -3.75687 -1.79718 2
      vertex -2.72446 -2.5237 2
      vertex -3.43185 -1.5104 2
    endloop
  endfacet
  facet normal 0 0 1
    outer loop
      vertex -2.72446 -2.5237 2
      vertex -3.75687 -1.79718 2
      vertex -2.7627 -2.58107 2
    endloop
  endfacet
  facet normal 0 0 1
    outer loop
      vertex -2.7627 -2.58107 2
      vertex -3.75687 -1.79718 2
      vertex -2.89652 -2.98256 2
    endloop
  endfacet
  facet normal -0 0 1
    outer loop
      vertex -4.38782 -2.23692 2
      vertex -2.89652 -2.98256 2
      vertex -3.75687 -1.79718 2
    endloop
  endfacet
  facet normal 0 0 1
    outer loop
      vertex -2.89652 -2.98256 2
      vertex -4.38782 -2.23692 2
      vertex -3.27891 -3.46055 2
    endloop
  endfacet
  facet normal 0 0 1
    outer loop
      vertex -3.27891 -3.46055 2
      vertex -4.38782 -2.23692 2
      vertex -3.39363 -3.63261 2
    endloop
  endfacet
  facet normal -0 0 1
    outer loop
      vertex -4.71285 -2.40901 2
      vertex -3.39363 -3.63261 2
      vertex -4.38782 -2.23692 2
    endloop
  endfacet
  facet normal 0 0 1
    outer loop
      vertex -3.39363 -3.63261 2
      vertex -4.71285 -2.40901 2
      vertex -3.75687 -4.015 2
    endloop
  endfacet
  facet normal 0 0 1
    outer loop
      vertex -3.75687 -4.015 2
      vertex -4.71285 -2.40901 2
      vertex -4.40692 -4.16794 2
    endloop
  endfacet
  facet normal -0 0 1
    outer loop
      vertex -4.84666 -2.46635 2
      vertex -4.40692 -4.16794 2
      vertex -4.71285 -2.40901 2
    endloop
  endfacet
  facet normal 0 0 1
    outer loop
      vertex -4.84666 -2.46635 2
      vertex -4.71285 -2.40901 2
      vertex -4.75107 -2.40901 2
    endloop
  endfacet
  facet normal -0 0 1
    outer loop
      vertex -5.11434 -2.56194 2
      vertex -4.40692 -4.16794 2
      vertex -4.84666 -2.46635 2
    endloop
  endfacet
  facet normal 0 0 1
    outer loop
      vertex -4.40692 -4.16794 2
      vertex -5.11434 -2.56194 2
      vertex -4.63635 -4.24441 2
    endloop
  endfacet
  facet normal -0 0 1
    outer loop
      vertex -5.34377 -2.61932 2
      vertex -4.63635 -4.24441 2
      vertex -5.11434 -2.56194 2
    endloop
  endfacet
  facet normal 0 0 1
    outer loop
      vertex -4.63635 -4.24441 2
      vertex -5.34377 -2.61932 2
      vertex -4.96138 -4.39737 2
    endloop
  endfacet
  facet normal 0 0 1
    outer loop
      vertex -5.34377 -2.61932 2
      vertex -5.11434 -2.56194 2
      vertex -5.32465 -2.60019 2
    endloop
  endfacet
  facet normal -0 0 1
    outer loop
      vertex -5.43936 -2.63841 2
      vertex -4.96138 -4.39737 2
      vertex -5.34377 -2.61932 2
    endloop
  endfacet
  facet normal -0 0 1
    outer loop
      vertex -5.82173 -2.67666 2
      vertex -4.96138 -4.39737 2
      vertex -5.43936 -2.63841 2
    endloop
  endfacet
  facet normal 0 0 1
    outer loop
      vertex -5.43936 -2.63841 2
      vertex -5.34377 -2.61932 2
      vertex -5.42024 -2.61932 2
    endloop
  endfacet
  facet normal 0 0 1
    outer loop
      vertex -4.96138 -4.39737 2
      vertex -5.82173 -2.67666 2
      vertex -5.17168 -4.55034 2
    endloop
  endfacet
  facet normal 0 0 1
    outer loop
      vertex -5.17168 -4.55034 2
      vertex -5.82173 -2.67666 2
      vertex -5.34377 -4.74152 2
    endloop
  endfacet
  facet normal 0 0 1
    outer loop
      vertex -6.24235 -2.63841 2
      vertex -5.34377 -4.74152 2
      vertex -5.82173 -2.67666 2
    endloop
  endfacet
  facet normal 0 0 1
    outer loop
      vertex -5.34377 -4.74152 2
      vertex -6.24235 -2.63841 2
      vertex -5.42024 -4.89446 2
    endloop
  endfacet
  facet normal 0 0 1
    outer loop
      vertex -5.82173 -2.67666 2
      vertex -5.43936 -2.63841 2
      vertex -5.80261 -2.65754 2
    endloop
  endfacet
  facet normal 0 0 1
    outer loop
      vertex -2.72446 -1.28097 2
      vertex -2.4759 -1.79718 2
      vertex -2.4759 -1.75896 2
    endloop
  endfacet
  facet normal 0 0 1
    outer loop
      vertex -2.4759 -1.79718 2
      vertex -2.72446 -1.28097 2
      vertex -2.60974 -2.2178 2
    endloop
  endfacet
  facet normal 0 0 1
    outer loop
      vertex -2.60974 -2.2178 2
      vertex -2.72446 -1.28097 2
      vertex -2.68621 -2.37076 2
    endloop
  endfacet
  facet normal 0 0 1
    outer loop
      vertex -2.68621 -2.37076 2
      vertex -2.72446 -1.28097 2
      vertex -2.72446 -2.5237 2
    endloop
  endfacet
  facet normal 0 0 1
    outer loop
      vertex -3.776 -5.0283 2
      vertex -3.81424 -4.95183 2
      vertex -3.776 -5.12389 2
    endloop
  endfacet
  facet normal 0 0 1
    outer loop
      vertex -3.776 -5.12389 2
      vertex -3.75687 -5.35332 2
      vertex -3.75687 -5.14301 2
    endloop
  endfacet
  facet normal 0 0 1
    outer loop
      vertex -4.25398 -4.89446 2
      vertex -3.75687 -5.35332 2
      vertex -3.776 -5.12389 2
    endloop
  endfacet
  facet normal 0 0 1
    outer loop
      vertex -2.43768 -5.25773 2
      vertex -3.03036 -4.81799 2
      vertex -3.01123 -5.04742 2
    endloop
  endfacet
  facet normal 0 0 1
    outer loop
      vertex -2.01706 -4.6268 2
      vertex -3.04948 -4.60768 2
      vertex -3.03036 -4.81799 2
    endloop
  endfacet
  facet normal -0 0 1
    outer loop
      vertex -3.0686 -4.37825 2
      vertex -3.04948 -4.60768 2
      vertex -2.89652 -4.09147 2
    endloop
  endfacet
  facet normal 0 0 1
    outer loop
      vertex -3.04948 -4.60768 2
      vertex -3.0686 -4.37825 2
      vertex -3.0686 -4.58856 2
    endloop
  endfacet
  facet normal 0 0 1
    outer loop
      vertex -1.38614 -3.02081 2
      vertex -1.40524 -3.23112 2
      vertex -1.38614 -3.21199 2
    endloop
  endfacet
  facet normal 0 0 1
    outer loop
      vertex -1.42436 -2.96344 2
      vertex -1.40524 -3.23112 2
      vertex -1.38614 -3.02081 2
    endloop
  endfacet
  facet normal 0 0 1
    outer loop
      vertex -2.4568 -3.53702 2
      vertex -1.40524 -3.23112 2
      vertex -1.42436 -2.96344 2
    endloop
  endfacet
  facet normal 0 0 1
    outer loop
      vertex -1.40524 -3.23112 2
      vertex -1.42436 -3.34583 2
      vertex -1.40524 -3.32671 2
    endloop
  endfacet
  facet normal 0 0 1
    outer loop
      vertex -1.40524 -3.23112 2
      vertex -2.4568 -3.53702 2
      vertex -1.42436 -3.34583 2
    endloop
  endfacet
  facet normal 0 0 1
    outer loop
      vertex -1.42436 -3.34583 2
      vertex -2.4568 -3.53702 2
      vertex -1.44348 -3.47967 2
    endloop
  endfacet
  facet normal 0 0 1
    outer loop
      vertex -2.4568 -3.53702 2
      vertex -1.53908 -3.7282 2
      vertex -1.53908 -3.68998 2
    endloop
  endfacet
  facet normal 0 0 1
    outer loop
      vertex -1.44348 -3.47967 2
      vertex -2.4568 -3.53702 2
      vertex -1.53908 -3.68998 2
    endloop
  endfacet
  facet normal 0 0 1
    outer loop
      vertex -1.53908 -3.7282 2
      vertex -2.4568 -3.53702 2
      vertex -1.76851 -4.18706 2
    endloop
  endfacet
  facet normal 0 0 1
    outer loop
      vertex -1.76851 -4.18706 2
      vertex -2.4568 -3.53702 2
      vertex -1.80676 -4.22531 2
    endloop
  endfacet
  facet normal -0 0 1
    outer loop
      vertex -2.89652 -4.09147 2
      vertex -1.80676 -4.22531 2
      vertex -2.4568 -3.53702 2
    endloop
  endfacet
  facet normal 0 0 1
    outer loop
      vertex -1.80676 -4.22531 2
      vertex -2.89652 -4.09147 2
      vertex -2.01706 -4.6268 2
    endloop
  endfacet
  facet normal -0 0 1
    outer loop
      vertex -3.04948 -4.60768 2
      vertex -2.01706 -4.6268 2
      vertex -2.89652 -4.09147 2
    endloop
  endfacet
  facet normal -0 0 1
    outer loop
      vertex -3.03036 -4.81799 2
      vertex -2.43768 -5.25773 2
      vertex -2.01706 -4.6268 2
    endloop
  endfacet
  facet normal 0 0 1
    outer loop
      vertex -2.43768 -5.25773 2
      vertex -3.01123 -5.04742 2
      vertex -2.4568 -5.31507 2
    endloop
  endfacet
  facet normal 0 0 1
    outer loop
      vertex -3.01123 -5.35332 2
      vertex -2.4568 -5.31507 2
      vertex -3.01123 -5.04742 2
    endloop
  endfacet
  facet normal 0 0 1
    outer loop
      vertex -3.0686 -5.46804 2
      vertex -2.4568 -5.31507 2
      vertex -3.01123 -5.35332 2
    endloop
  endfacet
  facet normal 0 0 1
    outer loop
      vertex -3.1642 -5.56363 2
      vertex -2.4568 -5.31507 2
      vertex -3.0686 -5.46804 2
    endloop
  endfacet
  facet normal 0 0 1
    outer loop
      vertex -3.71865 -7.11228 2
      vertex -3.1642 -5.56363 2
      vertex -3.27891 -5.621 2
    endloop
  endfacet
  facet normal -0 0 1
    outer loop
      vertex -3.1642 -5.56363 2
      vertex -3.71865 -7.11228 2
      vertex -2.4568 -5.31507 2
    endloop
  endfacet
  facet normal -0 0 1
    outer loop
      vertex -3.48922 -5.621 2
      vertex -3.71865 -7.11228 2
      vertex -3.27891 -5.621 2
    endloop
  endfacet
  facet normal 0 0 1
    outer loop
      vertex -3.60394 -5.56363 2
      vertex -3.71865 -7.11228 2
      vertex -3.48922 -5.621 2
    endloop
  endfacet
  facet normal 0 0 1
    outer loop
      vertex -3.69953 -5.46804 2
      vertex -3.71865 -7.11228 2
      vertex -3.60394 -5.56363 2
    endloop
  endfacet
  facet normal 0 0 1
    outer loop
      vertex -3.75687 -5.35332 2
      vertex -3.71865 -7.11228 2
      vertex -3.69953 -5.46804 2
    endloop
  endfacet
  facet normal 0 0 1
    outer loop
      vertex -3.71865 -7.11228 2
      vertex -3.75687 -5.35332 2
      vertex -3.75687 -7.28434 2
    endloop
  endfacet
  facet normal 0 0 1
    outer loop
      vertex -3.01123 -5.04742 2
      vertex -3.03036 -4.81799 2
      vertex -3.03036 -5.0283 2
    endloop
  endfacet
  facet normal 0 0 1
    outer loop
      vertex -3.03036 -4.81799 2
      vertex -3.04948 -4.60768 2
      vertex -3.04948 -4.79886 2
    endloop
  endfacet
  facet normal -0 0 1
    outer loop
      vertex -1.36702 6.71076 2
      vertex -1.15671 6.69166 2
      vertex -1.17583 6.71076 2
    endloop
  endfacet
  facet normal 0 0 1
    outer loop
      vertex -1.38614 6.69166 2
      vertex -1.15671 6.69166 2
      vertex -1.36702 6.71076 2
    endloop
  endfacet
  facet normal 0 0 1
    outer loop
      vertex -1.5582 6.13721 2
      vertex -1.38614 6.69166 2
      vertex -1.46261 6.69166 2
    endloop
  endfacet
  facet normal -0 0 1
    outer loop
      vertex -1.38614 6.69166 2
      vertex -1.5582 6.13721 2
      vertex -1.15671 6.69166 2
    endloop
  endfacet
  facet normal 0 0 1
    outer loop
      vertex -1.5582 6.13721 2
      vertex -1.46261 6.69166 2
      vertex -1.50083 6.74901 2
    endloop
  endfacet
  facet normal 0 0 1
    outer loop
      vertex -0.81256 -5.04742 2
      vertex -0.793436 -5.12389 2
      vertex -0.793436 -5.06654 2
    endloop
  endfacet
  facet normal 0 0 1
    outer loop
      vertex -0.81256 -5.04742 2
      vertex -0.81256 -5.14301 2
      vertex -0.793436 -5.12389 2
    endloop
  endfacet
  facet normal 0 0 1
    outer loop
      vertex -0.98462 -5.44891 2
      vertex -0.81256 -5.14301 2
      vertex -0.81256 -5.04742 2
    endloop
  endfacet
  facet normal 0 0 1
    outer loop
      vertex -0.81256 -5.14301 2
      vertex -0.831683 -5.2386 2
      vertex -0.81256 -5.21948 2
    endloop
  endfacet
  facet normal 0 0 1
    outer loop
      vertex -0.831683 -5.2386 2
      vertex -0.850807 -5.3342 2
      vertex -0.831683 -5.31507 2
    endloop
  endfacet
  facet normal 0 0 1
    outer loop
      vertex -0.81256 -5.14301 2
      vertex -0.98462 -5.44891 2
      vertex -0.831683 -5.2386 2
    endloop
  endfacet
  facet normal 0 0 1
    outer loop
      vertex -0.850807 -5.3342 2
      vertex -0.869904 -5.42979 2
      vertex -0.850807 -5.41069 2
    endloop
  endfacet
  facet normal 0 0 1
    outer loop
      vertex -0.831683 -5.2386 2
      vertex -0.98462 -5.44891 2
      vertex -0.850807 -5.3342 2
    endloop
  endfacet
  facet normal -0 0 1
    outer loop
      vertex -0.98462 -5.44891 2
      vertex -0.869904 -5.50628 2
      vertex -0.869904 -5.42979 2
    endloop
  endfacet
  facet normal 0 0 1
    outer loop
      vertex -0.850807 -5.3342 2
      vertex -0.98462 -5.44891 2
      vertex -0.869904 -5.42979 2
    endloop
  endfacet
  facet normal -0 0 1
    outer loop
      vertex -1.00374 -5.5445 2
      vertex -0.889028 -5.60188 2
      vertex -0.889028 -5.52538 2
    endloop
  endfacet
  facet normal 0 0 1
    outer loop
      vertex -0.869904 -5.50628 2
      vertex -0.98462 -5.44891 2
      vertex -0.889028 -5.52538 2
    endloop
  endfacet
  facet normal 0 0 1
    outer loop
      vertex -0.927276 -5.71659 2
      vertex -0.9464 -5.83131 2
      vertex -0.927276 -5.81218 2
    endloop
  endfacet
  facet normal 0 0 1
    outer loop
      vertex -0.9464 -5.83131 2
      vertex -0.965496 -5.9269 2
      vertex -0.9464 -5.90778 2
    endloop
  endfacet
  facet normal -0 0 1
    outer loop
      vertex -1.08021 -5.73569 2
      vertex -0.9464 -5.83131 2
      vertex -0.927276 -5.71659 2
    endloop
  endfacet
  facet normal 0 0 1
    outer loop
      vertex -1.00374 -5.5445 2
      vertex -0.889028 -5.52538 2
      vertex -0.98462 -5.44891 2
    endloop
  endfacet
  facet normal 0 0 1
    outer loop
      vertex -1.06112 -5.6401 2
      vertex -0.889028 -5.60188 2
      vertex -1.00374 -5.5445 2
    endloop
  endfacet
  facet normal 0 0 1
    outer loop
      vertex -0.889028 -5.60188 2
      vertex -1.06112 -5.6401 2
      vertex -0.927276 -5.71659 2
    endloop
  endfacet
  facet normal 0 0 1
    outer loop
      vertex -1.08021 -5.73569 2
      vertex -0.927276 -5.71659 2
      vertex -1.06112 -5.6401 2
    endloop
  endfacet
  facet normal 0 -0 1
    outer loop
      vertex -0.98462 -6.02249 2
      vertex -0.965496 -5.9269 2
      vertex -1.08021 -5.73569 2
    endloop
  endfacet
  facet normal 0 0 1
    outer loop
      vertex -0.965496 -5.9269 2
      vertex -0.98462 -6.02249 2
      vertex -0.965496 -6.00337 2
    endloop
  endfacet
  facet normal 0 0 1
    outer loop
      vertex -1.27142 -6.17543 2
      vertex -0.98462 -6.02249 2
      vertex -1.08021 -5.73569 2
    endloop
  endfacet
  facet normal 0 0 1
    outer loop
      vertex -0.98462 -6.02249 2
      vertex -1.00374 -6.11808 2
      vertex -0.98462 -6.09896 2
    endloop
  endfacet
  facet normal 0 0 1
    outer loop
      vertex -0.98462 -6.02249 2
      vertex -1.27142 -6.17543 2
      vertex -1.00374 -6.11808 2
    endloop
  endfacet
  facet normal 0 0 1
    outer loop
      vertex -1.02287 -6.21368 2
      vertex -1.04199 -6.30927 2
      vertex -1.02287 -6.29014 2
    endloop
  endfacet
  facet normal 0 -0 1
    outer loop
      vertex -1.02287 -6.21368 2
      vertex -1.00374 -6.11808 2
      vertex -1.27142 -6.17543 2
    endloop
  endfacet
  facet normal 0 0 1
    outer loop
      vertex -0.9464 -5.83131 2
      vertex -1.08021 -5.73569 2
      vertex -0.965496 -5.9269 2
    endloop
  endfacet
  facet normal 0 0 1
    outer loop
      vertex -1.00374 -6.11808 2
      vertex -1.02287 -6.21368 2
      vertex -1.00374 -6.19455 2
    endloop
  endfacet
  facet normal 0 0 1
    outer loop
      vertex -1.27142 -6.21368 2
      vertex -1.02287 -6.21368 2
      vertex -1.27142 -6.17543 2
    endloop
  endfacet
  facet normal 0 0 1
    outer loop
      vertex -1.02287 -6.21368 2
      vertex -1.27142 -6.21368 2
      vertex -1.04199 -6.30927 2
    endloop
  endfacet
  facet normal 0 0 1
    outer loop
      vertex -1.30964 -6.30927 2
      vertex -1.04199 -6.30927 2
      vertex -1.27142 -6.21368 2
    endloop
  endfacet
  facet normal 0 0 1
    outer loop
      vertex -1.04199 -6.30927 2
      vertex -1.06112 -6.40486 2
      vertex -1.04199 -6.38574 2
    endloop
  endfacet
  facet normal 0 0 1
    outer loop
      vertex -1.04199 -6.30927 2
      vertex -1.30964 -6.30927 2
      vertex -1.06112 -6.40486 2
    endloop
  endfacet
  facet normal 0 0 1
    outer loop
      vertex -1.34789 -6.40486 2
      vertex -1.06112 -6.40486 2
      vertex -1.30964 -6.30927 2
    endloop
  endfacet
  facet normal 0 0 1
    outer loop
      vertex -1.09934 -6.59604 2
      vertex -1.11846 -6.69166 2
      vertex -1.09934 -6.67254 2
    endloop
  endfacet
  facet normal 0 0 1
    outer loop
      vertex -1.06112 -6.40486 2
      vertex -1.08021 -6.50045 2
      vertex -1.06112 -6.48136 2
    endloop
  endfacet
  facet normal -0 0 1
    outer loop
      vertex -1.46261 -6.69166 2
      vertex -1.11846 -6.76813 2
      vertex -1.11846 -6.69166 2
    endloop
  endfacet
  facet normal 0 0 1
    outer loop
      vertex -1.38614 -6.50045 2
      vertex -1.08021 -6.50045 2
      vertex -1.34789 -6.40486 2
    endloop
  endfacet
  facet normal 0 0 1
    outer loop
      vertex -1.15671 -6.88285 2
      vertex -1.17583 -6.99756 2
      vertex -1.15671 -6.97844 2
    endloop
  endfacet
  facet normal 0 0 1
    outer loop
      vertex -1.08021 -6.50045 2
      vertex -1.09934 -6.59604 2
      vertex -1.08021 -6.57695 2
    endloop
  endfacet
  facet normal 0 0 1
    outer loop
      vertex -1.17583 -6.99756 2
      vertex -1.19493 -7.09316 2
      vertex -1.17583 -7.07403 2
    endloop
  endfacet
  facet normal 0 0 1
    outer loop
      vertex -1.08021 -6.50045 2
      vertex -1.38614 -6.50045 2
      vertex -1.09934 -6.59604 2
    endloop
  endfacet
  facet normal 0 0 1
    outer loop
      vertex -1.19493 -7.09316 2
      vertex -1.21405 -7.18875 2
      vertex -1.19493 -7.16962 2
    endloop
  endfacet
  facet normal 0 0 1
    outer loop
      vertex -1.42436 -6.59604 2
      vertex -1.09934 -6.59604 2
      vertex -1.38614 -6.50045 2
    endloop
  endfacet
  facet normal 0 0 1
    outer loop
      vertex -1.65379 -7.16962 2
      vertex -1.21405 -7.26522 2
      vertex -1.21405 -7.18875 2
    endloop
  endfacet
  facet normal 0 0 1
    outer loop
      vertex -1.09934 -6.59604 2
      vertex -1.42436 -6.59604 2
      vertex -1.11846 -6.69166 2
    endloop
  endfacet
  facet normal 0 0 1
    outer loop
      vertex -1.06112 -6.40486 2
      vertex -1.34789 -6.40486 2
      vertex -1.08021 -6.50045 2
    endloop
  endfacet
  facet normal 0 0 1
    outer loop
      vertex -1.46261 -6.69166 2
      vertex -1.11846 -6.69166 2
      vertex -1.42436 -6.59604 2
    endloop
  endfacet
  facet normal 0 0 1
    outer loop
      vertex -1.11846 -6.76813 2
      vertex -1.46261 -6.69166 2
      vertex -1.15671 -6.88285 2
    endloop
  endfacet
  facet normal -0 0 1
    outer loop
      vertex -1.50083 -6.78726 2
      vertex -1.15671 -6.88285 2
      vertex -1.46261 -6.69166 2
    endloop
  endfacet
  facet normal 0 0 1
    outer loop
      vertex -1.53908 -6.88285 2
      vertex -1.15671 -6.88285 2
      vertex -1.50083 -6.78726 2
    endloop
  endfacet
  facet normal 0 0 1
    outer loop
      vertex -1.15671 -6.88285 2
      vertex -1.53908 -6.88285 2
      vertex -1.17583 -6.99756 2
    endloop
  endfacet
  facet normal 0 0 1
    outer loop
      vertex -1.30964 -6.30927 2
      vertex -1.27142 -6.21368 2
      vertex -1.30964 -6.27105 2
    endloop
  endfacet
  facet normal -0 0 1
    outer loop
      vertex -1.57732 -6.97844 2
      vertex -1.17583 -6.99756 2
      vertex -1.53908 -6.88285 2
    endloop
  endfacet
  facet normal 0 0 1
    outer loop
      vertex -1.17583 -6.99756 2
      vertex -1.57732 -6.97844 2
      vertex -1.19493 -7.09316 2
    endloop
  endfacet
  facet normal 0 0 1
    outer loop
      vertex -1.19493 -7.09316 2
      vertex -1.57732 -6.97844 2
      vertex -1.21405 -7.18875 2
    endloop
  endfacet
  facet normal -0 0 1
    outer loop
      vertex -1.61554 -7.07403 2
      vertex -1.21405 -7.18875 2
      vertex -1.57732 -6.97844 2
    endloop
  endfacet
  facet normal -0 0 1
    outer loop
      vertex -1.65379 -7.16962 2
      vertex -1.21405 -7.18875 2
      vertex -1.61554 -7.07403 2
    endloop
  endfacet
  facet normal 0 0 1
    outer loop
      vertex -1.34789 -6.40486 2
      vertex -1.30964 -6.30927 2
      vertex -1.34789 -6.36664 2
    endloop
  endfacet
  facet normal 0 0 1
    outer loop
      vertex -1.21405 -7.26522 2
      vertex -1.65379 -7.16962 2
      vertex -1.2523 -7.37993 2
    endloop
  endfacet
  facet normal 0 0 1
    outer loop
      vertex -1.38614 -6.50045 2
      vertex -1.34789 -6.40486 2
      vertex -1.38614 -6.46223 2
    endloop
  endfacet
  facet normal -0 0 1
    outer loop
      vertex -1.69204 -7.26522 2
      vertex -1.2523 -7.37993 2
      vertex -1.65379 -7.16962 2
    endloop
  endfacet
  facet normal 0 0 1
    outer loop
      vertex -1.42436 -6.59604 2
      vertex -1.38614 -6.50045 2
      vertex -1.42436 -6.55782 2
    endloop
  endfacet
  facet normal 0 0 1
    outer loop
      vertex -1.2523 -7.37993 2
      vertex -1.27142 -7.49465 2
      vertex -1.2523 -7.47552 2
    endloop
  endfacet
  facet normal 0 0 1
    outer loop
      vertex -1.2523 -7.37993 2
      vertex -1.69204 -7.26522 2
      vertex -1.27142 -7.49465 2
    endloop
  endfacet
  facet normal 0 0 1
    outer loop
      vertex -1.46261 -6.69166 2
      vertex -1.42436 -6.59604 2
      vertex -1.46261 -6.65342 2
    endloop
  endfacet
  facet normal 0 0 1
    outer loop
      vertex 0.965495 -5.44891 2
      vertex 0.850807 -5.3342 2
      vertex 0.869904 -5.42979 2
    endloop
  endfacet
  facet normal 0 0 1
    outer loop
      vertex 0.869904 -5.16214 2
      vertex 0.831683 -5.2386 2
      vertex 0.850807 -5.3342 2
    endloop
  endfacet
  facet normal -0 0 1
    outer loop
      vertex 0.793435 -5.12389 2
      vertex 0.869904 -5.16214 2
      vertex 0.812559 -5.06654 2
    endloop
  endfacet
  facet normal 0 0 1
    outer loop
      vertex 0.869904 -5.16214 2
      vertex 0.793435 -5.12389 2
      vertex 0.831683 -5.2386 2
    endloop
  endfacet
  facet normal 0 0 1
    outer loop
      vertex 1.15671 -5.9269 2
      vertex 0.946399 -5.81218 2
      vertex 0.965495 -5.90778 2
    endloop
  endfacet
  facet normal 0 0 1
    outer loop
      vertex 1.06112 -5.6401 2
      vertex 0.927276 -5.71659 2
      vertex 0.946399 -5.81218 2
    endloop
  endfacet
  facet normal 0 0 1
    outer loop
      vertex 1.06112 -5.6401 2
      vertex 0.908152 -5.621 2
      vertex 0.927276 -5.71659 2
    endloop
  endfacet
  facet normal 0 0 1
    outer loop
      vertex 0.965495 -5.44891 2
      vertex 0.889028 -5.52538 2
      vertex 0.908152 -5.621 2
    endloop
  endfacet
  facet normal -0 0 1
    outer loop
      vertex 0.850807 -5.3342 2
      vertex 0.965495 -5.44891 2
      vertex 0.869904 -5.16214 2
    endloop
  endfacet
  facet normal 0 0 1
    outer loop
      vertex 0.869904 -5.50628 2
      vertex 0.965495 -5.44891 2
      vertex 0.869904 -5.42979 2
    endloop
  endfacet
  facet normal 0 0 1
    outer loop
      vertex 0.965495 -5.44891 2
      vertex 0.869904 -5.50628 2
      vertex 0.889028 -5.52538 2
    endloop
  endfacet
  facet normal 0 0 1
    outer loop
      vertex 1.02287 -6.29014 2
      vertex 1.27142 -6.21368 2
      vertex 1.02287 -6.19455 2
    endloop
  endfacet
  facet normal 0 0 1
    outer loop
      vertex 1.15671 -5.9269 2
      vertex 1.00374 -6.09896 2
      vertex 1.02287 -6.19455 2
    endloop
  endfacet
  facet normal 0 0 1
    outer loop
      vertex 1.15671 -5.9269 2
      vertex 0.984619 -6.00337 2
      vertex 1.00374 -6.09896 2
    endloop
  endfacet
  facet normal -0 0 1
    outer loop
      vertex 0.908152 -5.621 2
      vertex 1.06112 -5.6401 2
      vertex 0.965495 -5.44891 2
    endloop
  endfacet
  facet normal 0 0 1
    outer loop
      vertex 1.15671 -5.9269 2
      vertex 0.965495 -5.90778 2
      vertex 0.984619 -6.00337 2
    endloop
  endfacet
  facet normal 0 0 1
    outer loop
      vertex 0.984619 -6.00337 2
      vertex 0.965495 -5.90778 2
      vertex 0.965495 -5.98424 2
    endloop
  endfacet
  facet normal 0 0 1
    outer loop
      vertex 1.27142 -6.21368 2
      vertex 1.13758 -6.78726 2
      vertex 1.15671 -6.88285 2
    endloop
  endfacet
  facet normal 0 0 1
    outer loop
      vertex 1.27142 -6.21368 2
      vertex 1.11846 -6.69166 2
      vertex 1.13758 -6.78726 2
    endloop
  endfacet
  facet normal 0 0 1
    outer loop
      vertex 1.27142 -6.21368 2
      vertex 1.09934 -6.59604 2
      vertex 1.11846 -6.69166 2
    endloop
  endfacet
  facet normal 0 0 1
    outer loop
      vertex 1.27142 -6.21368 2
      vertex 1.08021 -6.50045 2
      vertex 1.09934 -6.59604 2
    endloop
  endfacet
  facet normal -0 0 1
    outer loop
      vertex 0.946399 -5.81218 2
      vertex 1.15671 -5.9269 2
      vertex 1.06112 -5.6401 2
    endloop
  endfacet
  facet normal 0 0 1
    outer loop
      vertex 1.27142 -6.21368 2
      vertex 1.06112 -6.40486 2
      vertex 1.08021 -6.50045 2
    endloop
  endfacet
  facet normal 0 0 1
    outer loop
      vertex 1.08021 -6.50045 2
      vertex 1.06112 -6.40486 2
      vertex 1.06112 -6.48136 2
    endloop
  endfacet
  facet normal 0 0 1
    outer loop
      vertex 1.42436 -6.59604 2
      vertex 1.19493 -7.07403 2
      vertex 1.21405 -7.16962 2
    endloop
  endfacet
  facet normal 0 0 1
    outer loop
      vertex 1.27142 -6.21368 2
      vertex 1.17583 -6.97844 2
      vertex 1.19493 -7.07403 2
    endloop
  endfacet
  facet normal -0 0 1
    outer loop
      vertex 1.02287 -6.19455 2
      vertex 1.27142 -6.21368 2
      vertex 1.21405 -6.02249 2
    endloop
  endfacet
  facet normal 0 0 1
    outer loop
      vertex 1.27142 -6.21368 2
      vertex 1.15671 -6.88285 2
      vertex 1.17583 -6.97844 2
    endloop
  endfacet
  facet normal 0 0 1
    outer loop
      vertex 1.17583 -6.97844 2
      vertex 1.15671 -6.88285 2
      vertex 1.15671 -6.95932 2
    endloop
  endfacet
  facet normal 0 0 1
    outer loop
      vertex 1.42436 -6.59604 2
      vertex 1.2523 -7.37993 2
      vertex 1.27142 -7.47552 2
    endloop
  endfacet
  facet normal 0 0 1
    outer loop
      vertex 1.02287 -6.19455 2
      vertex 1.21405 -6.02249 2
      vertex 1.15671 -5.9269 2
    endloop
  endfacet
  facet normal 0 0 1
    outer loop
      vertex 1.42436 -6.59604 2
      vertex 1.21405 -7.16962 2
      vertex 1.2523 -7.37993 2
    endloop
  endfacet
  facet normal 0 0 1
    outer loop
      vertex 1.2523 -7.37993 2
      vertex 1.21405 -7.16962 2
      vertex 1.21405 -7.26522 2
    endloop
  endfacet
  facet normal 0 0 1
    outer loop
      vertex 1.19493 -7.07403 2
      vertex 1.42436 -6.59604 2
      vertex 1.30964 -6.27105 2
    endloop
  endfacet
  facet normal 0 0 1
    outer loop
      vertex 1.42436 -6.59604 2
      vertex 1.27142 -7.47552 2
      vertex 1.29052 -7.57112 2
    endloop
  endfacet
  facet normal 0 0 1
    outer loop
      vertex 1.29052 -7.57112 2
      vertex 1.27142 -7.47552 2
      vertex 1.27142 -7.55202 2
    endloop
  endfacet
  facet normal 0 0 1
    outer loop
      vertex 1.48173 -6.72988 2
      vertex 1.40524 -8.16382 2
      vertex 1.42436 -8.25941 2
    endloop
  endfacet
  facet normal 0 0 1
    outer loop
      vertex 1.48173 -6.72988 2
      vertex 1.38614 -8.06823 2
      vertex 1.40524 -8.16382 2
    endloop
  endfacet
  facet normal 0 0 1
    outer loop
      vertex 1.48173 -6.72988 2
      vertex 1.36701 -7.97264 2
      vertex 1.38614 -8.06823 2
    endloop
  endfacet
  facet normal 0 0 1
    outer loop
      vertex 1.48173 -6.72988 2
      vertex 1.34789 -7.87704 2
      vertex 1.36701 -7.97264 2
    endloop
  endfacet
  facet normal 0 0 1
    outer loop
      vertex 1.48173 -6.72988 2
      vertex 1.32877 -7.78142 2
      vertex 1.34789 -7.87704 2
    endloop
  endfacet
  facet normal 0 0 1
    outer loop
      vertex 1.19493 -7.07403 2
      vertex 1.30964 -6.27105 2
      vertex 1.27142 -6.21368 2
    endloop
  endfacet
  facet normal 0 0 1
    outer loop
      vertex 1.48173 -6.72988 2
      vertex 1.29052 -7.57112 2
      vertex 1.32877 -7.78142 2
    endloop
  endfacet
  facet normal 0 0 1
    outer loop
      vertex 1.32877 -7.78142 2
      vertex 1.29052 -7.57112 2
      vertex 1.29052 -7.66671 2
    endloop
  endfacet
  facet normal 0 0 1
    outer loop
      vertex 1.42436 -6.59604 2
      vertex 1.48173 -6.72988 2
      vertex 1.48173 -6.69166 2
    endloop
  endfacet
  facet normal 0 0 1
    outer loop
      vertex 1.29052 -7.57112 2
      vertex 1.48173 -6.72988 2
      vertex 1.42436 -6.59604 2
    endloop
  endfacet
  facet normal 0 0 1
    outer loop
      vertex 1.48173 -6.72988 2
      vertex 1.42436 -8.25941 2
      vertex 1.44348 -8.355 2
    endloop
  endfacet
  facet normal 0 0 1
    outer loop
      vertex 1.44348 -8.355 2
      vertex 1.42436 -8.25941 2
      vertex 1.42436 -8.33588 2
    endloop
  endfacet
  facet normal 0 0 1
    outer loop
      vertex 3.0686 -4.35912 2
      vertex 3.04948 -4.6268 2
      vertex 3.0686 -4.60768 2
    endloop
  endfacet
  facet normal 0 0 1
    outer loop
      vertex 3.04948 -4.6268 2
      vertex 3.01123 -5.06654 2
      vertex 3.03036 -5.04742 2
    endloop
  endfacet
  facet normal 0 0 1
    outer loop
      vertex 2.95389 -4.16794 2
      vertex 3.04948 -4.6268 2
      vertex 3.0686 -4.35912 2
    endloop
  endfacet
  facet normal 0 0 1
    outer loop
      vertex 3.04948 -4.6268 2
      vertex 2.15088 -4.83711 2
      vertex 3.01123 -5.06654 2
    endloop
  endfacet
  facet normal 0 0 1
    outer loop
      vertex 3.04948 -4.6268 2
      vertex 2.95389 -4.16794 2
      vertex 2.15088 -4.83711 2
    endloop
  endfacet
  facet normal 0 0 1
    outer loop
      vertex 3.60394 -5.56363 2
      vertex 4.80844 -5.3342 2
      vertex 3.73777 -5.41069 2
    endloop
  endfacet
  facet normal 0 0 1
    outer loop
      vertex 4.80844 -5.3342 2
      vertex 3.71865 -7.11228 2
      vertex 3.75687 -7.20787 2
    endloop
  endfacet
  facet normal 0 0 1
    outer loop
      vertex 4.80844 -5.3342 2
      vertex 3.60394 -5.56363 2
      vertex 3.71865 -7.11228 2
    endloop
  endfacet
  facet normal -0 0 1
    outer loop
      vertex 3.48922 -5.621 2
      vertex 3.71865 -7.11228 2
      vertex 3.60394 -5.56363 2
    endloop
  endfacet
  facet normal 0 0 1
    outer loop
      vertex 3.04948 -6.17543 2
      vertex 3.48922 -5.621 2
      vertex 3.27891 -5.621 2
    endloop
  endfacet
  facet normal 0 0 1
    outer loop
      vertex 3.04948 -6.17543 2
      vertex 3.27891 -5.621 2
      vertex 3.1642 -5.56363 2
    endloop
  endfacet
  facet normal 0 0 1
    outer loop
      vertex 2.7627 -5.73569 2
      vertex 3.1642 -5.56363 2
      vertex 3.0686 -5.46804 2
    endloop
  endfacet
  facet normal 0 0 1
    outer loop
      vertex 3.48922 -5.621 2
      vertex 3.04948 -6.17543 2
      vertex 3.71865 -7.11228 2
    endloop
  endfacet
  facet normal 0 0 1
    outer loop
      vertex 2.70533 -5.67834 2
      vertex 3.0686 -5.46804 2
      vertex 3.01123 -5.3342 2
    endloop
  endfacet
  facet normal 0 0 1
    outer loop
      vertex 3.01123 -5.06654 2
      vertex 2.15088 -4.83711 2
      vertex 3.01123 -5.3342 2
    endloop
  endfacet
  facet normal 0 0 1
    outer loop
      vertex 3.1642 -5.56363 2
      vertex 2.7627 -5.73569 2
      vertex 3.04948 -6.17543 2
    endloop
  endfacet
  facet normal 0 0 1
    outer loop
      vertex 3.0686 -5.46804 2
      vertex 2.70533 -5.67834 2
      vertex 2.7627 -5.73569 2
    endloop
  endfacet
  facet normal 0 0 1
    outer loop
      vertex 1.8641 -4.35912 2
      vertex 2.95389 -4.16794 2
      vertex 2.57152 -3.67086 2
    endloop
  endfacet
  facet normal 0 0 1
    outer loop
      vertex 1.80676 -4.22531 2
      vertex 2.57152 -3.67086 2
      vertex 2.41856 -3.51789 2
    endloop
  endfacet
  facet normal 0 0 1
    outer loop
      vertex 3.01123 -5.3342 2
      vertex 2.15088 -4.83711 2
      vertex 2.70533 -5.67834 2
    endloop
  endfacet
  facet normal 0 0 1
    outer loop
      vertex 2.95389 -4.16794 2
      vertex 1.8641 -4.35912 2
      vertex 2.15088 -4.83711 2
    endloop
  endfacet
  facet normal 0 0 1
    outer loop
      vertex 1.5582 -3.76645 2
      vertex 2.41856 -3.51789 2
      vertex 1.82585 -3.19287 2
    endloop
  endfacet
  facet normal 0 0 1
    outer loop
      vertex 2.57152 -3.67086 2
      vertex 1.80676 -4.22531 2
      vertex 1.8641 -4.35912 2
    endloop
  endfacet
  facet normal 0 0 1
    outer loop
      vertex 2.41856 -3.51789 2
      vertex 1.76851 -4.18706 2
      vertex 1.80676 -4.22531 2
    endloop
  endfacet
  facet normal 0 0 1
    outer loop
      vertex 1.40524 -3.23112 2
      vertex 1.82585 -3.19287 2
      vertex 1.5582 -3.02081 2
    endloop
  endfacet
  facet normal 0 0 1
    outer loop
      vertex 2.41856 -3.51789 2
      vertex 1.5582 -3.76645 2
      vertex 1.76851 -4.18706 2
    endloop
  endfacet
  facet normal 0 0 1
    outer loop
      vertex 1.38614 -3.03993 2
      vertex 1.5582 -3.02081 2
      vertex 1.42436 -2.96344 2
    endloop
  endfacet
  facet normal 0 0 1
    outer loop
      vertex 1.82585 -3.19287 2
      vertex 1.42436 -3.40318 2
      vertex 1.5582 -3.76645 2
    endloop
  endfacet
  facet normal 0 0 1
    outer loop
      vertex 1.82585 -3.19287 2
      vertex 1.40524 -3.23112 2
      vertex 1.42436 -3.40318 2
    endloop
  endfacet
  facet normal 0 0 1
    outer loop
      vertex 1.38614 -3.21199 2
      vertex 1.5582 -3.02081 2
      vertex 1.38614 -3.03993 2
    endloop
  endfacet
  facet normal 0 0 1
    outer loop
      vertex 1.5582 -3.02081 2
      vertex 1.38614 -3.21199 2
      vertex 1.40524 -3.23112 2
    endloop
  endfacet
  facet normal 0 0 1
    outer loop
      vertex 6.5865 -2.54282 2
      vertex 5.40112 -4.83711 2
      vertex 5.43936 -4.95183 2
    endloop
  endfacet
  facet normal 0 0 1
    outer loop
      vertex 5.5732 -2.65754 2
      vertex 5.34377 -2.61932 2
      vertex 4.96138 -4.39737 2
    endloop
  endfacet
  facet normal 0 0 1
    outer loop
      vertex 5.5732 -2.65754 2
      vertex 5.30552 -4.68415 2
      vertex 5.40112 -4.83711 2
    endloop
  endfacet
  facet normal 0 0 1
    outer loop
      vertex 5.5732 -2.65754 2
      vertex 5.15256 -4.53121 2
      vertex 5.30552 -4.68415 2
    endloop
  endfacet
  facet normal -0 0 1
    outer loop
      vertex 5.05697 -2.54282 2
      vertex 5.34377 -2.61932 2
      vertex 5.11434 -2.54282 2
    endloop
  endfacet
  facet normal 0 0 1
    outer loop
      vertex 5.34377 -2.61932 2
      vertex 5.05697 -2.54282 2
      vertex 4.63635 -4.24441 2
    endloop
  endfacet
  facet normal 0 0 1
    outer loop
      vertex 4.80844 -2.44723 2
      vertex 5.05697 -2.54282 2
      vertex 4.99962 -2.5046 2
    endloop
  endfacet
  facet normal 0 0 1
    outer loop
      vertex 5.5732 -2.65754 2
      vertex 4.96138 -4.39737 2
      vertex 5.15256 -4.53121 2
    endloop
  endfacet
  facet normal 0 0 1
    outer loop
      vertex 4.33045 -4.14882 2
      vertex 5.05697 -2.54282 2
      vertex 4.80844 -2.44723 2
    endloop
  endfacet
  facet normal 0 0 1
    outer loop
      vertex 5.34377 -2.61932 2
      vertex 4.63635 -4.24441 2
      vertex 4.96138 -4.39737 2
    endloop
  endfacet
  facet normal 0 0 1
    outer loop
      vertex 5.05697 -2.54282 2
      vertex 4.46429 -4.18706 2
      vertex 4.63635 -4.24441 2
    endloop
  endfacet
  facet normal 0 0 1
    outer loop
      vertex 5.05697 -2.54282 2
      vertex 4.33045 -4.14882 2
      vertex 4.46429 -4.18706 2
    endloop
  endfacet
  facet normal 0 0 1
    outer loop
      vertex 3.41275 -3.65173 2
      vertex 4.80844 -2.44723 2
      vertex 4.38782 -2.23692 2
    endloop
  endfacet
  facet normal 0 0 1
    outer loop
      vertex 4.46429 -4.18706 2
      vertex 4.33045 -4.14882 2
      vertex 4.40692 -4.18706 2
    endloop
  endfacet
  facet normal 0 0 1
    outer loop
      vertex 2.91564 -3.00168 2
      vertex 4.38782 -2.23692 2
      vertex 3.75687 -1.79718 2
    endloop
  endfacet
  facet normal 0 0 1
    outer loop
      vertex 4.80844 -2.44723 2
      vertex 3.41275 -3.65173 2
      vertex 4.33045 -4.14882 2
    endloop
  endfacet
  facet normal 0 0 1
    outer loop
      vertex 4.33045 -4.14882 2
      vertex 3.41275 -3.65173 2
      vertex 3.75687 -4.015 2
    endloop
  endfacet
  facet normal 0 0 1
    outer loop
      vertex 2.64799 -2.31339 2
      vertex 3.75687 -1.79718 2
      vertex 3.22154 -1.3001 2
    endloop
  endfacet
  facet normal 0 0 1
    outer loop
      vertex 4.38782 -2.23692 2
      vertex 2.91564 -3.00168 2
      vertex 3.41275 -3.65173 2
    endloop
  endfacet
  facet normal -0 0 1
    outer loop
      vertex 2.82005 -1.01332 2
      vertex 3.22154 -1.3001 2
      vertex 2.87742 -0.9177 2
    endloop
  endfacet
  facet normal 0 0 1
    outer loop
      vertex 3.22154 -1.3001 2
      vertex 2.82005 -1.01332 2
      vertex 2.80092 -1.10891 2
    endloop
  endfacet
  facet normal 0 0 1
    outer loop
      vertex 2.68621 -1.33834 2
      vertex 3.22154 -1.3001 2
      vertex 2.80092 -1.10891 2
    endloop
  endfacet
  facet normal 0 -0 1
    outer loop
      vertex 2.82005 -2.77225 2
      vertex 3.75687 -1.79718 2
      vertex 2.80092 -2.67666 2
    endloop
  endfacet
  facet normal 0 0 1
    outer loop
      vertex 3.75687 -1.79718 2
      vertex 2.82005 -2.77225 2
      vertex 2.91564 -3.00168 2
    endloop
  endfacet
  facet normal 0 0 1
    outer loop
      vertex 3.75687 -1.79718 2
      vertex 2.74358 -2.5237 2
      vertex 2.80092 -2.67666 2
    endloop
  endfacet
  facet normal 0 0 1
    outer loop
      vertex 2.80092 -2.67666 2
      vertex 2.74358 -2.5237 2
      vertex 2.7627 -2.61932 2
    endloop
  endfacet
  facet normal 0 0 1
    outer loop
      vertex 3.75687 -1.79718 2
      vertex 2.68621 -2.37076 2
      vertex 2.74358 -2.5237 2
    endloop
  endfacet
  facet normal 0 0 1
    outer loop
      vertex 3.22154 -1.3001 2
      vertex 2.68621 -1.33834 2
      vertex 2.68621 -1.37656 2
    endloop
  endfacet
  facet normal 0 0 1
    outer loop
      vertex 2.53327 -1.68246 2
      vertex 3.22154 -1.3001 2
      vertex 2.68621 -1.37656 2
    endloop
  endfacet
  facet normal 0 0 1
    outer loop
      vertex 2.74358 -2.5237 2
      vertex 2.68621 -2.37076 2
      vertex 2.70533 -2.46635 2
    endloop
  endfacet
  facet normal 0 0 1
    outer loop
      vertex 3.75687 -1.79718 2
      vertex 2.64799 -2.31339 2
      vertex 2.68621 -2.37076 2
    endloop
  endfacet
  facet normal 0 0 1
    outer loop
      vertex 3.22154 -1.3001 2
      vertex 2.53327 -1.68246 2
      vertex 2.64799 -2.31339 2
    endloop
  endfacet
  facet normal 0 0 1
    outer loop
      vertex 2.4759 -1.79718 2
      vertex 2.53327 -1.68246 2
      vertex 2.49502 -1.72071 2
    endloop
  endfacet
  facet normal 0 0 1
    outer loop
      vertex 2.53327 -1.68246 2
      vertex 2.4759 -1.79718 2
      vertex 2.64799 -2.31339 2
    endloop
  endfacet
  facet normal 0 0 1
    outer loop
      vertex 7.67628 6.78726 2
      vertex 5.63055 6.90197 2
      vertex 5.70702 6.76813 2
    endloop
  endfacet
  facet normal 0 0 1
    outer loop
      vertex 6.59955 12.3469 2
      vertex 5.45849 7.01669 2
      vertex 5.63055 6.90197 2
    endloop
  endfacet
  facet normal 0 0 1
    outer loop
      vertex 3.85249 7.4564 2
      vertex 5.98577 12.6558 2
      vertex 5.35757 12.9343 2
    endloop
  endfacet
  facet normal 0 0 1
    outer loop
      vertex 6.59955 12.3469 2
      vertex 5.2864 7.07403 2
      vertex 5.45849 7.01669 2
    endloop
  endfacet
  facet normal 0 0 1
    outer loop
      vertex 6.59955 12.3469 2
      vertex 5.09521 7.13138 2
      vertex 5.2864 7.07403 2
    endloop
  endfacet
  facet normal 0 0 1
    outer loop
      vertex 5.2864 7.07403 2
      vertex 5.09521 7.13138 2
      vertex 5.22906 7.07403 2
    endloop
  endfacet
  facet normal 0 0 1
    outer loop
      vertex 6.59955 12.3469 2
      vertex 4.96138 7.16962 2
      vertex 5.09521 7.13138 2
    endloop
  endfacet
  facet normal 0 0 1
    outer loop
      vertex 5.09521 7.13138 2
      vertex 4.96138 7.16962 2
      vertex 5.03787 7.13138 2
    endloop
  endfacet
  facet normal 0 0 1
    outer loop
      vertex 6.59955 12.3469 2
      vertex 4.75107 7.227 2
      vertex 4.96138 7.16962 2
    endloop
  endfacet
  facet normal 0 0 1
    outer loop
      vertex 4.96138 7.16962 2
      vertex 4.75107 7.227 2
      vertex 4.82754 7.18875 2
    endloop
  endfacet
  facet normal 0 0 1
    outer loop
      vertex 3.35538 7.57112 2
      vertex 5.35757 12.9343 2
      vertex 4.71646 13.1816 2
    endloop
  endfacet
  facet normal 0 0 1
    outer loop
      vertex 6.59955 12.3469 2
      vertex 4.54076 7.28434 2
      vertex 4.75107 7.227 2
    endloop
  endfacet
  facet normal 0 0 1
    outer loop
      vertex 4.75107 7.227 2
      vertex 4.54076 7.28434 2
      vertex 4.61723 7.24609 2
    endloop
  endfacet
  facet normal 0 0 1
    outer loop
      vertex 6.59955 12.3469 2
      vertex 4.46429 7.30346 2
      vertex 4.54076 7.28434 2
    endloop
  endfacet
  facet normal 0 0 1
    outer loop
      vertex 4.54076 7.28434 2
      vertex 4.46429 7.30346 2
      vertex 4.48342 7.28434 2
    endloop
  endfacet
  facet normal 0 0 1
    outer loop
      vertex 5.98577 12.6558 2
      vertex 3.85249 7.4564 2
      vertex 4.46429 7.30346 2
    endloop
  endfacet
  facet normal 0 0 1
    outer loop
      vertex 2.07441 8.02998 2
      vertex 4.71646 13.1816 2
      vertex 4.06398 13.3972 2
    endloop
  endfacet
  facet normal 0 0 1
    outer loop
      vertex 4.46429 7.30346 2
      vertex 3.85249 7.4564 2
      vertex 4.40692 7.30346 2
    endloop
  endfacet
  facet normal 0 0 1
    outer loop
      vertex 5.35757 12.9343 2
      vertex 3.75687 7.47552 2
      vertex 3.85249 7.4564 2
    endloop
  endfacet
  facet normal 0 0 1
    outer loop
      vertex 3.85249 7.4564 2
      vertex 3.75687 7.47552 2
      vertex 3.776 7.4564 2
    endloop
  endfacet
  facet normal 0 0 1
    outer loop
      vertex 5.35757 12.9343 2
      vertex 3.35538 7.57112 2
      vertex 3.75687 7.47552 2
    endloop
  endfacet
  facet normal 0 0 1
    outer loop
      vertex 2.07441 8.02998 2
      vertex 4.06398 13.3972 2
      vertex 3.40172 13.5804 2
    endloop
  endfacet
  facet normal 0 0 1
    outer loop
      vertex 3.75687 7.47552 2
      vertex 3.35538 7.57112 2
      vertex 3.52747 7.51377 2
    endloop
  endfacet
  facet normal 0 0 1
    outer loop
      vertex 4.71646 13.1816 2
      vertex 3.08773 7.62849 2
      vertex 3.35538 7.57112 2
    endloop
  endfacet
  facet normal 0 0 1
    outer loop
      vertex 3.35538 7.57112 2
      vertex 3.08773 7.62849 2
      vertex 3.18332 7.59024 2
    endloop
  endfacet
  facet normal 0 0 1
    outer loop
      vertex 1.73026 8.16382 2
      vertex 3.40172 13.5804 2
      vertex 2.73126 13.731 2
    endloop
  endfacet
  facet normal 0 0 1
    outer loop
      vertex 4.71646 13.1816 2
      vertex 2.07441 8.02998 2
      vertex 3.08773 7.62849 2
    endloop
  endfacet
  facet normal 0 0 1
    outer loop
      vertex 3.08773 7.62849 2
      vertex 2.28471 7.87704 2
      vertex 2.38031 7.76233 2
    endloop
  endfacet
  facet normal 0 0 1
    outer loop
      vertex 3.08773 7.62849 2
      vertex 2.07441 8.02998 2
      vertex 2.28471 7.87704 2
    endloop
  endfacet
  facet normal 0 0 1
    outer loop
      vertex 1.51995 8.20204 2
      vertex 2.73126 13.731 2
      vertex 2.05423 13.8485 2
    endloop
  endfacet
  facet normal 0 0 1
    outer loop
      vertex 3.40172 13.5804 2
      vertex 1.73026 8.16382 2
      vertex 2.07441 8.02998 2
    endloop
  endfacet
  facet normal 0 0 1
    outer loop
      vertex 2.73126 13.731 2
      vertex 1.51995 8.20204 2
      vertex 1.73026 8.16382 2
    endloop
  endfacet
  facet normal 0 0 1
    outer loop
      vertex 1.73026 8.16382 2
      vertex 1.51995 8.20204 2
      vertex 1.53908 8.18294 2
    endloop
  endfacet
  facet normal -0 0 1
    outer loop
      vertex 1.36701 8.22116 2
      vertex 1.51995 8.20204 2
      vertex 2.05423 13.8485 2
    endloop
  endfacet
  facet normal 0 0 1
    outer loop
      vertex 1.36701 8.22116 2
      vertex 2.05423 13.8485 2
      vertex 1.37224 13.9326 2
    endloop
  endfacet
  facet normal 0 0 1
    outer loop
      vertex 1.51995 8.20204 2
      vertex 1.36701 8.22116 2
      vertex 1.38614 8.20204 2
    endloop
  endfacet
  facet normal 0 0 1
    outer loop
      vertex 1.37224 13.9326 2
      vertex 0.697844 8.22116 2
      vertex 1.36701 8.22116 2
    endloop
  endfacet
  facet normal 0 0 1
    outer loop
      vertex 0.686947 13.9831 2
      vertex 0.697844 8.22116 2
      vertex 1.37224 13.9326 2
    endloop
  endfacet
  facet normal 0 0 1
    outer loop
      vertex 0 14 2
      vertex 0.697844 8.22116 2
      vertex 0.686947 13.9831 2
    endloop
  endfacet
  facet normal 0 0 1
    outer loop
      vertex 0.697844 8.22116 2
      vertex 0.564003 8.20204 2
      vertex 0.67872 8.20204 2
    endloop
  endfacet
  facet normal 0 0 1
    outer loop
      vertex 0.697844 8.22116 2
      vertex 0 14 2
      vertex 0.564003 8.20204 2
    endloop
  endfacet
  facet normal 0 -0 1
    outer loop
      vertex 0.219855 8.12557 2
      vertex 0.564003 8.20204 2
      vertex 0 14 2
    endloop
  endfacet
  facet normal 0 0 1
    outer loop
      vertex 0.564003 8.20204 2
      vertex 0.219855 8.12557 2
      vertex 0.544879 8.18294 2
    endloop
  endfacet
  facet normal -0 0 1
    outer loop
      vertex -0.686947 13.9831 2
      vertex 0.219855 8.12557 2
      vertex 0 14 2
    endloop
  endfacet
  facet normal 0 0 1
    outer loop
      vertex 0.219855 8.12557 2
      vertex -0.686947 13.9831 2
      vertex 0.0477953 8.06823 2
    endloop
  endfacet
  facet normal 0 0 1
    outer loop
      vertex 0.0477953 8.06823 2
      vertex -0.0860443 8.01086 2
      vertex -0.0477953 8.01086 2
    endloop
  endfacet
  facet normal -0 0 1
    outer loop
      vertex -1.37224 13.9326 2
      vertex 0.0477953 8.06823 2
      vertex -0.686947 13.9831 2
    endloop
  endfacet
  facet normal 0 0 1
    outer loop
      vertex 0.0477953 8.06823 2
      vertex -1.37224 13.9326 2
      vertex -0.0860443 8.01086 2
    endloop
  endfacet
  facet normal -0 0 1
    outer loop
      vertex -2.05423 13.8485 2
      vertex -0.0860443 8.01086 2
      vertex -1.37224 13.9326 2
    endloop
  endfacet
  facet normal 0 0 1
    outer loop
      vertex -0.0860443 8.01086 2
      vertex -2.05423 13.8485 2
      vertex -0.37282 7.85792 2
    endloop
  endfacet
  facet normal -0 0 1
    outer loop
      vertex -2.73126 13.731 2
      vertex -0.37282 7.85792 2
      vertex -2.05423 13.8485 2
    endloop
  endfacet
  facet normal -0 0 1
    outer loop
      vertex -3.40172 13.5804 2
      vertex -0.37282 7.85792 2
      vertex -2.73126 13.731 2
    endloop
  endfacet
  facet normal 0 0 1
    outer loop
      vertex -0.37282 7.85792 2
      vertex -3.40172 13.5804 2
      vertex -0.67872 7.62849 2
    endloop
  endfacet
  facet normal -0 0 1
    outer loop
      vertex -4.06398 13.3972 2
      vertex -0.67872 7.62849 2
      vertex -3.40172 13.5804 2
    endloop
  endfacet
  facet normal 0 0 1
    outer loop
      vertex -0.67872 7.62849 2
      vertex -4.71646 13.1816 2
      vertex -1.19493 7.11228 2
    endloop
  endfacet
  facet normal -0 0 1
    outer loop
      vertex -4.71646 13.1816 2
      vertex -0.67872 7.62849 2
      vertex -4.06398 13.3972 2
    endloop
  endfacet
  facet normal 0 0 1
    outer loop
      vertex 7.65716 -1.56775 2
      vertex 7.00711 -2.17958 2
      vertex 7.02624 -2.27517 2
    endloop
  endfacet
  facet normal 0 0 1
    outer loop
      vertex 7.1792 -1.39569 2
      vertex 6.64387 -1.87368 2
      vertex 7.00711 -2.17958 2
    endloop
  endfacet
  facet normal 0 0 1
    outer loop
      vertex 6.51003 -1.07066 2
      vertex 6.64387 -1.87368 2
      vertex 7.04536 -1.33834 2
    endloop
  endfacet
  facet normal 0 0 1
    outer loop
      vertex 6.07029 -1.3001 2
      vertex 6.51003 -1.07066 2
      vertex 6.07029 -0.803012 2
    endloop
  endfacet
  facet normal 0 0 1
    outer loop
      vertex 6.51003 -1.07066 2
      vertex 6.07029 -1.3001 2
      vertex 6.64387 -1.87368 2
    endloop
  endfacet
  facet normal 0 0 1
    outer loop
      vertex 5.9747 -0.764764 2
      vertex 6.07029 -1.3001 2
      vertex 6.07029 -0.803012 2
    endloop
  endfacet
  facet normal 0 0 1
    outer loop
      vertex 5.9747 -0.764764 2
      vertex 5.64967 -0.803012 2
      vertex 6.07029 -1.3001 2
    endloop
  endfacet
  facet normal 0 0 1
    outer loop
      vertex 5.40112 -0.401492 2
      vertex 5.64967 -0.803012 2
      vertex 5.9747 -0.764764 2
    endloop
  endfacet
  facet normal 0 0 1
    outer loop
      vertex 5.64967 -0.803012 2
      vertex 5.40112 -0.401492 2
      vertex 5.38199 -0.420615 2
    endloop
  endfacet
  facet normal 0 0 1
    outer loop
      vertex 10.8221 8.88151 2
      vertex 9.77936 8.06823 2
      vertex 9.85586 7.89614 2
    endloop
  endfacet
  facet normal 0 0 1
    outer loop
      vertex 10.3733 9.40182 2
      vertex 9.76024 8.16382 2
      vertex 9.77936 8.06823 2
    endloop
  endfacet
  facet normal 0 0 1
    outer loop
      vertex 10.3733 9.40182 2
      vertex 9.56906 8.54619 2
      vertex 9.76024 8.16382 2
    endloop
  endfacet
  facet normal 0 0 1
    outer loop
      vertex 9.20581 8.90946 2
      vertex 9.89949 9.89949 2
      vertex 9.40182 10.3733 2
    endloop
  endfacet
  facet normal 0 0 1
    outer loop
      vertex 10.3733 9.40182 2
      vertex 9.3014 8.90946 2
      vertex 9.56906 8.54619 2
    endloop
  endfacet
  facet normal 0 0 1
    outer loop
      vertex 9.89949 9.89949 2
      vertex 9.20581 8.90946 2
      vertex 9.3014 8.90946 2
    endloop
  endfacet
  facet normal 0 0 1
    outer loop
      vertex 9.40182 10.3733 2
      vertex 9.16756 8.89034 2
      vertex 9.20581 8.90946 2
    endloop
  endfacet
  facet normal 0 0 1
    outer loop
      vertex 8.88151 10.8221 2
      vertex 9.16756 8.89034 2
      vertex 9.40182 10.3733 2
    endloop
  endfacet
  facet normal 0 0 1
    outer loop
      vertex 8.33979 11.2449 2
      vertex 9.16756 8.89034 2
      vertex 8.88151 10.8221 2
    endloop
  endfacet
  facet normal 0 0 1
    outer loop
      vertex 9.16756 8.89034 2
      vertex 9.0146 8.60356 2
      vertex 9.05285 8.64178 2
    endloop
  endfacet
  facet normal 0 0 1
    outer loop
      vertex 9.16756 8.89034 2
      vertex 8.33979 11.2449 2
      vertex 9.0146 8.60356 2
    endloop
  endfacet
  facet normal 0 0 1
    outer loop
      vertex 9.0146 8.60356 2
      vertex 8.33979 11.2449 2
      vertex 8.82342 8.24029 2
    endloop
  endfacet
  facet normal 0 0 1
    outer loop
      vertex 7.77798 11.6406 2
      vertex 8.82342 8.24029 2
      vertex 8.33979 11.2449 2
    endloop
  endfacet
  facet normal 0 0 1
    outer loop
      vertex 8.82342 8.24029 2
      vertex 7.77798 11.6406 2
      vertex 8.51752 7.78142 2
    endloop
  endfacet
  facet normal 0 0 1
    outer loop
      vertex 5.63055 6.90197 2
      vertex 8.51752 7.78142 2
      vertex 7.77798 11.6406 2
    endloop
  endfacet
  facet normal 0 0 1
    outer loop
      vertex 5.63055 6.90197 2
      vertex 8.24986 7.4373 2
      vertex 8.51752 7.78142 2
    endloop
  endfacet
  facet normal 0 0 1
    outer loop
      vertex 5.63055 6.90197 2
      vertex 7.77798 11.6406 2
      vertex 7.19744 12.0082 2
    endloop
  endfacet
  facet normal -0 0 1
    outer loop
      vertex 5.63055 6.90197 2
      vertex 7.67628 6.78726 2
      vertex 8.24986 7.4373 2
    endloop
  endfacet
  facet normal 0 0 1
    outer loop
      vertex 5.63055 6.90197 2
      vertex 7.19744 12.0082 2
      vertex 6.59955 12.3469 2
    endloop
  endfacet
  facet normal 0 0 1
    outer loop
      vertex 7.67628 6.78726 2
      vertex 5.70702 6.76813 2
      vertex 7.08358 6.21368 2
    endloop
  endfacet
  facet normal -0 0 1
    outer loop
      vertex 5.70702 6.71076 2
      vertex 7.08358 6.21368 2
      vertex 5.70702 6.76813 2
    endloop
  endfacet
  facet normal 0 0 1
    outer loop
      vertex 4.46429 7.30346 2
      vertex 6.59955 12.3469 2
      vertex 5.98577 12.6558 2
    endloop
  endfacet
  facet normal 0 0 1
    outer loop
      vertex 7.08358 6.21368 2
      vertex 5.70702 6.71076 2
      vertex 6.4909 5.71659 2
    endloop
  endfacet
  facet normal -0 0 1
    outer loop
      vertex 5.61142 6.65342 2
      vertex 6.4909 5.71659 2
      vertex 5.70702 6.71076 2
    endloop
  endfacet
  facet normal 0 0 1
    outer loop
      vertex 6.4909 5.71659 2
      vertex 5.61142 6.65342 2
      vertex 6.10853 5.42979 2
    endloop
  endfacet
  facet normal -0 0 1
    outer loop
      vertex 5.36287 6.63429 2
      vertex 6.10853 5.42979 2
      vertex 5.61142 6.65342 2
    endloop
  endfacet
  facet normal -0 0 1
    outer loop
      vertex 5.22906 6.59604 2
      vertex 6.10853 5.42979 2
      vertex 5.36287 6.63429 2
    endloop
  endfacet
  facet normal 0 0 1
    outer loop
      vertex 6.10853 5.42979 2
      vertex 5.22906 6.59604 2
      vertex 5.64967 5.12389 2
    endloop
  endfacet
  facet normal -0 0 1
    outer loop
      vertex 5.11434 6.57695 2
      vertex 5.64967 5.12389 2
      vertex 5.22906 6.59604 2
    endloop
  endfacet
  facet normal -0 0 1
    outer loop
      vertex 4.86578 6.5387 2
      vertex 5.64967 5.12389 2
      vertex 5.11434 6.57695 2
    endloop
  endfacet
  facet normal 0 0 1
    outer loop
      vertex 5.64967 5.12389 2
      vertex 4.86578 6.5387 2
      vertex 5.36287 4.95183 2
    endloop
  endfacet
  facet normal 0 0 1
    outer loop
      vertex 5.11434 6.57695 2
      vertex 5.22906 6.59604 2
      vertex 5.13346 6.59604 2
    endloop
  endfacet
  facet normal -0 0 1
    outer loop
      vertex 4.75107 6.51958 2
      vertex 5.36287 4.95183 2
      vertex 4.86578 6.5387 2
    endloop
  endfacet
  facet normal 0 0 1
    outer loop
      vertex 4.86578 6.5387 2
      vertex 5.11434 6.57695 2
      vertex 4.99962 6.57695 2
    endloop
  endfacet
  facet normal 0 0 1
    outer loop
      vertex 5.36287 4.95183 2
      vertex 4.75107 6.51958 2
      vertex 5.19081 4.87536 2
    endloop
  endfacet
  facet normal 0 0 1
    outer loop
      vertex 4.75107 6.51958 2
      vertex 4.86578 6.5387 2
      vertex 4.77019 6.5387 2
    endloop
  endfacet
  facet normal -0 0 1
    outer loop
      vertex 4.63635 6.50045 2
      vertex 5.19081 4.87536 2
      vertex 4.75107 6.51958 2
    endloop
  endfacet
  facet normal -0 0 1
    outer loop
      vertex 4.38782 6.46223 2
      vertex 5.19081 4.87536 2
      vertex 4.63635 6.50045 2
    endloop
  endfacet
  facet normal 0 0 1
    outer loop
      vertex 4.63635 6.50045 2
      vertex 4.75107 6.51958 2
      vertex 4.65548 6.51958 2
    endloop
  endfacet
  facet normal 0 -0 1
    outer loop
      vertex 4.69372 4.60768 2
      vertex 5.19081 4.87536 2
      vertex 4.38782 6.46223 2
    endloop
  endfacet
  facet normal 0 0 1
    outer loop
      vertex 4.38782 6.46223 2
      vertex 4.63635 6.50045 2
      vertex 4.52164 6.50045 2
    endloop
  endfacet
  facet normal 0 0 1
    outer loop
      vertex 5.19081 4.87536 2
      vertex 4.69372 4.60768 2
      vertex 5.15256 4.83711 2
    endloop
  endfacet
  facet normal -0 0 1
    outer loop
      vertex 4.27311 6.44311 2
      vertex 4.69372 4.60768 2
      vertex 4.38782 6.46223 2
    endloop
  endfacet
  facet normal 0 0 1
    outer loop
      vertex 4.27311 6.44311 2
      vertex 4.38782 6.46223 2
      vertex 4.2922 6.46223 2
    endloop
  endfacet
  facet normal -0 0 1
    outer loop
      vertex 4.02455 6.40486 2
      vertex 4.69372 4.60768 2
      vertex 4.27311 6.44311 2
    endloop
  endfacet
  facet normal 0 0 1
    outer loop
      vertex 4.02455 6.40486 2
      vertex 4.27311 6.44311 2
      vertex 4.15839 6.44311 2
    endloop
  endfacet
  facet normal 0 0 1
    outer loop
      vertex 4.69372 4.60768 2
      vertex 4.02455 6.40486 2
      vertex 4.46429 4.53121 2
    endloop
  endfacet
  facet normal -0 0 1
    outer loop
      vertex 3.90984 6.38574 2
      vertex 4.46429 4.53121 2
      vertex 4.02455 6.40486 2
    endloop
  endfacet
  facet normal 0 0 1
    outer loop
      vertex 3.90984 6.38574 2
      vertex 4.02455 6.40486 2
      vertex 3.92896 6.40486 2
    endloop
  endfacet
  facet normal -0 0 1
    outer loop
      vertex 3.79512 6.36664 2
      vertex 4.46429 4.53121 2
      vertex 3.90984 6.38574 2
    endloop
  endfacet
  facet normal 0 0 1
    outer loop
      vertex 4.46429 4.53121 2
      vertex 3.79512 6.36664 2
      vertex 4.13927 4.35912 2
    endloop
  endfacet
  facet normal 0 0 1
    outer loop
      vertex 3.79512 6.36664 2
      vertex 3.90984 6.38574 2
      vertex 3.81424 6.38574 2
    endloop
  endfacet
  facet normal -0 0 1
    outer loop
      vertex 3.54656 6.32839 2
      vertex 4.13927 4.35912 2
      vertex 3.79512 6.36664 2
    endloop
  endfacet
  facet normal -0 0 1
    outer loop
      vertex 3.43185 6.30927 2
      vertex 4.13927 4.35912 2
      vertex 3.54656 6.32839 2
    endloop
  endfacet
  facet normal -0 0 1
    outer loop
      vertex 3.18332 6.27105 2
      vertex 4.13927 4.35912 2
      vertex 3.43185 6.30927 2
    endloop
  endfacet
  facet normal 0 0 1
    outer loop
      vertex 3.54656 6.32839 2
      vertex 3.79512 6.36664 2
      vertex 3.6804 6.36664 2
    endloop
  endfacet
  facet normal -0 0 1
    outer loop
      vertex 3.0686 6.25192 2
      vertex 4.13927 4.35912 2
      vertex 3.18332 6.27105 2
    endloop
  endfacet
  facet normal 0 0 1
    outer loop
      vertex 4.13927 4.35912 2
      vertex 3.0686 6.25192 2
      vertex 3.92896 4.16794 2
    endloop
  endfacet
  facet normal -0 0 1
    outer loop
      vertex 2.95389 6.2328 2
      vertex 3.92896 4.16794 2
      vertex 3.0686 6.25192 2
    endloop
  endfacet
  facet normal 0 0 1
    outer loop
      vertex 3.43185 6.30927 2
      vertex 3.54656 6.32839 2
      vertex 3.45097 6.32839 2
    endloop
  endfacet
  facet normal -0 0 1
    outer loop
      vertex 2.11266 4.47384 2
      vertex 3.92896 4.16794 2
      vertex 2.95389 6.2328 2
    endloop
  endfacet
  facet normal 0 0 1
    outer loop
      vertex 3.18332 6.27105 2
      vertex 3.43185 6.30927 2
      vertex 3.31716 6.30927 2
    endloop
  endfacet
  facet normal 0 0 1
    outer loop
      vertex 3.79512 3.97676 2
      vertex 2.22737 4.22531 2
      vertex 3.71865 3.82379 2
    endloop
  endfacet
  facet normal 0 0 1
    outer loop
      vertex 3.71865 3.82379 2
      vertex 2.22737 4.22531 2
      vertex 3.6804 3.68998 2
    endloop
  endfacet
  facet normal 0 0 1
    outer loop
      vertex 3.6804 3.68998 2
      vertex 2.22737 4.22531 2
      vertex 3.54656 3.46055 2
    endloop
  endfacet
  facet normal 0 0 1
    outer loop
      vertex 3.0686 6.25192 2
      vertex 3.18332 6.27105 2
      vertex 3.08773 6.27105 2
    endloop
  endfacet
  facet normal -0 -0 1
    outer loop
      vertex 2.22737 4.22531 2
      vertex 3.79512 3.97676 2
      vertex 2.20825 4.3209 2
    endloop
  endfacet
  facet normal 0 0 1
    outer loop
      vertex 3.54656 3.46055 2
      vertex 2.22737 4.22531 2
      vertex 3.31716 3.23112 2
    endloop
  endfacet
  facet normal 0 0 1
    outer loop
      vertex 2.95389 6.2328 2
      vertex 3.0686 6.25192 2
      vertex 2.97301 6.25192 2
    endloop
  endfacet
  facet normal 0 0 1
    outer loop
      vertex 3.92896 4.16794 2
      vertex 2.20825 4.3209 2
      vertex 3.79512 3.97676 2
    endloop
  endfacet
  facet normal 0 0 1
    outer loop
      vertex 2.83917 6.21368 2
      vertex 2.95389 6.2328 2
      vertex 2.8583 6.2328 2
    endloop
  endfacet
  facet normal 0 0 1
    outer loop
      vertex 2.11266 4.47384 2
      vertex 2.95389 6.2328 2
      vertex 2.83917 6.21368 2
    endloop
  endfacet
  facet normal 0 -0 1
    outer loop
      vertex 2.74358 3.1164 2
      vertex 3.31716 3.23112 2
      vertex 2.22737 4.22531 2
    endloop
  endfacet
  facet normal 0 0 1
    outer loop
      vertex 2.72445 6.19455 2
      vertex 2.83917 6.21368 2
      vertex 2.74358 6.21368 2
    endloop
  endfacet
  facet normal 0 0 1
    outer loop
      vertex 3.18332 3.15465 2
      vertex 2.74358 3.1164 2
      vertex 2.99214 3.09727 2
    endloop
  endfacet
  facet normal 0 0 1
    outer loop
      vertex 2.11266 4.47384 2
      vertex 2.83917 6.21368 2
      vertex 2.72445 6.19455 2
    endloop
  endfacet
  facet normal 0 0 1
    outer loop
      vertex 2.99214 3.09727 2
      vertex 2.74358 3.1164 2
      vertex 2.7627 3.09727 2
    endloop
  endfacet
  facet normal 0 0 1
    outer loop
      vertex 2.60974 6.17543 2
      vertex 2.72445 6.19455 2
      vertex 2.62886 6.19455 2
    endloop
  endfacet
  facet normal 0 0 1
    outer loop
      vertex 1.90235 4.91358 2
      vertex 2.72445 6.19455 2
      vertex 2.60974 6.17543 2
    endloop
  endfacet
  facet normal -0 -0 1
    outer loop
      vertex 2.26559 3.4223 2
      vertex 2.74358 3.1164 2
      vertex 2.22737 4.22531 2
    endloop
  endfacet
  facet normal -0 -0 1
    outer loop
      vertex 2.4759 3.21199 2
      vertex 2.74358 3.1164 2
      vertex 2.36118 3.30758 2
    endloop
  endfacet
  facet normal 0 0 1
    outer loop
      vertex 2.15088 6.06071 2
      vertex 2.60974 6.17543 2
      vertex 2.26559 6.13721 2
    endloop
  endfacet
  facet normal 0 0 1
    outer loop
      vertex 2.74358 3.1164 2
      vertex 2.4759 3.21199 2
      vertex 2.68621 3.1164 2
    endloop
  endfacet
  facet normal 0 0 1
    outer loop
      vertex 2.74358 3.1164 2
      vertex 2.26559 3.4223 2
      vertex 2.36118 3.30758 2
    endloop
  endfacet
  facet normal 0 0 1
    outer loop
      vertex 3.31716 3.23112 2
      vertex 2.74358 3.1164 2
      vertex 3.18332 3.15465 2
    endloop
  endfacet
  facet normal 0 0 1
    outer loop
      vertex 1.95969 5.8504 2
      vertex 2.60974 6.17543 2
      vertex 2.15088 6.06071 2
    endloop
  endfacet
  facet normal 0 0 1
    outer loop
      vertex 3.92896 4.16794 2
      vertex 2.11266 4.47384 2
      vertex 2.20825 4.3209 2
    endloop
  endfacet
  facet normal 0 0 1
    outer loop
      vertex 2.60974 6.17543 2
      vertex 1.95969 5.8504 2
      vertex 1.84498 5.52538 2
    endloop
  endfacet
  facet normal 0 0 1
    outer loop
      vertex 2.72445 6.19455 2
      vertex 1.90235 4.91358 2
      vertex 2.11266 4.47384 2
    endloop
  endfacet
  facet normal 0 0 1
    outer loop
      vertex 1.84498 5.52538 2
      vertex 1.95969 5.8504 2
      vertex 1.8641 5.65922 2
    endloop
  endfacet
  facet normal 0 0 1
    outer loop
      vertex 1.82585 5.18126 2
      vertex 2.60974 6.17543 2
      vertex 1.84498 5.52538 2
    endloop
  endfacet
  facet normal 0 0 1
    outer loop
      vertex 1.82585 5.18126 2
      vertex 1.84498 5.52538 2
      vertex 1.82585 5.50628 2
    endloop
  endfacet
  facet normal 0 0 1
    outer loop
      vertex 2.60974 6.17543 2
      vertex 1.82585 5.18126 2
      vertex 1.90235 4.91358 2
    endloop
  endfacet
  facet normal 0 0 1
    outer loop
      vertex 10.3912 0.898603 2
      vertex 10.0279 -0.229431 2
      vertex 10.047 -0.325024 2
    endloop
  endfacet
  facet normal 0 0 1
    outer loop
      vertex 10.2382 0.783887 2
      vertex 9.98967 -0.191184 2
      vertex 10.0279 -0.229431 2
    endloop
  endfacet
  facet normal -0 0 1
    outer loop
      vertex 9.95145 0.630923 2
      vertex 9.98967 -0.191184 2
      vertex 10.2382 0.783887 2
    endloop
  endfacet
  facet normal -0 0 1
    outer loop
      vertex 9.9132 -0.17206 2
      vertex 9.98967 -0.191184 2
      vertex 9.95145 0.630923 2
    endloop
  endfacet
  facet normal 0 0 1
    outer loop
      vertex 9.98967 -0.191184 2
      vertex 9.9132 -0.17206 2
      vertex 9.93233 -0.191184 2
    endloop
  endfacet
  facet normal -0 0 1
    outer loop
      vertex 9.77936 0.573579 2
      vertex 9.9132 -0.17206 2
      vertex 9.95145 0.630923 2
    endloop
  endfacet
  facet normal 0 0 1
    outer loop
      vertex 9.56906 0.535331 2
      vertex 9.77936 0.573579 2
      vertex 9.58818 0.554455 2
    endloop
  endfacet
  facet normal 0 0 1
    outer loop
      vertex 9.77936 0.573579 2
      vertex 9.56906 0.535331 2
      vertex 9.9132 -0.17206 2
    endloop
  endfacet
  facet normal 0 0 1
    outer loop
      vertex 9.397 0.516208 2
      vertex 9.56906 0.535331 2
      vertex 9.41612 0.535331 2
    endloop
  endfacet
  facet normal 0 0 1
    outer loop
      vertex 9.32053 -0.0764675 2
      vertex 9.56906 0.535331 2
      vertex 9.397 0.516208 2
    endloop
  endfacet
  facet normal 0 0 1
    outer loop
      vertex 9.56906 0.535331 2
      vertex 9.32053 -0.0764675 2
      vertex 9.9132 -0.17206 2
    endloop
  endfacet
  facet normal 0 0 1
    outer loop
      vertex 9.397 0.516208 2
      vertex 9.22491 -0.0382481 2
      vertex 9.32053 -0.0764675 2
    endloop
  endfacet
  facet normal -0 0 1
    outer loop
      vertex 9.05285 0 2
      vertex 9.22491 -0.0382481 2
      vertex 9.397 0.516208 2
    endloop
  endfacet
  facet normal 0 0 1
    outer loop
      vertex 9.22491 -0.0382481 2
      vertex 9.05285 0 2
      vertex 9.14844 -0.0382481 2
    endloop
  endfacet
  facet normal -0 0 1
    outer loop
      vertex 8.82342 0.516208 2
      vertex 9.05285 0 2
      vertex 9.397 0.516208 2
    endloop
  endfacet
  facet normal 0 0 1
    outer loop
      vertex 8.82342 0.516208 2
      vertex 8.82342 0.0382471 2
      vertex 9.05285 0 2
    endloop
  endfacet
  facet normal -0 0 1
    outer loop
      vertex 8.59398 0.535331 2
      vertex 8.82342 0.516208 2
      vertex 8.80429 0.535331 2
    endloop
  endfacet
  facet normal 0 0 1
    outer loop
      vertex 8.82342 0.516208 2
      vertex 8.59398 0.535331 2
      vertex 8.82342 0.0382471 2
    endloop
  endfacet
  facet normal -0 0 1
    outer loop
      vertex 8.4028 0.554455 2
      vertex 8.59398 0.535331 2
      vertex 8.57489 0.554455 2
    endloop
  endfacet
  facet normal 0 0 1
    outer loop
      vertex 8.59398 0.535331 2
      vertex 8.4028 0.554455 2
      vertex 8.4028 0.172059 2
    endloop
  endfacet
  facet normal 0 0 1
    outer loop
      vertex 8.59398 0.535331 2
      vertex 8.4028 0.172059 2
      vertex 8.82342 0.0382471 2
    endloop
  endfacet
  facet normal -0 0 1
    outer loop
      vertex 8.26896 0.573579 2
      vertex 8.4028 0.554455 2
      vertex 8.38368 0.573579 2
    endloop
  endfacet
  facet normal 0 0 1
    outer loop
      vertex 8.4028 0.554455 2
      vertex 8.34546 0.172059 2
      vertex 8.4028 0.172059 2
    endloop
  endfacet
  facet normal 0 0 1
    outer loop
      vertex 8.4028 0.554455 2
      vertex 8.26896 0.573579 2
      vertex 8.34546 0.172059 2
    endloop
  endfacet
  facet normal -0 0 1
    outer loop
      vertex 8.13515 0.592675 2
      vertex 8.26896 0.573579 2
      vertex 8.24986 0.592675 2
    endloop
  endfacet
  facet normal 0 0 1
    outer loop
      vertex 8.26896 0.573579 2
      vertex 8.13515 0.592675 2
      vertex 8.34546 0.172059 2
    endloop
  endfacet
  facet normal -0 0 1
    outer loop
      vertex 8.00131 0.611799 2
      vertex 8.13515 0.592675 2
      vertex 8.11602 0.611799 2
    endloop
  endfacet
  facet normal 0 0 1
    outer loop
      vertex 8.13515 0.592675 2
      vertex 8.00131 0.611799 2
      vertex 8.34546 0.172059 2
    endloop
  endfacet
  facet normal 0 0 1
    outer loop
      vertex 7.791 0.650047 2
      vertex 8.00131 0.611799 2
      vertex 7.98218 0.630923 2
    endloop
  endfacet
  facet normal 0 0 1
    outer loop
      vertex 7.46598 0.497084 2
      vertex 8.00131 0.611799 2
      vertex 7.791 0.650047 2
    endloop
  endfacet
  facet normal -0 0 1
    outer loop
      vertex 7.67628 0.669171 2
      vertex 7.791 0.650047 2
      vertex 7.77188 0.669171 2
    endloop
  endfacet
  facet normal 0 0 1
    outer loop
      vertex 7.46598 0.497084 2
      vertex 7.791 0.650047 2
      vertex 7.67628 0.669171 2
    endloop
  endfacet
  facet normal 0 0 1
    outer loop
      vertex 7.46598 0.497084 2
      vertex 7.67628 0.669171 2
      vertex 7.56157 0.707392 2
    endloop
  endfacet
  facet normal 0 0 1
    outer loop
      vertex 7.46598 0.497084 2
      vertex 7.56157 0.707392 2
      vertex 7.4851 0.707392 2
    endloop
  endfacet
  facet normal 0 0 1
    outer loop
      vertex 8.00131 0.611799 2
      vertex 7.46598 0.497084 2
      vertex 8.34546 0.172059 2
    endloop
  endfacet
  facet normal -0 0 1
    outer loop
      vertex 7.38951 0.726515 2
      vertex 7.4851 0.707392 2
      vertex 7.46598 0.726515 2
    endloop
  endfacet
  facet normal 0 0 1
    outer loop
      vertex 7.4851 0.707392 2
      vertex 7.38951 0.726515 2
      vertex 7.46598 0.497084 2
    endloop
  endfacet
  facet normal -0 0 1
    outer loop
      vertex 7.29389 0.745639 2
      vertex 7.38951 0.726515 2
      vertex 7.37038 0.745639 2
    endloop
  endfacet
  facet normal 0 0 1
    outer loop
      vertex 7.38951 0.726515 2
      vertex 7.29389 0.745639 2
      vertex 7.46598 0.497084 2
    endloop
  endfacet
  facet normal -0 0 1
    outer loop
      vertex 7.1983 0.764763 2
      vertex 7.29389 0.745639 2
      vertex 7.27479 0.764763 2
    endloop
  endfacet
  facet normal 0 0 1
    outer loop
      vertex 7.29389 0.745639 2
      vertex 7.1983 0.764763 2
      vertex 7.46598 0.497084 2
    endloop
  endfacet
  facet normal 0 0 1
    outer loop
      vertex 6.93064 0.822107 2
      vertex 7.1983 0.764763 2
      vertex 7.1027 0.803011 2
    endloop
  endfacet
  facet normal 0 0 1
    outer loop
      vertex 7.1983 0.764763 2
      vertex 6.93064 0.822107 2
      vertex 7.46598 0.497084 2
    endloop
  endfacet
  facet normal -0 0 1
    outer loop
      vertex 6.75856 0.841231 2
      vertex 6.93064 0.822107 2
      vertex 6.83505 0.860355 2
    endloop
  endfacet
  facet normal 0 0 1
    outer loop
      vertex 6.75856 0.841231 2
      vertex 6.83505 0.860355 2
      vertex 6.77768 0.860355 2
    endloop
  endfacet
  facet normal 0 0 1
    outer loop
      vertex 6.93064 0.822107 2
      vertex 6.75856 0.841231 2
      vertex 7.46598 0.497084 2
    endloop
  endfacet
  facet normal 0 0 1
    outer loop
      vertex 10.678 1.2045 2
      vertex 14 0 2
      vertex 13.9831 0.686947 2
    endloop
  endfacet
  facet normal 0 0 1
    outer loop
      vertex 10.9647 1.70159 2
      vertex 13.9831 0.686947 2
      vertex 13.9326 1.37224 2
    endloop
  endfacet
  facet normal -0 0 1
    outer loop
      vertex 10.678 1.2045 2
      vertex 13.9831 0.686947 2
      vertex 10.8309 1.43394 2
    endloop
  endfacet
  facet normal -0 0 1
    outer loop
      vertex 11.0412 1.9119 2
      vertex 13.9326 1.37224 2
      vertex 13.8485 2.05423 2
    endloop
  endfacet
  facet normal 0 0 1
    outer loop
      vertex 10.047 -0.325024 2
      vertex 14 0 2
      vertex 10.678 1.2045 2
    endloop
  endfacet
  facet normal -0 0 1
    outer loop
      vertex 11.1177 2.25604 2
      vertex 13.8485 2.05423 2
      vertex 13.731 2.73126 2
    endloop
  endfacet
  facet normal 0 0 1
    outer loop
      vertex 14 0 2
      vertex 10.047 -0.325024 2
      vertex 13.9831 -0.686947 2
    endloop
  endfacet
  facet normal 0 0 1
    outer loop
      vertex 11.1368 2.67666 2
      vertex 13.731 2.73126 2
      vertex 13.5804 3.40172 2
    endloop
  endfacet
  facet normal 0 0 1
    outer loop
      vertex 13.9831 0.686947 2
      vertex 10.9647 1.70159 2
      vertex 10.8309 1.43394 2
    endloop
  endfacet
  facet normal 0 0 1
    outer loop
      vertex 11.1177 2.734 2
      vertex 13.5804 3.40172 2
      vertex 13.3972 4.06398 2
    endloop
  endfacet
  facet normal 0 0 1
    outer loop
      vertex 13.9831 -0.686947 2
      vertex 10.047 -0.325024 2
      vertex 13.9326 -1.37224 2
    endloop
  endfacet
  facet normal -0 0 1
    outer loop
      vertex 10.9839 4.39737 2
      vertex 13.3972 4.06398 2
      vertex 13.1816 4.71646 2
    endloop
  endfacet
  facet normal 0 0 1
    outer loop
      vertex 13.9326 1.37224 2
      vertex 11.0412 1.9119 2
      vertex 10.9647 1.70159 2
    endloop
  endfacet
  facet normal 0 0 1
    outer loop
      vertex 11.0412 4.70327 2
      vertex 13.1816 4.71646 2
      vertex 12.9343 5.35757 2
    endloop
  endfacet
  facet normal -0 0 1
    outer loop
      vertex 9.9132 -0.611799 2
      vertex 13.9326 -1.37224 2
      vertex 10.047 -0.325024 2
    endloop
  endfacet
  facet normal 0 0 1
    outer loop
      vertex 11.0412 5.27685 2
      vertex 12.9343 5.35757 2
      vertex 12.6558 5.98577 2
    endloop
  endfacet
  facet normal 0 0 1
    outer loop
      vertex 13.8485 2.05423 2
      vertex 11.1177 2.25604 2
      vertex 11.0412 1.9119 2
    endloop
  endfacet
  facet normal 0 0 1
    outer loop
      vertex 10.9074 5.81218 2
      vertex 12.6558 5.98577 2
      vertex 12.3469 6.59955 2
    endloop
  endfacet
  facet normal 0 0 1
    outer loop
      vertex 13.9326 -1.37224 2
      vertex 9.9132 -0.611799 2
      vertex 13.8485 -2.05423 2
    endloop
  endfacet
  facet normal 0 0 1
    outer loop
      vertex 10.8309 5.98424 2
      vertex 12.3469 6.59955 2
      vertex 12.0082 7.19744 2
    endloop
  endfacet
  facet normal 0 0 1
    outer loop
      vertex 13.8485 -2.05423 2
      vertex 9.9132 -0.611799 2
      vertex 13.731 -2.73126 2
    endloop
  endfacet
  facet normal 0 0 1
    outer loop
      vertex 10.7544 6.02249 2
      vertex 12.0082 7.19744 2
      vertex 11.6406 7.77798 2
    endloop
  endfacet
  facet normal 0 0 1
    outer loop
      vertex 13.731 2.73126 2
      vertex 11.1368 2.67666 2
      vertex 11.1177 2.25604 2
    endloop
  endfacet
  facet normal 0 0 1
    outer loop
      vertex 9.95145 7.4564 2
      vertex 11.6406 7.77798 2
      vertex 11.2449 8.33979 2
    endloop
  endfacet
  facet normal -0 0 1
    outer loop
      vertex 9.62643 -1.01332 2
      vertex 13.731 -2.73126 2
      vertex 9.9132 -0.611799 2
    endloop
  endfacet
  facet normal 0 0 1
    outer loop
      vertex 13.731 -2.73126 2
      vertex 9.62643 -1.01332 2
      vertex 13.5804 -3.40172 2
    endloop
  endfacet
  facet normal 0 0 1
    outer loop
      vertex 13.1816 4.71646 2
      vertex 11.0412 4.70327 2
      vertex 11.0221 4.56943 2
    endloop
  endfacet
  facet normal 0 0 1
    outer loop
      vertex 13.1816 4.71646 2
      vertex 11.0221 4.56943 2
      vertex 10.9839 4.39737 2
    endloop
  endfacet
  facet normal 0 0 1
    outer loop
      vertex 12.9343 5.35757 2
      vertex 11.0412 5.27685 2
      vertex 11.0412 4.70327 2
    endloop
  endfacet
  facet normal 0 0 1
    outer loop
      vertex 12.6558 5.98577 2
      vertex 11.003 5.50628 2
      vertex 11.0412 5.27685 2
    endloop
  endfacet
  facet normal 0 0 1
    outer loop
      vertex 11.0412 5.27685 2
      vertex 11.003 5.50628 2
      vertex 11.0221 5.29598 2
    endloop
  endfacet
  facet normal 0 0 1
    outer loop
      vertex 12.6558 5.98577 2
      vertex 10.9074 5.81218 2
      vertex 11.003 5.50628 2
    endloop
  endfacet
  facet normal 0 0 1
    outer loop
      vertex 12.3469 6.59955 2
      vertex 10.8309 5.98424 2
      vertex 10.9074 5.81218 2
    endloop
  endfacet
  facet normal 0 0 1
    outer loop
      vertex 9.85586 7.89614 2
      vertex 11.2449 8.33979 2
      vertex 10.8221 8.88151 2
    endloop
  endfacet
  facet normal 0 0 1
    outer loop
      vertex 11.6406 7.77798 2
      vertex 9.95145 7.4564 2
      vertex 9.95145 6.92107 2
    endloop
  endfacet
  facet normal 0 0 1
    outer loop
      vertex 12.0082 7.19744 2
      vertex 10.7544 6.02249 2
      vertex 10.8309 5.98424 2
    endloop
  endfacet
  facet normal 0 0 1
    outer loop
      vertex 11.6406 7.77798 2
      vertex 9.95145 6.92107 2
      vertex 10.7544 6.02249 2
    endloop
  endfacet
  facet normal 0 0 1
    outer loop
      vertex 9.77936 8.06823 2
      vertex 10.8221 8.88151 2
      vertex 10.3733 9.40182 2
    endloop
  endfacet
  facet normal -0 0 1
    outer loop
      vertex 9.93233 6.80638 2
      vertex 10.7544 6.02249 2
      vertex 9.95145 6.92107 2
    endloop
  endfacet
  facet normal 0 0 1
    outer loop
      vertex 10.7544 6.02249 2
      vertex 9.93233 6.80638 2
      vertex 10.6971 6.00337 2
    endloop
  endfacet
  facet normal 0 0 1
    outer loop
      vertex 11.2449 8.33979 2
      vertex 9.93233 7.59024 2
      vertex 9.95145 7.4564 2
    endloop
  endfacet
  facet normal 0 0 1
    outer loop
      vertex 11.2449 8.33979 2
      vertex 9.9132 7.68583 2
      vertex 9.93233 7.59024 2
    endloop
  endfacet
  facet normal 0 0 1
    outer loop
      vertex 9.3014 8.90946 2
      vertex 10.3733 9.40182 2
      vertex 9.89949 9.89949 2
    endloop
  endfacet
  facet normal 0 0 1
    outer loop
      vertex 11.2449 8.33979 2
      vertex 9.85586 7.89614 2
      vertex 9.9132 7.68583 2
    endloop
  endfacet
  facet normal 0 0 1
    outer loop
      vertex 9.9132 7.68583 2
      vertex 9.85586 7.89614 2
      vertex 9.85586 7.83879 2
    endloop
  endfacet
  facet normal 0 0 1
    outer loop
      vertex 13.5804 -3.40172 2
      vertex 9.47346 -1.16626 2
      vertex 13.3972 -4.06398 2
    endloop
  endfacet
  facet normal 0 0 1
    outer loop
      vertex 11.0412 1.9119 2
      vertex 11.1177 2.25604 2
      vertex 11.0986 2.23692 2
    endloop
  endfacet
  facet normal -0 0 1
    outer loop
      vertex 9.3014 -1.3001 2
      vertex 13.3972 -4.06398 2
      vertex 9.47346 -1.16626 2
    endloop
  endfacet
  facet normal 0 0 1
    outer loop
      vertex 13.3972 -4.06398 2
      vertex 9.3014 -1.3001 2
      vertex 13.1816 -4.71646 2
    endloop
  endfacet
  facet normal -0 0 1
    outer loop
      vertex 8.88079 -1.52953 2
      vertex 13.1816 -4.71646 2
      vertex 9.3014 -1.3001 2
    endloop
  endfacet
  facet normal 0 0 1
    outer loop
      vertex 13.1816 -4.71646 2
      vertex 8.88079 -1.52953 2
      vertex 12.9343 -5.35757 2
    endloop
  endfacet
  facet normal -0 0 1
    outer loop
      vertex 9.47346 -1.16626 2
      vertex 13.5804 -3.40172 2
      vertex 9.62643 -1.01332 2
    endloop
  endfacet
  facet normal 0 0 1
    outer loop
      vertex 10.047 -0.325024 2
      vertex 10.678 1.2045 2
      vertex 10.3912 0.898603 2
    endloop
  endfacet
  facet normal 0 0 1
    outer loop
      vertex 12.9343 -5.35757 2
      vertex 8.88079 -1.52953 2
      vertex 12.6558 -5.98577 2
    endloop
  endfacet
  facet normal 0 0 1
    outer loop
      vertex 10.0279 -0.229431 2
      vertex 10.3912 0.898603 2
      vertex 10.2382 0.783887 2
    endloop
  endfacet
  facet normal -0 0 1
    outer loop
      vertex 8.55576 -1.62512 2
      vertex 12.6558 -5.98577 2
      vertex 8.88079 -1.52953 2
    endloop
  endfacet
  facet normal 0 0 1
    outer loop
      vertex 12.6558 -5.98577 2
      vertex 8.55576 -1.62512 2
      vertex 12.3469 -6.59955 2
    endloop
  endfacet
  facet normal -0 0 1
    outer loop
      vertex 6.98799 -2.33251 2
      vertex 12.3469 -6.59955 2
      vertex 8.55576 -1.62512 2
    endloop
  endfacet
  facet normal 0 0 1
    outer loop
      vertex 12.3469 -6.59955 2
      vertex 6.98799 -2.33251 2
      vertex 12.0082 -7.19744 2
    endloop
  endfacet
  facet normal -0 0 1
    outer loop
      vertex 5.43936 -4.95183 2
      vertex 12.0082 -7.19744 2
      vertex 6.98799 -2.33251 2
    endloop
  endfacet
  facet normal -0 0 1
    outer loop
      vertex 5.42024 -5.14301 2
      vertex 12.0082 -7.19744 2
      vertex 5.43936 -4.95183 2
    endloop
  endfacet
  facet normal 0 0 1
    outer loop
      vertex 12.0082 -7.19744 2
      vertex 5.42024 -5.14301 2
      vertex 11.6406 -7.77798 2
    endloop
  endfacet
  facet normal -0 0 1
    outer loop
      vertex 5.36287 -5.25773 2
      vertex 10.8221 -8.88151 2
      vertex 5.42024 -5.14301 2
    endloop
  endfacet
  facet normal 0 0 1
    outer loop
      vertex 10.8221 -8.88151 2
      vertex 5.36287 -5.25773 2
      vertex 10.3733 -9.40182 2
    endloop
  endfacet
  facet normal 0 0 1
    outer loop
      vertex 10.3733 -9.40182 2
      vertex 5.36287 -5.25773 2
      vertex 9.89949 -9.89949 2
    endloop
  endfacet
  facet normal 0 0 1
    outer loop
      vertex 8.44105 -1.64424 2
      vertex 8.55576 -1.62512 2
      vertex 8.46017 -1.62512 2
    endloop
  endfacet
  facet normal 0 0 1
    outer loop
      vertex 6.98799 -2.33251 2
      vertex 8.55576 -1.62512 2
      vertex 8.44105 -1.64424 2
    endloop
  endfacet
  facet normal 0 0 1
    outer loop
      vertex 9.89949 -9.89949 2
      vertex 5.36287 -5.25773 2
      vertex 9.40182 -10.3733 2
    endloop
  endfacet
  facet normal 0 0 1
    outer loop
      vertex 7.02624 -2.27517 2
      vertex 8.44105 -1.64424 2
      vertex 8.03956 -1.64424 2
    endloop
  endfacet
  facet normal -0 0 1
    outer loop
      vertex 7.92484 -1.62512 2
      vertex 8.03956 -1.64424 2
      vertex 8.02043 -1.62512 2
    endloop
  endfacet
  facet normal 0 0 1
    outer loop
      vertex 8.03956 -1.64424 2
      vertex 7.92484 -1.62512 2
      vertex 7.02624 -2.27517 2
    endloop
  endfacet
  facet normal -0 0 1
    outer loop
      vertex 7.81012 -1.606 2
      vertex 7.92484 -1.62512 2
      vertex 7.90571 -1.606 2
    endloop
  endfacet
  facet normal 0 0 1
    outer loop
      vertex 7.92484 -1.62512 2
      vertex 7.81012 -1.606 2
      vertex 7.02624 -2.27517 2
    endloop
  endfacet
  facet normal 0 0 1
    outer loop
      vertex 11.2449 -8.33979 2
      vertex 5.42024 -5.14301 2
      vertex 10.8221 -8.88151 2
    endloop
  endfacet
  facet normal -0 0 1
    outer loop
      vertex 7.65716 -1.56775 2
      vertex 7.81012 -1.606 2
      vertex 7.71453 -1.56775 2
    endloop
  endfacet
  facet normal 0 0 1
    outer loop
      vertex 7.81012 -1.606 2
      vertex 7.65716 -1.56775 2
      vertex 7.02624 -2.27517 2
    endloop
  endfacet
  facet normal -0 0 1
    outer loop
      vertex 5.22906 -5.37244 2
      vertex 9.40182 -10.3733 2
      vertex 5.36287 -5.25773 2
    endloop
  endfacet
  facet normal 0 0 1
    outer loop
      vertex 7.00711 -2.17958 2
      vertex 7.65716 -1.56775 2
      vertex 7.1792 -1.39569 2
    endloop
  endfacet
  facet normal -0 0 1
    outer loop
      vertex 7.04536 -1.33834 2
      vertex 7.1792 -1.39569 2
      vertex 7.08358 -1.33834 2
    endloop
  endfacet
  facet normal 0 0 1
    outer loop
      vertex 6.64387 -1.87368 2
      vertex 7.1792 -1.39569 2
      vertex 7.04536 -1.33834 2
    endloop
  endfacet
  facet normal 0 0 1
    outer loop
      vertex 8.44105 -1.64424 2
      vertex 7.02624 -2.27517 2
      vertex 6.98799 -2.33251 2
    endloop
  endfacet
  facet normal 0 0 1
    outer loop
      vertex 9.40182 -10.3733 2
      vertex 5.22906 -5.37244 2
      vertex 8.88151 -10.8221 2
    endloop
  endfacet
  facet normal -0 0 1
    outer loop
      vertex 3.75687 -7.30346 2
      vertex 8.88151 -10.8221 2
      vertex 5.22906 -5.37244 2
    endloop
  endfacet
  facet normal 0 0 1
    outer loop
      vertex 5.43936 -4.95183 2
      vertex 6.98799 -2.33251 2
      vertex 6.5865 -2.54282 2
    endloop
  endfacet
  facet normal 0 0 1
    outer loop
      vertex 5.40112 -4.83711 2
      vertex 6.5865 -2.54282 2
      vertex 6.24235 -2.63841 2
    endloop
  endfacet
  facet normal 0 0 1
    outer loop
      vertex 8.88151 -10.8221 2
      vertex 3.75687 -7.30346 2
      vertex 8.33979 -11.2449 2
    endloop
  endfacet
  facet normal 0 0 1
    outer loop
      vertex 5.8791 -2.67666 2
      vertex 6.24235 -2.63841 2
      vertex 5.8982 -2.65754 2
    endloop
  endfacet
  facet normal 0 0 1
    outer loop
      vertex 5.40112 -4.83711 2
      vertex 6.24235 -2.63841 2
      vertex 5.8791 -2.67666 2
    endloop
  endfacet
  facet normal -0 0 1
    outer loop
      vertex 5.5732 -2.65754 2
      vertex 5.8791 -2.67666 2
      vertex 5.85998 -2.65754 2
    endloop
  endfacet
  facet normal 0 0 1
    outer loop
      vertex 5.40112 -4.83711 2
      vertex 5.8791 -2.67666 2
      vertex 5.5732 -2.65754 2
    endloop
  endfacet
  facet normal 0 0 1
    outer loop
      vertex 5.34377 -2.61932 2
      vertex 5.5732 -2.65754 2
      vertex 5.55408 -2.63841 2
    endloop
  endfacet
  facet normal 0 0 1
    outer loop
      vertex 11.6406 -7.77798 2
      vertex 5.42024 -5.14301 2
      vertex 11.2449 -8.33979 2
    endloop
  endfacet
  facet normal -0 0 1
    outer loop
      vertex 3.69953 -7.4373 2
      vertex 8.33979 -11.2449 2
      vertex 3.75687 -7.30346 2
    endloop
  endfacet
  facet normal 0 0 1
    outer loop
      vertex 8.33979 -11.2449 2
      vertex 3.69953 -7.4373 2
      vertex 7.77798 -11.6406 2
    endloop
  endfacet
  facet normal -0 0 1
    outer loop
      vertex 3.60394 -7.57112 2
      vertex 7.77798 -11.6406 2
      vertex 3.69953 -7.4373 2
    endloop
  endfacet
  facet normal 0 0 1
    outer loop
      vertex 7.77798 -11.6406 2
      vertex 3.60394 -7.57112 2
      vertex 7.19744 -12.0082 2
    endloop
  endfacet
  facet normal 0 0 1
    outer loop
      vertex 3.75687 -7.30346 2
      vertex 5.22906 -5.37244 2
      vertex 5.11434 -5.41069 2
    endloop
  endfacet
  facet normal 0 0 1
    outer loop
      vertex 3.75687 -7.20787 2
      vertex 5.11434 -5.41069 2
      vertex 4.9805 -5.41069 2
    endloop
  endfacet
  facet normal 0 0 1
    outer loop
      vertex 3.75687 -7.20787 2
      vertex 4.9805 -5.41069 2
      vertex 4.80844 -5.3342 2
    endloop
  endfacet
  facet normal 0 0 1
    outer loop
      vertex 7.19744 -12.0082 2
      vertex 3.60394 -7.57112 2
      vertex 6.59955 -12.3469 2
    endloop
  endfacet
  facet normal 0 0 1
    outer loop
      vertex 3.73777 -5.41069 2
      vertex 4.61723 -5.10476 2
      vertex 3.75687 -5.35332 2
    endloop
  endfacet
  facet normal 0 0 1
    outer loop
      vertex 3.75687 -5.35332 2
      vertex 4.61723 -5.10476 2
      vertex 4.46429 -4.99005 2
    endloop
  endfacet
  facet normal 0 0 1
    outer loop
      vertex 3.75687 -5.35332 2
      vertex 4.46429 -4.99005 2
      vertex 4.25398 -4.89446 2
    endloop
  endfacet
  facet normal 0 0 1
    outer loop
      vertex 3.776 -5.12389 2
      vertex 4.25398 -4.89446 2
      vertex 4.10102 -4.87536 2
    endloop
  endfacet
  facet normal -0 0 1
    outer loop
      vertex 3.96718 -4.85624 2
      vertex 4.10102 -4.87536 2
      vertex 4.0819 -4.85624 2
    endloop
  endfacet
  facet normal -0 0 1
    outer loop
      vertex 3.31716 -7.85792 2
      vertex 6.59955 -12.3469 2
      vertex 3.60394 -7.57112 2
    endloop
  endfacet
  facet normal 0 0 1
    outer loop
      vertex 3.85249 -4.91358 2
      vertex 4.10102 -4.87536 2
      vertex 3.96718 -4.85624 2
    endloop
  endfacet
  facet normal 0 0 1
    outer loop
      vertex 4.10102 -4.87536 2
      vertex 3.85249 -4.91358 2
      vertex 3.776 -5.12389 2
    endloop
  endfacet
  facet normal 0 0 1
    outer loop
      vertex 3.776 -5.12389 2
      vertex 3.85249 -4.91358 2
      vertex 3.79512 -4.99005 2
    endloop
  endfacet
  facet normal 0 0 1
    outer loop
      vertex 4.25398 -4.89446 2
      vertex 3.776 -5.12389 2
      vertex 3.75687 -5.35332 2
    endloop
  endfacet
  facet normal 0 0 1
    outer loop
      vertex 3.75687 -5.35332 2
      vertex 3.776 -5.12389 2
      vertex 3.75687 -5.14301 2
    endloop
  endfacet
  facet normal 0 0 1
    outer loop
      vertex 4.61723 -5.10476 2
      vertex 3.73777 -5.41069 2
      vertex 4.80844 -5.3342 2
    endloop
  endfacet
  facet normal 0 0 1
    outer loop
      vertex 5.11434 -5.41069 2
      vertex 3.75687 -7.20787 2
      vertex 3.75687 -7.30346 2
    endloop
  endfacet
  facet normal 0 0 1
    outer loop
      vertex 6.59955 -12.3469 2
      vertex 3.31716 -7.85792 2
      vertex 5.98577 -12.6558 2
    endloop
  endfacet
  facet normal -0 0 1
    outer loop
      vertex 3.04948 -8.0491 2
      vertex 5.98577 -12.6558 2
      vertex 3.31716 -7.85792 2
    endloop
  endfacet
  facet normal 0 0 1
    outer loop
      vertex 5.98577 -12.6558 2
      vertex 3.04948 -8.0491 2
      vertex 5.35757 -12.9343 2
    endloop
  endfacet
  facet normal -0 0 1
    outer loop
      vertex 2.78183 -8.20204 2
      vertex 5.35757 -12.9343 2
      vertex 3.04948 -8.0491 2
    endloop
  endfacet
  facet normal 0 0 1
    outer loop
      vertex 5.35757 -12.9343 2
      vertex 2.78183 -8.20204 2
      vertex 4.71646 -13.1816 2
    endloop
  endfacet
  facet normal -0 0 1
    outer loop
      vertex 2.60974 -8.27854 2
      vertex 4.71646 -13.1816 2
      vertex 2.78183 -8.20204 2
    endloop
  endfacet
  facet normal 0 0 1
    outer loop
      vertex 4.71646 -13.1816 2
      vertex 2.60974 -8.27854 2
      vertex 4.06398 -13.3972 2
    endloop
  endfacet
  facet normal 0 0 1
    outer loop
      vertex 2.60974 -8.27854 2
      vertex 2.78183 -8.20204 2
      vertex 2.74358 -8.20204 2
    endloop
  endfacet
  facet normal -0 0 1
    outer loop
      vertex 2.43768 -8.33588 2
      vertex 4.06398 -13.3972 2
      vertex 2.60974 -8.27854 2
    endloop
  endfacet
  facet normal 0 0 1
    outer loop
      vertex 4.06398 -13.3972 2
      vertex 2.43768 -8.33588 2
      vertex 3.40172 -13.5804 2
    endloop
  endfacet
  facet normal -0 0 1
    outer loop
      vertex 2.2465 -8.355 2
      vertex 3.40172 -13.5804 2
      vertex 2.43768 -8.33588 2
    endloop
  endfacet
  facet normal -0 0 1
    outer loop
      vertex 1.23318 -8.68003 2
      vertex 3.40172 -13.5804 2
      vertex 2.2465 -8.355 2
    endloop
  endfacet
  facet normal 0 0 1
    outer loop
      vertex 1.42436 -8.48884 2
      vertex 2.2465 -8.355 2
      vertex 2.17 -8.31676 2
    endloop
  endfacet
  facet normal 0 0 1
    outer loop
      vertex 1.42436 -8.48884 2
      vertex 2.17 -8.31676 2
      vertex 2.11266 -8.25941 2
    endloop
  endfacet
  facet normal 0 0 1
    outer loop
      vertex 1.44348 -8.355 2
      vertex 2.11266 -8.25941 2
      vertex 2.05528 -8.1447 2
    endloop
  endfacet
  facet normal 0 0 1
    outer loop
      vertex 1.23318 -8.68003 2
      vertex 2.2465 -8.355 2
      vertex 1.32877 -8.62268 2
    endloop
  endfacet
  facet normal 0 0 1
    outer loop
      vertex 1.44348 -8.355 2
      vertex 2.05528 -8.1447 2
      vertex 1.90235 -7.72408 2
    endloop
  endfacet
  facet normal 0 0 1
    outer loop
      vertex 1.44348 -8.355 2
      vertex 1.90235 -7.72408 2
      vertex 1.84498 -7.62849 2
    endloop
  endfacet
  facet normal 0 0 1
    outer loop
      vertex 1.44348 -8.355 2
      vertex 1.84498 -7.62849 2
      vertex 1.76851 -7.39906 2
    endloop
  endfacet
  facet normal 0 0 1
    outer loop
      vertex 1.44348 -8.355 2
      vertex 1.76851 -7.39906 2
      vertex 1.71116 -7.30346 2
    endloop
  endfacet
  facet normal 0 0 1
    outer loop
      vertex 1.44348 -8.355 2
      vertex 1.71116 -7.30346 2
      vertex 1.51995 -6.78726 2
    endloop
  endfacet
  facet normal 0 0 1
    outer loop
      vertex 1.44348 -8.355 2
      vertex 1.51995 -6.78726 2
      vertex 1.48173 -6.72988 2
    endloop
  endfacet
  facet normal 0 0 1
    outer loop
      vertex 2.11266 -8.25941 2
      vertex 1.44348 -8.355 2
      vertex 1.42436 -8.48884 2
    endloop
  endfacet
  facet normal 0 0 1
    outer loop
      vertex 2.2465 -8.355 2
      vertex 1.42436 -8.48884 2
      vertex 1.32877 -8.62268 2
    endloop
  endfacet
  facet normal 0 0 1
    outer loop
      vertex 3.40172 -13.5804 2
      vertex 1.23318 -8.68003 2
      vertex 2.73126 -13.731 2
    endloop
  endfacet
  facet normal -0 0 1
    outer loop
      vertex 1.09934 -8.73737 2
      vertex 2.73126 -13.731 2
      vertex 1.23318 -8.68003 2
    endloop
  endfacet
  facet normal 0 0 1
    outer loop
      vertex 2.73126 -13.731 2
      vertex 1.09934 -8.73737 2
      vertex 2.05423 -13.8485 2
    endloop
  endfacet
  facet normal 0 0 1
    outer loop
      vertex 1.09934 -8.73737 2
      vertex 1.23318 -8.68003 2
      vertex 1.19493 -8.68003 2
    endloop
  endfacet
  facet normal -0 0 1
    outer loop
      vertex 0.927276 -8.79474 2
      vertex 2.05423 -13.8485 2
      vertex 1.09934 -8.73737 2
    endloop
  endfacet
  facet normal -0 0 1
    outer loop
      vertex 0.697844 -8.85209 2
      vertex 2.05423 -13.8485 2
      vertex 0.927276 -8.79474 2
    endloop
  endfacet
  facet normal 0 0 1
    outer loop
      vertex 0.697844 -8.85209 2
      vertex 0.927276 -8.79474 2
      vertex 0.716968 -8.83299 2
    endloop
  endfacet
  facet normal 0 0 1
    outer loop
      vertex 2.05423 -13.8485 2
      vertex 0.697844 -8.85209 2
      vertex 1.37224 -13.9326 2
    endloop
  endfacet
  facet normal -0 0 1
    outer loop
      vertex 0.487535 -8.89034 2
      vertex 1.37224 -13.9326 2
      vertex 0.697844 -8.85209 2
    endloop
  endfacet
  facet normal 0 0 1
    outer loop
      vertex 0.487535 -8.89034 2
      vertex 0.697844 -8.85209 2
      vertex 0.50666 -8.87121 2
    endloop
  endfacet
  facet normal 0 0 1
    outer loop
      vertex 1.37224 -13.9326 2
      vertex 0.487535 -8.89034 2
      vertex 0.686947 -13.9831 2
    endloop
  endfacet
  facet normal 0 0 1
    outer loop
      vertex 0.296351 -8.90946 2
      vertex 0.487535 -8.89034 2
      vertex 0.315475 -8.89034 2
    endloop
  endfacet
  facet normal 0 0 1
    outer loop
      vertex 0.487535 -8.89034 2
      vertex 0.296351 -8.90946 2
      vertex 0.686947 -13.9831 2
    endloop
  endfacet
  facet normal 0 0 1
    outer loop
      vertex 0.296351 -8.90946 2
      vertex 0 -14 2
      vertex 0.686947 -13.9831 2
    endloop
  endfacet
  facet normal -0 0 1
    outer loop
      vertex -0.315475 -8.90946 2
      vertex 0 -14 2
      vertex 0.296351 -8.90946 2
    endloop
  endfacet
  facet normal -0 0 1
    outer loop
      vertex -0.487535 -8.89034 2
      vertex -0.315475 -8.90946 2
      vertex -0.334572 -8.89034 2
    endloop
  endfacet
  facet normal 0 0 1
    outer loop
      vertex -0.315475 -8.90946 2
      vertex -0.487535 -8.89034 2
      vertex -0.686947 -13.9831 2
    endloop
  endfacet
  facet normal -0 0 1
    outer loop
      vertex -0.602252 -8.87121 2
      vertex -0.487535 -8.89034 2
      vertex -0.50666 -8.87121 2
    endloop
  endfacet
  facet normal 0 0 1
    outer loop
      vertex -1.37224 -13.9326 2
      vertex -0.487535 -8.89034 2
      vertex -0.602252 -8.87121 2
    endloop
  endfacet
  facet normal -0 0 1
    outer loop
      vertex -0.697844 -8.85209 2
      vertex -0.602252 -8.87121 2
      vertex -0.621376 -8.85209 2
    endloop
  endfacet
  facet normal 0 0 1
    outer loop
      vertex -0.315475 -8.90946 2
      vertex -0.686947 -13.9831 2
      vertex 0 -14 2
    endloop
  endfacet
  facet normal 0 0 1
    outer loop
      vertex -1.37224 -13.9326 2
      vertex -0.602252 -8.87121 2
      vertex -0.697844 -8.85209 2
    endloop
  endfacet
  facet normal -0 0 1
    outer loop
      vertex -0.927276 -8.79474 2
      vertex -0.697844 -8.85209 2
      vertex -0.869904 -8.79474 2
    endloop
  endfacet
  facet normal 0 0 1
    outer loop
      vertex -2.05423 -13.8485 2
      vertex -0.697844 -8.85209 2
      vertex -0.927276 -8.79474 2
    endloop
  endfacet
  facet normal 0 0 1
    outer loop
      vertex -2.05423 -13.8485 2
      vertex -0.927276 -8.79474 2
      vertex -1.09934 -8.73737 2
    endloop
  endfacet
  facet normal 0 0 1
    outer loop
      vertex -2.73126 -13.731 2
      vertex -1.09934 -8.73737 2
      vertex -1.32877 -8.62268 2
    endloop
  endfacet
  facet normal 0 0 1
    outer loop
      vertex -0.487535 -8.89034 2
      vertex -1.37224 -13.9326 2
      vertex -0.686947 -13.9831 2
    endloop
  endfacet
  facet normal 0 0 1
    outer loop
      vertex -2.18912 -8.33588 2
      vertex -1.32877 -8.62268 2
      vertex -1.40524 -8.54619 2
    endloop
  endfacet
  facet normal 0 0 1
    outer loop
      vertex -2.18912 -8.33588 2
      vertex -1.40524 -8.54619 2
      vertex -1.44348 -8.43147 2
    endloop
  endfacet
  facet normal -0 0 1
    outer loop
      vertex -1.74938 -7.36081 2
      vertex -1.27142 -7.49465 2
      vertex -1.69204 -7.26522 2
    endloop
  endfacet
  facet normal 0 0 1
    outer loop
      vertex -1.50083 -6.78726 2
      vertex -1.46261 -6.69166 2
      vertex -1.50083 -6.74901 2
    endloop
  endfacet
  facet normal 0 0 1
    outer loop
      vertex -1.27142 -7.49465 2
      vertex -1.29052 -7.59024 2
      vertex -1.27142 -7.57112 2
    endloop
  endfacet
  facet normal 0 0 1
    outer loop
      vertex -1.27142 -7.49465 2
      vertex -1.74938 -7.36081 2
      vertex -1.29052 -7.59024 2
    endloop
  endfacet
  facet normal 0 0 1
    outer loop
      vertex -1.53908 -6.88285 2
      vertex -1.50083 -6.78726 2
      vertex -1.53908 -6.8446 2
    endloop
  endfacet
  facet normal 0 -0 1
    outer loop
      vertex -1.30964 -7.68583 2
      vertex -1.29052 -7.59024 2
      vertex -1.74938 -7.36081 2
    endloop
  endfacet
  facet normal 0 0 1
    outer loop
      vertex -1.57732 -6.97844 2
      vertex -1.53908 -6.88285 2
      vertex -1.57732 -6.94019 2
    endloop
  endfacet
  facet normal 0 0 1
    outer loop
      vertex -1.29052 -7.59024 2
      vertex -1.30964 -7.68583 2
      vertex -1.29052 -7.66671 2
    endloop
  endfacet
  facet normal 0 0 1
    outer loop
      vertex -1.61554 -7.07403 2
      vertex -1.57732 -6.97844 2
      vertex -1.61554 -7.03578 2
    endloop
  endfacet
  facet normal 0 -0 1
    outer loop
      vertex -1.32877 -7.78142 2
      vertex -1.30964 -7.68583 2
      vertex -1.74938 -7.36081 2
    endloop
  endfacet
  facet normal 0 0 1
    outer loop
      vertex -1.65379 -7.16962 2
      vertex -1.61554 -7.07403 2
      vertex -1.65379 -7.13138 2
    endloop
  endfacet
  facet normal 0 0 1
    outer loop
      vertex -1.30964 -7.68583 2
      vertex -1.32877 -7.78142 2
      vertex -1.30964 -7.76233 2
    endloop
  endfacet
  facet normal 0 0 1
    outer loop
      vertex -1.69204 -7.26522 2
      vertex -1.65379 -7.16962 2
      vertex -1.69204 -7.227 2
    endloop
  endfacet
  facet normal 0 0 1
    outer loop
      vertex -1.94057 -7.87704 2
      vertex -1.32877 -7.78142 2
      vertex -1.74938 -7.36081 2
    endloop
  endfacet
  facet normal 0 0 1
    outer loop
      vertex -1.32877 -7.78142 2
      vertex -1.94057 -7.87704 2
      vertex -1.44348 -8.43147 2
    endloop
  endfacet
  facet normal -0 0 1
    outer loop
      vertex -2.07441 -8.16382 2
      vertex -1.44348 -8.43147 2
      vertex -1.94057 -7.87704 2
    endloop
  endfacet
  facet normal -0 0 1
    outer loop
      vertex -2.18912 -8.33588 2
      vertex -1.44348 -8.43147 2
      vertex -2.07441 -8.20204 2
    endloop
  endfacet
  facet normal 0 0 1
    outer loop
      vertex -1.44348 -8.43147 2
      vertex -2.07441 -8.16382 2
      vertex -2.07441 -8.20204 2
    endloop
  endfacet
  facet normal 0 0 1
    outer loop
      vertex -1.32877 -8.62268 2
      vertex -2.18912 -8.33588 2
      vertex -2.36118 -8.355 2
    endloop
  endfacet
  facet normal 0 0 1
    outer loop
      vertex -0.697844 -8.85209 2
      vertex -2.05423 -13.8485 2
      vertex -1.37224 -13.9326 2
    endloop
  endfacet
  facet normal 0 0 1
    outer loop
      vertex -3.40172 -13.5804 2
      vertex -1.32877 -8.62268 2
      vertex -2.36118 -8.355 2
    endloop
  endfacet
  facet normal 0 0 1
    outer loop
      vertex -4.06398 -13.3972 2
      vertex -2.36118 -8.355 2
      vertex -2.64799 -8.25941 2
    endloop
  endfacet
  facet normal 0 0 1
    outer loop
      vertex -1.09934 -8.73737 2
      vertex -2.73126 -13.731 2
      vertex -2.05423 -13.8485 2
    endloop
  endfacet
  facet normal 0 0 1
    outer loop
      vertex -4.71646 -13.1816 2
      vertex -2.64799 -8.25941 2
      vertex -2.95389 -8.10645 2
    endloop
  endfacet
  facet normal 0 0 1
    outer loop
      vertex -5.98577 -12.6558 2
      vertex -2.95389 -8.10645 2
      vertex -3.24066 -7.91526 2
    endloop
  endfacet
  facet normal 0 0 1
    outer loop
      vertex -1.32877 -8.62268 2
      vertex -3.40172 -13.5804 2
      vertex -2.73126 -13.731 2
    endloop
  endfacet
  facet normal 0 0 1
    outer loop
      vertex -6.59955 -12.3469 2
      vertex -3.24066 -7.91526 2
      vertex -3.58481 -7.59024 2
    endloop
  endfacet
  facet normal 0 0 1
    outer loop
      vertex -7.77798 -11.6406 2
      vertex -3.58481 -7.59024 2
      vertex -3.71865 -7.39906 2
    endloop
  endfacet
  facet normal 0 0 1
    outer loop
      vertex -8.88151 -10.8221 2
      vertex -3.71865 -7.39906 2
      vertex -3.75687 -7.28434 2
    endloop
  endfacet
  facet normal 0 0 1
    outer loop
      vertex -3.90984 -4.87536 2
      vertex -3.776 -5.12389 2
      vertex -3.81424 -4.95183 2
    endloop
  endfacet
  facet normal 0 0 1
    outer loop
      vertex -3.776 -5.12389 2
      vertex -3.90984 -4.87536 2
      vertex -4.10102 -4.87536 2
    endloop
  endfacet
  facet normal 0 0 1
    outer loop
      vertex -3.75687 -5.35332 2
      vertex -4.82754 -5.35332 2
      vertex -3.75687 -7.28434 2
    endloop
  endfacet
  facet normal 0 0 1
    outer loop
      vertex -4.10102 -4.87536 2
      vertex -3.90984 -4.87536 2
      vertex -3.96718 -4.85624 2
    endloop
  endfacet
  facet normal -0 0 1
    outer loop
      vertex -4.9805 -5.41069 2
      vertex -3.75687 -7.28434 2
      vertex -4.82754 -5.35332 2
    endloop
  endfacet
  facet normal 0 0 1
    outer loop
      vertex -4.10102 -4.87536 2
      vertex -3.96718 -4.85624 2
      vertex -4.0819 -4.85624 2
    endloop
  endfacet
  facet normal -0 0 1
    outer loop
      vertex -4.25398 -4.89446 2
      vertex -3.776 -5.12389 2
      vertex -4.10102 -4.87536 2
    endloop
  endfacet
  facet normal 0 0 1
    outer loop
      vertex -3.75687 -5.35332 2
      vertex -4.25398 -4.89446 2
      vertex -4.42604 -4.97095 2
    endloop
  endfacet
  facet normal 0 0 1
    outer loop
      vertex -3.75687 -5.35332 2
      vertex -4.42604 -4.97095 2
      vertex -4.54076 -5.04742 2
    endloop
  endfacet
  facet normal 0 0 1
    outer loop
      vertex -3.75687 -5.35332 2
      vertex -4.54076 -5.04742 2
      vertex -4.82754 -5.35332 2
    endloop
  endfacet
  facet normal 0 0 1
    outer loop
      vertex -2.36118 -8.355 2
      vertex -4.06398 -13.3972 2
      vertex -3.40172 -13.5804 2
    endloop
  endfacet
  facet normal 0 0 1
    outer loop
      vertex -2.64799 -8.25941 2
      vertex -4.71646 -13.1816 2
      vertex -4.06398 -13.3972 2
    endloop
  endfacet
  facet normal -0 0 1
    outer loop
      vertex -5.11434 -5.41069 2
      vertex -3.75687 -7.28434 2
      vertex -4.9805 -5.41069 2
    endloop
  endfacet
  facet normal 0 0 1
    outer loop
      vertex -5.22906 -5.37244 2
      vertex -3.75687 -7.28434 2
      vertex -5.11434 -5.41069 2
    endloop
  endfacet
  facet normal 0 0 1
    outer loop
      vertex -8.88151 -10.8221 2
      vertex -3.75687 -7.28434 2
      vertex -5.22906 -5.37244 2
    endloop
  endfacet
  facet normal 0 0 1
    outer loop
      vertex -9.40182 -10.3733 2
      vertex -5.22906 -5.37244 2
      vertex -5.34377 -5.27685 2
    endloop
  endfacet
  facet normal 0 0 1
    outer loop
      vertex -2.95389 -8.10645 2
      vertex -5.35757 -12.9343 2
      vertex -4.71646 -13.1816 2
    endloop
  endfacet
  facet normal 0 0 1
    outer loop
      vertex -10.8221 -8.88151 2
      vertex -5.34377 -5.27685 2
      vertex -5.42024 -5.14301 2
    endloop
  endfacet
  facet normal 0 0 1
    outer loop
      vertex -12.0082 -7.19744 2
      vertex -5.42024 -5.14301 2
      vertex -5.43936 -4.99005 2
    endloop
  endfacet
  facet normal 0 0 1
    outer loop
      vertex -6.5865 -2.54282 2
      vertex -5.42024 -4.89446 2
      vertex -6.24235 -2.63841 2
    endloop
  endfacet
  facet normal 0 0 1
    outer loop
      vertex -5.42024 -4.89446 2
      vertex -5.43936 -4.99005 2
      vertex -5.42024 -4.97095 2
    endloop
  endfacet
  facet normal 0 0 1
    outer loop
      vertex -2.95389 -8.10645 2
      vertex -5.98577 -12.6558 2
      vertex -5.35757 -12.9343 2
    endloop
  endfacet
  facet normal 0 0 1
    outer loop
      vertex -5.42024 -4.89446 2
      vertex -6.5865 -2.54282 2
      vertex -5.43936 -4.99005 2
    endloop
  endfacet
  facet normal 0 0 1
    outer loop
      vertex -6.94977 -2.35164 2
      vertex -5.43936 -4.99005 2
      vertex -6.5865 -2.54282 2
    endloop
  endfacet
  facet normal 0 0 1
    outer loop
      vertex -3.24066 -7.91526 2
      vertex -6.59955 -12.3469 2
      vertex -5.98577 -12.6558 2
    endloop
  endfacet
  facet normal 0 0 1
    outer loop
      vertex -12.0082 -7.19744 2
      vertex -5.43936 -4.99005 2
      vertex -6.94977 -2.35164 2
    endloop
  endfacet
  facet normal 0 0 1
    outer loop
      vertex -8.42192 -1.64424 2
      vertex -6.94977 -2.35164 2
      vertex -7.02624 -2.27517 2
    endloop
  endfacet
  facet normal 0 0 1
    outer loop
      vertex -7.31301 -1.45303 2
      vertex -7.04536 -1.33834 2
      vertex -7.08358 -1.33834 2
    endloop
  endfacet
  facet normal -0 0 1
    outer loop
      vertex -7.81012 -1.606 2
      vertex -7.02624 -2.23692 2
      vertex -7.31301 -1.45303 2
    endloop
  endfacet
  facet normal 0 0 1
    outer loop
      vertex -3.58481 -7.59024 2
      vertex -7.19744 -12.0082 2
      vertex -6.59955 -12.3469 2
    endloop
  endfacet
  facet normal 0 0 1
    outer loop
      vertex -7.02624 -2.23692 2
      vertex -7.81012 -1.606 2
      vertex -7.02624 -2.27517 2
    endloop
  endfacet
  facet normal 0 0 1
    outer loop
      vertex -3.58481 -7.59024 2
      vertex -7.77798 -11.6406 2
      vertex -7.19744 -12.0082 2
    endloop
  endfacet
  facet normal -0 0 1
    outer loop
      vertex -8.03956 -1.64424 2
      vertex -7.02624 -2.27517 2
      vertex -7.81012 -1.606 2
    endloop
  endfacet
  facet normal 0 0 1
    outer loop
      vertex -8.03956 -1.64424 2
      vertex -7.81012 -1.606 2
      vertex -8.02043 -1.62512 2
    endloop
  endfacet
  facet normal -0 0 1
    outer loop
      vertex -8.42192 -1.64424 2
      vertex -7.02624 -2.27517 2
      vertex -8.03956 -1.64424 2
    endloop
  endfacet
  facet normal 0 0 1
    outer loop
      vertex -3.71865 -7.39906 2
      vertex -8.33979 -11.2449 2
      vertex -7.77798 -11.6406 2
    endloop
  endfacet
  facet normal 0 0 1
    outer loop
      vertex -6.94977 -2.35164 2
      vertex -8.42192 -1.64424 2
      vertex -8.55576 -1.62512 2
    endloop
  endfacet
  facet normal -0 0 1
    outer loop
      vertex -8.55576 -1.62512 2
      vertex -8.42192 -1.64424 2
      vertex -8.44105 -1.62512 2
    endloop
  endfacet
  facet normal 0 0 1
    outer loop
      vertex -6.94977 -2.35164 2
      vertex -8.55576 -1.62512 2
      vertex -12.3469 -6.59955 2
    endloop
  endfacet
  facet normal 0 0 1
    outer loop
      vertex -3.71865 -7.39906 2
      vertex -8.88151 -10.8221 2
      vertex -8.33979 -11.2449 2
    endloop
  endfacet
  facet normal 0 0 1
    outer loop
      vertex -12.6558 -5.98577 2
      vertex -8.55576 -1.62512 2
      vertex -8.91901 -1.5104 2
    endloop
  endfacet
  facet normal 0 0 1
    outer loop
      vertex -12.9343 -5.35757 2
      vertex -8.91901 -1.5104 2
      vertex -9.14844 -1.39569 2
    endloop
  endfacet
  facet normal 0 0 1
    outer loop
      vertex -13.3972 -4.06398 2
      vertex -9.14844 -1.39569 2
      vertex -9.397 -1.22363 2
    endloop
  endfacet
  facet normal 0 0 1
    outer loop
      vertex -5.22906 -5.37244 2
      vertex -9.40182 -10.3733 2
      vertex -8.88151 -10.8221 2
    endloop
  endfacet
  facet normal 0 0 1
    outer loop
      vertex -13.5804 -3.40172 2
      vertex -9.397 -1.22363 2
      vertex -9.58818 -1.05154 2
    endloop
  endfacet
  facet normal 0 0 1
    outer loop
      vertex -13.731 -2.73126 2
      vertex -9.58818 -1.05154 2
      vertex -9.85586 -0.707392 2
    endloop
  endfacet
  facet normal 0 0 1
    outer loop
      vertex -5.34377 -5.27685 2
      vertex -9.89949 -9.89949 2
      vertex -9.40182 -10.3733 2
    endloop
  endfacet
  facet normal 0 0 1
    outer loop
      vertex -13.8485 -2.05423 2
      vertex -9.85586 -0.707392 2
      vertex -10.0279 -0.363272 2
    endloop
  endfacet
  facet normal 0 0 1
    outer loop
      vertex -13.9831 -0.686947 2
      vertex -10.0279 -0.363272 2
      vertex -10.047 -0.286776 2
    endloop
  endfacet
  facet normal 0 0 1
    outer loop
      vertex -10.5824 1.08979 2
      vertex -10.047 -0.286776 2
      vertex -10.3147 0.841231 2
    endloop
  endfacet
  facet normal 0 0 1
    outer loop
      vertex -5.34377 -5.27685 2
      vertex -10.3733 -9.40182 2
      vertex -9.89949 -9.89949 2
    endloop
  endfacet
  facet normal -0 0 1
    outer loop
      vertex -14 0 2
      vertex -10.047 -0.286776 2
      vertex -10.5824 1.08979 2
    endloop
  endfacet
  facet normal 0 0 1
    outer loop
      vertex -5.34377 -5.27685 2
      vertex -10.8221 -8.88151 2
      vertex -10.3733 -9.40182 2
    endloop
  endfacet
  facet normal 0 0 1
    outer loop
      vertex -14 0 2
      vertex -10.5824 1.08979 2
      vertex -10.85 1.47216 2
    endloop
  endfacet
  facet normal 0 0 1
    outer loop
      vertex -13.9326 1.37224 2
      vertex -10.85 1.47216 2
      vertex -11.0412 1.93102 2
    endloop
  endfacet
  facet normal 0 0 1
    outer loop
      vertex -11.1177 2.27517 2
      vertex -11.0412 1.93102 2
      vertex -11.0986 2.25604 2
    endloop
  endfacet
  facet normal -0 0 1
    outer loop
      vertex -13.8485 2.05423 2
      vertex -11.0412 1.93102 2
      vertex -11.1177 2.27517 2
    endloop
  endfacet
  facet normal 0 0 1
    outer loop
      vertex -13.731 2.73126 2
      vertex -11.1177 2.27517 2
      vertex -11.1368 2.44723 2
    endloop
  endfacet
  facet normal 0 0 1
    outer loop
      vertex -5.42024 -5.14301 2
      vertex -11.2449 -8.33979 2
      vertex -10.8221 -8.88151 2
    endloop
  endfacet
  facet normal 0 0 1
    outer loop
      vertex -11.0221 5.39157 2
      vertex -12.6558 5.98577 2
      vertex -11.0412 5.27685 2
    endloop
  endfacet
  facet normal -0 0 1
    outer loop
      vertex -12.9343 5.35757 2
      vertex -11.0412 5.27685 2
      vertex -12.6558 5.98577 2
    endloop
  endfacet
  facet normal 0 0 1
    outer loop
      vertex -5.42024 -5.14301 2
      vertex -11.6406 -7.77798 2
      vertex -11.2449 -8.33979 2
    endloop
  endfacet
  facet normal 0 0 1
    outer loop
      vertex -11.0412 5.27685 2
      vertex -12.9343 5.35757 2
      vertex -11.0412 4.70327 2
    endloop
  endfacet
  facet normal 0 0 1
    outer loop
      vertex -5.42024 -5.14301 2
      vertex -12.0082 -7.19744 2
      vertex -11.6406 -7.77798 2
    endloop
  endfacet
  facet normal -0 0 1
    outer loop
      vertex -13.1816 4.71646 2
      vertex -11.0412 4.70327 2
      vertex -12.9343 5.35757 2
    endloop
  endfacet
  facet normal 0 0 1
    outer loop
      vertex -6.94977 -2.35164 2
      vertex -12.3469 -6.59955 2
      vertex -12.0082 -7.19744 2
    endloop
  endfacet
  facet normal 0 0 1
    outer loop
      vertex -13.3972 4.06398 2
      vertex -11.0412 4.70327 2
      vertex -13.1816 4.71646 2
    endloop
  endfacet
  facet normal 0 0 1
    outer loop
      vertex -8.55576 -1.62512 2
      vertex -12.6558 -5.98577 2
      vertex -12.3469 -6.59955 2
    endloop
  endfacet
  facet normal 0 0 1
    outer loop
      vertex -11.0412 4.70327 2
      vertex -13.3972 4.06398 2
      vertex -11.1368 2.67666 2
    endloop
  endfacet
  facet normal 0 0 1
    outer loop
      vertex -8.91901 -1.5104 2
      vertex -12.9343 -5.35757 2
      vertex -12.6558 -5.98577 2
    endloop
  endfacet
  facet normal -0 0 1
    outer loop
      vertex -13.5804 3.40172 2
      vertex -11.1368 2.67666 2
      vertex -13.3972 4.06398 2
    endloop
  endfacet
  facet normal 0 0 1
    outer loop
      vertex -9.14844 -1.39569 2
      vertex -13.1816 -4.71646 2
      vertex -12.9343 -5.35757 2
    endloop
  endfacet
  facet normal -0 0 1
    outer loop
      vertex -13.731 2.73126 2
      vertex -11.1368 2.67666 2
      vertex -13.5804 3.40172 2
    endloop
  endfacet
  facet normal 0 0 1
    outer loop
      vertex -9.14844 -1.39569 2
      vertex -13.3972 -4.06398 2
      vertex -13.1816 -4.71646 2
    endloop
  endfacet
  facet normal 0 0 1
    outer loop
      vertex -11.1368 2.67666 2
      vertex -13.731 2.73126 2
      vertex -11.1368 2.44723 2
    endloop
  endfacet
  facet normal 0 0 1
    outer loop
      vertex -9.397 -1.22363 2
      vertex -13.5804 -3.40172 2
      vertex -13.3972 -4.06398 2
    endloop
  endfacet
  facet normal 0 0 1
    outer loop
      vertex -11.1177 2.27517 2
      vertex -13.731 2.73126 2
      vertex -13.8485 2.05423 2
    endloop
  endfacet
  facet normal 0 0 1
    outer loop
      vertex -9.58818 -1.05154 2
      vertex -13.731 -2.73126 2
      vertex -13.5804 -3.40172 2
    endloop
  endfacet
  facet normal 0 0 1
    outer loop
      vertex -11.0412 1.93102 2
      vertex -13.8485 2.05423 2
      vertex -13.9326 1.37224 2
    endloop
  endfacet
  facet normal 0 0 1
    outer loop
      vertex -9.85586 -0.707392 2
      vertex -13.8485 -2.05423 2
      vertex -13.731 -2.73126 2
    endloop
  endfacet
  facet normal 0 0 1
    outer loop
      vertex -10.85 1.47216 2
      vertex -13.9326 1.37224 2
      vertex -13.9831 0.686947 2
    endloop
  endfacet
  facet normal 0 0 1
    outer loop
      vertex -10.0279 -0.363272 2
      vertex -13.9326 -1.37224 2
      vertex -13.8485 -2.05423 2
    endloop
  endfacet
  facet normal 0 0 1
    outer loop
      vertex -10.85 1.47216 2
      vertex -13.9831 0.686947 2
      vertex -14 0 2
    endloop
  endfacet
  facet normal 0 0 1
    outer loop
      vertex -10.0279 -0.363272 2
      vertex -13.9831 -0.686947 2
      vertex -13.9326 -1.37224 2
    endloop
  endfacet
  facet normal 0 0 1
    outer loop
      vertex -10.047 -0.286776 2
      vertex -14 0 2
      vertex -13.9831 -0.686947 2
    endloop
  endfacet
  facet normal 0 0 1
    outer loop
      vertex 13.5804 3.40172 2
      vertex 11.1177 2.734 2
      vertex 11.1368 2.67666 2
    endloop
  endfacet
  facet normal 0 0 1
    outer loop
      vertex 11.0221 4.56943 2
      vertex 11.0412 4.70327 2
      vertex 11.0221 4.68415 2
    endloop
  endfacet
  facet normal 0 0 1
    outer loop
      vertex 13.3972 4.06398 2
      vertex 10.9839 4.39737 2
      vertex 10.9456 4.26353 2
    endloop
  endfacet
  facet normal 0 0 1
    outer loop
      vertex 10.9839 4.39737 2
      vertex 11.0221 4.56943 2
      vertex 11.003 4.55033 2
    endloop
  endfacet
  facet normal 0 0 1
    outer loop
      vertex 13.3972 4.06398 2
      vertex 10.9456 4.26353 2
      vertex 11.1177 2.734 2
    endloop
  endfacet
  facet normal -0 0 1
    outer loop
      vertex 10.7736 3.88116 2
      vertex 11.1177 2.734 2
      vertex 10.9456 4.26353 2
    endloop
  endfacet
  facet normal 0 0 1
    outer loop
      vertex 10.9456 4.26353 2
      vertex 10.9839 4.39737 2
      vertex 10.9456 4.3209 2
    endloop
  endfacet
  facet normal 0 0 1
    outer loop
      vertex 11.1177 2.734 2
      vertex 10.7736 3.88116 2
      vertex 11.0603 2.77225 2
    endloop
  endfacet
  facet normal -0 0 1
    outer loop
      vertex 10.5441 3.57526 2
      vertex 11.0603 2.77225 2
      vertex 10.7736 3.88116 2
    endloop
  endfacet
  facet normal 0 0 1
    outer loop
      vertex 11.0603 2.77225 2
      vertex 10.5441 3.57526 2
      vertex 10.9839 2.77225 2
    endloop
  endfacet
  facet normal 0 0 1
    outer loop
      vertex 10.9839 2.77225 2
      vertex 10.5441 3.57526 2
      vertex 10.6206 2.63841 2
    endloop
  endfacet
  facet normal -0 0 1
    outer loop
      vertex 10.2 3.28846 2
      vertex 10.6206 2.63841 2
      vertex 10.5441 3.57526 2
    endloop
  endfacet
  facet normal 0 0 1
    outer loop
      vertex 10.6206 2.63841 2
      vertex 10.2 3.28846 2
      vertex 10.5633 2.63841 2
    endloop
  endfacet
  facet normal 0 -0 1
    outer loop
      vertex 10.4294 2.60019 2
      vertex 10.5633 2.63841 2
      vertex 10.2 3.28846 2
    endloop
  endfacet
  facet normal 0 0 1
    outer loop
      vertex 10.5633 2.63841 2
      vertex 10.4294 2.60019 2
      vertex 10.4868 2.60019 2
    endloop
  endfacet
  facet normal 0 0 1
    outer loop
      vertex 10.4294 2.60019 2
      vertex 10.2 3.28846 2
      vertex 10.2765 2.54282 2
    endloop
  endfacet
  facet normal -0 0 1
    outer loop
      vertex 9.83674 3.07815 2
      vertex 10.2765 2.54282 2
      vertex 10.2 3.28846 2
    endloop
  endfacet
  facet normal 0 0 1
    outer loop
      vertex 10.2765 2.54282 2
      vertex 9.83674 3.07815 2
      vertex 10.047 2.5046 2
    endloop
  endfacet
  facet normal 0 0 1
    outer loop
      vertex 10.047 2.5046 2
      vertex 9.83674 3.07815 2
      vertex 9.95145 2.46635 2
    endloop
  endfacet
  facet normal 0 0 1
    outer loop
      vertex 9.66465 3.00168 2
      vertex 9.83674 3.07815 2
      vertex 9.79849 3.07815 2
    endloop
  endfacet
  facet normal 0 0 1
    outer loop
      vertex 9.83674 3.07815 2
      vertex 9.66465 3.00168 2
      vertex 9.95145 2.46635 2
    endloop
  endfacet
  facet normal 0 0 1
    outer loop
      vertex 9.66465 3.00168 2
      vertex 9.64555 2.4281 2
      vertex 9.95145 2.46635 2
    endloop
  endfacet
  facet normal -0 0 1
    outer loop
      vertex 9.47346 2.94434 2
      vertex 9.64555 2.4281 2
      vertex 9.66465 3.00168 2
    endloop
  endfacet
  facet normal -0 0 1
    outer loop
      vertex 9.41612 2.90609 2
      vertex 9.64555 2.4281 2
      vertex 9.47346 2.94434 2
    endloop
  endfacet
  facet normal 0 -0 1
    outer loop
      vertex 9.51171 2.40901 2
      vertex 9.64555 2.4281 2
      vertex 9.41612 2.90609 2
    endloop
  endfacet
  facet normal 0 0 1
    outer loop
      vertex 9.64555 2.4281 2
      vertex 9.51171 2.40901 2
      vertex 9.62643 2.40901 2
    endloop
  endfacet
  facet normal 0 0 1
    outer loop
      vertex 9.11022 2.37076 2
      vertex 9.51171 2.40901 2
      vertex 9.41612 2.90609 2
    endloop
  endfacet
  facet normal 0 0 1
    outer loop
      vertex 9.51171 2.40901 2
      vertex 9.11022 2.37076 2
      vertex 9.49259 2.38988 2
    endloop
  endfacet
  facet normal -0 0 1
    outer loop
      vertex 8.84254 2.734 2
      vertex 9.11022 2.37076 2
      vertex 9.41612 2.90609 2
    endloop
  endfacet
  facet normal 0 0 1
    outer loop
      vertex 9.11022 2.37076 2
      vertex 8.84254 2.734 2
      vertex 9.09109 2.35164 2
    endloop
  endfacet
  facet normal -0 0 1
    outer loop
      vertex 8.49839 2.67666 2
      vertex 9.09109 2.35164 2
      vertex 8.84254 2.734 2
    endloop
  endfacet
  facet normal 0 0 1
    outer loop
      vertex 8.19249 2.35164 2
      vertex 8.49839 2.67666 2
      vertex 8.4028 2.63841 2
    endloop
  endfacet
  facet normal 0 0 1
    outer loop
      vertex 8.49839 2.67666 2
      vertex 8.19249 2.35164 2
      vertex 9.09109 2.35164 2
    endloop
  endfacet
  facet normal 0 0 1
    outer loop
      vertex 8.4028 2.63841 2
      vertex 8.17337 2.37076 2
      vertex 8.19249 2.35164 2
    endloop
  endfacet
  facet normal -0 0 1
    outer loop
      vertex 7.96306 2.58107 2
      vertex 8.17337 2.37076 2
      vertex 8.4028 2.63841 2
    endloop
  endfacet
  facet normal -0 0 1
    outer loop
      vertex 7.94394 2.56194 2
      vertex 8.17337 2.37076 2
      vertex 7.96306 2.58107 2
    endloop
  endfacet
  facet normal 0 0 1
    outer loop
      vertex 7.94394 2.56194 2
      vertex 7.94394 2.37076 2
      vertex 8.17337 2.37076 2
    endloop
  endfacet
  facet normal 0 0 1
    outer loop
      vertex 7.94394 2.56194 2
      vertex 7.92484 2.38988 2
      vertex 7.94394 2.37076 2
    endloop
  endfacet
  facet normal 0 0 1
    outer loop
      vertex 7.94394 2.56194 2
      vertex 7.73363 2.38988 2
      vertex 7.92484 2.38988 2
    endloop
  endfacet
  facet normal 0 0 1
    outer loop
      vertex 7.94394 2.56194 2
      vertex 7.71453 2.40901 2
      vertex 7.73363 2.38988 2
    endloop
  endfacet
  facet normal -0 0 1
    outer loop
      vertex 7.67628 2.54282 2
      vertex 7.71453 2.40901 2
      vertex 7.94394 2.56194 2
    endloop
  endfacet
  facet normal -0 0 1
    outer loop
      vertex 7.65716 2.52369 2
      vertex 7.71453 2.40901 2
      vertex 7.67628 2.54282 2
    endloop
  endfacet
  facet normal 0 0 1
    outer loop
      vertex 7.52332 2.5046 2
      vertex 7.65716 2.52369 2
      vertex 7.54244 2.52369 2
    endloop
  endfacet
  facet normal 0 0 1
    outer loop
      vertex 7.65716 2.52369 2
      vertex 7.52332 2.5046 2
      vertex 7.71453 2.40901 2
    endloop
  endfacet
  facet normal 0 0 1
    outer loop
      vertex 7.52332 2.5046 2
      vertex 7.42773 2.4281 2
      vertex 7.71453 2.40901 2
    endloop
  endfacet
  facet normal -0 0 1
    outer loop
      vertex 7.35126 2.5046 2
      vertex 7.42773 2.4281 2
      vertex 7.52332 2.5046 2
    endloop
  endfacet
  facet normal 0 0 1
    outer loop
      vertex 7.42773 2.4281 2
      vertex 7.35126 2.5046 2
      vertex 7.29389 2.46635 2
    endloop
  endfacet
  facet normal -0 0 1
    outer loop
      vertex 9.89408 6.63429 2
      vertex 10.6971 6.00337 2
      vertex 9.93233 6.80638 2
    endloop
  endfacet
  facet normal 0 0 1
    outer loop
      vertex 9.93233 6.80638 2
      vertex 9.95145 6.92107 2
      vertex 9.93233 6.90197 2
    endloop
  endfacet
  facet normal -0 0 1
    outer loop
      vertex 9.79849 6.36664 2
      vertex 10.6971 6.00337 2
      vertex 9.89408 6.63429 2
    endloop
  endfacet
  facet normal 0 0 1
    outer loop
      vertex 9.89408 6.63429 2
      vertex 9.93233 6.80638 2
      vertex 9.9132 6.78726 2
    endloop
  endfacet
  facet normal 0 0 1
    outer loop
      vertex 10.6971 6.00337 2
      vertex 9.79849 6.36664 2
      vertex 10.4485 5.77394 2
    endloop
  endfacet
  facet normal -0 0 1
    outer loop
      vertex 9.64555 6.09896 2
      vertex 10.4485 5.77394 2
      vertex 9.79849 6.36664 2
    endloop
  endfacet
  facet normal 0 0 1
    outer loop
      vertex 10.4485 5.77394 2
      vertex 9.64555 6.09896 2
      vertex 9.97055 5.39157 2
    endloop
  endfacet
  facet normal -0 0 1
    outer loop
      vertex 9.49259 5.90777 2
      vertex 9.97055 5.39157 2
      vertex 9.64555 6.09896 2
    endloop
  endfacet
  facet normal 0 0 1
    outer loop
      vertex 9.49259 5.90777 2
      vertex 9.33962 4.99005 2
      vertex 9.97055 5.39157 2
    endloop
  endfacet
  facet normal -0 0 1
    outer loop
      vertex 8.9955 5.41069 2
      vertex 9.33962 4.99005 2
      vertex 9.49259 5.90777 2
    endloop
  endfacet
  facet normal 0 0 1
    outer loop
      vertex 8.9955 5.41069 2
      vertex 8.91901 4.77974 2
      vertex 9.33962 4.99005 2
    endloop
  endfacet
  facet normal -0 0 1
    outer loop
      vertex 8.59398 5.08567 2
      vertex 8.91901 4.77974 2
      vertex 8.9955 5.41069 2
    endloop
  endfacet
  facet normal 0 0 1
    outer loop
      vertex 8.91901 4.77974 2
      vertex 8.59398 5.08567 2
      vertex 8.88079 4.77974 2
    endloop
  endfacet
  facet normal 0 0 1
    outer loop
      vertex 8.59398 5.08567 2
      vertex 8.49839 4.60768 2
      vertex 8.88079 4.77974 2
    endloop
  endfacet
  facet normal -0 0 1
    outer loop
      vertex 8.19249 4.79886 2
      vertex 8.49839 4.60768 2
      vertex 8.59398 5.08567 2
    endloop
  endfacet
  facet normal 0 0 1
    outer loop
      vertex 8.19249 4.79886 2
      vertex 8.03956 4.45471 2
      vertex 8.49839 4.60768 2
    endloop
  endfacet
  facet normal 0 0 1
    outer loop
      vertex 8.19249 4.79886 2
      vertex 7.84834 4.4165 2
      vertex 8.03956 4.45471 2
    endloop
  endfacet
  facet normal 0 0 1
    outer loop
      vertex 7.71453 4.37825 2
      vertex 7.84834 4.4165 2
      vertex 8.19249 4.79886 2
    endloop
  endfacet
  facet normal 0 0 1
    outer loop
      vertex 7.84834 4.4165 2
      vertex 7.71453 4.37825 2
      vertex 7.77188 4.37825 2
    endloop
  endfacet
  facet normal 0 0 1
    outer loop
      vertex 7.46598 4.34003 2
      vertex 7.71453 4.37825 2
      vertex 8.19249 4.79886 2
    endloop
  endfacet
  facet normal 0 0 1
    outer loop
      vertex 7.71453 4.37825 2
      vertex 7.46598 4.34003 2
      vertex 7.54244 4.3209 2
    endloop
  endfacet
  facet normal 0 0 1
    outer loop
      vertex 7.54244 4.3209 2
      vertex 7.46598 4.34003 2
      vertex 7.4851 4.3209 2
    endloop
  endfacet
  facet normal 0 0 1
    outer loop
      vertex 9.95145 7.4564 2
      vertex 9.93233 7.59024 2
      vertex 9.93233 7.47552 2
    endloop
  endfacet
  facet normal 0 0 1
    outer loop
      vertex 9.93233 7.59024 2
      vertex 9.9132 7.68583 2
      vertex 9.9132 7.60936 2
    endloop
  endfacet
  facet normal -0 0 1
    outer loop
      vertex 2.18912 4.18706 2
      vertex 2.26559 3.4223 2
      vertex 2.22737 4.22531 2
    endloop
  endfacet
  facet normal 0 0 1
    outer loop
      vertex 2.18912 4.18706 2
      vertex 1.95969 4.1106 2
      vertex 2.26559 3.4223 2
    endloop
  endfacet
  facet normal 0 0 1
    outer loop
      vertex 1.94057 4.26353 2
      vertex 1.95969 4.1106 2
      vertex 2.18912 4.18706 2
    endloop
  endfacet
  facet normal 0 0 1
    outer loop
      vertex 1.95969 4.1106 2
      vertex 1.94057 4.26353 2
      vertex 1.92147 4.22531 2
    endloop
  endfacet
  facet normal 0 0 1
    outer loop
      vertex 1.42436 -8.25941 2
      vertex 1.40524 -8.16382 2
      vertex 1.40524 -8.24029 2
    endloop
  endfacet
  facet normal 0 0 1
    outer loop
      vertex 1.40524 -8.16382 2
      vertex 1.38614 -8.06823 2
      vertex 1.38614 -8.1447 2
    endloop
  endfacet
  facet normal 0 0 1
    outer loop
      vertex 1.38614 -8.06823 2
      vertex 1.36701 -7.97264 2
      vertex 1.36701 -8.0491 2
    endloop
  endfacet
  facet normal 0 0 1
    outer loop
      vertex 1.36701 -7.97264 2
      vertex 1.34789 -7.87704 2
      vertex 1.34789 -7.95351 2
    endloop
  endfacet
  facet normal 0 0 1
    outer loop
      vertex 1.34789 -7.87704 2
      vertex 1.32877 -7.78142 2
      vertex 1.32877 -7.85792 2
    endloop
  endfacet
  facet normal 0 0 1
    outer loop
      vertex 1.27142 -7.47552 2
      vertex 1.2523 -7.37993 2
      vertex 1.2523 -7.4564 2
    endloop
  endfacet
  facet normal 0 0 1
    outer loop
      vertex 1.21405 -7.16962 2
      vertex 1.19493 -7.07403 2
      vertex 1.19493 -7.1505 2
    endloop
  endfacet
  facet normal 0 0 1
    outer loop
      vertex 1.19493 -7.07403 2
      vertex 1.17583 -6.97844 2
      vertex 1.17583 -7.05491 2
    endloop
  endfacet
  facet normal 0 0 1
    outer loop
      vertex 1.15671 -6.88285 2
      vertex 1.13758 -6.78726 2
      vertex 1.13758 -6.86372 2
    endloop
  endfacet
  facet normal 0 0 1
    outer loop
      vertex 1.13758 -6.78726 2
      vertex 1.11846 -6.69166 2
      vertex 1.11846 -6.76813 2
    endloop
  endfacet
  facet normal 0 0 1
    outer loop
      vertex 1.11846 -6.69166 2
      vertex 1.09934 -6.59604 2
      vertex 1.09934 -6.67254 2
    endloop
  endfacet
  facet normal 0 0 1
    outer loop
      vertex 1.09934 -6.59604 2
      vertex 1.08021 -6.50045 2
      vertex 1.08021 -6.57695 2
    endloop
  endfacet
  facet normal 0 0 1
    outer loop
      vertex 1.27142 -6.21368 2
      vertex 1.02287 -6.29014 2
      vertex 1.06112 -6.40486 2
    endloop
  endfacet
  facet normal 0 0 1
    outer loop
      vertex 1.02287 -6.19455 2
      vertex 1.00374 -6.09896 2
      vertex 1.00374 -6.17543 2
    endloop
  endfacet
  facet normal 0 0 1
    outer loop
      vertex 1.00374 -6.09896 2
      vertex 0.984619 -6.00337 2
      vertex 0.984619 -6.07984 2
    endloop
  endfacet
  facet normal 0 0 1
    outer loop
      vertex 0.965495 -5.90778 2
      vertex 0.946399 -5.81218 2
      vertex 0.946399 -5.88865 2
    endloop
  endfacet
  facet normal 0 0 1
    outer loop
      vertex 0.946399 -5.81218 2
      vertex 0.927276 -5.71659 2
      vertex 0.927276 -5.79306 2
    endloop
  endfacet
  facet normal 0 0 1
    outer loop
      vertex 0.927276 -5.71659 2
      vertex 0.908152 -5.621 2
      vertex 0.908152 -5.69747 2
    endloop
  endfacet
  facet normal 0 0 1
    outer loop
      vertex 0.908152 -5.621 2
      vertex 0.889028 -5.52538 2
      vertex 0.889028 -5.60188 2
    endloop
  endfacet
  facet normal 0 0 1
    outer loop
      vertex 0.869904 -5.42979 2
      vertex 0.850807 -5.3342 2
      vertex 0.850807 -5.41069 2
    endloop
  endfacet
  facet normal 0 0 1
    outer loop
      vertex 0.850807 -5.3342 2
      vertex 0.831683 -5.2386 2
      vertex 0.831683 -5.31507 2
    endloop
  endfacet
  facet normal -0 0 1
    outer loop
      vertex -1.69204 5.39157 2
      vertex -1.63467 5.37244 2
      vertex -1.65379 5.41069 2
    endloop
  endfacet
  facet normal 0 0 1
    outer loop
      vertex -1.69204 5.39157 2
      vertex -1.74938 5.20036 2
      vertex -1.63467 5.37244 2
    endloop
  endfacet
  facet normal 0 0 1
    outer loop
      vertex -1.82585 5.37244 2
      vertex -1.69204 5.39157 2
      vertex -1.80676 5.39157 2
    endloop
  endfacet
  facet normal 0 0 1
    outer loop
      vertex -1.69204 5.39157 2
      vertex -1.82585 5.37244 2
      vertex -1.74938 5.20036 2
    endloop
  endfacet
  facet normal -0 0 1
    outer loop
      vertex -1.99794 5.35332 2
      vertex -1.74938 5.20036 2
      vertex -1.82585 5.37244 2
    endloop
  endfacet
  facet normal 0 0 1
    outer loop
      vertex -1.99794 5.35332 2
      vertex -2.22737 4.28266 2
      vertex -1.74938 5.20036 2
    endloop
  endfacet
  facet normal 0 0 1
    outer loop
      vertex -2.01706 5.37244 2
      vertex -2.22737 4.28266 2
      vertex -1.99794 5.35332 2
    endloop
  endfacet
  facet normal -0 0 1
    outer loop
      vertex -5.35757 12.9343 2
      vertex -1.19493 7.11228 2
      vertex -4.71646 13.1816 2
    endloop
  endfacet
  facet normal 0 0 1
    outer loop
      vertex -3.85249 4.07235 2
      vertex -2.22737 4.20619 2
      vertex -2.22737 4.28266 2
    endloop
  endfacet
  facet normal -0 0 1
    outer loop
      vertex -5.98577 12.6558 2
      vertex -1.19493 7.11228 2
      vertex -5.35757 12.9343 2
    endloop
  endfacet
  facet normal 0 -0 1
    outer loop
      vertex -3.85249 4.07235 2
      vertex -2.22737 4.28266 2
      vertex -3.90984 4.14882 2
    endloop
  endfacet
  facet normal 0 0 1
    outer loop
      vertex -1.19493 7.11228 2
      vertex -5.98577 12.6558 2
      vertex -1.50083 6.74901 2
    endloop
  endfacet
  facet normal 0 0 1
    outer loop
      vertex -2.22737 4.20619 2
      vertex -3.85249 4.07235 2
      vertex -3.58481 3.51789 2
    endloop
  endfacet
  facet normal 0 0 1
    outer loop
      vertex -2.22737 4.20619 2
      vertex -3.58481 3.51789 2
      vertex -3.33626 3.25024 2
    endloop
  endfacet
  facet normal 0 0 1
    outer loop
      vertex -2.7627 3.09727 2
      vertex -3.01123 3.1164 2
      vertex -2.99214 3.09727 2
    endloop
  endfacet
  facet normal 0 0 1
    outer loop
      vertex -2.4759 3.21199 2
      vertex -3.01123 3.1164 2
      vertex -2.62886 3.13552 2
    endloop
  endfacet
  facet normal 0 0 1
    outer loop
      vertex -2.62886 3.13552 2
      vertex -3.01123 3.1164 2
      vertex -2.7627 3.09727 2
    endloop
  endfacet
  facet normal 0 0 1
    outer loop
      vertex -2.22737 4.20619 2
      vertex -3.01123 3.1164 2
      vertex -2.4759 3.21199 2
    endloop
  endfacet
  facet normal 0 0 1
    outer loop
      vertex -7.1027 6.2328 2
      vertex -1.50083 6.74901 2
      vertex -5.98577 12.6558 2
    endloop
  endfacet
  facet normal -0 -0 1
    outer loop
      vertex -3.18332 3.15465 2
      vertex -3.01123 3.1164 2
      vertex -3.33626 3.25024 2
    endloop
  endfacet
  facet normal 0 0 1
    outer loop
      vertex -3.01123 3.1164 2
      vertex -3.18332 3.15465 2
      vertex -3.0686 3.1164 2
    endloop
  endfacet
  facet normal 0 0 1
    outer loop
      vertex -2.22737 4.20619 2
      vertex -3.33626 3.25024 2
      vertex -3.01123 3.1164 2
    endloop
  endfacet
  facet normal 0 -0 1
    outer loop
      vertex -4.13927 4.35912 2
      vertex -2.01706 5.42979 2
      vertex -4.42604 4.51209 2
    endloop
  endfacet
  facet normal 0 0 1
    outer loop
      vertex -2.01706 5.37244 2
      vertex -3.90984 4.14882 2
      vertex -2.22737 4.28266 2
    endloop
  endfacet
  facet normal 0 -0 1
    outer loop
      vertex -3.90984 4.14882 2
      vertex -2.01706 5.37244 2
      vertex -4.13927 4.35912 2
    endloop
  endfacet
  facet normal 0 0 1
    outer loop
      vertex -2.01706 5.42979 2
      vertex -4.13927 4.35912 2
      vertex -2.01706 5.37244 2
    endloop
  endfacet
  facet normal 0 0 1
    outer loop
      vertex -4.42604 4.51209 2
      vertex -4.69372 4.6268 2
      vertex -4.46429 4.51209 2
    endloop
  endfacet
  facet normal 0 -0 1
    outer loop
      vertex -5.22906 4.87536 2
      vertex -1.50083 6.74901 2
      vertex -5.70702 5.16214 2
    endloop
  endfacet
  facet normal 0 -0 1
    outer loop
      vertex -4.42604 4.51209 2
      vertex -2.01706 5.42979 2
      vertex -4.69372 4.6268 2
    endloop
  endfacet
  facet normal 0 0 1
    outer loop
      vertex -4.69372 4.6268 2
      vertex -5.22906 4.87536 2
      vertex -4.73194 4.6268 2
    endloop
  endfacet
  facet normal 0 -0 1
    outer loop
      vertex -2.01706 5.42979 2
      vertex -1.50083 6.74901 2
      vertex -5.22906 4.87536 2
    endloop
  endfacet
  facet normal 0 -0 1
    outer loop
      vertex -4.69372 4.6268 2
      vertex -2.01706 5.42979 2
      vertex -5.22906 4.87536 2
    endloop
  endfacet
  facet normal 0 -0 1
    outer loop
      vertex -6.4909 5.71659 2
      vertex -1.50083 6.74901 2
      vertex -7.1027 6.2328 2
    endloop
  endfacet
  facet normal 0 0 1
    outer loop
      vertex -1.50083 6.74901 2
      vertex -2.01706 5.42979 2
      vertex -1.5582 6.13721 2
    endloop
  endfacet
  facet normal 0 0 1
    outer loop
      vertex -7.1027 6.2328 2
      vertex -5.98577 12.6558 2
      vertex -6.59955 12.3469 2
    endloop
  endfacet
  facet normal 0 -0 1
    outer loop
      vertex -5.70702 5.16214 2
      vertex -1.50083 6.74901 2
      vertex -6.4909 5.71659 2
    endloop
  endfacet
  facet normal 0 0 1
    outer loop
      vertex -7.52332 6.63429 2
      vertex -6.59955 12.3469 2
      vertex -7.19744 12.0082 2
    endloop
  endfacet
  facet normal 0 0 1
    outer loop
      vertex -6.59955 12.3469 2
      vertex -7.52332 6.63429 2
      vertex -7.1027 6.2328 2
    endloop
  endfacet
  facet normal 0 0 1
    outer loop
      vertex -8.24986 7.4373 2
      vertex -7.19744 12.0082 2
      vertex -7.77798 11.6406 2
    endloop
  endfacet
  facet normal 0 0 1
    outer loop
      vertex -7.19744 12.0082 2
      vertex -8.24986 7.4373 2
      vertex -7.52332 6.63429 2
    endloop
  endfacet
  facet normal 0 0 1
    outer loop
      vertex -8.7852 8.18294 2
      vertex -7.77798 11.6406 2
      vertex -8.33979 11.2449 2
    endloop
  endfacet
  facet normal 0 0 1
    outer loop
      vertex -7.77798 11.6406 2
      vertex -8.7852 8.18294 2
      vertex -8.24986 7.4373 2
    endloop
  endfacet
  facet normal 0 0 1
    outer loop
      vertex -9.14844 8.87121 2
      vertex -8.33979 11.2449 2
      vertex -8.88151 10.8221 2
    endloop
  endfacet
  facet normal 0 0 1
    outer loop
      vertex -8.33979 11.2449 2
      vertex -8.95726 8.46972 2
      vertex -8.7852 8.18294 2
    endloop
  endfacet
  facet normal 0 0 1
    outer loop
      vertex -8.33979 11.2449 2
      vertex -9.14844 8.87121 2
      vertex -8.95726 8.46972 2
    endloop
  endfacet
  facet normal 0 0 1
    outer loop
      vertex -8.88151 10.8221 2
      vertex -9.18669 8.90946 2
      vertex -9.14844 8.87121 2
    endloop
  endfacet
  facet normal -0 0 1
    outer loop
      vertex -9.40182 10.3733 2
      vertex -9.18669 8.90946 2
      vertex -8.88151 10.8221 2
    endloop
  endfacet
  facet normal -0 0 1
    outer loop
      vertex -9.89949 9.89949 2
      vertex -9.18669 8.90946 2
      vertex -9.40182 10.3733 2
    endloop
  endfacet
  facet normal 0 0 1
    outer loop
      vertex -9.18669 8.90946 2
      vertex -9.89949 9.89949 2
      vertex -9.28228 8.90946 2
    endloop
  endfacet
  facet normal 0 0 1
    outer loop
      vertex -9.28228 8.90946 2
      vertex -9.89949 9.89949 2
      vertex -9.37787 8.81387 2
    endloop
  endfacet
  facet normal -0 0 1
    outer loop
      vertex -10.3733 9.40182 2
      vertex -9.37787 8.81387 2
      vertex -9.89949 9.89949 2
    endloop
  endfacet
  facet normal 0 0 1
    outer loop
      vertex -9.37787 8.81387 2
      vertex -10.3733 9.40182 2
      vertex -9.53084 8.60356 2
    endloop
  endfacet
  facet normal -0 0 1
    outer loop
      vertex -10.8221 8.88151 2
      vertex -9.53084 8.60356 2
      vertex -10.3733 9.40182 2
    endloop
  endfacet
  facet normal 0 0 1
    outer loop
      vertex -9.53084 8.60356 2
      vertex -10.8221 8.88151 2
      vertex -9.72202 8.24029 2
    endloop
  endfacet
  facet normal 0 0 1
    outer loop
      vertex -9.72202 8.24029 2
      vertex -10.8221 8.88151 2
      vertex -9.85586 7.87704 2
    endloop
  endfacet
  facet normal 0 0 1
    outer loop
      vertex -9.9132 7.64761 2
      vertex -9.93233 7.5329 2
      vertex -9.9132 7.55202 2
    endloop
  endfacet
  facet normal -0 0 1
    outer loop
      vertex -11.2449 8.33979 2
      vertex -9.85586 7.87704 2
      vertex -10.8221 8.88151 2
    endloop
  endfacet
  facet normal 0 0 1
    outer loop
      vertex -9.93233 7.5329 2
      vertex -9.95145 7.37993 2
      vertex -9.93233 7.39906 2
    endloop
  endfacet
  facet normal 0 -0 1
    outer loop
      vertex -9.9132 7.64761 2
      vertex -9.85586 7.87704 2
      vertex -11.2449 8.33979 2
    endloop
  endfacet
  facet normal 0 0 1
    outer loop
      vertex -9.93233 7.5329 2
      vertex -11.6406 7.77798 2
      vertex -9.95145 7.37993 2
    endloop
  endfacet
  facet normal 0 0 1
    outer loop
      vertex -9.85586 7.87704 2
      vertex -9.9132 7.64761 2
      vertex -9.85586 7.81967 2
    endloop
  endfacet
  facet normal 0 0 1
    outer loop
      vertex -9.9132 7.64761 2
      vertex -11.2449 8.33979 2
      vertex -9.93233 7.5329 2
    endloop
  endfacet
  facet normal -0 0 1
    outer loop
      vertex -11.6406 7.77798 2
      vertex -9.93233 7.5329 2
      vertex -11.2449 8.33979 2
    endloop
  endfacet
  facet normal 0 0 1
    outer loop
      vertex -9.95145 6.97844 2
      vertex -10.6971 6.00337 2
      vertex -9.97055 5.39157 2
    endloop
  endfacet
  facet normal 0 0 1
    outer loop
      vertex -9.95145 7.37993 2
      vertex -11.6406 7.77798 2
      vertex -9.95145 6.97844 2
    endloop
  endfacet
  facet normal 0 0 1
    outer loop
      vertex -9.95145 6.97844 2
      vertex -10.7927 6.00337 2
      vertex -10.6971 6.00337 2
    endloop
  endfacet
  facet normal 0 0 1
    outer loop
      vertex -9.95145 6.97844 2
      vertex -11.6406 7.77798 2
      vertex -10.7927 6.00337 2
    endloop
  endfacet
  facet normal -0 0 1
    outer loop
      vertex -12.0082 7.19744 2
      vertex -10.7927 6.00337 2
      vertex -11.6406 7.77798 2
    endloop
  endfacet
  facet normal -0 0 1
    outer loop
      vertex -12.3469 6.59955 2
      vertex -10.7927 6.00337 2
      vertex -12.0082 7.19744 2
    endloop
  endfacet
  facet normal 0 0 1
    outer loop
      vertex -11.0221 5.39157 2
      vertex -11.0412 5.27685 2
      vertex -11.0221 5.29598 2
    endloop
  endfacet
  facet normal 0 0 1
    outer loop
      vertex -10.9647 5.6401 2
      vertex -11.0221 5.39157 2
      vertex -11.003 5.41069 2
    endloop
  endfacet
  facet normal -0 0 1
    outer loop
      vertex -12.6558 5.98577 2
      vertex -10.9647 5.6401 2
      vertex -12.3469 6.59955 2
    endloop
  endfacet
  facet normal 0 0 1
    outer loop
      vertex -11.0412 4.70327 2
      vertex -11.0986 2.75313 2
      vertex -11.0603 2.77225 2
    endloop
  endfacet
  facet normal 0 0 1
    outer loop
      vertex -11.0412 4.70327 2
      vertex -11.1368 2.67666 2
      vertex -11.0986 2.75313 2
    endloop
  endfacet
  facet normal 0 0 1
    outer loop
      vertex -10.9647 5.6401 2
      vertex -12.6558 5.98577 2
      vertex -11.0221 5.39157 2
    endloop
  endfacet
  facet normal 0 0 1
    outer loop
      vertex -10.8692 5.90777 2
      vertex -12.3469 6.59955 2
      vertex -10.9647 5.6401 2
    endloop
  endfacet
  facet normal 0 0 1
    outer loop
      vertex -10.7927 6.00337 2
      vertex -12.3469 6.59955 2
      vertex -10.8692 5.90777 2
    endloop
  endfacet
  facet normal 0 0 1
    outer loop
      vertex -1.80676 4.26353 2
      vertex -1.84498 4.07235 2
      vertex -1.78763 4.24441 2
    endloop
  endfacet
  facet normal -0 0 1
    outer loop
      vertex -2.17 4.20619 2
      vertex -1.84498 4.07235 2
      vertex -1.80676 4.26353 2
    endloop
  endfacet
  facet normal -0 0 1
    outer loop
      vertex -2.18912 4.18706 2
      vertex -1.84498 4.07235 2
      vertex -2.17 4.20619 2
    endloop
  endfacet
  facet normal 0 0 1
    outer loop
      vertex -1.84498 4.07235 2
      vertex -2.18912 4.18706 2
      vertex -1.99794 3.74732 2
    endloop
  endfacet
  facet normal 0 0 1
    outer loop
      vertex -2.22737 4.20619 2
      vertex -1.99794 3.74732 2
      vertex -2.18912 4.18706 2
    endloop
  endfacet
  facet normal 0 0 1
    outer loop
      vertex -1.99794 3.74732 2
      vertex -2.22737 4.20619 2
      vertex -2.20825 3.46055 2
    endloop
  endfacet
  facet normal 0 0 1
    outer loop
      vertex -2.20825 3.46055 2
      vertex -2.22737 4.20619 2
      vertex -2.4759 3.21199 2
    endloop
  endfacet
  facet normal 0 0 1
    outer loop
      vertex -7.46598 4.34003 2
      vertex -7.54244 4.3209 2
      vertex -7.4851 4.3209 2
    endloop
  endfacet
  facet normal 0 0 1
    outer loop
      vertex -7.46598 4.34003 2
      vertex -7.56157 4.34003 2
      vertex -7.54244 4.3209 2
    endloop
  endfacet
  facet normal 0 0 1
    outer loop
      vertex -7.84834 4.4165 2
      vertex -7.56157 4.34003 2
      vertex -7.46598 4.34003 2
    endloop
  endfacet
  facet normal 0 0 1
    outer loop
      vertex -7.56157 4.34003 2
      vertex -7.84834 4.4165 2
      vertex -7.77188 4.37825 2
    endloop
  endfacet
  facet normal 0 0 1
    outer loop
      vertex -8.38368 4.9327 2
      vertex -7.84834 4.4165 2
      vertex -7.46598 4.34003 2
    endloop
  endfacet
  facet normal 0 0 1
    outer loop
      vertex -8.38368 4.9327 2
      vertex -8.03956 4.45471 2
      vertex -7.84834 4.4165 2
    endloop
  endfacet
  facet normal 0 0 1
    outer loop
      vertex -8.38368 4.9327 2
      vertex -8.44105 4.58856 2
      vertex -8.03956 4.45471 2
    endloop
  endfacet
  facet normal 0 0 1
    outer loop
      vertex -8.38368 4.9327 2
      vertex -8.49839 4.6268 2
      vertex -8.44105 4.58856 2
    endloop
  endfacet
  facet normal 0 0 1
    outer loop
      vertex -8.38368 4.9327 2
      vertex -8.59398 4.64593 2
      vertex -8.49839 4.6268 2
    endloop
  endfacet
  facet normal 0 0 1
    outer loop
      vertex -8.38368 4.9327 2
      vertex -8.7852 4.74152 2
      vertex -8.59398 4.64593 2
    endloop
  endfacet
  facet normal -0 0 1
    outer loop
      vertex -8.91901 4.79886 2
      vertex -8.7852 4.74152 2
      vertex -8.38368 4.9327 2
    endloop
  endfacet
  facet normal 0 0 1
    outer loop
      vertex -8.7852 4.74152 2
      vertex -8.91901 4.79886 2
      vertex -8.82342 4.74152 2
    endloop
  endfacet
  facet normal 0 0 1
    outer loop
      vertex -9.03372 5.44891 2
      vertex -8.91901 4.79886 2
      vertex -8.38368 4.9327 2
    endloop
  endfacet
  facet normal 0 0 1
    outer loop
      vertex -8.91901 4.79886 2
      vertex -9.03372 5.44891 2
      vertex -8.95726 4.79886 2
    endloop
  endfacet
  facet normal 0 0 1
    outer loop
      vertex -9.03372 5.44891 2
      vertex -9.3014 4.97095 2
      vertex -8.95726 4.79886 2
    endloop
  endfacet
  facet normal 0 0 1
    outer loop
      vertex -9.03372 5.44891 2
      vertex -9.33962 5.00917 2
      vertex -9.3014 4.97095 2
    endloop
  endfacet
  facet normal 0 0 1
    outer loop
      vertex -9.72202 5.21948 2
      vertex -9.03372 5.44891 2
      vertex -9.54993 5.98424 2
    endloop
  endfacet
  facet normal 0 0 1
    outer loop
      vertex -9.97055 5.39157 2
      vertex -9.54993 5.98424 2
      vertex -9.68377 6.17543 2
    endloop
  endfacet
  facet normal 0 0 1
    outer loop
      vertex -9.03372 5.44891 2
      vertex -9.72202 5.21948 2
      vertex -9.33962 5.00917 2
    endloop
  endfacet
  facet normal 0 0 1
    outer loop
      vertex -9.97055 5.39157 2
      vertex -9.68377 6.17543 2
      vertex -9.83674 6.48136 2
    endloop
  endfacet
  facet normal 0 0 1
    outer loop
      vertex -9.97055 5.39157 2
      vertex -9.83674 6.48136 2
      vertex -9.9132 6.74901 2
    endloop
  endfacet
  facet normal 0 0 1
    outer loop
      vertex -9.97055 5.39157 2
      vertex -9.9132 6.74901 2
      vertex -9.93233 6.8446 2
    endloop
  endfacet
  facet normal 0 0 1
    outer loop
      vertex -9.97055 5.39157 2
      vertex -9.93233 6.8446 2
      vertex -9.95145 6.97844 2
    endloop
  endfacet
  facet normal 0 0 1
    outer loop
      vertex -9.54993 5.98424 2
      vertex -9.97055 5.39157 2
      vertex -9.72202 5.21948 2
    endloop
  endfacet
  facet normal 0 0 1
    outer loop
      vertex -7.37038 2.5046 2
      vertex -7.4086 2.4281 2
      vertex -7.29389 2.46635 2
    endloop
  endfacet
  facet normal -0 0 1
    outer loop
      vertex -7.52332 2.5046 2
      vertex -7.4086 2.4281 2
      vertex -7.37038 2.5046 2
    endloop
  endfacet
  facet normal 0 0 1
    outer loop
      vertex -7.52332 2.5046 2
      vertex -7.54244 2.4281 2
      vertex -7.4086 2.4281 2
    endloop
  endfacet
  facet normal 0 0 1
    outer loop
      vertex -7.54244 2.52369 2
      vertex -7.54244 2.4281 2
      vertex -7.52332 2.5046 2
    endloop
  endfacet
  facet normal 0 0 1
    outer loop
      vertex -7.54244 2.52369 2
      vertex -7.56157 2.40901 2
      vertex -7.54244 2.4281 2
    endloop
  endfacet
  facet normal 0 0 1
    outer loop
      vertex -7.54244 2.52369 2
      vertex -7.69541 2.40901 2
      vertex -7.56157 2.40901 2
    endloop
  endfacet
  facet normal 0 0 1
    outer loop
      vertex -7.82922 2.54282 2
      vertex -7.69541 2.40901 2
      vertex -7.54244 2.52369 2
    endloop
  endfacet
  facet normal 0 0 1
    outer loop
      vertex -7.82922 2.54282 2
      vertex -7.71453 2.38988 2
      vertex -7.69541 2.40901 2
    endloop
  endfacet
  facet normal 0 0 1
    outer loop
      vertex -7.88659 2.38988 2
      vertex -7.82922 2.54282 2
      vertex -7.84834 2.56194 2
    endloop
  endfacet
  facet normal 0 0 1
    outer loop
      vertex -7.82922 2.54282 2
      vertex -7.88659 2.38988 2
      vertex -7.71453 2.38988 2
    endloop
  endfacet
  facet normal -0 0 1
    outer loop
      vertex -7.96306 2.56194 2
      vertex -7.88659 2.38988 2
      vertex -7.84834 2.56194 2
    endloop
  endfacet
  facet normal 0 0 1
    outer loop
      vertex -7.88659 2.38988 2
      vertex -7.96306 2.56194 2
      vertex -7.90572 2.37076 2
    endloop
  endfacet
  facet normal 0 0 1
    outer loop
      vertex -8.15424 2.37076 2
      vertex -7.96306 2.56194 2
      vertex -8.0969 2.60019 2
    endloop
  endfacet
  facet normal 0 0 1
    outer loop
      vertex -7.96306 2.56194 2
      vertex -8.15424 2.37076 2
      vertex -7.90572 2.37076 2
    endloop
  endfacet
  facet normal -0 0 1
    outer loop
      vertex -8.19249 2.60019 2
      vertex -8.15424 2.37076 2
      vertex -8.0969 2.60019 2
    endloop
  endfacet
  facet normal 0 0 1
    outer loop
      vertex -8.15424 2.37076 2
      vertex -8.19249 2.60019 2
      vertex -8.17337 2.35164 2
    endloop
  endfacet
  facet normal -0 0 1
    outer loop
      vertex -8.30721 2.61932 2
      vertex -8.19249 2.60019 2
      vertex -8.21162 2.61932 2
    endloop
  endfacet
  facet normal 0 0 1
    outer loop
      vertex -8.19249 2.60019 2
      vertex -8.30721 2.61932 2
      vertex -8.17337 2.35164 2
    endloop
  endfacet
  facet normal 0 0 1
    outer loop
      vertex -8.59398 2.67666 2
      vertex -8.30721 2.61932 2
      vertex -8.32633 2.63841 2
    endloop
  endfacet
  facet normal 0 0 1
    outer loop
      vertex -8.30721 2.61932 2
      vertex -8.59398 2.67666 2
      vertex -8.17337 2.35164 2
    endloop
  endfacet
  facet normal -0 0 1
    outer loop
      vertex -8.76607 2.71491 2
      vertex -8.59398 2.67666 2
      vertex -8.68958 2.71491 2
    endloop
  endfacet
  facet normal 0 0 1
    outer loop
      vertex -8.59398 2.67666 2
      vertex -8.76607 2.71491 2
      vertex -9.11022 2.35164 2
    endloop
  endfacet
  facet normal 0 0 1
    outer loop
      vertex -9.11022 2.35164 2
      vertex -8.76607 2.71491 2
      vertex -8.93813 2.77225 2
    endloop
  endfacet
  facet normal 0 0 1
    outer loop
      vertex -9.12932 2.37076 2
      vertex -8.93813 2.77225 2
      vertex -8.9955 2.77225 2
    endloop
  endfacet
  facet normal -0 0 1
    outer loop
      vertex -9.12932 2.8105 2
      vertex -8.9955 2.77225 2
      vertex -9.07197 2.8105 2
    endloop
  endfacet
  facet normal 0 0 1
    outer loop
      vertex -8.59398 2.67666 2
      vertex -9.11022 2.35164 2
      vertex -8.17337 2.35164 2
    endloop
  endfacet
  facet normal 0 0 1
    outer loop
      vertex -8.9955 2.77225 2
      vertex -9.12932 2.8105 2
      vertex -9.12932 2.37076 2
    endloop
  endfacet
  facet normal 0 0 1
    outer loop
      vertex -8.93813 2.77225 2
      vertex -9.12932 2.37076 2
      vertex -9.11022 2.35164 2
    endloop
  endfacet
  facet normal 0 0 1
    outer loop
      vertex -9.51171 2.40901 2
      vertex -9.12932 2.8105 2
      vertex -9.47346 2.92521 2
    endloop
  endfacet
  facet normal 0 -0 1
    outer loop
      vertex -9.49259 2.38988 2
      vertex -9.12932 2.8105 2
      vertex -9.51171 2.40901 2
    endloop
  endfacet
  facet normal 0 0 1
    outer loop
      vertex -9.12932 2.8105 2
      vertex -9.49259 2.38988 2
      vertex -9.12932 2.37076 2
    endloop
  endfacet
  facet normal -0 0 1
    outer loop
      vertex -9.76024 2.44723 2
      vertex -9.51171 2.40901 2
      vertex -9.47346 2.92521 2
    endloop
  endfacet
  facet normal 0 0 1
    outer loop
      vertex -9.51171 2.40901 2
      vertex -9.76024 2.44723 2
      vertex -9.74114 2.4281 2
    endloop
  endfacet
  facet normal 0 0 1
    outer loop
      vertex -9.79849 3.07815 2
      vertex -9.76024 2.44723 2
      vertex -9.47346 2.92521 2
    endloop
  endfacet
  facet normal -0 0 1
    outer loop
      vertex -9.83674 3.07815 2
      vertex -9.76024 2.44723 2
      vertex -9.79849 3.07815 2
    endloop
  endfacet
  facet normal 0 0 1
    outer loop
      vertex -9.83674 3.07815 2
      vertex -10.1235 2.5046 2
      vertex -9.76024 2.44723 2
    endloop
  endfacet
  facet normal 0 0 1
    outer loop
      vertex -10.2765 2.56194 2
      vertex -9.83674 3.07815 2
      vertex -10.1426 3.25024 2
    endloop
  endfacet
  facet normal 0 0 1
    outer loop
      vertex -9.83674 3.07815 2
      vertex -10.2765 2.56194 2
      vertex -10.1235 2.5046 2
    endloop
  endfacet
  facet normal 0 0 1
    outer loop
      vertex -10.4868 2.60019 2
      vertex -10.1426 3.25024 2
      vertex -10.3338 3.38405 2
    endloop
  endfacet
  facet normal 0 0 1
    outer loop
      vertex -10.1426 3.25024 2
      vertex -10.4868 2.60019 2
      vertex -10.2765 2.56194 2
    endloop
  endfacet
  facet normal 0 0 1
    outer loop
      vertex -10.85 2.734 2
      vertex -10.3338 3.38405 2
      vertex -10.5059 3.53701 2
    endloop
  endfacet
  facet normal 0 0 1
    outer loop
      vertex -10.9647 2.77225 2
      vertex -10.5059 3.53701 2
      vertex -10.6971 3.76645 2
    endloop
  endfacet
  facet normal 0 0 1
    outer loop
      vertex -10.3338 3.38405 2
      vertex -10.85 2.734 2
      vertex -10.4868 2.60019 2
    endloop
  endfacet
  facet normal 0 0 1
    outer loop
      vertex -11.0603 2.77225 2
      vertex -10.6971 3.76645 2
      vertex -10.9074 4.16794 2
    endloop
  endfacet
  facet normal 0 0 1
    outer loop
      vertex -10.5059 3.53701 2
      vertex -10.9647 2.77225 2
      vertex -10.85 2.734 2
    endloop
  endfacet
  facet normal 0 0 1
    outer loop
      vertex -10.85 2.734 2
      vertex -10.9647 2.77225 2
      vertex -10.9074 2.734 2
    endloop
  endfacet
  facet normal 0 0 1
    outer loop
      vertex -11.0603 2.77225 2
      vertex -10.9074 4.16794 2
      vertex -11.003 4.49296 2
    endloop
  endfacet
  facet normal 0 0 1
    outer loop
      vertex -11.0412 4.70327 2
      vertex -11.003 4.49296 2
      vertex -11.0221 4.68415 2
    endloop
  endfacet
  facet normal 0 0 1
    outer loop
      vertex -11.003 4.49296 2
      vertex -11.0412 4.70327 2
      vertex -11.0603 2.77225 2
    endloop
  endfacet
  facet normal 0 0 1
    outer loop
      vertex -10.6971 3.76645 2
      vertex -11.0603 2.77225 2
      vertex -10.9647 2.77225 2
    endloop
  endfacet
  facet normal 0 0 1
    outer loop
      vertex 1.69204 7.4564 2
      vertex 1.65379 7.09316 2
      vertex 1.71116 7.24609 2
    endloop
  endfacet
  facet normal 0 0 1
    outer loop
      vertex 1.61554 7.59024 2
      vertex 1.65379 7.09316 2
      vertex 1.69204 7.4564 2
    endloop
  endfacet
  facet normal 0 0 1
    outer loop
      vertex 1.61554 7.59024 2
      vertex 1.5582 6.97844 2
      vertex 1.65379 7.09316 2
    endloop
  endfacet
  facet normal 0 0 1
    outer loop
      vertex 1.48173 7.70496 2
      vertex 1.5582 6.97844 2
      vertex 1.61554 7.59024 2
    endloop
  endfacet
  facet normal 0 0 1
    outer loop
      vertex 1.06112 6.92107 2
      vertex 1.5582 6.97844 2
      vertex 1.48173 7.70496 2
    endloop
  endfacet
  facet normal -0 0 1
    outer loop
      vertex 1.13758 7.7432 2
      vertex 1.48173 7.70496 2
      vertex 1.30964 7.76233 2
    endloop
  endfacet
  facet normal 0 0 1
    outer loop
      vertex 1.5582 6.97844 2
      vertex 1.15671 6.88285 2
      vertex 1.38614 6.88285 2
    endloop
  endfacet
  facet normal 0 0 1
    outer loop
      vertex 1.48173 7.70496 2
      vertex 1.13758 7.7432 2
      vertex 1.02287 7.68583 2
    endloop
  endfacet
  facet normal 0 -0 1
    outer loop
      vertex 1.06112 6.92107 2
      vertex 1.48173 7.70496 2
      vertex 1.02287 7.68583 2
    endloop
  endfacet
  facet normal 0 0 1
    outer loop
      vertex 1.5582 6.97844 2
      vertex 1.06112 6.92107 2
      vertex 1.15671 6.88285 2
    endloop
  endfacet
  facet normal 0 0 1
    outer loop
      vertex 1.02287 7.68583 2
      vertex 0.908152 7.05491 2
      vertex 1.06112 6.92107 2
    endloop
  endfacet
  facet normal 0 0 1
    outer loop
      vertex 0.831683 7.39906 2
      vertex 1.02287 7.68583 2
      vertex 0.889028 7.55202 2
    endloop
  endfacet
  facet normal 0 0 1
    outer loop
      vertex 1.02287 7.68583 2
      vertex 0.831683 7.39906 2
      vertex 0.908152 7.05491 2
    endloop
  endfacet
  facet normal 0 0 1
    outer loop
      vertex 0.908152 7.05491 2
      vertex 0.831683 7.39906 2
      vertex 0.831683 7.20787 2
    endloop
  endfacet
  facet normal -0.932994 0.359891 0
    outer loop
      vertex -13.1816 4.71646 0
      vertex -12.9343 5.35757 2
      vertex -12.9343 5.35757 0
    endloop
  endfacet
  facet normal -0.932994 0.359891 0
    outer loop
      vertex -12.9343 5.35757 2
      vertex -13.1816 4.71646 0
      vertex -13.1816 4.71646 2
    endloop
  endfacet
  facet normal -0.949507 0.313747 0
    outer loop
      vertex -13.3972 4.06398 0
      vertex -13.1816 4.71646 2
      vertex -13.1816 4.71646 0
    endloop
  endfacet
  facet normal -0.949507 0.313747 0
    outer loop
      vertex -13.1816 4.71646 2
      vertex -13.3972 4.06398 0
      vertex -13.3972 4.06398 2
    endloop
  endfacet
  facet normal -0.963803 0.266615 0
    outer loop
      vertex -13.5804 3.40172 0
      vertex -13.3972 4.06398 2
      vertex -13.3972 4.06398 0
    endloop
  endfacet
  facet normal -0.963803 0.266615 0
    outer loop
      vertex -13.3972 4.06398 2
      vertex -13.5804 3.40172 0
      vertex -13.5804 3.40172 2
    endloop
  endfacet
  facet normal -0.985272 0.170996 0
    outer loop
      vertex -13.8485 2.05423 0
      vertex -13.731 2.73126 2
      vertex -13.731 2.73126 0
    endloop
  endfacet
  facet normal -0.985272 0.170996 0
    outer loop
      vertex -13.731 2.73126 2
      vertex -13.8485 2.05423 0
      vertex -13.8485 2.05423 2
    endloop
  endfacet
  facet normal -0.914189 0.405288 0
    outer loop
      vertex -12.9343 5.35757 0
      vertex -12.6558 5.98577 2
      vertex -12.6558 5.98577 0
    endloop
  endfacet
  facet normal -0.914189 0.405288 0
    outer loop
      vertex -12.6558 5.98577 2
      vertex -12.9343 5.35757 0
      vertex -12.9343 5.35757 2
    endloop
  endfacet
  facet normal -0.844869 0.534974 0
    outer loop
      vertex -12.0082 7.19744 0
      vertex -11.6406 7.77798 2
      vertex -11.6406 7.77798 0
    endloop
  endfacet
  facet normal -0.844869 0.534974 0
    outer loop
      vertex -11.6406 7.77798 2
      vertex -12.0082 7.19744 0
      vertex -12.0082 7.19744 2
    endloop
  endfacet
  facet normal -0.78832 0.615266 0
    outer loop
      vertex -11.2449 8.33979 0
      vertex -10.8221 8.88151 2
      vertex -10.8221 8.88151 0
    endloop
  endfacet
  facet normal -0.78832 0.615266 0
    outer loop
      vertex -10.8221 8.88151 2
      vertex -11.2449 8.33979 0
      vertex -11.2449 8.33979 2
    endloop
  endfacet
  facet normal -0.724255 0.689532 0
    outer loop
      vertex -10.3733 9.40182 0
      vertex -9.89949 9.89949 2
      vertex -9.89949 9.89949 0
    endloop
  endfacet
  facet normal -0.724255 0.689532 0
    outer loop
      vertex -9.89949 9.89949 2
      vertex -10.3733 9.40182 0
      vertex -10.3733 9.40182 2
    endloop
  endfacet
  facet normal -0.817565 0.575836 0
    outer loop
      vertex -11.6406 7.77798 0
      vertex -11.2449 8.33979 2
      vertex -11.2449 8.33979 0
    endloop
  endfacet
  facet normal -0.817565 0.575836 0
    outer loop
      vertex -11.2449 8.33979 2
      vertex -11.6406 7.77798 0
      vertex -11.6406 7.77798 2
    endloop
  endfacet
  facet normal -0.359891 0.932994 0
    outer loop
      vertex -4.71646 13.1816 0
      vertex -5.35757 12.9343 2
      vertex -4.71646 13.1816 2
    endloop
  endfacet
  facet normal -0.359891 0.932994 0
    outer loop
      vertex -5.35757 12.9343 2
      vertex -4.71646 13.1816 0
      vertex -5.35757 12.9343 0
    endloop
  endfacet
  facet normal -0.219161 0.975689 0
    outer loop
      vertex -2.73126 13.731 0
      vertex -3.40172 13.5804 2
      vertex -2.73126 13.731 2
    endloop
  endfacet
  facet normal -0.219161 0.975689 0
    outer loop
      vertex -3.40172 13.5804 2
      vertex -2.73126 13.731 0
      vertex -3.40172 13.5804 0
    endloop
  endfacet
  facet normal -0.122389 0.992482 0
    outer loop
      vertex -1.37224 13.9326 0
      vertex -2.05423 13.8485 2
      vertex -1.37224 13.9326 2
    endloop
  endfacet
  facet normal -0.122389 0.992482 0
    outer loop
      vertex -2.05423 13.8485 2
      vertex -1.37224 13.9326 0
      vertex -2.05423 13.8485 0
    endloop
  endfacet
  facet normal -0.0245942 0.999698 0
    outer loop
      vertex 0 14 0
      vertex -0.686947 13.9831 2
      vertex 0 14 2
    endloop
  endfacet
  facet normal -0.0245942 0.999698 0
    outer loop
      vertex -0.686947 13.9831 2
      vertex 0 14 0
      vertex -0.686947 13.9831 0
    endloop
  endfacet
  facet normal -0.170996 0.985272 0
    outer loop
      vertex -2.05423 13.8485 0
      vertex -2.73126 13.731 2
      vertex -2.05423 13.8485 2
    endloop
  endfacet
  facet normal -0.170996 0.985272 0
    outer loop
      vertex -2.73126 13.731 2
      vertex -2.05423 13.8485 0
      vertex -2.73126 13.731 0
    endloop
  endfacet
  facet normal -0.492898 0.870087 0
    outer loop
      vertex -6.59955 12.3469 0
      vertex -7.19744 12.0082 2
      vertex -6.59955 12.3469 2
    endloop
  endfacet
  facet normal -0.492898 0.870087 0
    outer loop
      vertex -7.19744 12.0082 2
      vertex -6.59955 12.3469 0
      vertex -7.19744 12.0082 0
    endloop
  endfacet
  facet normal -0.405288 0.914189 0
    outer loop
      vertex -5.35757 12.9343 0
      vertex -5.98577 12.6558 2
      vertex -5.35757 12.9343 2
    endloop
  endfacet
  facet normal -0.405288 0.914189 0
    outer loop
      vertex -5.98577 12.6558 2
      vertex -5.35757 12.9343 0
      vertex -5.98577 12.6558 0
    endloop
  endfacet
  facet normal -0.534974 0.844869 0
    outer loop
      vertex -7.19744 12.0082 0
      vertex -7.77798 11.6406 2
      vertex -7.19744 12.0082 2
    endloop
  endfacet
  facet normal -0.534974 0.844869 0
    outer loop
      vertex -7.77798 11.6406 2
      vertex -7.19744 12.0082 0
      vertex -7.77798 11.6406 0
    endloop
  endfacet
  facet normal -0.615266 0.78832 0
    outer loop
      vertex -8.33979 11.2449 0
      vertex -8.88151 10.8221 2
      vertex -8.33979 11.2449 2
    endloop
  endfacet
  facet normal -0.615266 0.78832 0
    outer loop
      vertex -8.88151 10.8221 2
      vertex -8.33979 11.2449 0
      vertex -8.88151 10.8221 0
    endloop
  endfacet
  facet normal -0.689532 0.724255 0
    outer loop
      vertex -9.40182 10.3733 0
      vertex -9.89949 9.89949 2
      vertex -9.40182 10.3733 2
    endloop
  endfacet
  facet normal -0.689532 0.724255 0
    outer loop
      vertex -9.89949 9.89949 2
      vertex -9.40182 10.3733 0
      vertex -9.89949 9.89949 0
    endloop
  endfacet
  facet normal -0.653154 0.757225 0
    outer loop
      vertex -8.88151 10.8221 0
      vertex -9.40182 10.3733 2
      vertex -8.88151 10.8221 2
    endloop
  endfacet
  facet normal -0.653154 0.757225 0
    outer loop
      vertex -9.40182 10.3733 2
      vertex -8.88151 10.8221 0
      vertex -9.40182 10.3733 0
    endloop
  endfacet
  facet normal 0.999698 0.0245942 0
    outer loop
      vertex 14 0 2
      vertex 13.9831 0.686947 0
      vertex 13.9831 0.686947 2
    endloop
  endfacet
  facet normal 0.999698 0.0245942 0
    outer loop
      vertex 13.9831 0.686947 0
      vertex 14 0 2
      vertex 14 0 0
    endloop
  endfacet
  facet normal 0.0245942 -0.999698 0
    outer loop
      vertex 0 -14 0
      vertex 0.686947 -13.9831 2
      vertex 0 -14 2
    endloop
  endfacet
  facet normal 0.0245942 -0.999698 0
    outer loop
      vertex 0.686947 -13.9831 2
      vertex 0 -14 0
      vertex 0.686947 -13.9831 0
    endloop
  endfacet
  facet normal 0.949507 -0.313747 0
    outer loop
      vertex 13.1816 -4.71646 2
      vertex 13.3972 -4.06398 0
      vertex 13.3972 -4.06398 2
    endloop
  endfacet
  facet normal 0.949507 -0.313747 0
    outer loop
      vertex 13.3972 -4.06398 0
      vertex 13.1816 -4.71646 2
      vertex 13.1816 -4.71646 0
    endloop
  endfacet
  facet normal 0.975689 -0.219161 0
    outer loop
      vertex 13.5804 -3.40172 2
      vertex 13.731 -2.73126 0
      vertex 13.731 -2.73126 2
    endloop
  endfacet
  facet normal 0.975689 -0.219161 0
    outer loop
      vertex 13.731 -2.73126 0
      vertex 13.5804 -3.40172 2
      vertex 13.5804 -3.40172 0
    endloop
  endfacet
  facet normal 0.992482 -0.122389 0
    outer loop
      vertex 13.8485 -2.05423 2
      vertex 13.9326 -1.37224 0
      vertex 13.9326 -1.37224 2
    endloop
  endfacet
  facet normal 0.992482 -0.122389 0
    outer loop
      vertex 13.9326 -1.37224 0
      vertex 13.8485 -2.05423 2
      vertex 13.8485 -2.05423 0
    endloop
  endfacet
  facet normal 0.122389 -0.992482 0
    outer loop
      vertex 1.37224 -13.9326 0
      vertex 2.05423 -13.8485 2
      vertex 1.37224 -13.9326 2
    endloop
  endfacet
  facet normal 0.122389 -0.992482 0
    outer loop
      vertex 2.05423 -13.8485 2
      vertex 1.37224 -13.9326 0
      vertex 2.05423 -13.8485 0
    endloop
  endfacet
  facet normal 0.359891 -0.932994 0
    outer loop
      vertex 4.71646 -13.1816 0
      vertex 5.35757 -12.9343 2
      vertex 4.71646 -13.1816 2
    endloop
  endfacet
  facet normal 0.359891 -0.932994 0
    outer loop
      vertex 5.35757 -12.9343 2
      vertex 4.71646 -13.1816 0
      vertex 5.35757 -12.9343 0
    endloop
  endfacet
  facet normal 0.615266 -0.78832 0
    outer loop
      vertex 8.33979 -11.2449 0
      vertex 8.88151 -10.8221 2
      vertex 8.33979 -11.2449 2
    endloop
  endfacet
  facet normal 0.615266 -0.78832 0
    outer loop
      vertex 8.88151 -10.8221 2
      vertex 8.33979 -11.2449 0
      vertex 8.88151 -10.8221 0
    endloop
  endfacet
  facet normal 0.534974 -0.844869 0
    outer loop
      vertex 7.19744 -12.0082 0
      vertex 7.77798 -11.6406 2
      vertex 7.19744 -12.0082 2
    endloop
  endfacet
  facet normal 0.534974 -0.844869 0
    outer loop
      vertex 7.77798 -11.6406 2
      vertex 7.19744 -12.0082 0
      vertex 7.77798 -11.6406 0
    endloop
  endfacet
  facet normal 0.449552 -0.893254 0
    outer loop
      vertex 5.98577 -12.6558 0
      vertex 6.59955 -12.3469 2
      vertex 5.98577 -12.6558 2
    endloop
  endfacet
  facet normal 0.449552 -0.893254 0
    outer loop
      vertex 6.59955 -12.3469 2
      vertex 5.98577 -12.6558 0
      vertex 6.59955 -12.3469 0
    endloop
  endfacet
  facet normal 0.575836 -0.817565 0
    outer loop
      vertex 7.77798 -11.6406 0
      vertex 8.33979 -11.2449 2
      vertex 7.77798 -11.6406 2
    endloop
  endfacet
  facet normal 0.575836 -0.817565 0
    outer loop
      vertex 8.33979 -11.2449 2
      vertex 7.77798 -11.6406 0
      vertex 8.33979 -11.2449 0
    endloop
  endfacet
  facet normal 0.932994 -0.359891 0
    outer loop
      vertex 12.9343 -5.35757 2
      vertex 13.1816 -4.71646 0
      vertex 13.1816 -4.71646 2
    endloop
  endfacet
  facet normal 0.932994 -0.359891 0
    outer loop
      vertex 13.1816 -4.71646 0
      vertex 12.9343 -5.35757 2
      vertex 12.9343 -5.35757 0
    endloop
  endfacet
  facet normal 0.870087 -0.492898 0
    outer loop
      vertex 12.0082 -7.19744 2
      vertex 12.3469 -6.59955 0
      vertex 12.3469 -6.59955 2
    endloop
  endfacet
  facet normal 0.870087 -0.492898 0
    outer loop
      vertex 12.3469 -6.59955 0
      vertex 12.0082 -7.19744 2
      vertex 12.0082 -7.19744 0
    endloop
  endfacet
  facet normal 0.817565 -0.575836 0
    outer loop
      vertex 11.2449 -8.33979 2
      vertex 11.6406 -7.77798 0
      vertex 11.6406 -7.77798 2
    endloop
  endfacet
  facet normal 0.817565 -0.575836 0
    outer loop
      vertex 11.6406 -7.77798 0
      vertex 11.2449 -8.33979 2
      vertex 11.2449 -8.33979 0
    endloop
  endfacet
  facet normal 0.757225 -0.653154 0
    outer loop
      vertex 10.3733 -9.40182 2
      vertex 10.8221 -8.88151 0
      vertex 10.8221 -8.88151 2
    endloop
  endfacet
  facet normal 0.757225 -0.653154 0
    outer loop
      vertex 10.8221 -8.88151 0
      vertex 10.3733 -9.40182 2
      vertex 10.3733 -9.40182 0
    endloop
  endfacet
  facet normal 0.844869 -0.534974 0
    outer loop
      vertex 11.6406 -7.77798 2
      vertex 12.0082 -7.19744 0
      vertex 12.0082 -7.19744 2
    endloop
  endfacet
  facet normal 0.844869 -0.534974 0
    outer loop
      vertex 12.0082 -7.19744 0
      vertex 11.6406 -7.77798 2
      vertex 11.6406 -7.77798 0
    endloop
  endfacet
  facet normal -0.0245942 -0.999698 0
    outer loop
      vertex -0.686947 -13.9831 0
      vertex 0 -14 2
      vertex -0.686947 -13.9831 2
    endloop
  endfacet
  facet normal -0.0245942 -0.999698 -0
    outer loop
      vertex 0 -14 2
      vertex -0.686947 -13.9831 0
      vertex 0 -14 0
    endloop
  endfacet
  facet normal -0.266615 -0.963803 0
    outer loop
      vertex -4.06398 -13.3972 0
      vertex -3.40172 -13.5804 2
      vertex -4.06398 -13.3972 2
    endloop
  endfacet
  facet normal -0.266615 -0.963803 -0
    outer loop
      vertex -3.40172 -13.5804 2
      vertex -4.06398 -13.3972 0
      vertex -3.40172 -13.5804 0
    endloop
  endfacet
  facet normal -0.170996 -0.985272 0
    outer loop
      vertex -2.73126 -13.731 0
      vertex -2.05423 -13.8485 2
      vertex -2.73126 -13.731 2
    endloop
  endfacet
  facet normal -0.170996 -0.985272 -0
    outer loop
      vertex -2.05423 -13.8485 2
      vertex -2.73126 -13.731 0
      vertex -2.05423 -13.8485 0
    endloop
  endfacet
  facet normal -0.615266 -0.78832 0
    outer loop
      vertex -8.88151 -10.8221 0
      vertex -8.33979 -11.2449 2
      vertex -8.88151 -10.8221 2
    endloop
  endfacet
  facet normal -0.615266 -0.78832 -0
    outer loop
      vertex -8.33979 -11.2449 2
      vertex -8.88151 -10.8221 0
      vertex -8.33979 -11.2449 0
    endloop
  endfacet
  facet normal -0.689532 -0.724255 0
    outer loop
      vertex -9.89949 -9.89949 0
      vertex -9.40182 -10.3733 2
      vertex -9.89949 -9.89949 2
    endloop
  endfacet
  facet normal -0.689532 -0.724255 -0
    outer loop
      vertex -9.40182 -10.3733 2
      vertex -9.89949 -9.89949 0
      vertex -9.40182 -10.3733 0
    endloop
  endfacet
  facet normal -0.449552 -0.893254 0
    outer loop
      vertex -6.59955 -12.3469 0
      vertex -5.98577 -12.6558 2
      vertex -6.59955 -12.3469 2
    endloop
  endfacet
  facet normal -0.449552 -0.893254 -0
    outer loop
      vertex -5.98577 -12.6558 2
      vertex -6.59955 -12.3469 0
      vertex -5.98577 -12.6558 0
    endloop
  endfacet
  facet normal -0.534974 -0.844869 0
    outer loop
      vertex -7.77798 -11.6406 0
      vertex -7.19744 -12.0082 2
      vertex -7.77798 -11.6406 2
    endloop
  endfacet
  facet normal -0.534974 -0.844869 -0
    outer loop
      vertex -7.19744 -12.0082 2
      vertex -7.77798 -11.6406 0
      vertex -7.19744 -12.0082 0
    endloop
  endfacet
  facet normal -0.405288 -0.914189 0
    outer loop
      vertex -5.98577 -12.6558 0
      vertex -5.35757 -12.9343 2
      vertex -5.98577 -12.6558 2
    endloop
  endfacet
  facet normal -0.405288 -0.914189 -0
    outer loop
      vertex -5.35757 -12.9343 2
      vertex -5.98577 -12.6558 0
      vertex -5.35757 -12.9343 0
    endloop
  endfacet
  facet normal -0.992482 -0.122389 0
    outer loop
      vertex -13.8485 -2.05423 0
      vertex -13.9326 -1.37224 2
      vertex -13.9326 -1.37224 0
    endloop
  endfacet
  facet normal -0.992482 -0.122389 0
    outer loop
      vertex -13.9326 -1.37224 2
      vertex -13.8485 -2.05423 0
      vertex -13.8485 -2.05423 2
    endloop
  endfacet
  facet normal -0.985272 -0.170996 0
    outer loop
      vertex -13.731 -2.73126 0
      vertex -13.8485 -2.05423 2
      vertex -13.8485 -2.05423 0
    endloop
  endfacet
  facet normal -0.985272 -0.170996 0
    outer loop
      vertex -13.8485 -2.05423 2
      vertex -13.731 -2.73126 0
      vertex -13.731 -2.73126 2
    endloop
  endfacet
  facet normal -0.999698 -0.0245942 0
    outer loop
      vertex -13.9831 -0.686947 0
      vertex -14 0 2
      vertex -14 0 0
    endloop
  endfacet
  facet normal -0.999698 -0.0245942 0
    outer loop
      vertex -14 0 2
      vertex -13.9831 -0.686947 0
      vertex -13.9831 -0.686947 2
    endloop
  endfacet
  facet normal -0.949507 -0.313747 0
    outer loop
      vertex -13.1816 -4.71646 0
      vertex -13.3972 -4.06398 2
      vertex -13.3972 -4.06398 0
    endloop
  endfacet
  facet normal -0.949507 -0.313747 0
    outer loop
      vertex -13.3972 -4.06398 2
      vertex -13.1816 -4.71646 0
      vertex -13.1816 -4.71646 2
    endloop
  endfacet
  facet normal -0.975689 -0.219161 0
    outer loop
      vertex -13.5804 -3.40172 0
      vertex -13.731 -2.73126 2
      vertex -13.731 -2.73126 0
    endloop
  endfacet
  facet normal -0.975689 -0.219161 0
    outer loop
      vertex -13.731 -2.73126 2
      vertex -13.5804 -3.40172 0
      vertex -13.5804 -3.40172 2
    endloop
  endfacet
  facet normal -0.724255 -0.689532 0
    outer loop
      vertex -9.89949 -9.89949 0
      vertex -10.3733 -9.40182 2
      vertex -10.3733 -9.40182 0
    endloop
  endfacet
  facet normal -0.724255 -0.689532 0
    outer loop
      vertex -10.3733 -9.40182 2
      vertex -9.89949 -9.89949 0
      vertex -9.89949 -9.89949 2
    endloop
  endfacet
  facet normal -0.870087 -0.492898 0
    outer loop
      vertex -12.0082 -7.19744 0
      vertex -12.3469 -6.59955 2
      vertex -12.3469 -6.59955 0
    endloop
  endfacet
  facet normal -0.870087 -0.492898 0
    outer loop
      vertex -12.3469 -6.59955 2
      vertex -12.0082 -7.19744 0
      vertex -12.0082 -7.19744 2
    endloop
  endfacet
  facet normal -0.78832 -0.615266 0
    outer loop
      vertex -10.8221 -8.88151 0
      vertex -11.2449 -8.33979 2
      vertex -11.2449 -8.33979 0
    endloop
  endfacet
  facet normal -0.78832 -0.615266 0
    outer loop
      vertex -11.2449 -8.33979 2
      vertex -10.8221 -8.88151 0
      vertex -10.8221 -8.88151 2
    endloop
  endfacet
  facet normal -0.817565 -0.575836 0
    outer loop
      vertex -11.2449 -8.33979 0
      vertex -11.6406 -7.77798 2
      vertex -11.6406 -7.77798 0
    endloop
  endfacet
  facet normal -0.817565 -0.575836 0
    outer loop
      vertex -11.6406 -7.77798 2
      vertex -11.2449 -8.33979 0
      vertex -11.2449 -8.33979 2
    endloop
  endfacet
  facet normal -0.757225 -0.653154 0
    outer loop
      vertex -10.3733 -9.40182 0
      vertex -10.8221 -8.88151 2
      vertex -10.8221 -8.88151 0
    endloop
  endfacet
  facet normal -0.757225 -0.653154 0
    outer loop
      vertex -10.8221 -8.88151 2
      vertex -10.3733 -9.40182 0
      vertex -10.3733 -9.40182 2
    endloop
  endfacet
  facet normal 0.975689 0.219161 0
    outer loop
      vertex 13.731 2.73126 2
      vertex 13.5804 3.40172 0
      vertex 13.5804 3.40172 2
    endloop
  endfacet
  facet normal 0.975689 0.219161 0
    outer loop
      vertex 13.5804 3.40172 0
      vertex 13.731 2.73126 2
      vertex 13.731 2.73126 0
    endloop
  endfacet
  facet normal 0.985272 0.170996 0
    outer loop
      vertex 13.8485 2.05423 2
      vertex 13.731 2.73126 0
      vertex 13.731 2.73126 2
    endloop
  endfacet
  facet normal 0.985272 0.170996 0
    outer loop
      vertex 13.731 2.73126 0
      vertex 13.8485 2.05423 2
      vertex 13.8485 2.05423 0
    endloop
  endfacet
  facet normal 0.992482 0.122389 0
    outer loop
      vertex 13.9326 1.37224 2
      vertex 13.8485 2.05423 0
      vertex 13.8485 2.05423 2
    endloop
  endfacet
  facet normal 0.992482 0.122389 0
    outer loop
      vertex 13.8485 2.05423 0
      vertex 13.9326 1.37224 2
      vertex 13.9326 1.37224 0
    endloop
  endfacet
  facet normal 0.963803 -0.266615 0
    outer loop
      vertex 13.3972 -4.06398 2
      vertex 13.5804 -3.40172 0
      vertex 13.5804 -3.40172 2
    endloop
  endfacet
  facet normal 0.963803 -0.266615 0
    outer loop
      vertex 13.5804 -3.40172 0
      vertex 13.3972 -4.06398 2
      vertex 13.3972 -4.06398 0
    endloop
  endfacet
  facet normal 0.985272 -0.170996 0
    outer loop
      vertex 13.731 -2.73126 2
      vertex 13.8485 -2.05423 0
      vertex 13.8485 -2.05423 2
    endloop
  endfacet
  facet normal 0.985272 -0.170996 0
    outer loop
      vertex 13.8485 -2.05423 0
      vertex 13.731 -2.73126 2
      vertex 13.731 -2.73126 0
    endloop
  endfacet
  facet normal 0.997296 -0.0734918 0
    outer loop
      vertex 13.9326 -1.37224 2
      vertex 13.9831 -0.686947 0
      vertex 13.9831 -0.686947 2
    endloop
  endfacet
  facet normal 0.997296 -0.0734918 0
    outer loop
      vertex 13.9831 -0.686947 0
      vertex 13.9326 -1.37224 2
      vertex 13.9326 -1.37224 0
    endloop
  endfacet
  facet normal 0.170996 -0.985272 0
    outer loop
      vertex 2.05423 -13.8485 0
      vertex 2.73126 -13.731 2
      vertex 2.05423 -13.8485 2
    endloop
  endfacet
  facet normal 0.170996 -0.985272 0
    outer loop
      vertex 2.73126 -13.731 2
      vertex 2.05423 -13.8485 0
      vertex 2.73126 -13.731 0
    endloop
  endfacet
  facet normal 0.0734918 -0.997296 0
    outer loop
      vertex 0.686947 -13.9831 0
      vertex 1.37224 -13.9326 2
      vertex 0.686947 -13.9831 2
    endloop
  endfacet
  facet normal 0.0734918 -0.997296 0
    outer loop
      vertex 1.37224 -13.9326 2
      vertex 0.686947 -13.9831 0
      vertex 1.37224 -13.9326 0
    endloop
  endfacet
  facet normal 0.313747 -0.949507 0
    outer loop
      vertex 4.06398 -13.3972 0
      vertex 4.71646 -13.1816 2
      vertex 4.06398 -13.3972 2
    endloop
  endfacet
  facet normal 0.313747 -0.949507 0
    outer loop
      vertex 4.71646 -13.1816 2
      vertex 4.06398 -13.3972 0
      vertex 4.71646 -13.1816 0
    endloop
  endfacet
  facet normal 0.405288 -0.914189 0
    outer loop
      vertex 5.35757 -12.9343 0
      vertex 5.98577 -12.6558 2
      vertex 5.35757 -12.9343 2
    endloop
  endfacet
  facet normal 0.405288 -0.914189 0
    outer loop
      vertex 5.98577 -12.6558 2
      vertex 5.35757 -12.9343 0
      vertex 5.98577 -12.6558 0
    endloop
  endfacet
  facet normal 0.724255 -0.689532 0
    outer loop
      vertex 9.89949 -9.89949 2
      vertex 10.3733 -9.40182 0
      vertex 10.3733 -9.40182 2
    endloop
  endfacet
  facet normal 0.724255 -0.689532 0
    outer loop
      vertex 10.3733 -9.40182 0
      vertex 9.89949 -9.89949 2
      vertex 9.89949 -9.89949 0
    endloop
  endfacet
  facet normal 0.653154 -0.757225 0
    outer loop
      vertex 8.88151 -10.8221 0
      vertex 9.40182 -10.3733 2
      vertex 8.88151 -10.8221 2
    endloop
  endfacet
  facet normal 0.653154 -0.757225 0
    outer loop
      vertex 9.40182 -10.3733 2
      vertex 8.88151 -10.8221 0
      vertex 9.40182 -10.3733 0
    endloop
  endfacet
  facet normal 0.492898 -0.870087 0
    outer loop
      vertex 6.59955 -12.3469 0
      vertex 7.19744 -12.0082 2
      vertex 6.59955 -12.3469 2
    endloop
  endfacet
  facet normal 0.492898 -0.870087 0
    outer loop
      vertex 7.19744 -12.0082 2
      vertex 6.59955 -12.3469 0
      vertex 7.19744 -12.0082 0
    endloop
  endfacet
  facet normal 0.893254 -0.449552 0
    outer loop
      vertex 12.3469 -6.59955 2
      vertex 12.6558 -5.98577 0
      vertex 12.6558 -5.98577 2
    endloop
  endfacet
  facet normal 0.893254 -0.449552 0
    outer loop
      vertex 12.6558 -5.98577 0
      vertex 12.3469 -6.59955 2
      vertex 12.3469 -6.59955 0
    endloop
  endfacet
  facet normal 0.78832 -0.615266 0
    outer loop
      vertex 10.8221 -8.88151 2
      vertex 11.2449 -8.33979 0
      vertex 11.2449 -8.33979 2
    endloop
  endfacet
  facet normal 0.78832 -0.615266 0
    outer loop
      vertex 11.2449 -8.33979 0
      vertex 10.8221 -8.88151 2
      vertex 10.8221 -8.88151 0
    endloop
  endfacet
  facet normal -0.313747 -0.949507 0
    outer loop
      vertex -4.71646 -13.1816 0
      vertex -4.06398 -13.3972 2
      vertex -4.71646 -13.1816 2
    endloop
  endfacet
  facet normal -0.313747 -0.949507 -0
    outer loop
      vertex -4.06398 -13.3972 2
      vertex -4.71646 -13.1816 0
      vertex -4.06398 -13.3972 0
    endloop
  endfacet
  facet normal -0.219161 -0.975689 0
    outer loop
      vertex -3.40172 -13.5804 0
      vertex -2.73126 -13.731 2
      vertex -3.40172 -13.5804 2
    endloop
  endfacet
  facet normal -0.219161 -0.975689 -0
    outer loop
      vertex -2.73126 -13.731 2
      vertex -3.40172 -13.5804 0
      vertex -2.73126 -13.731 0
    endloop
  endfacet
  facet normal -0.122389 -0.992482 0
    outer loop
      vertex -2.05423 -13.8485 0
      vertex -1.37224 -13.9326 2
      vertex -2.05423 -13.8485 2
    endloop
  endfacet
  facet normal -0.122389 -0.992482 -0
    outer loop
      vertex -1.37224 -13.9326 2
      vertex -2.05423 -13.8485 0
      vertex -1.37224 -13.9326 0
    endloop
  endfacet
  facet normal -0.575836 -0.817565 0
    outer loop
      vertex -8.33979 -11.2449 0
      vertex -7.77798 -11.6406 2
      vertex -8.33979 -11.2449 2
    endloop
  endfacet
  facet normal -0.575836 -0.817565 -0
    outer loop
      vertex -7.77798 -11.6406 2
      vertex -8.33979 -11.2449 0
      vertex -7.77798 -11.6406 0
    endloop
  endfacet
  facet normal -0.653154 -0.757225 0
    outer loop
      vertex -9.40182 -10.3733 0
      vertex -8.88151 -10.8221 2
      vertex -9.40182 -10.3733 2
    endloop
  endfacet
  facet normal -0.653154 -0.757225 -0
    outer loop
      vertex -8.88151 -10.8221 2
      vertex -9.40182 -10.3733 0
      vertex -8.88151 -10.8221 0
    endloop
  endfacet
  facet normal -0.492898 -0.870087 0
    outer loop
      vertex -7.19744 -12.0082 0
      vertex -6.59955 -12.3469 2
      vertex -7.19744 -12.0082 2
    endloop
  endfacet
  facet normal -0.492898 -0.870087 -0
    outer loop
      vertex -6.59955 -12.3469 2
      vertex -7.19744 -12.0082 0
      vertex -6.59955 -12.3469 0
    endloop
  endfacet
  facet normal -0.997296 -0.0734918 0
    outer loop
      vertex -13.9326 -1.37224 0
      vertex -13.9831 -0.686947 2
      vertex -13.9831 -0.686947 0
    endloop
  endfacet
  facet normal -0.997296 -0.0734918 0
    outer loop
      vertex -13.9831 -0.686947 2
      vertex -13.9326 -1.37224 0
      vertex -13.9326 -1.37224 2
    endloop
  endfacet
  facet normal -0.963803 -0.266615 0
    outer loop
      vertex -13.3972 -4.06398 0
      vertex -13.5804 -3.40172 2
      vertex -13.5804 -3.40172 0
    endloop
  endfacet
  facet normal -0.963803 -0.266615 0
    outer loop
      vertex -13.5804 -3.40172 2
      vertex -13.3972 -4.06398 0
      vertex -13.3972 -4.06398 2
    endloop
  endfacet
  facet normal -0.932994 -0.359891 0
    outer loop
      vertex -12.9343 -5.35757 0
      vertex -13.1816 -4.71646 2
      vertex -13.1816 -4.71646 0
    endloop
  endfacet
  facet normal -0.932994 -0.359891 0
    outer loop
      vertex -13.1816 -4.71646 2
      vertex -12.9343 -5.35757 0
      vertex -12.9343 -5.35757 2
    endloop
  endfacet
  facet normal -0.893254 -0.449552 0
    outer loop
      vertex -12.3469 -6.59955 0
      vertex -12.6558 -5.98577 2
      vertex -12.6558 -5.98577 0
    endloop
  endfacet
  facet normal -0.893254 -0.449552 0
    outer loop
      vertex -12.6558 -5.98577 2
      vertex -12.3469 -6.59955 0
      vertex -12.3469 -6.59955 2
    endloop
  endfacet
  facet normal -0.844869 -0.534974 0
    outer loop
      vertex -11.6406 -7.77798 0
      vertex -12.0082 -7.19744 2
      vertex -12.0082 -7.19744 0
    endloop
  endfacet
  facet normal -0.844869 -0.534974 0
    outer loop
      vertex -12.0082 -7.19744 2
      vertex -11.6406 -7.77798 0
      vertex -11.6406 -7.77798 2
    endloop
  endfacet
  facet normal 0.266615 -0.963803 0
    outer loop
      vertex 3.40172 -13.5804 0
      vertex 4.06398 -13.3972 2
      vertex 3.40172 -13.5804 2
    endloop
  endfacet
  facet normal 0.266615 -0.963803 0
    outer loop
      vertex 4.06398 -13.3972 2
      vertex 3.40172 -13.5804 0
      vertex 4.06398 -13.3972 0
    endloop
  endfacet
  facet normal 0 0 1
    outer loop
      vertex -3.04948 -4.60768 2.6
      vertex -3.0686 -4.58856 2.6
      vertex -3.04948 -4.79886 2.6
    endloop
  endfacet
  facet normal 0 0 1
    outer loop
      vertex -3.03036 -4.81799 2.6
      vertex -3.04948 -4.79886 2.6
      vertex -3.03036 -5.0283 2.6
    endloop
  endfacet
  facet normal 0 0 1
    outer loop
      vertex 0.831683 -5.2386 2.6
      vertex 0.793435 -5.12389 2.6
      vertex 0.831683 -5.31507 2.6
    endloop
  endfacet
  facet normal 0 0 1
    outer loop
      vertex 0.850807 -5.3342 2.6
      vertex 0.831683 -5.31507 2.6
      vertex 0.850807 -5.41069 2.6
    endloop
  endfacet
  facet normal 0 0 1
    outer loop
      vertex 0.869904 -5.42979 2.6
      vertex 0.850807 -5.41069 2.6
      vertex 0.869904 -5.50628 2.6
    endloop
  endfacet
  facet normal 0 0 1
    outer loop
      vertex 0.889028 -5.52538 2.6
      vertex 0.869904 -5.50628 2.6
      vertex 0.889028 -5.60188 2.6
    endloop
  endfacet
  facet normal 0 0 1
    outer loop
      vertex 0.908152 -5.621 2.6
      vertex 0.889028 -5.60188 2.6
      vertex 0.908152 -5.69747 2.6
    endloop
  endfacet
  facet normal 0 0 1
    outer loop
      vertex 0.946399 -5.81218 2.6
      vertex 0.927276 -5.79306 2.6
      vertex 0.946399 -5.88865 2.6
    endloop
  endfacet
  facet normal 0 0 1
    outer loop
      vertex 0.965495 -5.90778 2.6
      vertex 0.946399 -5.88865 2.6
      vertex 0.965495 -5.98424 2.6
    endloop
  endfacet
  facet normal 0 0 1
    outer loop
      vertex 0.984619 -6.00337 2.6
      vertex 0.965495 -5.98424 2.6
      vertex 0.984619 -6.07984 2.6
    endloop
  endfacet
  facet normal 0 0 1
    outer loop
      vertex 1.00374 -6.09896 2.6
      vertex 0.984619 -6.07984 2.6
      vertex 1.00374 -6.17543 2.6
    endloop
  endfacet
  facet normal 0 0 1
    outer loop
      vertex 1.02287 -6.19455 2.6
      vertex 1.00374 -6.17543 2.6
      vertex 1.02287 -6.29014 2.6
    endloop
  endfacet
  facet normal 0 0 1
    outer loop
      vertex 1.06112 -6.40486 2.6
      vertex 1.02287 -6.29014 2.6
      vertex 1.06112 -6.48136 2.6
    endloop
  endfacet
  facet normal 0 0 1
    outer loop
      vertex 1.08021 -6.50045 2.6
      vertex 1.06112 -6.48136 2.6
      vertex 1.08021 -6.57695 2.6
    endloop
  endfacet
  facet normal 0 0 1
    outer loop
      vertex 1.11846 -6.69166 2.6
      vertex 1.09934 -6.67254 2.6
      vertex 1.11846 -6.76813 2.6
    endloop
  endfacet
  facet normal 0 0 1
    outer loop
      vertex 1.13758 -6.78726 2.6
      vertex 1.11846 -6.76813 2.6
      vertex 1.13758 -6.86372 2.6
    endloop
  endfacet
  facet normal 0 0 1
    outer loop
      vertex 1.15671 -6.88285 2.6
      vertex 1.13758 -6.86372 2.6
      vertex 1.15671 -6.95932 2.6
    endloop
  endfacet
  facet normal 0 0 1
    outer loop
      vertex 1.17583 -6.97844 2.6
      vertex 1.15671 -6.95932 2.6
      vertex 1.17583 -7.05491 2.6
    endloop
  endfacet
  facet normal 0 0 1
    outer loop
      vertex 1.21405 -7.16962 2.6
      vertex 1.19493 -7.1505 2.6
      vertex 1.21405 -7.26522 2.6
    endloop
  endfacet
  facet normal 0 0 1
    outer loop
      vertex 1.27142 -7.47552 2.6
      vertex 1.2523 -7.4564 2.6
      vertex 1.27142 -7.55202 2.6
    endloop
  endfacet
  facet normal 0 0 1
    outer loop
      vertex 1.29052 -7.57112 2.6
      vertex 1.27142 -7.55202 2.6
      vertex 1.29052 -7.66671 2.6
    endloop
  endfacet
  facet normal 0 0 1
    outer loop
      vertex 1.34789 -7.87704 2.6
      vertex 1.32877 -7.85792 2.6
      vertex 1.34789 -7.95351 2.6
    endloop
  endfacet
  facet normal 0 0 1
    outer loop
      vertex 1.36701 -7.97264 2.6
      vertex 1.34789 -7.95351 2.6
      vertex 1.36701 -8.0491 2.6
    endloop
  endfacet
  facet normal 0 0 1
    outer loop
      vertex 1.38614 -8.06823 2.6
      vertex 1.36701 -8.0491 2.6
      vertex 1.38614 -8.1447 2.6
    endloop
  endfacet
  facet normal 0 0 1
    outer loop
      vertex 1.40524 -8.16382 2.6
      vertex 1.38614 -8.1447 2.6
      vertex 1.40524 -8.24029 2.6
    endloop
  endfacet
  facet normal 0 0 1
    outer loop
      vertex 2.20825 4.3209 2.6
      vertex 2.18912 4.18706 2.6
      vertex 2.22737 4.22531 2.6
    endloop
  endfacet
  facet normal 0 0 1
    outer loop
      vertex 1.94057 4.26353 2.6
      vertex 2.20825 4.3209 2.6
      vertex 2.11266 4.47384 2.6
    endloop
  endfacet
  facet normal 0 0 1
    outer loop
      vertex 2.20825 4.3209 2.6
      vertex 1.94057 4.26353 2.6
      vertex 2.18912 4.18706 2.6
    endloop
  endfacet
  facet normal 0 0 1
    outer loop
      vertex 1.94057 4.26353 2.6
      vertex 1.90235 4.91358 2.6
      vertex 1.92147 4.22531 2.6
    endloop
  endfacet
  facet normal 0 0 1
    outer loop
      vertex 1.90235 4.91358 2.6
      vertex 1.94057 4.26353 2.6
      vertex 2.11266 4.47384 2.6
    endloop
  endfacet
  facet normal 0 0 1
    outer loop
      vertex 9.77936 8.06823 2.6
      vertex 9.85586 7.83879 2.6
      vertex 9.85586 7.89614 2.6
    endloop
  endfacet
  facet normal 0 0 1
    outer loop
      vertex 9.85586 7.83879 2.6
      vertex 9.77936 8.06823 2.6
      vertex 8.82342 8.24029 2.6
    endloop
  endfacet
  facet normal 0 0 1
    outer loop
      vertex 8.82342 8.24029 2.6
      vertex 9.77936 8.06823 2.6
      vertex 9.76024 8.16382 2.6
    endloop
  endfacet
  facet normal 0 0 1
    outer loop
      vertex 9.85586 7.83879 2.6
      vertex 8.51752 7.78142 2.6
      vertex 9.79849 6.36664 2.6
    endloop
  endfacet
  facet normal -0 0 1
    outer loop
      vertex 8.82342 8.24029 2.6
      vertex 9.76024 8.16382 2.6
      vertex 9.56906 8.54619 2.6
    endloop
  endfacet
  facet normal -0 0 1
    outer loop
      vertex 8.24986 7.4373 2.6
      vertex 9.79849 6.36664 2.6
      vertex 8.51752 7.78142 2.6
    endloop
  endfacet
  facet normal -0 0 1
    outer loop
      vertex 9.05285 8.64178 2.6
      vertex 9.56906 8.54619 2.6
      vertex 9.3014 8.90946 2.6
    endloop
  endfacet
  facet normal 0 0 1
    outer loop
      vertex 9.16756 8.89034 2.6
      vertex 9.3014 8.90946 2.6
      vertex 9.20581 8.90946 2.6
    endloop
  endfacet
  facet normal 0 0 1
    outer loop
      vertex 9.3014 8.90946 2.6
      vertex 9.16756 8.89034 2.6
      vertex 9.05285 8.64178 2.6
    endloop
  endfacet
  facet normal -0 0 1
    outer loop
      vertex 9.0146 8.60356 2.6
      vertex 9.56906 8.54619 2.6
      vertex 9.05285 8.64178 2.6
    endloop
  endfacet
  facet normal 0 0 1
    outer loop
      vertex 9.56906 8.54619 2.6
      vertex 9.0146 8.60356 2.6
      vertex 8.82342 8.24029 2.6
    endloop
  endfacet
  facet normal 0 0 1
    outer loop
      vertex 9.85586 7.83879 2.6
      vertex 8.82342 8.24029 2.6
      vertex 8.51752 7.78142 2.6
    endloop
  endfacet
  facet normal 0 0 1
    outer loop
      vertex 9.79849 6.36664 2.6
      vertex 8.24986 7.4373 2.6
      vertex 9.64555 6.09896 2.6
    endloop
  endfacet
  facet normal 0 0 1
    outer loop
      vertex 9.64555 6.09896 2.6
      vertex 8.24986 7.4373 2.6
      vertex 9.49259 5.90777 2.6
    endloop
  endfacet
  facet normal -0 0 1
    outer loop
      vertex 7.67628 6.78726 2.6
      vertex 9.49259 5.90777 2.6
      vertex 8.24986 7.4373 2.6
    endloop
  endfacet
  facet normal 0 0 1
    outer loop
      vertex 9.49259 5.90777 2.6
      vertex 7.67628 6.78726 2.6
      vertex 8.9955 5.41069 2.6
    endloop
  endfacet
  facet normal 0 0 1
    outer loop
      vertex 8.9955 5.41069 2.6
      vertex 7.67628 6.78726 2.6
      vertex 8.59398 5.08567 2.6
    endloop
  endfacet
  facet normal -0 0 1
    outer loop
      vertex 7.08358 6.21368 2.6
      vertex 8.59398 5.08567 2.6
      vertex 7.67628 6.78726 2.6
    endloop
  endfacet
  facet normal 0 0 1
    outer loop
      vertex 8.59398 5.08567 2.6
      vertex 7.08358 6.21368 2.6
      vertex 8.19249 4.79886 2.6
    endloop
  endfacet
  facet normal 0 0 1
    outer loop
      vertex 7.4851 4.3209 2.6
      vertex 7.29389 2.46635 2.6
      vertex 7.35126 2.5046 2.6
    endloop
  endfacet
  facet normal 0 0 1
    outer loop
      vertex 8.19249 4.79886 2.6
      vertex 7.08358 6.21368 2.6
      vertex 7.46598 4.34003 2.6
    endloop
  endfacet
  facet normal 0 0 1
    outer loop
      vertex 7.37038 0.745639 2.6
      vertex 7.27479 0.764763 2.6
      vertex 7.29389 0.745639 2.6
    endloop
  endfacet
  facet normal 0 0 1
    outer loop
      vertex 7.42773 2.4281 2.6
      vertex 7.1027 0.803011 2.6
      vertex 7.27479 0.764763 2.6
    endloop
  endfacet
  facet normal 0 0 1
    outer loop
      vertex 7.27479 0.764763 2.6
      vertex 7.1027 0.803011 2.6
      vertex 7.1983 0.764763 2.6
    endloop
  endfacet
  facet normal -0 0 1
    outer loop
      vertex 6.4909 5.71659 2.6
      vertex 7.46598 4.34003 2.6
      vertex 7.08358 6.21368 2.6
    endloop
  endfacet
  facet normal -0 0 1
    outer loop
      vertex 6.10853 5.42979 2.6
      vertex 7.46598 4.34003 2.6
      vertex 6.4909 5.71659 2.6
    endloop
  endfacet
  facet normal -0 0 1
    outer loop
      vertex 5.64967 5.12389 2.6
      vertex 7.46598 4.34003 2.6
      vertex 6.10853 5.42979 2.6
    endloop
  endfacet
  facet normal -0 0 1
    outer loop
      vertex 5.36287 4.95183 2.6
      vertex 7.46598 4.34003 2.6
      vertex 5.64967 5.12389 2.6
    endloop
  endfacet
  facet normal 0 0 1
    outer loop
      vertex 7.42773 2.4281 2.6
      vertex 6.83505 0.860355 2.6
      vertex 7.1027 0.803011 2.6
    endloop
  endfacet
  facet normal 0 0 1
    outer loop
      vertex 7.1027 0.803011 2.6
      vertex 6.83505 0.860355 2.6
      vertex 6.93064 0.822107 2.6
    endloop
  endfacet
  facet normal 0 0 1
    outer loop
      vertex 7.46598 4.34003 2.6
      vertex 5.36287 4.95183 2.6
      vertex 7.29389 2.46635 2.6
    endloop
  endfacet
  facet normal 0 0 1
    outer loop
      vertex 7.29389 2.46635 2.6
      vertex 6.77768 0.860355 2.6
      vertex 6.83505 0.860355 2.6
    endloop
  endfacet
  facet normal -0 0 1
    outer loop
      vertex 5.15256 4.83711 2.6
      vertex 7.29389 2.46635 2.6
      vertex 5.36287 4.95183 2.6
    endloop
  endfacet
  facet normal 0 0 1
    outer loop
      vertex 6.75856 0.841231 2.6
      vertex 6.07029 -0.803012 2.6
      vertex 6.51003 -1.07066 2.6
    endloop
  endfacet
  facet normal -0 0 1
    outer loop
      vertex 4.69372 4.60768 2.6
      vertex 7.29389 2.46635 2.6
      vertex 5.15256 4.83711 2.6
    endloop
  endfacet
  facet normal 0 -0 1
    outer loop
      vertex 5.9747 -0.764764 2.6
      vertex 6.75856 0.841231 2.6
      vertex 5.40112 -0.401492 2.6
    endloop
  endfacet
  facet normal 0 0 1
    outer loop
      vertex 6.75856 0.841231 2.6
      vertex 5.9747 -0.764764 2.6
      vertex 6.07029 -0.803012 2.6
    endloop
  endfacet
  facet normal -0 0 1
    outer loop
      vertex 3.6804 3.68998 2.6
      vertex 7.29389 2.46635 2.6
      vertex 4.69372 4.60768 2.6
    endloop
  endfacet
  facet normal -0 0 1
    outer loop
      vertex 3.54656 3.46055 2.6
      vertex 7.29389 2.46635 2.6
      vertex 3.6804 3.68998 2.6
    endloop
  endfacet
  facet normal 0 0 1
    outer loop
      vertex 9.85586 7.83879 2.6
      vertex 9.9132 7.60936 2.6
      vertex 9.9132 7.68583 2.6
    endloop
  endfacet
  facet normal 0 0 1
    outer loop
      vertex 9.9132 7.60936 2.6
      vertex 9.85586 7.83879 2.6
      vertex 9.9132 6.78726 2.6
    endloop
  endfacet
  facet normal 0 0 1
    outer loop
      vertex 9.79849 6.36664 2.6
      vertex 9.9132 6.78726 2.6
      vertex 9.85586 7.83879 2.6
    endloop
  endfacet
  facet normal 0 0 1
    outer loop
      vertex 9.9132 6.78726 2.6
      vertex 9.79849 6.36664 2.6
      vertex 9.89408 6.63429 2.6
    endloop
  endfacet
  facet normal 0 0 1
    outer loop
      vertex 9.9132 7.60936 2.6
      vertex 9.93233 7.47552 2.6
      vertex 9.93233 7.59024 2.6
    endloop
  endfacet
  facet normal 0 0 1
    outer loop
      vertex 9.9132 6.78726 2.6
      vertex 9.93233 7.47552 2.6
      vertex 9.9132 7.60936 2.6
    endloop
  endfacet
  facet normal 0 0 1
    outer loop
      vertex 9.93233 7.47552 2.6
      vertex 9.9132 6.78726 2.6
      vertex 9.93233 6.90197 2.6
    endloop
  endfacet
  facet normal 0 0 1
    outer loop
      vertex 9.93233 6.90197 2.6
      vertex 9.9132 6.78726 2.6
      vertex 9.93233 6.80638 2.6
    endloop
  endfacet
  facet normal 0 0 1
    outer loop
      vertex 9.93233 7.47552 2.6
      vertex 9.95145 6.92107 2.6
      vertex 9.95145 7.4564 2.6
    endloop
  endfacet
  facet normal 0 0 1
    outer loop
      vertex 9.95145 6.92107 2.6
      vertex 9.93233 7.47552 2.6
      vertex 9.93233 6.90197 2.6
    endloop
  endfacet
  facet normal 0 0 1
    outer loop
      vertex 11.0221 5.29598 2.6
      vertex 11.0412 4.70327 2.6
      vertex 11.0412 5.27685 2.6
    endloop
  endfacet
  facet normal 0 0 1
    outer loop
      vertex 11.0221 5.29598 2.6
      vertex 11.0221 4.68415 2.6
      vertex 11.0412 4.70327 2.6
    endloop
  endfacet
  facet normal 0 0 1
    outer loop
      vertex 9.97055 5.39157 2.6
      vertex 11.0221 4.68415 2.6
      vertex 11.0221 5.29598 2.6
    endloop
  endfacet
  facet normal 0 0 1
    outer loop
      vertex 10.4485 5.77394 2.6
      vertex 11.0221 5.29598 2.6
      vertex 11.003 5.50628 2.6
    endloop
  endfacet
  facet normal 0 0 1
    outer loop
      vertex 11.0221 4.68415 2.6
      vertex 11.003 4.55033 2.6
      vertex 11.0221 4.56943 2.6
    endloop
  endfacet
  facet normal 0 0 1
    outer loop
      vertex 11.0221 4.68415 2.6
      vertex 9.97055 5.39157 2.6
      vertex 11.003 4.55033 2.6
    endloop
  endfacet
  facet normal 0 -0 1
    outer loop
      vertex 10.9456 4.3209 2.6
      vertex 11.003 4.55033 2.6
      vertex 9.97055 5.39157 2.6
    endloop
  endfacet
  facet normal -0 0 1
    outer loop
      vertex 10.4485 5.77394 2.6
      vertex 11.003 5.50628 2.6
      vertex 10.9074 5.81218 2.6
    endloop
  endfacet
  facet normal 0 0 1
    outer loop
      vertex 11.0221 5.29598 2.6
      vertex 10.4485 5.77394 2.6
      vertex 9.97055 5.39157 2.6
    endloop
  endfacet
  facet normal 0 0 1
    outer loop
      vertex 10.6971 6.00337 2.6
      vertex 10.9074 5.81218 2.6
      vertex 10.8309 5.98424 2.6
    endloop
  endfacet
  facet normal 0 0 1
    outer loop
      vertex 11.003 4.55033 2.6
      vertex 10.9456 4.3209 2.6
      vertex 10.9839 4.39737 2.6
    endloop
  endfacet
  facet normal -0 0 1
    outer loop
      vertex 10.6971 6.00337 2.6
      vertex 10.8309 5.98424 2.6
      vertex 10.7544 6.02249 2.6
    endloop
  endfacet
  facet normal 0 0 1
    outer loop
      vertex 10.9074 5.81218 2.6
      vertex 10.6971 6.00337 2.6
      vertex 10.4485 5.77394 2.6
    endloop
  endfacet
  facet normal -0 0 1
    outer loop
      vertex 9.33962 4.99005 2.6
      vertex 10.9456 4.3209 2.6
      vertex 9.97055 5.39157 2.6
    endloop
  endfacet
  facet normal 0 -0 1
    outer loop
      vertex 10.7736 3.88116 2.6
      vertex 10.9456 4.3209 2.6
      vertex 9.33962 4.99005 2.6
    endloop
  endfacet
  facet normal 0 0 1
    outer loop
      vertex 10.9456 4.3209 2.6
      vertex 10.7736 3.88116 2.6
      vertex 10.9456 4.26353 2.6
    endloop
  endfacet
  facet normal 0 0 1
    outer loop
      vertex 10.7736 3.88116 2.6
      vertex 9.33962 4.99005 2.6
      vertex 10.5441 3.57526 2.6
    endloop
  endfacet
  facet normal 0 0 1
    outer loop
      vertex 10.5441 3.57526 2.6
      vertex 9.33962 4.99005 2.6
      vertex 10.2 3.28846 2.6
    endloop
  endfacet
  facet normal 0 -0 1
    outer loop
      vertex 9.79849 3.07815 2.6
      vertex 10.2 3.28846 2.6
      vertex 9.33962 4.99005 2.6
    endloop
  endfacet
  facet normal 0 0 1
    outer loop
      vertex 10.2 3.28846 2.6
      vertex 9.79849 3.07815 2.6
      vertex 9.83674 3.07815 2.6
    endloop
  endfacet
  facet normal -0 0 1
    outer loop
      vertex 8.91901 4.77974 2.6
      vertex 9.79849 3.07815 2.6
      vertex 9.33962 4.99005 2.6
    endloop
  endfacet
  facet normal 0 -0 1
    outer loop
      vertex 9.47346 2.94434 2.6
      vertex 9.79849 3.07815 2.6
      vertex 8.91901 4.77974 2.6
    endloop
  endfacet
  facet normal 0 0 1
    outer loop
      vertex 9.79849 3.07815 2.6
      vertex 9.47346 2.94434 2.6
      vertex 9.66465 3.00168 2.6
    endloop
  endfacet
  facet normal -0 0 1
    outer loop
      vertex 8.49839 4.60768 2.6
      vertex 9.47346 2.94434 2.6
      vertex 8.91901 4.77974 2.6
    endloop
  endfacet
  facet normal 0 0 1
    outer loop
      vertex 8.49839 4.60768 2.6
      vertex 8.91901 4.77974 2.6
      vertex 8.88079 4.77974 2.6
    endloop
  endfacet
  facet normal 0 0 1
    outer loop
      vertex 9.47346 2.94434 2.6
      vertex 8.49839 4.60768 2.6
      vertex 9.41612 2.90609 2.6
    endloop
  endfacet
  facet normal 0 0 1
    outer loop
      vertex 9.41612 2.90609 2.6
      vertex 8.49839 4.60768 2.6
      vertex 8.84254 2.734 2.6
    endloop
  endfacet
  facet normal -0 0 1
    outer loop
      vertex 8.03956 4.45471 2.6
      vertex 8.84254 2.734 2.6
      vertex 8.49839 4.60768 2.6
    endloop
  endfacet
  facet normal 0 0 1
    outer loop
      vertex 8.84254 2.734 2.6
      vertex 8.03956 4.45471 2.6
      vertex 8.49839 2.67666 2.6
    endloop
  endfacet
  facet normal -0 0 1
    outer loop
      vertex 7.77188 4.37825 2.6
      vertex 8.49839 2.67666 2.6
      vertex 8.03956 4.45471 2.6
    endloop
  endfacet
  facet normal 0 0 1
    outer loop
      vertex 8.49839 2.67666 2.6
      vertex 7.77188 4.37825 2.6
      vertex 8.4028 2.63841 2.6
    endloop
  endfacet
  facet normal 0 0 1
    outer loop
      vertex 8.4028 2.63841 2.6
      vertex 7.77188 4.37825 2.6
      vertex 7.96306 2.58107 2.6
    endloop
  endfacet
  facet normal 0 0 1
    outer loop
      vertex 7.77188 4.37825 2.6
      vertex 8.03956 4.45471 2.6
      vertex 7.84834 4.4165 2.6
    endloop
  endfacet
  facet normal -0 0 1
    outer loop
      vertex 7.54244 4.3209 2.6
      vertex 7.96306 2.58107 2.6
      vertex 7.77188 4.37825 2.6
    endloop
  endfacet
  facet normal 0 0 1
    outer loop
      vertex 7.54244 4.3209 2.6
      vertex 7.77188 4.37825 2.6
      vertex 7.71453 4.37825 2.6
    endloop
  endfacet
  facet normal 0 -0 1
    outer loop
      vertex 7.67628 2.54282 2.6
      vertex 7.96306 2.58107 2.6
      vertex 7.54244 4.3209 2.6
    endloop
  endfacet
  facet normal 0 0 1
    outer loop
      vertex 7.96306 2.58107 2.6
      vertex 7.67628 2.54282 2.6
      vertex 7.94394 2.56194 2.6
    endloop
  endfacet
  facet normal -0 0 1
    outer loop
      vertex 7.4851 4.3209 2.6
      vertex 7.67628 2.54282 2.6
      vertex 7.54244 4.3209 2.6
    endloop
  endfacet
  facet normal 0 0 1
    outer loop
      vertex 7.67628 2.54282 2.6
      vertex 7.54244 2.52369 2.6
      vertex 7.65716 2.52369 2.6
    endloop
  endfacet
  facet normal 0 0 1
    outer loop
      vertex 7.67628 2.54282 2.6
      vertex 7.4851 4.3209 2.6
      vertex 7.54244 2.52369 2.6
    endloop
  endfacet
  facet normal 0 0 1
    outer loop
      vertex 7.35126 2.5046 2.6
      vertex 7.54244 2.52369 2.6
      vertex 7.4851 4.3209 2.6
    endloop
  endfacet
  facet normal 0 0 1
    outer loop
      vertex 7.29389 2.46635 2.6
      vertex 7.4851 4.3209 2.6
      vertex 7.46598 4.34003 2.6
    endloop
  endfacet
  facet normal 0 0 1
    outer loop
      vertex 7.54244 2.52369 2.6
      vertex 7.35126 2.5046 2.6
      vertex 7.52332 2.5046 2.6
    endloop
  endfacet
  facet normal 0 0 1
    outer loop
      vertex 11.0603 2.77225 2.6
      vertex 11.1368 2.67666 2.6
      vertex 11.1177 2.734 2.6
    endloop
  endfacet
  facet normal 0 0 1
    outer loop
      vertex 11.1368 2.67666 2.6
      vertex 10.9839 2.77225 2.6
      vertex 11.1177 2.25604 2.6
    endloop
  endfacet
  facet normal 0 0 1
    outer loop
      vertex 11.1368 2.67666 2.6
      vertex 11.0603 2.77225 2.6
      vertex 10.9839 2.77225 2.6
    endloop
  endfacet
  facet normal -0 0 1
    outer loop
      vertex 10.6206 2.63841 2.6
      vertex 11.1177 2.25604 2.6
      vertex 10.9839 2.77225 2.6
    endloop
  endfacet
  facet normal 0 0 1
    outer loop
      vertex 11.1177 2.25604 2.6
      vertex 10.6206 2.63841 2.6
      vertex 11.0986 2.23692 2.6
    endloop
  endfacet
  facet normal -0 0 1
    outer loop
      vertex 10.4868 2.60019 2.6
      vertex 11.0986 2.23692 2.6
      vertex 10.6206 2.63841 2.6
    endloop
  endfacet
  facet normal 0 0 1
    outer loop
      vertex 11.0986 2.23692 2.6
      vertex 10.4868 2.60019 2.6
      vertex 11.0412 1.9119 2.6
    endloop
  endfacet
  facet normal -0 0 1
    outer loop
      vertex 10.2765 2.54282 2.6
      vertex 11.0412 1.9119 2.6
      vertex 10.4868 2.60019 2.6
    endloop
  endfacet
  facet normal 0 0 1
    outer loop
      vertex 11.0412 1.9119 2.6
      vertex 10.2765 2.54282 2.6
      vertex 10.9647 1.70159 2.6
    endloop
  endfacet
  facet normal 0 0 1
    outer loop
      vertex 10.4868 2.60019 2.6
      vertex 10.6206 2.63841 2.6
      vertex 10.5633 2.63841 2.6
    endloop
  endfacet
  facet normal 0 0 1
    outer loop
      vertex 10.9647 1.70159 2.6
      vertex 10.2765 2.54282 2.6
      vertex 10.8309 1.43394 2.6
    endloop
  endfacet
  facet normal 0 0 1
    outer loop
      vertex 10.2765 2.54282 2.6
      vertex 10.4868 2.60019 2.6
      vertex 10.4294 2.60019 2.6
    endloop
  endfacet
  facet normal -0 0 1
    outer loop
      vertex 10.047 2.5046 2.6
      vertex 10.8309 1.43394 2.6
      vertex 10.2765 2.54282 2.6
    endloop
  endfacet
  facet normal -0 0 1
    outer loop
      vertex 9.95145 2.46635 2.6
      vertex 10.8309 1.43394 2.6
      vertex 10.047 2.5046 2.6
    endloop
  endfacet
  facet normal 0 0 1
    outer loop
      vertex 10.678 1.2045 2.6
      vertex 9.95145 2.46635 2.6
      vertex 10.3912 0.898603 2.6
    endloop
  endfacet
  facet normal 0 0 1
    outer loop
      vertex 10.8309 1.43394 2.6
      vertex 9.95145 2.46635 2.6
      vertex 10.678 1.2045 2.6
    endloop
  endfacet
  facet normal -0 0 1
    outer loop
      vertex 9.62643 2.40901 2.6
      vertex 10.3912 0.898603 2.6
      vertex 9.95145 2.46635 2.6
    endloop
  endfacet
  facet normal 0 0 1
    outer loop
      vertex 10.3912 0.898603 2.6
      vertex 9.62643 2.40901 2.6
      vertex 10.2382 0.783887 2.6
    endloop
  endfacet
  facet normal -0 0 1
    outer loop
      vertex 9.49259 2.38988 2.6
      vertex 10.2382 0.783887 2.6
      vertex 9.62643 2.40901 2.6
    endloop
  endfacet
  facet normal 0 0 1
    outer loop
      vertex 9.62643 2.40901 2.6
      vertex 9.95145 2.46635 2.6
      vertex 9.64555 2.4281 2.6
    endloop
  endfacet
  facet normal 0 0 1
    outer loop
      vertex 10.2382 0.783887 2.6
      vertex 9.49259 2.38988 2.6
      vertex 9.95145 0.630923 2.6
    endloop
  endfacet
  facet normal 0 -0 1
    outer loop
      vertex 9.58818 0.554455 2.6
      vertex 9.95145 0.630923 2.6
      vertex 9.49259 2.38988 2.6
    endloop
  endfacet
  facet normal 0 0 1
    outer loop
      vertex 9.95145 0.630923 2.6
      vertex 9.58818 0.554455 2.6
      vertex 9.77936 0.573579 2.6
    endloop
  endfacet
  facet normal 0 0 1
    outer loop
      vertex 9.49259 2.38988 2.6
      vertex 9.62643 2.40901 2.6
      vertex 9.51171 2.40901 2.6
    endloop
  endfacet
  facet normal 0 0 1
    outer loop
      vertex 9.41612 0.535331 2.6
      vertex 9.58818 0.554455 2.6
      vertex 9.49259 2.38988 2.6
    endloop
  endfacet
  facet normal 0 0 1
    outer loop
      vertex 9.58818 0.554455 2.6
      vertex 9.41612 0.535331 2.6
      vertex 9.56906 0.535331 2.6
    endloop
  endfacet
  facet normal -0 0 1
    outer loop
      vertex 9.09109 2.35164 2.6
      vertex 9.41612 0.535331 2.6
      vertex 9.49259 2.38988 2.6
    endloop
  endfacet
  facet normal 0 0 1
    outer loop
      vertex 9.09109 2.35164 2.6
      vertex 9.49259 2.38988 2.6
      vertex 9.11022 2.37076 2.6
    endloop
  endfacet
  facet normal 0 0 1
    outer loop
      vertex 8.80429 0.535331 2.6
      vertex 9.41612 0.535331 2.6
      vertex 9.09109 2.35164 2.6
    endloop
  endfacet
  facet normal 0 0 1
    outer loop
      vertex 9.41612 0.535331 2.6
      vertex 8.80429 0.535331 2.6
      vertex 9.397 0.516208 2.6
    endloop
  endfacet
  facet normal 0 0 1
    outer loop
      vertex 9.397 0.516208 2.6
      vertex 8.80429 0.535331 2.6
      vertex 8.82342 0.516208 2.6
    endloop
  endfacet
  facet normal -0 0 1
    outer loop
      vertex 8.57489 0.554455 2.6
      vertex 8.80429 0.535331 2.6
      vertex 9.09109 2.35164 2.6
    endloop
  endfacet
  facet normal 0 0 1
    outer loop
      vertex 8.80429 0.535331 2.6
      vertex 8.57489 0.554455 2.6
      vertex 8.59398 0.535331 2.6
    endloop
  endfacet
  facet normal -0 0 1
    outer loop
      vertex 8.19249 2.35164 2.6
      vertex 8.57489 0.554455 2.6
      vertex 9.09109 2.35164 2.6
    endloop
  endfacet
  facet normal 0 0 1
    outer loop
      vertex 8.57489 0.554455 2.6
      vertex 8.38368 0.573579 2.6
      vertex 8.4028 0.554455 2.6
    endloop
  endfacet
  facet normal 0 0 1
    outer loop
      vertex 8.57489 0.554455 2.6
      vertex 8.19249 2.35164 2.6
      vertex 8.38368 0.573579 2.6
    endloop
  endfacet
  facet normal 0 0 1
    outer loop
      vertex 8.38368 0.573579 2.6
      vertex 8.24986 0.592675 2.6
      vertex 8.26896 0.573579 2.6
    endloop
  endfacet
  facet normal 0 0 1
    outer loop
      vertex 8.38368 0.573579 2.6
      vertex 8.19249 2.35164 2.6
      vertex 8.24986 0.592675 2.6
    endloop
  endfacet
  facet normal -0 0 1
    outer loop
      vertex 7.94394 2.37076 2.6
      vertex 8.19249 2.35164 2.6
      vertex 8.17337 2.37076 2.6
    endloop
  endfacet
  facet normal 0 0 1
    outer loop
      vertex 8.19249 2.35164 2.6
      vertex 8.11602 0.611799 2.6
      vertex 8.24986 0.592675 2.6
    endloop
  endfacet
  facet normal 0 0 1
    outer loop
      vertex 8.24986 0.592675 2.6
      vertex 8.11602 0.611799 2.6
      vertex 8.13515 0.592675 2.6
    endloop
  endfacet
  facet normal 0 0 1
    outer loop
      vertex 8.19249 2.35164 2.6
      vertex 7.98218 0.630923 2.6
      vertex 8.11602 0.611799 2.6
    endloop
  endfacet
  facet normal 0 0 1
    outer loop
      vertex 8.11602 0.611799 2.6
      vertex 7.98218 0.630923 2.6
      vertex 8.00131 0.611799 2.6
    endloop
  endfacet
  facet normal 0 0 1
    outer loop
      vertex 7.77188 0.669171 2.6
      vertex 8.19249 2.35164 2.6
      vertex 7.94394 2.37076 2.6
    endloop
  endfacet
  facet normal -0 0 1
    outer loop
      vertex 7.73363 2.38988 2.6
      vertex 7.94394 2.37076 2.6
      vertex 7.92484 2.38988 2.6
    endloop
  endfacet
  facet normal 0 0 1
    outer loop
      vertex 8.19249 2.35164 2.6
      vertex 7.77188 0.669171 2.6
      vertex 7.98218 0.630923 2.6
    endloop
  endfacet
  facet normal 0 0 1
    outer loop
      vertex 7.98218 0.630923 2.6
      vertex 7.77188 0.669171 2.6
      vertex 7.791 0.650047 2.6
    endloop
  endfacet
  facet normal 0 0 1
    outer loop
      vertex 7.56157 0.707392 2.6
      vertex 7.94394 2.37076 2.6
      vertex 7.73363 2.38988 2.6
    endloop
  endfacet
  facet normal 0 0 1
    outer loop
      vertex 7.42773 2.4281 2.6
      vertex 7.73363 2.38988 2.6
      vertex 7.71453 2.40901 2.6
    endloop
  endfacet
  facet normal 0 0 1
    outer loop
      vertex 7.94394 2.37076 2.6
      vertex 7.56157 0.707392 2.6
      vertex 7.77188 0.669171 2.6
    endloop
  endfacet
  facet normal 0 0 1
    outer loop
      vertex 7.77188 0.669171 2.6
      vertex 7.56157 0.707392 2.6
      vertex 7.67628 0.669171 2.6
    endloop
  endfacet
  facet normal 0 0 1
    outer loop
      vertex 7.73363 2.38988 2.6
      vertex 7.46598 0.726515 2.6
      vertex 7.56157 0.707392 2.6
    endloop
  endfacet
  facet normal 0 0 1
    outer loop
      vertex 7.56157 0.707392 2.6
      vertex 7.46598 0.726515 2.6
      vertex 7.4851 0.707392 2.6
    endloop
  endfacet
  facet normal 0 0 1
    outer loop
      vertex 7.27479 0.764763 2.6
      vertex 7.73363 2.38988 2.6
      vertex 7.42773 2.4281 2.6
    endloop
  endfacet
  facet normal 0 0 1
    outer loop
      vertex 7.73363 2.38988 2.6
      vertex 7.37038 0.745639 2.6
      vertex 7.46598 0.726515 2.6
    endloop
  endfacet
  facet normal 0 0 1
    outer loop
      vertex 7.46598 0.726515 2.6
      vertex 7.37038 0.745639 2.6
      vertex 7.38951 0.726515 2.6
    endloop
  endfacet
  facet normal 0 0 1
    outer loop
      vertex 6.83505 0.860355 2.6
      vertex 7.42773 2.4281 2.6
      vertex 7.29389 2.46635 2.6
    endloop
  endfacet
  facet normal 0 0 1
    outer loop
      vertex 7.73363 2.38988 2.6
      vertex 7.27479 0.764763 2.6
      vertex 7.37038 0.745639 2.6
    endloop
  endfacet
  facet normal -0 0 1
    outer loop
      vertex 9.93233 -0.191184 2.6
      vertex 10.0279 -0.229431 2.6
      vertex 9.98967 -0.191184 2.6
    endloop
  endfacet
  facet normal 0 0 1
    outer loop
      vertex 10.0279 -0.229431 2.6
      vertex 9.93233 -0.191184 2.6
      vertex 10.047 -0.325024 2.6
    endloop
  endfacet
  facet normal 0 0 1
    outer loop
      vertex 9.9132 -0.611799 2.6
      vertex 9.93233 -0.191184 2.6
      vertex 9.9132 -0.17206 2.6
    endloop
  endfacet
  facet normal 0 0 1
    outer loop
      vertex 9.93233 -0.191184 2.6
      vertex 9.9132 -0.611799 2.6
      vertex 10.047 -0.325024 2.6
    endloop
  endfacet
  facet normal 0 0 1
    outer loop
      vertex 9.32053 -0.0764675 2.6
      vertex 9.9132 -0.611799 2.6
      vertex 9.9132 -0.17206 2.6
    endloop
  endfacet
  facet normal 0 0 1
    outer loop
      vertex 9.9132 -0.611799 2.6
      vertex 9.32053 -0.0764675 2.6
      vertex 9.62643 -1.01332 2.6
    endloop
  endfacet
  facet normal 0 0 1
    outer loop
      vertex 9.62643 -1.01332 2.6
      vertex 9.32053 -0.0764675 2.6
      vertex 9.47346 -1.16626 2.6
    endloop
  endfacet
  facet normal 0 0 1
    outer loop
      vertex 9.14844 -0.0382481 2.6
      vertex 9.47346 -1.16626 2.6
      vertex 9.32053 -0.0764675 2.6
    endloop
  endfacet
  facet normal -0 0 1
    outer loop
      vertex 9.14844 -0.0382481 2.6
      vertex 9.32053 -0.0764675 2.6
      vertex 9.22491 -0.0382481 2.6
    endloop
  endfacet
  facet normal 0 0 1
    outer loop
      vertex 9.47346 -1.16626 2.6
      vertex 9.14844 -0.0382481 2.6
      vertex 9.3014 -1.3001 2.6
    endloop
  endfacet
  facet normal 0 0 1
    outer loop
      vertex 9.05285 0 2.6
      vertex 9.3014 -1.3001 2.6
      vertex 9.14844 -0.0382481 2.6
    endloop
  endfacet
  facet normal 0 0 1
    outer loop
      vertex 8.82342 0.0382471 2.6
      vertex 9.3014 -1.3001 2.6
      vertex 9.05285 0 2.6
    endloop
  endfacet
  facet normal 0 0 1
    outer loop
      vertex 9.3014 -1.3001 2.6
      vertex 8.82342 0.0382471 2.6
      vertex 8.88079 -1.52953 2.6
    endloop
  endfacet
  facet normal 0 0 1
    outer loop
      vertex 8.46017 -1.62512 2.6
      vertex 8.88079 -1.52953 2.6
      vertex 8.82342 0.0382471 2.6
    endloop
  endfacet
  facet normal 0 0 1
    outer loop
      vertex 8.88079 -1.52953 2.6
      vertex 8.46017 -1.62512 2.6
      vertex 8.55576 -1.62512 2.6
    endloop
  endfacet
  facet normal 0 0 1
    outer loop
      vertex 8.34546 0.172059 2.6
      vertex 8.46017 -1.62512 2.6
      vertex 8.82342 0.0382471 2.6
    endloop
  endfacet
  facet normal -0 0 1
    outer loop
      vertex 8.34546 0.172059 2.6
      vertex 8.82342 0.0382471 2.6
      vertex 8.4028 0.172059 2.6
    endloop
  endfacet
  facet normal 0 0 1
    outer loop
      vertex 8.02043 -1.62512 2.6
      vertex 8.46017 -1.62512 2.6
      vertex 8.34546 0.172059 2.6
    endloop
  endfacet
  facet normal 0 0 1
    outer loop
      vertex 8.46017 -1.62512 2.6
      vertex 8.02043 -1.62512 2.6
      vertex 8.44105 -1.64424 2.6
    endloop
  endfacet
  facet normal 0 0 1
    outer loop
      vertex 8.44105 -1.64424 2.6
      vertex 8.02043 -1.62512 2.6
      vertex 8.03956 -1.64424 2.6
    endloop
  endfacet
  facet normal -0 0 1
    outer loop
      vertex 7.90571 -1.606 2.6
      vertex 8.02043 -1.62512 2.6
      vertex 8.34546 0.172059 2.6
    endloop
  endfacet
  facet normal 0 0 1
    outer loop
      vertex 8.02043 -1.62512 2.6
      vertex 7.90571 -1.606 2.6
      vertex 7.92484 -1.62512 2.6
    endloop
  endfacet
  facet normal -0 0 1
    outer loop
      vertex 7.71453 -1.56775 2.6
      vertex 7.90571 -1.606 2.6
      vertex 8.34546 0.172059 2.6
    endloop
  endfacet
  facet normal 0 0 1
    outer loop
      vertex 7.90571 -1.606 2.6
      vertex 7.71453 -1.56775 2.6
      vertex 7.81012 -1.606 2.6
    endloop
  endfacet
  facet normal -0 0 1
    outer loop
      vertex 7.1792 -1.39569 2.6
      vertex 7.71453 -1.56775 2.6
      vertex 8.34546 0.172059 2.6
    endloop
  endfacet
  facet normal 0 0 1
    outer loop
      vertex 7.08358 -1.33834 2.6
      vertex 8.34546 0.172059 2.6
      vertex 7.46598 0.497084 2.6
    endloop
  endfacet
  facet normal 0 0 1
    outer loop
      vertex 7.71453 -1.56775 2.6
      vertex 7.1792 -1.39569 2.6
      vertex 7.65716 -1.56775 2.6
    endloop
  endfacet
  facet normal 0 0 1
    outer loop
      vertex 8.34546 0.172059 2.6
      vertex 7.08358 -1.33834 2.6
      vertex 7.1792 -1.39569 2.6
    endloop
  endfacet
  facet normal -0 0 1
    outer loop
      vertex 6.51003 -1.07066 2.6
      vertex 7.08358 -1.33834 2.6
      vertex 7.46598 0.497084 2.6
    endloop
  endfacet
  facet normal 0 0 1
    outer loop
      vertex 6.51003 -1.07066 2.6
      vertex 7.46598 0.497084 2.6
      vertex 6.75856 0.841231 2.6
    endloop
  endfacet
  facet normal 0 0 1
    outer loop
      vertex 7.08358 -1.33834 2.6
      vertex 6.51003 -1.07066 2.6
      vertex 7.04536 -1.33834 2.6
    endloop
  endfacet
  facet normal 0 0 1
    outer loop
      vertex 7.00711 -2.17958 2.6
      vertex 6.98799 -2.33251 2.6
      vertex 7.02624 -2.27517 2.6
    endloop
  endfacet
  facet normal 0 0 1
    outer loop
      vertex 6.64387 -1.87368 2.6
      vertex 6.98799 -2.33251 2.6
      vertex 7.00711 -2.17958 2.6
    endloop
  endfacet
  facet normal 0 0 1
    outer loop
      vertex 6.64387 -1.87368 2.6
      vertex 6.5865 -2.54282 2.6
      vertex 6.98799 -2.33251 2.6
    endloop
  endfacet
  facet normal 0 0 1
    outer loop
      vertex 6.64387 -1.87368 2.6
      vertex 6.24235 -2.63841 2.6
      vertex 6.5865 -2.54282 2.6
    endloop
  endfacet
  facet normal 0 0 1
    outer loop
      vertex 5.8982 -2.65754 2.6
      vertex 6.64387 -1.87368 2.6
      vertex 6.07029 -1.3001 2.6
    endloop
  endfacet
  facet normal 0 0 1
    outer loop
      vertex 6.64387 -1.87368 2.6
      vertex 5.8982 -2.65754 2.6
      vertex 6.24235 -2.63841 2.6
    endloop
  endfacet
  facet normal 0 0 1
    outer loop
      vertex 5.85998 -2.65754 2.6
      vertex 5.8982 -2.65754 2.6
      vertex 6.07029 -1.3001 2.6
    endloop
  endfacet
  facet normal 0 0 1
    outer loop
      vertex 5.8982 -2.65754 2.6
      vertex 5.85998 -2.65754 2.6
      vertex 5.8791 -2.67666 2.6
    endloop
  endfacet
  facet normal 0 0 1
    outer loop
      vertex 4.99962 -2.5046 2.6
      vertex 6.07029 -1.3001 2.6
      vertex 5.64967 -0.803012 2.6
    endloop
  endfacet
  facet normal 0 0 1
    outer loop
      vertex 6.07029 -1.3001 2.6
      vertex 5.55408 -2.63841 2.6
      vertex 5.85998 -2.65754 2.6
    endloop
  endfacet
  facet normal 0 0 1
    outer loop
      vertex 5.85998 -2.65754 2.6
      vertex 5.55408 -2.63841 2.6
      vertex 5.5732 -2.65754 2.6
    endloop
  endfacet
  facet normal 0 0 1
    outer loop
      vertex 4.38782 -2.23692 2.6
      vertex 5.64967 -0.803012 2.6
      vertex 5.38199 -0.420615 2.6
    endloop
  endfacet
  facet normal 0 0 1
    outer loop
      vertex 6.07029 -1.3001 2.6
      vertex 5.11434 -2.54282 2.6
      vertex 5.34377 -2.61932 2.6
    endloop
  endfacet
  facet normal 0 -0 1
    outer loop
      vertex 6.75856 0.841231 2.6
      vertex 7.29389 2.46635 2.6
      vertex 3.54656 3.46055 2.6
    endloop
  endfacet
  facet normal 0 0 1
    outer loop
      vertex 5.15256 4.83711 2.6
      vertex 5.36287 4.95183 2.6
      vertex 5.19081 4.87536 2.6
    endloop
  endfacet
  facet normal -0 0 1
    outer loop
      vertex 3.31716 3.23112 2.6
      vertex 6.75856 0.841231 2.6
      vertex 3.54656 3.46055 2.6
    endloop
  endfacet
  facet normal -0 0 1
    outer loop
      vertex 3.18332 3.15465 2.6
      vertex 5.40112 -0.401492 2.6
      vertex 3.31716 3.23112 2.6
    endloop
  endfacet
  facet normal 0 0 1
    outer loop
      vertex 6.07029 -1.3001 2.6
      vertex 5.34377 -2.61932 2.6
      vertex 5.55408 -2.63841 2.6
    endloop
  endfacet
  facet normal 0 0 1
    outer loop
      vertex 5.11434 -2.54282 2.6
      vertex 4.99962 -2.5046 2.6
      vertex 5.05697 -2.54282 2.6
    endloop
  endfacet
  facet normal 0 0 1
    outer loop
      vertex 6.07029 -1.3001 2.6
      vertex 4.99962 -2.5046 2.6
      vertex 5.11434 -2.54282 2.6
    endloop
  endfacet
  facet normal 0 0 1
    outer loop
      vertex 6.75856 0.841231 2.6
      vertex 3.31716 3.23112 2.6
      vertex 5.40112 -0.401492 2.6
    endloop
  endfacet
  facet normal 0 0 1
    outer loop
      vertex 3.6804 3.68998 2.6
      vertex 4.69372 4.60768 2.6
      vertex 4.46429 4.53121 2.6
    endloop
  endfacet
  facet normal 0 0 1
    outer loop
      vertex 5.64967 -0.803012 2.6
      vertex 4.38782 -2.23692 2.6
      vertex 4.80844 -2.44723 2.6
    endloop
  endfacet
  facet normal 0 0 1
    outer loop
      vertex 3.6804 3.68998 2.6
      vertex 4.46429 4.53121 2.6
      vertex 4.13927 4.35912 2.6
    endloop
  endfacet
  facet normal 0 0 1
    outer loop
      vertex 3.6804 3.68998 2.6
      vertex 4.13927 4.35912 2.6
      vertex 3.92896 4.16794 2.6
    endloop
  endfacet
  facet normal 0 0 1
    outer loop
      vertex 3.6804 3.68998 2.6
      vertex 3.92896 4.16794 2.6
      vertex 3.79512 3.97676 2.6
    endloop
  endfacet
  facet normal 0 0 1
    outer loop
      vertex 7.29389 2.46635 2.6
      vertex 6.75856 0.841231 2.6
      vertex 6.77768 0.860355 2.6
    endloop
  endfacet
  facet normal 0 0 1
    outer loop
      vertex 3.6804 3.68998 2.6
      vertex 3.79512 3.97676 2.6
      vertex 3.71865 3.82379 2.6
    endloop
  endfacet
  facet normal 0 0 1
    outer loop
      vertex 5.64967 -0.803012 2.6
      vertex 4.80844 -2.44723 2.6
      vertex 4.99962 -2.5046 2.6
    endloop
  endfacet
  facet normal 0 0 1
    outer loop
      vertex 5.38199 -0.420615 2.6
      vertex 3.75687 -1.79718 2.6
      vertex 4.38782 -2.23692 2.6
    endloop
  endfacet
  facet normal 0 0 1
    outer loop
      vertex 5.40112 -0.401492 2.6
      vertex 3.18332 3.15465 2.6
      vertex 5.38199 -0.420615 2.6
    endloop
  endfacet
  facet normal 0 0 1
    outer loop
      vertex 5.38199 -0.420615 2.6
      vertex 3.22154 -1.3001 2.6
      vertex 3.75687 -1.79718 2.6
    endloop
  endfacet
  facet normal 0 0 1
    outer loop
      vertex 5.38199 -0.420615 2.6
      vertex 3.18332 3.15465 2.6
      vertex 2.87742 -0.9177 2.6
    endloop
  endfacet
  facet normal 0 0 1
    outer loop
      vertex 2.87742 -0.9177 2.6
      vertex 3.18332 3.15465 2.6
      vertex 2.99214 3.09727 2.6
    endloop
  endfacet
  facet normal 0 0 1
    outer loop
      vertex 5.38199 -0.420615 2.6
      vertex 2.87742 -0.9177 2.6
      vertex 3.22154 -1.3001 2.6
    endloop
  endfacet
  facet normal -0 0 1
    outer loop
      vertex 2.7627 3.09727 2.6
      vertex 2.87742 -0.9177 2.6
      vertex 2.99214 3.09727 2.6
    endloop
  endfacet
  facet normal 0 0 1
    outer loop
      vertex 2.68621 3.1164 2.6
      vertex 2.87742 -0.9177 2.6
      vertex 2.7627 3.09727 2.6
    endloop
  endfacet
  facet normal 0 0 1
    outer loop
      vertex 2.4759 3.21199 2.6
      vertex 2.87742 -0.9177 2.6
      vertex 2.68621 3.1164 2.6
    endloop
  endfacet
  facet normal -0 0 1
    outer loop
      vertex 2.68621 3.1164 2.6
      vertex 2.7627 3.09727 2.6
      vertex 2.74358 3.1164 2.6
    endloop
  endfacet
  facet normal 0 0 1
    outer loop
      vertex 2.36118 3.30758 2.6
      vertex 2.87742 -0.9177 2.6
      vertex 2.4759 3.21199 2.6
    endloop
  endfacet
  facet normal 0 0 1
    outer loop
      vertex 2.87742 -0.9177 2.6
      vertex 2.36118 3.30758 2.6
      vertex 2.82005 -1.01332 2.6
    endloop
  endfacet
  facet normal 0 0 1
    outer loop
      vertex 2.26559 3.4223 2.6
      vertex 2.82005 -1.01332 2.6
      vertex 2.36118 3.30758 2.6
    endloop
  endfacet
  facet normal 0 0 1
    outer loop
      vertex 1.42436 -2.96344 2.6
      vertex 2.82005 -1.01332 2.6
      vertex 2.26559 3.4223 2.6
    endloop
  endfacet
  facet normal 0 0 1
    outer loop
      vertex 2.82005 -1.01332 2.6
      vertex 2.68621 -1.33834 2.6
      vertex 2.80092 -1.10891 2.6
    endloop
  endfacet
  facet normal 0 0 1
    outer loop
      vertex 2.82005 -1.01332 2.6
      vertex 1.42436 -2.96344 2.6
      vertex 2.68621 -1.33834 2.6
    endloop
  endfacet
  facet normal 0 0 1
    outer loop
      vertex 2.68621 -1.33834 2.6
      vertex 2.53327 -1.68246 2.6
      vertex 2.68621 -1.37656 2.6
    endloop
  endfacet
  facet normal 0 -0 1
    outer loop
      vertex 2.53327 -1.68246 2.6
      vertex 2.68621 -1.33834 2.6
      vertex 2.49502 -1.72071 2.6
    endloop
  endfacet
  facet normal 0 0 1
    outer loop
      vertex 2.68621 -1.33834 2.6
      vertex 1.42436 -2.96344 2.6
      vertex 2.49502 -1.72071 2.6
    endloop
  endfacet
  facet normal 0 0 1
    outer loop
      vertex 2.49502 -1.72071 2.6
      vertex 1.42436 -2.96344 2.6
      vertex 2.4759 -1.79718 2.6
    endloop
  endfacet
  facet normal 0 0 1
    outer loop
      vertex 1.42436 -2.96344 2.6
      vertex 2.26559 3.4223 2.6
      vertex 1.95969 4.1106 2.6
    endloop
  endfacet
  facet normal 0 0 1
    outer loop
      vertex 1.42436 -2.96344 2.6
      vertex 1.95969 4.1106 2.6
      vertex 1.92147 4.22531 2.6
    endloop
  endfacet
  facet normal 0 0 1
    outer loop
      vertex 1.82585 5.18126 2.6
      vertex 1.92147 4.22531 2.6
      vertex 1.90235 4.91358 2.6
    endloop
  endfacet
  facet normal 0 0 1
    outer loop
      vertex 0.908152 7.05491 2.6
      vertex 1.92147 4.22531 2.6
      vertex 1.82585 5.18126 2.6
    endloop
  endfacet
  facet normal 0 0 1
    outer loop
      vertex 2.4759 -1.79718 2.6
      vertex 1.82585 -3.19287 2.6
      vertex 2.41856 -3.51789 2.6
    endloop
  endfacet
  facet normal 0 0 1
    outer loop
      vertex 5.40112 -4.83711 2.6
      vertex 5.42024 -5.14301 2.6
      vertex 5.43936 -4.95183 2.6
    endloop
  endfacet
  facet normal 0 0 1
    outer loop
      vertex 4.80844 -5.3342 2.6
      vertex 5.42024 -5.14301 2.6
      vertex 5.40112 -4.83711 2.6
    endloop
  endfacet
  facet normal 0 0 1
    outer loop
      vertex 4.80844 -5.3342 2.6
      vertex 5.40112 -4.83711 2.6
      vertex 5.30552 -4.68415 2.6
    endloop
  endfacet
  facet normal 0 0 1
    outer loop
      vertex 5.42024 -5.14301 2.6
      vertex 4.80844 -5.3342 2.6
      vertex 5.36287 -5.25773 2.6
    endloop
  endfacet
  facet normal 0 0 1
    outer loop
      vertex 4.61723 -5.10476 2.6
      vertex 5.30552 -4.68415 2.6
      vertex 5.15256 -4.53121 2.6
    endloop
  endfacet
  facet normal 0 0 1
    outer loop
      vertex 5.36287 -5.25773 2.6
      vertex 4.80844 -5.3342 2.6
      vertex 5.22906 -5.37244 2.6
    endloop
  endfacet
  facet normal 0 0 1
    outer loop
      vertex 5.22906 -5.37244 2.6
      vertex 4.80844 -5.3342 2.6
      vertex 5.11434 -5.41069 2.6
    endloop
  endfacet
  facet normal 0 0 1
    outer loop
      vertex 4.61723 -5.10476 2.6
      vertex 5.15256 -4.53121 2.6
      vertex 4.96138 -4.39737 2.6
    endloop
  endfacet
  facet normal 0 0 1
    outer loop
      vertex 5.11434 -5.41069 2.6
      vertex 4.80844 -5.3342 2.6
      vertex 4.9805 -5.41069 2.6
    endloop
  endfacet
  facet normal 0 0 1
    outer loop
      vertex 4.46429 -4.99005 2.6
      vertex 4.96138 -4.39737 2.6
      vertex 4.63635 -4.24441 2.6
    endloop
  endfacet
  facet normal 0 0 1
    outer loop
      vertex 5.30552 -4.68415 2.6
      vertex 4.61723 -5.10476 2.6
      vertex 4.80844 -5.3342 2.6
    endloop
  endfacet
  facet normal 0 0 1
    outer loop
      vertex 4.25398 -4.89446 2.6
      vertex 4.63635 -4.24441 2.6
      vertex 4.46429 -4.18706 2.6
    endloop
  endfacet
  facet normal 0 0 1
    outer loop
      vertex 4.96138 -4.39737 2.6
      vertex 4.46429 -4.99005 2.6
      vertex 4.61723 -5.10476 2.6
    endloop
  endfacet
  facet normal 0 0 1
    outer loop
      vertex 4.25398 -4.89446 2.6
      vertex 4.46429 -4.18706 2.6
      vertex 4.40692 -4.18706 2.6
    endloop
  endfacet
  facet normal 0 0 1
    outer loop
      vertex 4.0819 -4.85624 2.6
      vertex 4.40692 -4.18706 2.6
      vertex 4.33045 -4.14882 2.6
    endloop
  endfacet
  facet normal 0 0 1
    outer loop
      vertex 4.63635 -4.24441 2.6
      vertex 4.25398 -4.89446 2.6
      vertex 4.46429 -4.99005 2.6
    endloop
  endfacet
  facet normal 0 0 1
    outer loop
      vertex 4.40692 -4.18706 2.6
      vertex 4.0819 -4.85624 2.6
      vertex 4.25398 -4.89446 2.6
    endloop
  endfacet
  facet normal 0 0 1
    outer loop
      vertex 4.25398 -4.89446 2.6
      vertex 4.0819 -4.85624 2.6
      vertex 4.10102 -4.87536 2.6
    endloop
  endfacet
  facet normal 0 0 1
    outer loop
      vertex 4.33045 -4.14882 2.6
      vertex 3.96718 -4.85624 2.6
      vertex 4.0819 -4.85624 2.6
    endloop
  endfacet
  facet normal 0 0 1
    outer loop
      vertex 3.75687 -4.015 2.6
      vertex 3.96718 -4.85624 2.6
      vertex 4.33045 -4.14882 2.6
    endloop
  endfacet
  facet normal 0 0 1
    outer loop
      vertex 3.96718 -4.85624 2.6
      vertex 3.75687 -4.015 2.6
      vertex 3.85249 -4.91358 2.6
    endloop
  endfacet
  facet normal -0 0 1
    outer loop
      vertex 3.0686 -4.60768 2.6
      vertex 3.85249 -4.91358 2.6
      vertex 3.75687 -4.015 2.6
    endloop
  endfacet
  facet normal 0 0 1
    outer loop
      vertex 3.85249 -4.91358 2.6
      vertex 3.0686 -4.60768 2.6
      vertex 3.79512 -4.99005 2.6
    endloop
  endfacet
  facet normal 0 0 1
    outer loop
      vertex 3.03036 -5.04742 2.6
      vertex 3.79512 -4.99005 2.6
      vertex 3.0686 -4.60768 2.6
    endloop
  endfacet
  facet normal 0 0 1
    outer loop
      vertex 3.79512 -4.99005 2.6
      vertex 3.75687 -5.14301 2.6
      vertex 3.776 -5.12389 2.6
    endloop
  endfacet
  facet normal 0 0 1
    outer loop
      vertex 3.79512 -4.99005 2.6
      vertex 3.03036 -5.04742 2.6
      vertex 3.75687 -5.14301 2.6
    endloop
  endfacet
  facet normal 0 0 1
    outer loop
      vertex 3.01123 -5.3342 2.6
      vertex 3.75687 -5.14301 2.6
      vertex 3.03036 -5.04742 2.6
    endloop
  endfacet
  facet normal 0 0 1
    outer loop
      vertex 3.75687 -5.14301 2.6
      vertex 3.01123 -5.3342 2.6
      vertex 3.75687 -5.35332 2.6
    endloop
  endfacet
  facet normal 0 0 1
    outer loop
      vertex 3.0686 -4.35912 2.6
      vertex 3.75687 -4.015 2.6
      vertex 3.41275 -3.65173 2.6
    endloop
  endfacet
  facet normal 0 -0 1
    outer loop
      vertex 3.60394 -5.56363 2.6
      vertex 3.75687 -5.35332 2.6
      vertex 3.01123 -5.3342 2.6
    endloop
  endfacet
  facet normal 0 0 1
    outer loop
      vertex 3.75687 -5.35332 2.6
      vertex 3.60394 -5.56363 2.6
      vertex 3.73777 -5.41069 2.6
    endloop
  endfacet
  facet normal 0 0 1
    outer loop
      vertex 3.75687 -4.015 2.6
      vertex 3.0686 -4.35912 2.6
      vertex 3.0686 -4.60768 2.6
    endloop
  endfacet
  facet normal 0 0 1
    outer loop
      vertex 3.41275 -3.65173 2.6
      vertex 2.95389 -4.16794 2.6
      vertex 3.0686 -4.35912 2.6
    endloop
  endfacet
  facet normal 0 0 1
    outer loop
      vertex 2.57152 -3.67086 2.6
      vertex 3.41275 -3.65173 2.6
      vertex 2.91564 -3.00168 2.6
    endloop
  endfacet
  facet normal 0 0 1
    outer loop
      vertex 2.41856 -3.51789 2.6
      vertex 2.91564 -3.00168 2.6
      vertex 2.82005 -2.77225 2.6
    endloop
  endfacet
  facet normal 0 0 1
    outer loop
      vertex 2.7627 -2.61932 2.6
      vertex 2.82005 -2.77225 2.6
      vertex 2.80092 -2.67666 2.6
    endloop
  endfacet
  facet normal 0 0 1
    outer loop
      vertex 2.82005 -2.77225 2.6
      vertex 2.7627 -2.61932 2.6
      vertex 2.41856 -3.51789 2.6
    endloop
  endfacet
  facet normal 0 0 1
    outer loop
      vertex 2.70533 -2.46635 2.6
      vertex 2.7627 -2.61932 2.6
      vertex 2.74358 -2.5237 2.6
    endloop
  endfacet
  facet normal 0 0 1
    outer loop
      vertex 2.7627 -2.61932 2.6
      vertex 2.70533 -2.46635 2.6
      vertex 2.41856 -3.51789 2.6
    endloop
  endfacet
  facet normal 0 0 1
    outer loop
      vertex 2.64799 -2.31339 2.6
      vertex 2.70533 -2.46635 2.6
      vertex 2.68621 -2.37076 2.6
    endloop
  endfacet
  facet normal 0 0 1
    outer loop
      vertex 2.70533 -2.46635 2.6
      vertex 2.64799 -2.31339 2.6
      vertex 2.41856 -3.51789 2.6
    endloop
  endfacet
  facet normal 0 0 1
    outer loop
      vertex 3.41275 -3.65173 2.6
      vertex 2.57152 -3.67086 2.6
      vertex 2.95389 -4.16794 2.6
    endloop
  endfacet
  facet normal 0 0 1
    outer loop
      vertex 2.41856 -3.51789 2.6
      vertex 2.64799 -2.31339 2.6
      vertex 2.4759 -1.79718 2.6
    endloop
  endfacet
  facet normal 0 0 1
    outer loop
      vertex 2.91564 -3.00168 2.6
      vertex 2.41856 -3.51789 2.6
      vertex 2.57152 -3.67086 2.6
    endloop
  endfacet
  facet normal 0 -0 1
    outer loop
      vertex 3.1642 -5.56363 2.6
      vertex 3.60394 -5.56363 2.6
      vertex 3.01123 -5.3342 2.6
    endloop
  endfacet
  facet normal 0 0 1
    outer loop
      vertex 3.60394 -5.56363 2.6
      vertex 3.1642 -5.56363 2.6
      vertex 3.48922 -5.621 2.6
    endloop
  endfacet
  facet normal 0 0 1
    outer loop
      vertex 3.03036 -5.04742 2.6
      vertex 3.0686 -4.60768 2.6
      vertex 3.04948 -4.6268 2.6
    endloop
  endfacet
  facet normal 0 0 1
    outer loop
      vertex 3.48922 -5.621 2.6
      vertex 3.1642 -5.56363 2.6
      vertex 3.27891 -5.621 2.6
    endloop
  endfacet
  facet normal 0 0 1
    outer loop
      vertex 3.01123 -5.3342 2.6
      vertex 3.03036 -5.04742 2.6
      vertex 3.01123 -5.06654 2.6
    endloop
  endfacet
  facet normal 0 0 1
    outer loop
      vertex 3.1642 -5.56363 2.6
      vertex 3.01123 -5.3342 2.6
      vertex 3.0686 -5.46804 2.6
    endloop
  endfacet
  facet normal 0 0 1
    outer loop
      vertex 1.40524 -8.24029 2.6
      vertex 1.42436 -8.33588 2.6
      vertex 1.42436 -8.25941 2.6
    endloop
  endfacet
  facet normal 0 0 1
    outer loop
      vertex 1.19493 -8.68003 2.6
      vertex 1.42436 -8.33588 2.6
      vertex 1.40524 -8.24029 2.6
    endloop
  endfacet
  facet normal 0 0 1
    outer loop
      vertex 1.19493 -8.68003 2.6
      vertex 1.40524 -8.24029 2.6
      vertex 1.38614 -8.1447 2.6
    endloop
  endfacet
  facet normal 0 0 1
    outer loop
      vertex 0.927276 -8.79474 2.6
      vertex 1.38614 -8.1447 2.6
      vertex 1.36701 -8.0491 2.6
    endloop
  endfacet
  facet normal 0 0 1
    outer loop
      vertex 0.716968 -8.83299 2.6
      vertex 1.36701 -8.0491 2.6
      vertex 1.34789 -7.95351 2.6
    endloop
  endfacet
  facet normal 0 0 1
    outer loop
      vertex 0.716968 -8.83299 2.6
      vertex 1.34789 -7.95351 2.6
      vertex 1.32877 -7.85792 2.6
    endloop
  endfacet
  facet normal 0 -0 1
    outer loop
      vertex 1.32877 -8.62268 2.6
      vertex 1.42436 -8.33588 2.6
      vertex 1.19493 -8.68003 2.6
    endloop
  endfacet
  facet normal 0 0 1
    outer loop
      vertex 1.44348 -8.355 2.6
      vertex 1.42436 -8.33588 2.6
      vertex 1.42436 -8.48884 2.6
    endloop
  endfacet
  facet normal 0 0 1
    outer loop
      vertex 1.29052 -7.66671 2.6
      vertex 1.32877 -7.85792 2.6
      vertex 1.32877 -7.78142 2.6
    endloop
  endfacet
  facet normal 0 0 1
    outer loop
      vertex 0.50666 -8.87121 2.6
      vertex 1.32877 -7.85792 2.6
      vertex 1.29052 -7.66671 2.6
    endloop
  endfacet
  facet normal 0 0 1
    outer loop
      vertex 0.315475 -8.89034 2.6
      vertex 1.29052 -7.66671 2.6
      vertex 1.27142 -7.55202 2.6
    endloop
  endfacet
  facet normal 0 0 1
    outer loop
      vertex 0.315475 -8.89034 2.6
      vertex 1.27142 -7.55202 2.6
      vertex 1.2523 -7.4564 2.6
    endloop
  endfacet
  facet normal 0 0 1
    outer loop
      vertex 1.42436 -8.33588 2.6
      vertex 1.32877 -8.62268 2.6
      vertex 1.42436 -8.48884 2.6
    endloop
  endfacet
  facet normal 0 0 1
    outer loop
      vertex 1.21405 -7.26522 2.6
      vertex 1.2523 -7.4564 2.6
      vertex 1.2523 -7.37993 2.6
    endloop
  endfacet
  facet normal 0 0 1
    outer loop
      vertex -1.2523 -7.47552 2.6
      vertex 1.2523 -7.4564 2.6
      vertex 1.21405 -7.26522 2.6
    endloop
  endfacet
  facet normal -0 0 1
    outer loop
      vertex -1.19493 -7.16962 2.6
      vertex 1.21405 -7.26522 2.6
      vertex 1.19493 -7.1505 2.6
    endloop
  endfacet
  facet normal 0 0 1
    outer loop
      vertex 1.32877 -8.62268 2.6
      vertex 1.19493 -8.68003 2.6
      vertex 1.23318 -8.68003 2.6
    endloop
  endfacet
  facet normal 0 0 1
    outer loop
      vertex 1.17583 -7.05491 2.6
      vertex 1.19493 -7.1505 2.6
      vertex 1.19493 -7.07403 2.6
    endloop
  endfacet
  facet normal -0 0 1
    outer loop
      vertex -1.17583 -7.07403 2.6
      vertex 1.19493 -7.1505 2.6
      vertex 1.17583 -7.05491 2.6
    endloop
  endfacet
  facet normal -0 0 1
    outer loop
      vertex -1.15671 -6.97844 2.6
      vertex 1.17583 -7.05491 2.6
      vertex 1.15671 -6.95932 2.6
    endloop
  endfacet
  facet normal 0 0 1
    outer loop
      vertex -1.15671 -6.97844 2.6
      vertex 1.15671 -6.95932 2.6
      vertex 1.13758 -6.86372 2.6
    endloop
  endfacet
  facet normal -0 0 1
    outer loop
      vertex -1.11846 -6.76813 2.6
      vertex 1.13758 -6.86372 2.6
      vertex 1.11846 -6.76813 2.6
    endloop
  endfacet
  facet normal 0 0 1
    outer loop
      vertex -1.11846 -6.76813 2.6
      vertex 1.11846 -6.76813 2.6
      vertex 1.09934 -6.67254 2.6
    endloop
  endfacet
  facet normal 0 0 1
    outer loop
      vertex 1.38614 -8.1447 2.6
      vertex 0.927276 -8.79474 2.6
      vertex 1.09934 -8.73737 2.6
    endloop
  endfacet
  facet normal 0 0 1
    outer loop
      vertex 1.08021 -6.57695 2.6
      vertex 1.09934 -6.67254 2.6
      vertex 1.09934 -6.59604 2.6
    endloop
  endfacet
  facet normal 0 0 1
    outer loop
      vertex -1.09934 -6.67254 2.6
      vertex 1.09934 -6.67254 2.6
      vertex 1.08021 -6.57695 2.6
    endloop
  endfacet
  facet normal 0 0 1
    outer loop
      vertex -1.08021 -6.57695 2.6
      vertex 1.08021 -6.57695 2.6
      vertex 1.06112 -6.48136 2.6
    endloop
  endfacet
  facet normal -0 0 1
    outer loop
      vertex -1.04199 -6.38574 2.6
      vertex 1.06112 -6.48136 2.6
      vertex 1.02287 -6.29014 2.6
    endloop
  endfacet
  facet normal -0 0 1
    outer loop
      vertex -1.00374 -6.19455 2.6
      vertex 1.02287 -6.29014 2.6
      vertex 1.00374 -6.17543 2.6
    endloop
  endfacet
  facet normal -0 0 1
    outer loop
      vertex -0.98462 -6.09896 2.6
      vertex 1.00374 -6.17543 2.6
      vertex 0.984619 -6.07984 2.6
    endloop
  endfacet
  facet normal -0 0 1
    outer loop
      vertex -0.965496 -6.00337 2.6
      vertex 0.984619 -6.07984 2.6
      vertex 0.965495 -5.98424 2.6
    endloop
  endfacet
  facet normal -0 0 1
    outer loop
      vertex -0.9464 -5.90778 2.6
      vertex 0.965495 -5.98424 2.6
      vertex 0.946399 -5.88865 2.6
    endloop
  endfacet
  facet normal -0 0 1
    outer loop
      vertex -0.927276 -5.81218 2.6
      vertex 0.946399 -5.88865 2.6
      vertex 0.927276 -5.79306 2.6
    endloop
  endfacet
  facet normal 0 0 1
    outer loop
      vertex 1.36701 -8.0491 2.6
      vertex 0.716968 -8.83299 2.6
      vertex 0.927276 -8.79474 2.6
    endloop
  endfacet
  facet normal 0 0 1
    outer loop
      vertex 0.908152 -5.69747 2.6
      vertex 0.927276 -5.79306 2.6
      vertex 0.927276 -5.71659 2.6
    endloop
  endfacet
  facet normal 0 0 1
    outer loop
      vertex -0.927276 -5.81218 2.6
      vertex 0.927276 -5.79306 2.6
      vertex 0.908152 -5.69747 2.6
    endloop
  endfacet
  facet normal -0 0 1
    outer loop
      vertex -0.889028 -5.60188 2.6
      vertex 0.908152 -5.69747 2.6
      vertex 0.889028 -5.60188 2.6
    endloop
  endfacet
  facet normal 0 0 1
    outer loop
      vertex -0.889028 -5.60188 2.6
      vertex 0.889028 -5.60188 2.6
      vertex 0.869904 -5.50628 2.6
    endloop
  endfacet
  facet normal 0 0 1
    outer loop
      vertex -0.869904 -5.50628 2.6
      vertex 0.869904 -5.50628 2.6
      vertex 0.850807 -5.41069 2.6
    endloop
  endfacet
  facet normal 0 0 1
    outer loop
      vertex -0.850807 -5.41069 2.6
      vertex 0.850807 -5.41069 2.6
      vertex 0.831683 -5.31507 2.6
    endloop
  endfacet
  facet normal -0 0 1
    outer loop
      vertex -0.81256 -5.21948 2.6
      vertex 0.831683 -5.31507 2.6
      vertex 0.793435 -5.12389 2.6
    endloop
  endfacet
  facet normal 0 0 1
    outer loop
      vertex 1.08021 -6.57695 2.6
      vertex -1.08021 -6.57695 2.6
      vertex -1.09934 -6.67254 2.6
    endloop
  endfacet
  facet normal 0 0 1
    outer loop
      vertex -3.03036 -5.0283 2.6
      vertex -3.01123 -5.35332 2.6
      vertex -3.01123 -5.04742 2.6
    endloop
  endfacet
  facet normal 0 0 1
    outer loop
      vertex -3.776 -5.0283 2.6
      vertex -3.03036 -5.0283 2.6
      vertex -3.04948 -4.79886 2.6
    endloop
  endfacet
  facet normal 0 0 1
    outer loop
      vertex -3.81424 -4.95183 2.6
      vertex -3.04948 -4.79886 2.6
      vertex -3.0686 -4.58856 2.6
    endloop
  endfacet
  facet normal 0 0 1
    outer loop
      vertex -3.03036 -5.0283 2.6
      vertex -3.776 -5.0283 2.6
      vertex -3.75687 -5.14301 2.6
    endloop
  endfacet
  facet normal 0 0 1
    outer loop
      vertex -10.0088 -0.210307 2.6
      vertex -10.047 -0.286776 2.6
      vertex -10.0279 -0.3059 2.6
    endloop
  endfacet
  facet normal -0 0 1
    outer loop
      vertex -9.95145 7.37993 2.6
      vertex -9.93233 6.95932 2.6
      vertex -9.93233 7.39906 2.6
    endloop
  endfacet
  facet normal 0 0 1
    outer loop
      vertex -9.93233 6.95932 2.6
      vertex -9.95145 7.37993 2.6
      vertex -9.95145 6.97844 2.6
    endloop
  endfacet
  facet normal 0 0 1
    outer loop
      vertex -9.93233 7.39906 2.6
      vertex -9.9132 7.55202 2.6
      vertex -9.93233 7.5329 2.6
    endloop
  endfacet
  facet normal 0 0 1
    outer loop
      vertex -9.9132 7.55202 2.6
      vertex -9.93233 7.39906 2.6
      vertex -9.9132 6.82548 2.6
    endloop
  endfacet
  facet normal -0 0 1
    outer loop
      vertex -9.93233 6.95932 2.6
      vertex -9.9132 6.82548 2.6
      vertex -9.93233 7.39906 2.6
    endloop
  endfacet
  facet normal 0 0 1
    outer loop
      vertex -9.9132 6.82548 2.6
      vertex -9.93233 6.95932 2.6
      vertex -9.93233 6.8446 2.6
    endloop
  endfacet
  facet normal 0 0 1
    outer loop
      vertex -5.70702 5.16214 2.6
      vertex -7.37038 2.5046 2.6
      vertex -7.29389 2.46635 2.6
    endloop
  endfacet
  facet normal 0 0 1
    outer loop
      vertex -6.4909 5.71659 2.6
      vertex -7.46598 4.34003 2.6
      vertex -7.37038 2.5046 2.6
    endloop
  endfacet
  facet normal 0 0 1
    outer loop
      vertex -8.38368 4.9327 2.6
      vertex -7.1027 6.2328 2.6
      vertex -7.52332 6.63429 2.6
    endloop
  endfacet
  facet normal 0 0 1
    outer loop
      vertex -9.03372 5.44891 2.6
      vertex -7.52332 6.63429 2.6
      vertex -8.24986 7.4373 2.6
    endloop
  endfacet
  facet normal 0 0 1
    outer loop
      vertex -7.1027 6.2328 2.6
      vertex -8.38368 4.9327 2.6
      vertex -7.46598 4.34003 2.6
    endloop
  endfacet
  facet normal -0 0 1
    outer loop
      vertex -9.9132 7.55202 2.6
      vertex -8.24986 7.4373 2.6
      vertex -8.7852 8.18294 2.6
    endloop
  endfacet
  facet normal -0 0 1
    outer loop
      vertex -9.72202 8.24029 2.6
      vertex -8.7852 8.18294 2.6
      vertex -8.95726 8.46972 2.6
    endloop
  endfacet
  facet normal 0 0 1
    outer loop
      vertex -7.52332 6.63429 2.6
      vertex -9.03372 5.44891 2.6
      vertex -8.38368 4.9327 2.6
    endloop
  endfacet
  facet normal -0 0 1
    outer loop
      vertex -9.37787 8.81387 2.6
      vertex -8.95726 8.46972 2.6
      vertex -9.14844 8.87121 2.6
    endloop
  endfacet
  facet normal -0 0 1
    outer loop
      vertex -9.28228 8.90946 2.6
      vertex -9.14844 8.87121 2.6
      vertex -9.18669 8.90946 2.6
    endloop
  endfacet
  facet normal 0 0 1
    outer loop
      vertex -9.14844 8.87121 2.6
      vertex -9.28228 8.90946 2.6
      vertex -9.37787 8.81387 2.6
    endloop
  endfacet
  facet normal 0 0 1
    outer loop
      vertex -8.95726 8.46972 2.6
      vertex -9.37787 8.81387 2.6
      vertex -9.53084 8.60356 2.6
    endloop
  endfacet
  facet normal 0 0 1
    outer loop
      vertex -8.95726 8.46972 2.6
      vertex -9.53084 8.60356 2.6
      vertex -9.72202 8.24029 2.6
    endloop
  endfacet
  facet normal 0 0 1
    outer loop
      vertex -9.85586 7.87704 2.6
      vertex -8.7852 8.18294 2.6
      vertex -9.72202 8.24029 2.6
    endloop
  endfacet
  facet normal 0 0 1
    outer loop
      vertex -8.7852 8.18294 2.6
      vertex -9.85586 7.81967 2.6
      vertex -9.9132 7.55202 2.6
    endloop
  endfacet
  facet normal 0 0 1
    outer loop
      vertex -8.24986 7.4373 2.6
      vertex -9.54993 5.98424 2.6
      vertex -9.03372 5.44891 2.6
    endloop
  endfacet
  facet normal 0 0 1
    outer loop
      vertex -8.24986 7.4373 2.6
      vertex -9.9132 7.55202 2.6
      vertex -9.9132 6.82548 2.6
    endloop
  endfacet
  facet normal 0 0 1
    outer loop
      vertex -8.7852 8.18294 2.6
      vertex -9.85586 7.87704 2.6
      vertex -9.85586 7.81967 2.6
    endloop
  endfacet
  facet normal 0 0 1
    outer loop
      vertex -8.24986 7.4373 2.6
      vertex -9.9132 6.82548 2.6
      vertex -9.83674 6.48136 2.6
    endloop
  endfacet
  facet normal 0 0 1
    outer loop
      vertex -9.9132 7.55202 2.6
      vertex -9.85586 7.81967 2.6
      vertex -9.9132 7.64761 2.6
    endloop
  endfacet
  facet normal 0 0 1
    outer loop
      vertex -8.24986 7.4373 2.6
      vertex -9.68377 6.17543 2.6
      vertex -9.54993 5.98424 2.6
    endloop
  endfacet
  facet normal 0 0 1
    outer loop
      vertex -8.24986 7.4373 2.6
      vertex -9.83674 6.48136 2.6
      vertex -9.68377 6.17543 2.6
    endloop
  endfacet
  facet normal 0 0 1
    outer loop
      vertex -9.83674 6.48136 2.6
      vertex -9.9132 6.82548 2.6
      vertex -9.9132 6.74901 2.6
    endloop
  endfacet
  facet normal 0 0 1
    outer loop
      vertex -5.22906 4.87536 2.6
      vertex -6.81593 0.860355 2.6
      vertex -6.75856 0.841231 2.6
    endloop
  endfacet
  facet normal 0 0 1
    outer loop
      vertex -5.70702 5.16214 2.6
      vertex -7.29389 2.46635 2.6
      vertex -6.81593 0.860355 2.6
    endloop
  endfacet
  facet normal 0 0 1
    outer loop
      vertex -7.46598 4.34003 2.6
      vertex -6.4909 5.71659 2.6
      vertex -7.1027 6.2328 2.6
    endloop
  endfacet
  facet normal -0 0 1
    outer loop
      vertex -7.4086 2.4281 2.6
      vertex -6.81593 0.860355 2.6
      vertex -7.29389 2.46635 2.6
    endloop
  endfacet
  facet normal 0 0 1
    outer loop
      vertex -6.81593 0.860355 2.6
      vertex -7.4086 2.4281 2.6
      vertex -7.00711 0.803011 2.6
    endloop
  endfacet
  facet normal 0 0 1
    outer loop
      vertex -7.00711 0.803011 2.6
      vertex -7.4086 2.4281 2.6
      vertex -7.37038 0.745639 2.6
    endloop
  endfacet
  facet normal 0 0 1
    outer loop
      vertex -7.56157 2.40901 2.6
      vertex -7.4086 2.4281 2.6
      vertex -7.54244 2.4281 2.6
    endloop
  endfacet
  facet normal 0 0 1
    outer loop
      vertex -7.4086 2.4281 2.6
      vertex -7.56157 2.40901 2.6
      vertex -7.37038 0.745639 2.6
    endloop
  endfacet
  facet normal -0 0 1
    outer loop
      vertex -7.71453 2.38988 2.6
      vertex -7.37038 0.745639 2.6
      vertex -7.56157 2.40901 2.6
    endloop
  endfacet
  facet normal 0 -0 1
    outer loop
      vertex -7.63804 0.688295 2.6
      vertex -7.37038 0.745639 2.6
      vertex -7.71453 2.38988 2.6
    endloop
  endfacet
  facet normal 0 0 1
    outer loop
      vertex -7.37038 0.745639 2.6
      vertex -7.63804 0.688295 2.6
      vertex -7.56157 0.688295 2.6
    endloop
  endfacet
  facet normal 0 0 1
    outer loop
      vertex -7.71453 2.38988 2.6
      vertex -7.56157 2.40901 2.6
      vertex -7.69541 2.40901 2.6
    endloop
  endfacet
  facet normal -0 0 1
    outer loop
      vertex -7.90572 2.37076 2.6
      vertex -7.63804 0.688295 2.6
      vertex -7.71453 2.38988 2.6
    endloop
  endfacet
  facet normal 0 0 1
    outer loop
      vertex -7.90572 2.37076 2.6
      vertex -7.71453 2.38988 2.6
      vertex -7.88659 2.38988 2.6
    endloop
  endfacet
  facet normal -0 0 1
    outer loop
      vertex -8.17337 2.35164 2.6
      vertex -7.63804 0.688295 2.6
      vertex -7.90572 2.37076 2.6
    endloop
  endfacet
  facet normal 0 -0 1
    outer loop
      vertex -8.0969 0.611799 2.6
      vertex -7.63804 0.688295 2.6
      vertex -8.17337 2.35164 2.6
    endloop
  endfacet
  facet normal 0 0 1
    outer loop
      vertex -7.63804 0.688295 2.6
      vertex -8.0969 0.611799 2.6
      vertex -7.65716 0.669171 2.6
    endloop
  endfacet
  facet normal 0 0 1
    outer loop
      vertex -8.17337 2.35164 2.6
      vertex -7.90572 2.37076 2.6
      vertex -8.15424 2.37076 2.6
    endloop
  endfacet
  facet normal 0 0 1
    outer loop
      vertex -8.23074 0.592675 2.6
      vertex -8.0969 0.611799 2.6
      vertex -8.17337 2.35164 2.6
    endloop
  endfacet
  facet normal 0 0 1
    outer loop
      vertex -8.0969 0.611799 2.6
      vertex -8.23074 0.592675 2.6
      vertex -8.11602 0.592675 2.6
    endloop
  endfacet
  facet normal 0 0 1
    outer loop
      vertex -8.36455 0.573579 2.6
      vertex -8.23074 0.592675 2.6
      vertex -8.17337 2.35164 2.6
    endloop
  endfacet
  facet normal 0 0 1
    outer loop
      vertex -8.23074 0.592675 2.6
      vertex -8.36455 0.573579 2.6
      vertex -8.24986 0.573579 2.6
    endloop
  endfacet
  facet normal -0 0 1
    outer loop
      vertex -9.11022 2.35164 2.6
      vertex -8.36455 0.573579 2.6
      vertex -8.17337 2.35164 2.6
    endloop
  endfacet
  facet normal 0 0 1
    outer loop
      vertex -8.36455 0.573579 2.6
      vertex -8.80429 0.535331 2.6
      vertex -8.38368 0.554455 2.6
    endloop
  endfacet
  facet normal 0 0 1
    outer loop
      vertex -8.36455 0.573579 2.6
      vertex -9.11022 2.35164 2.6
      vertex -8.80429 0.535331 2.6
    endloop
  endfacet
  facet normal 0 0 1
    outer loop
      vertex -9.397 0.535331 2.6
      vertex -8.80429 0.535331 2.6
      vertex -9.11022 2.35164 2.6
    endloop
  endfacet
  facet normal 0 0 1
    outer loop
      vertex -9.49259 2.38988 2.6
      vertex -9.11022 2.35164 2.6
      vertex -9.12932 2.37076 2.6
    endloop
  endfacet
  facet normal 0 0 1
    outer loop
      vertex -8.80429 0.535331 2.6
      vertex -9.397 0.535331 2.6
      vertex -8.82342 0.516208 2.6
    endloop
  endfacet
  facet normal 0 0 1
    outer loop
      vertex -8.82342 0.516208 2.6
      vertex -9.397 0.535331 2.6
      vertex -9.37787 0.516208 2.6
    endloop
  endfacet
  facet normal 0 0 1
    outer loop
      vertex -9.11022 2.35164 2.6
      vertex -9.49259 2.38988 2.6
      vertex -9.397 0.535331 2.6
    endloop
  endfacet
  facet normal 0 0 1
    outer loop
      vertex -9.74114 2.4281 2.6
      vertex -9.49259 2.38988 2.6
      vertex -9.51171 2.40901 2.6
    endloop
  endfacet
  facet normal 0 0 1
    outer loop
      vertex -9.49259 2.38988 2.6
      vertex -9.68377 0.554455 2.6
      vertex -9.397 0.535331 2.6
    endloop
  endfacet
  facet normal 0 0 1
    outer loop
      vertex -10.3147 0.841231 2.6
      vertex -9.49259 2.38988 2.6
      vertex -9.74114 2.4281 2.6
    endloop
  endfacet
  facet normal 0 0 1
    outer loop
      vertex -10.1235 2.5046 2.6
      vertex -9.74114 2.4281 2.6
      vertex -9.76024 2.44723 2.6
    endloop
  endfacet
  facet normal 0 0 1
    outer loop
      vertex -9.49259 2.38988 2.6
      vertex -9.98967 0.650047 2.6
      vertex -9.68377 0.554455 2.6
    endloop
  endfacet
  facet normal 0 0 1
    outer loop
      vertex -9.74114 2.4281 2.6
      vertex -10.1235 2.5046 2.6
      vertex -10.5824 1.08979 2.6
    endloop
  endfacet
  facet normal 0 0 1
    outer loop
      vertex -11.0412 1.93102 2.6
      vertex -10.1235 2.5046 2.6
      vertex -10.2765 2.56194 2.6
    endloop
  endfacet
  facet normal 0 0 1
    outer loop
      vertex -9.49259 2.38988 2.6
      vertex -10.3147 0.841231 2.6
      vertex -9.98967 0.650047 2.6
    endloop
  endfacet
  facet normal 0 0 1
    outer loop
      vertex -11.0412 1.93102 2.6
      vertex -10.2765 2.56194 2.6
      vertex -10.4868 2.60019 2.6
    endloop
  endfacet
  facet normal 0 0 1
    outer loop
      vertex -9.74114 2.4281 2.6
      vertex -10.5824 1.08979 2.6
      vertex -10.3147 0.841231 2.6
    endloop
  endfacet
  facet normal 0 0 1
    outer loop
      vertex -11.1177 2.4281 2.6
      vertex -10.4868 2.60019 2.6
      vertex -10.85 2.734 2.6
    endloop
  endfacet
  facet normal 0 0 1
    outer loop
      vertex -10.1235 2.5046 2.6
      vertex -10.85 1.47216 2.6
      vertex -10.5824 1.08979 2.6
    endloop
  endfacet
  facet normal 0 0 1
    outer loop
      vertex -11.1177 2.4281 2.6
      vertex -10.85 2.734 2.6
      vertex -10.9074 2.734 2.6
    endloop
  endfacet
  facet normal 0 0 1
    outer loop
      vertex -11.1368 2.67666 2.6
      vertex -10.9074 2.734 2.6
      vertex -10.9647 2.77225 2.6
    endloop
  endfacet
  facet normal 0 0 1
    outer loop
      vertex -10.1235 2.5046 2.6
      vertex -11.0412 1.93102 2.6
      vertex -10.85 1.47216 2.6
    endloop
  endfacet
  facet normal 0 0 1
    outer loop
      vertex -11.1368 2.67666 2.6
      vertex -10.9647 2.77225 2.6
      vertex -11.0603 2.77225 2.6
    endloop
  endfacet
  facet normal 0 0 1
    outer loop
      vertex -11.1368 2.67666 2.6
      vertex -11.0603 2.77225 2.6
      vertex -11.0986 2.75313 2.6
    endloop
  endfacet
  facet normal 0 0 1
    outer loop
      vertex -10.4868 2.60019 2.6
      vertex -11.0986 2.25604 2.6
      vertex -11.0412 1.93102 2.6
    endloop
  endfacet
  facet normal 0 0 1
    outer loop
      vertex -10.4868 2.60019 2.6
      vertex -11.1177 2.4281 2.6
      vertex -11.0986 2.25604 2.6
    endloop
  endfacet
  facet normal 0 0 1
    outer loop
      vertex -10.9074 2.734 2.6
      vertex -11.1368 2.67666 2.6
      vertex -11.1177 2.4281 2.6
    endloop
  endfacet
  facet normal 0 0 1
    outer loop
      vertex -11.1177 2.4281 2.6
      vertex -11.1368 2.67666 2.6
      vertex -11.1368 2.44723 2.6
    endloop
  endfacet
  facet normal 0 0 1
    outer loop
      vertex -3.03036 -5.0283 2.6
      vertex -3.75687 -5.14301 2.6
      vertex -3.01123 -5.35332 2.6
    endloop
  endfacet
  facet normal 0 0 1
    outer loop
      vertex -3.04948 -4.79886 2.6
      vertex -3.81424 -4.95183 2.6
      vertex -3.776 -5.0283 2.6
    endloop
  endfacet
  facet normal 0 0 1
    outer loop
      vertex -3.0686 -4.58856 2.6
      vertex -3.90984 -4.87536 2.6
      vertex -3.81424 -4.95183 2.6
    endloop
  endfacet
  facet normal 0 0 1
    outer loop
      vertex -3.75687 -4.015 2.6
      vertex -3.96718 -4.85624 2.6
      vertex -3.90984 -4.87536 2.6
    endloop
  endfacet
  facet normal -0 0 1
    outer loop
      vertex -4.40692 -4.16794 2.6
      vertex -3.96718 -4.85624 2.6
      vertex -3.75687 -4.015 2.6
    endloop
  endfacet
  facet normal 0 0 1
    outer loop
      vertex -3.96718 -4.85624 2.6
      vertex -4.40692 -4.16794 2.6
      vertex -4.0819 -4.85624 2.6
    endloop
  endfacet
  facet normal 0 -0 1
    outer loop
      vertex -4.25398 -4.89446 2.6
      vertex -4.0819 -4.85624 2.6
      vertex -4.40692 -4.16794 2.6
    endloop
  endfacet
  facet normal 0 0 1
    outer loop
      vertex -4.0819 -4.85624 2.6
      vertex -4.25398 -4.89446 2.6
      vertex -4.10102 -4.87536 2.6
    endloop
  endfacet
  facet normal -0 0 1
    outer loop
      vertex -4.63635 -4.24441 2.6
      vertex -4.25398 -4.89446 2.6
      vertex -4.40692 -4.16794 2.6
    endloop
  endfacet
  facet normal 0 0 1
    outer loop
      vertex -4.25398 -4.89446 2.6
      vertex -4.63635 -4.24441 2.6
      vertex -4.42604 -4.97095 2.6
    endloop
  endfacet
  facet normal -0 0 1
    outer loop
      vertex -4.96138 -4.39737 2.6
      vertex -4.42604 -4.97095 2.6
      vertex -4.63635 -4.24441 2.6
    endloop
  endfacet
  facet normal 0 0 1
    outer loop
      vertex -4.42604 -4.97095 2.6
      vertex -4.96138 -4.39737 2.6
      vertex -4.54076 -5.04742 2.6
    endloop
  endfacet
  facet normal -0 0 1
    outer loop
      vertex -5.17168 -4.55034 2.6
      vertex -4.54076 -5.04742 2.6
      vertex -4.96138 -4.39737 2.6
    endloop
  endfacet
  facet normal -0 0 1
    outer loop
      vertex -5.34377 -4.74152 2.6
      vertex -4.54076 -5.04742 2.6
      vertex -5.17168 -4.55034 2.6
    endloop
  endfacet
  facet normal 0 0 1
    outer loop
      vertex -4.54076 -5.04742 2.6
      vertex -5.34377 -4.74152 2.6
      vertex -4.82754 -5.35332 2.6
    endloop
  endfacet
  facet normal -0 0 1
    outer loop
      vertex -5.42024 -4.97095 2.6
      vertex -4.82754 -5.35332 2.6
      vertex -5.34377 -4.74152 2.6
    endloop
  endfacet
  facet normal 0 0 1
    outer loop
      vertex -4.82754 -5.35332 2.6
      vertex -5.42024 -4.97095 2.6
      vertex -4.9805 -5.41069 2.6
    endloop
  endfacet
  facet normal 0 0 1
    outer loop
      vertex -4.9805 -5.41069 2.6
      vertex -5.42024 -4.97095 2.6
      vertex -5.11434 -5.41069 2.6
    endloop
  endfacet
  facet normal -0 -0 1
    outer loop
      vertex -5.34377 -5.27685 2.6
      vertex -5.11434 -5.41069 2.6
      vertex -5.42024 -4.97095 2.6
    endloop
  endfacet
  facet normal 0 0 1
    outer loop
      vertex -5.42024 -4.97095 2.6
      vertex -5.34377 -4.74152 2.6
      vertex -5.42024 -4.89446 2.6
    endloop
  endfacet
  facet normal 0 0 1
    outer loop
      vertex -5.11434 -5.41069 2.6
      vertex -5.34377 -5.27685 2.6
      vertex -5.22906 -5.37244 2.6
    endloop
  endfacet
  facet normal 0 0 1
    outer loop
      vertex -5.42024 -4.97095 2.6
      vertex -5.42024 -5.14301 2.6
      vertex -5.34377 -5.27685 2.6
    endloop
  endfacet
  facet normal 0 -0 1
    outer loop
      vertex -5.42024 -5.14301 2.6
      vertex -5.42024 -4.97095 2.6
      vertex -5.43936 -4.99005 2.6
    endloop
  endfacet
  facet normal 0 0 1
    outer loop
      vertex -2.87742 -0.9177 2.6
      vertex -2.62886 3.13552 2.6
      vertex -2.7627 3.09727 2.6
    endloop
  endfacet
  facet normal 0 0 1
    outer loop
      vertex -2.62886 3.13552 2.6
      vertex -2.8583 -0.936824 2.6
      vertex -2.72446 -1.24272 2.6
    endloop
  endfacet
  facet normal 0 0 1
    outer loop
      vertex -2.72446 -1.24272 2.6
      vertex -2.8583 -0.936824 2.6
      vertex -2.78183 -1.14713 2.6
    endloop
  endfacet
  facet normal 0 0 1
    outer loop
      vertex -2.62886 3.13552 2.6
      vertex -2.87742 -0.9177 2.6
      vertex -2.8583 -0.936824 2.6
    endloop
  endfacet
  facet normal -0 0 1
    outer loop
      vertex -2.99214 3.09727 2.6
      vertex -2.87742 -0.9177 2.6
      vertex -2.7627 3.09727 2.6
    endloop
  endfacet
  facet normal -0 0 1
    outer loop
      vertex -3.0686 3.1164 2.6
      vertex -2.99214 3.09727 2.6
      vertex -3.01123 3.1164 2.6
    endloop
  endfacet
  facet normal 0 0 1
    outer loop
      vertex -2.99214 3.09727 2.6
      vertex -3.0686 3.1164 2.6
      vertex -2.87742 -0.9177 2.6
    endloop
  endfacet
  facet normal 0 0 1
    outer loop
      vertex -5.40112 -0.401492 2.6
      vertex -3.0686 3.1164 2.6
      vertex -3.18332 3.15465 2.6
    endloop
  endfacet
  facet normal 0 0 1
    outer loop
      vertex -5.40112 -0.401492 2.6
      vertex -3.18332 3.15465 2.6
      vertex -3.33626 3.25024 2.6
    endloop
  endfacet
  facet normal 0 0 1
    outer loop
      vertex -3.0686 3.1164 2.6
      vertex -5.40112 -0.401492 2.6
      vertex -2.87742 -0.9177 2.6
    endloop
  endfacet
  facet normal 0 0 1
    outer loop
      vertex -6.75856 0.841231 2.6
      vertex -3.33626 3.25024 2.6
      vertex -3.58481 3.51789 2.6
    endloop
  endfacet
  facet normal -0 -0 1
    outer loop
      vertex -5.38199 -0.439739 2.6
      vertex -2.87742 -0.9177 2.6
      vertex -5.40112 -0.401492 2.6
    endloop
  endfacet
  facet normal 0 0 1
    outer loop
      vertex -4.46429 4.51209 2.6
      vertex -3.58481 3.51789 2.6
      vertex -3.85249 4.07235 2.6
    endloop
  endfacet
  facet normal 0 0 1
    outer loop
      vertex -4.46429 4.51209 2.6
      vertex -3.85249 4.07235 2.6
      vertex -3.90984 4.14882 2.6
    endloop
  endfacet
  facet normal 0 0 1
    outer loop
      vertex -4.46429 4.51209 2.6
      vertex -3.90984 4.14882 2.6
      vertex -4.13927 4.35912 2.6
    endloop
  endfacet
  facet normal 0 0 1
    outer loop
      vertex -2.87742 -0.9177 2.6
      vertex -5.38199 -0.439739 2.6
      vertex -3.43185 -1.5104 2.6
    endloop
  endfacet
  facet normal -0 0 1
    outer loop
      vertex -4.46429 4.51209 2.6
      vertex -4.13927 4.35912 2.6
      vertex -4.42604 4.51209 2.6
    endloop
  endfacet
  facet normal 0 0 1
    outer loop
      vertex -4.73194 4.6268 2.6
      vertex -3.58481 3.51789 2.6
      vertex -4.46429 4.51209 2.6
    endloop
  endfacet
  facet normal -0 0 1
    outer loop
      vertex -4.73194 4.6268 2.6
      vertex -4.46429 4.51209 2.6
      vertex -4.69372 4.6268 2.6
    endloop
  endfacet
  facet normal 0 0 1
    outer loop
      vertex -3.75687 -1.79718 2.6
      vertex -5.38199 -0.439739 2.6
      vertex -4.38782 -2.23692 2.6
    endloop
  endfacet
  facet normal 0 0 1
    outer loop
      vertex -3.58481 3.51789 2.6
      vertex -4.73194 4.6268 2.6
      vertex -6.75856 0.841231 2.6
    endloop
  endfacet
  facet normal -0 0 1
    outer loop
      vertex -5.8982 -1.10891 2.6
      vertex -4.38782 -2.23692 2.6
      vertex -5.38199 -0.439739 2.6
    endloop
  endfacet
  facet normal 0 0 1
    outer loop
      vertex -4.38782 -2.23692 2.6
      vertex -4.75107 -2.40901 2.6
      vertex -4.71285 -2.40901 2.6
    endloop
  endfacet
  facet normal 0 0 1
    outer loop
      vertex -4.38782 -2.23692 2.6
      vertex -5.8982 -1.10891 2.6
      vertex -4.75107 -2.40901 2.6
    endloop
  endfacet
  facet normal 0 0 1
    outer loop
      vertex -6.75856 0.841231 2.6
      vertex -4.73194 4.6268 2.6
      vertex -5.22906 4.87536 2.6
    endloop
  endfacet
  facet normal 0 0 1
    outer loop
      vertex -4.75107 -2.40901 2.6
      vertex -5.8982 -1.10891 2.6
      vertex -4.84666 -2.46635 2.6
    endloop
  endfacet
  facet normal 0 0 1
    outer loop
      vertex -4.84666 -2.46635 2.6
      vertex -5.8982 -1.10891 2.6
      vertex -5.11434 -2.56194 2.6
    endloop
  endfacet
  facet normal 0 0 1
    outer loop
      vertex -5.11434 -2.56194 2.6
      vertex -5.8982 -1.10891 2.6
      vertex -5.32465 -2.60019 2.6
    endloop
  endfacet
  facet normal 0 0 1
    outer loop
      vertex -3.43185 -1.5104 2.6
      vertex -5.38199 -0.439739 2.6
      vertex -3.75687 -1.79718 2.6
    endloop
  endfacet
  facet normal 0 0 1
    outer loop
      vertex -6.81593 0.860355 2.6
      vertex -5.22906 4.87536 2.6
      vertex -5.70702 5.16214 2.6
    endloop
  endfacet
  facet normal 0 0 1
    outer loop
      vertex -3.33626 3.25024 2.6
      vertex -6.75856 0.841231 2.6
      vertex -5.40112 -0.401492 2.6
    endloop
  endfacet
  facet normal 0 0 1
    outer loop
      vertex -7.37038 2.5046 2.6
      vertex -5.70702 5.16214 2.6
      vertex -6.4909 5.71659 2.6
    endloop
  endfacet
  facet normal 0 0 1
    outer loop
      vertex -5.40112 -0.401492 2.6
      vertex -6.75856 0.841231 2.6
      vertex -6.33794 -0.975072 2.6
    endloop
  endfacet
  facet normal -0 0 1
    outer loop
      vertex -7.12183 0.650047 2.6
      vertex -6.33794 -0.975072 2.6
      vertex -6.75856 0.841231 2.6
    endloop
  endfacet
  facet normal -0 0 1
    outer loop
      vertex -7.59982 0.439739 2.6
      vertex -6.33794 -0.975072 2.6
      vertex -7.12183 0.650047 2.6
    endloop
  endfacet
  facet normal 0 -0 1
    outer loop
      vertex -7.08358 -1.33834 2.6
      vertex -6.33794 -0.975072 2.6
      vertex -7.59982 0.439739 2.6
    endloop
  endfacet
  facet normal 0 0 1
    outer loop
      vertex -7.59982 0.439739 2.6
      vertex -7.12183 0.650047 2.6
      vertex -7.16008 0.650047 2.6
    endloop
  endfacet
  facet normal 0 0 1
    outer loop
      vertex -6.33794 -0.975072 2.6
      vertex -7.08358 -1.33834 2.6
      vertex -7.04536 -1.33834 2.6
    endloop
  endfacet
  facet normal -0 0 1
    outer loop
      vertex -7.84834 0.344147 2.6
      vertex -7.08358 -1.33834 2.6
      vertex -7.59982 0.439739 2.6
    endloop
  endfacet
  facet normal 0 0 1
    outer loop
      vertex -7.84834 0.344147 2.6
      vertex -7.59982 0.439739 2.6
      vertex -7.69541 0.420615 2.6
    endloop
  endfacet
  facet normal 0 0 1
    outer loop
      vertex -7.08358 -1.33834 2.6
      vertex -7.84834 0.344147 2.6
      vertex -7.31301 -1.45303 2.6
    endloop
  endfacet
  facet normal 0 0 1
    outer loop
      vertex -7.31301 -1.45303 2.6
      vertex -7.84834 0.344147 2.6
      vertex -7.81012 -1.606 2.6
    endloop
  endfacet
  facet normal -0 0 1
    outer loop
      vertex -8.42192 0.152964 2.6
      vertex -7.81012 -1.606 2.6
      vertex -7.84834 0.344147 2.6
    endloop
  endfacet
  facet normal 0 0 1
    outer loop
      vertex -7.81012 -1.606 2.6
      vertex -8.42192 0.152964 2.6
      vertex -8.02043 -1.62512 2.6
    endloop
  endfacet
  facet normal 0 0 1
    outer loop
      vertex -8.44105 -1.62512 2.6
      vertex -8.02043 -1.62512 2.6
      vertex -8.42192 0.152964 2.6
    endloop
  endfacet
  facet normal 0 0 1
    outer loop
      vertex -8.02043 -1.62512 2.6
      vertex -8.44105 -1.62512 2.6
      vertex -8.03956 -1.64424 2.6
    endloop
  endfacet
  facet normal 0 0 1
    outer loop
      vertex -8.03956 -1.64424 2.6
      vertex -8.44105 -1.62512 2.6
      vertex -8.42192 -1.64424 2.6
    endloop
  endfacet
  facet normal 0 0 1
    outer loop
      vertex -8.55576 0.114716 2.6
      vertex -8.42192 0.152964 2.6
      vertex -8.47927 0.152964 2.6
    endloop
  endfacet
  facet normal 0 0 1
    outer loop
      vertex -8.42192 0.152964 2.6
      vertex -8.55576 0.114716 2.6
      vertex -8.44105 -1.62512 2.6
    endloop
  endfacet
  facet normal -0 0 1
    outer loop
      vertex -8.68958 0.0764675 2.6
      vertex -8.44105 -1.62512 2.6
      vertex -8.55576 0.114716 2.6
    endloop
  endfacet
  facet normal 0 0 1
    outer loop
      vertex -8.68958 0.0764675 2.6
      vertex -8.55576 0.114716 2.6
      vertex -8.61311 0.114716 2.6
    endloop
  endfacet
  facet normal -0 0 1
    outer loop
      vertex -8.91901 -1.5104 2.6
      vertex -8.44105 -1.62512 2.6
      vertex -8.68958 0.0764675 2.6
    endloop
  endfacet
  facet normal 0 0 1
    outer loop
      vertex -9.07197 -0.019124 2.6
      vertex -8.68958 0.0764675 2.6
      vertex -8.74695 0.0764675 2.6
    endloop
  endfacet
  facet normal 0 0 1
    outer loop
      vertex -8.44105 -1.62512 2.6
      vertex -8.91901 -1.5104 2.6
      vertex -8.55576 -1.62512 2.6
    endloop
  endfacet
  facet normal 0 0 1
    outer loop
      vertex -8.68958 0.0764675 2.6
      vertex -9.07197 -0.019124 2.6
      vertex -9.14844 -1.39569 2.6
    endloop
  endfacet
  facet normal 0 0 1
    outer loop
      vertex -9.24403 -0.0573435 2.6
      vertex -9.07197 -0.019124 2.6
      vertex -9.14844 -0.019124 2.6
    endloop
  endfacet
  facet normal 0 0 1
    outer loop
      vertex -8.68958 0.0764675 2.6
      vertex -9.14844 -1.39569 2.6
      vertex -8.91901 -1.5104 2.6
    endloop
  endfacet
  facet normal 0 0 1
    outer loop
      vertex -9.07197 -0.019124 2.6
      vertex -9.24403 -0.0573435 2.6
      vertex -9.397 -1.22363 2.6
    endloop
  endfacet
  facet normal 0 0 1
    outer loop
      vertex -9.33962 -0.0764675 2.6
      vertex -9.24403 -0.0573435 2.6
      vertex -9.32053 -0.0573435 2.6
    endloop
  endfacet
  facet normal 0 0 1
    outer loop
      vertex -9.58818 -1.05154 2.6
      vertex -9.24403 -0.0573435 2.6
      vertex -9.33962 -0.0764675 2.6
    endloop
  endfacet
  facet normal 0 0 1
    outer loop
      vertex -9.07197 -0.019124 2.6
      vertex -9.397 -1.22363 2.6
      vertex -9.14844 -1.39569 2.6
    endloop
  endfacet
  facet normal 0 0 1
    outer loop
      vertex -9.43522 -0.0955915 2.6
      vertex -9.33962 -0.0764675 2.6
      vertex -9.41612 -0.0764675 2.6
    endloop
  endfacet
  facet normal 0 0 1
    outer loop
      vertex -9.58818 -1.05154 2.6
      vertex -9.33962 -0.0764675 2.6
      vertex -9.43522 -0.0955915 2.6
    endloop
  endfacet
  facet normal 0 0 1
    outer loop
      vertex -9.53084 -0.114716 2.6
      vertex -9.43522 -0.0955915 2.6
      vertex -9.51171 -0.0955915 2.6
    endloop
  endfacet
  facet normal 0 0 1
    outer loop
      vertex -9.85586 -0.707392 2.6
      vertex -9.43522 -0.0955915 2.6
      vertex -9.53084 -0.114716 2.6
    endloop
  endfacet
  facet normal 0 0 1
    outer loop
      vertex -9.24403 -0.0573435 2.6
      vertex -9.58818 -1.05154 2.6
      vertex -9.397 -1.22363 2.6
    endloop
  endfacet
  facet normal 0 0 1
    outer loop
      vertex -9.72202 -0.152964 2.6
      vertex -9.53084 -0.114716 2.6
      vertex -9.6073 -0.114716 2.6
    endloop
  endfacet
  facet normal 0 0 1
    outer loop
      vertex -9.53084 -0.114716 2.6
      vertex -9.72202 -0.152964 2.6
      vertex -9.85586 -0.707392 2.6
    endloop
  endfacet
  facet normal 0 0 1
    outer loop
      vertex -9.43522 -0.0955915 2.6
      vertex -9.85586 -0.707392 2.6
      vertex -9.58818 -1.05154 2.6
    endloop
  endfacet
  facet normal 0 0 1
    outer loop
      vertex -10.0279 -0.363272 2.6
      vertex -9.72202 -0.152964 2.6
      vertex -9.9132 -0.17206 2.6
    endloop
  endfacet
  facet normal 0 0 1
    outer loop
      vertex -10.0279 -0.3059 2.6
      vertex -9.9132 -0.17206 2.6
      vertex -10.0088 -0.210307 2.6
    endloop
  endfacet
  facet normal 0 0 1
    outer loop
      vertex -9.9132 -0.17206 2.6
      vertex -10.0279 -0.3059 2.6
      vertex -10.0279 -0.363272 2.6
    endloop
  endfacet
  facet normal 0 0 1
    outer loop
      vertex -9.72202 -0.152964 2.6
      vertex -10.0279 -0.363272 2.6
      vertex -9.85586 -0.707392 2.6
    endloop
  endfacet
  facet normal 0 0 1
    outer loop
      vertex -2.72446 -1.24272 2.6
      vertex -2.4759 3.21199 2.6
      vertex -2.62886 3.13552 2.6
    endloop
  endfacet
  facet normal 0 0 1
    outer loop
      vertex -2.4759 3.21199 2.6
      vertex -2.72446 -1.24272 2.6
      vertex -2.4759 -1.75896 2.6
    endloop
  endfacet
  facet normal 0 0 1
    outer loop
      vertex -2.4759 -1.75896 2.6
      vertex -2.72446 -1.24272 2.6
      vertex -2.72446 -1.28097 2.6
    endloop
  endfacet
  facet normal 0 0 1
    outer loop
      vertex -1.74938 5.20036 2.6
      vertex -1.80676 4.26353 2.6
      vertex -1.78763 4.24441 2.6
    endloop
  endfacet
  facet normal -0 0 1
    outer loop
      vertex -2.22737 4.28266 2.6
      vertex -1.80676 4.26353 2.6
      vertex -1.74938 5.20036 2.6
    endloop
  endfacet
  facet normal 0 0 1
    outer loop
      vertex -1.80676 4.26353 2.6
      vertex -2.22737 4.28266 2.6
      vertex -2.17 4.20619 2.6
    endloop
  endfacet
  facet normal 0 0 1
    outer loop
      vertex -2.22737 4.20619 2.6
      vertex -2.17 4.20619 2.6
      vertex -2.22737 4.28266 2.6
    endloop
  endfacet
  facet normal 0 0 1
    outer loop
      vertex -2.17 4.20619 2.6
      vertex -2.22737 4.20619 2.6
      vertex -2.18912 4.18706 2.6
    endloop
  endfacet
  facet normal 0 0 1
    outer loop
      vertex -1.5582 6.13721 2.6
      vertex -1.65379 5.41069 2.6
      vertex -1.63467 5.37244 2.6
    endloop
  endfacet
  facet normal 0 0 1
    outer loop
      vertex -1.80676 5.39157 2.6
      vertex -1.65379 5.41069 2.6
      vertex -1.5582 6.13721 2.6
    endloop
  endfacet
  facet normal 0 0 1
    outer loop
      vertex -1.65379 5.41069 2.6
      vertex -1.80676 5.39157 2.6
      vertex -1.69204 5.39157 2.6
    endloop
  endfacet
  facet normal -0 0 1
    outer loop
      vertex -2.01706 5.42979 2.6
      vertex -1.80676 5.39157 2.6
      vertex -1.5582 6.13721 2.6
    endloop
  endfacet
  facet normal 0 0 1
    outer loop
      vertex -1.80676 5.39157 2.6
      vertex -2.01706 5.42979 2.6
      vertex -1.82585 5.37244 2.6
    endloop
  endfacet
  facet normal 0 0 1
    outer loop
      vertex -1.82585 5.37244 2.6
      vertex -2.01706 5.42979 2.6
      vertex -1.99794 5.35332 2.6
    endloop
  endfacet
  facet normal 0 0 1
    outer loop
      vertex -1.99794 5.35332 2.6
      vertex -2.01706 5.42979 2.6
      vertex -2.01706 5.37244 2.6
    endloop
  endfacet
  facet normal 0 0 1
    outer loop
      vertex 2.38031 7.76233 2.6
      vertex 1.69204 7.4564 2.6
      vertex 1.71116 7.24609 2.6
    endloop
  endfacet
  facet normal 0 0 1
    outer loop
      vertex 2.07441 8.02998 2.6
      vertex 1.61554 7.59024 2.6
      vertex 1.69204 7.4564 2.6
    endloop
  endfacet
  facet normal 0 0 1
    outer loop
      vertex 1.48173 7.70496 2.6
      vertex 1.73026 8.16382 2.6
      vertex 1.53908 8.18294 2.6
    endloop
  endfacet
  facet normal -0 0 1
    outer loop
      vertex 1.38614 8.20204 2.6
      vertex 1.53908 8.18294 2.6
      vertex 1.51995 8.20204 2.6
    endloop
  endfacet
  facet normal 0 0 1
    outer loop
      vertex 1.73026 8.16382 2.6
      vertex 1.48173 7.70496 2.6
      vertex 1.61554 7.59024 2.6
    endloop
  endfacet
  facet normal 0 0 1
    outer loop
      vertex 1.53908 8.18294 2.6
      vertex 1.38614 8.20204 2.6
      vertex 1.30964 7.76233 2.6
    endloop
  endfacet
  facet normal 0 0 1
    outer loop
      vertex 1.13758 7.7432 2.6
      vertex 1.38614 8.20204 2.6
      vertex 1.36701 8.22116 2.6
    endloop
  endfacet
  facet normal 0 0 1
    outer loop
      vertex 1.53908 8.18294 2.6
      vertex 1.30964 7.76233 2.6
      vertex 1.48173 7.70496 2.6
    endloop
  endfacet
  facet normal 0 0 1
    outer loop
      vertex 1.38614 8.20204 2.6
      vertex 1.13758 7.7432 2.6
      vertex 1.30964 7.76233 2.6
    endloop
  endfacet
  facet normal -0 0 1
    outer loop
      vertex 0.697844 8.22116 2.6
      vertex 1.13758 7.7432 2.6
      vertex 1.36701 8.22116 2.6
    endloop
  endfacet
  facet normal 0 0 1
    outer loop
      vertex 1.13758 7.7432 2.6
      vertex 0.697844 8.22116 2.6
      vertex 1.02287 7.68583 2.6
    endloop
  endfacet
  facet normal 0 0 1
    outer loop
      vertex -0.0477953 8.01086 2.6
      vertex 0.831683 7.20787 2.6
      vertex 0.831683 7.39906 2.6
    endloop
  endfacet
  facet normal 0 0 1
    outer loop
      vertex 0.831683 7.20787 2.6
      vertex -1.84498 4.07235 2.6
      vertex 0.812559 -5.06654 2.6
    endloop
  endfacet
  facet normal -0 -0 1
    outer loop
      vertex -1.42436 -2.96344 2.6
      vertex 0.812559 -5.06654 2.6
      vertex -1.84498 4.07235 2.6
    endloop
  endfacet
  facet normal -0 0 1
    outer loop
      vertex 0.67872 8.20204 2.6
      vertex 1.02287 7.68583 2.6
      vertex 0.697844 8.22116 2.6
    endloop
  endfacet
  facet normal 0 0 1
    outer loop
      vertex 1.02287 7.68583 2.6
      vertex 0.67872 8.20204 2.6
      vertex 0.889028 7.55202 2.6
    endloop
  endfacet
  facet normal -0 0 1
    outer loop
      vertex 0.544879 8.18294 2.6
      vertex 0.889028 7.55202 2.6
      vertex 0.67872 8.20204 2.6
    endloop
  endfacet
  facet normal 0 0 1
    outer loop
      vertex -0.793436 -5.12389 2.6
      vertex 0.793435 -5.12389 2.6
      vertex -0.793436 -5.06654 2.6
    endloop
  endfacet
  facet normal -0 0 1
    outer loop
      vertex 0.219855 8.12557 2.6
      vertex 0.889028 7.55202 2.6
      vertex 0.544879 8.18294 2.6
    endloop
  endfacet
  facet normal 0 0 1
    outer loop
      vertex 0.544879 8.18294 2.6
      vertex 0.67872 8.20204 2.6
      vertex 0.564003 8.20204 2.6
    endloop
  endfacet
  facet normal 0 0 1
    outer loop
      vertex 0.889028 7.55202 2.6
      vertex 0.219855 8.12557 2.6
      vertex 0.831683 7.39906 2.6
    endloop
  endfacet
  facet normal 0 0 1
    outer loop
      vertex -0.81256 -5.21948 2.6
      vertex 0.793435 -5.12389 2.6
      vertex -0.793436 -5.12389 2.6
    endloop
  endfacet
  facet normal 0 0 1
    outer loop
      vertex 0.831683 -5.31507 2.6
      vertex -0.81256 -5.21948 2.6
      vertex -0.831683 -5.31507 2.6
    endloop
  endfacet
  facet normal 0 0 1
    outer loop
      vertex 0.831683 -5.31507 2.6
      vertex -0.831683 -5.31507 2.6
      vertex -0.850807 -5.41069 2.6
    endloop
  endfacet
  facet normal 0 0 1
    outer loop
      vertex 0.850807 -5.41069 2.6
      vertex -0.850807 -5.41069 2.6
      vertex -0.869904 -5.50628 2.6
    endloop
  endfacet
  facet normal -0 0 1
    outer loop
      vertex 0.0477953 8.06823 2.6
      vertex 0.831683 7.39906 2.6
      vertex 0.219855 8.12557 2.6
    endloop
  endfacet
  facet normal 0 0 1
    outer loop
      vertex 0.831683 7.39906 2.6
      vertex 0.0477953 8.06823 2.6
      vertex -0.0477953 8.01086 2.6
    endloop
  endfacet
  facet normal 0 0 1
    outer loop
      vertex 0.831683 7.20787 2.6
      vertex -0.0477953 8.01086 2.6
      vertex -0.37282 7.85792 2.6
    endloop
  endfacet
  facet normal 0 0 1
    outer loop
      vertex -0.37282 7.85792 2.6
      vertex -0.0477953 8.01086 2.6
      vertex -0.0860443 8.01086 2.6
    endloop
  endfacet
  facet normal 0 0 1
    outer loop
      vertex 0.869904 -5.50628 2.6
      vertex -0.869904 -5.50628 2.6
      vertex -0.889028 -5.60188 2.6
    endloop
  endfacet
  facet normal 0 0 1
    outer loop
      vertex 0.908152 -5.69747 2.6
      vertex -0.889028 -5.60188 2.6
      vertex -0.927276 -5.81218 2.6
    endloop
  endfacet
  facet normal 0 0 1
    outer loop
      vertex 0.831683 7.20787 2.6
      vertex -0.37282 7.85792 2.6
      vertex -0.67872 7.62849 2.6
    endloop
  endfacet
  facet normal 0 0 1
    outer loop
      vertex 0.946399 -5.88865 2.6
      vertex -0.927276 -5.81218 2.6
      vertex -0.9464 -5.90778 2.6
    endloop
  endfacet
  facet normal 0 0 1
    outer loop
      vertex 0.965495 -5.98424 2.6
      vertex -0.9464 -5.90778 2.6
      vertex -0.965496 -6.00337 2.6
    endloop
  endfacet
  facet normal 0 0 1
    outer loop
      vertex 0.984619 -6.07984 2.6
      vertex -0.965496 -6.00337 2.6
      vertex -0.98462 -6.09896 2.6
    endloop
  endfacet
  facet normal 0 0 1
    outer loop
      vertex 1.00374 -6.17543 2.6
      vertex -0.98462 -6.09896 2.6
      vertex -1.00374 -6.19455 2.6
    endloop
  endfacet
  facet normal 0 0 1
    outer loop
      vertex 0.831683 7.20787 2.6
      vertex -0.67872 7.62849 2.6
      vertex -1.15671 6.69166 2.6
    endloop
  endfacet
  facet normal 0 0 1
    outer loop
      vertex 1.02287 -6.29014 2.6
      vertex -1.00374 -6.19455 2.6
      vertex -1.02287 -6.29014 2.6
    endloop
  endfacet
  facet normal 0 0 1
    outer loop
      vertex 1.02287 -6.29014 2.6
      vertex -1.02287 -6.29014 2.6
      vertex -1.04199 -6.38574 2.6
    endloop
  endfacet
  facet normal -0 0 1
    outer loop
      vertex -1.40524 -3.32671 2.6
      vertex 0.812559 -5.06654 2.6
      vertex -1.38614 -3.21199 2.6
    endloop
  endfacet
  facet normal -0 0 1
    outer loop
      vertex -1.44348 -3.47967 2.6
      vertex 0.812559 -5.06654 2.6
      vertex -1.40524 -3.32671 2.6
    endloop
  endfacet
  facet normal 0 0 1
    outer loop
      vertex 0.812559 -5.06654 2.6
      vertex -0.793436 -5.06654 2.6
      vertex 0.793435 -5.12389 2.6
    endloop
  endfacet
  facet normal -0 -0 1
    outer loop
      vertex -0.81256 -5.04742 2.6
      vertex 0.812559 -5.06654 2.6
      vertex -1.44348 -3.47967 2.6
    endloop
  endfacet
  facet normal 0 -0 1
    outer loop
      vertex -0.793436 -5.06654 2.6
      vertex 0.812559 -5.06654 2.6
      vertex -0.81256 -5.04742 2.6
    endloop
  endfacet
  facet normal 0 0 1
    outer loop
      vertex 0.831683 7.20787 2.6
      vertex -1.15671 6.69166 2.6
      vertex -1.63467 5.37244 2.6
    endloop
  endfacet
  facet normal -0 0 1
    outer loop
      vertex -1.19493 7.11228 2.6
      vertex -1.15671 6.69166 2.6
      vertex -0.67872 7.62849 2.6
    endloop
  endfacet
  facet normal 0 0 1
    outer loop
      vertex -1.15671 6.69166 2.6
      vertex -1.19493 7.11228 2.6
      vertex -1.17583 6.71076 2.6
    endloop
  endfacet
  facet normal 0 0 1
    outer loop
      vertex -1.19493 7.11228 2.6
      vertex -1.36702 6.71076 2.6
      vertex -1.17583 6.71076 2.6
    endloop
  endfacet
  facet normal -0 0 1
    outer loop
      vertex -1.50083 6.74901 2.6
      vertex -1.36702 6.71076 2.6
      vertex -1.19493 7.11228 2.6
    endloop
  endfacet
  facet normal 0 -0 1
    outer loop
      vertex -1.46261 6.69166 2.6
      vertex -1.36702 6.71076 2.6
      vertex -1.50083 6.74901 2.6
    endloop
  endfacet
  facet normal 0 0 1
    outer loop
      vertex -1.36702 6.71076 2.6
      vertex -1.46261 6.69166 2.6
      vertex -1.38614 6.69166 2.6
    endloop
  endfacet
  facet normal 0 0 1
    outer loop
      vertex 5.61142 6.65342 2.6
      vertex 5.70702 6.76813 2.6
      vertex 5.63055 6.90197 2.6
    endloop
  endfacet
  facet normal 0 0 1
    outer loop
      vertex 5.70702 6.76813 2.6
      vertex 5.61142 6.65342 2.6
      vertex 5.70702 6.71076 2.6
    endloop
  endfacet
  facet normal 0 0 1
    outer loop
      vertex 5.36287 6.63429 2.6
      vertex 5.63055 6.90197 2.6
      vertex 5.45849 7.01669 2.6
    endloop
  endfacet
  facet normal 0 0 1
    outer loop
      vertex 5.63055 6.90197 2.6
      vertex 5.36287 6.63429 2.6
      vertex 5.61142 6.65342 2.6
    endloop
  endfacet
  facet normal 0 0 1
    outer loop
      vertex 5.2864 7.07403 2.6
      vertex 5.36287 6.63429 2.6
      vertex 5.45849 7.01669 2.6
    endloop
  endfacet
  facet normal -0 0 1
    outer loop
      vertex 5.22906 7.07403 2.6
      vertex 5.36287 6.63429 2.6
      vertex 5.2864 7.07403 2.6
    endloop
  endfacet
  facet normal 0 0 1
    outer loop
      vertex 5.22906 7.07403 2.6
      vertex 5.22906 6.59604 2.6
      vertex 5.36287 6.63429 2.6
    endloop
  endfacet
  facet normal 0 0 1
    outer loop
      vertex 5.22906 7.07403 2.6
      vertex 5.13346 6.59604 2.6
      vertex 5.22906 6.59604 2.6
    endloop
  endfacet
  facet normal 0 0 1
    outer loop
      vertex 5.03787 7.13138 2.6
      vertex 5.13346 6.59604 2.6
      vertex 5.22906 7.07403 2.6
    endloop
  endfacet
  facet normal -0 0 1
    outer loop
      vertex 5.03787 7.13138 2.6
      vertex 5.22906 7.07403 2.6
      vertex 5.09521 7.13138 2.6
    endloop
  endfacet
  facet normal 0 0 1
    outer loop
      vertex 4.99962 6.57695 2.6
      vertex 5.13346 6.59604 2.6
      vertex 5.03787 7.13138 2.6
    endloop
  endfacet
  facet normal 0 0 1
    outer loop
      vertex 5.13346 6.59604 2.6
      vertex 4.99962 6.57695 2.6
      vertex 5.11434 6.57695 2.6
    endloop
  endfacet
  facet normal 0 0 1
    outer loop
      vertex 4.96138 7.16962 2.6
      vertex 4.99962 6.57695 2.6
      vertex 5.03787 7.13138 2.6
    endloop
  endfacet
  facet normal 0 0 1
    outer loop
      vertex 4.82754 7.18875 2.6
      vertex 4.99962 6.57695 2.6
      vertex 4.96138 7.16962 2.6
    endloop
  endfacet
  facet normal 0 0 1
    outer loop
      vertex 4.99962 6.57695 2.6
      vertex 4.82754 7.18875 2.6
      vertex 4.86578 6.5387 2.6
    endloop
  endfacet
  facet normal 0 0 1
    outer loop
      vertex 4.82754 7.18875 2.6
      vertex 4.77019 6.5387 2.6
      vertex 4.86578 6.5387 2.6
    endloop
  endfacet
  facet normal 0 0 1
    outer loop
      vertex 4.61723 7.24609 2.6
      vertex 4.82754 7.18875 2.6
      vertex 4.75107 7.227 2.6
    endloop
  endfacet
  facet normal 0 0 1
    outer loop
      vertex 4.82754 7.18875 2.6
      vertex 4.65548 6.51958 2.6
      vertex 4.77019 6.5387 2.6
    endloop
  endfacet
  facet normal 0 0 1
    outer loop
      vertex 4.77019 6.5387 2.6
      vertex 4.65548 6.51958 2.6
      vertex 4.75107 6.51958 2.6
    endloop
  endfacet
  facet normal 0 0 1
    outer loop
      vertex 4.82754 7.18875 2.6
      vertex 4.61723 7.24609 2.6
      vertex 4.65548 6.51958 2.6
    endloop
  endfacet
  facet normal 0 0 1
    outer loop
      vertex 4.52164 6.50045 2.6
      vertex 4.65548 6.51958 2.6
      vertex 4.61723 7.24609 2.6
    endloop
  endfacet
  facet normal -0 0 1
    outer loop
      vertex 4.48342 7.28434 2.6
      vertex 4.61723 7.24609 2.6
      vertex 4.54076 7.28434 2.6
    endloop
  endfacet
  facet normal 0 0 1
    outer loop
      vertex 4.65548 6.51958 2.6
      vertex 4.52164 6.50045 2.6
      vertex 4.63635 6.50045 2.6
    endloop
  endfacet
  facet normal 0 0 1
    outer loop
      vertex 4.61723 7.24609 2.6
      vertex 4.48342 7.28434 2.6
      vertex 4.52164 6.50045 2.6
    endloop
  endfacet
  facet normal -0 0 1
    outer loop
      vertex 4.40692 7.30346 2.6
      vertex 4.48342 7.28434 2.6
      vertex 4.46429 7.30346 2.6
    endloop
  endfacet
  facet normal 0 0 1
    outer loop
      vertex 4.48342 7.28434 2.6
      vertex 4.40692 7.30346 2.6
      vertex 4.52164 6.50045 2.6
    endloop
  endfacet
  facet normal 0 0 1
    outer loop
      vertex 4.40692 7.30346 2.6
      vertex 4.38782 6.46223 2.6
      vertex 4.52164 6.50045 2.6
    endloop
  endfacet
  facet normal 0 0 1
    outer loop
      vertex 4.40692 7.30346 2.6
      vertex 4.2922 6.46223 2.6
      vertex 4.38782 6.46223 2.6
    endloop
  endfacet
  facet normal 0 0 1
    outer loop
      vertex 4.15839 6.44311 2.6
      vertex 4.2922 6.46223 2.6
      vertex 4.40692 7.30346 2.6
    endloop
  endfacet
  facet normal 0 0 1
    outer loop
      vertex 4.2922 6.46223 2.6
      vertex 4.15839 6.44311 2.6
      vertex 4.27311 6.44311 2.6
    endloop
  endfacet
  facet normal 0 0 1
    outer loop
      vertex 3.85249 7.4564 2.6
      vertex 4.15839 6.44311 2.6
      vertex 4.40692 7.30346 2.6
    endloop
  endfacet
  facet normal 0 -0 1
    outer loop
      vertex 3.92896 6.40486 2.6
      vertex 4.15839 6.44311 2.6
      vertex 3.85249 7.4564 2.6
    endloop
  endfacet
  facet normal 0 0 1
    outer loop
      vertex 4.15839 6.44311 2.6
      vertex 3.92896 6.40486 2.6
      vertex 4.02455 6.40486 2.6
    endloop
  endfacet
  facet normal -0 0 1
    outer loop
      vertex 3.776 7.4564 2.6
      vertex 3.92896 6.40486 2.6
      vertex 3.85249 7.4564 2.6
    endloop
  endfacet
  facet normal 0 0 1
    outer loop
      vertex 3.92896 6.40486 2.6
      vertex 3.81424 6.38574 2.6
      vertex 3.90984 6.38574 2.6
    endloop
  endfacet
  facet normal 0 0 1
    outer loop
      vertex 3.92896 6.40486 2.6
      vertex 3.776 7.4564 2.6
      vertex 3.81424 6.38574 2.6
    endloop
  endfacet
  facet normal 0 0 1
    outer loop
      vertex 3.6804 6.36664 2.6
      vertex 3.81424 6.38574 2.6
      vertex 3.776 7.4564 2.6
    endloop
  endfacet
  facet normal 0 0 1
    outer loop
      vertex 3.52747 7.51377 2.6
      vertex 3.776 7.4564 2.6
      vertex 3.75687 7.47552 2.6
    endloop
  endfacet
  facet normal 0 0 1
    outer loop
      vertex 3.81424 6.38574 2.6
      vertex 3.6804 6.36664 2.6
      vertex 3.79512 6.36664 2.6
    endloop
  endfacet
  facet normal 0 0 1
    outer loop
      vertex 3.776 7.4564 2.6
      vertex 3.52747 7.51377 2.6
      vertex 3.6804 6.36664 2.6
    endloop
  endfacet
  facet normal 0 0 1
    outer loop
      vertex 3.45097 6.32839 2.6
      vertex 3.6804 6.36664 2.6
      vertex 3.52747 7.51377 2.6
    endloop
  endfacet
  facet normal 0 0 1
    outer loop
      vertex 3.6804 6.36664 2.6
      vertex 3.45097 6.32839 2.6
      vertex 3.54656 6.32839 2.6
    endloop
  endfacet
  facet normal 0 0 1
    outer loop
      vertex 3.31716 6.30927 2.6
      vertex 3.45097 6.32839 2.6
      vertex 3.52747 7.51377 2.6
    endloop
  endfacet
  facet normal 0 0 1
    outer loop
      vertex 3.31716 6.30927 2.6
      vertex 3.52747 7.51377 2.6
      vertex 3.35538 7.57112 2.6
    endloop
  endfacet
  facet normal 0 0 1
    outer loop
      vertex 3.45097 6.32839 2.6
      vertex 3.31716 6.30927 2.6
      vertex 3.43185 6.30927 2.6
    endloop
  endfacet
  facet normal 0 0 1
    outer loop
      vertex 3.18332 7.59024 2.6
      vertex 3.31716 6.30927 2.6
      vertex 3.35538 7.57112 2.6
    endloop
  endfacet
  facet normal 0 0 1
    outer loop
      vertex 3.08773 6.27105 2.6
      vertex 3.31716 6.30927 2.6
      vertex 3.18332 7.59024 2.6
    endloop
  endfacet
  facet normal 0 0 1
    outer loop
      vertex 2.97301 6.25192 2.6
      vertex 3.18332 7.59024 2.6
      vertex 3.08773 7.62849 2.6
    endloop
  endfacet
  facet normal 0 0 1
    outer loop
      vertex 3.31716 6.30927 2.6
      vertex 3.08773 6.27105 2.6
      vertex 3.18332 6.27105 2.6
    endloop
  endfacet
  facet normal 0 0 1
    outer loop
      vertex 3.18332 7.59024 2.6
      vertex 2.97301 6.25192 2.6
      vertex 3.08773 6.27105 2.6
    endloop
  endfacet
  facet normal 0 0 1
    outer loop
      vertex 3.08773 6.27105 2.6
      vertex 2.97301 6.25192 2.6
      vertex 3.0686 6.25192 2.6
    endloop
  endfacet
  facet normal 0 0 1
    outer loop
      vertex 2.8583 6.2328 2.6
      vertex 2.97301 6.25192 2.6
      vertex 3.08773 7.62849 2.6
    endloop
  endfacet
  facet normal 0 0 1
    outer loop
      vertex 2.97301 6.25192 2.6
      vertex 2.8583 6.2328 2.6
      vertex 2.95389 6.2328 2.6
    endloop
  endfacet
  facet normal 0 0 1
    outer loop
      vertex 2.74358 6.21368 2.6
      vertex 2.8583 6.2328 2.6
      vertex 3.08773 7.62849 2.6
    endloop
  endfacet
  facet normal 0 0 1
    outer loop
      vertex 2.8583 6.2328 2.6
      vertex 2.74358 6.21368 2.6
      vertex 2.83917 6.21368 2.6
    endloop
  endfacet
  facet normal 0 0 1
    outer loop
      vertex 2.38031 7.76233 2.6
      vertex 2.74358 6.21368 2.6
      vertex 3.08773 7.62849 2.6
    endloop
  endfacet
  facet normal 0 0 1
    outer loop
      vertex 2.74358 6.21368 2.6
      vertex 2.62886 6.19455 2.6
      vertex 2.72445 6.19455 2.6
    endloop
  endfacet
  facet normal 0 0 1
    outer loop
      vertex 2.74358 6.21368 2.6
      vertex 2.38031 7.76233 2.6
      vertex 2.62886 6.19455 2.6
    endloop
  endfacet
  facet normal -0 0 1
    outer loop
      vertex 1.71116 7.24609 2.6
      vertex 2.62886 6.19455 2.6
      vertex 2.38031 7.76233 2.6
    endloop
  endfacet
  facet normal 0 0 1
    outer loop
      vertex 1.69204 7.4564 2.6
      vertex 2.38031 7.76233 2.6
      vertex 2.28471 7.87704 2.6
    endloop
  endfacet
  facet normal -0 0 1
    outer loop
      vertex 1.65379 7.09316 2.6
      vertex 2.62886 6.19455 2.6
      vertex 1.71116 7.24609 2.6
    endloop
  endfacet
  facet normal 0 -0 1
    outer loop
      vertex 2.26559 6.13721 2.6
      vertex 2.62886 6.19455 2.6
      vertex 1.65379 7.09316 2.6
    endloop
  endfacet
  facet normal 0 0 1
    outer loop
      vertex 1.69204 7.4564 2.6
      vertex 2.28471 7.87704 2.6
      vertex 2.07441 8.02998 2.6
    endloop
  endfacet
  facet normal 0 0 1
    outer loop
      vertex 2.62886 6.19455 2.6
      vertex 2.26559 6.13721 2.6
      vertex 2.60974 6.17543 2.6
    endloop
  endfacet
  facet normal -0 0 1
    outer loop
      vertex 1.5582 6.97844 2.6
      vertex 2.26559 6.13721 2.6
      vertex 1.65379 7.09316 2.6
    endloop
  endfacet
  facet normal 0 0 1
    outer loop
      vertex 2.26559 6.13721 2.6
      vertex 1.5582 6.97844 2.6
      vertex 2.15088 6.06071 2.6
    endloop
  endfacet
  facet normal -0 0 1
    outer loop
      vertex 1.38614 6.88285 2.6
      vertex 2.15088 6.06071 2.6
      vertex 1.5582 6.97844 2.6
    endloop
  endfacet
  facet normal 0 0 1
    outer loop
      vertex 1.06112 6.92107 2.6
      vertex 1.82585 5.18126 2.6
      vertex 1.82585 5.50628 2.6
    endloop
  endfacet
  facet normal 0 0 1
    outer loop
      vertex 1.61554 7.59024 2.6
      vertex 2.07441 8.02998 2.6
      vertex 1.73026 8.16382 2.6
    endloop
  endfacet
  facet normal 0 0 1
    outer loop
      vertex 2.15088 6.06071 2.6
      vertex 1.38614 6.88285 2.6
      vertex 1.95969 5.8504 2.6
    endloop
  endfacet
  facet normal -0 0 1
    outer loop
      vertex 1.15671 6.88285 2.6
      vertex 1.95969 5.8504 2.6
      vertex 1.38614 6.88285 2.6
    endloop
  endfacet
  facet normal 0 0 1
    outer loop
      vertex 1.95969 5.8504 2.6
      vertex 1.15671 6.88285 2.6
      vertex 1.8641 5.65922 2.6
    endloop
  endfacet
  facet normal 0 0 1
    outer loop
      vertex 1.8641 5.65922 2.6
      vertex 1.82585 5.50628 2.6
      vertex 1.84498 5.52538 2.6
    endloop
  endfacet
  facet normal 0 0 1
    outer loop
      vertex 2.4759 -1.79718 2.6
      vertex 1.5582 -3.02081 2.6
      vertex 1.82585 -3.19287 2.6
    endloop
  endfacet
  facet normal 0 0 1
    outer loop
      vertex 1.8641 5.65922 2.6
      vertex 1.15671 6.88285 2.6
      vertex 1.82585 5.50628 2.6
    endloop
  endfacet
  facet normal 0 0 1
    outer loop
      vertex 2.4759 -1.79718 2.6
      vertex 1.42436 -2.96344 2.6
      vertex 1.5582 -3.02081 2.6
    endloop
  endfacet
  facet normal 0 0 1
    outer loop
      vertex 1.06112 6.92107 2.6
      vertex 1.82585 5.50628 2.6
      vertex 1.15671 6.88285 2.6
    endloop
  endfacet
  facet normal 0 0 1
    outer loop
      vertex 1.82585 5.18126 2.6
      vertex 1.06112 6.92107 2.6
      vertex 0.908152 7.05491 2.6
    endloop
  endfacet
  facet normal 0 -0 1
    outer loop
      vertex 1.38614 -3.03993 2.6
      vertex 1.92147 4.22531 2.6
      vertex 0.908152 7.05491 2.6
    endloop
  endfacet
  facet normal 0 0 1
    outer loop
      vertex 1.38614 -3.21199 2.6
      vertex 1.21405 -6.02249 2.6
      vertex 1.30964 -6.27105 2.6
    endloop
  endfacet
  facet normal 0 0 1
    outer loop
      vertex 1.30964 -6.27105 2.6
      vertex 1.21405 -6.02249 2.6
      vertex 1.27142 -6.21368 2.6
    endloop
  endfacet
  facet normal 0 0 1
    outer loop
      vertex 1.92147 4.22531 2.6
      vertex 1.38614 -3.03993 2.6
      vertex 1.42436 -2.96344 2.6
    endloop
  endfacet
  facet normal 0 0 1
    outer loop
      vertex 1.38614 -3.21199 2.6
      vertex 1.06112 -5.6401 2.6
      vertex 1.21405 -6.02249 2.6
    endloop
  endfacet
  facet normal 0 0 1
    outer loop
      vertex 0.831683 7.20787 2.6
      vertex 1.38614 -3.03993 2.6
      vertex 0.908152 7.05491 2.6
    endloop
  endfacet
  facet normal 0 0 1
    outer loop
      vertex 1.21405 -6.02249 2.6
      vertex 1.06112 -5.6401 2.6
      vertex 1.15671 -5.9269 2.6
    endloop
  endfacet
  facet normal 0 0 1
    outer loop
      vertex 1.38614 -3.21199 2.6
      vertex 0.869904 -5.16214 2.6
      vertex 1.06112 -5.6401 2.6
    endloop
  endfacet
  facet normal 0 0 1
    outer loop
      vertex 0.812559 -5.06654 2.6
      vertex 1.38614 -3.03993 2.6
      vertex 0.831683 7.20787 2.6
    endloop
  endfacet
  facet normal 0 0 1
    outer loop
      vertex 1.06112 -5.6401 2.6
      vertex 0.869904 -5.16214 2.6
      vertex 0.965495 -5.44891 2.6
    endloop
  endfacet
  facet normal 0 0 1
    outer loop
      vertex 1.38614 -3.03993 2.6
      vertex 0.812559 -5.06654 2.6
      vertex 1.38614 -3.21199 2.6
    endloop
  endfacet
  facet normal 0 0 1
    outer loop
      vertex 1.38614 -3.21199 2.6
      vertex 0.812559 -5.06654 2.6
      vertex 0.869904 -5.16214 2.6
    endloop
  endfacet
  facet normal 0 0 1
    outer loop
      vertex 3.71865 -7.11228 2.6
      vertex 3.75687 -7.30346 2.6
      vertex 3.75687 -7.20787 2.6
    endloop
  endfacet
  facet normal 0 0 1
    outer loop
      vertex 3.71865 -7.11228 2.6
      vertex 3.69953 -7.4373 2.6
      vertex 3.75687 -7.30346 2.6
    endloop
  endfacet
  facet normal 0 0 1
    outer loop
      vertex 3.71865 -7.11228 2.6
      vertex 3.60394 -7.57112 2.6
      vertex 3.69953 -7.4373 2.6
    endloop
  endfacet
  facet normal 0 0 1
    outer loop
      vertex 3.71865 -7.11228 2.6
      vertex 3.31716 -7.85792 2.6
      vertex 3.60394 -7.57112 2.6
    endloop
  endfacet
  facet normal 0 0 1
    outer loop
      vertex 3.04948 -6.17543 2.6
      vertex 3.31716 -7.85792 2.6
      vertex 3.71865 -7.11228 2.6
    endloop
  endfacet
  facet normal -0 0 1
    outer loop
      vertex 1.76851 -7.39906 2.6
      vertex 3.31716 -7.85792 2.6
      vertex 3.04948 -6.17543 2.6
    endloop
  endfacet
  facet normal 0 0 1
    outer loop
      vertex 3.31716 -7.85792 2.6
      vertex 1.76851 -7.39906 2.6
      vertex 3.04948 -8.0491 2.6
    endloop
  endfacet
  facet normal 0 0 1
    outer loop
      vertex 1.48173 -6.69166 2.6
      vertex 3.04948 -6.17543 2.6
      vertex 2.7627 -5.73569 2.6
    endloop
  endfacet
  facet normal -0 -0 1
    outer loop
      vertex 1.90235 -7.72408 2.6
      vertex 3.04948 -8.0491 2.6
      vertex 1.76851 -7.39906 2.6
    endloop
  endfacet
  facet normal 0 0 1
    outer loop
      vertex 1.48173 -6.69166 2.6
      vertex 2.7627 -5.73569 2.6
      vertex 2.70533 -5.67834 2.6
    endloop
  endfacet
  facet normal 0 0 1
    outer loop
      vertex 3.04948 -8.0491 2.6
      vertex 2.74358 -8.20204 2.6
      vertex 2.78183 -8.20204 2.6
    endloop
  endfacet
  facet normal 0 0 1
    outer loop
      vertex 3.04948 -8.0491 2.6
      vertex 1.90235 -7.72408 2.6
      vertex 2.74358 -8.20204 2.6
    endloop
  endfacet
  facet normal 0 0 1
    outer loop
      vertex 2.74358 -8.20204 2.6
      vertex 2.05528 -8.1447 2.6
      vertex 2.60974 -8.27854 2.6
    endloop
  endfacet
  facet normal 0 0 1
    outer loop
      vertex 2.60974 -8.27854 2.6
      vertex 2.05528 -8.1447 2.6
      vertex 2.43768 -8.33588 2.6
    endloop
  endfacet
  facet normal 0 0 1
    outer loop
      vertex 1.30964 -6.27105 2.6
      vertex 2.70533 -5.67834 2.6
      vertex 2.15088 -4.83711 2.6
    endloop
  endfacet
  facet normal -0 -0 1
    outer loop
      vertex 2.11266 -8.25941 2.6
      vertex 2.43768 -8.33588 2.6
      vertex 2.05528 -8.1447 2.6
    endloop
  endfacet
  facet normal 0 0 1
    outer loop
      vertex 2.43768 -8.33588 2.6
      vertex 2.11266 -8.25941 2.6
      vertex 2.2465 -8.355 2.6
    endloop
  endfacet
  facet normal 0 0 1
    outer loop
      vertex 2.2465 -8.355 2.6
      vertex 2.11266 -8.25941 2.6
      vertex 2.17 -8.31676 2.6
    endloop
  endfacet
  facet normal 0 0 1
    outer loop
      vertex 1.30964 -6.27105 2.6
      vertex 2.15088 -4.83711 2.6
      vertex 1.8641 -4.35912 2.6
    endloop
  endfacet
  facet normal -0 -0 1
    outer loop
      vertex 2.05528 -8.1447 2.6
      vertex 2.74358 -8.20204 2.6
      vertex 1.90235 -7.72408 2.6
    endloop
  endfacet
  facet normal 0 0 1
    outer loop
      vertex 1.76851 -4.18706 2.6
      vertex 1.8641 -4.35912 2.6
      vertex 1.80676 -4.22531 2.6
    endloop
  endfacet
  facet normal 0 0 1
    outer loop
      vertex 1.8641 -4.35912 2.6
      vertex 1.76851 -4.18706 2.6
      vertex 1.30964 -6.27105 2.6
    endloop
  endfacet
  facet normal 0 0 1
    outer loop
      vertex 1.90235 -7.72408 2.6
      vertex 1.76851 -7.39906 2.6
      vertex 1.84498 -7.62849 2.6
    endloop
  endfacet
  facet normal 0 0 1
    outer loop
      vertex 3.04948 -6.17543 2.6
      vertex 1.51995 -6.78726 2.6
      vertex 1.71116 -7.30346 2.6
    endloop
  endfacet
  facet normal 0 0 1
    outer loop
      vertex 1.30964 -6.27105 2.6
      vertex 1.76851 -4.18706 2.6
      vertex 1.5582 -3.76645 2.6
    endloop
  endfacet
  facet normal 0 0 1
    outer loop
      vertex 3.04948 -6.17543 2.6
      vertex 1.71116 -7.30346 2.6
      vertex 1.76851 -7.39906 2.6
    endloop
  endfacet
  facet normal 0 0 1
    outer loop
      vertex 3.04948 -6.17543 2.6
      vertex 1.48173 -6.69166 2.6
      vertex 1.51995 -6.78726 2.6
    endloop
  endfacet
  facet normal 0 0 1
    outer loop
      vertex 1.30964 -6.27105 2.6
      vertex 1.5582 -3.76645 2.6
      vertex 1.42436 -3.40318 2.6
    endloop
  endfacet
  facet normal 0 -0 1
    outer loop
      vertex 1.42436 -6.59604 2.6
      vertex 2.70533 -5.67834 2.6
      vertex 1.30964 -6.27105 2.6
    endloop
  endfacet
  facet normal 0 0 1
    outer loop
      vertex 1.38614 -3.21199 2.6
      vertex 1.42436 -3.40318 2.6
      vertex 1.40524 -3.23112 2.6
    endloop
  endfacet
  facet normal 0 0 1
    outer loop
      vertex 1.42436 -3.40318 2.6
      vertex 1.38614 -3.21199 2.6
      vertex 1.30964 -6.27105 2.6
    endloop
  endfacet
  facet normal 0 0 1
    outer loop
      vertex 2.70533 -5.67834 2.6
      vertex 1.42436 -6.59604 2.6
      vertex 1.48173 -6.69166 2.6
    endloop
  endfacet
  facet normal 0 0 1
    outer loop
      vertex 1.51995 -6.78726 2.6
      vertex 1.48173 -6.69166 2.6
      vertex 1.48173 -6.72988 2.6
    endloop
  endfacet
  facet normal 0 0 1
    outer loop
      vertex 1.06112 -6.48136 2.6
      vertex -1.04199 -6.38574 2.6
      vertex -1.06112 -6.48136 2.6
    endloop
  endfacet
  facet normal 0 0 1
    outer loop
      vertex -0.81256 -5.21948 2.6
      vertex -0.793436 -5.12389 2.6
      vertex -0.81256 -5.14301 2.6
    endloop
  endfacet
  facet normal 0 0 1
    outer loop
      vertex 1.06112 -6.48136 2.6
      vertex -1.06112 -6.48136 2.6
      vertex -1.08021 -6.57695 2.6
    endloop
  endfacet
  facet normal 0 0 1
    outer loop
      vertex -0.831683 -5.31507 2.6
      vertex -0.81256 -5.21948 2.6
      vertex -0.831683 -5.2386 2.6
    endloop
  endfacet
  facet normal 0 0 1
    outer loop
      vertex 1.09934 -6.67254 2.6
      vertex -1.09934 -6.67254 2.6
      vertex -1.11846 -6.76813 2.6
    endloop
  endfacet
  facet normal 0 0 1
    outer loop
      vertex -0.850807 -5.41069 2.6
      vertex -0.831683 -5.31507 2.6
      vertex -0.850807 -5.3342 2.6
    endloop
  endfacet
  facet normal 0 0 1
    outer loop
      vertex 1.13758 -6.86372 2.6
      vertex -1.11846 -6.76813 2.6
      vertex -1.15671 -6.97844 2.6
    endloop
  endfacet
  facet normal 0 0 1
    outer loop
      vertex -0.869904 -5.50628 2.6
      vertex -0.850807 -5.41069 2.6
      vertex -0.869904 -5.42979 2.6
    endloop
  endfacet
  facet normal 0 0 1
    outer loop
      vertex 1.38614 -8.1447 2.6
      vertex 1.09934 -8.73737 2.6
      vertex 1.19493 -8.68003 2.6
    endloop
  endfacet
  facet normal 0 0 1
    outer loop
      vertex 1.17583 -7.05491 2.6
      vertex -1.15671 -6.97844 2.6
      vertex -1.17583 -7.07403 2.6
    endloop
  endfacet
  facet normal 0 0 1
    outer loop
      vertex -0.889028 -5.60188 2.6
      vertex -0.869904 -5.50628 2.6
      vertex -0.889028 -5.52538 2.6
    endloop
  endfacet
  facet normal 0 0 1
    outer loop
      vertex 1.19493 -7.1505 2.6
      vertex -1.17583 -7.07403 2.6
      vertex -1.19493 -7.16962 2.6
    endloop
  endfacet
  facet normal 0 0 1
    outer loop
      vertex -0.927276 -5.81218 2.6
      vertex -0.889028 -5.60188 2.6
      vertex -0.927276 -5.71659 2.6
    endloop
  endfacet
  facet normal 0 0 1
    outer loop
      vertex 0.716968 -8.83299 2.6
      vertex 0.50666 -8.87121 2.6
      vertex 0.697844 -8.85209 2.6
    endloop
  endfacet
  facet normal 0 0 1
    outer loop
      vertex 0.296351 -8.90946 2.6
      vertex -0.334572 -8.89034 2.6
      vertex -0.315475 -8.90946 2.6
    endloop
  endfacet
  facet normal 0 0 1
    outer loop
      vertex -0.9464 -5.90778 2.6
      vertex -0.927276 -5.81218 2.6
      vertex -0.9464 -5.83131 2.6
    endloop
  endfacet
  facet normal 0 0 1
    outer loop
      vertex 1.32877 -7.85792 2.6
      vertex 0.50666 -8.87121 2.6
      vertex 0.716968 -8.83299 2.6
    endloop
  endfacet
  facet normal 0 0 1
    outer loop
      vertex -0.965496 -6.00337 2.6
      vertex -0.9464 -5.90778 2.6
      vertex -0.965496 -5.9269 2.6
    endloop
  endfacet
  facet normal 0 0 1
    outer loop
      vertex 0.50666 -8.87121 2.6
      vertex 0.315475 -8.89034 2.6
      vertex 0.487535 -8.89034 2.6
    endloop
  endfacet
  facet normal 0 0 1
    outer loop
      vertex -0.98462 -6.09896 2.6
      vertex -0.965496 -6.00337 2.6
      vertex -0.98462 -6.02249 2.6
    endloop
  endfacet
  facet normal 0 0 1
    outer loop
      vertex 1.29052 -7.66671 2.6
      vertex 0.315475 -8.89034 2.6
      vertex 0.50666 -8.87121 2.6
    endloop
  endfacet
  facet normal 0 0 1
    outer loop
      vertex -1.00374 -6.19455 2.6
      vertex -0.98462 -6.09896 2.6
      vertex -1.00374 -6.11808 2.6
    endloop
  endfacet
  facet normal 0 0 1
    outer loop
      vertex 1.21405 -7.26522 2.6
      vertex -1.19493 -7.16962 2.6
      vertex -1.21405 -7.26522 2.6
    endloop
  endfacet
  facet normal 0 0 1
    outer loop
      vertex -1.02287 -6.29014 2.6
      vertex -1.00374 -6.19455 2.6
      vertex -1.02287 -6.21368 2.6
    endloop
  endfacet
  facet normal 0 0 1
    outer loop
      vertex -0.334572 -8.89034 2.6
      vertex -0.50666 -8.87121 2.6
      vertex -0.487535 -8.89034 2.6
    endloop
  endfacet
  facet normal 0 0 1
    outer loop
      vertex -1.04199 -6.38574 2.6
      vertex -1.02287 -6.29014 2.6
      vertex -1.04199 -6.30927 2.6
    endloop
  endfacet
  facet normal 0 0 1
    outer loop
      vertex 1.21405 -7.26522 2.6
      vertex -1.21405 -7.26522 2.6
      vertex -1.2523 -7.47552 2.6
    endloop
  endfacet
  facet normal 0 0 1
    outer loop
      vertex -1.06112 -6.48136 2.6
      vertex -1.04199 -6.38574 2.6
      vertex -1.06112 -6.40486 2.6
    endloop
  endfacet
  facet normal 0 0 1
    outer loop
      vertex 1.2523 -7.4564 2.6
      vertex -1.2523 -7.47552 2.6
      vertex 0.315475 -8.89034 2.6
    endloop
  endfacet
  facet normal 0 0 1
    outer loop
      vertex -1.08021 -6.57695 2.6
      vertex -1.06112 -6.48136 2.6
      vertex -1.08021 -6.50045 2.6
    endloop
  endfacet
  facet normal 0 0 1
    outer loop
      vertex -0.50666 -8.87121 2.6
      vertex -0.621376 -8.85209 2.6
      vertex -0.602252 -8.87121 2.6
    endloop
  endfacet
  facet normal 0 0 1
    outer loop
      vertex -1.09934 -6.67254 2.6
      vertex -1.08021 -6.57695 2.6
      vertex -1.09934 -6.59604 2.6
    endloop
  endfacet
  facet normal 0 -0 1
    outer loop
      vertex -0.334572 -8.89034 2.6
      vertex 0.315475 -8.89034 2.6
      vertex -1.2523 -7.47552 2.6
    endloop
  endfacet
  facet normal 0 0 1
    outer loop
      vertex 0.315475 -8.89034 2.6
      vertex -0.334572 -8.89034 2.6
      vertex 0.296351 -8.90946 2.6
    endloop
  endfacet
  facet normal 0 0 1
    outer loop
      vertex -1.11846 -6.76813 2.6
      vertex -1.09934 -6.67254 2.6
      vertex -1.11846 -6.69166 2.6
    endloop
  endfacet
  facet normal -0 0 1
    outer loop
      vertex -1.27142 -7.57112 2.6
      vertex -0.334572 -8.89034 2.6
      vertex -1.2523 -7.47552 2.6
    endloop
  endfacet
  facet normal 0 0 1
    outer loop
      vertex -1.15671 -6.97844 2.6
      vertex -1.11846 -6.76813 2.6
      vertex -1.15671 -6.88285 2.6
    endloop
  endfacet
  facet normal -0 0 1
    outer loop
      vertex -1.29052 -7.66671 2.6
      vertex -0.334572 -8.89034 2.6
      vertex -1.27142 -7.57112 2.6
    endloop
  endfacet
  facet normal 0 0 1
    outer loop
      vertex -1.17583 -7.07403 2.6
      vertex -1.15671 -6.97844 2.6
      vertex -1.17583 -6.99756 2.6
    endloop
  endfacet
  facet normal 0 0 1
    outer loop
      vertex -0.334572 -8.89034 2.6
      vertex -1.29052 -7.66671 2.6
      vertex -0.50666 -8.87121 2.6
    endloop
  endfacet
  facet normal 0 0 1
    outer loop
      vertex -1.19493 -7.16962 2.6
      vertex -1.17583 -7.07403 2.6
      vertex -1.19493 -7.09316 2.6
    endloop
  endfacet
  facet normal -0 0 1
    outer loop
      vertex -1.30964 -7.76233 2.6
      vertex -0.50666 -8.87121 2.6
      vertex -1.29052 -7.66671 2.6
    endloop
  endfacet
  facet normal 0 0 1
    outer loop
      vertex -1.21405 -7.26522 2.6
      vertex -1.19493 -7.16962 2.6
      vertex -1.21405 -7.18875 2.6
    endloop
  endfacet
  facet normal 0 0 1
    outer loop
      vertex -0.50666 -8.87121 2.6
      vertex -1.30964 -7.76233 2.6
      vertex -0.621376 -8.85209 2.6
    endloop
  endfacet
  facet normal 0 0 1
    outer loop
      vertex -1.2523 -7.47552 2.6
      vertex -1.21405 -7.26522 2.6
      vertex -1.2523 -7.37993 2.6
    endloop
  endfacet
  facet normal -0 -0 1
    outer loop
      vertex -0.869904 -8.79474 2.6
      vertex -0.621376 -8.85209 2.6
      vertex -1.30964 -7.76233 2.6
    endloop
  endfacet
  facet normal 0 0 1
    outer loop
      vertex -1.27142 -7.57112 2.6
      vertex -1.2523 -7.47552 2.6
      vertex -1.27142 -7.49465 2.6
    endloop
  endfacet
  facet normal 0 0 1
    outer loop
      vertex -0.621376 -8.85209 2.6
      vertex -0.869904 -8.79474 2.6
      vertex -0.697844 -8.85209 2.6
    endloop
  endfacet
  facet normal 0 0 1
    outer loop
      vertex -1.29052 -7.66671 2.6
      vertex -1.27142 -7.57112 2.6
      vertex -1.29052 -7.59024 2.6
    endloop
  endfacet
  facet normal -0 -0 1
    outer loop
      vertex -1.09934 -8.73737 2.6
      vertex -0.869904 -8.79474 2.6
      vertex -1.30964 -7.76233 2.6
    endloop
  endfacet
  facet normal 0 0 1
    outer loop
      vertex -1.30964 -7.76233 2.6
      vertex -1.29052 -7.66671 2.6
      vertex -1.30964 -7.68583 2.6
    endloop
  endfacet
  facet normal 0 0 1
    outer loop
      vertex -0.869904 -8.79474 2.6
      vertex -1.09934 -8.73737 2.6
      vertex -0.927276 -8.79474 2.6
    endloop
  endfacet
  facet normal -0 0 1
    outer loop
      vertex -1.32877 -7.78142 2.6
      vertex -1.09934 -8.73737 2.6
      vertex -1.30964 -7.76233 2.6
    endloop
  endfacet
  facet normal -0 0 1
    outer loop
      vertex -1.44348 -8.43147 2.6
      vertex -1.09934 -8.73737 2.6
      vertex -1.32877 -7.78142 2.6
    endloop
  endfacet
  facet normal 0 0 1
    outer loop
      vertex -1.09934 -8.73737 2.6
      vertex -1.44348 -8.43147 2.6
      vertex -1.32877 -8.62268 2.6
    endloop
  endfacet
  facet normal 0 0 1
    outer loop
      vertex -1.32877 -8.62268 2.6
      vertex -1.44348 -8.43147 2.6
      vertex -1.40524 -8.54619 2.6
    endloop
  endfacet
  facet normal -0 0 1
    outer loop
      vertex -1.53908 -3.7282 2.6
      vertex -0.81256 -5.04742 2.6
      vertex -1.44348 -3.47967 2.6
    endloop
  endfacet
  facet normal 0 0 1
    outer loop
      vertex -1.27142 -6.17543 2.6
      vertex -1.30964 -6.27105 2.6
      vertex -1.27142 -6.21368 2.6
    endloop
  endfacet
  facet normal -0 0 1
    outer loop
      vertex -1.76851 -4.18706 2.6
      vertex -0.81256 -5.04742 2.6
      vertex -1.53908 -3.7282 2.6
    endloop
  endfacet
  facet normal 0 0 1
    outer loop
      vertex -1.30964 -6.27105 2.6
      vertex -1.34789 -6.36664 2.6
      vertex -1.30964 -6.30927 2.6
    endloop
  endfacet
  facet normal -0 0 1
    outer loop
      vertex -1.80676 -4.22531 2.6
      vertex -0.81256 -5.04742 2.6
      vertex -1.76851 -4.18706 2.6
    endloop
  endfacet
  facet normal 0 0 1
    outer loop
      vertex -0.81256 -5.04742 2.6
      vertex -2.01706 -4.6268 2.6
      vertex -0.98462 -5.44891 2.6
    endloop
  endfacet
  facet normal -0 0 1
    outer loop
      vertex -2.01706 -4.6268 2.6
      vertex -0.81256 -5.04742 2.6
      vertex -1.80676 -4.22531 2.6
    endloop
  endfacet
  facet normal 0 0 1
    outer loop
      vertex 0.831683 7.20787 2.6
      vertex -1.78763 4.24441 2.6
      vertex -1.84498 4.07235 2.6
    endloop
  endfacet
  facet normal 0 0 1
    outer loop
      vertex -1.63467 5.37244 2.6
      vertex -1.15671 6.69166 2.6
      vertex -1.5582 6.13721 2.6
    endloop
  endfacet
  facet normal 0 0 1
    outer loop
      vertex 0.831683 7.20787 2.6
      vertex -1.63467 5.37244 2.6
      vertex -1.78763 4.24441 2.6
    endloop
  endfacet
  facet normal 0 0 1
    outer loop
      vertex -1.78763 4.24441 2.6
      vertex -1.63467 5.37244 2.6
      vertex -1.74938 5.20036 2.6
    endloop
  endfacet
  facet normal -0 0 1
    outer loop
      vertex -1.38614 -3.21199 2.6
      vertex 0.812559 -5.06654 2.6
      vertex -1.38614 -3.02081 2.6
    endloop
  endfacet
  facet normal 0 0 1
    outer loop
      vertex 0.812559 -5.06654 2.6
      vertex -1.42436 -2.96344 2.6
      vertex -1.38614 -3.02081 2.6
    endloop
  endfacet
  facet normal -0 0 1
    outer loop
      vertex -1.99794 3.74732 2.6
      vertex -1.42436 -2.96344 2.6
      vertex -1.84498 4.07235 2.6
    endloop
  endfacet
  facet normal -0 0 1
    outer loop
      vertex -2.20825 3.46055 2.6
      vertex -1.42436 -2.96344 2.6
      vertex -1.99794 3.74732 2.6
    endloop
  endfacet
  facet normal -0 0 1
    outer loop
      vertex -2.4759 -1.75896 2.6
      vertex -1.42436 -2.96344 2.6
      vertex -2.20825 3.46055 2.6
    endloop
  endfacet
  facet normal 0 0 1
    outer loop
      vertex -2.4759 -1.75896 2.6
      vertex -2.20825 3.46055 2.6
      vertex -2.4759 3.21199 2.6
    endloop
  endfacet
  facet normal -0 0 1
    outer loop
      vertex -2.4759 -1.79718 2.6
      vertex -1.42436 -2.96344 2.6
      vertex -2.4759 -1.75896 2.6
    endloop
  endfacet
  facet normal -0 0 1
    outer loop
      vertex -2.60974 -2.2178 2.6
      vertex -1.42436 -2.96344 2.6
      vertex -2.4759 -1.79718 2.6
    endloop
  endfacet
  facet normal -0 0 1
    outer loop
      vertex -2.68621 -2.37076 2.6
      vertex -1.42436 -2.96344 2.6
      vertex -2.60974 -2.2178 2.6
    endloop
  endfacet
  facet normal 0 0 1
    outer loop
      vertex -1.42436 -2.96344 2.6
      vertex -2.68621 -2.37076 2.6
      vertex -2.72446 -2.5237 2.6
    endloop
  endfacet
  facet normal 0 0 1
    outer loop
      vertex -1.42436 -2.96344 2.6
      vertex -2.72446 -2.5237 2.6
      vertex -2.4568 -3.53702 2.6
    endloop
  endfacet
  facet normal -0 0 1
    outer loop
      vertex -2.7627 -2.58107 2.6
      vertex -2.4568 -3.53702 2.6
      vertex -2.72446 -2.5237 2.6
    endloop
  endfacet
  facet normal -0 0 1
    outer loop
      vertex -2.89652 -2.98256 2.6
      vertex -2.4568 -3.53702 2.6
      vertex -2.7627 -2.58107 2.6
    endloop
  endfacet
  facet normal -0 0 1
    outer loop
      vertex -3.27891 -3.46055 2.6
      vertex -2.4568 -3.53702 2.6
      vertex -2.89652 -2.98256 2.6
    endloop
  endfacet
  facet normal 0 0 1
    outer loop
      vertex -2.4568 -3.53702 2.6
      vertex -3.27891 -3.46055 2.6
      vertex -2.89652 -4.09147 2.6
    endloop
  endfacet
  facet normal 0 0 1
    outer loop
      vertex -3.75687 -4.015 2.6
      vertex -3.0686 -4.58856 2.6
      vertex -3.0686 -4.37825 2.6
    endloop
  endfacet
  facet normal 0 0 1
    outer loop
      vertex -3.01123 -5.35332 2.6
      vertex -3.75687 -5.14301 2.6
      vertex -3.0686 -5.46804 2.6
    endloop
  endfacet
  facet normal -0 0 1
    outer loop
      vertex -3.39363 -3.63261 2.6
      vertex -2.89652 -4.09147 2.6
      vertex -3.27891 -3.46055 2.6
    endloop
  endfacet
  facet normal 0 0 1
    outer loop
      vertex -2.89652 -4.09147 2.6
      vertex -3.39363 -3.63261 2.6
      vertex -3.0686 -4.37825 2.6
    endloop
  endfacet
  facet normal -0 0 1
    outer loop
      vertex -3.75687 -4.015 2.6
      vertex -3.0686 -4.37825 2.6
      vertex -3.39363 -3.63261 2.6
    endloop
  endfacet
  facet normal 0 0 1
    outer loop
      vertex -3.90984 -4.87536 2.6
      vertex -3.0686 -4.58856 2.6
      vertex -3.75687 -4.015 2.6
    endloop
  endfacet
  facet normal 0 -0 1
    outer loop
      vertex -3.60394 -5.56363 2.6
      vertex -3.1642 -5.56363 2.6
      vertex -3.75687 -5.14301 2.6
    endloop
  endfacet
  facet normal 0 0 1
    outer loop
      vertex -3.1642 -5.56363 2.6
      vertex -3.60394 -5.56363 2.6
      vertex -3.27891 -5.621 2.6
    endloop
  endfacet
  facet normal 0 0 1
    outer loop
      vertex -3.27891 -5.621 2.6
      vertex -3.60394 -5.56363 2.6
      vertex -3.48922 -5.621 2.6
    endloop
  endfacet
  facet normal 0 0 1
    outer loop
      vertex -3.0686 -5.46804 2.6
      vertex -3.75687 -5.14301 2.6
      vertex -3.1642 -5.56363 2.6
    endloop
  endfacet
  facet normal 0 0 1
    outer loop
      vertex -3.60394 -5.56363 2.6
      vertex -3.75687 -5.14301 2.6
      vertex -3.69953 -5.46804 2.6
    endloop
  endfacet
  facet normal 0 0 1
    outer loop
      vertex -3.69953 -5.46804 2.6
      vertex -3.75687 -5.14301 2.6
      vertex -3.75687 -5.35332 2.6
    endloop
  endfacet
  facet normal 0 0 1
    outer loop
      vertex -0.98462 -5.44891 2.6
      vertex -1.06112 -5.6401 2.6
      vertex -1.00374 -5.5445 2.6
    endloop
  endfacet
  facet normal -0 0 1
    outer loop
      vertex -2.43768 -5.25773 2.6
      vertex -1.06112 -5.6401 2.6
      vertex -2.01706 -4.6268 2.6
    endloop
  endfacet
  facet normal -0 0 1
    outer loop
      vertex -2.4568 -5.31507 2.6
      vertex -1.06112 -5.6401 2.6
      vertex -2.43768 -5.25773 2.6
    endloop
  endfacet
  facet normal 0 0 1
    outer loop
      vertex -1.40524 -3.32671 2.6
      vertex -1.38614 -3.21199 2.6
      vertex -1.40524 -3.23112 2.6
    endloop
  endfacet
  facet normal 0 0 1
    outer loop
      vertex -1.06112 -5.6401 2.6
      vertex -2.4568 -5.31507 2.6
      vertex -1.08021 -5.73569 2.6
    endloop
  endfacet
  facet normal 0 0 1
    outer loop
      vertex -1.44348 -3.47967 2.6
      vertex -1.40524 -3.32671 2.6
      vertex -1.42436 -3.34583 2.6
    endloop
  endfacet
  facet normal 0 0 1
    outer loop
      vertex -1.08021 -5.73569 2.6
      vertex -2.4568 -5.31507 2.6
      vertex -1.27142 -6.17543 2.6
    endloop
  endfacet
  facet normal 0 0 1
    outer loop
      vertex -1.27142 -6.17543 2.6
      vertex -2.4568 -5.31507 2.6
      vertex -1.30964 -6.27105 2.6
    endloop
  endfacet
  facet normal 0 0 1
    outer loop
      vertex -1.30964 -6.27105 2.6
      vertex -2.4568 -5.31507 2.6
      vertex -1.34789 -6.36664 2.6
    endloop
  endfacet
  facet normal 0 -0 1
    outer loop
      vertex -1.38614 -6.46223 2.6
      vertex -1.34789 -6.36664 2.6
      vertex -2.4568 -5.31507 2.6
    endloop
  endfacet
  facet normal 0 0 1
    outer loop
      vertex -1.46261 -6.65342 2.6
      vertex -1.50083 -6.74901 2.6
      vertex -1.46261 -6.69166 2.6
    endloop
  endfacet
  facet normal 0 0 1
    outer loop
      vertex -1.34789 -6.36664 2.6
      vertex -1.38614 -6.46223 2.6
      vertex -1.34789 -6.40486 2.6
    endloop
  endfacet
  facet normal 0 0 1
    outer loop
      vertex -1.53908 -3.7282 2.6
      vertex -1.44348 -3.47967 2.6
      vertex -1.53908 -3.68998 2.6
    endloop
  endfacet
  facet normal 0 -0 1
    outer loop
      vertex -1.42436 -6.55782 2.6
      vertex -1.38614 -6.46223 2.6
      vertex -2.4568 -5.31507 2.6
    endloop
  endfacet
  facet normal 0 0 1
    outer loop
      vertex -1.38614 -6.46223 2.6
      vertex -1.42436 -6.55782 2.6
      vertex -1.38614 -6.50045 2.6
    endloop
  endfacet
  facet normal 0 -0 1
    outer loop
      vertex -1.46261 -6.65342 2.6
      vertex -1.42436 -6.55782 2.6
      vertex -2.4568 -5.31507 2.6
    endloop
  endfacet
  facet normal 0 0 1
    outer loop
      vertex -1.42436 -6.55782 2.6
      vertex -1.46261 -6.65342 2.6
      vertex -1.42436 -6.59604 2.6
    endloop
  endfacet
  facet normal 0 0 1
    outer loop
      vertex -1.46261 -6.65342 2.6
      vertex -2.4568 -5.31507 2.6
      vertex -1.50083 -6.74901 2.6
    endloop
  endfacet
  facet normal 0 0 1
    outer loop
      vertex -1.57732 -6.94019 2.6
      vertex -1.61554 -7.03578 2.6
      vertex -1.57732 -6.97844 2.6
    endloop
  endfacet
  facet normal 0 -0 1
    outer loop
      vertex -1.53908 -6.8446 2.6
      vertex -1.50083 -6.74901 2.6
      vertex -2.4568 -5.31507 2.6
    endloop
  endfacet
  facet normal 0 0 1
    outer loop
      vertex -1.61554 -7.03578 2.6
      vertex -1.65379 -7.13138 2.6
      vertex -1.61554 -7.07403 2.6
    endloop
  endfacet
  facet normal 0 0 1
    outer loop
      vertex -1.50083 -6.74901 2.6
      vertex -1.53908 -6.8446 2.6
      vertex -1.50083 -6.78726 2.6
    endloop
  endfacet
  facet normal 0 0 1
    outer loop
      vertex -1.65379 -7.13138 2.6
      vertex -1.69204 -7.227 2.6
      vertex -1.65379 -7.16962 2.6
    endloop
  endfacet
  facet normal 0 -0 1
    outer loop
      vertex -1.57732 -6.94019 2.6
      vertex -1.53908 -6.8446 2.6
      vertex -2.4568 -5.31507 2.6
    endloop
  endfacet
  facet normal 0 0 1
    outer loop
      vertex -1.69204 -7.227 2.6
      vertex -1.74938 -7.36081 2.6
      vertex -1.69204 -7.26522 2.6
    endloop
  endfacet
  facet normal 0 0 1
    outer loop
      vertex -1.53908 -6.8446 2.6
      vertex -1.57732 -6.94019 2.6
      vertex -1.53908 -6.88285 2.6
    endloop
  endfacet
  facet normal 0 0 1
    outer loop
      vertex -1.57732 -6.94019 2.6
      vertex -3.71865 -7.11228 2.6
      vertex -1.61554 -7.03578 2.6
    endloop
  endfacet
  facet normal 0 -0 1
    outer loop
      vertex -1.06112 -5.6401 2.6
      vertex -0.98462 -5.44891 2.6
      vertex -2.01706 -4.6268 2.6
    endloop
  endfacet
  facet normal 0 0 1
    outer loop
      vertex -1.61554 -7.03578 2.6
      vertex -3.71865 -7.11228 2.6
      vertex -1.65379 -7.13138 2.6
    endloop
  endfacet
  facet normal 0 0 1
    outer loop
      vertex -1.65379 -7.13138 2.6
      vertex -3.71865 -7.11228 2.6
      vertex -1.69204 -7.227 2.6
    endloop
  endfacet
  facet normal 0 0 1
    outer loop
      vertex -1.69204 -7.227 2.6
      vertex -3.71865 -7.11228 2.6
      vertex -1.74938 -7.36081 2.6
    endloop
  endfacet
  facet normal 0 0 1
    outer loop
      vertex -2.07441 -8.16382 2.6
      vertex -2.18912 -8.33588 2.6
      vertex -2.07441 -8.20204 2.6
    endloop
  endfacet
  facet normal 0 -0 1
    outer loop
      vertex -3.24066 -7.91526 2.6
      vertex -1.74938 -7.36081 2.6
      vertex -3.71865 -7.11228 2.6
    endloop
  endfacet
  facet normal 0 -0 1
    outer loop
      vertex -2.95389 -8.10645 2.6
      vertex -1.74938 -7.36081 2.6
      vertex -3.24066 -7.91526 2.6
    endloop
  endfacet
  facet normal 0 0 1
    outer loop
      vertex -3.71865 -7.11228 2.6
      vertex -1.57732 -6.94019 2.6
      vertex -2.4568 -5.31507 2.6
    endloop
  endfacet
  facet normal 0 0 1
    outer loop
      vertex -1.94057 -7.87704 2.6
      vertex -2.64799 -8.25941 2.6
      vertex -2.07441 -8.16382 2.6
    endloop
  endfacet
  facet normal 0 0 1
    outer loop
      vertex -2.07441 -8.16382 2.6
      vertex -2.36118 -8.355 2.6
      vertex -2.18912 -8.33588 2.6
    endloop
  endfacet
  facet normal 0 -0 1
    outer loop
      vertex -2.36118 -8.355 2.6
      vertex -2.07441 -8.16382 2.6
      vertex -2.64799 -8.25941 2.6
    endloop
  endfacet
  facet normal 0 -0 1
    outer loop
      vertex -2.64799 -8.25941 2.6
      vertex -1.94057 -7.87704 2.6
      vertex -2.95389 -8.10645 2.6
    endloop
  endfacet
  facet normal 0 0 1
    outer loop
      vertex -1.74938 -7.36081 2.6
      vertex -2.95389 -8.10645 2.6
      vertex -1.94057 -7.87704 2.6
    endloop
  endfacet
  facet normal 0 0 1
    outer loop
      vertex -3.24066 -7.91526 2.6
      vertex -3.71865 -7.11228 2.6
      vertex -3.58481 -7.59024 2.6
    endloop
  endfacet
  facet normal 0 0 1
    outer loop
      vertex -3.71865 -7.11228 2.6
      vertex -3.71865 -7.39906 2.6
      vertex -3.58481 -7.59024 2.6
    endloop
  endfacet
  facet normal 0 -0 1
    outer loop
      vertex -3.71865 -7.39906 2.6
      vertex -3.71865 -7.11228 2.6
      vertex -3.75687 -7.28434 2.6
    endloop
  endfacet
  facet normal 0 0 1
    outer loop
      vertex -3.75687 -5.14301 2.6
      vertex -3.776 -5.0283 2.6
      vertex -3.776 -5.12389 2.6
    endloop
  endfacet
  facet normal -0 0 1
    outer loop
      vertex -6.08941 -1.31922 2.6
      vertex -5.32465 -2.60019 2.6
      vertex -5.8982 -1.10891 2.6
    endloop
  endfacet
  facet normal 0 0 1
    outer loop
      vertex -5.32465 -2.60019 2.6
      vertex -5.42024 -2.61932 2.6
      vertex -5.34377 -2.61932 2.6
    endloop
  endfacet
  facet normal 0 0 1
    outer loop
      vertex -5.32465 -2.60019 2.6
      vertex -6.08941 -1.31922 2.6
      vertex -5.42024 -2.61932 2.6
    endloop
  endfacet
  facet normal 0 -0 1
    outer loop
      vertex -5.80261 -2.65754 2.6
      vertex -5.42024 -2.61932 2.6
      vertex -6.08941 -1.31922 2.6
    endloop
  endfacet
  facet normal 0 0 1
    outer loop
      vertex -5.42024 -2.61932 2.6
      vertex -5.80261 -2.65754 2.6
      vertex -5.43936 -2.63841 2.6
    endloop
  endfacet
  facet normal -0 0 1
    outer loop
      vertex -6.64387 -1.87368 2.6
      vertex -5.80261 -2.65754 2.6
      vertex -6.08941 -1.31922 2.6
    endloop
  endfacet
  facet normal -0 -0 1
    outer loop
      vertex -6.24235 -2.63841 2.6
      vertex -5.80261 -2.65754 2.6
      vertex -6.64387 -1.87368 2.6
    endloop
  endfacet
  facet normal 0 0 1
    outer loop
      vertex -5.80261 -2.65754 2.6
      vertex -6.24235 -2.63841 2.6
      vertex -5.82173 -2.67666 2.6
    endloop
  endfacet
  facet normal 0 0 1
    outer loop
      vertex -6.24235 -2.63841 2.6
      vertex -6.64387 -1.87368 2.6
      vertex -6.5865 -2.54282 2.6
    endloop
  endfacet
  facet normal -0 0 1
    outer loop
      vertex -6.87327 -2.06486 2.6
      vertex -6.5865 -2.54282 2.6
      vertex -6.64387 -1.87368 2.6
    endloop
  endfacet
  facet normal 0 0 1
    outer loop
      vertex -6.87327 -2.06486 2.6
      vertex -6.94977 -2.35164 2.6
      vertex -6.5865 -2.54282 2.6
    endloop
  endfacet
  facet normal -0 0 1
    outer loop
      vertex -7.02624 -2.23692 2.6
      vertex -6.94977 -2.35164 2.6
      vertex -6.87327 -2.06486 2.6
    endloop
  endfacet
  facet normal 0 0 1
    outer loop
      vertex -6.94977 -2.35164 2.6
      vertex -7.02624 -2.23692 2.6
      vertex -7.02624 -2.27517 2.6
    endloop
  endfacet
  facet normal -0 0 1
    outer loop
      vertex -7.4851 4.3209 2.6
      vertex -7.37038 2.5046 2.6
      vertex -7.46598 4.34003 2.6
    endloop
  endfacet
  facet normal -0 0 1
    outer loop
      vertex -7.54244 2.52369 2.6
      vertex -7.37038 2.5046 2.6
      vertex -7.4851 4.3209 2.6
    endloop
  endfacet
  facet normal 0 0 1
    outer loop
      vertex -7.54244 2.52369 2.6
      vertex -7.4851 4.3209 2.6
      vertex -7.54244 4.3209 2.6
    endloop
  endfacet
  facet normal 0 0 1
    outer loop
      vertex -7.37038 2.5046 2.6
      vertex -7.54244 2.52369 2.6
      vertex -7.52332 2.5046 2.6
    endloop
  endfacet
  facet normal 0 0 1
    outer loop
      vertex -7.77188 4.37825 2.6
      vertex -7.54244 4.3209 2.6
      vertex -7.56157 4.34003 2.6
    endloop
  endfacet
  facet normal 0 0 1
    outer loop
      vertex -8.0969 2.60019 2.6
      vertex -7.54244 4.3209 2.6
      vertex -7.77188 4.37825 2.6
    endloop
  endfacet
  facet normal 0 0 1
    outer loop
      vertex -7.54244 4.3209 2.6
      vertex -7.84834 2.56194 2.6
      vertex -7.54244 2.52369 2.6
    endloop
  endfacet
  facet normal 0 0 1
    outer loop
      vertex -8.03956 4.45471 2.6
      vertex -7.77188 4.37825 2.6
      vertex -7.84834 4.4165 2.6
    endloop
  endfacet
  facet normal 0 0 1
    outer loop
      vertex -7.54244 2.52369 2.6
      vertex -7.84834 2.56194 2.6
      vertex -7.82922 2.54282 2.6
    endloop
  endfacet
  facet normal 0 0 1
    outer loop
      vertex -7.54244 4.3209 2.6
      vertex -8.0969 2.60019 2.6
      vertex -7.84834 2.56194 2.6
    endloop
  endfacet
  facet normal 0 0 1
    outer loop
      vertex -8.32633 2.63841 2.6
      vertex -7.77188 4.37825 2.6
      vertex -8.03956 4.45471 2.6
    endloop
  endfacet
  facet normal 0 0 1
    outer loop
      vertex -7.84834 2.56194 2.6
      vertex -8.0969 2.60019 2.6
      vertex -7.96306 2.56194 2.6
    endloop
  endfacet
  facet normal 0 0 1
    outer loop
      vertex -7.77188 4.37825 2.6
      vertex -8.21162 2.61932 2.6
      vertex -8.0969 2.60019 2.6
    endloop
  endfacet
  facet normal 0 0 1
    outer loop
      vertex -8.0969 2.60019 2.6
      vertex -8.21162 2.61932 2.6
      vertex -8.19249 2.60019 2.6
    endloop
  endfacet
  facet normal 0 0 1
    outer loop
      vertex -7.77188 4.37825 2.6
      vertex -8.32633 2.63841 2.6
      vertex -8.21162 2.61932 2.6
    endloop
  endfacet
  facet normal 0 0 1
    outer loop
      vertex -8.21162 2.61932 2.6
      vertex -8.32633 2.63841 2.6
      vertex -8.30721 2.61932 2.6
    endloop
  endfacet
  facet normal 0 0 1
    outer loop
      vertex -8.68958 2.71491 2.6
      vertex -8.03956 4.45471 2.6
      vertex -8.44105 4.58856 2.6
    endloop
  endfacet
  facet normal 0 0 1
    outer loop
      vertex -8.59398 4.64593 2.6
      vertex -8.44105 4.58856 2.6
      vertex -8.49839 4.6268 2.6
    endloop
  endfacet
  facet normal 0 0 1
    outer loop
      vertex -9.07197 2.8105 2.6
      vertex -8.44105 4.58856 2.6
      vertex -8.59398 4.64593 2.6
    endloop
  endfacet
  facet normal 0 0 1
    outer loop
      vertex -8.03956 4.45471 2.6
      vertex -8.68958 2.71491 2.6
      vertex -8.32633 2.63841 2.6
    endloop
  endfacet
  facet normal 0 0 1
    outer loop
      vertex -8.32633 2.63841 2.6
      vertex -8.68958 2.71491 2.6
      vertex -8.59398 2.67666 2.6
    endloop
  endfacet
  facet normal 0 0 1
    outer loop
      vertex -8.44105 4.58856 2.6
      vertex -8.93813 2.77225 2.6
      vertex -8.68958 2.71491 2.6
    endloop
  endfacet
  facet normal -0 0 1
    outer loop
      vertex -8.82342 4.74152 2.6
      vertex -8.59398 4.64593 2.6
      vertex -8.7852 4.74152 2.6
    endloop
  endfacet
  facet normal 0 0 1
    outer loop
      vertex -9.47346 2.92521 2.6
      vertex -8.59398 4.64593 2.6
      vertex -8.82342 4.74152 2.6
    endloop
  endfacet
  facet normal -0 0 1
    outer loop
      vertex -8.95726 4.79886 2.6
      vertex -8.82342 4.74152 2.6
      vertex -8.91901 4.79886 2.6
    endloop
  endfacet
  facet normal 0 0 1
    outer loop
      vertex -8.68958 2.71491 2.6
      vertex -8.93813 2.77225 2.6
      vertex -8.76607 2.71491 2.6
    endloop
  endfacet
  facet normal 0 0 1
    outer loop
      vertex -9.79849 3.07815 2.6
      vertex -8.82342 4.74152 2.6
      vertex -8.95726 4.79886 2.6
    endloop
  endfacet
  facet normal 0 0 1
    outer loop
      vertex -8.44105 4.58856 2.6
      vertex -9.07197 2.8105 2.6
      vertex -8.93813 2.77225 2.6
    endloop
  endfacet
  facet normal 0 0 1
    outer loop
      vertex -8.93813 2.77225 2.6
      vertex -9.07197 2.8105 2.6
      vertex -8.9955 2.77225 2.6
    endloop
  endfacet
  facet normal 0 0 1
    outer loop
      vertex -8.59398 4.64593 2.6
      vertex -9.47346 2.92521 2.6
      vertex -9.07197 2.8105 2.6
    endloop
  endfacet
  facet normal 0 0 1
    outer loop
      vertex -10.1426 3.25024 2.6
      vertex -8.95726 4.79886 2.6
      vertex -9.3014 4.97095 2.6
    endloop
  endfacet
  facet normal 0 0 1
    outer loop
      vertex -9.72202 5.21948 2.6
      vertex -9.3014 4.97095 2.6
      vertex -9.33962 5.00917 2.6
    endloop
  endfacet
  facet normal 0 0 1
    outer loop
      vertex -9.07197 2.8105 2.6
      vertex -9.47346 2.92521 2.6
      vertex -9.12932 2.8105 2.6
    endloop
  endfacet
  facet normal 0 0 1
    outer loop
      vertex -9.3014 4.97095 2.6
      vertex -9.72202 5.21948 2.6
      vertex -10.6971 3.76645 2.6
    endloop
  endfacet
  facet normal 0 0 1
    outer loop
      vertex -8.82342 4.74152 2.6
      vertex -9.79849 3.07815 2.6
      vertex -9.47346 2.92521 2.6
    endloop
  endfacet
  facet normal 0 0 1
    outer loop
      vertex -8.95726 4.79886 2.6
      vertex -10.1426 3.25024 2.6
      vertex -9.79849 3.07815 2.6
    endloop
  endfacet
  facet normal 0 0 1
    outer loop
      vertex -11.0221 4.68415 2.6
      vertex -9.72202 5.21948 2.6
      vertex -9.97055 5.39157 2.6
    endloop
  endfacet
  facet normal 0 0 1
    outer loop
      vertex -9.79849 3.07815 2.6
      vertex -10.1426 3.25024 2.6
      vertex -9.83674 3.07815 2.6
    endloop
  endfacet
  facet normal 0 0 1
    outer loop
      vertex -9.3014 4.97095 2.6
      vertex -10.3338 3.38405 2.6
      vertex -10.1426 3.25024 2.6
    endloop
  endfacet
  facet normal 0 0 1
    outer loop
      vertex -9.3014 4.97095 2.6
      vertex -10.5059 3.53701 2.6
      vertex -10.3338 3.38405 2.6
    endloop
  endfacet
  facet normal -0 0 1
    outer loop
      vertex -10.9647 5.6401 2.6
      vertex -9.97055 5.39157 2.6
      vertex -10.6971 6.00337 2.6
    endloop
  endfacet
  facet normal 0 0 1
    outer loop
      vertex -9.72202 5.21948 2.6
      vertex -11.0221 4.68415 2.6
      vertex -11.003 4.49296 2.6
    endloop
  endfacet
  facet normal 0 0 1
    outer loop
      vertex -10.8692 5.90777 2.6
      vertex -10.6971 6.00337 2.6
      vertex -10.7927 6.00337 2.6
    endloop
  endfacet
  facet normal 0 0 1
    outer loop
      vertex -10.6971 6.00337 2.6
      vertex -10.8692 5.90777 2.6
      vertex -10.9647 5.6401 2.6
    endloop
  endfacet
  facet normal 0 0 1
    outer loop
      vertex -9.97055 5.39157 2.6
      vertex -11.003 5.41069 2.6
      vertex -11.0221 5.29598 2.6
    endloop
  endfacet
  facet normal 0 0 1
    outer loop
      vertex -9.97055 5.39157 2.6
      vertex -10.9647 5.6401 2.6
      vertex -11.003 5.41069 2.6
    endloop
  endfacet
  facet normal 0 0 1
    outer loop
      vertex -9.3014 4.97095 2.6
      vertex -10.6971 3.76645 2.6
      vertex -10.5059 3.53701 2.6
    endloop
  endfacet
  facet normal 0 0 1
    outer loop
      vertex -9.72202 5.21948 2.6
      vertex -10.9074 4.16794 2.6
      vertex -10.6971 3.76645 2.6
    endloop
  endfacet
  facet normal 0 0 1
    outer loop
      vertex -11.0221 5.29598 2.6
      vertex -11.003 5.41069 2.6
      vertex -11.0221 5.39157 2.6
    endloop
  endfacet
  facet normal 0 0 1
    outer loop
      vertex -9.97055 5.39157 2.6
      vertex -11.0221 5.29598 2.6
      vertex -11.0221 4.68415 2.6
    endloop
  endfacet
  facet normal 0 0 1
    outer loop
      vertex -9.72202 5.21948 2.6
      vertex -11.003 4.49296 2.6
      vertex -10.9074 4.16794 2.6
    endloop
  endfacet
  facet normal -0 0 1
    outer loop
      vertex -11.0412 5.27685 2.6
      vertex -11.0221 4.68415 2.6
      vertex -11.0221 5.29598 2.6
    endloop
  endfacet
  facet normal 0 0 1
    outer loop
      vertex -11.0221 4.68415 2.6
      vertex -11.0412 5.27685 2.6
      vertex -11.0412 4.70327 2.6
    endloop
  endfacet
  facet normal 0 0 1
    outer loop
      vertex -11.0986 2.25604 2.6
      vertex -11.1177 2.4281 2.6
      vertex -11.1177 2.27517 2.6
    endloop
  endfacet
  facet normal 0 -1 0
    outer loop
      vertex 0.315475 -8.89034 2
      vertex 0.487535 -8.89034 2.6
      vertex 0.315475 -8.89034 2.6
    endloop
  endfacet
  facet normal 0 -1 -0
    outer loop
      vertex 0.487535 -8.89034 2.6
      vertex 0.315475 -8.89034 2
      vertex 0.487535 -8.89034 2
    endloop
  endfacet
  facet normal 0.707199 -0.707014 0
    outer loop
      vertex 0.487535 -8.89034 2.6
      vertex 0.50666 -8.87121 2
      vertex 0.50666 -8.87121 2.6
    endloop
  endfacet
  facet normal 0.707199 -0.707014 0
    outer loop
      vertex 0.50666 -8.87121 2
      vertex 0.487535 -8.89034 2.6
      vertex 0.487535 -8.89034 2
    endloop
  endfacet
  facet normal 0.099512 -0.995036 0
    outer loop
      vertex 0.50666 -8.87121 2
      vertex 0.697844 -8.85209 2.6
      vertex 0.50666 -8.87121 2.6
    endloop
  endfacet
  facet normal 0.099512 -0.995036 0
    outer loop
      vertex 0.697844 -8.85209 2.6
      vertex 0.50666 -8.87121 2
      vertex 0.697844 -8.85209 2
    endloop
  endfacet
  facet normal 0.706663 -0.707551 0
    outer loop
      vertex 0.697844 -8.85209 2
      vertex 0.716968 -8.83299 2.6
      vertex 0.697844 -8.85209 2.6
    endloop
  endfacet
  facet normal 0.706663 -0.707551 0
    outer loop
      vertex 0.716968 -8.83299 2.6
      vertex 0.697844 -8.85209 2
      vertex 0.716968 -8.83299 2
    endloop
  endfacet
  facet normal 0.178941 -0.98386 0
    outer loop
      vertex 0.716968 -8.83299 2
      vertex 0.927276 -8.79474 2.6
      vertex 0.716968 -8.83299 2.6
    endloop
  endfacet
  facet normal 0.178941 -0.98386 0
    outer loop
      vertex 0.927276 -8.79474 2.6
      vertex 0.716968 -8.83299 2
      vertex 0.927276 -8.79474 2
    endloop
  endfacet
  facet normal 0.316304 -0.948658 0
    outer loop
      vertex 0.927276 -8.79474 2
      vertex 1.09934 -8.73737 2.6
      vertex 0.927276 -8.79474 2.6
    endloop
  endfacet
  facet normal 0.316304 -0.948658 0
    outer loop
      vertex 1.09934 -8.73737 2.6
      vertex 0.927276 -8.79474 2
      vertex 1.09934 -8.73737 2
    endloop
  endfacet
  facet normal 0.514403 -0.857548 0
    outer loop
      vertex 1.09934 -8.73737 2
      vertex 1.19493 -8.68003 2.6
      vertex 1.09934 -8.73737 2.6
    endloop
  endfacet
  facet normal 0.514403 -0.857548 0
    outer loop
      vertex 1.19493 -8.68003 2.6
      vertex 1.09934 -8.73737 2
      vertex 1.19493 -8.68003 2
    endloop
  endfacet
  facet normal 0 -1 0
    outer loop
      vertex 1.19493 -8.68003 2
      vertex 1.23318 -8.68003 2.6
      vertex 1.19493 -8.68003 2.6
    endloop
  endfacet
  facet normal 0 -1 -0
    outer loop
      vertex 1.23318 -8.68003 2.6
      vertex 1.19493 -8.68003 2
      vertex 1.23318 -8.68003 2
    endloop
  endfacet
  facet normal 0.514469 -0.857509 0
    outer loop
      vertex 1.23318 -8.68003 2
      vertex 1.32877 -8.62268 2.6
      vertex 1.23318 -8.68003 2.6
    endloop
  endfacet
  facet normal 0.514469 -0.857509 0
    outer loop
      vertex 1.32877 -8.62268 2.6
      vertex 1.23318 -8.68003 2
      vertex 1.32877 -8.62268 2
    endloop
  endfacet
  facet normal 0.813762 -0.581198 0
    outer loop
      vertex 1.32877 -8.62268 2.6
      vertex 1.42436 -8.48884 2
      vertex 1.42436 -8.48884 2.6
    endloop
  endfacet
  facet normal 0.813762 -0.581198 0
    outer loop
      vertex 1.42436 -8.48884 2
      vertex 1.32877 -8.62268 2.6
      vertex 1.32877 -8.62268 2
    endloop
  endfacet
  facet normal 0.989949 -0.141421 0
    outer loop
      vertex 1.42436 -8.48884 2.6
      vertex 1.44348 -8.355 2
      vertex 1.44348 -8.355 2.6
    endloop
  endfacet
  facet normal 0.989949 -0.141421 0
    outer loop
      vertex 1.44348 -8.355 2
      vertex 1.42436 -8.48884 2.6
      vertex 1.42436 -8.48884 2
    endloop
  endfacet
  facet normal 0.707107 0.707107 0
    outer loop
      vertex 1.44348 -8.355 2.6
      vertex 1.42436 -8.33588 2
      vertex 1.42436 -8.33588 2.6
    endloop
  endfacet
  facet normal 0.707107 0.707107 0
    outer loop
      vertex 1.42436 -8.33588 2
      vertex 1.44348 -8.355 2.6
      vertex 1.44348 -8.355 2
    endloop
  endfacet
  facet normal 1 -0 0
    outer loop
      vertex 1.42436 -8.33588 2.6
      vertex 1.42436 -8.25941 2
      vertex 1.42436 -8.25941 2.6
    endloop
  endfacet
  facet normal 1 0 0
    outer loop
      vertex 1.42436 -8.25941 2
      vertex 1.42436 -8.33588 2.6
      vertex 1.42436 -8.33588 2
    endloop
  endfacet
  facet normal 0.707107 0.707107 0
    outer loop
      vertex 1.42436 -8.25941 2.6
      vertex 1.40524 -8.24029 2
      vertex 1.40524 -8.24029 2.6
    endloop
  endfacet
  facet normal 0.707107 0.707107 0
    outer loop
      vertex 1.40524 -8.24029 2
      vertex 1.42436 -8.25941 2.6
      vertex 1.42436 -8.25941 2
    endloop
  endfacet
  facet normal 1 -0 0
    outer loop
      vertex 1.40524 -8.24029 2.6
      vertex 1.40524 -8.16382 2
      vertex 1.40524 -8.16382 2.6
    endloop
  endfacet
  facet normal 1 0 0
    outer loop
      vertex 1.40524 -8.16382 2
      vertex 1.40524 -8.24029 2.6
      vertex 1.40524 -8.24029 2
    endloop
  endfacet
  facet normal 0.707477 0.706737 0
    outer loop
      vertex 1.40524 -8.16382 2.6
      vertex 1.38614 -8.1447 2
      vertex 1.38614 -8.1447 2.6
    endloop
  endfacet
  facet normal 0.707477 0.706737 0
    outer loop
      vertex 1.38614 -8.1447 2
      vertex 1.40524 -8.16382 2.6
      vertex 1.40524 -8.16382 2
    endloop
  endfacet
  facet normal 1 -0 0
    outer loop
      vertex 1.38614 -8.1447 2.6
      vertex 1.38614 -8.06823 2
      vertex 1.38614 -8.06823 2.6
    endloop
  endfacet
  facet normal 1 0 0
    outer loop
      vertex 1.38614 -8.06823 2
      vertex 1.38614 -8.1447 2.6
      vertex 1.38614 -8.1447 2
    endloop
  endfacet
  facet normal 0.707107 0.707107 0
    outer loop
      vertex 1.38614 -8.06823 2.6
      vertex 1.36701 -8.0491 2
      vertex 1.36701 -8.0491 2.6
    endloop
  endfacet
  facet normal 0.707107 0.707107 0
    outer loop
      vertex 1.36701 -8.0491 2
      vertex 1.38614 -8.06823 2.6
      vertex 1.38614 -8.06823 2
    endloop
  endfacet
  facet normal 1 -0 0
    outer loop
      vertex 1.36701 -8.0491 2.6
      vertex 1.36701 -7.97264 2
      vertex 1.36701 -7.97264 2.6
    endloop
  endfacet
  facet normal 1 0 0
    outer loop
      vertex 1.36701 -7.97264 2
      vertex 1.36701 -8.0491 2.6
      vertex 1.36701 -8.0491 2
    endloop
  endfacet
  facet normal 0.707292 0.706922 0
    outer loop
      vertex 1.36701 -7.97264 2.6
      vertex 1.34789 -7.95351 2
      vertex 1.34789 -7.95351 2.6
    endloop
  endfacet
  facet normal 0.707292 0.706922 0
    outer loop
      vertex 1.34789 -7.95351 2
      vertex 1.36701 -7.97264 2.6
      vertex 1.36701 -7.97264 2
    endloop
  endfacet
  facet normal 1 -0 0
    outer loop
      vertex 1.34789 -7.95351 2.6
      vertex 1.34789 -7.87704 2
      vertex 1.34789 -7.87704 2.6
    endloop
  endfacet
  facet normal 1 0 0
    outer loop
      vertex 1.34789 -7.87704 2
      vertex 1.34789 -7.95351 2.6
      vertex 1.34789 -7.95351 2
    endloop
  endfacet
  facet normal 0.707107 0.707107 0
    outer loop
      vertex 1.34789 -7.87704 2.6
      vertex 1.32877 -7.85792 2
      vertex 1.32877 -7.85792 2.6
    endloop
  endfacet
  facet normal 0.707107 0.707107 0
    outer loop
      vertex 1.32877 -7.85792 2
      vertex 1.34789 -7.87704 2.6
      vertex 1.34789 -7.87704 2
    endloop
  endfacet
  facet normal 1 -0 0
    outer loop
      vertex 1.32877 -7.85792 2.6
      vertex 1.32877 -7.78142 2
      vertex 1.32877 -7.78142 2.6
    endloop
  endfacet
  facet normal 1 0 0
    outer loop
      vertex 1.32877 -7.78142 2
      vertex 1.32877 -7.85792 2.6
      vertex 1.32877 -7.85792 2
    endloop
  endfacet
  facet normal 0.94865 0.316327 0
    outer loop
      vertex 1.32877 -7.78142 2.6
      vertex 1.29052 -7.66671 2
      vertex 1.29052 -7.66671 2.6
    endloop
  endfacet
  facet normal 0.94865 0.316327 0
    outer loop
      vertex 1.29052 -7.66671 2
      vertex 1.32877 -7.78142 2.6
      vertex 1.32877 -7.78142 2
    endloop
  endfacet
  facet normal 1 -0 0
    outer loop
      vertex 1.29052 -7.66671 2.6
      vertex 1.29052 -7.57112 2
      vertex 1.29052 -7.57112 2.6
    endloop
  endfacet
  facet normal 1 0 0
    outer loop
      vertex 1.29052 -7.57112 2
      vertex 1.29052 -7.66671 2.6
      vertex 1.29052 -7.66671 2
    endloop
  endfacet
  facet normal 0.707107 0.707107 -0
    outer loop
      vertex 1.29052 -7.57112 2
      vertex 1.27142 -7.55202 2.6
      vertex 1.29052 -7.57112 2.6
    endloop
  endfacet
  facet normal 0.707107 0.707107 0
    outer loop
      vertex 1.27142 -7.55202 2.6
      vertex 1.29052 -7.57112 2
      vertex 1.27142 -7.55202 2
    endloop
  endfacet
  facet normal 1 -0 0
    outer loop
      vertex 1.27142 -7.55202 2.6
      vertex 1.27142 -7.47552 2
      vertex 1.27142 -7.47552 2.6
    endloop
  endfacet
  facet normal 1 0 0
    outer loop
      vertex 1.27142 -7.47552 2
      vertex 1.27142 -7.55202 2.6
      vertex 1.27142 -7.55202 2
    endloop
  endfacet
  facet normal 0.707107 0.707107 0
    outer loop
      vertex 1.27142 -7.47552 2.6
      vertex 1.2523 -7.4564 2
      vertex 1.2523 -7.4564 2.6
    endloop
  endfacet
  facet normal 0.707107 0.707107 0
    outer loop
      vertex 1.2523 -7.4564 2
      vertex 1.27142 -7.47552 2.6
      vertex 1.27142 -7.47552 2
    endloop
  endfacet
  facet normal 1 -0 0
    outer loop
      vertex 1.2523 -7.4564 2.6
      vertex 1.2523 -7.37993 2
      vertex 1.2523 -7.37993 2.6
    endloop
  endfacet
  facet normal 1 0 0
    outer loop
      vertex 1.2523 -7.37993 2
      vertex 1.2523 -7.4564 2.6
      vertex 1.2523 -7.4564 2
    endloop
  endfacet
  facet normal 0.94865 0.316327 0
    outer loop
      vertex 1.2523 -7.37993 2.6
      vertex 1.21405 -7.26522 2
      vertex 1.21405 -7.26522 2.6
    endloop
  endfacet
  facet normal 0.94865 0.316327 0
    outer loop
      vertex 1.21405 -7.26522 2
      vertex 1.2523 -7.37993 2.6
      vertex 1.2523 -7.37993 2
    endloop
  endfacet
  facet normal 1 -0 0
    outer loop
      vertex 1.21405 -7.26522 2.6
      vertex 1.21405 -7.16962 2
      vertex 1.21405 -7.16962 2.6
    endloop
  endfacet
  facet normal 1 0 0
    outer loop
      vertex 1.21405 -7.16962 2
      vertex 1.21405 -7.26522 2.6
      vertex 1.21405 -7.26522 2
    endloop
  endfacet
  facet normal 0.707107 0.707107 0
    outer loop
      vertex 1.21405 -7.16962 2.6
      vertex 1.19493 -7.1505 2
      vertex 1.19493 -7.1505 2.6
    endloop
  endfacet
  facet normal 0.707107 0.707107 0
    outer loop
      vertex 1.19493 -7.1505 2
      vertex 1.21405 -7.16962 2.6
      vertex 1.21405 -7.16962 2
    endloop
  endfacet
  facet normal 1 -0 0
    outer loop
      vertex 1.19493 -7.1505 2.6
      vertex 1.19493 -7.07403 2
      vertex 1.19493 -7.07403 2.6
    endloop
  endfacet
  facet normal 1 0 0
    outer loop
      vertex 1.19493 -7.07403 2
      vertex 1.19493 -7.1505 2.6
      vertex 1.19493 -7.1505 2
    endloop
  endfacet
  facet normal 0.707477 0.706737 0
    outer loop
      vertex 1.19493 -7.07403 2.6
      vertex 1.17583 -7.05491 2
      vertex 1.17583 -7.05491 2.6
    endloop
  endfacet
  facet normal 0.707477 0.706737 0
    outer loop
      vertex 1.17583 -7.05491 2
      vertex 1.19493 -7.07403 2.6
      vertex 1.19493 -7.07403 2
    endloop
  endfacet
  facet normal 1 -0 0
    outer loop
      vertex 1.17583 -7.05491 2.6
      vertex 1.17583 -6.97844 2
      vertex 1.17583 -6.97844 2.6
    endloop
  endfacet
  facet normal 1 0 0
    outer loop
      vertex 1.17583 -6.97844 2
      vertex 1.17583 -7.05491 2.6
      vertex 1.17583 -7.05491 2
    endloop
  endfacet
  facet normal 0.707107 0.707107 0
    outer loop
      vertex 1.17583 -6.97844 2.6
      vertex 1.15671 -6.95932 2
      vertex 1.15671 -6.95932 2.6
    endloop
  endfacet
  facet normal 0.707107 0.707107 0
    outer loop
      vertex 1.15671 -6.95932 2
      vertex 1.17583 -6.97844 2.6
      vertex 1.17583 -6.97844 2
    endloop
  endfacet
  facet normal 1 -0 0
    outer loop
      vertex 1.15671 -6.95932 2.6
      vertex 1.15671 -6.88285 2
      vertex 1.15671 -6.88285 2.6
    endloop
  endfacet
  facet normal 1 0 0
    outer loop
      vertex 1.15671 -6.88285 2
      vertex 1.15671 -6.95932 2.6
      vertex 1.15671 -6.95932 2
    endloop
  endfacet
  facet normal 0.707107 0.707107 0
    outer loop
      vertex 1.15671 -6.88285 2.6
      vertex 1.13758 -6.86372 2
      vertex 1.13758 -6.86372 2.6
    endloop
  endfacet
  facet normal 0.707107 0.707107 0
    outer loop
      vertex 1.13758 -6.86372 2
      vertex 1.15671 -6.88285 2.6
      vertex 1.15671 -6.88285 2
    endloop
  endfacet
  facet normal 1 -0 0
    outer loop
      vertex 1.13758 -6.86372 2.6
      vertex 1.13758 -6.78726 2
      vertex 1.13758 -6.78726 2.6
    endloop
  endfacet
  facet normal 1 0 0
    outer loop
      vertex 1.13758 -6.78726 2
      vertex 1.13758 -6.86372 2.6
      vertex 1.13758 -6.86372 2
    endloop
  endfacet
  facet normal 0.707292 0.706922 -0
    outer loop
      vertex 1.13758 -6.78726 2
      vertex 1.11846 -6.76813 2.6
      vertex 1.13758 -6.78726 2.6
    endloop
  endfacet
  facet normal 0.707292 0.706922 0
    outer loop
      vertex 1.11846 -6.76813 2.6
      vertex 1.13758 -6.78726 2
      vertex 1.11846 -6.76813 2
    endloop
  endfacet
  facet normal 1 -0 0
    outer loop
      vertex 1.11846 -6.76813 2.6
      vertex 1.11846 -6.69166 2
      vertex 1.11846 -6.69166 2.6
    endloop
  endfacet
  facet normal 1 0 0
    outer loop
      vertex 1.11846 -6.69166 2
      vertex 1.11846 -6.76813 2.6
      vertex 1.11846 -6.76813 2
    endloop
  endfacet
  facet normal 0.707107 0.707107 0
    outer loop
      vertex 1.11846 -6.69166 2.6
      vertex 1.09934 -6.67254 2
      vertex 1.09934 -6.67254 2.6
    endloop
  endfacet
  facet normal 0.707107 0.707107 0
    outer loop
      vertex 1.09934 -6.67254 2
      vertex 1.11846 -6.69166 2.6
      vertex 1.11846 -6.69166 2
    endloop
  endfacet
  facet normal 1 -0 0
    outer loop
      vertex 1.09934 -6.67254 2.6
      vertex 1.09934 -6.59604 2
      vertex 1.09934 -6.59604 2.6
    endloop
  endfacet
  facet normal 1 0 0
    outer loop
      vertex 1.09934 -6.59604 2
      vertex 1.09934 -6.67254 2.6
      vertex 1.09934 -6.67254 2
    endloop
  endfacet
  facet normal 0.706366 0.707846 -0
    outer loop
      vertex 1.09934 -6.59604 2
      vertex 1.08021 -6.57695 2.6
      vertex 1.09934 -6.59604 2.6
    endloop
  endfacet
  facet normal 0.706366 0.707846 0
    outer loop
      vertex 1.08021 -6.57695 2.6
      vertex 1.09934 -6.59604 2
      vertex 1.08021 -6.57695 2
    endloop
  endfacet
  facet normal 1 -0 0
    outer loop
      vertex 1.08021 -6.57695 2.6
      vertex 1.08021 -6.50045 2
      vertex 1.08021 -6.50045 2.6
    endloop
  endfacet
  facet normal 1 0 0
    outer loop
      vertex 1.08021 -6.50045 2
      vertex 1.08021 -6.57695 2.6
      vertex 1.08021 -6.57695 2
    endloop
  endfacet
  facet normal 0.707107 0.707107 0
    outer loop
      vertex 1.08021 -6.50045 2.6
      vertex 1.06112 -6.48136 2
      vertex 1.06112 -6.48136 2.6
    endloop
  endfacet
  facet normal 0.707107 0.707107 0
    outer loop
      vertex 1.06112 -6.48136 2
      vertex 1.08021 -6.50045 2.6
      vertex 1.08021 -6.50045 2
    endloop
  endfacet
  facet normal 1 -0 0
    outer loop
      vertex 1.06112 -6.48136 2.6
      vertex 1.06112 -6.40486 2
      vertex 1.06112 -6.40486 2.6
    endloop
  endfacet
  facet normal 1 0 0
    outer loop
      vertex 1.06112 -6.40486 2
      vertex 1.06112 -6.48136 2.6
      vertex 1.06112 -6.48136 2
    endloop
  endfacet
  facet normal 0.948658 0.316302 0
    outer loop
      vertex 1.06112 -6.40486 2.6
      vertex 1.02287 -6.29014 2
      vertex 1.02287 -6.29014 2.6
    endloop
  endfacet
  facet normal 0.948658 0.316302 0
    outer loop
      vertex 1.02287 -6.29014 2
      vertex 1.06112 -6.40486 2.6
      vertex 1.06112 -6.40486 2
    endloop
  endfacet
  facet normal 1 -0 0
    outer loop
      vertex 1.02287 -6.29014 2.6
      vertex 1.02287 -6.19455 2
      vertex 1.02287 -6.19455 2.6
    endloop
  endfacet
  facet normal 1 0 0
    outer loop
      vertex 1.02287 -6.19455 2
      vertex 1.02287 -6.29014 2.6
      vertex 1.02287 -6.29014 2
    endloop
  endfacet
  facet normal 0.706922 0.707292 0
    outer loop
      vertex 1.02287 -6.19455 2.6
      vertex 1.00374 -6.17543 2
      vertex 1.00374 -6.17543 2.6
    endloop
  endfacet
  facet normal 0.706922 0.707292 0
    outer loop
      vertex 1.00374 -6.17543 2
      vertex 1.02287 -6.19455 2.6
      vertex 1.02287 -6.19455 2
    endloop
  endfacet
  facet normal 1 -0 0
    outer loop
      vertex 1.00374 -6.17543 2.6
      vertex 1.00374 -6.09896 2
      vertex 1.00374 -6.09896 2.6
    endloop
  endfacet
  facet normal 1 0 0
    outer loop
      vertex 1.00374 -6.09896 2
      vertex 1.00374 -6.17543 2.6
      vertex 1.00374 -6.17543 2
    endloop
  endfacet
  facet normal 0.707088 0.707125 0
    outer loop
      vertex 1.00374 -6.09896 2.6
      vertex 0.984619 -6.07984 2
      vertex 0.984619 -6.07984 2.6
    endloop
  endfacet
  facet normal 0.707088 0.707125 0
    outer loop
      vertex 0.984619 -6.07984 2
      vertex 1.00374 -6.09896 2.6
      vertex 1.00374 -6.09896 2
    endloop
  endfacet
  facet normal 1 -0 0
    outer loop
      vertex 0.984619 -6.07984 2.6
      vertex 0.984619 -6.00337 2
      vertex 0.984619 -6.00337 2.6
    endloop
  endfacet
  facet normal 1 0 0
    outer loop
      vertex 0.984619 -6.00337 2
      vertex 0.984619 -6.07984 2.6
      vertex 0.984619 -6.07984 2
    endloop
  endfacet
  facet normal 0.707218 0.706996 0
    outer loop
      vertex 0.984619 -6.00337 2.6
      vertex 0.965495 -5.98424 2
      vertex 0.965495 -5.98424 2.6
    endloop
  endfacet
  facet normal 0.707218 0.706996 0
    outer loop
      vertex 0.965495 -5.98424 2
      vertex 0.984619 -6.00337 2.6
      vertex 0.984619 -6.00337 2
    endloop
  endfacet
  facet normal 1 -0 0
    outer loop
      vertex 0.965495 -5.98424 2.6
      vertex 0.965495 -5.90778 2
      vertex 0.965495 -5.90778 2.6
    endloop
  endfacet
  facet normal 1 0 0
    outer loop
      vertex 0.965495 -5.90778 2
      vertex 0.965495 -5.98424 2.6
      vertex 0.965495 -5.98424 2
    endloop
  endfacet
  facet normal 0.707735 0.706478 0
    outer loop
      vertex 0.965495 -5.90778 2.6
      vertex 0.946399 -5.88865 2
      vertex 0.946399 -5.88865 2.6
    endloop
  endfacet
  facet normal 0.707735 0.706478 0
    outer loop
      vertex 0.946399 -5.88865 2
      vertex 0.965495 -5.90778 2.6
      vertex 0.965495 -5.90778 2
    endloop
  endfacet
  facet normal 1 -0 0
    outer loop
      vertex 0.946399 -5.88865 2.6
      vertex 0.946399 -5.81218 2
      vertex 0.946399 -5.81218 2.6
    endloop
  endfacet
  facet normal 1 0 0
    outer loop
      vertex 0.946399 -5.81218 2
      vertex 0.946399 -5.88865 2.6
      vertex 0.946399 -5.88865 2
    endloop
  endfacet
  facet normal 0.707051 0.707162 0
    outer loop
      vertex 0.946399 -5.81218 2.6
      vertex 0.927276 -5.79306 2
      vertex 0.927276 -5.79306 2.6
    endloop
  endfacet
  facet normal 0.707051 0.707162 0
    outer loop
      vertex 0.927276 -5.79306 2
      vertex 0.946399 -5.81218 2.6
      vertex 0.946399 -5.81218 2
    endloop
  endfacet
  facet normal 1 -0 0
    outer loop
      vertex 0.927276 -5.79306 2.6
      vertex 0.927276 -5.71659 2
      vertex 0.927276 -5.71659 2.6
    endloop
  endfacet
  facet normal 1 0 0
    outer loop
      vertex 0.927276 -5.71659 2
      vertex 0.927276 -5.79306 2.6
      vertex 0.927276 -5.79306 2
    endloop
  endfacet
  facet normal 0.707033 0.707181 0
    outer loop
      vertex 0.927276 -5.71659 2.6
      vertex 0.908152 -5.69747 2
      vertex 0.908152 -5.69747 2.6
    endloop
  endfacet
  facet normal 0.707033 0.707181 0
    outer loop
      vertex 0.908152 -5.69747 2
      vertex 0.927276 -5.71659 2.6
      vertex 0.927276 -5.71659 2
    endloop
  endfacet
  facet normal 1 -0 0
    outer loop
      vertex 0.908152 -5.69747 2.6
      vertex 0.908152 -5.621 2
      vertex 0.908152 -5.621 2.6
    endloop
  endfacet
  facet normal 1 0 0
    outer loop
      vertex 0.908152 -5.621 2
      vertex 0.908152 -5.69747 2.6
      vertex 0.908152 -5.69747 2
    endloop
  endfacet
  facet normal 0.707033 0.707181 0
    outer loop
      vertex 0.908152 -5.621 2.6
      vertex 0.889028 -5.60188 2
      vertex 0.889028 -5.60188 2.6
    endloop
  endfacet
  facet normal 0.707033 0.707181 0
    outer loop
      vertex 0.889028 -5.60188 2
      vertex 0.908152 -5.621 2.6
      vertex 0.908152 -5.621 2
    endloop
  endfacet
  facet normal 1 -0 0
    outer loop
      vertex 0.889028 -5.60188 2.6
      vertex 0.889028 -5.52538 2
      vertex 0.889028 -5.52538 2.6
    endloop
  endfacet
  facet normal 1 0 0
    outer loop
      vertex 0.889028 -5.52538 2
      vertex 0.889028 -5.60188 2.6
      vertex 0.889028 -5.60188 2
    endloop
  endfacet
  facet normal 0.706663 0.707551 -0
    outer loop
      vertex 0.889028 -5.52538 2
      vertex 0.869904 -5.50628 2.6
      vertex 0.889028 -5.52538 2.6
    endloop
  endfacet
  facet normal 0.706663 0.707551 0
    outer loop
      vertex 0.869904 -5.50628 2.6
      vertex 0.889028 -5.52538 2
      vertex 0.869904 -5.50628 2
    endloop
  endfacet
  facet normal 1 -0 0
    outer loop
      vertex 0.869904 -5.50628 2.6
      vertex 0.869904 -5.42979 2
      vertex 0.869904 -5.42979 2.6
    endloop
  endfacet
  facet normal 1 0 0
    outer loop
      vertex 0.869904 -5.42979 2
      vertex 0.869904 -5.50628 2.6
      vertex 0.869904 -5.50628 2
    endloop
  endfacet
  facet normal 0.707162 0.707051 -0
    outer loop
      vertex 0.869904 -5.42979 2
      vertex 0.850807 -5.41069 2.6
      vertex 0.869904 -5.42979 2.6
    endloop
  endfacet
  facet normal 0.707162 0.707051 0
    outer loop
      vertex 0.850807 -5.41069 2.6
      vertex 0.869904 -5.42979 2
      vertex 0.850807 -5.41069 2
    endloop
  endfacet
  facet normal 1 -0 0
    outer loop
      vertex 0.850807 -5.41069 2.6
      vertex 0.850807 -5.3342 2
      vertex 0.850807 -5.3342 2.6
    endloop
  endfacet
  facet normal 1 0 0
    outer loop
      vertex 0.850807 -5.3342 2
      vertex 0.850807 -5.41069 2.6
      vertex 0.850807 -5.41069 2
    endloop
  endfacet
  facet normal 0.707218 0.706996 0
    outer loop
      vertex 0.850807 -5.3342 2.6
      vertex 0.831683 -5.31507 2
      vertex 0.831683 -5.31507 2.6
    endloop
  endfacet
  facet normal 0.707218 0.706996 0
    outer loop
      vertex 0.831683 -5.31507 2
      vertex 0.850807 -5.3342 2.6
      vertex 0.850807 -5.3342 2
    endloop
  endfacet
  facet normal 1 -0 0
    outer loop
      vertex 0.831683 -5.31507 2.6
      vertex 0.831683 -5.2386 2
      vertex 0.831683 -5.2386 2.6
    endloop
  endfacet
  facet normal 1 0 0
    outer loop
      vertex 0.831683 -5.2386 2
      vertex 0.831683 -5.31507 2.6
      vertex 0.831683 -5.31507 2
    endloop
  endfacet
  facet normal 0.948655 0.316312 0
    outer loop
      vertex 0.831683 -5.2386 2.6
      vertex 0.793435 -5.12389 2
      vertex 0.793435 -5.12389 2.6
    endloop
  endfacet
  facet normal 0.948655 0.316312 0
    outer loop
      vertex 0.793435 -5.12389 2
      vertex 0.831683 -5.2386 2.6
      vertex 0.831683 -5.2386 2
    endloop
  endfacet
  facet normal 0.948647 -0.316337 0
    outer loop
      vertex 0.793435 -5.12389 2.6
      vertex 0.812559 -5.06654 2
      vertex 0.812559 -5.06654 2.6
    endloop
  endfacet
  facet normal 0.948647 -0.316337 0
    outer loop
      vertex 0.812559 -5.06654 2
      vertex 0.793435 -5.12389 2.6
      vertex 0.793435 -5.12389 2
    endloop
  endfacet
  facet normal -0.857552 -0.514397 0
    outer loop
      vertex 0.869904 -5.16214 2
      vertex 0.812559 -5.06654 2.6
      vertex 0.812559 -5.06654 2
    endloop
  endfacet
  facet normal -0.857552 -0.514397 0
    outer loop
      vertex 0.812559 -5.06654 2.6
      vertex 0.869904 -5.16214 2
      vertex 0.869904 -5.16214 2.6
    endloop
  endfacet
  facet normal -0.948682 -0.316231 0
    outer loop
      vertex 0.965495 -5.44891 2
      vertex 0.869904 -5.16214 2.6
      vertex 0.869904 -5.16214 2
    endloop
  endfacet
  facet normal -0.948682 -0.316231 0
    outer loop
      vertex 0.869904 -5.16214 2.6
      vertex 0.965495 -5.44891 2
      vertex 0.965495 -5.44891 2.6
    endloop
  endfacet
  facet normal -0.894371 -0.447326 0
    outer loop
      vertex 1.06112 -5.6401 2
      vertex 0.965495 -5.44891 2.6
      vertex 0.965495 -5.44891 2
    endloop
  endfacet
  facet normal -0.894371 -0.447326 0
    outer loop
      vertex 0.965495 -5.44891 2.6
      vertex 1.06112 -5.6401 2
      vertex 1.06112 -5.6401 2.6
    endloop
  endfacet
  facet normal -0.948693 -0.316198 0
    outer loop
      vertex 1.15671 -5.9269 2
      vertex 1.06112 -5.6401 2.6
      vertex 1.06112 -5.6401 2
    endloop
  endfacet
  facet normal -0.948693 -0.316198 0
    outer loop
      vertex 1.06112 -5.6401 2.6
      vertex 1.15671 -5.9269 2
      vertex 1.15671 -5.9269 2.6
    endloop
  endfacet
  facet normal -0.857548 -0.514403 0
    outer loop
      vertex 1.21405 -6.02249 2
      vertex 1.15671 -5.9269 2.6
      vertex 1.15671 -5.9269 2
    endloop
  endfacet
  facet normal -0.857548 -0.514403 0
    outer loop
      vertex 1.15671 -5.9269 2.6
      vertex 1.21405 -6.02249 2
      vertex 1.21405 -6.02249 2.6
    endloop
  endfacet
  facet normal -0.957808 -0.287408 0
    outer loop
      vertex 1.27142 -6.21368 2
      vertex 1.21405 -6.02249 2.6
      vertex 1.21405 -6.02249 2
    endloop
  endfacet
  facet normal -0.957808 -0.287408 0
    outer loop
      vertex 1.21405 -6.02249 2.6
      vertex 1.27142 -6.21368 2
      vertex 1.27142 -6.21368 2.6
    endloop
  endfacet
  facet normal -0.832229 -0.554432 0
    outer loop
      vertex 1.30964 -6.27105 2
      vertex 1.27142 -6.21368 2.6
      vertex 1.27142 -6.21368 2
    endloop
  endfacet
  facet normal -0.832229 -0.554432 0
    outer loop
      vertex 1.27142 -6.21368 2.6
      vertex 1.30964 -6.27105 2
      vertex 1.30964 -6.27105 2.6
    endloop
  endfacet
  facet normal -0.942974 -0.332866 0
    outer loop
      vertex 1.42436 -6.59604 2
      vertex 1.30964 -6.27105 2.6
      vertex 1.30964 -6.27105 2
    endloop
  endfacet
  facet normal -0.942974 -0.332866 0
    outer loop
      vertex 1.30964 -6.27105 2.6
      vertex 1.42436 -6.59604 2
      vertex 1.42436 -6.59604 2.6
    endloop
  endfacet
  facet normal -0.857501 -0.514483 0
    outer loop
      vertex 1.48173 -6.69166 2
      vertex 1.42436 -6.59604 2.6
      vertex 1.42436 -6.59604 2
    endloop
  endfacet
  facet normal -0.857501 -0.514483 0
    outer loop
      vertex 1.42436 -6.59604 2.6
      vertex 1.48173 -6.69166 2
      vertex 1.48173 -6.69166 2.6
    endloop
  endfacet
  facet normal -1 0 0
    outer loop
      vertex 1.48173 -6.72988 2
      vertex 1.48173 -6.69166 2.6
      vertex 1.48173 -6.69166 2
    endloop
  endfacet
  facet normal -1 -0 0
    outer loop
      vertex 1.48173 -6.69166 2.6
      vertex 1.48173 -6.72988 2
      vertex 1.48173 -6.72988 2.6
    endloop
  endfacet
  facet normal -0.832273 -0.554365 0
    outer loop
      vertex 1.51995 -6.78726 2
      vertex 1.48173 -6.72988 2.6
      vertex 1.48173 -6.72988 2
    endloop
  endfacet
  facet normal -0.832273 -0.554365 0
    outer loop
      vertex 1.48173 -6.72988 2.6
      vertex 1.51995 -6.78726 2
      vertex 1.51995 -6.78726 2.6
    endloop
  endfacet
  facet normal -0.937734 -0.347354 0
    outer loop
      vertex 1.71116 -7.30346 2
      vertex 1.51995 -6.78726 2.6
      vertex 1.51995 -6.78726 2
    endloop
  endfacet
  facet normal -0.937734 -0.347354 0
    outer loop
      vertex 1.51995 -6.78726 2.6
      vertex 1.71116 -7.30346 2
      vertex 1.71116 -7.30346 2.6
    endloop
  endfacet
  facet normal -0.857532 -0.51443 0
    outer loop
      vertex 1.76851 -7.39906 2
      vertex 1.71116 -7.30346 2.6
      vertex 1.71116 -7.30346 2
    endloop
  endfacet
  facet normal -0.857532 -0.51443 0
    outer loop
      vertex 1.71116 -7.30346 2.6
      vertex 1.76851 -7.39906 2
      vertex 1.76851 -7.39906 2.6
    endloop
  endfacet
  facet normal -0.948692 -0.316203 0
    outer loop
      vertex 1.84498 -7.62849 2
      vertex 1.76851 -7.39906 2.6
      vertex 1.76851 -7.39906 2
    endloop
  endfacet
  facet normal -0.948692 -0.316203 0
    outer loop
      vertex 1.76851 -7.39906 2.6
      vertex 1.84498 -7.62849 2
      vertex 1.84498 -7.62849 2.6
    endloop
  endfacet
  facet normal -0.85743 -0.514601 0
    outer loop
      vertex 1.90235 -7.72408 2
      vertex 1.84498 -7.62849 2.6
      vertex 1.84498 -7.62849 2
    endloop
  endfacet
  facet normal -0.85743 -0.514601 0
    outer loop
      vertex 1.84498 -7.62849 2.6
      vertex 1.90235 -7.72408 2
      vertex 1.90235 -7.72408 2.6
    endloop
  endfacet
  facet normal -0.93981 -0.341698 0
    outer loop
      vertex 2.05528 -8.1447 2
      vertex 1.90235 -7.72408 2.6
      vertex 1.90235 -7.72408 2
    endloop
  endfacet
  facet normal -0.93981 -0.341698 0
    outer loop
      vertex 1.90235 -7.72408 2.6
      vertex 2.05528 -8.1447 2
      vertex 2.05528 -8.1447 2.6
    endloop
  endfacet
  facet normal -0.894349 -0.44737 0
    outer loop
      vertex 2.11266 -8.25941 2
      vertex 2.05528 -8.1447 2.6
      vertex 2.05528 -8.1447 2
    endloop
  endfacet
  facet normal -0.894349 -0.44737 0
    outer loop
      vertex 2.05528 -8.1447 2.6
      vertex 2.11266 -8.25941 2
      vertex 2.11266 -8.25941 2.6
    endloop
  endfacet
  facet normal -0.707168 -0.707045 0
    outer loop
      vertex 2.17 -8.31676 2
      vertex 2.11266 -8.25941 2.6
      vertex 2.11266 -8.25941 2
    endloop
  endfacet
  facet normal -0.707168 -0.707045 0
    outer loop
      vertex 2.11266 -8.25941 2.6
      vertex 2.17 -8.31676 2
      vertex 2.17 -8.31676 2.6
    endloop
  endfacet
  facet normal -0.44712 -0.894474 0
    outer loop
      vertex 2.17 -8.31676 2
      vertex 2.2465 -8.355 2.6
      vertex 2.17 -8.31676 2.6
    endloop
  endfacet
  facet normal -0.44712 -0.894474 -0
    outer loop
      vertex 2.2465 -8.355 2.6
      vertex 2.17 -8.31676 2
      vertex 2.2465 -8.355 2
    endloop
  endfacet
  facet normal 0.099514 -0.995036 0
    outer loop
      vertex 2.2465 -8.355 2
      vertex 2.43768 -8.33588 2.6
      vertex 2.2465 -8.355 2.6
    endloop
  endfacet
  facet normal 0.099514 -0.995036 0
    outer loop
      vertex 2.43768 -8.33588 2.6
      vertex 2.2465 -8.355 2
      vertex 2.43768 -8.33588 2
    endloop
  endfacet
  facet normal 0.316162 -0.948705 0
    outer loop
      vertex 2.43768 -8.33588 2
      vertex 2.60974 -8.27854 2.6
      vertex 2.43768 -8.33588 2.6
    endloop
  endfacet
  facet normal 0.316162 -0.948705 0
    outer loop
      vertex 2.60974 -8.27854 2.6
      vertex 2.43768 -8.33588 2
      vertex 2.60974 -8.27854 2
    endloop
  endfacet
  facet normal 0.496237 -0.868187 0
    outer loop
      vertex 2.60974 -8.27854 2
      vertex 2.74358 -8.20204 2.6
      vertex 2.60974 -8.27854 2.6
    endloop
  endfacet
  facet normal 0.496237 -0.868187 0
    outer loop
      vertex 2.74358 -8.20204 2.6
      vertex 2.60974 -8.27854 2
      vertex 2.74358 -8.20204 2
    endloop
  endfacet
  facet normal 0 -1 0
    outer loop
      vertex 2.74358 -8.20204 2
      vertex 2.78183 -8.20204 2.6
      vertex 2.74358 -8.20204 2.6
    endloop
  endfacet
  facet normal 0 -1 -0
    outer loop
      vertex 2.78183 -8.20204 2.6
      vertex 2.74358 -8.20204 2
      vertex 2.78183 -8.20204 2
    endloop
  endfacet
  facet normal 0.496132 -0.868247 0
    outer loop
      vertex 2.78183 -8.20204 2
      vertex 3.04948 -8.0491 2.6
      vertex 2.78183 -8.20204 2.6
    endloop
  endfacet
  facet normal 0.496132 -0.868247 0
    outer loop
      vertex 3.04948 -8.0491 2.6
      vertex 2.78183 -8.20204 2
      vertex 3.04948 -8.0491 2
    endloop
  endfacet
  facet normal 0.581198 -0.813762 0
    outer loop
      vertex 3.04948 -8.0491 2
      vertex 3.31716 -7.85792 2.6
      vertex 3.04948 -8.0491 2.6
    endloop
  endfacet
  facet normal 0.581198 -0.813762 0
    outer loop
      vertex 3.31716 -7.85792 2.6
      vertex 3.04948 -8.0491 2
      vertex 3.31716 -7.85792 2
    endloop
  endfacet
  facet normal 0.707131 -0.707082 0
    outer loop
      vertex 3.31716 -7.85792 2.6
      vertex 3.60394 -7.57112 2
      vertex 3.60394 -7.57112 2.6
    endloop
  endfacet
  facet normal 0.707131 -0.707082 0
    outer loop
      vertex 3.60394 -7.57112 2
      vertex 3.31716 -7.85792 2.6
      vertex 3.31716 -7.85792 2
    endloop
  endfacet
  facet normal 0.813721 -0.581255 0
    outer loop
      vertex 3.60394 -7.57112 2.6
      vertex 3.69953 -7.4373 2
      vertex 3.69953 -7.4373 2.6
    endloop
  endfacet
  facet normal 0.813721 -0.581255 0
    outer loop
      vertex 3.69953 -7.4373 2
      vertex 3.60394 -7.57112 2.6
      vertex 3.60394 -7.57112 2
    endloop
  endfacet
  facet normal 0.919195 -0.393803 0
    outer loop
      vertex 3.69953 -7.4373 2.6
      vertex 3.75687 -7.30346 2
      vertex 3.75687 -7.30346 2.6
    endloop
  endfacet
  facet normal 0.919195 -0.393803 0
    outer loop
      vertex 3.75687 -7.30346 2
      vertex 3.69953 -7.4373 2.6
      vertex 3.69953 -7.4373 2
    endloop
  endfacet
  facet normal 1 -0 0
    outer loop
      vertex 3.75687 -7.30346 2.6
      vertex 3.75687 -7.20787 2
      vertex 3.75687 -7.20787 2.6
    endloop
  endfacet
  facet normal 1 0 0
    outer loop
      vertex 3.75687 -7.20787 2
      vertex 3.75687 -7.30346 2.6
      vertex 3.75687 -7.30346 2
    endloop
  endfacet
  facet normal 0.92853 0.371257 0
    outer loop
      vertex 3.75687 -7.20787 2.6
      vertex 3.71865 -7.11228 2
      vertex 3.71865 -7.11228 2.6
    endloop
  endfacet
  facet normal 0.92853 0.371257 0
    outer loop
      vertex 3.71865 -7.11228 2
      vertex 3.75687 -7.20787 2.6
      vertex 3.75687 -7.20787 2
    endloop
  endfacet
  facet normal 0.813737 0.581233 0
    outer loop
      vertex 3.71865 -7.11228 2.6
      vertex 3.04948 -6.17543 2
      vertex 3.04948 -6.17543 2.6
    endloop
  endfacet
  facet normal 0.813737 0.581233 0
    outer loop
      vertex 3.04948 -6.17543 2
      vertex 3.71865 -7.11228 2.6
      vertex 3.71865 -7.11228 2
    endloop
  endfacet
  facet normal 0.837617 0.546258 0
    outer loop
      vertex 3.04948 -6.17543 2.6
      vertex 2.7627 -5.73569 2
      vertex 2.7627 -5.73569 2.6
    endloop
  endfacet
  facet normal 0.837617 0.546258 0
    outer loop
      vertex 2.7627 -5.73569 2
      vertex 3.04948 -6.17543 2.6
      vertex 3.04948 -6.17543 2
    endloop
  endfacet
  facet normal 0.706983 0.70723 -0
    outer loop
      vertex 2.7627 -5.73569 2
      vertex 2.70533 -5.67834 2.6
      vertex 2.7627 -5.73569 2.6
    endloop
  endfacet
  facet normal 0.706983 0.70723 0
    outer loop
      vertex 2.70533 -5.67834 2.6
      vertex 2.7627 -5.73569 2
      vertex 2.70533 -5.67834 2
    endloop
  endfacet
  facet normal 0.834957 0.550315 0
    outer loop
      vertex 2.70533 -5.67834 2.6
      vertex 2.15088 -4.83711 2
      vertex 2.15088 -4.83711 2.6
    endloop
  endfacet
  facet normal 0.834957 0.550315 0
    outer loop
      vertex 2.15088 -4.83711 2
      vertex 2.70533 -5.67834 2.6
      vertex 2.70533 -5.67834 2
    endloop
  endfacet
  facet normal 0.857504 0.514477 0
    outer loop
      vertex 2.15088 -4.83711 2.6
      vertex 1.8641 -4.35912 2
      vertex 1.8641 -4.35912 2.6
    endloop
  endfacet
  facet normal 0.857504 0.514477 0
    outer loop
      vertex 1.8641 -4.35912 2
      vertex 2.15088 -4.83711 2.6
      vertex 2.15088 -4.83711 2
    endloop
  endfacet
  facet normal 0.919163 0.393878 0
    outer loop
      vertex 1.8641 -4.35912 2.6
      vertex 1.80676 -4.22531 2
      vertex 1.80676 -4.22531 2.6
    endloop
  endfacet
  facet normal 0.919163 0.393878 0
    outer loop
      vertex 1.80676 -4.22531 2
      vertex 1.8641 -4.35912 2.6
      vertex 1.8641 -4.35912 2
    endloop
  endfacet
  facet normal 0.707107 0.707107 -0
    outer loop
      vertex 1.80676 -4.22531 2
      vertex 1.76851 -4.18706 2.6
      vertex 1.80676 -4.22531 2.6
    endloop
  endfacet
  facet normal 0.707107 0.707107 0
    outer loop
      vertex 1.76851 -4.18706 2.6
      vertex 1.80676 -4.22531 2
      vertex 1.76851 -4.18706 2
    endloop
  endfacet
  facet normal 0.894423 0.447222 0
    outer loop
      vertex 1.76851 -4.18706 2.6
      vertex 1.5582 -3.76645 2
      vertex 1.5582 -3.76645 2.6
    endloop
  endfacet
  facet normal 0.894423 0.447222 0
    outer loop
      vertex 1.5582 -3.76645 2
      vertex 1.76851 -4.18706 2.6
      vertex 1.76851 -4.18706 2
    endloop
  endfacet
  facet normal 0.93834 0.345714 0
    outer loop
      vertex 1.5582 -3.76645 2.6
      vertex 1.42436 -3.40318 2
      vertex 1.42436 -3.40318 2.6
    endloop
  endfacet
  facet normal 0.93834 0.345714 0
    outer loop
      vertex 1.42436 -3.40318 2
      vertex 1.5582 -3.76645 2.6
      vertex 1.5582 -3.76645 2
    endloop
  endfacet
  facet normal 0.993882 0.110444 0
    outer loop
      vertex 1.42436 -3.40318 2.6
      vertex 1.40524 -3.23112 2
      vertex 1.40524 -3.23112 2.6
    endloop
  endfacet
  facet normal 0.993882 0.110444 0
    outer loop
      vertex 1.40524 -3.23112 2
      vertex 1.42436 -3.40318 2.6
      vertex 1.42436 -3.40318 2
    endloop
  endfacet
  facet normal 0.707661 0.706552 0
    outer loop
      vertex 1.40524 -3.23112 2.6
      vertex 1.38614 -3.21199 2
      vertex 1.38614 -3.21199 2.6
    endloop
  endfacet
  facet normal 0.707661 0.706552 0
    outer loop
      vertex 1.38614 -3.21199 2
      vertex 1.40524 -3.23112 2.6
      vertex 1.40524 -3.23112 2
    endloop
  endfacet
  facet normal 1 -0 0
    outer loop
      vertex 1.38614 -3.21199 2.6
      vertex 1.38614 -3.03993 2
      vertex 1.38614 -3.03993 2.6
    endloop
  endfacet
  facet normal 1 0 0
    outer loop
      vertex 1.38614 -3.03993 2
      vertex 1.38614 -3.21199 2.6
      vertex 1.38614 -3.21199 2
    endloop
  endfacet
  facet normal 0.894544 -0.44698 0
    outer loop
      vertex 1.38614 -3.03993 2.6
      vertex 1.42436 -2.96344 2
      vertex 1.42436 -2.96344 2.6
    endloop
  endfacet
  facet normal 0.894544 -0.44698 0
    outer loop
      vertex 1.42436 -2.96344 2
      vertex 1.38614 -3.03993 2.6
      vertex 1.38614 -3.03993 2
    endloop
  endfacet
  facet normal -0.393977 -0.91912 0
    outer loop
      vertex 1.42436 -2.96344 2
      vertex 1.5582 -3.02081 2.6
      vertex 1.42436 -2.96344 2.6
    endloop
  endfacet
  facet normal -0.393977 -0.91912 -0
    outer loop
      vertex 1.5582 -3.02081 2.6
      vertex 1.42436 -2.96344 2
      vertex 1.5582 -3.02081 2
    endloop
  endfacet
  facet normal -0.540756 -0.841179 0
    outer loop
      vertex 1.5582 -3.02081 2
      vertex 1.82585 -3.19287 2.6
      vertex 1.5582 -3.02081 2.6
    endloop
  endfacet
  facet normal -0.540756 -0.841179 -0
    outer loop
      vertex 1.82585 -3.19287 2.6
      vertex 1.5582 -3.02081 2
      vertex 1.82585 -3.19287 2
    endloop
  endfacet
  facet normal -0.480816 -0.876821 0
    outer loop
      vertex 1.82585 -3.19287 2
      vertex 2.41856 -3.51789 2.6
      vertex 1.82585 -3.19287 2.6
    endloop
  endfacet
  facet normal -0.480816 -0.876821 -0
    outer loop
      vertex 2.41856 -3.51789 2.6
      vertex 1.82585 -3.19287 2
      vertex 2.41856 -3.51789 2
    endloop
  endfacet
  facet normal -0.70713 -0.707084 0
    outer loop
      vertex 2.41856 -3.51789 2
      vertex 2.57152 -3.67086 2.6
      vertex 2.41856 -3.51789 2.6
    endloop
  endfacet
  facet normal -0.70713 -0.707084 -0
    outer loop
      vertex 2.57152 -3.67086 2.6
      vertex 2.41856 -3.51789 2
      vertex 2.57152 -3.67086 2
    endloop
  endfacet
  facet normal -0.792623 -0.609712 0
    outer loop
      vertex 2.95389 -4.16794 2
      vertex 2.57152 -3.67086 2.6
      vertex 2.57152 -3.67086 2
    endloop
  endfacet
  facet normal -0.792623 -0.609712 0
    outer loop
      vertex 2.57152 -3.67086 2.6
      vertex 2.95389 -4.16794 2
      vertex 2.95389 -4.16794 2.6
    endloop
  endfacet
  facet normal -0.857489 -0.514502 0
    outer loop
      vertex 3.0686 -4.35912 2
      vertex 2.95389 -4.16794 2.6
      vertex 2.95389 -4.16794 2
    endloop
  endfacet
  facet normal -0.857489 -0.514502 0
    outer loop
      vertex 2.95389 -4.16794 2.6
      vertex 3.0686 -4.35912 2
      vertex 3.0686 -4.35912 2.6
    endloop
  endfacet
  facet normal -1 0 0
    outer loop
      vertex 3.0686 -4.60768 2
      vertex 3.0686 -4.35912 2.6
      vertex 3.0686 -4.35912 2
    endloop
  endfacet
  facet normal -1 -0 0
    outer loop
      vertex 3.0686 -4.35912 2.6
      vertex 3.0686 -4.60768 2
      vertex 3.0686 -4.60768 2.6
    endloop
  endfacet
  facet normal -0.707107 0.707107 0
    outer loop
      vertex 3.0686 -4.60768 2
      vertex 3.04948 -4.6268 2.6
      vertex 3.0686 -4.60768 2.6
    endloop
  endfacet
  facet normal -0.707107 0.707107 0
    outer loop
      vertex 3.04948 -4.6268 2.6
      vertex 3.0686 -4.60768 2
      vertex 3.04948 -4.6268 2
    endloop
  endfacet
  facet normal -0.998968 0.0454098 0
    outer loop
      vertex 3.03036 -5.04742 2
      vertex 3.04948 -4.6268 2.6
      vertex 3.04948 -4.6268 2
    endloop
  endfacet
  facet normal -0.998968 0.0454098 0
    outer loop
      vertex 3.04948 -4.6268 2.6
      vertex 3.03036 -5.04742 2
      vertex 3.03036 -5.04742 2.6
    endloop
  endfacet
  facet normal -0.706922 0.707292 0
    outer loop
      vertex 3.01123 -5.06654 2
      vertex 3.03036 -5.04742 2.6
      vertex 3.03036 -5.04742 2
    endloop
  endfacet
  facet normal -0.706922 0.707292 0
    outer loop
      vertex 3.03036 -5.04742 2.6
      vertex 3.01123 -5.06654 2
      vertex 3.01123 -5.06654 2.6
    endloop
  endfacet
  facet normal -1 0 0
    outer loop
      vertex 3.01123 -5.3342 2
      vertex 3.01123 -5.06654 2.6
      vertex 3.01123 -5.06654 2
    endloop
  endfacet
  facet normal -1 -0 0
    outer loop
      vertex 3.01123 -5.06654 2.6
      vertex 3.01123 -5.3342 2
      vertex 3.01123 -5.3342 2.6
    endloop
  endfacet
  facet normal -0.91912 -0.393977 0
    outer loop
      vertex 3.0686 -5.46804 2
      vertex 3.01123 -5.3342 2.6
      vertex 3.01123 -5.3342 2
    endloop
  endfacet
  facet normal -0.91912 -0.393977 0
    outer loop
      vertex 3.01123 -5.3342 2.6
      vertex 3.0686 -5.46804 2
      vertex 3.0686 -5.46804 2.6
    endloop
  endfacet
  facet normal -0.70707 -0.707144 0
    outer loop
      vertex 3.1642 -5.56363 2
      vertex 3.0686 -5.46804 2.6
      vertex 3.0686 -5.46804 2
    endloop
  endfacet
  facet normal -0.70707 -0.707144 0
    outer loop
      vertex 3.0686 -5.46804 2.6
      vertex 3.1642 -5.56363 2
      vertex 3.1642 -5.56363 2.6
    endloop
  endfacet
  facet normal -0.447307 -0.89438 0
    outer loop
      vertex 3.1642 -5.56363 2
      vertex 3.27891 -5.621 2.6
      vertex 3.1642 -5.56363 2.6
    endloop
  endfacet
  facet normal -0.447307 -0.89438 -0
    outer loop
      vertex 3.27891 -5.621 2.6
      vertex 3.1642 -5.56363 2
      vertex 3.27891 -5.621 2
    endloop
  endfacet
  facet normal 0 -1 0
    outer loop
      vertex 3.27891 -5.621 2
      vertex 3.48922 -5.621 2.6
      vertex 3.27891 -5.621 2.6
    endloop
  endfacet
  facet normal 0 -1 -0
    outer loop
      vertex 3.48922 -5.621 2.6
      vertex 3.27891 -5.621 2
      vertex 3.48922 -5.621 2
    endloop
  endfacet
  facet normal 0.447276 -0.894396 0
    outer loop
      vertex 3.48922 -5.621 2
      vertex 3.60394 -5.56363 2.6
      vertex 3.48922 -5.621 2.6
    endloop
  endfacet
  facet normal 0.447276 -0.894396 0
    outer loop
      vertex 3.60394 -5.56363 2.6
      vertex 3.48922 -5.621 2
      vertex 3.60394 -5.56363 2
    endloop
  endfacet
  facet normal 0.752558 -0.658526 0
    outer loop
      vertex 3.60394 -5.56363 2.6
      vertex 3.73777 -5.41069 2
      vertex 3.73777 -5.41069 2.6
    endloop
  endfacet
  facet normal 0.752558 -0.658526 0
    outer loop
      vertex 3.73777 -5.41069 2
      vertex 3.60394 -5.56363 2.6
      vertex 3.60394 -5.56363 2
    endloop
  endfacet
  facet normal 0.948799 -0.31588 0
    outer loop
      vertex 3.73777 -5.41069 2.6
      vertex 3.75687 -5.35332 2
      vertex 3.75687 -5.35332 2.6
    endloop
  endfacet
  facet normal 0.948799 -0.31588 0
    outer loop
      vertex 3.75687 -5.35332 2
      vertex 3.73777 -5.41069 2.6
      vertex 3.73777 -5.41069 2
    endloop
  endfacet
  facet normal 1 -0 0
    outer loop
      vertex 3.75687 -5.35332 2.6
      vertex 3.75687 -5.14301 2
      vertex 3.75687 -5.14301 2.6
    endloop
  endfacet
  facet normal 1 0 0
    outer loop
      vertex 3.75687 -5.14301 2
      vertex 3.75687 -5.35332 2.6
      vertex 3.75687 -5.35332 2
    endloop
  endfacet
  facet normal 0.706922 -0.707292 0
    outer loop
      vertex 3.75687 -5.14301 2
      vertex 3.776 -5.12389 2.6
      vertex 3.75687 -5.14301 2.6
    endloop
  endfacet
  facet normal 0.706922 -0.707292 0
    outer loop
      vertex 3.776 -5.12389 2.6
      vertex 3.75687 -5.14301 2
      vertex 3.776 -5.12389 2
    endloop
  endfacet
  facet normal 0.989949 -0.141421 0
    outer loop
      vertex 3.776 -5.12389 2.6
      vertex 3.79512 -4.99005 2
      vertex 3.79512 -4.99005 2.6
    endloop
  endfacet
  facet normal 0.989949 -0.141421 0
    outer loop
      vertex 3.79512 -4.99005 2
      vertex 3.776 -5.12389 2.6
      vertex 3.776 -5.12389 2
    endloop
  endfacet
  facet normal 0.799912 -0.600117 0
    outer loop
      vertex 3.79512 -4.99005 2.6
      vertex 3.85249 -4.91358 2
      vertex 3.85249 -4.91358 2.6
    endloop
  endfacet
  facet normal 0.799912 -0.600117 0
    outer loop
      vertex 3.85249 -4.91358 2
      vertex 3.79512 -4.99005 2.6
      vertex 3.79512 -4.99005 2
    endloop
  endfacet
  facet normal 0.447182 -0.894443 0
    outer loop
      vertex 3.85249 -4.91358 2
      vertex 3.96718 -4.85624 2.6
      vertex 3.85249 -4.91358 2.6
    endloop
  endfacet
  facet normal 0.447182 -0.894443 0
    outer loop
      vertex 3.96718 -4.85624 2.6
      vertex 3.85249 -4.91358 2
      vertex 3.96718 -4.85624 2
    endloop
  endfacet
  facet normal 0 -1 0
    outer loop
      vertex 3.96718 -4.85624 2
      vertex 4.0819 -4.85624 2.6
      vertex 3.96718 -4.85624 2.6
    endloop
  endfacet
  facet normal 0 -1 -0
    outer loop
      vertex 4.0819 -4.85624 2.6
      vertex 3.96718 -4.85624 2
      vertex 4.0819 -4.85624 2
    endloop
  endfacet
  facet normal -0.707107 -0.707107 0
    outer loop
      vertex 4.10102 -4.87536 2
      vertex 4.0819 -4.85624 2.6
      vertex 4.0819 -4.85624 2
    endloop
  endfacet
  facet normal -0.707107 -0.707107 0
    outer loop
      vertex 4.0819 -4.85624 2.6
      vertex 4.10102 -4.87536 2
      vertex 4.10102 -4.87536 2.6
    endloop
  endfacet
  facet normal -0.123907 -0.992294 0
    outer loop
      vertex 4.10102 -4.87536 2
      vertex 4.25398 -4.89446 2.6
      vertex 4.10102 -4.87536 2.6
    endloop
  endfacet
  facet normal -0.123907 -0.992294 -0
    outer loop
      vertex 4.25398 -4.89446 2.6
      vertex 4.10102 -4.87536 2
      vertex 4.25398 -4.89446 2
    endloop
  endfacet
  facet normal -0.413783 -0.910375 0
    outer loop
      vertex 4.25398 -4.89446 2
      vertex 4.46429 -4.99005 2.6
      vertex 4.25398 -4.89446 2.6
    endloop
  endfacet
  facet normal -0.413783 -0.910375 -0
    outer loop
      vertex 4.46429 -4.99005 2.6
      vertex 4.25398 -4.89446 2
      vertex 4.46429 -4.99005 2
    endloop
  endfacet
  facet normal -0.600017 -0.799987 0
    outer loop
      vertex 4.46429 -4.99005 2
      vertex 4.61723 -5.10476 2.6
      vertex 4.46429 -4.99005 2.6
    endloop
  endfacet
  facet normal -0.600017 -0.799987 -0
    outer loop
      vertex 4.61723 -5.10476 2.6
      vertex 4.46429 -4.99005 2
      vertex 4.61723 -5.10476 2
    endloop
  endfacet
  facet normal -0.768205 -0.640204 0
    outer loop
      vertex 4.80844 -5.3342 2
      vertex 4.61723 -5.10476 2.6
      vertex 4.61723 -5.10476 2
    endloop
  endfacet
  facet normal -0.768205 -0.640204 0
    outer loop
      vertex 4.61723 -5.10476 2.6
      vertex 4.80844 -5.3342 2
      vertex 4.80844 -5.3342 2.6
    endloop
  endfacet
  facet normal -0.406222 -0.913774 0
    outer loop
      vertex 4.80844 -5.3342 2
      vertex 4.9805 -5.41069 2.6
      vertex 4.80844 -5.3342 2.6
    endloop
  endfacet
  facet normal -0.406222 -0.913774 -0
    outer loop
      vertex 4.9805 -5.41069 2.6
      vertex 4.80844 -5.3342 2
      vertex 4.9805 -5.41069 2
    endloop
  endfacet
  facet normal 0 -1 0
    outer loop
      vertex 4.9805 -5.41069 2
      vertex 5.11434 -5.41069 2.6
      vertex 4.9805 -5.41069 2.6
    endloop
  endfacet
  facet normal 0 -1 -0
    outer loop
      vertex 5.11434 -5.41069 2.6
      vertex 4.9805 -5.41069 2
      vertex 5.11434 -5.41069 2
    endloop
  endfacet
  facet normal 0.316302 -0.948658 0
    outer loop
      vertex 5.11434 -5.41069 2
      vertex 5.22906 -5.37244 2.6
      vertex 5.11434 -5.41069 2.6
    endloop
  endfacet
  facet normal 0.316302 -0.948658 0
    outer loop
      vertex 5.22906 -5.37244 2.6
      vertex 5.11434 -5.41069 2
      vertex 5.22906 -5.37244 2
    endloop
  endfacet
  facet normal 0.650843 -0.759213 0
    outer loop
      vertex 5.22906 -5.37244 2
      vertex 5.36287 -5.25773 2.6
      vertex 5.22906 -5.37244 2.6
    endloop
  endfacet
  facet normal 0.650843 -0.759213 0
    outer loop
      vertex 5.36287 -5.25773 2.6
      vertex 5.22906 -5.37244 2
      vertex 5.36287 -5.25773 2
    endloop
  endfacet
  facet normal 0.894396 -0.447276 0
    outer loop
      vertex 5.36287 -5.25773 2.6
      vertex 5.42024 -5.14301 2
      vertex 5.42024 -5.14301 2.6
    endloop
  endfacet
  facet normal 0.894396 -0.447276 0
    outer loop
      vertex 5.42024 -5.14301 2
      vertex 5.36287 -5.25773 2.6
      vertex 5.36287 -5.25773 2
    endloop
  endfacet
  facet normal 0.995036 -0.099514 0
    outer loop
      vertex 5.42024 -5.14301 2.6
      vertex 5.43936 -4.95183 2
      vertex 5.43936 -4.95183 2.6
    endloop
  endfacet
  facet normal 0.995036 -0.099514 0
    outer loop
      vertex 5.43936 -4.95183 2
      vertex 5.42024 -5.14301 2.6
      vertex 5.42024 -5.14301 2
    endloop
  endfacet
  facet normal 0.948683 0.316228 0
    outer loop
      vertex 5.43936 -4.95183 2.6
      vertex 5.40112 -4.83711 2
      vertex 5.40112 -4.83711 2.6
    endloop
  endfacet
  facet normal 0.948683 0.316228 0
    outer loop
      vertex 5.40112 -4.83711 2
      vertex 5.43936 -4.95183 2.6
      vertex 5.43936 -4.95183 2
    endloop
  endfacet
  facet normal 0.847998 0.529999 0
    outer loop
      vertex 5.40112 -4.83711 2.6
      vertex 5.30552 -4.68415 2
      vertex 5.30552 -4.68415 2.6
    endloop
  endfacet
  facet normal 0.847998 0.529999 0
    outer loop
      vertex 5.30552 -4.68415 2
      vertex 5.40112 -4.83711 2.6
      vertex 5.40112 -4.83711 2
    endloop
  endfacet
  facet normal 0.707061 0.707153 -0
    outer loop
      vertex 5.30552 -4.68415 2
      vertex 5.15256 -4.53121 2.6
      vertex 5.30552 -4.68415 2.6
    endloop
  endfacet
  facet normal 0.707061 0.707153 0
    outer loop
      vertex 5.15256 -4.53121 2.6
      vertex 5.30552 -4.68415 2
      vertex 5.15256 -4.53121 2
    endloop
  endfacet
  facet normal 0.573503 0.819204 -0
    outer loop
      vertex 5.15256 -4.53121 2
      vertex 4.96138 -4.39737 2.6
      vertex 5.15256 -4.53121 2.6
    endloop
  endfacet
  facet normal 0.573503 0.819204 0
    outer loop
      vertex 4.96138 -4.39737 2.6
      vertex 5.15256 -4.53121 2
      vertex 4.96138 -4.39737 2
    endloop
  endfacet
  facet normal 0.425808 0.904814 -0
    outer loop
      vertex 4.96138 -4.39737 2
      vertex 4.63635 -4.24441 2.6
      vertex 4.96138 -4.39737 2.6
    endloop
  endfacet
  facet normal 0.425808 0.904814 0
    outer loop
      vertex 4.63635 -4.24441 2.6
      vertex 4.96138 -4.39737 2
      vertex 4.63635 -4.24441 2
    endloop
  endfacet
  facet normal 0.316211 0.948689 -0
    outer loop
      vertex 4.63635 -4.24441 2
      vertex 4.46429 -4.18706 2.6
      vertex 4.63635 -4.24441 2.6
    endloop
  endfacet
  facet normal 0.316211 0.948689 0
    outer loop
      vertex 4.46429 -4.18706 2.6
      vertex 4.63635 -4.24441 2
      vertex 4.46429 -4.18706 2
    endloop
  endfacet
  facet normal 0 1 -0
    outer loop
      vertex 4.46429 -4.18706 2
      vertex 4.40692 -4.18706 2.6
      vertex 4.46429 -4.18706 2.6
    endloop
  endfacet
  facet normal 0 1 0
    outer loop
      vertex 4.40692 -4.18706 2.6
      vertex 4.46429 -4.18706 2
      vertex 4.40692 -4.18706 2
    endloop
  endfacet
  facet normal 0.44726 0.894404 -0
    outer loop
      vertex 4.40692 -4.18706 2
      vertex 4.33045 -4.14882 2.6
      vertex 4.40692 -4.18706 2.6
    endloop
  endfacet
  facet normal 0.44726 0.894404 0
    outer loop
      vertex 4.33045 -4.14882 2.6
      vertex 4.40692 -4.18706 2
      vertex 4.33045 -4.14882 2
    endloop
  endfacet
  facet normal 0.227205 0.973847 -0
    outer loop
      vertex 4.33045 -4.14882 2
      vertex 3.75687 -4.015 2.6
      vertex 4.33045 -4.14882 2.6
    endloop
  endfacet
  facet normal 0.227205 0.973847 0
    outer loop
      vertex 3.75687 -4.015 2.6
      vertex 4.33045 -4.14882 2
      vertex 3.75687 -4.015 2
    endloop
  endfacet
  facet normal 0.725983 0.687712 0
    outer loop
      vertex 3.75687 -4.015 2.6
      vertex 3.41275 -3.65173 2
      vertex 3.41275 -3.65173 2.6
    endloop
  endfacet
  facet normal 0.725983 0.687712 0
    outer loop
      vertex 3.41275 -3.65173 2
      vertex 3.75687 -4.015 2.6
      vertex 3.75687 -4.015 2
    endloop
  endfacet
  facet normal 0.79435 0.60746 0
    outer loop
      vertex 3.41275 -3.65173 2.6
      vertex 2.91564 -3.00168 2
      vertex 2.91564 -3.00168 2.6
    endloop
  endfacet
  facet normal 0.79435 0.60746 0
    outer loop
      vertex 2.91564 -3.00168 2
      vertex 3.41275 -3.65173 2.6
      vertex 3.41275 -3.65173 2
    endloop
  endfacet
  facet normal 0.923085 0.384595 0
    outer loop
      vertex 2.91564 -3.00168 2.6
      vertex 2.82005 -2.77225 2
      vertex 2.82005 -2.77225 2.6
    endloop
  endfacet
  facet normal 0.923085 0.384595 0
    outer loop
      vertex 2.82005 -2.77225 2
      vertex 2.91564 -3.00168 2.6
      vertex 2.91564 -3.00168 2
    endloop
  endfacet
  facet normal 0.980557 0.196234 0
    outer loop
      vertex 2.82005 -2.77225 2.6
      vertex 2.80092 -2.67666 2
      vertex 2.80092 -2.67666 2.6
    endloop
  endfacet
  facet normal 0.980557 0.196234 0
    outer loop
      vertex 2.80092 -2.67666 2
      vertex 2.82005 -2.77225 2.6
      vertex 2.82005 -2.77225 2
    endloop
  endfacet
  facet normal 0.832095 0.554633 0
    outer loop
      vertex 2.80092 -2.67666 2.6
      vertex 2.7627 -2.61932 2
      vertex 2.7627 -2.61932 2.6
    endloop
  endfacet
  facet normal 0.832095 0.554633 0
    outer loop
      vertex 2.7627 -2.61932 2
      vertex 2.80092 -2.67666 2.6
      vertex 2.80092 -2.67666 2
    endloop
  endfacet
  facet normal 0.980589 0.196077 0
    outer loop
      vertex 2.7627 -2.61932 2.6
      vertex 2.74358 -2.5237 2
      vertex 2.74358 -2.5237 2.6
    endloop
  endfacet
  facet normal 0.980589 0.196077 0
    outer loop
      vertex 2.74358 -2.5237 2
      vertex 2.7627 -2.61932 2.6
      vertex 2.7627 -2.61932 2
    endloop
  endfacet
  facet normal 0.831939 0.554868 0
    outer loop
      vertex 2.74358 -2.5237 2.6
      vertex 2.70533 -2.46635 2
      vertex 2.70533 -2.46635 2.6
    endloop
  endfacet
  facet normal 0.831939 0.554868 0
    outer loop
      vertex 2.70533 -2.46635 2
      vertex 2.74358 -2.5237 2.6
      vertex 2.74358 -2.5237 2
    endloop
  endfacet
  facet normal 0.980577 0.196136 0
    outer loop
      vertex 2.70533 -2.46635 2.6
      vertex 2.68621 -2.37076 2
      vertex 2.68621 -2.37076 2.6
    endloop
  endfacet
  facet normal 0.980577 0.196136 0
    outer loop
      vertex 2.68621 -2.37076 2
      vertex 2.70533 -2.46635 2.6
      vertex 2.70533 -2.46635 2
    endloop
  endfacet
  facet normal 0.832229 0.554432 0
    outer loop
      vertex 2.68621 -2.37076 2.6
      vertex 2.64799 -2.31339 2
      vertex 2.64799 -2.31339 2.6
    endloop
  endfacet
  facet normal 0.832229 0.554432 0
    outer loop
      vertex 2.64799 -2.31339 2
      vertex 2.68621 -2.37076 2.6
      vertex 2.68621 -2.37076 2
    endloop
  endfacet
  facet normal 0.948672 0.316261 0
    outer loop
      vertex 2.64799 -2.31339 2.6
      vertex 2.4759 -1.79718 2
      vertex 2.4759 -1.79718 2.6
    endloop
  endfacet
  facet normal 0.948672 0.316261 0
    outer loop
      vertex 2.4759 -1.79718 2
      vertex 2.64799 -2.31339 2.6
      vertex 2.64799 -2.31339 2
    endloop
  endfacet
  facet normal 0.970135 -0.242565 0
    outer loop
      vertex 2.4759 -1.79718 2.6
      vertex 2.49502 -1.72071 2
      vertex 2.49502 -1.72071 2.6
    endloop
  endfacet
  facet normal 0.970135 -0.242565 0
    outer loop
      vertex 2.49502 -1.72071 2
      vertex 2.4759 -1.79718 2.6
      vertex 2.4759 -1.79718 2
    endloop
  endfacet
  facet normal 0.707107 -0.707107 0
    outer loop
      vertex 2.49502 -1.72071 2
      vertex 2.53327 -1.68246 2.6
      vertex 2.49502 -1.72071 2.6
    endloop
  endfacet
  facet normal 0.707107 -0.707107 0
    outer loop
      vertex 2.53327 -1.68246 2.6
      vertex 2.49502 -1.72071 2
      vertex 2.53327 -1.68246 2
    endloop
  endfacet
  facet normal 0.894439 -0.44719 0
    outer loop
      vertex 2.53327 -1.68246 2.6
      vertex 2.68621 -1.37656 2
      vertex 2.68621 -1.37656 2.6
    endloop
  endfacet
  facet normal 0.894439 -0.44719 0
    outer loop
      vertex 2.68621 -1.37656 2
      vertex 2.53327 -1.68246 2.6
      vertex 2.53327 -1.68246 2
    endloop
  endfacet
  facet normal 1 -0 0
    outer loop
      vertex 2.68621 -1.37656 2.6
      vertex 2.68621 -1.33834 2
      vertex 2.68621 -1.33834 2.6
    endloop
  endfacet
  facet normal 1 0 0
    outer loop
      vertex 2.68621 -1.33834 2
      vertex 2.68621 -1.37656 2.6
      vertex 2.68621 -1.37656 2
    endloop
  endfacet
  facet normal 0.894435 -0.447198 0
    outer loop
      vertex 2.68621 -1.33834 2.6
      vertex 2.80092 -1.10891 2
      vertex 2.80092 -1.10891 2.6
    endloop
  endfacet
  facet normal 0.894435 -0.447198 0
    outer loop
      vertex 2.80092 -1.10891 2
      vertex 2.68621 -1.33834 2.6
      vertex 2.68621 -1.33834 2
    endloop
  endfacet
  facet normal 0.980557 -0.196234 0
    outer loop
      vertex 2.80092 -1.10891 2.6
      vertex 2.82005 -1.01332 2
      vertex 2.82005 -1.01332 2.6
    endloop
  endfacet
  facet normal 0.980557 -0.196234 0
    outer loop
      vertex 2.82005 -1.01332 2
      vertex 2.80092 -1.10891 2.6
      vertex 2.80092 -1.10891 2
    endloop
  endfacet
  facet normal 0.857501 -0.514483 0
    outer loop
      vertex 2.82005 -1.01332 2.6
      vertex 2.87742 -0.9177 2
      vertex 2.87742 -0.9177 2.6
    endloop
  endfacet
  facet normal 0.857501 -0.514483 0
    outer loop
      vertex 2.87742 -0.9177 2
      vertex 2.82005 -1.01332 2.6
      vertex 2.82005 -1.01332 2
    endloop
  endfacet
  facet normal -0.743333 -0.668922 0
    outer loop
      vertex 3.22154 -1.3001 2
      vertex 2.87742 -0.9177 2.6
      vertex 2.87742 -0.9177 2
    endloop
  endfacet
  facet normal -0.743333 -0.668922 0
    outer loop
      vertex 2.87742 -0.9177 2.6
      vertex 3.22154 -1.3001 2
      vertex 3.22154 -1.3001 2.6
    endloop
  endfacet
  facet normal -0.680442 -0.732802 0
    outer loop
      vertex 3.22154 -1.3001 2
      vertex 3.75687 -1.79718 2.6
      vertex 3.22154 -1.3001 2.6
    endloop
  endfacet
  facet normal -0.680442 -0.732802 -0
    outer loop
      vertex 3.75687 -1.79718 2.6
      vertex 3.22154 -1.3001 2
      vertex 3.75687 -1.79718 2
    endloop
  endfacet
  facet normal -0.571781 -0.820406 0
    outer loop
      vertex 3.75687 -1.79718 2
      vertex 4.38782 -2.23692 2.6
      vertex 3.75687 -1.79718 2.6
    endloop
  endfacet
  facet normal -0.571781 -0.820406 -0
    outer loop
      vertex 4.38782 -2.23692 2.6
      vertex 3.75687 -1.79718 2
      vertex 4.38782 -2.23692 2
    endloop
  endfacet
  facet normal -0.447214 -0.894427 0
    outer loop
      vertex 4.38782 -2.23692 2
      vertex 4.80844 -2.44723 2.6
      vertex 4.38782 -2.23692 2.6
    endloop
  endfacet
  facet normal -0.447214 -0.894427 -0
    outer loop
      vertex 4.80844 -2.44723 2.6
      vertex 4.38782 -2.23692 2
      vertex 4.80844 -2.44723 2
    endloop
  endfacet
  facet normal -0.287421 -0.957804 0
    outer loop
      vertex 4.80844 -2.44723 2
      vertex 4.99962 -2.5046 2.6
      vertex 4.80844 -2.44723 2.6
    endloop
  endfacet
  facet normal -0.287421 -0.957804 -0
    outer loop
      vertex 4.99962 -2.5046 2.6
      vertex 4.80844 -2.44723 2
      vertex 4.99962 -2.5046 2
    endloop
  endfacet
  facet normal -0.554566 -0.83214 0
    outer loop
      vertex 4.99962 -2.5046 2
      vertex 5.05697 -2.54282 2.6
      vertex 4.99962 -2.5046 2.6
    endloop
  endfacet
  facet normal -0.554566 -0.83214 -0
    outer loop
      vertex 5.05697 -2.54282 2.6
      vertex 4.99962 -2.5046 2
      vertex 5.05697 -2.54282 2
    endloop
  endfacet
  facet normal 0 -1 0
    outer loop
      vertex 5.05697 -2.54282 2
      vertex 5.11434 -2.54282 2.6
      vertex 5.05697 -2.54282 2.6
    endloop
  endfacet
  facet normal 0 -1 -0
    outer loop
      vertex 5.11434 -2.54282 2.6
      vertex 5.05697 -2.54282 2
      vertex 5.11434 -2.54282 2
    endloop
  endfacet
  facet normal -0.316315 -0.948654 0
    outer loop
      vertex 5.11434 -2.54282 2
      vertex 5.34377 -2.61932 2.6
      vertex 5.11434 -2.54282 2.6
    endloop
  endfacet
  facet normal -0.316315 -0.948654 -0
    outer loop
      vertex 5.34377 -2.61932 2.6
      vertex 5.11434 -2.54282 2
      vertex 5.34377 -2.61932 2
    endloop
  endfacet
  facet normal -0.0903991 -0.995906 0
    outer loop
      vertex 5.34377 -2.61932 2
      vertex 5.55408 -2.63841 2.6
      vertex 5.34377 -2.61932 2.6
    endloop
  endfacet
  facet normal -0.0903991 -0.995906 -0
    outer loop
      vertex 5.55408 -2.63841 2.6
      vertex 5.34377 -2.61932 2
      vertex 5.55408 -2.63841 2
    endloop
  endfacet
  facet normal -0.707292 -0.706922 0
    outer loop
      vertex 5.5732 -2.65754 2
      vertex 5.55408 -2.63841 2.6
      vertex 5.55408 -2.63841 2
    endloop
  endfacet
  facet normal -0.707292 -0.706922 0
    outer loop
      vertex 5.55408 -2.63841 2.6
      vertex 5.5732 -2.65754 2
      vertex 5.5732 -2.65754 2.6
    endloop
  endfacet
  facet normal 0 -1 0
    outer loop
      vertex 5.5732 -2.65754 2
      vertex 5.85998 -2.65754 2.6
      vertex 5.5732 -2.65754 2.6
    endloop
  endfacet
  facet normal 0 -1 -0
    outer loop
      vertex 5.85998 -2.65754 2.6
      vertex 5.5732 -2.65754 2
      vertex 5.85998 -2.65754 2
    endloop
  endfacet
  facet normal -0.707107 -0.707107 0
    outer loop
      vertex 5.8791 -2.67666 2
      vertex 5.85998 -2.65754 2.6
      vertex 5.85998 -2.65754 2
    endloop
  endfacet
  facet normal -0.707107 -0.707107 0
    outer loop
      vertex 5.85998 -2.65754 2.6
      vertex 5.8791 -2.67666 2
      vertex 5.8791 -2.67666 2.6
    endloop
  endfacet
  facet normal 0.707477 -0.706737 0
    outer loop
      vertex 5.8791 -2.67666 2.6
      vertex 5.8982 -2.65754 2
      vertex 5.8982 -2.65754 2.6
    endloop
  endfacet
  facet normal 0.707477 -0.706737 0
    outer loop
      vertex 5.8982 -2.65754 2
      vertex 5.8791 -2.67666 2.6
      vertex 5.8791 -2.67666 2
    endloop
  endfacet
  facet normal 0.0555005 -0.998459 0
    outer loop
      vertex 5.8982 -2.65754 2
      vertex 6.24235 -2.63841 2.6
      vertex 5.8982 -2.65754 2.6
    endloop
  endfacet
  facet normal 0.0555005 -0.998459 0
    outer loop
      vertex 6.24235 -2.63841 2.6
      vertex 5.8982 -2.65754 2
      vertex 6.24235 -2.63841 2
    endloop
  endfacet
  facet normal 0.267625 -0.963523 0
    outer loop
      vertex 6.24235 -2.63841 2
      vertex 6.5865 -2.54282 2.6
      vertex 6.24235 -2.63841 2.6
    endloop
  endfacet
  facet normal 0.267625 -0.963523 0
    outer loop
      vertex 6.5865 -2.54282 2.6
      vertex 6.24235 -2.63841 2
      vertex 6.5865 -2.54282 2
    endloop
  endfacet
  facet normal 0.464017 -0.885826 0
    outer loop
      vertex 6.5865 -2.54282 2
      vertex 6.98799 -2.33251 2.6
      vertex 6.5865 -2.54282 2.6
    endloop
  endfacet
  facet normal 0.464017 -0.885826 0
    outer loop
      vertex 6.98799 -2.33251 2.6
      vertex 6.5865 -2.54282 2
      vertex 6.98799 -2.33251 2
    endloop
  endfacet
  facet normal 0.831894 -0.554935 0
    outer loop
      vertex 6.98799 -2.33251 2.6
      vertex 7.02624 -2.27517 2
      vertex 7.02624 -2.27517 2.6
    endloop
  endfacet
  facet normal 0.831894 -0.554935 0
    outer loop
      vertex 7.02624 -2.27517 2
      vertex 6.98799 -2.33251 2.6
      vertex 6.98799 -2.33251 2
    endloop
  endfacet
  facet normal 0.980557 0.196234 0
    outer loop
      vertex 7.02624 -2.27517 2.6
      vertex 7.00711 -2.17958 2
      vertex 7.00711 -2.17958 2.6
    endloop
  endfacet
  facet normal 0.980557 0.196234 0
    outer loop
      vertex 7.00711 -2.17958 2
      vertex 7.02624 -2.27517 2.6
      vertex 7.02624 -2.27517 2
    endloop
  endfacet
  facet normal 0.644153 0.764897 -0
    outer loop
      vertex 7.00711 -2.17958 2
      vertex 6.64387 -1.87368 2.6
      vertex 7.00711 -2.17958 2.6
    endloop
  endfacet
  facet normal 0.644153 0.764897 0
    outer loop
      vertex 6.64387 -1.87368 2.6
      vertex 7.00711 -2.17958 2
      vertex 6.64387 -1.87368 2
    endloop
  endfacet
  facet normal 0.707107 0.707107 0
    outer loop
      vertex 6.64387 -1.87368 2.6
      vertex 6.07029 -1.3001 2
      vertex 6.07029 -1.3001 2.6
    endloop
  endfacet
  facet normal 0.707107 0.707107 0
    outer loop
      vertex 6.07029 -1.3001 2
      vertex 6.64387 -1.87368 2.6
      vertex 6.64387 -1.87368 2
    endloop
  endfacet
  facet normal 0.763381 0.645949 0
    outer loop
      vertex 6.07029 -1.3001 2.6
      vertex 5.64967 -0.803012 2
      vertex 5.64967 -0.803012 2.6
    endloop
  endfacet
  facet normal 0.763381 0.645949 0
    outer loop
      vertex 5.64967 -0.803012 2
      vertex 6.07029 -1.3001 2.6
      vertex 6.07029 -1.3001 2
    endloop
  endfacet
  facet normal 0.81923 0.573465 0
    outer loop
      vertex 5.64967 -0.803012 2.6
      vertex 5.38199 -0.420615 2
      vertex 5.38199 -0.420615 2.6
    endloop
  endfacet
  facet normal 0.81923 0.573465 0
    outer loop
      vertex 5.38199 -0.420615 2
      vertex 5.64967 -0.803012 2.6
      vertex 5.64967 -0.803012 2
    endloop
  endfacet
  facet normal 0.706977 -0.707236 0
    outer loop
      vertex 5.38199 -0.420615 2
      vertex 5.40112 -0.401492 2.6
      vertex 5.38199 -0.420615 2.6
    endloop
  endfacet
  facet normal 0.706977 -0.707236 0
    outer loop
      vertex 5.40112 -0.401492 2.6
      vertex 5.38199 -0.420615 2
      vertex 5.40112 -0.401492 2
    endloop
  endfacet
  facet normal -0.535057 -0.844816 0
    outer loop
      vertex 5.40112 -0.401492 2
      vertex 5.9747 -0.764764 2.6
      vertex 5.40112 -0.401492 2.6
    endloop
  endfacet
  facet normal -0.535057 -0.844816 -0
    outer loop
      vertex 5.9747 -0.764764 2.6
      vertex 5.40112 -0.401492 2
      vertex 5.9747 -0.764764 2
    endloop
  endfacet
  facet normal -0.371491 -0.928436 0
    outer loop
      vertex 5.9747 -0.764764 2
      vertex 6.07029 -0.803012 2.6
      vertex 5.9747 -0.764764 2.6
    endloop
  endfacet
  facet normal -0.371491 -0.928436 -0
    outer loop
      vertex 6.07029 -0.803012 2.6
      vertex 5.9747 -0.764764 2
      vertex 6.07029 -0.803012 2
    endloop
  endfacet
  facet normal -0.519919 -0.854216 0
    outer loop
      vertex 6.07029 -0.803012 2
      vertex 6.51003 -1.07066 2.6
      vertex 6.07029 -0.803012 2.6
    endloop
  endfacet
  facet normal -0.519919 -0.854216 -0
    outer loop
      vertex 6.51003 -1.07066 2.6
      vertex 6.07029 -0.803012 2
      vertex 6.51003 -1.07066 2
    endloop
  endfacet
  facet normal -0.447234 -0.894417 0
    outer loop
      vertex 6.51003 -1.07066 2
      vertex 7.04536 -1.33834 2.6
      vertex 6.51003 -1.07066 2.6
    endloop
  endfacet
  facet normal -0.447234 -0.894417 -0
    outer loop
      vertex 7.04536 -1.33834 2.6
      vertex 6.51003 -1.07066 2
      vertex 7.04536 -1.33834 2
    endloop
  endfacet
  facet normal 0 -1 0
    outer loop
      vertex 7.04536 -1.33834 2
      vertex 7.08358 -1.33834 2.6
      vertex 7.04536 -1.33834 2.6
    endloop
  endfacet
  facet normal 0 -1 -0
    outer loop
      vertex 7.08358 -1.33834 2.6
      vertex 7.04536 -1.33834 2
      vertex 7.08358 -1.33834 2
    endloop
  endfacet
  facet normal -0.514351 -0.85758 0
    outer loop
      vertex 7.08358 -1.33834 2
      vertex 7.1792 -1.39569 2.6
      vertex 7.08358 -1.33834 2.6
    endloop
  endfacet
  facet normal -0.514351 -0.85758 -0
    outer loop
      vertex 7.1792 -1.39569 2.6
      vertex 7.08358 -1.33834 2
      vertex 7.1792 -1.39569 2
    endloop
  endfacet
  facet normal -0.33871 -0.940891 0
    outer loop
      vertex 7.1792 -1.39569 2
      vertex 7.65716 -1.56775 2.6
      vertex 7.1792 -1.39569 2.6
    endloop
  endfacet
  facet normal -0.33871 -0.940891 -0
    outer loop
      vertex 7.65716 -1.56775 2.6
      vertex 7.1792 -1.39569 2
      vertex 7.65716 -1.56775 2
    endloop
  endfacet
  facet normal 0 -1 0
    outer loop
      vertex 7.65716 -1.56775 2
      vertex 7.71453 -1.56775 2.6
      vertex 7.65716 -1.56775 2.6
    endloop
  endfacet
  facet normal 0 -1 -0
    outer loop
      vertex 7.71453 -1.56775 2.6
      vertex 7.65716 -1.56775 2
      vertex 7.71453 -1.56775 2
    endloop
  endfacet
  facet normal -0.371508 -0.92843 0
    outer loop
      vertex 7.71453 -1.56775 2
      vertex 7.81012 -1.606 2.6
      vertex 7.71453 -1.56775 2.6
    endloop
  endfacet
  facet normal -0.371508 -0.92843 -0
    outer loop
      vertex 7.81012 -1.606 2.6
      vertex 7.71453 -1.56775 2
      vertex 7.81012 -1.606 2
    endloop
  endfacet
  facet normal 0 -1 0
    outer loop
      vertex 7.81012 -1.606 2
      vertex 7.90571 -1.606 2.6
      vertex 7.81012 -1.606 2.6
    endloop
  endfacet
  facet normal 0 -1 -0
    outer loop
      vertex 7.90571 -1.606 2.6
      vertex 7.81012 -1.606 2
      vertex 7.90571 -1.606 2
    endloop
  endfacet
  facet normal -0.706922 -0.707292 0
    outer loop
      vertex 7.92484 -1.62512 2
      vertex 7.90571 -1.606 2.6
      vertex 7.90571 -1.606 2
    endloop
  endfacet
  facet normal -0.706922 -0.707292 0
    outer loop
      vertex 7.90571 -1.606 2.6
      vertex 7.92484 -1.62512 2
      vertex 7.92484 -1.62512 2.6
    endloop
  endfacet
  facet normal 0 -1 0
    outer loop
      vertex 7.92484 -1.62512 2
      vertex 8.02043 -1.62512 2.6
      vertex 7.92484 -1.62512 2.6
    endloop
  endfacet
  facet normal 0 -1 -0
    outer loop
      vertex 8.02043 -1.62512 2.6
      vertex 7.92484 -1.62512 2
      vertex 8.02043 -1.62512 2
    endloop
  endfacet
  facet normal -0.706922 -0.707292 0
    outer loop
      vertex 8.03956 -1.64424 2
      vertex 8.02043 -1.62512 2.6
      vertex 8.02043 -1.62512 2
    endloop
  endfacet
  facet normal -0.706922 -0.707292 0
    outer loop
      vertex 8.02043 -1.62512 2.6
      vertex 8.03956 -1.64424 2
      vertex 8.03956 -1.64424 2.6
    endloop
  endfacet
  facet normal 0 -1 0
    outer loop
      vertex 8.03956 -1.64424 2
      vertex 8.44105 -1.64424 2.6
      vertex 8.03956 -1.64424 2.6
    endloop
  endfacet
  facet normal 0 -1 -0
    outer loop
      vertex 8.44105 -1.64424 2.6
      vertex 8.03956 -1.64424 2
      vertex 8.44105 -1.64424 2
    endloop
  endfacet
  facet normal 0.707107 -0.707107 0
    outer loop
      vertex 8.44105 -1.64424 2.6
      vertex 8.46017 -1.62512 2
      vertex 8.46017 -1.62512 2.6
    endloop
  endfacet
  facet normal 0.707107 -0.707107 0
    outer loop
      vertex 8.46017 -1.62512 2
      vertex 8.44105 -1.64424 2.6
      vertex 8.44105 -1.64424 2
    endloop
  endfacet
  facet normal 0 -1 0
    outer loop
      vertex 8.46017 -1.62512 2
      vertex 8.55576 -1.62512 2.6
      vertex 8.46017 -1.62512 2.6
    endloop
  endfacet
  facet normal 0 -1 -0
    outer loop
      vertex 8.55576 -1.62512 2.6
      vertex 8.46017 -1.62512 2
      vertex 8.55576 -1.62512 2
    endloop
  endfacet
  facet normal 0.282147 -0.959371 0
    outer loop
      vertex 8.55576 -1.62512 2
      vertex 8.88079 -1.52953 2.6
      vertex 8.55576 -1.62512 2.6
    endloop
  endfacet
  facet normal 0.282147 -0.959371 0
    outer loop
      vertex 8.88079 -1.52953 2.6
      vertex 8.55576 -1.62512 2
      vertex 8.88079 -1.52953 2
    endloop
  endfacet
  facet normal 0.478862 -0.87789 0
    outer loop
      vertex 8.88079 -1.52953 2
      vertex 9.3014 -1.3001 2.6
      vertex 8.88079 -1.52953 2.6
    endloop
  endfacet
  facet normal 0.478862 -0.87789 0
    outer loop
      vertex 9.3014 -1.3001 2.6
      vertex 8.88079 -1.52953 2
      vertex 9.3014 -1.3001 2
    endloop
  endfacet
  facet normal 0.613985 -0.789318 0
    outer loop
      vertex 9.3014 -1.3001 2
      vertex 9.47346 -1.16626 2.6
      vertex 9.3014 -1.3001 2.6
    endloop
  endfacet
  facet normal 0.613985 -0.789318 0
    outer loop
      vertex 9.47346 -1.16626 2.6
      vertex 9.3014 -1.3001 2
      vertex 9.47346 -1.16626 2
    endloop
  endfacet
  facet normal 0.707037 -0.707176 0
    outer loop
      vertex 9.47346 -1.16626 2
      vertex 9.62643 -1.01332 2.6
      vertex 9.47346 -1.16626 2.6
    endloop
  endfacet
  facet normal 0.707037 -0.707176 0
    outer loop
      vertex 9.62643 -1.01332 2.6
      vertex 9.47346 -1.16626 2
      vertex 9.62643 -1.01332 2
    endloop
  endfacet
  facet normal 0.813763 -0.581197 0
    outer loop
      vertex 9.62643 -1.01332 2.6
      vertex 9.9132 -0.611799 2
      vertex 9.9132 -0.611799 2.6
    endloop
  endfacet
  facet normal 0.813763 -0.581197 0
    outer loop
      vertex 9.9132 -0.611799 2
      vertex 9.62643 -1.01332 2.6
      vertex 9.62643 -1.01332 2
    endloop
  endfacet
  facet normal 0.906217 -0.422812 0
    outer loop
      vertex 9.9132 -0.611799 2.6
      vertex 10.047 -0.325024 2
      vertex 10.047 -0.325024 2.6
    endloop
  endfacet
  facet normal 0.906217 -0.422812 0
    outer loop
      vertex 10.047 -0.325024 2
      vertex 9.9132 -0.611799 2.6
      vertex 9.9132 -0.611799 2
    endloop
  endfacet
  facet normal 0.980617 0.195933 0
    outer loop
      vertex 10.047 -0.325024 2.6
      vertex 10.0279 -0.229431 2
      vertex 10.0279 -0.229431 2.6
    endloop
  endfacet
  facet normal 0.980617 0.195933 0
    outer loop
      vertex 10.0279 -0.229431 2
      vertex 10.047 -0.325024 2.6
      vertex 10.047 -0.325024 2
    endloop
  endfacet
  facet normal 0.707264 0.70695 -0
    outer loop
      vertex 10.0279 -0.229431 2
      vertex 9.98967 -0.191184 2.6
      vertex 10.0279 -0.229431 2.6
    endloop
  endfacet
  facet normal 0.707264 0.70695 0
    outer loop
      vertex 9.98967 -0.191184 2.6
      vertex 10.0279 -0.229431 2
      vertex 9.98967 -0.191184 2
    endloop
  endfacet
  facet normal 0 1 -0
    outer loop
      vertex 9.98967 -0.191184 2
      vertex 9.93233 -0.191184 2.6
      vertex 9.98967 -0.191184 2.6
    endloop
  endfacet
  facet normal 0 1 0
    outer loop
      vertex 9.93233 -0.191184 2.6
      vertex 9.98967 -0.191184 2
      vertex 9.93233 -0.191184 2
    endloop
  endfacet
  facet normal 0.706996 0.707218 0
    outer loop
      vertex 9.93233 -0.191184 2.6
      vertex 9.9132 -0.17206 2
      vertex 9.9132 -0.17206 2.6
    endloop
  endfacet
  facet normal 0.706996 0.707218 0
    outer loop
      vertex 9.9132 -0.17206 2
      vertex 9.93233 -0.191184 2.6
      vertex 9.93233 -0.191184 2
    endloop
  endfacet
  facet normal 0.159233 0.987241 -0
    outer loop
      vertex 9.9132 -0.17206 2
      vertex 9.32053 -0.0764675 2.6
      vertex 9.9132 -0.17206 2.6
    endloop
  endfacet
  facet normal 0.159233 0.987241 0
    outer loop
      vertex 9.32053 -0.0764675 2.6
      vertex 9.9132 -0.17206 2
      vertex 9.32053 -0.0764675 2
    endloop
  endfacet
  facet normal 0.371151 0.928572 -0
    outer loop
      vertex 9.32053 -0.0764675 2
      vertex 9.22491 -0.0382481 2.6
      vertex 9.32053 -0.0764675 2.6
    endloop
  endfacet
  facet normal 0.371151 0.928572 0
    outer loop
      vertex 9.22491 -0.0382481 2.6
      vertex 9.32053 -0.0764675 2
      vertex 9.22491 -0.0382481 2
    endloop
  endfacet
  facet normal 0 1 -0
    outer loop
      vertex 9.22491 -0.0382481 2
      vertex 9.14844 -0.0382481 2.6
      vertex 9.22491 -0.0382481 2.6
    endloop
  endfacet
  facet normal 0 1 0
    outer loop
      vertex 9.14844 -0.0382481 2.6
      vertex 9.22491 -0.0382481 2
      vertex 9.14844 -0.0382481 2
    endloop
  endfacet
  facet normal 0.371492 0.928436 -0
    outer loop
      vertex 9.14844 -0.0382481 2
      vertex 9.05285 0 2.6
      vertex 9.14844 -0.0382481 2.6
    endloop
  endfacet
  facet normal 0.371492 0.928436 0
    outer loop
      vertex 9.05285 0 2.6
      vertex 9.14844 -0.0382481 2
      vertex 9.05285 0 2
    endloop
  endfacet
  facet normal 0.164436 0.986388 -0
    outer loop
      vertex 9.05285 0 2
      vertex 8.82342 0.0382471 2.6
      vertex 9.05285 0 2.6
    endloop
  endfacet
  facet normal 0.164436 0.986388 0
    outer loop
      vertex 8.82342 0.0382471 2.6
      vertex 9.05285 0 2
      vertex 8.82342 0.0382471 2
    endloop
  endfacet
  facet normal 0.303159 0.95294 -0
    outer loop
      vertex 8.82342 0.0382471 2
      vertex 8.4028 0.172059 2.6
      vertex 8.82342 0.0382471 2.6
    endloop
  endfacet
  facet normal 0.303159 0.95294 0
    outer loop
      vertex 8.4028 0.172059 2.6
      vertex 8.82342 0.0382471 2
      vertex 8.4028 0.172059 2
    endloop
  endfacet
  facet normal 0 1 -0
    outer loop
      vertex 8.4028 0.172059 2
      vertex 8.34546 0.172059 2.6
      vertex 8.4028 0.172059 2.6
    endloop
  endfacet
  facet normal 0 1 0
    outer loop
      vertex 8.34546 0.172059 2.6
      vertex 8.4028 0.172059 2
      vertex 8.34546 0.172059 2
    endloop
  endfacet
  facet normal 0.34665 0.937995 -0
    outer loop
      vertex 8.34546 0.172059 2
      vertex 7.46598 0.497084 2.6
      vertex 8.34546 0.172059 2.6
    endloop
  endfacet
  facet normal 0.34665 0.937995 0
    outer loop
      vertex 7.46598 0.497084 2.6
      vertex 8.34546 0.172059 2
      vertex 7.46598 0.497084 2
    endloop
  endfacet
  facet normal 0.437462 0.899237 -0
    outer loop
      vertex 7.46598 0.497084 2
      vertex 6.75856 0.841231 2.6
      vertex 7.46598 0.497084 2.6
    endloop
  endfacet
  facet normal 0.437462 0.899237 0
    outer loop
      vertex 6.75856 0.841231 2.6
      vertex 7.46598 0.497084 2
      vertex 6.75856 0.841231 2
    endloop
  endfacet
  facet normal 0.707181 -0.707033 0
    outer loop
      vertex 6.75856 0.841231 2.6
      vertex 6.77768 0.860355 2
      vertex 6.77768 0.860355 2.6
    endloop
  endfacet
  facet normal 0.707181 -0.707033 0
    outer loop
      vertex 6.77768 0.860355 2
      vertex 6.75856 0.841231 2.6
      vertex 6.75856 0.841231 2
    endloop
  endfacet
  facet normal 0 -1 0
    outer loop
      vertex 6.77768 0.860355 2
      vertex 6.83505 0.860355 2.6
      vertex 6.77768 0.860355 2.6
    endloop
  endfacet
  facet normal 0 -1 -0
    outer loop
      vertex 6.83505 0.860355 2.6
      vertex 6.77768 0.860355 2
      vertex 6.83505 0.860355 2
    endloop
  endfacet
  facet normal -0.371491 -0.928436 0
    outer loop
      vertex 6.83505 0.860355 2
      vertex 6.93064 0.822107 2.6
      vertex 6.83505 0.860355 2.6
    endloop
  endfacet
  facet normal -0.371491 -0.928436 -0
    outer loop
      vertex 6.93064 0.822107 2.6
      vertex 6.83505 0.860355 2
      vertex 6.93064 0.822107 2
    endloop
  endfacet
  facet normal -0.110307 -0.993898 0
    outer loop
      vertex 6.93064 0.822107 2
      vertex 7.1027 0.803011 2.6
      vertex 6.93064 0.822107 2.6
    endloop
  endfacet
  facet normal -0.110307 -0.993898 -0
    outer loop
      vertex 7.1027 0.803011 2.6
      vertex 6.93064 0.822107 2
      vertex 7.1027 0.803011 2
    endloop
  endfacet
  facet normal -0.371458 -0.92845 0
    outer loop
      vertex 7.1027 0.803011 2
      vertex 7.1983 0.764763 2.6
      vertex 7.1027 0.803011 2.6
    endloop
  endfacet
  facet normal -0.371458 -0.92845 -0
    outer loop
      vertex 7.1983 0.764763 2.6
      vertex 7.1027 0.803011 2
      vertex 7.1983 0.764763 2
    endloop
  endfacet
  facet normal 0 -1 0
    outer loop
      vertex 7.1983 0.764763 2
      vertex 7.27479 0.764763 2.6
      vertex 7.1983 0.764763 2.6
    endloop
  endfacet
  facet normal 0 -1 -0
    outer loop
      vertex 7.27479 0.764763 2.6
      vertex 7.1983 0.764763 2
      vertex 7.27479 0.764763 2
    endloop
  endfacet
  facet normal -0.707551 -0.706663 0
    outer loop
      vertex 7.29389 0.745639 2
      vertex 7.27479 0.764763 2.6
      vertex 7.27479 0.764763 2
    endloop
  endfacet
  facet normal -0.707551 -0.706663 0
    outer loop
      vertex 7.27479 0.764763 2.6
      vertex 7.29389 0.745639 2
      vertex 7.29389 0.745639 2.6
    endloop
  endfacet
  facet normal 0 -1 0
    outer loop
      vertex 7.29389 0.745639 2
      vertex 7.37038 0.745639 2.6
      vertex 7.29389 0.745639 2.6
    endloop
  endfacet
  facet normal 0 -1 -0
    outer loop
      vertex 7.37038 0.745639 2.6
      vertex 7.29389 0.745639 2
      vertex 7.37038 0.745639 2
    endloop
  endfacet
  facet normal -0.706996 -0.707218 0
    outer loop
      vertex 7.38951 0.726515 2
      vertex 7.37038 0.745639 2.6
      vertex 7.37038 0.745639 2
    endloop
  endfacet
  facet normal -0.706996 -0.707218 0
    outer loop
      vertex 7.37038 0.745639 2.6
      vertex 7.38951 0.726515 2
      vertex 7.38951 0.726515 2.6
    endloop
  endfacet
  facet normal 0 -1 0
    outer loop
      vertex 7.38951 0.726515 2
      vertex 7.46598 0.726515 2.6
      vertex 7.38951 0.726515 2.6
    endloop
  endfacet
  facet normal 0 -1 -0
    outer loop
      vertex 7.46598 0.726515 2.6
      vertex 7.38951 0.726515 2
      vertex 7.46598 0.726515 2
    endloop
  endfacet
  facet normal -0.707162 -0.707051 0
    outer loop
      vertex 7.46598 0.726515 2
      vertex 7.4851 0.707392 2.6
      vertex 7.46598 0.726515 2.6
    endloop
  endfacet
  facet normal -0.707162 -0.707051 -0
    outer loop
      vertex 7.4851 0.707392 2.6
      vertex 7.46598 0.726515 2
      vertex 7.4851 0.707392 2
    endloop
  endfacet
  facet normal 0 -1 0
    outer loop
      vertex 7.4851 0.707392 2
      vertex 7.56157 0.707392 2.6
      vertex 7.4851 0.707392 2.6
    endloop
  endfacet
  facet normal 0 -1 -0
    outer loop
      vertex 7.56157 0.707392 2.6
      vertex 7.4851 0.707392 2
      vertex 7.56157 0.707392 2
    endloop
  endfacet
  facet normal -0.316111 -0.948722 0
    outer loop
      vertex 7.56157 0.707392 2
      vertex 7.67628 0.669171 2.6
      vertex 7.56157 0.707392 2.6
    endloop
  endfacet
  facet normal -0.316111 -0.948722 -0
    outer loop
      vertex 7.67628 0.669171 2.6
      vertex 7.56157 0.707392 2
      vertex 7.67628 0.669171 2
    endloop
  endfacet
  facet normal 0 -1 0
    outer loop
      vertex 7.67628 0.669171 2
      vertex 7.77188 0.669171 2.6
      vertex 7.67628 0.669171 2.6
    endloop
  endfacet
  facet normal 0 -1 -0
    outer loop
      vertex 7.77188 0.669171 2.6
      vertex 7.67628 0.669171 2
      vertex 7.77188 0.669171 2
    endloop
  endfacet
  facet normal -0.707181 -0.707033 0
    outer loop
      vertex 7.791 0.650047 2
      vertex 7.77188 0.669171 2.6
      vertex 7.77188 0.669171 2
    endloop
  endfacet
  facet normal -0.707181 -0.707033 0
    outer loop
      vertex 7.77188 0.669171 2.6
      vertex 7.791 0.650047 2
      vertex 7.791 0.650047 2.6
    endloop
  endfacet
  facet normal -0.0995346 -0.995034 0
    outer loop
      vertex 7.791 0.650047 2
      vertex 7.98218 0.630923 2.6
      vertex 7.791 0.650047 2.6
    endloop
  endfacet
  facet normal -0.0995346 -0.995034 -0
    outer loop
      vertex 7.98218 0.630923 2.6
      vertex 7.791 0.650047 2
      vertex 7.98218 0.630923 2
    endloop
  endfacet
  facet normal -0.706996 -0.707218 0
    outer loop
      vertex 8.00131 0.611799 2
      vertex 7.98218 0.630923 2.6
      vertex 7.98218 0.630923 2
    endloop
  endfacet
  facet normal -0.706996 -0.707218 0
    outer loop
      vertex 7.98218 0.630923 2.6
      vertex 8.00131 0.611799 2
      vertex 8.00131 0.611799 2.6
    endloop
  endfacet
  facet normal 0 -1 0
    outer loop
      vertex 8.00131 0.611799 2
      vertex 8.11602 0.611799 2.6
      vertex 8.00131 0.611799 2.6
    endloop
  endfacet
  facet normal 0 -1 -0
    outer loop
      vertex 8.11602 0.611799 2.6
      vertex 8.00131 0.611799 2
      vertex 8.11602 0.611799 2
    endloop
  endfacet
  facet normal -0.706996 -0.707218 0
    outer loop
      vertex 8.13515 0.592675 2
      vertex 8.11602 0.611799 2.6
      vertex 8.11602 0.611799 2
    endloop
  endfacet
  facet normal -0.706996 -0.707218 0
    outer loop
      vertex 8.11602 0.611799 2.6
      vertex 8.13515 0.592675 2
      vertex 8.13515 0.592675 2.6
    endloop
  endfacet
  facet normal 0 -1 0
    outer loop
      vertex 8.13515 0.592675 2
      vertex 8.24986 0.592675 2.6
      vertex 8.13515 0.592675 2.6
    endloop
  endfacet
  facet normal 0 -1 -0
    outer loop
      vertex 8.24986 0.592675 2.6
      vertex 8.13515 0.592675 2
      vertex 8.24986 0.592675 2
    endloop
  endfacet
  facet normal -0.707033 -0.707181 0
    outer loop
      vertex 8.26896 0.573579 2
      vertex 8.24986 0.592675 2.6
      vertex 8.24986 0.592675 2
    endloop
  endfacet
  facet normal -0.707033 -0.707181 0
    outer loop
      vertex 8.24986 0.592675 2.6
      vertex 8.26896 0.573579 2
      vertex 8.26896 0.573579 2.6
    endloop
  endfacet
  facet normal 0 -1 0
    outer loop
      vertex 8.26896 0.573579 2
      vertex 8.38368 0.573579 2.6
      vertex 8.26896 0.573579 2.6
    endloop
  endfacet
  facet normal 0 -1 -0
    outer loop
      vertex 8.38368 0.573579 2.6
      vertex 8.26896 0.573579 2
      vertex 8.38368 0.573579 2
    endloop
  endfacet
  facet normal -0.707181 -0.707033 0
    outer loop
      vertex 8.4028 0.554455 2
      vertex 8.38368 0.573579 2.6
      vertex 8.38368 0.573579 2
    endloop
  endfacet
  facet normal -0.707181 -0.707033 0
    outer loop
      vertex 8.38368 0.573579 2.6
      vertex 8.4028 0.554455 2
      vertex 8.4028 0.554455 2.6
    endloop
  endfacet
  facet normal 0 -1 0
    outer loop
      vertex 8.4028 0.554455 2
      vertex 8.57489 0.554455 2.6
      vertex 8.4028 0.554455 2.6
    endloop
  endfacet
  facet normal 0 -1 -0
    outer loop
      vertex 8.57489 0.554455 2.6
      vertex 8.4028 0.554455 2
      vertex 8.57489 0.554455 2
    endloop
  endfacet
  facet normal -0.707736 -0.706477 0
    outer loop
      vertex 8.59398 0.535331 2
      vertex 8.57489 0.554455 2.6
      vertex 8.57489 0.554455 2
    endloop
  endfacet
  facet normal -0.707736 -0.706477 0
    outer loop
      vertex 8.57489 0.554455 2.6
      vertex 8.59398 0.535331 2
      vertex 8.59398 0.535331 2.6
    endloop
  endfacet
  facet normal 0 -1 0
    outer loop
      vertex 8.59398 0.535331 2
      vertex 8.80429 0.535331 2.6
      vertex 8.59398 0.535331 2.6
    endloop
  endfacet
  facet normal 0 -1 -0
    outer loop
      vertex 8.80429 0.535331 2.6
      vertex 8.59398 0.535331 2
      vertex 8.80429 0.535331 2
    endloop
  endfacet
  facet normal -0.706977 -0.707236 0
    outer loop
      vertex 8.80429 0.535331 2
      vertex 8.82342 0.516208 2.6
      vertex 8.80429 0.535331 2.6
    endloop
  endfacet
  facet normal -0.706977 -0.707236 -0
    outer loop
      vertex 8.82342 0.516208 2.6
      vertex 8.80429 0.535331 2
      vertex 8.82342 0.516208 2
    endloop
  endfacet
  facet normal 0 -1 0
    outer loop
      vertex 8.82342 0.516208 2
      vertex 9.397 0.516208 2.6
      vertex 8.82342 0.516208 2.6
    endloop
  endfacet
  facet normal 0 -1 -0
    outer loop
      vertex 9.397 0.516208 2.6
      vertex 8.82342 0.516208 2
      vertex 9.397 0.516208 2
    endloop
  endfacet
  facet normal 0.707162 -0.707051 0
    outer loop
      vertex 9.397 0.516208 2
      vertex 9.41612 0.535331 2.6
      vertex 9.397 0.516208 2.6
    endloop
  endfacet
  facet normal 0.707162 -0.707051 0
    outer loop
      vertex 9.41612 0.535331 2.6
      vertex 9.397 0.516208 2
      vertex 9.41612 0.535331 2
    endloop
  endfacet
  facet normal 0 -1 0
    outer loop
      vertex 9.41612 0.535331 2
      vertex 9.56906 0.535331 2.6
      vertex 9.41612 0.535331 2.6
    endloop
  endfacet
  facet normal 0 -1 -0
    outer loop
      vertex 9.56906 0.535331 2.6
      vertex 9.41612 0.535331 2
      vertex 9.56906 0.535331 2
    endloop
  endfacet
  facet normal 0.707181 -0.707033 0
    outer loop
      vertex 9.56906 0.535331 2.6
      vertex 9.58818 0.554455 2
      vertex 9.58818 0.554455 2.6
    endloop
  endfacet
  facet normal 0.707181 -0.707033 0
    outer loop
      vertex 9.58818 0.554455 2
      vertex 9.56906 0.535331 2.6
      vertex 9.56906 0.535331 2
    endloop
  endfacet
  facet normal 0.0995346 -0.995034 0
    outer loop
      vertex 9.58818 0.554455 2
      vertex 9.77936 0.573579 2.6
      vertex 9.58818 0.554455 2.6
    endloop
  endfacet
  facet normal 0.0995346 -0.995034 0
    outer loop
      vertex 9.77936 0.573579 2.6
      vertex 9.58818 0.554455 2
      vertex 9.77936 0.573579 2
    endloop
  endfacet
  facet normal 0.316132 -0.948715 0
    outer loop
      vertex 9.77936 0.573579 2
      vertex 9.95145 0.630923 2.6
      vertex 9.77936 0.573579 2.6
    endloop
  endfacet
  facet normal 0.316132 -0.948715 0
    outer loop
      vertex 9.95145 0.630923 2.6
      vertex 9.77936 0.573579 2
      vertex 9.95145 0.630923 2
    endloop
  endfacet
  facet normal 0.470662 -0.882314 0
    outer loop
      vertex 9.95145 0.630923 2
      vertex 10.2382 0.783887 2.6
      vertex 9.95145 0.630923 2.6
    endloop
  endfacet
  facet normal 0.470662 -0.882314 0
    outer loop
      vertex 10.2382 0.783887 2.6
      vertex 9.95145 0.630923 2
      vertex 10.2382 0.783887 2
    endloop
  endfacet
  facet normal 0.599886 -0.800085 0
    outer loop
      vertex 10.2382 0.783887 2
      vertex 10.3912 0.898603 2.6
      vertex 10.2382 0.783887 2.6
    endloop
  endfacet
  facet normal 0.599886 -0.800085 0
    outer loop
      vertex 10.3912 0.898603 2.6
      vertex 10.2382 0.783887 2
      vertex 10.3912 0.898603 2
    endloop
  endfacet
  facet normal 0.729512 -0.683968 0
    outer loop
      vertex 10.3912 0.898603 2.6
      vertex 10.678 1.2045 2
      vertex 10.678 1.2045 2.6
    endloop
  endfacet
  facet normal 0.729512 -0.683968 0
    outer loop
      vertex 10.678 1.2045 2
      vertex 10.3912 0.898603 2.6
      vertex 10.3912 0.898603 2
    endloop
  endfacet
  facet normal 0.832151 -0.55455 0
    outer loop
      vertex 10.678 1.2045 2.6
      vertex 10.8309 1.43394 2
      vertex 10.8309 1.43394 2.6
    endloop
  endfacet
  facet normal 0.832151 -0.55455 0
    outer loop
      vertex 10.8309 1.43394 2
      vertex 10.678 1.2045 2.6
      vertex 10.678 1.2045 2
    endloop
  endfacet
  facet normal 0.894461 -0.447147 0
    outer loop
      vertex 10.8309 1.43394 2.6
      vertex 10.9647 1.70159 2
      vertex 10.9647 1.70159 2.6
    endloop
  endfacet
  facet normal 0.894461 -0.447147 0
    outer loop
      vertex 10.9647 1.70159 2
      vertex 10.8309 1.43394 2.6
      vertex 10.8309 1.43394 2
    endloop
  endfacet
  facet normal 0.939759 -0.341836 0
    outer loop
      vertex 10.9647 1.70159 2.6
      vertex 11.0412 1.9119 2
      vertex 11.0412 1.9119 2.6
    endloop
  endfacet
  facet normal 0.939759 -0.341836 0
    outer loop
      vertex 11.0412 1.9119 2
      vertex 10.9647 1.70159 2.6
      vertex 10.9647 1.70159 2
    endloop
  endfacet
  facet normal 0.984761 -0.173913 0
    outer loop
      vertex 11.0412 1.9119 2.6
      vertex 11.0986 2.23692 2
      vertex 11.0986 2.23692 2.6
    endloop
  endfacet
  facet normal 0.984761 -0.173913 0
    outer loop
      vertex 11.0986 2.23692 2
      vertex 11.0412 1.9119 2.6
      vertex 11.0412 1.9119 2
    endloop
  endfacet
  facet normal 0.707477 -0.706737 0
    outer loop
      vertex 11.0986 2.23692 2.6
      vertex 11.1177 2.25604 2
      vertex 11.1177 2.25604 2.6
    endloop
  endfacet
  facet normal 0.707477 -0.706737 0
    outer loop
      vertex 11.1177 2.25604 2
      vertex 11.0986 2.23692 2.6
      vertex 11.0986 2.23692 2
    endloop
  endfacet
  facet normal 0.998971 -0.0453624 0
    outer loop
      vertex 11.1177 2.25604 2.6
      vertex 11.1368 2.67666 2
      vertex 11.1368 2.67666 2.6
    endloop
  endfacet
  facet normal 0.998971 -0.0453624 0
    outer loop
      vertex 11.1368 2.67666 2
      vertex 11.1177 2.25604 2.6
      vertex 11.1177 2.25604 2
    endloop
  endfacet
  facet normal 0.948749 0.316029 0
    outer loop
      vertex 11.1368 2.67666 2.6
      vertex 11.1177 2.734 2
      vertex 11.1177 2.734 2.6
    endloop
  endfacet
  facet normal 0.948749 0.316029 0
    outer loop
      vertex 11.1177 2.734 2
      vertex 11.1368 2.67666 2.6
      vertex 11.1368 2.67666 2
    endloop
  endfacet
  facet normal 0.554533 0.832162 -0
    outer loop
      vertex 11.1177 2.734 2
      vertex 11.0603 2.77225 2.6
      vertex 11.1177 2.734 2.6
    endloop
  endfacet
  facet normal 0.554533 0.832162 0
    outer loop
      vertex 11.0603 2.77225 2.6
      vertex 11.1177 2.734 2
      vertex 11.0603 2.77225 2
    endloop
  endfacet
  facet normal 0 1 -0
    outer loop
      vertex 11.0603 2.77225 2
      vertex 10.9839 2.77225 2.6
      vertex 11.0603 2.77225 2.6
    endloop
  endfacet
  facet normal 0 1 0
    outer loop
      vertex 10.9839 2.77225 2.6
      vertex 11.0603 2.77225 2
      vertex 10.9839 2.77225 2
    endloop
  endfacet
  facet normal -0.345689 0.938349 0
    outer loop
      vertex 10.9839 2.77225 2
      vertex 10.6206 2.63841 2.6
      vertex 10.9839 2.77225 2.6
    endloop
  endfacet
  facet normal -0.345689 0.938349 0
    outer loop
      vertex 10.6206 2.63841 2.6
      vertex 10.9839 2.77225 2
      vertex 10.6206 2.63841 2
    endloop
  endfacet
  facet normal 0 1 -0
    outer loop
      vertex 10.6206 2.63841 2
      vertex 10.5633 2.63841 2.6
      vertex 10.6206 2.63841 2.6
    endloop
  endfacet
  facet normal 0 1 0
    outer loop
      vertex 10.5633 2.63841 2.6
      vertex 10.6206 2.63841 2
      vertex 10.5633 2.63841 2
    endloop
  endfacet
  facet normal -0.446933 0.894567 0
    outer loop
      vertex 10.5633 2.63841 2
      vertex 10.4868 2.60019 2.6
      vertex 10.5633 2.63841 2.6
    endloop
  endfacet
  facet normal -0.446933 0.894567 0
    outer loop
      vertex 10.4868 2.60019 2.6
      vertex 10.5633 2.63841 2
      vertex 10.4868 2.60019 2
    endloop
  endfacet
  facet normal 0 1 -0
    outer loop
      vertex 10.4868 2.60019 2
      vertex 10.4294 2.60019 2.6
      vertex 10.4868 2.60019 2.6
    endloop
  endfacet
  facet normal 0 1 0
    outer loop
      vertex 10.4294 2.60019 2.6
      vertex 10.4868 2.60019 2
      vertex 10.4294 2.60019 2
    endloop
  endfacet
  facet normal -0.351298 0.936264 0
    outer loop
      vertex 10.4294 2.60019 2
      vertex 10.2765 2.54282 2.6
      vertex 10.4294 2.60019 2.6
    endloop
  endfacet
  facet normal -0.351298 0.936264 0
    outer loop
      vertex 10.2765 2.54282 2.6
      vertex 10.4294 2.60019 2
      vertex 10.2765 2.54282 2
    endloop
  endfacet
  facet normal -0.164274 0.986415 0
    outer loop
      vertex 10.2765 2.54282 2
      vertex 10.047 2.5046 2.6
      vertex 10.2765 2.54282 2.6
    endloop
  endfacet
  facet normal -0.164274 0.986415 0
    outer loop
      vertex 10.047 2.5046 2.6
      vertex 10.2765 2.54282 2
      vertex 10.047 2.5046 2
    endloop
  endfacet
  facet normal -0.371642 0.928376 0
    outer loop
      vertex 10.047 2.5046 2
      vertex 9.95145 2.46635 2.6
      vertex 10.047 2.5046 2.6
    endloop
  endfacet
  facet normal -0.371642 0.928376 0
    outer loop
      vertex 9.95145 2.46635 2.6
      vertex 10.047 2.5046 2
      vertex 9.95145 2.46635 2
    endloop
  endfacet
  facet normal -0.124075 0.992273 0
    outer loop
      vertex 9.95145 2.46635 2
      vertex 9.64555 2.4281 2.6
      vertex 9.95145 2.46635 2.6
    endloop
  endfacet
  facet normal -0.124075 0.992273 0
    outer loop
      vertex 9.64555 2.4281 2.6
      vertex 9.95145 2.46635 2
      vertex 9.64555 2.4281 2
    endloop
  endfacet
  facet normal -0.706551 0.707662 0
    outer loop
      vertex 9.64555 2.4281 2
      vertex 9.62643 2.40901 2.6
      vertex 9.64555 2.4281 2.6
    endloop
  endfacet
  facet normal -0.706551 0.707662 0
    outer loop
      vertex 9.62643 2.40901 2.6
      vertex 9.64555 2.4281 2
      vertex 9.62643 2.40901 2
    endloop
  endfacet
  facet normal 0 1 -0
    outer loop
      vertex 9.62643 2.40901 2
      vertex 9.51171 2.40901 2.6
      vertex 9.62643 2.40901 2.6
    endloop
  endfacet
  facet normal 0 1 0
    outer loop
      vertex 9.51171 2.40901 2.6
      vertex 9.62643 2.40901 2
      vertex 9.51171 2.40901 2
    endloop
  endfacet
  facet normal -0.707292 0.706922 0
    outer loop
      vertex 9.49259 2.38988 2
      vertex 9.51171 2.40901 2.6
      vertex 9.51171 2.40901 2
    endloop
  endfacet
  facet normal -0.707292 0.706922 0
    outer loop
      vertex 9.51171 2.40901 2.6
      vertex 9.49259 2.38988 2
      vertex 9.49259 2.38988 2.6
    endloop
  endfacet
  facet normal -0.0499415 0.998752 0
    outer loop
      vertex 9.49259 2.38988 2
      vertex 9.11022 2.37076 2.6
      vertex 9.49259 2.38988 2.6
    endloop
  endfacet
  facet normal -0.0499415 0.998752 0
    outer loop
      vertex 9.11022 2.37076 2.6
      vertex 9.49259 2.38988 2
      vertex 9.11022 2.37076 2
    endloop
  endfacet
  facet normal -0.706922 0.707292 0
    outer loop
      vertex 9.11022 2.37076 2
      vertex 9.09109 2.35164 2.6
      vertex 9.11022 2.37076 2.6
    endloop
  endfacet
  facet normal -0.706922 0.707292 0
    outer loop
      vertex 9.09109 2.35164 2.6
      vertex 9.11022 2.37076 2
      vertex 9.09109 2.35164 2
    endloop
  endfacet
  facet normal 0 1 -0
    outer loop
      vertex 9.09109 2.35164 2
      vertex 8.19249 2.35164 2.6
      vertex 9.09109 2.35164 2.6
    endloop
  endfacet
  facet normal 0 1 0
    outer loop
      vertex 8.19249 2.35164 2.6
      vertex 9.09109 2.35164 2
      vertex 8.19249 2.35164 2
    endloop
  endfacet
  facet normal 0.707107 0.707107 -0
    outer loop
      vertex 8.19249 2.35164 2
      vertex 8.17337 2.37076 2.6
      vertex 8.19249 2.35164 2.6
    endloop
  endfacet
  facet normal 0.707107 0.707107 0
    outer loop
      vertex 8.17337 2.37076 2.6
      vertex 8.19249 2.35164 2
      vertex 8.17337 2.37076 2
    endloop
  endfacet
  facet normal 0 1 -0
    outer loop
      vertex 8.17337 2.37076 2
      vertex 7.94394 2.37076 2.6
      vertex 8.17337 2.37076 2.6
    endloop
  endfacet
  facet normal 0 1 0
    outer loop
      vertex 7.94394 2.37076 2.6
      vertex 8.17337 2.37076 2
      vertex 7.94394 2.37076 2
    endloop
  endfacet
  facet normal 0.707477 0.706737 0
    outer loop
      vertex 7.94394 2.37076 2.6
      vertex 7.92484 2.38988 2
      vertex 7.92484 2.38988 2.6
    endloop
  endfacet
  facet normal 0.707477 0.706737 0
    outer loop
      vertex 7.92484 2.38988 2
      vertex 7.94394 2.37076 2.6
      vertex 7.94394 2.37076 2
    endloop
  endfacet
  facet normal 0 1 -0
    outer loop
      vertex 7.92484 2.38988 2
      vertex 7.73363 2.38988 2.6
      vertex 7.92484 2.38988 2.6
    endloop
  endfacet
  facet normal 0 1 0
    outer loop
      vertex 7.73363 2.38988 2.6
      vertex 7.92484 2.38988 2
      vertex 7.73363 2.38988 2
    endloop
  endfacet
  facet normal 0.707661 0.706552 0
    outer loop
      vertex 7.73363 2.38988 2.6
      vertex 7.71453 2.40901 2
      vertex 7.71453 2.40901 2.6
    endloop
  endfacet
  facet normal 0.707661 0.706552 0
    outer loop
      vertex 7.71453 2.40901 2
      vertex 7.73363 2.38988 2.6
      vertex 7.73363 2.38988 2
    endloop
  endfacet
  facet normal 0.0664151 0.997792 -0
    outer loop
      vertex 7.71453 2.40901 2
      vertex 7.42773 2.4281 2.6
      vertex 7.71453 2.40901 2.6
    endloop
  endfacet
  facet normal 0.0664151 0.997792 0
    outer loop
      vertex 7.42773 2.4281 2.6
      vertex 7.71453 2.40901 2
      vertex 7.42773 2.4281 2
    endloop
  endfacet
  facet normal 0.274788 0.961505 -0
    outer loop
      vertex 7.42773 2.4281 2
      vertex 7.29389 2.46635 2.6
      vertex 7.42773 2.4281 2.6
    endloop
  endfacet
  facet normal 0.274788 0.961505 0
    outer loop
      vertex 7.29389 2.46635 2.6
      vertex 7.42773 2.4281 2
      vertex 7.29389 2.46635 2
    endloop
  endfacet
  facet normal 0.554734 -0.832028 0
    outer loop
      vertex 7.29389 2.46635 2
      vertex 7.35126 2.5046 2.6
      vertex 7.29389 2.46635 2.6
    endloop
  endfacet
  facet normal 0.554734 -0.832028 0
    outer loop
      vertex 7.35126 2.5046 2.6
      vertex 7.29389 2.46635 2
      vertex 7.35126 2.5046 2
    endloop
  endfacet
  facet normal 0 -1 0
    outer loop
      vertex 7.35126 2.5046 2
      vertex 7.52332 2.5046 2.6
      vertex 7.35126 2.5046 2.6
    endloop
  endfacet
  facet normal 0 -1 -0
    outer loop
      vertex 7.52332 2.5046 2.6
      vertex 7.35126 2.5046 2
      vertex 7.52332 2.5046 2
    endloop
  endfacet
  facet normal 0.706551 -0.707662 0
    outer loop
      vertex 7.52332 2.5046 2
      vertex 7.54244 2.52369 2.6
      vertex 7.52332 2.5046 2.6
    endloop
  endfacet
  facet normal 0.706551 -0.707662 0
    outer loop
      vertex 7.54244 2.52369 2.6
      vertex 7.52332 2.5046 2
      vertex 7.54244 2.52369 2
    endloop
  endfacet
  facet normal 0 -1 0
    outer loop
      vertex 7.54244 2.52369 2
      vertex 7.65716 2.52369 2.6
      vertex 7.54244 2.52369 2.6
    endloop
  endfacet
  facet normal 0 -1 -0
    outer loop
      vertex 7.65716 2.52369 2.6
      vertex 7.54244 2.52369 2
      vertex 7.65716 2.52369 2
    endloop
  endfacet
  facet normal 0.707292 -0.706922 0
    outer loop
      vertex 7.65716 2.52369 2
      vertex 7.67628 2.54282 2.6
      vertex 7.65716 2.52369 2.6
    endloop
  endfacet
  facet normal 0.707292 -0.706922 0
    outer loop
      vertex 7.67628 2.54282 2.6
      vertex 7.65716 2.52369 2
      vertex 7.67628 2.54282 2
    endloop
  endfacet
  facet normal 0.0712523 -0.997458 0
    outer loop
      vertex 7.67628 2.54282 2
      vertex 7.94394 2.56194 2.6
      vertex 7.67628 2.54282 2.6
    endloop
  endfacet
  facet normal 0.0712523 -0.997458 0
    outer loop
      vertex 7.94394 2.56194 2.6
      vertex 7.67628 2.54282 2
      vertex 7.94394 2.56194 2
    endloop
  endfacet
  facet normal 0.707292 -0.706922 0
    outer loop
      vertex 7.94394 2.56194 2.6
      vertex 7.96306 2.58107 2
      vertex 7.96306 2.58107 2.6
    endloop
  endfacet
  facet normal 0.707292 -0.706922 0
    outer loop
      vertex 7.96306 2.58107 2
      vertex 7.94394 2.56194 2.6
      vertex 7.94394 2.56194 2
    endloop
  endfacet
  facet normal 0.129301 -0.991605 0
    outer loop
      vertex 7.96306 2.58107 2
      vertex 8.4028 2.63841 2.6
      vertex 7.96306 2.58107 2.6
    endloop
  endfacet
  facet normal 0.129301 -0.991605 0
    outer loop
      vertex 8.4028 2.63841 2.6
      vertex 7.96306 2.58107 2
      vertex 8.4028 2.63841 2
    endloop
  endfacet
  facet normal 0.371508 -0.92843 0
    outer loop
      vertex 8.4028 2.63841 2
      vertex 8.49839 2.67666 2.6
      vertex 8.4028 2.63841 2.6
    endloop
  endfacet
  facet normal 0.371508 -0.92843 0
    outer loop
      vertex 8.49839 2.67666 2.6
      vertex 8.4028 2.63841 2
      vertex 8.49839 2.67666 2
    endloop
  endfacet
  facet normal 0.164348 -0.986402 0
    outer loop
      vertex 8.49839 2.67666 2
      vertex 8.84254 2.734 2.6
      vertex 8.49839 2.67666 2.6
    endloop
  endfacet
  facet normal 0.164348 -0.986402 0
    outer loop
      vertex 8.84254 2.734 2.6
      vertex 8.49839 2.67666 2
      vertex 8.84254 2.734 2
    endloop
  endfacet
  facet normal 0.287372 -0.957819 0
    outer loop
      vertex 8.84254 2.734 2
      vertex 9.41612 2.90609 2.6
      vertex 8.84254 2.734 2.6
    endloop
  endfacet
  facet normal 0.287372 -0.957819 0
    outer loop
      vertex 9.41612 2.90609 2.6
      vertex 8.84254 2.734 2
      vertex 9.41612 2.90609 2
    endloop
  endfacet
  facet normal 0.554935 -0.831894 0
    outer loop
      vertex 9.41612 2.90609 2
      vertex 9.47346 2.94434 2.6
      vertex 9.41612 2.90609 2.6
    endloop
  endfacet
  facet normal 0.554935 -0.831894 0
    outer loop
      vertex 9.47346 2.94434 2.6
      vertex 9.41612 2.90609 2
      vertex 9.47346 2.94434 2
    endloop
  endfacet
  facet normal 0.28727 -0.95785 0
    outer loop
      vertex 9.47346 2.94434 2
      vertex 9.66465 3.00168 2.6
      vertex 9.47346 2.94434 2.6
    endloop
  endfacet
  facet normal 0.28727 -0.95785 0
    outer loop
      vertex 9.66465 3.00168 2.6
      vertex 9.47346 2.94434 2
      vertex 9.66465 3.00168 2
    endloop
  endfacet
  facet normal 0.49609 -0.868271 0
    outer loop
      vertex 9.66465 3.00168 2
      vertex 9.79849 3.07815 2.6
      vertex 9.66465 3.00168 2.6
    endloop
  endfacet
  facet normal 0.49609 -0.868271 0
    outer loop
      vertex 9.79849 3.07815 2.6
      vertex 9.66465 3.00168 2
      vertex 9.79849 3.07815 2
    endloop
  endfacet
  facet normal 0 -1 0
    outer loop
      vertex 9.79849 3.07815 2
      vertex 9.83674 3.07815 2.6
      vertex 9.79849 3.07815 2.6
    endloop
  endfacet
  facet normal 0 -1 -0
    outer loop
      vertex 9.83674 3.07815 2.6
      vertex 9.79849 3.07815 2
      vertex 9.83674 3.07815 2
    endloop
  endfacet
  facet normal 0.501039 -0.865425 0
    outer loop
      vertex 9.83674 3.07815 2
      vertex 10.2 3.28846 2.6
      vertex 9.83674 3.07815 2.6
    endloop
  endfacet
  facet normal 0.501039 -0.865425 0
    outer loop
      vertex 10.2 3.28846 2.6
      vertex 9.83674 3.07815 2
      vertex 10.2 3.28846 2
    endloop
  endfacet
  facet normal 0.64025 -0.768166 0
    outer loop
      vertex 10.2 3.28846 2
      vertex 10.5441 3.57526 2.6
      vertex 10.2 3.28846 2.6
    endloop
  endfacet
  facet normal 0.64025 -0.768166 0
    outer loop
      vertex 10.5441 3.57526 2.6
      vertex 10.2 3.28846 2
      vertex 10.5441 3.57526 2
    endloop
  endfacet
  facet normal 0.799906 -0.600126 0
    outer loop
      vertex 10.5441 3.57526 2.6
      vertex 10.7736 3.88116 2
      vertex 10.7736 3.88116 2.6
    endloop
  endfacet
  facet normal 0.799906 -0.600126 0
    outer loop
      vertex 10.7736 3.88116 2
      vertex 10.5441 3.57526 2.6
      vertex 10.5441 3.57526 2
    endloop
  endfacet
  facet normal 0.911981 -0.410233 0
    outer loop
      vertex 10.7736 3.88116 2.6
      vertex 10.9456 4.26353 2
      vertex 10.9456 4.26353 2.6
    endloop
  endfacet
  facet normal 0.911981 -0.410233 0
    outer loop
      vertex 10.9456 4.26353 2
      vertex 10.7736 3.88116 2.6
      vertex 10.7736 3.88116 2
    endloop
  endfacet
  facet normal 1 -0 0
    outer loop
      vertex 10.9456 4.26353 2.6
      vertex 10.9456 4.3209 2
      vertex 10.9456 4.3209 2.6
    endloop
  endfacet
  facet normal 1 0 0
    outer loop
      vertex 10.9456 4.3209 2
      vertex 10.9456 4.26353 2.6
      vertex 10.9456 4.26353 2
    endloop
  endfacet
  facet normal 0.894123 -0.447822 0
    outer loop
      vertex 10.9456 4.3209 2.6
      vertex 10.9839 4.39737 2
      vertex 10.9839 4.39737 2.6
    endloop
  endfacet
  facet normal 0.894123 -0.447822 0
    outer loop
      vertex 10.9839 4.39737 2
      vertex 10.9456 4.3209 2.6
      vertex 10.9456 4.3209 2
    endloop
  endfacet
  facet normal 0.992294 -0.123907 0
    outer loop
      vertex 10.9839 4.39737 2.6
      vertex 11.003 4.55033 2
      vertex 11.003 4.55033 2.6
    endloop
  endfacet
  facet normal 0.992294 -0.123907 0
    outer loop
      vertex 11.003 4.55033 2
      vertex 10.9839 4.39737 2.6
      vertex 10.9839 4.39737 2
    endloop
  endfacet
  facet normal 0.707107 -0.707107 0
    outer loop
      vertex 11.003 4.55033 2
      vertex 11.0221 4.56943 2.6
      vertex 11.003 4.55033 2.6
    endloop
  endfacet
  facet normal 0.707107 -0.707107 0
    outer loop
      vertex 11.0221 4.56943 2.6
      vertex 11.003 4.55033 2
      vertex 11.0221 4.56943 2
    endloop
  endfacet
  facet normal 1 -0 0
    outer loop
      vertex 11.0221 4.56943 2.6
      vertex 11.0221 4.68415 2
      vertex 11.0221 4.68415 2.6
    endloop
  endfacet
  facet normal 1 0 0
    outer loop
      vertex 11.0221 4.68415 2
      vertex 11.0221 4.56943 2.6
      vertex 11.0221 4.56943 2
    endloop
  endfacet
  facet normal 0.707477 -0.706737 0
    outer loop
      vertex 11.0221 4.68415 2.6
      vertex 11.0412 4.70327 2
      vertex 11.0412 4.70327 2.6
    endloop
  endfacet
  facet normal 0.707477 -0.706737 0
    outer loop
      vertex 11.0412 4.70327 2
      vertex 11.0221 4.68415 2.6
      vertex 11.0221 4.68415 2
    endloop
  endfacet
  facet normal 1 -0 0
    outer loop
      vertex 11.0412 4.70327 2.6
      vertex 11.0412 5.27685 2
      vertex 11.0412 5.27685 2.6
    endloop
  endfacet
  facet normal 1 0 0
    outer loop
      vertex 11.0412 5.27685 2
      vertex 11.0412 4.70327 2.6
      vertex 11.0412 4.70327 2
    endloop
  endfacet
  facet normal 0.707661 0.706552 0
    outer loop
      vertex 11.0412 5.27685 2.6
      vertex 11.0221 5.29598 2
      vertex 11.0221 5.29598 2.6
    endloop
  endfacet
  facet normal 0.707661 0.706552 0
    outer loop
      vertex 11.0221 5.29598 2
      vertex 11.0412 5.27685 2.6
      vertex 11.0412 5.27685 2
    endloop
  endfacet
  facet normal 0.995901 0.0904503 0
    outer loop
      vertex 11.0221 5.29598 2.6
      vertex 11.003 5.50628 2
      vertex 11.003 5.50628 2.6
    endloop
  endfacet
  facet normal 0.995901 0.0904503 0
    outer loop
      vertex 11.003 5.50628 2
      vertex 11.0221 5.29598 2.6
      vertex 11.0221 5.29598 2
    endloop
  endfacet
  facet normal 0.954474 0.298293 0
    outer loop
      vertex 11.003 5.50628 2.6
      vertex 10.9074 5.81218 2
      vertex 10.9074 5.81218 2.6
    endloop
  endfacet
  facet normal 0.954474 0.298293 0
    outer loop
      vertex 10.9074 5.81218 2
      vertex 11.003 5.50628 2.6
      vertex 11.003 5.50628 2
    endloop
  endfacet
  facet normal 0.913755 0.406267 0
    outer loop
      vertex 10.9074 5.81218 2.6
      vertex 10.8309 5.98424 2
      vertex 10.8309 5.98424 2.6
    endloop
  endfacet
  facet normal 0.913755 0.406267 0
    outer loop
      vertex 10.8309 5.98424 2
      vertex 10.9074 5.81218 2.6
      vertex 10.9074 5.81218 2
    endloop
  endfacet
  facet normal 0.447214 0.894427 -0
    outer loop
      vertex 10.8309 5.98424 2
      vertex 10.7544 6.02249 2.6
      vertex 10.8309 5.98424 2.6
    endloop
  endfacet
  facet normal 0.447214 0.894427 0
    outer loop
      vertex 10.7544 6.02249 2.6
      vertex 10.8309 5.98424 2
      vertex 10.7544 6.02249 2
    endloop
  endfacet
  facet normal -0.316526 0.948584 0
    outer loop
      vertex 10.7544 6.02249 2
      vertex 10.6971 6.00337 2.6
      vertex 10.7544 6.02249 2.6
    endloop
  endfacet
  facet normal -0.316526 0.948584 0
    outer loop
      vertex 10.6971 6.00337 2.6
      vertex 10.7544 6.02249 2
      vertex 10.6971 6.00337 2
    endloop
  endfacet
  facet normal -0.678205 0.734873 0
    outer loop
      vertex 10.6971 6.00337 2
      vertex 10.4485 5.77394 2.6
      vertex 10.6971 6.00337 2.6
    endloop
  endfacet
  facet normal -0.678205 0.734873 0
    outer loop
      vertex 10.4485 5.77394 2.6
      vertex 10.6971 6.00337 2
      vertex 10.4485 5.77394 2
    endloop
  endfacet
  facet normal -0.624705 0.780861 0
    outer loop
      vertex 10.4485 5.77394 2
      vertex 9.97055 5.39157 2.6
      vertex 10.4485 5.77394 2.6
    endloop
  endfacet
  facet normal -0.624705 0.780861 0
    outer loop
      vertex 9.97055 5.39157 2.6
      vertex 10.4485 5.77394 2
      vertex 9.97055 5.39157 2
    endloop
  endfacet
  facet normal -0.536894 0.84365 0
    outer loop
      vertex 9.97055 5.39157 2
      vertex 9.33962 4.99005 2.6
      vertex 9.97055 5.39157 2.6
    endloop
  endfacet
  facet normal -0.536894 0.84365 0
    outer loop
      vertex 9.33962 4.99005 2.6
      vertex 9.97055 5.39157 2
      vertex 9.33962 4.99005 2
    endloop
  endfacet
  facet normal -0.447222 0.894423 0
    outer loop
      vertex 9.33962 4.99005 2
      vertex 8.91901 4.77974 2.6
      vertex 9.33962 4.99005 2.6
    endloop
  endfacet
  facet normal -0.447222 0.894423 0
    outer loop
      vertex 8.91901 4.77974 2.6
      vertex 9.33962 4.99005 2
      vertex 8.91901 4.77974 2
    endloop
  endfacet
  facet normal 0 1 -0
    outer loop
      vertex 8.91901 4.77974 2
      vertex 8.88079 4.77974 2.6
      vertex 8.91901 4.77974 2.6
    endloop
  endfacet
  facet normal 0 1 0
    outer loop
      vertex 8.88079 4.77974 2.6
      vertex 8.91901 4.77974 2
      vertex 8.88079 4.77974 2
    endloop
  endfacet
  facet normal -0.410325 0.911939 0
    outer loop
      vertex 8.88079 4.77974 2
      vertex 8.49839 4.60768 2.6
      vertex 8.88079 4.77974 2.6
    endloop
  endfacet
  facet normal -0.410325 0.911939 0
    outer loop
      vertex 8.49839 4.60768 2.6
      vertex 8.88079 4.77974 2
      vertex 8.49839 4.60768 2
    endloop
  endfacet
  facet normal -0.316277 0.948667 0
    outer loop
      vertex 8.49839 4.60768 2
      vertex 8.03956 4.45471 2.6
      vertex 8.49839 4.60768 2.6
    endloop
  endfacet
  facet normal -0.316277 0.948667 0
    outer loop
      vertex 8.03956 4.45471 2.6
      vertex 8.49839 4.60768 2
      vertex 8.03956 4.45471 2
    endloop
  endfacet
  facet normal -0.195948 0.980614 0
    outer loop
      vertex 8.03956 4.45471 2
      vertex 7.84834 4.4165 2.6
      vertex 8.03956 4.45471 2.6
    endloop
  endfacet
  facet normal -0.195948 0.980614 0
    outer loop
      vertex 7.84834 4.4165 2.6
      vertex 8.03956 4.45471 2
      vertex 7.84834 4.4165 2
    endloop
  endfacet
  facet normal -0.447401 0.894334 0
    outer loop
      vertex 7.84834 4.4165 2
      vertex 7.77188 4.37825 2.6
      vertex 7.84834 4.4165 2.6
    endloop
  endfacet
  facet normal -0.447401 0.894334 0
    outer loop
      vertex 7.77188 4.37825 2.6
      vertex 7.84834 4.4165 2
      vertex 7.77188 4.37825 2
    endloop
  endfacet
  facet normal 0 1 -0
    outer loop
      vertex 7.77188 4.37825 2
      vertex 7.71453 4.37825 2.6
      vertex 7.77188 4.37825 2.6
    endloop
  endfacet
  facet normal 0 1 0
    outer loop
      vertex 7.71453 4.37825 2.6
      vertex 7.77188 4.37825 2
      vertex 7.71453 4.37825 2
    endloop
  endfacet
  facet normal -0.316162 0.948705 0
    outer loop
      vertex 7.71453 4.37825 2
      vertex 7.54244 4.3209 2.6
      vertex 7.71453 4.37825 2.6
    endloop
  endfacet
  facet normal -0.316162 0.948705 0
    outer loop
      vertex 7.54244 4.3209 2.6
      vertex 7.71453 4.37825 2
      vertex 7.54244 4.3209 2
    endloop
  endfacet
  facet normal 0 1 -0
    outer loop
      vertex 7.54244 4.3209 2
      vertex 7.4851 4.3209 2.6
      vertex 7.54244 4.3209 2.6
    endloop
  endfacet
  facet normal 0 1 0
    outer loop
      vertex 7.4851 4.3209 2.6
      vertex 7.54244 4.3209 2
      vertex 7.4851 4.3209 2
    endloop
  endfacet
  facet normal 0.707292 0.706922 -0
    outer loop
      vertex 7.4851 4.3209 2
      vertex 7.46598 4.34003 2.6
      vertex 7.4851 4.3209 2.6
    endloop
  endfacet
  facet normal 0.707292 0.706922 0
    outer loop
      vertex 7.46598 4.34003 2.6
      vertex 7.4851 4.3209 2
      vertex 7.46598 4.34003 2
    endloop
  endfacet
  facet normal 0.533978 -0.845499 0
    outer loop
      vertex 7.46598 4.34003 2
      vertex 8.19249 4.79886 2.6
      vertex 7.46598 4.34003 2.6
    endloop
  endfacet
  facet normal 0.533978 -0.845499 0
    outer loop
      vertex 8.19249 4.79886 2.6
      vertex 7.46598 4.34003 2
      vertex 8.19249 4.79886 2
    endloop
  endfacet
  facet normal 0.58128 -0.813703 0
    outer loop
      vertex 8.19249 4.79886 2
      vertex 8.59398 5.08567 2.6
      vertex 8.19249 4.79886 2.6
    endloop
  endfacet
  facet normal 0.58128 -0.813703 0
    outer loop
      vertex 8.59398 5.08567 2.6
      vertex 8.19249 4.79886 2
      vertex 8.59398 5.08567 2
    endloop
  endfacet
  facet normal 0.629175 -0.777264 0
    outer loop
      vertex 8.59398 5.08567 2
      vertex 8.9955 5.41069 2.6
      vertex 8.59398 5.08567 2.6
    endloop
  endfacet
  facet normal 0.629175 -0.777264 0
    outer loop
      vertex 8.9955 5.41069 2.6
      vertex 8.59398 5.08567 2
      vertex 8.9955 5.41069 2
    endloop
  endfacet
  facet normal 0.7071 -0.707114 0
    outer loop
      vertex 8.9955 5.41069 2.6
      vertex 9.49259 5.90777 2
      vertex 9.49259 5.90777 2.6
    endloop
  endfacet
  facet normal 0.7071 -0.707114 0
    outer loop
      vertex 9.49259 5.90777 2
      vertex 8.9955 5.41069 2.6
      vertex 8.9955 5.41069 2
    endloop
  endfacet
  facet normal 0.780853 -0.624715 0
    outer loop
      vertex 9.49259 5.90777 2.6
      vertex 9.64555 6.09896 2
      vertex 9.64555 6.09896 2.6
    endloop
  endfacet
  facet normal 0.780853 -0.624715 0
    outer loop
      vertex 9.64555 6.09896 2
      vertex 9.49259 5.90777 2.6
      vertex 9.49259 5.90777 2
    endloop
  endfacet
  facet normal 0.868271 -0.49609 0
    outer loop
      vertex 9.64555 6.09896 2.6
      vertex 9.79849 6.36664 2
      vertex 9.79849 6.36664 2.6
    endloop
  endfacet
  facet normal 0.868271 -0.49609 0
    outer loop
      vertex 9.79849 6.36664 2
      vertex 9.64555 6.09896 2.6
      vertex 9.64555 6.09896 2
    endloop
  endfacet
  facet normal 0.941741 -0.336339 0
    outer loop
      vertex 9.79849 6.36664 2.6
      vertex 9.89408 6.63429 2
      vertex 9.89408 6.63429 2.6
    endloop
  endfacet
  facet normal 0.941741 -0.336339 0
    outer loop
      vertex 9.89408 6.63429 2
      vertex 9.79849 6.36664 2.6
      vertex 9.79849 6.36664 2
    endloop
  endfacet
  facet normal 0.992279 -0.124027 0
    outer loop
      vertex 9.89408 6.63429 2.6
      vertex 9.9132 6.78726 2
      vertex 9.9132 6.78726 2.6
    endloop
  endfacet
  facet normal 0.992279 -0.124027 0
    outer loop
      vertex 9.9132 6.78726 2
      vertex 9.89408 6.63429 2.6
      vertex 9.89408 6.63429 2
    endloop
  endfacet
  facet normal 0.706922 -0.707292 0
    outer loop
      vertex 9.9132 6.78726 2.6
      vertex 9.93233 6.80638 2
      vertex 9.93233 6.80638 2.6
    endloop
  endfacet
  facet normal 0.706922 -0.707292 0
    outer loop
      vertex 9.93233 6.80638 2
      vertex 9.9132 6.78726 2.6
      vertex 9.9132 6.78726 2
    endloop
  endfacet
  facet normal 1 -0 0
    outer loop
      vertex 9.93233 6.80638 2.6
      vertex 9.93233 6.90197 2
      vertex 9.93233 6.90197 2.6
    endloop
  endfacet
  facet normal 1 0 0
    outer loop
      vertex 9.93233 6.90197 2
      vertex 9.93233 6.80638 2.6
      vertex 9.93233 6.80638 2
    endloop
  endfacet
  facet normal 0.706737 -0.707477 0
    outer loop
      vertex 9.93233 6.90197 2
      vertex 9.95145 6.92107 2.6
      vertex 9.93233 6.90197 2.6
    endloop
  endfacet
  facet normal 0.706737 -0.707477 0
    outer loop
      vertex 9.95145 6.92107 2.6
      vertex 9.93233 6.90197 2
      vertex 9.95145 6.92107 2
    endloop
  endfacet
  facet normal 1 -0 0
    outer loop
      vertex 9.95145 6.92107 2.6
      vertex 9.95145 7.4564 2
      vertex 9.95145 7.4564 2.6
    endloop
  endfacet
  facet normal 1 0 0
    outer loop
      vertex 9.95145 7.4564 2
      vertex 9.95145 6.92107 2.6
      vertex 9.95145 6.92107 2
    endloop
  endfacet
  facet normal 0.707107 0.707107 0
    outer loop
      vertex 9.95145 7.4564 2.6
      vertex 9.93233 7.47552 2
      vertex 9.93233 7.47552 2.6
    endloop
  endfacet
  facet normal 0.707107 0.707107 0
    outer loop
      vertex 9.93233 7.47552 2
      vertex 9.95145 7.4564 2.6
      vertex 9.95145 7.4564 2
    endloop
  endfacet
  facet normal 1 -0 0
    outer loop
      vertex 9.93233 7.47552 2.6
      vertex 9.93233 7.59024 2
      vertex 9.93233 7.59024 2.6
    endloop
  endfacet
  facet normal 1 0 0
    outer loop
      vertex 9.93233 7.59024 2
      vertex 9.93233 7.47552 2.6
      vertex 9.93233 7.47552 2
    endloop
  endfacet
  facet normal 0.706922 0.707292 0
    outer loop
      vertex 9.93233 7.59024 2.6
      vertex 9.9132 7.60936 2
      vertex 9.9132 7.60936 2.6
    endloop
  endfacet
  facet normal 0.706922 0.707292 0
    outer loop
      vertex 9.9132 7.60936 2
      vertex 9.93233 7.59024 2.6
      vertex 9.93233 7.59024 2
    endloop
  endfacet
  facet normal 1 -0 0
    outer loop
      vertex 9.9132 7.60936 2.6
      vertex 9.9132 7.68583 2
      vertex 9.9132 7.68583 2.6
    endloop
  endfacet
  facet normal 1 0 0
    outer loop
      vertex 9.9132 7.68583 2
      vertex 9.9132 7.60936 2.6
      vertex 9.9132 7.60936 2
    endloop
  endfacet
  facet normal 0.936369 0.351016 0
    outer loop
      vertex 9.9132 7.68583 2.6
      vertex 9.85586 7.83879 2
      vertex 9.85586 7.83879 2.6
    endloop
  endfacet
  facet normal 0.936369 0.351016 0
    outer loop
      vertex 9.85586 7.83879 2
      vertex 9.9132 7.68583 2.6
      vertex 9.9132 7.68583 2
    endloop
  endfacet
  facet normal 1 -0 0
    outer loop
      vertex 9.85586 7.83879 2.6
      vertex 9.85586 7.89614 2
      vertex 9.85586 7.89614 2.6
    endloop
  endfacet
  facet normal 1 0 0
    outer loop
      vertex 9.85586 7.89614 2
      vertex 9.85586 7.83879 2.6
      vertex 9.85586 7.83879 2
    endloop
  endfacet
  facet normal 0.913781 0.406207 0
    outer loop
      vertex 9.85586 7.89614 2.6
      vertex 9.77936 8.06823 2
      vertex 9.77936 8.06823 2.6
    endloop
  endfacet
  facet normal 0.913781 0.406207 0
    outer loop
      vertex 9.77936 8.06823 2
      vertex 9.85586 7.89614 2.6
      vertex 9.85586 7.89614 2
    endloop
  endfacet
  facet normal 0.980577 0.196136 0
    outer loop
      vertex 9.77936 8.06823 2.6
      vertex 9.76024 8.16382 2
      vertex 9.76024 8.16382 2.6
    endloop
  endfacet
  facet normal 0.980577 0.196136 0
    outer loop
      vertex 9.76024 8.16382 2
      vertex 9.77936 8.06823 2.6
      vertex 9.77936 8.06823 2
    endloop
  endfacet
  facet normal 0.894432 0.447204 0
    outer loop
      vertex 9.76024 8.16382 2.6
      vertex 9.56906 8.54619 2
      vertex 9.56906 8.54619 2.6
    endloop
  endfacet
  facet normal 0.894432 0.447204 0
    outer loop
      vertex 9.56906 8.54619 2
      vertex 9.76024 8.16382 2.6
      vertex 9.76024 8.16382 2
    endloop
  endfacet
  facet normal 0.805069 0.593181 0
    outer loop
      vertex 9.56906 8.54619 2.6
      vertex 9.3014 8.90946 2
      vertex 9.3014 8.90946 2.6
    endloop
  endfacet
  facet normal 0.805069 0.593181 0
    outer loop
      vertex 9.3014 8.90946 2
      vertex 9.56906 8.54619 2.6
      vertex 9.56906 8.54619 2
    endloop
  endfacet
  facet normal 0 1 -0
    outer loop
      vertex 9.3014 8.90946 2
      vertex 9.20581 8.90946 2.6
      vertex 9.3014 8.90946 2.6
    endloop
  endfacet
  facet normal 0 1 0
    outer loop
      vertex 9.20581 8.90946 2.6
      vertex 9.3014 8.90946 2
      vertex 9.20581 8.90946 2
    endloop
  endfacet
  facet normal -0.44712 0.894474 0
    outer loop
      vertex 9.20581 8.90946 2
      vertex 9.16756 8.89034 2.6
      vertex 9.20581 8.90946 2.6
    endloop
  endfacet
  facet normal -0.44712 0.894474 0
    outer loop
      vertex 9.16756 8.89034 2.6
      vertex 9.20581 8.90946 2
      vertex 9.16756 8.89034 2
    endloop
  endfacet
  facet normal -0.907973 0.419028 0
    outer loop
      vertex 9.05285 8.64178 2
      vertex 9.16756 8.89034 2.6
      vertex 9.16756 8.89034 2
    endloop
  endfacet
  facet normal -0.907973 0.419028 0
    outer loop
      vertex 9.16756 8.89034 2.6
      vertex 9.05285 8.64178 2
      vertex 9.05285 8.64178 2.6
    endloop
  endfacet
  facet normal -0.706829 0.707384 0
    outer loop
      vertex 9.05285 8.64178 2
      vertex 9.0146 8.60356 2.6
      vertex 9.05285 8.64178 2.6
    endloop
  endfacet
  facet normal -0.706829 0.707384 0
    outer loop
      vertex 9.0146 8.60356 2.6
      vertex 9.05285 8.64178 2
      vertex 9.0146 8.60356 2
    endloop
  endfacet
  facet normal -0.884933 0.465718 0
    outer loop
      vertex 8.82342 8.24029 2
      vertex 9.0146 8.60356 2.6
      vertex 9.0146 8.60356 2
    endloop
  endfacet
  facet normal -0.884933 0.465718 0
    outer loop
      vertex 9.0146 8.60356 2.6
      vertex 8.82342 8.24029 2
      vertex 8.82342 8.24029 2.6
    endloop
  endfacet
  facet normal -0.832061 0.554683 0
    outer loop
      vertex 8.51752 7.78142 2
      vertex 8.82342 8.24029 2.6
      vertex 8.82342 8.24029 2
    endloop
  endfacet
  facet normal -0.832061 0.554683 0
    outer loop
      vertex 8.82342 8.24029 2.6
      vertex 8.51752 7.78142 2
      vertex 8.51752 7.78142 2.6
    endloop
  endfacet
  facet normal -0.78934 0.613956 0
    outer loop
      vertex 8.24986 7.4373 2
      vertex 8.51752 7.78142 2.6
      vertex 8.51752 7.78142 2
    endloop
  endfacet
  facet normal -0.78934 0.613956 0
    outer loop
      vertex 8.51752 7.78142 2.6
      vertex 8.24986 7.4373 2
      vertex 8.24986 7.4373 2.6
    endloop
  endfacet
  facet normal -0.749829 0.661632 0
    outer loop
      vertex 7.67628 6.78726 2
      vertex 8.24986 7.4373 2.6
      vertex 8.24986 7.4373 2
    endloop
  endfacet
  facet normal -0.749829 0.661632 0
    outer loop
      vertex 8.24986 7.4373 2.6
      vertex 7.67628 6.78726 2
      vertex 7.67628 6.78726 2.6
    endloop
  endfacet
  facet normal -0.695421 0.718603 0
    outer loop
      vertex 7.67628 6.78726 2
      vertex 7.08358 6.21368 2.6
      vertex 7.67628 6.78726 2.6
    endloop
  endfacet
  facet normal -0.695421 0.718603 0
    outer loop
      vertex 7.08358 6.21368 2.6
      vertex 7.67628 6.78726 2
      vertex 7.08358 6.21368 2
    endloop
  endfacet
  facet normal -0.642615 0.766189 0
    outer loop
      vertex 7.08358 6.21368 2
      vertex 6.4909 5.71659 2.6
      vertex 7.08358 6.21368 2.6
    endloop
  endfacet
  facet normal -0.642615 0.766189 0
    outer loop
      vertex 6.4909 5.71659 2.6
      vertex 7.08358 6.21368 2
      vertex 6.4909 5.71659 2
    endloop
  endfacet
  facet normal -0.60003 0.799977 0
    outer loop
      vertex 6.4909 5.71659 2
      vertex 6.10853 5.42979 2.6
      vertex 6.4909 5.71659 2.6
    endloop
  endfacet
  facet normal -0.60003 0.799977 0
    outer loop
      vertex 6.10853 5.42979 2.6
      vertex 6.4909 5.71659 2
      vertex 6.10853 5.42979 2
    endloop
  endfacet
  facet normal -0.554692 0.832056 0
    outer loop
      vertex 6.10853 5.42979 2
      vertex 5.64967 5.12389 2.6
      vertex 6.10853 5.42979 2.6
    endloop
  endfacet
  facet normal -0.554692 0.832056 0
    outer loop
      vertex 5.64967 5.12389 2.6
      vertex 6.10853 5.42979 2
      vertex 5.64967 5.12389 2
    endloop
  endfacet
  facet normal -0.514452 0.857519 0
    outer loop
      vertex 5.64967 5.12389 2
      vertex 5.36287 4.95183 2.6
      vertex 5.64967 5.12389 2.6
    endloop
  endfacet
  facet normal -0.514452 0.857519 0
    outer loop
      vertex 5.36287 4.95183 2.6
      vertex 5.64967 5.12389 2
      vertex 5.36287 4.95183 2
    endloop
  endfacet
  facet normal -0.406134 0.913814 0
    outer loop
      vertex 5.36287 4.95183 2
      vertex 5.19081 4.87536 2.6
      vertex 5.36287 4.95183 2.6
    endloop
  endfacet
  facet normal -0.406134 0.913814 0
    outer loop
      vertex 5.19081 4.87536 2.6
      vertex 5.36287 4.95183 2
      vertex 5.19081 4.87536 2
    endloop
  endfacet
  facet normal -0.707107 0.707107 0
    outer loop
      vertex 5.15256 4.83711 2
      vertex 5.19081 4.87536 2.6
      vertex 5.19081 4.87536 2
    endloop
  endfacet
  facet normal -0.707107 0.707107 0
    outer loop
      vertex 5.19081 4.87536 2.6
      vertex 5.15256 4.83711 2
      vertex 5.15256 4.83711 2.6
    endloop
  endfacet
  facet normal -0.447229 0.894419 0
    outer loop
      vertex 5.15256 4.83711 2
      vertex 4.69372 4.60768 2.6
      vertex 5.15256 4.83711 2.6
    endloop
  endfacet
  facet normal -0.447229 0.894419 0
    outer loop
      vertex 4.69372 4.60768 2.6
      vertex 5.15256 4.83711 2
      vertex 4.69372 4.60768 2
    endloop
  endfacet
  facet normal -0.316203 0.948692 0
    outer loop
      vertex 4.69372 4.60768 2
      vertex 4.46429 4.53121 2.6
      vertex 4.69372 4.60768 2.6
    endloop
  endfacet
  facet normal -0.316203 0.948692 0
    outer loop
      vertex 4.46429 4.53121 2.6
      vertex 4.69372 4.60768 2
      vertex 4.46429 4.53121 2
    endloop
  endfacet
  facet normal -0.467931 0.883765 0
    outer loop
      vertex 4.46429 4.53121 2
      vertex 4.13927 4.35912 2.6
      vertex 4.46429 4.53121 2.6
    endloop
  endfacet
  facet normal -0.467931 0.883765 0
    outer loop
      vertex 4.13927 4.35912 2.6
      vertex 4.46429 4.53121 2
      vertex 4.13927 4.35912 2
    endloop
  endfacet
  facet normal -0.672652 0.739959 0
    outer loop
      vertex 4.13927 4.35912 2
      vertex 3.92896 4.16794 2.6
      vertex 4.13927 4.35912 2.6
    endloop
  endfacet
  facet normal -0.672652 0.739959 0
    outer loop
      vertex 3.92896 4.16794 2.6
      vertex 4.13927 4.35912 2
      vertex 3.92896 4.16794 2
    endloop
  endfacet
  facet normal -0.819204 0.573503 0
    outer loop
      vertex 3.79512 3.97676 2
      vertex 3.92896 4.16794 2.6
      vertex 3.92896 4.16794 2
    endloop
  endfacet
  facet normal -0.819204 0.573503 0
    outer loop
      vertex 3.92896 4.16794 2.6
      vertex 3.79512 3.97676 2
      vertex 3.79512 3.97676 2.6
    endloop
  endfacet
  facet normal -0.894462 0.447143 0
    outer loop
      vertex 3.71865 3.82379 2
      vertex 3.79512 3.97676 2.6
      vertex 3.79512 3.97676 2
    endloop
  endfacet
  facet normal -0.894462 0.447143 0
    outer loop
      vertex 3.79512 3.97676 2.6
      vertex 3.71865 3.82379 2
      vertex 3.71865 3.82379 2.6
    endloop
  endfacet
  facet normal -0.961489 0.274844 0
    outer loop
      vertex 3.6804 3.68998 2
      vertex 3.71865 3.82379 2.6
      vertex 3.71865 3.82379 2
    endloop
  endfacet
  facet normal -0.961489 0.274844 0
    outer loop
      vertex 3.71865 3.82379 2.6
      vertex 3.6804 3.68998 2
      vertex 3.6804 3.68998 2.6
    endloop
  endfacet
  facet normal -0.863769 0.503887 0
    outer loop
      vertex 3.54656 3.46055 2
      vertex 3.6804 3.68998 2.6
      vertex 3.6804 3.68998 2
    endloop
  endfacet
  facet normal -0.863769 0.503887 0
    outer loop
      vertex 3.6804 3.68998 2.6
      vertex 3.54656 3.46055 2
      vertex 3.54656 3.46055 2.6
    endloop
  endfacet
  facet normal -0.707153 0.707061 0
    outer loop
      vertex 3.31716 3.23112 2
      vertex 3.54656 3.46055 2.6
      vertex 3.54656 3.46055 2
    endloop
  endfacet
  facet normal -0.707153 0.707061 0
    outer loop
      vertex 3.54656 3.46055 2.6
      vertex 3.31716 3.23112 2
      vertex 3.31716 3.23112 2.6
    endloop
  endfacet
  facet normal -0.49609 0.868271 0
    outer loop
      vertex 3.31716 3.23112 2
      vertex 3.18332 3.15465 2.6
      vertex 3.31716 3.23112 2.6
    endloop
  endfacet
  facet normal -0.49609 0.868271 0
    outer loop
      vertex 3.18332 3.15465 2.6
      vertex 3.31716 3.23112 2
      vertex 3.18332 3.15465 2
    endloop
  endfacet
  facet normal -0.287467 0.95779 0
    outer loop
      vertex 3.18332 3.15465 2
      vertex 2.99214 3.09727 2.6
      vertex 3.18332 3.15465 2.6
    endloop
  endfacet
  facet normal -0.287467 0.95779 0
    outer loop
      vertex 2.99214 3.09727 2.6
      vertex 3.18332 3.15465 2
      vertex 2.99214 3.09727 2
    endloop
  endfacet
  facet normal 0 1 -0
    outer loop
      vertex 2.99214 3.09727 2
      vertex 2.7627 3.09727 2.6
      vertex 2.99214 3.09727 2.6
    endloop
  endfacet
  facet normal 0 1 0
    outer loop
      vertex 2.7627 3.09727 2.6
      vertex 2.99214 3.09727 2
      vertex 2.7627 3.09727 2
    endloop
  endfacet
  facet normal 0.707292 0.706922 -0
    outer loop
      vertex 2.7627 3.09727 2
      vertex 2.74358 3.1164 2.6
      vertex 2.7627 3.09727 2.6
    endloop
  endfacet
  facet normal 0.707292 0.706922 0
    outer loop
      vertex 2.74358 3.1164 2.6
      vertex 2.7627 3.09727 2
      vertex 2.74358 3.1164 2
    endloop
  endfacet
  facet normal 0 1 -0
    outer loop
      vertex 2.74358 3.1164 2
      vertex 2.68621 3.1164 2.6
      vertex 2.74358 3.1164 2.6
    endloop
  endfacet
  facet normal 0 1 0
    outer loop
      vertex 2.68621 3.1164 2.6
      vertex 2.74358 3.1164 2
      vertex 2.68621 3.1164 2
    endloop
  endfacet
  facet normal 0.413783 0.910375 -0
    outer loop
      vertex 2.68621 3.1164 2
      vertex 2.4759 3.21199 2.6
      vertex 2.68621 3.1164 2.6
    endloop
  endfacet
  facet normal 0.413783 0.910375 0
    outer loop
      vertex 2.4759 3.21199 2.6
      vertex 2.68621 3.1164 2
      vertex 2.4759 3.21199 2
    endloop
  endfacet
  facet normal 0.640145 0.768254 -0
    outer loop
      vertex 2.4759 3.21199 2
      vertex 2.36118 3.30758 2.6
      vertex 2.4759 3.21199 2.6
    endloop
  endfacet
  facet normal 0.640145 0.768254 0
    outer loop
      vertex 2.36118 3.30758 2.6
      vertex 2.4759 3.21199 2
      vertex 2.36118 3.30758 2
    endloop
  endfacet
  facet normal 0.768254 0.640145 0
    outer loop
      vertex 2.36118 3.30758 2.6
      vertex 2.26559 3.4223 2
      vertex 2.26559 3.4223 2.6
    endloop
  endfacet
  facet normal 0.768254 0.640145 0
    outer loop
      vertex 2.26559 3.4223 2
      vertex 2.36118 3.30758 2.6
      vertex 2.36118 3.30758 2
    endloop
  endfacet
  facet normal 0.913817 0.406126 0
    outer loop
      vertex 2.26559 3.4223 2.6
      vertex 1.95969 4.1106 2
      vertex 1.95969 4.1106 2.6
    endloop
  endfacet
  facet normal 0.913817 0.406126 0
    outer loop
      vertex 1.95969 4.1106 2
      vertex 2.26559 3.4223 2.6
      vertex 2.26559 3.4223 2
    endloop
  endfacet
  facet normal 0.948725 0.316104 0
    outer loop
      vertex 1.95969 4.1106 2.6
      vertex 1.92147 4.22531 2
      vertex 1.92147 4.22531 2.6
    endloop
  endfacet
  facet normal 0.948725 0.316104 0
    outer loop
      vertex 1.92147 4.22531 2
      vertex 1.95969 4.1106 2.6
      vertex 1.95969 4.1106 2
    endloop
  endfacet
  facet normal 0.894521 -0.447026 0
    outer loop
      vertex 1.92147 4.22531 2.6
      vertex 1.94057 4.26353 2
      vertex 1.94057 4.26353 2.6
    endloop
  endfacet
  facet normal 0.894521 -0.447026 0
    outer loop
      vertex 1.94057 4.26353 2
      vertex 1.92147 4.22531 2.6
      vertex 1.92147 4.22531 2
    endloop
  endfacet
  facet normal -0.294062 -0.955786 0
    outer loop
      vertex 1.94057 4.26353 2
      vertex 2.18912 4.18706 2.6
      vertex 1.94057 4.26353 2.6
    endloop
  endfacet
  facet normal -0.294062 -0.955786 -0
    outer loop
      vertex 2.18912 4.18706 2.6
      vertex 1.94057 4.26353 2
      vertex 2.18912 4.18706 2
    endloop
  endfacet
  facet normal 0.707107 -0.707107 0
    outer loop
      vertex 2.18912 4.18706 2.6
      vertex 2.22737 4.22531 2
      vertex 2.22737 4.22531 2.6
    endloop
  endfacet
  facet normal 0.707107 -0.707107 0
    outer loop
      vertex 2.22737 4.22531 2
      vertex 2.18912 4.18706 2.6
      vertex 2.18912 4.18706 2
    endloop
  endfacet
  facet normal 0.980577 0.196136 0
    outer loop
      vertex 2.22737 4.22531 2.6
      vertex 2.20825 4.3209 2
      vertex 2.20825 4.3209 2.6
    endloop
  endfacet
  facet normal 0.980577 0.196136 0
    outer loop
      vertex 2.20825 4.3209 2
      vertex 2.22737 4.22531 2.6
      vertex 2.22737 4.22531 2
    endloop
  endfacet
  facet normal 0.847992 0.530009 0
    outer loop
      vertex 2.20825 4.3209 2.6
      vertex 2.11266 4.47384 2
      vertex 2.11266 4.47384 2.6
    endloop
  endfacet
  facet normal 0.847992 0.530009 0
    outer loop
      vertex 2.11266 4.47384 2
      vertex 2.20825 4.3209 2.6
      vertex 2.20825 4.3209 2
    endloop
  endfacet
  facet normal 0.902135 0.431455 0
    outer loop
      vertex 2.11266 4.47384 2.6
      vertex 1.90235 4.91358 2
      vertex 1.90235 4.91358 2.6
    endloop
  endfacet
  facet normal 0.902135 0.431455 0
    outer loop
      vertex 1.90235 4.91358 2
      vertex 2.11266 4.47384 2.6
      vertex 2.11266 4.47384 2
    endloop
  endfacet
  facet normal 0.961505 0.274788 0
    outer loop
      vertex 1.90235 4.91358 2.6
      vertex 1.82585 5.18126 2
      vertex 1.82585 5.18126 2.6
    endloop
  endfacet
  facet normal 0.961505 0.274788 0
    outer loop
      vertex 1.82585 5.18126 2
      vertex 1.90235 4.91358 2.6
      vertex 1.90235 4.91358 2
    endloop
  endfacet
  facet normal 1 -0 0
    outer loop
      vertex 1.82585 5.18126 2.6
      vertex 1.82585 5.50628 2
      vertex 1.82585 5.50628 2.6
    endloop
  endfacet
  facet normal 1 0 0
    outer loop
      vertex 1.82585 5.50628 2
      vertex 1.82585 5.18126 2.6
      vertex 1.82585 5.18126 2
    endloop
  endfacet
  facet normal 0.706552 -0.707661 0
    outer loop
      vertex 1.82585 5.50628 2
      vertex 1.84498 5.52538 2.6
      vertex 1.82585 5.50628 2.6
    endloop
  endfacet
  facet normal 0.706552 -0.707661 0
    outer loop
      vertex 1.84498 5.52538 2.6
      vertex 1.82585 5.50628 2
      vertex 1.84498 5.52538 2
    endloop
  endfacet
  facet normal 0.989949 -0.141421 0
    outer loop
      vertex 1.84498 5.52538 2.6
      vertex 1.8641 5.65922 2
      vertex 1.8641 5.65922 2.6
    endloop
  endfacet
  facet normal 0.989949 -0.141421 0
    outer loop
      vertex 1.8641 5.65922 2
      vertex 1.84498 5.52538 2.6
      vertex 1.84498 5.52538 2
    endloop
  endfacet
  facet normal 0.894427 -0.447214 0
    outer loop
      vertex 1.8641 5.65922 2.6
      vertex 1.95969 5.8504 2
      vertex 1.95969 5.8504 2.6
    endloop
  endfacet
  facet normal 0.894427 -0.447214 0
    outer loop
      vertex 1.95969 5.8504 2
      vertex 1.8641 5.65922 2.6
      vertex 1.8641 5.65922 2
    endloop
  endfacet
  facet normal 0.739942 -0.672671 0
    outer loop
      vertex 1.95969 5.8504 2.6
      vertex 2.15088 6.06071 2
      vertex 2.15088 6.06071 2.6
    endloop
  endfacet
  facet normal 0.739942 -0.672671 0
    outer loop
      vertex 2.15088 6.06071 2
      vertex 1.95969 5.8504 2.6
      vertex 1.95969 5.8504 2
    endloop
  endfacet
  facet normal 0.554834 -0.831961 0
    outer loop
      vertex 2.15088 6.06071 2
      vertex 2.26559 6.13721 2.6
      vertex 2.15088 6.06071 2.6
    endloop
  endfacet
  facet normal 0.554834 -0.831961 0
    outer loop
      vertex 2.26559 6.13721 2.6
      vertex 2.15088 6.06071 2
      vertex 2.26559 6.13721 2
    endloop
  endfacet
  facet normal 0.110378 -0.99389 0
    outer loop
      vertex 2.26559 6.13721 2
      vertex 2.60974 6.17543 2.6
      vertex 2.26559 6.13721 2.6
    endloop
  endfacet
  facet normal 0.110378 -0.99389 0
    outer loop
      vertex 2.60974 6.17543 2.6
      vertex 2.26559 6.13721 2
      vertex 2.60974 6.17543 2
    endloop
  endfacet
  facet normal 0.707107 -0.707107 0
    outer loop
      vertex 2.60974 6.17543 2.6
      vertex 2.62886 6.19455 2
      vertex 2.62886 6.19455 2.6
    endloop
  endfacet
  facet normal 0.707107 -0.707107 0
    outer loop
      vertex 2.62886 6.19455 2
      vertex 2.60974 6.17543 2.6
      vertex 2.60974 6.17543 2
    endloop
  endfacet
  facet normal 0 -1 0
    outer loop
      vertex 2.62886 6.19455 2
      vertex 2.72445 6.19455 2.6
      vertex 2.62886 6.19455 2.6
    endloop
  endfacet
  facet normal 0 -1 -0
    outer loop
      vertex 2.72445 6.19455 2.6
      vertex 2.62886 6.19455 2
      vertex 2.72445 6.19455 2
    endloop
  endfacet
  facet normal 0.707107 -0.707107 0
    outer loop
      vertex 2.72445 6.19455 2.6
      vertex 2.74358 6.21368 2
      vertex 2.74358 6.21368 2.6
    endloop
  endfacet
  facet normal 0.707107 -0.707107 0
    outer loop
      vertex 2.74358 6.21368 2
      vertex 2.72445 6.19455 2.6
      vertex 2.72445 6.19455 2
    endloop
  endfacet
  facet normal 0 -1 0
    outer loop
      vertex 2.74358 6.21368 2
      vertex 2.83917 6.21368 2.6
      vertex 2.74358 6.21368 2.6
    endloop
  endfacet
  facet normal 0 -1 -0
    outer loop
      vertex 2.83917 6.21368 2.6
      vertex 2.74358 6.21368 2
      vertex 2.83917 6.21368 2
    endloop
  endfacet
  facet normal 0.706922 -0.707292 0
    outer loop
      vertex 2.83917 6.21368 2.6
      vertex 2.8583 6.2328 2
      vertex 2.8583 6.2328 2.6
    endloop
  endfacet
  facet normal 0.706922 -0.707292 0
    outer loop
      vertex 2.8583 6.2328 2
      vertex 2.83917 6.21368 2.6
      vertex 2.83917 6.21368 2
    endloop
  endfacet
  facet normal 0 -1 0
    outer loop
      vertex 2.8583 6.2328 2
      vertex 2.95389 6.2328 2.6
      vertex 2.8583 6.2328 2.6
    endloop
  endfacet
  facet normal 0 -1 -0
    outer loop
      vertex 2.95389 6.2328 2.6
      vertex 2.8583 6.2328 2
      vertex 2.95389 6.2328 2
    endloop
  endfacet
  facet normal 0.707107 -0.707107 0
    outer loop
      vertex 2.95389 6.2328 2.6
      vertex 2.97301 6.25192 2
      vertex 2.97301 6.25192 2.6
    endloop
  endfacet
  facet normal 0.707107 -0.707107 0
    outer loop
      vertex 2.97301 6.25192 2
      vertex 2.95389 6.2328 2.6
      vertex 2.95389 6.2328 2
    endloop
  endfacet
  facet normal 0 -1 0
    outer loop
      vertex 2.97301 6.25192 2
      vertex 3.0686 6.25192 2.6
      vertex 2.97301 6.25192 2.6
    endloop
  endfacet
  facet normal 0 -1 -0
    outer loop
      vertex 3.0686 6.25192 2.6
      vertex 2.97301 6.25192 2
      vertex 3.0686 6.25192 2
    endloop
  endfacet
  facet normal 0.707107 -0.707107 0
    outer loop
      vertex 3.0686 6.25192 2.6
      vertex 3.08773 6.27105 2
      vertex 3.08773 6.27105 2.6
    endloop
  endfacet
  facet normal 0.707107 -0.707107 0
    outer loop
      vertex 3.08773 6.27105 2
      vertex 3.0686 6.25192 2.6
      vertex 3.0686 6.25192 2
    endloop
  endfacet
  facet normal 0 -1 0
    outer loop
      vertex 3.08773 6.27105 2
      vertex 3.18332 6.27105 2.6
      vertex 3.08773 6.27105 2.6
    endloop
  endfacet
  facet normal 0 -1 -0
    outer loop
      vertex 3.18332 6.27105 2.6
      vertex 3.08773 6.27105 2
      vertex 3.18332 6.27105 2
    endloop
  endfacet
  facet normal 0.274588 -0.961562 0
    outer loop
      vertex 3.18332 6.27105 2
      vertex 3.31716 6.30927 2.6
      vertex 3.18332 6.27105 2.6
    endloop
  endfacet
  facet normal 0.274588 -0.961562 0
    outer loop
      vertex 3.31716 6.30927 2.6
      vertex 3.18332 6.27105 2
      vertex 3.31716 6.30927 2
    endloop
  endfacet
  facet normal 0 -1 0
    outer loop
      vertex 3.31716 6.30927 2
      vertex 3.43185 6.30927 2.6
      vertex 3.31716 6.30927 2.6
    endloop
  endfacet
  facet normal 0 -1 -0
    outer loop
      vertex 3.43185 6.30927 2.6
      vertex 3.31716 6.30927 2
      vertex 3.43185 6.30927 2
    endloop
  endfacet
  facet normal 0.707107 -0.707107 0
    outer loop
      vertex 3.43185 6.30927 2.6
      vertex 3.45097 6.32839 2
      vertex 3.45097 6.32839 2.6
    endloop
  endfacet
  facet normal 0.707107 -0.707107 0
    outer loop
      vertex 3.45097 6.32839 2
      vertex 3.43185 6.30927 2.6
      vertex 3.43185 6.30927 2
    endloop
  endfacet
  facet normal 0 -1 0
    outer loop
      vertex 3.45097 6.32839 2
      vertex 3.54656 6.32839 2.6
      vertex 3.45097 6.32839 2.6
    endloop
  endfacet
  facet normal 0 -1 -0
    outer loop
      vertex 3.54656 6.32839 2.6
      vertex 3.45097 6.32839 2
      vertex 3.54656 6.32839 2
    endloop
  endfacet
  facet normal 0.274788 -0.961505 0
    outer loop
      vertex 3.54656 6.32839 2
      vertex 3.6804 6.36664 2.6
      vertex 3.54656 6.32839 2.6
    endloop
  endfacet
  facet normal 0.274788 -0.961505 0
    outer loop
      vertex 3.6804 6.36664 2.6
      vertex 3.54656 6.32839 2
      vertex 3.6804 6.36664 2
    endloop
  endfacet
  facet normal 0 -1 0
    outer loop
      vertex 3.6804 6.36664 2
      vertex 3.79512 6.36664 2.6
      vertex 3.6804 6.36664 2.6
    endloop
  endfacet
  facet normal 0 -1 -0
    outer loop
      vertex 3.79512 6.36664 2.6
      vertex 3.6804 6.36664 2
      vertex 3.79512 6.36664 2
    endloop
  endfacet
  facet normal 0.706737 -0.707477 0
    outer loop
      vertex 3.79512 6.36664 2
      vertex 3.81424 6.38574 2.6
      vertex 3.79512 6.36664 2.6
    endloop
  endfacet
  facet normal 0.706737 -0.707477 0
    outer loop
      vertex 3.81424 6.38574 2.6
      vertex 3.79512 6.36664 2
      vertex 3.81424 6.38574 2
    endloop
  endfacet
  facet normal 0 -1 0
    outer loop
      vertex 3.81424 6.38574 2
      vertex 3.90984 6.38574 2.6
      vertex 3.81424 6.38574 2.6
    endloop
  endfacet
  facet normal 0 -1 -0
    outer loop
      vertex 3.90984 6.38574 2.6
      vertex 3.81424 6.38574 2
      vertex 3.90984 6.38574 2
    endloop
  endfacet
  facet normal 0.707107 -0.707107 0
    outer loop
      vertex 3.90984 6.38574 2.6
      vertex 3.92896 6.40486 2
      vertex 3.92896 6.40486 2.6
    endloop
  endfacet
  facet normal 0.707107 -0.707107 0
    outer loop
      vertex 3.92896 6.40486 2
      vertex 3.90984 6.38574 2.6
      vertex 3.90984 6.38574 2
    endloop
  endfacet
  facet normal 0 -1 0
    outer loop
      vertex 3.92896 6.40486 2
      vertex 4.02455 6.40486 2.6
      vertex 3.92896 6.40486 2.6
    endloop
  endfacet
  facet normal 0 -1 -0
    outer loop
      vertex 4.02455 6.40486 2.6
      vertex 3.92896 6.40486 2
      vertex 4.02455 6.40486 2
    endloop
  endfacet
  facet normal 0.274788 -0.961505 0
    outer loop
      vertex 4.02455 6.40486 2
      vertex 4.15839 6.44311 2.6
      vertex 4.02455 6.40486 2.6
    endloop
  endfacet
  facet normal 0.274788 -0.961505 0
    outer loop
      vertex 4.15839 6.44311 2.6
      vertex 4.02455 6.40486 2
      vertex 4.15839 6.44311 2
    endloop
  endfacet
  facet normal 0 -1 0
    outer loop
      vertex 4.15839 6.44311 2
      vertex 4.27311 6.44311 2.6
      vertex 4.15839 6.44311 2.6
    endloop
  endfacet
  facet normal 0 -1 -0
    outer loop
      vertex 4.27311 6.44311 2.6
      vertex 4.15839 6.44311 2
      vertex 4.27311 6.44311 2
    endloop
  endfacet
  facet normal 0.707662 -0.706551 0
    outer loop
      vertex 4.27311 6.44311 2.6
      vertex 4.2922 6.46223 2
      vertex 4.2922 6.46223 2.6
    endloop
  endfacet
  facet normal 0.707662 -0.706551 0
    outer loop
      vertex 4.2922 6.46223 2
      vertex 4.27311 6.44311 2.6
      vertex 4.27311 6.44311 2
    endloop
  endfacet
  facet normal 0 -1 0
    outer loop
      vertex 4.2922 6.46223 2
      vertex 4.38782 6.46223 2.6
      vertex 4.2922 6.46223 2.6
    endloop
  endfacet
  facet normal 0 -1 -0
    outer loop
      vertex 4.38782 6.46223 2.6
      vertex 4.2922 6.46223 2
      vertex 4.38782 6.46223 2
    endloop
  endfacet
  facet normal 0.274626 -0.961551 0
    outer loop
      vertex 4.38782 6.46223 2
      vertex 4.52164 6.50045 2.6
      vertex 4.38782 6.46223 2.6
    endloop
  endfacet
  facet normal 0.274626 -0.961551 0
    outer loop
      vertex 4.52164 6.50045 2.6
      vertex 4.38782 6.46223 2
      vertex 4.52164 6.50045 2
    endloop
  endfacet
  facet normal 0 -1 0
    outer loop
      vertex 4.52164 6.50045 2
      vertex 4.63635 6.50045 2.6
      vertex 4.52164 6.50045 2.6
    endloop
  endfacet
  facet normal 0 -1 -0
    outer loop
      vertex 4.63635 6.50045 2.6
      vertex 4.52164 6.50045 2
      vertex 4.63635 6.50045 2
    endloop
  endfacet
  facet normal 0.707107 -0.707107 0
    outer loop
      vertex 4.63635 6.50045 2.6
      vertex 4.65548 6.51958 2
      vertex 4.65548 6.51958 2.6
    endloop
  endfacet
  facet normal 0.707107 -0.707107 0
    outer loop
      vertex 4.65548 6.51958 2
      vertex 4.63635 6.50045 2.6
      vertex 4.63635 6.50045 2
    endloop
  endfacet
  facet normal 0 -1 0
    outer loop
      vertex 4.65548 6.51958 2
      vertex 4.75107 6.51958 2.6
      vertex 4.65548 6.51958 2.6
    endloop
  endfacet
  facet normal 0 -1 -0
    outer loop
      vertex 4.75107 6.51958 2.6
      vertex 4.65548 6.51958 2
      vertex 4.75107 6.51958 2
    endloop
  endfacet
  facet normal 0.707107 -0.707107 0
    outer loop
      vertex 4.75107 6.51958 2.6
      vertex 4.77019 6.5387 2
      vertex 4.77019 6.5387 2.6
    endloop
  endfacet
  facet normal 0.707107 -0.707107 0
    outer loop
      vertex 4.77019 6.5387 2
      vertex 4.75107 6.51958 2.6
      vertex 4.75107 6.51958 2
    endloop
  endfacet
  facet normal 0 -1 0
    outer loop
      vertex 4.77019 6.5387 2
      vertex 4.86578 6.5387 2.6
      vertex 4.77019 6.5387 2.6
    endloop
  endfacet
  facet normal 0 -1 -0
    outer loop
      vertex 4.86578 6.5387 2.6
      vertex 4.77019 6.5387 2
      vertex 4.86578 6.5387 2
    endloop
  endfacet
  facet normal 0.274788 -0.961505 0
    outer loop
      vertex 4.86578 6.5387 2
      vertex 4.99962 6.57695 2.6
      vertex 4.86578 6.5387 2.6
    endloop
  endfacet
  facet normal 0.274788 -0.961505 0
    outer loop
      vertex 4.99962 6.57695 2.6
      vertex 4.86578 6.5387 2
      vertex 4.99962 6.57695 2
    endloop
  endfacet
  facet normal 0 -1 0
    outer loop
      vertex 4.99962 6.57695 2
      vertex 5.11434 6.57695 2.6
      vertex 4.99962 6.57695 2.6
    endloop
  endfacet
  facet normal 0 -1 -0
    outer loop
      vertex 5.11434 6.57695 2.6
      vertex 4.99962 6.57695 2
      vertex 5.11434 6.57695 2
    endloop
  endfacet
  facet normal 0.706551 -0.707662 0
    outer loop
      vertex 5.11434 6.57695 2
      vertex 5.13346 6.59604 2.6
      vertex 5.11434 6.57695 2.6
    endloop
  endfacet
  facet normal 0.706551 -0.707662 0
    outer loop
      vertex 5.13346 6.59604 2.6
      vertex 5.11434 6.57695 2
      vertex 5.13346 6.59604 2
    endloop
  endfacet
  facet normal 0 -1 0
    outer loop
      vertex 5.13346 6.59604 2
      vertex 5.22906 6.59604 2.6
      vertex 5.13346 6.59604 2.6
    endloop
  endfacet
  facet normal 0 -1 -0
    outer loop
      vertex 5.22906 6.59604 2.6
      vertex 5.13346 6.59604 2
      vertex 5.22906 6.59604 2
    endloop
  endfacet
  facet normal 0.274844 -0.961489 0
    outer loop
      vertex 5.22906 6.59604 2
      vertex 5.36287 6.63429 2.6
      vertex 5.22906 6.59604 2.6
    endloop
  endfacet
  facet normal 0.274844 -0.961489 0
    outer loop
      vertex 5.36287 6.63429 2.6
      vertex 5.22906 6.59604 2
      vertex 5.36287 6.63429 2
    endloop
  endfacet
  facet normal 0.0767394 -0.997051 0
    outer loop
      vertex 5.36287 6.63429 2
      vertex 5.61142 6.65342 2.6
      vertex 5.36287 6.63429 2.6
    endloop
  endfacet
  facet normal 0.0767394 -0.997051 0
    outer loop
      vertex 5.61142 6.65342 2.6
      vertex 5.36287 6.63429 2
      vertex 5.61142 6.65342 2
    endloop
  endfacet
  facet normal 0.514364 -0.857572 0
    outer loop
      vertex 5.61142 6.65342 2
      vertex 5.70702 6.71076 2.6
      vertex 5.61142 6.65342 2.6
    endloop
  endfacet
  facet normal 0.514364 -0.857572 0
    outer loop
      vertex 5.70702 6.71076 2.6
      vertex 5.61142 6.65342 2
      vertex 5.70702 6.71076 2
    endloop
  endfacet
  facet normal 1 -0 0
    outer loop
      vertex 5.70702 6.71076 2.6
      vertex 5.70702 6.76813 2
      vertex 5.70702 6.76813 2.6
    endloop
  endfacet
  facet normal 1 0 0
    outer loop
      vertex 5.70702 6.76813 2
      vertex 5.70702 6.71076 2.6
      vertex 5.70702 6.71076 2
    endloop
  endfacet
  facet normal 0.868271 0.49609 0
    outer loop
      vertex 5.70702 6.76813 2.6
      vertex 5.63055 6.90197 2
      vertex 5.63055 6.90197 2.6
    endloop
  endfacet
  facet normal 0.868271 0.49609 0
    outer loop
      vertex 5.63055 6.90197 2
      vertex 5.70702 6.76813 2.6
      vertex 5.70702 6.76813 2
    endloop
  endfacet
  facet normal 0.554745 0.832021 -0
    outer loop
      vertex 5.63055 6.90197 2
      vertex 5.45849 7.01669 2.6
      vertex 5.63055 6.90197 2.6
    endloop
  endfacet
  facet normal 0.554745 0.832021 0
    outer loop
      vertex 5.45849 7.01669 2.6
      vertex 5.63055 6.90197 2
      vertex 5.45849 7.01669 2
    endloop
  endfacet
  facet normal 0.316112 0.948722 -0
    outer loop
      vertex 5.45849 7.01669 2
      vertex 5.2864 7.07403 2.6
      vertex 5.45849 7.01669 2.6
    endloop
  endfacet
  facet normal 0.316112 0.948722 0
    outer loop
      vertex 5.2864 7.07403 2.6
      vertex 5.45849 7.01669 2
      vertex 5.2864 7.07403 2
    endloop
  endfacet
  facet normal 0 1 -0
    outer loop
      vertex 5.2864 7.07403 2
      vertex 5.22906 7.07403 2.6
      vertex 5.2864 7.07403 2.6
    endloop
  endfacet
  facet normal 0 1 0
    outer loop
      vertex 5.22906 7.07403 2.6
      vertex 5.2864 7.07403 2
      vertex 5.22906 7.07403 2
    endloop
  endfacet
  facet normal 0.393836 0.919181 -0
    outer loop
      vertex 5.22906 7.07403 2
      vertex 5.09521 7.13138 2.6
      vertex 5.22906 7.07403 2.6
    endloop
  endfacet
  facet normal 0.393836 0.919181 0
    outer loop
      vertex 5.09521 7.13138 2.6
      vertex 5.22906 7.07403 2
      vertex 5.09521 7.13138 2
    endloop
  endfacet
  facet normal 0 1 -0
    outer loop
      vertex 5.09521 7.13138 2
      vertex 5.03787 7.13138 2.6
      vertex 5.09521 7.13138 2.6
    endloop
  endfacet
  facet normal 0 1 0
    outer loop
      vertex 5.03787 7.13138 2.6
      vertex 5.09521 7.13138 2
      vertex 5.03787 7.13138 2
    endloop
  endfacet
  facet normal 0.447167 0.894451 -0
    outer loop
      vertex 5.03787 7.13138 2
      vertex 4.96138 7.16962 2.6
      vertex 5.03787 7.13138 2.6
    endloop
  endfacet
  facet normal 0.447167 0.894451 0
    outer loop
      vertex 4.96138 7.16962 2.6
      vertex 5.03787 7.13138 2
      vertex 4.96138 7.16962 2
    endloop
  endfacet
  facet normal 0.141494 0.989939 -0
    outer loop
      vertex 4.96138 7.16962 2
      vertex 4.82754 7.18875 2.6
      vertex 4.96138 7.16962 2.6
    endloop
  endfacet
  facet normal 0.141494 0.989939 0
    outer loop
      vertex 4.82754 7.18875 2.6
      vertex 4.96138 7.16962 2
      vertex 4.82754 7.18875 2
    endloop
  endfacet
  facet normal 0.447354 0.894357 -0
    outer loop
      vertex 4.82754 7.18875 2
      vertex 4.75107 7.227 2.6
      vertex 4.82754 7.18875 2.6
    endloop
  endfacet
  facet normal 0.447354 0.894357 0
    outer loop
      vertex 4.75107 7.227 2.6
      vertex 4.82754 7.18875 2
      vertex 4.75107 7.227 2
    endloop
  endfacet
  facet normal 0.141204 0.989981 -0
    outer loop
      vertex 4.75107 7.227 2
      vertex 4.61723 7.24609 2.6
      vertex 4.75107 7.227 2.6
    endloop
  endfacet
  facet normal 0.141204 0.989981 0
    outer loop
      vertex 4.61723 7.24609 2.6
      vertex 4.75107 7.227 2
      vertex 4.61723 7.24609 2
    endloop
  endfacet
  facet normal 0.447354 0.894357 -0
    outer loop
      vertex 4.61723 7.24609 2
      vertex 4.54076 7.28434 2.6
      vertex 4.61723 7.24609 2.6
    endloop
  endfacet
  facet normal 0.447354 0.894357 0
    outer loop
      vertex 4.54076 7.28434 2.6
      vertex 4.61723 7.24609 2
      vertex 4.54076 7.28434 2
    endloop
  endfacet
  facet normal 0 1 -0
    outer loop
      vertex 4.54076 7.28434 2
      vertex 4.48342 7.28434 2.6
      vertex 4.54076 7.28434 2.6
    endloop
  endfacet
  facet normal 0 1 0
    outer loop
      vertex 4.48342 7.28434 2.6
      vertex 4.54076 7.28434 2
      vertex 4.48342 7.28434 2
    endloop
  endfacet
  facet normal 0.706922 0.707292 -0
    outer loop
      vertex 4.48342 7.28434 2
      vertex 4.46429 7.30346 2.6
      vertex 4.48342 7.28434 2.6
    endloop
  endfacet
  facet normal 0.706922 0.707292 0
    outer loop
      vertex 4.46429 7.30346 2.6
      vertex 4.48342 7.28434 2
      vertex 4.46429 7.30346 2
    endloop
  endfacet
  facet normal 0 1 -0
    outer loop
      vertex 4.46429 7.30346 2
      vertex 4.40692 7.30346 2.6
      vertex 4.46429 7.30346 2.6
    endloop
  endfacet
  facet normal 0 1 0
    outer loop
      vertex 4.40692 7.30346 2.6
      vertex 4.46429 7.30346 2
      vertex 4.40692 7.30346 2
    endloop
  endfacet
  facet normal 0.265919 0.963995 -0
    outer loop
      vertex 4.40692 7.30346 2
      vertex 3.85249 7.4564 2.6
      vertex 4.40692 7.30346 2.6
    endloop
  endfacet
  facet normal 0.265919 0.963995 0
    outer loop
      vertex 3.85249 7.4564 2.6
      vertex 4.40692 7.30346 2
      vertex 3.85249 7.4564 2
    endloop
  endfacet
  facet normal 0 1 -0
    outer loop
      vertex 3.85249 7.4564 2
      vertex 3.776 7.4564 2.6
      vertex 3.85249 7.4564 2.6
    endloop
  endfacet
  facet normal 0 1 0
    outer loop
      vertex 3.776 7.4564 2.6
      vertex 3.85249 7.4564 2
      vertex 3.776 7.4564 2
    endloop
  endfacet
  facet normal 0.706922 0.707292 0
    outer loop
      vertex 3.776 7.4564 2.6
      vertex 3.75687 7.47552 2
      vertex 3.75687 7.47552 2.6
    endloop
  endfacet
  facet normal 0.706922 0.707292 0
    outer loop
      vertex 3.75687 7.47552 2
      vertex 3.776 7.4564 2.6
      vertex 3.776 7.4564 2
    endloop
  endfacet
  facet normal 0.164469 0.986382 -0
    outer loop
      vertex 3.75687 7.47552 2
      vertex 3.52747 7.51377 2.6
      vertex 3.75687 7.47552 2.6
    endloop
  endfacet
  facet normal 0.164469 0.986382 0
    outer loop
      vertex 3.52747 7.51377 2.6
      vertex 3.75687 7.47552 2
      vertex 3.52747 7.51377 2
    endloop
  endfacet
  facet normal 0.316162 0.948705 -0
    outer loop
      vertex 3.52747 7.51377 2
      vertex 3.35538 7.57112 2.6
      vertex 3.52747 7.51377 2.6
    endloop
  endfacet
  facet normal 0.316162 0.948705 0
    outer loop
      vertex 3.35538 7.57112 2.6
      vertex 3.52747 7.51377 2
      vertex 3.35538 7.57112 2
    endloop
  endfacet
  facet normal 0.110444 0.993882 -0
    outer loop
      vertex 3.35538 7.57112 2
      vertex 3.18332 7.59024 2.6
      vertex 3.35538 7.57112 2.6
    endloop
  endfacet
  facet normal 0.110444 0.993882 0
    outer loop
      vertex 3.18332 7.59024 2.6
      vertex 3.35538 7.57112 2
      vertex 3.18332 7.59024 2
    endloop
  endfacet
  facet normal 0.371508 0.92843 -0
    outer loop
      vertex 3.18332 7.59024 2
      vertex 3.08773 7.62849 2.6
      vertex 3.18332 7.59024 2.6
    endloop
  endfacet
  facet normal 0.371508 0.92843 0
    outer loop
      vertex 3.08773 7.62849 2.6
      vertex 3.18332 7.59024 2
      vertex 3.08773 7.62849 2
    endloop
  endfacet
  facet normal 0.185897 0.982569 -0
    outer loop
      vertex 3.08773 7.62849 2
      vertex 2.38031 7.76233 2.6
      vertex 3.08773 7.62849 2.6
    endloop
  endfacet
  facet normal 0.185897 0.982569 0
    outer loop
      vertex 2.38031 7.76233 2.6
      vertex 3.08773 7.62849 2
      vertex 2.38031 7.76233 2
    endloop
  endfacet
  facet normal 0.768194 0.640217 0
    outer loop
      vertex 2.38031 7.76233 2.6
      vertex 2.28471 7.87704 2
      vertex 2.28471 7.87704 2.6
    endloop
  endfacet
  facet normal 0.768194 0.640217 0
    outer loop
      vertex 2.28471 7.87704 2
      vertex 2.38031 7.76233 2.6
      vertex 2.38031 7.76233 2
    endloop
  endfacet
  facet normal 0.588158 0.808746 -0
    outer loop
      vertex 2.28471 7.87704 2
      vertex 2.07441 8.02998 2.6
      vertex 2.28471 7.87704 2.6
    endloop
  endfacet
  facet normal 0.588158 0.808746 0
    outer loop
      vertex 2.07441 8.02998 2.6
      vertex 2.28471 7.87704 2
      vertex 2.07441 8.02998 2
    endloop
  endfacet
  facet normal 0.362455 0.932001 -0
    outer loop
      vertex 2.07441 8.02998 2
      vertex 1.73026 8.16382 2.6
      vertex 2.07441 8.02998 2.6
    endloop
  endfacet
  facet normal 0.362455 0.932001 0
    outer loop
      vertex 1.73026 8.16382 2.6
      vertex 2.07441 8.02998 2
      vertex 1.73026 8.16382 2
    endloop
  endfacet
  facet normal 0.099514 0.995036 -0
    outer loop
      vertex 1.73026 8.16382 2
      vertex 1.53908 8.18294 2.6
      vertex 1.73026 8.16382 2.6
    endloop
  endfacet
  facet normal 0.099514 0.995036 0
    outer loop
      vertex 1.53908 8.18294 2.6
      vertex 1.73026 8.16382 2
      vertex 1.53908 8.18294 2
    endloop
  endfacet
  facet normal 0.706552 0.707661 -0
    outer loop
      vertex 1.53908 8.18294 2
      vertex 1.51995 8.20204 2.6
      vertex 1.53908 8.18294 2.6
    endloop
  endfacet
  facet normal 0.706552 0.707661 0
    outer loop
      vertex 1.51995 8.20204 2.6
      vertex 1.53908 8.18294 2
      vertex 1.51995 8.20204 2
    endloop
  endfacet
  facet normal 0 1 -0
    outer loop
      vertex 1.51995 8.20204 2
      vertex 1.38614 8.20204 2.6
      vertex 1.51995 8.20204 2.6
    endloop
  endfacet
  facet normal 0 1 0
    outer loop
      vertex 1.38614 8.20204 2.6
      vertex 1.51995 8.20204 2
      vertex 1.38614 8.20204 2
    endloop
  endfacet
  facet normal 0.706922 0.707292 0
    outer loop
      vertex 1.38614 8.20204 2.6
      vertex 1.36701 8.22116 2
      vertex 1.36701 8.22116 2.6
    endloop
  endfacet
  facet normal 0.706922 0.707292 0
    outer loop
      vertex 1.36701 8.22116 2
      vertex 1.38614 8.20204 2.6
      vertex 1.38614 8.20204 2
    endloop
  endfacet
  facet normal 0 1 -0
    outer loop
      vertex 1.36701 8.22116 2
      vertex 0.697844 8.22116 2.6
      vertex 1.36701 8.22116 2.6
    endloop
  endfacet
  facet normal 0 1 0
    outer loop
      vertex 0.697844 8.22116 2.6
      vertex 1.36701 8.22116 2
      vertex 0.697844 8.22116 2
    endloop
  endfacet
  facet normal -0.707033 0.707181 0
    outer loop
      vertex 0.67872 8.20204 2
      vertex 0.697844 8.22116 2.6
      vertex 0.697844 8.22116 2
    endloop
  endfacet
  facet normal -0.707033 0.707181 0
    outer loop
      vertex 0.697844 8.22116 2.6
      vertex 0.67872 8.20204 2
      vertex 0.67872 8.20204 2.6
    endloop
  endfacet
  facet normal 0 1 -0
    outer loop
      vertex 0.67872 8.20204 2
      vertex 0.564003 8.20204 2.6
      vertex 0.67872 8.20204 2.6
    endloop
  endfacet
  facet normal 0 1 0
    outer loop
      vertex 0.564003 8.20204 2.6
      vertex 0.67872 8.20204 2
      vertex 0.564003 8.20204 2
    endloop
  endfacet
  facet normal -0.706663 0.707551 0
    outer loop
      vertex 0.564003 8.20204 2
      vertex 0.544879 8.18294 2.6
      vertex 0.564003 8.20204 2.6
    endloop
  endfacet
  facet normal -0.706663 0.707551 0
    outer loop
      vertex 0.544879 8.18294 2.6
      vertex 0.564003 8.20204 2
      vertex 0.544879 8.18294 2
    endloop
  endfacet
  facet normal -0.173823 0.984777 0
    outer loop
      vertex 0.544879 8.18294 2
      vertex 0.219855 8.12557 2.6
      vertex 0.544879 8.18294 2.6
    endloop
  endfacet
  facet normal -0.173823 0.984777 0
    outer loop
      vertex 0.219855 8.12557 2.6
      vertex 0.544879 8.18294 2
      vertex 0.219855 8.12557 2
    endloop
  endfacet
  facet normal -0.316162 0.948705 0
    outer loop
      vertex 0.219855 8.12557 2
      vertex 0.0477953 8.06823 2.6
      vertex 0.219855 8.12557 2.6
    endloop
  endfacet
  facet normal -0.316162 0.948705 0
    outer loop
      vertex 0.0477953 8.06823 2.6
      vertex 0.219855 8.12557 2
      vertex 0.0477953 8.06823 2
    endloop
  endfacet
  facet normal -0.514599 0.857431 0
    outer loop
      vertex 0.0477953 8.06823 2
      vertex -0.0477953 8.01086 2.6
      vertex 0.0477953 8.06823 2.6
    endloop
  endfacet
  facet normal -0.514599 0.857431 0
    outer loop
      vertex -0.0477953 8.01086 2.6
      vertex 0.0477953 8.06823 2
      vertex -0.0477953 8.01086 2
    endloop
  endfacet
  facet normal 0 1 -0
    outer loop
      vertex -0.0477953 8.01086 2
      vertex -0.0860443 8.01086 2.6
      vertex -0.0477953 8.01086 2.6
    endloop
  endfacet
  facet normal 0 1 0
    outer loop
      vertex -0.0860443 8.01086 2.6
      vertex -0.0477953 8.01086 2
      vertex -0.0860443 8.01086 2
    endloop
  endfacet
  facet normal -0.470571 0.882362 0
    outer loop
      vertex -0.0860443 8.01086 2
      vertex -0.37282 7.85792 2.6
      vertex -0.0860443 8.01086 2.6
    endloop
  endfacet
  facet normal -0.470571 0.882362 0
    outer loop
      vertex -0.37282 7.85792 2.6
      vertex -0.0860443 8.01086 2
      vertex -0.37282 7.85792 2
    endloop
  endfacet
  facet normal -0.600008 0.799994 0
    outer loop
      vertex -0.37282 7.85792 2
      vertex -0.67872 7.62849 2.6
      vertex -0.37282 7.85792 2.6
    endloop
  endfacet
  facet normal -0.600008 0.799994 0
    outer loop
      vertex -0.67872 7.62849 2.6
      vertex -0.37282 7.85792 2
      vertex -0.67872 7.62849 2
    endloop
  endfacet
  facet normal -0.707107 0.707107 0
    outer loop
      vertex -1.19493 7.11228 2
      vertex -0.67872 7.62849 2.6
      vertex -0.67872 7.62849 2
    endloop
  endfacet
  facet normal -0.707107 0.707107 0
    outer loop
      vertex -0.67872 7.62849 2.6
      vertex -1.19493 7.11228 2
      vertex -1.19493 7.11228 2.6
    endloop
  endfacet
  facet normal -0.764923 0.644121 0
    outer loop
      vertex -1.50083 6.74901 2
      vertex -1.19493 7.11228 2.6
      vertex -1.19493 7.11228 2
    endloop
  endfacet
  facet normal -0.764923 0.644121 0
    outer loop
      vertex -1.19493 7.11228 2.6
      vertex -1.50083 6.74901 2
      vertex -1.50083 6.74901 2.6
    endloop
  endfacet
  facet normal -0.83214 -0.554566 0
    outer loop
      vertex -1.46261 6.69166 2
      vertex -1.50083 6.74901 2.6
      vertex -1.50083 6.74901 2
    endloop
  endfacet
  facet normal -0.83214 -0.554566 0
    outer loop
      vertex -1.50083 6.74901 2.6
      vertex -1.46261 6.69166 2
      vertex -1.46261 6.69166 2.6
    endloop
  endfacet
  facet normal 0 -1 0
    outer loop
      vertex -1.46261 6.69166 2
      vertex -1.38614 6.69166 2.6
      vertex -1.46261 6.69166 2.6
    endloop
  endfacet
  facet normal 0 -1 -0
    outer loop
      vertex -1.38614 6.69166 2.6
      vertex -1.46261 6.69166 2
      vertex -1.38614 6.69166 2
    endloop
  endfacet
  facet normal 0.706737 -0.707477 0
    outer loop
      vertex -1.38614 6.69166 2
      vertex -1.36702 6.71076 2.6
      vertex -1.38614 6.69166 2.6
    endloop
  endfacet
  facet normal 0.706737 -0.707477 0
    outer loop
      vertex -1.36702 6.71076 2.6
      vertex -1.38614 6.69166 2
      vertex -1.36702 6.71076 2
    endloop
  endfacet
  facet normal 0 -1 0
    outer loop
      vertex -1.36702 6.71076 2
      vertex -1.17583 6.71076 2.6
      vertex -1.36702 6.71076 2.6
    endloop
  endfacet
  facet normal 0 -1 -0
    outer loop
      vertex -1.17583 6.71076 2.6
      vertex -1.36702 6.71076 2
      vertex -1.17583 6.71076 2
    endloop
  endfacet
  facet normal -0.706737 -0.707477 0
    outer loop
      vertex -1.17583 6.71076 2
      vertex -1.15671 6.69166 2.6
      vertex -1.17583 6.71076 2.6
    endloop
  endfacet
  facet normal -0.706737 -0.707477 -0
    outer loop
      vertex -1.15671 6.69166 2.6
      vertex -1.17583 6.71076 2
      vertex -1.15671 6.69166 2
    endloop
  endfacet
  facet normal -0.809948 0.586502 0
    outer loop
      vertex -1.5582 6.13721 2
      vertex -1.15671 6.69166 2.6
      vertex -1.15671 6.69166 2
    endloop
  endfacet
  facet normal -0.809948 0.586502 0
    outer loop
      vertex -1.15671 6.69166 2.6
      vertex -1.5582 6.13721 2
      vertex -1.5582 6.13721 2.6
    endloop
  endfacet
  facet normal -0.838965 0.544185 0
    outer loop
      vertex -2.01706 5.42979 2
      vertex -1.5582 6.13721 2.6
      vertex -1.5582 6.13721 2
    endloop
  endfacet
  facet normal -0.838965 0.544185 0
    outer loop
      vertex -1.5582 6.13721 2.6
      vertex -2.01706 5.42979 2
      vertex -2.01706 5.42979 2.6
    endloop
  endfacet
  facet normal -1 0 0
    outer loop
      vertex -2.01706 5.37244 2
      vertex -2.01706 5.42979 2.6
      vertex -2.01706 5.42979 2
    endloop
  endfacet
  facet normal -1 -0 0
    outer loop
      vertex -2.01706 5.42979 2.6
      vertex -2.01706 5.37244 2
      vertex -2.01706 5.37244 2.6
    endloop
  endfacet
  facet normal -0.707107 -0.707107 0
    outer loop
      vertex -1.99794 5.35332 2
      vertex -2.01706 5.37244 2.6
      vertex -2.01706 5.37244 2
    endloop
  endfacet
  facet normal -0.707107 -0.707107 0
    outer loop
      vertex -2.01706 5.37244 2.6
      vertex -1.99794 5.35332 2
      vertex -1.99794 5.35332 2.6
    endloop
  endfacet
  facet normal 0.110425 -0.993884 0
    outer loop
      vertex -1.99794 5.35332 2
      vertex -1.82585 5.37244 2.6
      vertex -1.99794 5.35332 2.6
    endloop
  endfacet
  facet normal 0.110425 -0.993884 0
    outer loop
      vertex -1.82585 5.37244 2.6
      vertex -1.99794 5.35332 2
      vertex -1.82585 5.37244 2
    endloop
  endfacet
  facet normal 0.707846 -0.706366 0
    outer loop
      vertex -1.82585 5.37244 2.6
      vertex -1.80676 5.39157 2
      vertex -1.80676 5.39157 2.6
    endloop
  endfacet
  facet normal 0.707846 -0.706366 0
    outer loop
      vertex -1.80676 5.39157 2
      vertex -1.82585 5.37244 2.6
      vertex -1.82585 5.37244 2
    endloop
  endfacet
  facet normal 0 -1 0
    outer loop
      vertex -1.80676 5.39157 2
      vertex -1.69204 5.39157 2.6
      vertex -1.80676 5.39157 2.6
    endloop
  endfacet
  facet normal 0 -1 -0
    outer loop
      vertex -1.69204 5.39157 2.6
      vertex -1.80676 5.39157 2
      vertex -1.69204 5.39157 2
    endloop
  endfacet
  facet normal 0.44712 -0.894474 0
    outer loop
      vertex -1.69204 5.39157 2
      vertex -1.65379 5.41069 2.6
      vertex -1.69204 5.39157 2.6
    endloop
  endfacet
  facet normal 0.44712 -0.894474 0
    outer loop
      vertex -1.65379 5.41069 2.6
      vertex -1.69204 5.39157 2
      vertex -1.65379 5.41069 2
    endloop
  endfacet
  facet normal -0.894474 -0.44712 0
    outer loop
      vertex -1.63467 5.37244 2
      vertex -1.65379 5.41069 2.6
      vertex -1.65379 5.41069 2
    endloop
  endfacet
  facet normal -0.894474 -0.44712 0
    outer loop
      vertex -1.65379 5.41069 2.6
      vertex -1.63467 5.37244 2
      vertex -1.63467 5.37244 2.6
    endloop
  endfacet
  facet normal -0.832073 0.554667 0
    outer loop
      vertex -1.74938 5.20036 2
      vertex -1.63467 5.37244 2.6
      vertex -1.63467 5.37244 2
    endloop
  endfacet
  facet normal -0.832073 0.554667 0
    outer loop
      vertex -1.63467 5.37244 2.6
      vertex -1.74938 5.20036 2
      vertex -1.74938 5.20036 2.6
    endloop
  endfacet
  facet normal -0.886906 0.461951 0
    outer loop
      vertex -2.22737 4.28266 2
      vertex -1.74938 5.20036 2.6
      vertex -1.74938 5.20036 2
    endloop
  endfacet
  facet normal -0.886906 0.461951 0
    outer loop
      vertex -1.74938 5.20036 2.6
      vertex -2.22737 4.28266 2
      vertex -2.22737 4.28266 2.6
    endloop
  endfacet
  facet normal -1 0 0
    outer loop
      vertex -2.22737 4.20619 2
      vertex -2.22737 4.28266 2.6
      vertex -2.22737 4.28266 2
    endloop
  endfacet
  facet normal -1 -0 0
    outer loop
      vertex -2.22737 4.28266 2.6
      vertex -2.22737 4.20619 2
      vertex -2.22737 4.20619 2.6
    endloop
  endfacet
  facet normal -0.447307 -0.89438 0
    outer loop
      vertex -2.22737 4.20619 2
      vertex -2.18912 4.18706 2.6
      vertex -2.22737 4.20619 2.6
    endloop
  endfacet
  facet normal -0.447307 -0.89438 -0
    outer loop
      vertex -2.18912 4.18706 2.6
      vertex -2.22737 4.20619 2
      vertex -2.18912 4.18706 2
    endloop
  endfacet
  facet normal 0.707292 -0.706922 0
    outer loop
      vertex -2.18912 4.18706 2
      vertex -2.17 4.20619 2.6
      vertex -2.18912 4.18706 2.6
    endloop
  endfacet
  facet normal 0.707292 -0.706922 0
    outer loop
      vertex -2.17 4.20619 2.6
      vertex -2.18912 4.18706 2
      vertex -2.17 4.20619 2
    endloop
  endfacet
  facet normal 0.155926 -0.987769 0
    outer loop
      vertex -2.17 4.20619 2
      vertex -1.80676 4.26353 2.6
      vertex -2.17 4.20619 2.6
    endloop
  endfacet
  facet normal 0.155926 -0.987769 0
    outer loop
      vertex -1.80676 4.26353 2.6
      vertex -2.17 4.20619 2
      vertex -1.80676 4.26353 2
    endloop
  endfacet
  facet normal -0.706922 -0.707292 0
    outer loop
      vertex -1.78763 4.24441 2
      vertex -1.80676 4.26353 2.6
      vertex -1.80676 4.26353 2
    endloop
  endfacet
  facet normal -0.706922 -0.707292 0
    outer loop
      vertex -1.80676 4.26353 2.6
      vertex -1.78763 4.24441 2
      vertex -1.78763 4.24441 2.6
    endloop
  endfacet
  facet normal -0.948689 0.316211 0
    outer loop
      vertex -1.84498 4.07235 2
      vertex -1.78763 4.24441 2.6
      vertex -1.78763 4.24441 2
    endloop
  endfacet
  facet normal -0.948689 0.316211 0
    outer loop
      vertex -1.78763 4.24441 2.6
      vertex -1.84498 4.07235 2
      vertex -1.84498 4.07235 2.6
    endloop
  endfacet
  facet normal -0.904814 0.425808 0
    outer loop
      vertex -1.99794 3.74732 2
      vertex -1.84498 4.07235 2.6
      vertex -1.84498 4.07235 2
    endloop
  endfacet
  facet normal -0.904814 0.425808 0
    outer loop
      vertex -1.84498 4.07235 2.6
      vertex -1.99794 3.74732 2
      vertex -1.99794 3.74732 2.6
    endloop
  endfacet
  facet normal -0.806389 0.591386 0
    outer loop
      vertex -2.20825 3.46055 2
      vertex -1.99794 3.74732 2.6
      vertex -1.99794 3.74732 2
    endloop
  endfacet
  facet normal -0.806389 0.591386 0
    outer loop
      vertex -1.99794 3.74732 2.6
      vertex -2.20825 3.46055 2
      vertex -2.20825 3.46055 2.6
    endloop
  endfacet
  facet normal -0.680492 0.732755 0
    outer loop
      vertex -2.20825 3.46055 2
      vertex -2.4759 3.21199 2.6
      vertex -2.20825 3.46055 2.6
    endloop
  endfacet
  facet normal -0.680492 0.732755 0
    outer loop
      vertex -2.4759 3.21199 2.6
      vertex -2.20825 3.46055 2
      vertex -2.4759 3.21199 2
    endloop
  endfacet
  facet normal -0.447167 0.894451 0
    outer loop
      vertex -2.4759 3.21199 2
      vertex -2.62886 3.13552 2.6
      vertex -2.4759 3.21199 2.6
    endloop
  endfacet
  facet normal -0.447167 0.894451 0
    outer loop
      vertex -2.62886 3.13552 2.6
      vertex -2.4759 3.21199 2
      vertex -2.62886 3.13552 2
    endloop
  endfacet
  facet normal -0.274788 0.961505 0
    outer loop
      vertex -2.62886 3.13552 2
      vertex -2.7627 3.09727 2.6
      vertex -2.62886 3.13552 2.6
    endloop
  endfacet
  facet normal -0.274788 0.961505 0
    outer loop
      vertex -2.7627 3.09727 2.6
      vertex -2.62886 3.13552 2
      vertex -2.7627 3.09727 2
    endloop
  endfacet
  facet normal 0 1 -0
    outer loop
      vertex -2.7627 3.09727 2
      vertex -2.99214 3.09727 2.6
      vertex -2.7627 3.09727 2.6
    endloop
  endfacet
  facet normal 0 1 0
    outer loop
      vertex -2.99214 3.09727 2.6
      vertex -2.7627 3.09727 2
      vertex -2.99214 3.09727 2
    endloop
  endfacet
  facet normal 0.707846 0.706366 0
    outer loop
      vertex -2.99214 3.09727 2.6
      vertex -3.01123 3.1164 2
      vertex -3.01123 3.1164 2.6
    endloop
  endfacet
  facet normal 0.707846 0.706366 0
    outer loop
      vertex -3.01123 3.1164 2
      vertex -2.99214 3.09727 2.6
      vertex -2.99214 3.09727 2
    endloop
  endfacet
  facet normal 0 1 -0
    outer loop
      vertex -3.01123 3.1164 2
      vertex -3.0686 3.1164 2.6
      vertex -3.01123 3.1164 2.6
    endloop
  endfacet
  facet normal 0 1 0
    outer loop
      vertex -3.0686 3.1164 2.6
      vertex -3.01123 3.1164 2
      vertex -3.0686 3.1164 2
    endloop
  endfacet
  facet normal 0.316302 0.948658 -0
    outer loop
      vertex -3.0686 3.1164 2
      vertex -3.18332 3.15465 2.6
      vertex -3.0686 3.1164 2.6
    endloop
  endfacet
  facet normal 0.316302 0.948658 0
    outer loop
      vertex -3.18332 3.15465 2.6
      vertex -3.0686 3.1164 2
      vertex -3.18332 3.15465 2
    endloop
  endfacet
  facet normal 0.530009 0.847992 -0
    outer loop
      vertex -3.18332 3.15465 2
      vertex -3.33626 3.25024 2.6
      vertex -3.18332 3.15465 2.6
    endloop
  endfacet
  facet normal 0.530009 0.847992 0
    outer loop
      vertex -3.33626 3.25024 2.6
      vertex -3.18332 3.15465 2
      vertex -3.33626 3.25024 2
    endloop
  endfacet
  facet normal 0.732769 0.680477 0
    outer loop
      vertex -3.33626 3.25024 2.6
      vertex -3.58481 3.51789 2
      vertex -3.58481 3.51789 2.6
    endloop
  endfacet
  facet normal 0.732769 0.680477 0
    outer loop
      vertex -3.58481 3.51789 2
      vertex -3.33626 3.25024 2.6
      vertex -3.33626 3.25024 2
    endloop
  endfacet
  facet normal 0.900545 0.434762 0
    outer loop
      vertex -3.58481 3.51789 2.6
      vertex -3.85249 4.07235 2
      vertex -3.85249 4.07235 2.6
    endloop
  endfacet
  facet normal 0.900545 0.434762 0
    outer loop
      vertex -3.85249 4.07235 2
      vertex -3.58481 3.51789 2.6
      vertex -3.58481 3.51789 2
    endloop
  endfacet
  facet normal 0.800013 0.599983 0
    outer loop
      vertex -3.85249 4.07235 2.6
      vertex -3.90984 4.14882 2
      vertex -3.90984 4.14882 2.6
    endloop
  endfacet
  facet normal 0.800013 0.599983 0
    outer loop
      vertex -3.90984 4.14882 2
      vertex -3.85249 4.07235 2.6
      vertex -3.85249 4.07235 2
    endloop
  endfacet
  facet normal 0.675706 0.737171 -0
    outer loop
      vertex -3.90984 4.14882 2
      vertex -4.13927 4.35912 2.6
      vertex -3.90984 4.14882 2.6
    endloop
  endfacet
  facet normal 0.675706 0.737171 0
    outer loop
      vertex -4.13927 4.35912 2.6
      vertex -3.90984 4.14882 2
      vertex -4.13927 4.35912 2
    endloop
  endfacet
  facet normal 0.470651 0.88232 -0
    outer loop
      vertex -4.13927 4.35912 2
      vertex -4.42604 4.51209 2.6
      vertex -4.13927 4.35912 2.6
    endloop
  endfacet
  facet normal 0.470651 0.88232 0
    outer loop
      vertex -4.42604 4.51209 2.6
      vertex -4.13927 4.35912 2
      vertex -4.42604 4.51209 2
    endloop
  endfacet
  facet normal 0 1 -0
    outer loop
      vertex -4.42604 4.51209 2
      vertex -4.46429 4.51209 2.6
      vertex -4.42604 4.51209 2.6
    endloop
  endfacet
  facet normal 0 1 0
    outer loop
      vertex -4.46429 4.51209 2.6
      vertex -4.42604 4.51209 2
      vertex -4.46429 4.51209 2
    endloop
  endfacet
  facet normal 0.447198 0.894435 -0
    outer loop
      vertex -4.46429 4.51209 2
      vertex -4.69372 4.6268 2.6
      vertex -4.46429 4.51209 2.6
    endloop
  endfacet
  facet normal 0.447198 0.894435 0
    outer loop
      vertex -4.69372 4.6268 2.6
      vertex -4.46429 4.51209 2
      vertex -4.69372 4.6268 2
    endloop
  endfacet
  facet normal 0 1 -0
    outer loop
      vertex -4.69372 4.6268 2
      vertex -4.73194 4.6268 2.6
      vertex -4.69372 4.6268 2.6
    endloop
  endfacet
  facet normal 0 1 0
    outer loop
      vertex -4.73194 4.6268 2.6
      vertex -4.69372 4.6268 2
      vertex -4.73194 4.6268 2
    endloop
  endfacet
  facet normal 0.447214 0.894427 -0
    outer loop
      vertex -4.73194 4.6268 2
      vertex -5.22906 4.87536 2.6
      vertex -4.73194 4.6268 2.6
    endloop
  endfacet
  facet normal 0.447214 0.894427 0
    outer loop
      vertex -5.22906 4.87536 2.6
      vertex -4.73194 4.6268 2
      vertex -5.22906 4.87536 2
    endloop
  endfacet
  facet normal 0.514501 0.85749 -0
    outer loop
      vertex -5.22906 4.87536 2
      vertex -5.70702 5.16214 2.6
      vertex -5.22906 4.87536 2.6
    endloop
  endfacet
  facet normal 0.514501 0.85749 0
    outer loop
      vertex -5.70702 5.16214 2.6
      vertex -5.22906 4.87536 2
      vertex -5.70702 5.16214 2
    endloop
  endfacet
  facet normal 0.577464 0.816416 -0
    outer loop
      vertex -5.70702 5.16214 2
      vertex -6.4909 5.71659 2.6
      vertex -5.70702 5.16214 2.6
    endloop
  endfacet
  facet normal 0.577464 0.816416 0
    outer loop
      vertex -6.4909 5.71659 2.6
      vertex -5.70702 5.16214 2
      vertex -6.4909 5.71659 2
    endloop
  endfacet
  facet normal 0.644874 0.764289 -0
    outer loop
      vertex -6.4909 5.71659 2
      vertex -7.1027 6.2328 2.6
      vertex -6.4909 5.71659 2.6
    endloop
  endfacet
  facet normal 0.644874 0.764289 0
    outer loop
      vertex -7.1027 6.2328 2.6
      vertex -6.4909 5.71659 2
      vertex -7.1027 6.2328 2
    endloop
  endfacet
  facet normal 0.690466 0.723365 -0
    outer loop
      vertex -7.1027 6.2328 2
      vertex -7.52332 6.63429 2.6
      vertex -7.1027 6.2328 2.6
    endloop
  endfacet
  facet normal 0.690466 0.723365 0
    outer loop
      vertex -7.52332 6.63429 2.6
      vertex -7.1027 6.2328 2
      vertex -7.52332 6.63429 2
    endloop
  endfacet
  facet normal 0.741532 0.670917 0
    outer loop
      vertex -7.52332 6.63429 2.6
      vertex -8.24986 7.4373 2
      vertex -8.24986 7.4373 2.6
    endloop
  endfacet
  facet normal 0.741532 0.670917 0
    outer loop
      vertex -8.24986 7.4373 2
      vertex -7.52332 6.63429 2.6
      vertex -7.52332 6.63429 2
    endloop
  endfacet
  facet normal 0.812319 0.583213 0
    outer loop
      vertex -8.24986 7.4373 2.6
      vertex -8.7852 8.18294 2
      vertex -8.7852 8.18294 2.6
    endloop
  endfacet
  facet normal 0.812319 0.583213 0
    outer loop
      vertex -8.7852 8.18294 2
      vertex -8.24986 7.4373 2.6
      vertex -8.24986 7.4373 2
    endloop
  endfacet
  facet normal 0.857503 0.514478 0
    outer loop
      vertex -8.7852 8.18294 2.6
      vertex -8.95726 8.46972 2
      vertex -8.95726 8.46972 2.6
    endloop
  endfacet
  facet normal 0.857503 0.514478 0
    outer loop
      vertex -8.95726 8.46972 2
      vertex -8.7852 8.18294 2.6
      vertex -8.7852 8.18294 2
    endloop
  endfacet
  facet normal 0.902866 0.429923 0
    outer loop
      vertex -8.95726 8.46972 2.6
      vertex -9.14844 8.87121 2
      vertex -9.14844 8.87121 2.6
    endloop
  endfacet
  facet normal 0.902866 0.429923 0
    outer loop
      vertex -9.14844 8.87121 2
      vertex -8.95726 8.46972 2.6
      vertex -8.95726 8.46972 2
    endloop
  endfacet
  facet normal 0.707107 0.707107 0
    outer loop
      vertex -9.14844 8.87121 2.6
      vertex -9.18669 8.90946 2
      vertex -9.18669 8.90946 2.6
    endloop
  endfacet
  facet normal 0.707107 0.707107 0
    outer loop
      vertex -9.18669 8.90946 2
      vertex -9.14844 8.87121 2.6
      vertex -9.14844 8.87121 2
    endloop
  endfacet
  facet normal 0 1 -0
    outer loop
      vertex -9.18669 8.90946 2
      vertex -9.28228 8.90946 2.6
      vertex -9.18669 8.90946 2.6
    endloop
  endfacet
  facet normal 0 1 0
    outer loop
      vertex -9.28228 8.90946 2.6
      vertex -9.18669 8.90946 2
      vertex -9.28228 8.90946 2
    endloop
  endfacet
  facet normal -0.707107 0.707107 0
    outer loop
      vertex -9.37787 8.81387 2
      vertex -9.28228 8.90946 2.6
      vertex -9.28228 8.90946 2
    endloop
  endfacet
  facet normal -0.707107 0.707107 0
    outer loop
      vertex -9.28228 8.90946 2.6
      vertex -9.37787 8.81387 2
      vertex -9.37787 8.81387 2.6
    endloop
  endfacet
  facet normal -0.808704 0.588215 0
    outer loop
      vertex -9.53084 8.60356 2
      vertex -9.37787 8.81387 2.6
      vertex -9.37787 8.81387 2
    endloop
  endfacet
  facet normal -0.808704 0.588215 0
    outer loop
      vertex -9.37787 8.81387 2.6
      vertex -9.53084 8.60356 2
      vertex -9.53084 8.60356 2.6
    endloop
  endfacet
  facet normal -0.884933 0.465718 0
    outer loop
      vertex -9.72202 8.24029 2
      vertex -9.53084 8.60356 2.6
      vertex -9.53084 8.60356 2
    endloop
  endfacet
  facet normal -0.884933 0.465718 0
    outer loop
      vertex -9.53084 8.60356 2.6
      vertex -9.72202 8.24029 2
      vertex -9.72202 8.24029 2.6
    endloop
  endfacet
  facet normal -0.938334 0.34573 0
    outer loop
      vertex -9.85586 7.87704 2
      vertex -9.72202 8.24029 2.6
      vertex -9.72202 8.24029 2
    endloop
  endfacet
  facet normal -0.938334 0.34573 0
    outer loop
      vertex -9.72202 8.24029 2.6
      vertex -9.85586 7.87704 2
      vertex -9.85586 7.87704 2.6
    endloop
  endfacet
  facet normal -1 0 0
    outer loop
      vertex -9.85586 7.81967 2
      vertex -9.85586 7.87704 2.6
      vertex -9.85586 7.87704 2
    endloop
  endfacet
  facet normal -1 -0 0
    outer loop
      vertex -9.85586 7.87704 2.6
      vertex -9.85586 7.81967 2
      vertex -9.85586 7.81967 2.6
    endloop
  endfacet
  facet normal -0.948705 0.316162 0
    outer loop
      vertex -9.9132 7.64761 2
      vertex -9.85586 7.81967 2.6
      vertex -9.85586 7.81967 2
    endloop
  endfacet
  facet normal -0.948705 0.316162 0
    outer loop
      vertex -9.85586 7.81967 2.6
      vertex -9.9132 7.64761 2
      vertex -9.9132 7.64761 2.6
    endloop
  endfacet
  facet normal -1 0 0
    outer loop
      vertex -9.9132 7.55202 2
      vertex -9.9132 7.64761 2.6
      vertex -9.9132 7.64761 2
    endloop
  endfacet
  facet normal -1 -0 0
    outer loop
      vertex -9.9132 7.64761 2.6
      vertex -9.9132 7.55202 2
      vertex -9.9132 7.55202 2.6
    endloop
  endfacet
  facet normal -0.706922 0.707292 0
    outer loop
      vertex -9.93233 7.5329 2
      vertex -9.9132 7.55202 2.6
      vertex -9.9132 7.55202 2
    endloop
  endfacet
  facet normal -0.706922 0.707292 0
    outer loop
      vertex -9.9132 7.55202 2.6
      vertex -9.93233 7.5329 2
      vertex -9.93233 7.5329 2.6
    endloop
  endfacet
  facet normal -1 0 0
    outer loop
      vertex -9.93233 7.39906 2
      vertex -9.93233 7.5329 2.6
      vertex -9.93233 7.5329 2
    endloop
  endfacet
  facet normal -1 -0 0
    outer loop
      vertex -9.93233 7.5329 2.6
      vertex -9.93233 7.39906 2
      vertex -9.93233 7.39906 2.6
    endloop
  endfacet
  facet normal -0.707292 0.706922 0
    outer loop
      vertex -9.95145 7.37993 2
      vertex -9.93233 7.39906 2.6
      vertex -9.93233 7.39906 2
    endloop
  endfacet
  facet normal -0.707292 0.706922 0
    outer loop
      vertex -9.93233 7.39906 2.6
      vertex -9.95145 7.37993 2
      vertex -9.95145 7.37993 2.6
    endloop
  endfacet
  facet normal -1 0 0
    outer loop
      vertex -9.95145 6.97844 2
      vertex -9.95145 7.37993 2.6
      vertex -9.95145 7.37993 2
    endloop
  endfacet
  facet normal -1 -0 0
    outer loop
      vertex -9.95145 7.37993 2.6
      vertex -9.95145 6.97844 2
      vertex -9.95145 6.97844 2.6
    endloop
  endfacet
  facet normal -0.707107 -0.707107 0
    outer loop
      vertex -9.93233 6.95932 2
      vertex -9.95145 6.97844 2.6
      vertex -9.95145 6.97844 2
    endloop
  endfacet
  facet normal -0.707107 -0.707107 0
    outer loop
      vertex -9.95145 6.97844 2.6
      vertex -9.93233 6.95932 2
      vertex -9.93233 6.95932 2.6
    endloop
  endfacet
  facet normal -1 0 0
    outer loop
      vertex -9.93233 6.8446 2
      vertex -9.93233 6.95932 2.6
      vertex -9.93233 6.95932 2
    endloop
  endfacet
  facet normal -1 -0 0
    outer loop
      vertex -9.93233 6.95932 2.6
      vertex -9.93233 6.8446 2
      vertex -9.93233 6.8446 2.6
    endloop
  endfacet
  facet normal -0.706922 -0.707292 0
    outer loop
      vertex -9.9132 6.82548 2
      vertex -9.93233 6.8446 2.6
      vertex -9.93233 6.8446 2
    endloop
  endfacet
  facet normal -0.706922 -0.707292 0
    outer loop
      vertex -9.93233 6.8446 2.6
      vertex -9.9132 6.82548 2
      vertex -9.9132 6.82548 2.6
    endloop
  endfacet
  facet normal -1 0 0
    outer loop
      vertex -9.9132 6.74901 2
      vertex -9.9132 6.82548 2.6
      vertex -9.9132 6.82548 2
    endloop
  endfacet
  facet normal -1 -0 0
    outer loop
      vertex -9.9132 6.82548 2.6
      vertex -9.9132 6.74901 2
      vertex -9.9132 6.74901 2.6
    endloop
  endfacet
  facet normal -0.961535 -0.274683 0
    outer loop
      vertex -9.83674 6.48136 2
      vertex -9.9132 6.74901 2.6
      vertex -9.9132 6.74901 2
    endloop
  endfacet
  facet normal -0.961535 -0.274683 0
    outer loop
      vertex -9.9132 6.74901 2.6
      vertex -9.83674 6.48136 2
      vertex -9.83674 6.48136 2.6
    endloop
  endfacet
  facet normal -0.894421 -0.447225 0
    outer loop
      vertex -9.68377 6.17543 2
      vertex -9.83674 6.48136 2.6
      vertex -9.83674 6.48136 2
    endloop
  endfacet
  facet normal -0.894421 -0.447225 0
    outer loop
      vertex -9.83674 6.48136 2.6
      vertex -9.68377 6.17543 2
      vertex -9.68377 6.17543 2.6
    endloop
  endfacet
  facet normal -0.819218 -0.573482 0
    outer loop
      vertex -9.54993 5.98424 2
      vertex -9.68377 6.17543 2.6
      vertex -9.68377 6.17543 2
    endloop
  endfacet
  facet normal -0.819218 -0.573482 0
    outer loop
      vertex -9.68377 6.17543 2.6
      vertex -9.54993 5.98424 2
      vertex -9.54993 5.98424 2.6
    endloop
  endfacet
  facet normal -0.719845 -0.694135 0
    outer loop
      vertex -9.03372 5.44891 2
      vertex -9.54993 5.98424 2.6
      vertex -9.54993 5.98424 2
    endloop
  endfacet
  facet normal -0.719845 -0.694135 0
    outer loop
      vertex -9.54993 5.98424 2.6
      vertex -9.03372 5.44891 2
      vertex -9.03372 5.44891 2.6
    endloop
  endfacet
  facet normal -0.621883 -0.78311 0
    outer loop
      vertex -9.03372 5.44891 2
      vertex -8.38368 4.9327 2.6
      vertex -9.03372 5.44891 2.6
    endloop
  endfacet
  facet normal -0.621883 -0.78311 -0
    outer loop
      vertex -8.38368 4.9327 2.6
      vertex -9.03372 5.44891 2
      vertex -8.38368 4.9327 2
    endloop
  endfacet
  facet normal -0.542518 -0.840044 0
    outer loop
      vertex -8.38368 4.9327 2
      vertex -7.46598 4.34003 2.6
      vertex -8.38368 4.9327 2.6
    endloop
  endfacet
  facet normal -0.542518 -0.840044 -0
    outer loop
      vertex -7.46598 4.34003 2.6
      vertex -8.38368 4.9327 2
      vertex -7.46598 4.34003 2
    endloop
  endfacet
  facet normal -0.707292 0.706922 0
    outer loop
      vertex -7.46598 4.34003 2
      vertex -7.4851 4.3209 2.6
      vertex -7.46598 4.34003 2.6
    endloop
  endfacet
  facet normal -0.707292 0.706922 0
    outer loop
      vertex -7.4851 4.3209 2.6
      vertex -7.46598 4.34003 2
      vertex -7.4851 4.3209 2
    endloop
  endfacet
  facet normal 0 1 -0
    outer loop
      vertex -7.4851 4.3209 2
      vertex -7.54244 4.3209 2.6
      vertex -7.4851 4.3209 2.6
    endloop
  endfacet
  facet normal 0 1 0
    outer loop
      vertex -7.54244 4.3209 2.6
      vertex -7.4851 4.3209 2
      vertex -7.54244 4.3209 2
    endloop
  endfacet
  facet normal 0.707107 0.707107 -0
    outer loop
      vertex -7.54244 4.3209 2
      vertex -7.56157 4.34003 2.6
      vertex -7.54244 4.3209 2.6
    endloop
  endfacet
  facet normal 0.707107 0.707107 0
    outer loop
      vertex -7.56157 4.34003 2.6
      vertex -7.54244 4.3209 2
      vertex -7.56157 4.34003 2
    endloop
  endfacet
  facet normal 0.178803 0.983885 -0
    outer loop
      vertex -7.56157 4.34003 2
      vertex -7.77188 4.37825 2.6
      vertex -7.56157 4.34003 2.6
    endloop
  endfacet
  facet normal 0.178803 0.983885 0
    outer loop
      vertex -7.77188 4.37825 2.6
      vertex -7.56157 4.34003 2
      vertex -7.77188 4.37825 2
    endloop
  endfacet
  facet normal 0.447401 0.894334 -0
    outer loop
      vertex -7.77188 4.37825 2
      vertex -7.84834 4.4165 2.6
      vertex -7.77188 4.37825 2.6
    endloop
  endfacet
  facet normal 0.447401 0.894334 0
    outer loop
      vertex -7.84834 4.4165 2.6
      vertex -7.77188 4.37825 2
      vertex -7.84834 4.4165 2
    endloop
  endfacet
  facet normal 0.195948 0.980614 -0
    outer loop
      vertex -7.84834 4.4165 2
      vertex -8.03956 4.45471 2.6
      vertex -7.84834 4.4165 2.6
    endloop
  endfacet
  facet normal 0.195948 0.980614 0
    outer loop
      vertex -8.03956 4.45471 2.6
      vertex -7.84834 4.4165 2
      vertex -8.03956 4.45471 2
    endloop
  endfacet
  facet normal 0.31627 0.948669 -0
    outer loop
      vertex -8.03956 4.45471 2
      vertex -8.44105 4.58856 2.6
      vertex -8.03956 4.45471 2.6
    endloop
  endfacet
  facet normal 0.31627 0.948669 0
    outer loop
      vertex -8.44105 4.58856 2.6
      vertex -8.03956 4.45471 2
      vertex -8.44105 4.58856 2
    endloop
  endfacet
  facet normal 0.554834 0.831961 -0
    outer loop
      vertex -8.44105 4.58856 2
      vertex -8.49839 4.6268 2.6
      vertex -8.44105 4.58856 2.6
    endloop
  endfacet
  facet normal 0.554834 0.831961 0
    outer loop
      vertex -8.49839 4.6268 2.6
      vertex -8.44105 4.58856 2
      vertex -8.49839 4.6268 2
    endloop
  endfacet
  facet normal 0.196234 0.980557 -0
    outer loop
      vertex -8.49839 4.6268 2
      vertex -8.59398 4.64593 2.6
      vertex -8.49839 4.6268 2.6
    endloop
  endfacet
  facet normal 0.196234 0.980557 0
    outer loop
      vertex -8.59398 4.64593 2.6
      vertex -8.49839 4.6268 2
      vertex -8.59398 4.64593 2
    endloop
  endfacet
  facet normal 0.447139 0.894465 -0
    outer loop
      vertex -8.59398 4.64593 2
      vertex -8.7852 4.74152 2.6
      vertex -8.59398 4.64593 2.6
    endloop
  endfacet
  facet normal 0.447139 0.894465 0
    outer loop
      vertex -8.7852 4.74152 2.6
      vertex -8.59398 4.64593 2
      vertex -8.7852 4.74152 2
    endloop
  endfacet
  facet normal 0 1 -0
    outer loop
      vertex -8.7852 4.74152 2
      vertex -8.82342 4.74152 2.6
      vertex -8.7852 4.74152 2.6
    endloop
  endfacet
  facet normal 0 1 0
    outer loop
      vertex -8.82342 4.74152 2.6
      vertex -8.7852 4.74152 2
      vertex -8.82342 4.74152 2
    endloop
  endfacet
  facet normal 0.514403 0.857548 -0
    outer loop
      vertex -8.82342 4.74152 2
      vertex -8.91901 4.79886 2.6
      vertex -8.82342 4.74152 2.6
    endloop
  endfacet
  facet normal 0.514403 0.857548 0
    outer loop
      vertex -8.91901 4.79886 2.6
      vertex -8.82342 4.74152 2
      vertex -8.91901 4.79886 2
    endloop
  endfacet
  facet normal 0 1 -0
    outer loop
      vertex -8.91901 4.79886 2
      vertex -8.95726 4.79886 2.6
      vertex -8.91901 4.79886 2.6
    endloop
  endfacet
  facet normal 0 1 0
    outer loop
      vertex -8.95726 4.79886 2.6
      vertex -8.91901 4.79886 2
      vertex -8.95726 4.79886 2
    endloop
  endfacet
  facet normal 0.447255 0.894406 -0
    outer loop
      vertex -8.95726 4.79886 2
      vertex -9.3014 4.97095 2.6
      vertex -8.95726 4.79886 2.6
    endloop
  endfacet
  facet normal 0.447255 0.894406 0
    outer loop
      vertex -9.3014 4.97095 2.6
      vertex -8.95726 4.79886 2
      vertex -9.3014 4.97095 2
    endloop
  endfacet
  facet normal 0.707107 0.707107 0
    outer loop
      vertex -9.3014 4.97095 2.6
      vertex -9.33962 5.00917 2
      vertex -9.33962 5.00917 2.6
    endloop
  endfacet
  facet normal 0.707107 0.707107 0
    outer loop
      vertex -9.33962 5.00917 2
      vertex -9.3014 4.97095 2.6
      vertex -9.3014 4.97095 2
    endloop
  endfacet
  facet normal 0.481901 0.876226 -0
    outer loop
      vertex -9.33962 5.00917 2
      vertex -9.72202 5.21948 2.6
      vertex -9.33962 5.00917 2.6
    endloop
  endfacet
  facet normal 0.481901 0.876226 0
    outer loop
      vertex -9.72202 5.21948 2.6
      vertex -9.33962 5.00917 2
      vertex -9.72202 5.21948 2
    endloop
  endfacet
  facet normal 0.569279 0.822145 -0
    outer loop
      vertex -9.72202 5.21948 2
      vertex -9.97055 5.39157 2.6
      vertex -9.72202 5.21948 2.6
    endloop
  endfacet
  facet normal 0.569279 0.822145 0
    outer loop
      vertex -9.97055 5.39157 2.6
      vertex -9.72202 5.21948 2
      vertex -9.97055 5.39157 2
    endloop
  endfacet
  facet normal 0.644116 0.764928 -0
    outer loop
      vertex -9.97055 5.39157 2
      vertex -10.6971 6.00337 2.6
      vertex -9.97055 5.39157 2.6
    endloop
  endfacet
  facet normal 0.644116 0.764928 0
    outer loop
      vertex -10.6971 6.00337 2.6
      vertex -9.97055 5.39157 2
      vertex -10.6971 6.00337 2
    endloop
  endfacet
  facet normal 0 1 -0
    outer loop
      vertex -10.6971 6.00337 2
      vertex -10.7927 6.00337 2.6
      vertex -10.6971 6.00337 2.6
    endloop
  endfacet
  facet normal 0 1 0
    outer loop
      vertex -10.7927 6.00337 2.6
      vertex -10.6971 6.00337 2
      vertex -10.7927 6.00337 2
    endloop
  endfacet
  facet normal -0.780789 0.624795 0
    outer loop
      vertex -10.8692 5.90777 2
      vertex -10.7927 6.00337 2.6
      vertex -10.7927 6.00337 2
    endloop
  endfacet
  facet normal -0.780789 0.624795 0
    outer loop
      vertex -10.7927 6.00337 2.6
      vertex -10.8692 5.90777 2
      vertex -10.8692 5.90777 2.6
    endloop
  endfacet
  facet normal -0.941849 0.336035 0
    outer loop
      vertex -10.9647 5.6401 2
      vertex -10.8692 5.90777 2.6
      vertex -10.8692 5.90777 2
    endloop
  endfacet
  facet normal -0.941849 0.336035 0
    outer loop
      vertex -10.8692 5.90777 2.6
      vertex -10.9647 5.6401 2
      vertex -10.9647 5.6401 2.6
    endloop
  endfacet
  facet normal -0.986349 0.164671 0
    outer loop
      vertex -11.003 5.41069 2
      vertex -10.9647 5.6401 2.6
      vertex -10.9647 5.6401 2
    endloop
  endfacet
  facet normal -0.986349 0.164671 0
    outer loop
      vertex -10.9647 5.6401 2.6
      vertex -11.003 5.41069 2
      vertex -11.003 5.41069 2.6
    endloop
  endfacet
  facet normal -0.707477 0.706737 0
    outer loop
      vertex -11.0221 5.39157 2
      vertex -11.003 5.41069 2.6
      vertex -11.003 5.41069 2
    endloop
  endfacet
  facet normal -0.707477 0.706737 0
    outer loop
      vertex -11.003 5.41069 2.6
      vertex -11.0221 5.39157 2
      vertex -11.0221 5.39157 2.6
    endloop
  endfacet
  facet normal -1 0 0
    outer loop
      vertex -11.0221 5.29598 2
      vertex -11.0221 5.39157 2.6
      vertex -11.0221 5.39157 2
    endloop
  endfacet
  facet normal -1 -0 0
    outer loop
      vertex -11.0221 5.39157 2.6
      vertex -11.0221 5.29598 2
      vertex -11.0221 5.29598 2.6
    endloop
  endfacet
  facet normal -0.707661 0.706552 0
    outer loop
      vertex -11.0412 5.27685 2
      vertex -11.0221 5.29598 2.6
      vertex -11.0221 5.29598 2
    endloop
  endfacet
  facet normal -0.707661 0.706552 0
    outer loop
      vertex -11.0221 5.29598 2.6
      vertex -11.0412 5.27685 2
      vertex -11.0412 5.27685 2.6
    endloop
  endfacet
  facet normal -1 0 0
    outer loop
      vertex -11.0412 4.70327 2
      vertex -11.0412 5.27685 2.6
      vertex -11.0412 5.27685 2
    endloop
  endfacet
  facet normal -1 -0 0
    outer loop
      vertex -11.0412 5.27685 2.6
      vertex -11.0412 4.70327 2
      vertex -11.0412 4.70327 2.6
    endloop
  endfacet
  facet normal -0.707477 -0.706737 0
    outer loop
      vertex -11.0221 4.68415 2
      vertex -11.0412 4.70327 2.6
      vertex -11.0412 4.70327 2
    endloop
  endfacet
  facet normal -0.707477 -0.706737 0
    outer loop
      vertex -11.0412 4.70327 2.6
      vertex -11.0221 4.68415 2
      vertex -11.0221 4.68415 2.6
    endloop
  endfacet
  facet normal -0.995047 -0.0994058 0
    outer loop
      vertex -11.003 4.49296 2
      vertex -11.0221 4.68415 2.6
      vertex -11.0221 4.68415 2
    endloop
  endfacet
  facet normal -0.995047 -0.0994058 0
    outer loop
      vertex -11.0221 4.68415 2.6
      vertex -11.003 4.49296 2
      vertex -11.003 4.49296 2.6
    endloop
  endfacet
  facet normal -0.959361 -0.282182 0
    outer loop
      vertex -10.9074 4.16794 2
      vertex -11.003 4.49296 2.6
      vertex -11.003 4.49296 2
    endloop
  endfacet
  facet normal -0.959361 -0.282182 0
    outer loop
      vertex -11.003 4.49296 2.6
      vertex -10.9074 4.16794 2
      vertex -10.9074 4.16794 2.6
    endloop
  endfacet
  facet normal -0.885835 -0.464 0
    outer loop
      vertex -10.6971 3.76645 2
      vertex -10.9074 4.16794 2.6
      vertex -10.9074 4.16794 2
    endloop
  endfacet
  facet normal -0.885835 -0.464 0
    outer loop
      vertex -10.9074 4.16794 2.6
      vertex -10.6971 3.76645 2
      vertex -10.6971 3.76645 2.6
    endloop
  endfacet
  facet normal -0.768221 -0.640184 0
    outer loop
      vertex -10.5059 3.53701 2
      vertex -10.6971 3.76645 2.6
      vertex -10.6971 3.76645 2
    endloop
  endfacet
  facet normal -0.768221 -0.640184 0
    outer loop
      vertex -10.6971 3.76645 2.6
      vertex -10.5059 3.53701 2
      vertex -10.5059 3.53701 2.6
    endloop
  endfacet
  facet normal -0.664321 -0.747448 0
    outer loop
      vertex -10.5059 3.53701 2
      vertex -10.3338 3.38405 2.6
      vertex -10.5059 3.53701 2.6
    endloop
  endfacet
  facet normal -0.664321 -0.747448 -0
    outer loop
      vertex -10.3338 3.38405 2.6
      vertex -10.5059 3.53701 2
      vertex -10.3338 3.38405 2
    endloop
  endfacet
  facet normal -0.573376 -0.819292 0
    outer loop
      vertex -10.3338 3.38405 2
      vertex -10.1426 3.25024 2.6
      vertex -10.3338 3.38405 2.6
    endloop
  endfacet
  facet normal -0.573376 -0.819292 -0
    outer loop
      vertex -10.1426 3.25024 2.6
      vertex -10.3338 3.38405 2
      vertex -10.1426 3.25024 2
    endloop
  endfacet
  facet normal -0.490356 -0.871522 0
    outer loop
      vertex -10.1426 3.25024 2
      vertex -9.83674 3.07815 2.6
      vertex -10.1426 3.25024 2.6
    endloop
  endfacet
  facet normal -0.490356 -0.871522 -0
    outer loop
      vertex -9.83674 3.07815 2.6
      vertex -10.1426 3.25024 2
      vertex -9.83674 3.07815 2
    endloop
  endfacet
  facet normal 0 -1 0
    outer loop
      vertex -9.83674 3.07815 2
      vertex -9.79849 3.07815 2.6
      vertex -9.83674 3.07815 2.6
    endloop
  endfacet
  facet normal 0 -1 -0
    outer loop
      vertex -9.79849 3.07815 2.6
      vertex -9.83674 3.07815 2
      vertex -9.79849 3.07815 2
    endloop
  endfacet
  facet normal -0.425762 -0.904835 0
    outer loop
      vertex -9.79849 3.07815 2
      vertex -9.47346 2.92521 2.6
      vertex -9.79849 3.07815 2.6
    endloop
  endfacet
  facet normal -0.425762 -0.904835 -0
    outer loop
      vertex -9.47346 2.92521 2.6
      vertex -9.79849 3.07815 2
      vertex -9.47346 2.92521 2
    endloop
  endfacet
  facet normal -0.316219 -0.948686 0
    outer loop
      vertex -9.47346 2.92521 2
      vertex -9.12932 2.8105 2.6
      vertex -9.47346 2.92521 2.6
    endloop
  endfacet
  facet normal -0.316219 -0.948686 -0
    outer loop
      vertex -9.12932 2.8105 2.6
      vertex -9.47346 2.92521 2
      vertex -9.12932 2.8105 2
    endloop
  endfacet
  facet normal 0 -1 0
    outer loop
      vertex -9.12932 2.8105 2
      vertex -9.07197 2.8105 2.6
      vertex -9.12932 2.8105 2.6
    endloop
  endfacet
  facet normal 0 -1 -0
    outer loop
      vertex -9.07197 2.8105 2.6
      vertex -9.12932 2.8105 2
      vertex -9.07197 2.8105 2
    endloop
  endfacet
  facet normal -0.447354 -0.894357 0
    outer loop
      vertex -9.07197 2.8105 2
      vertex -8.9955 2.77225 2.6
      vertex -9.07197 2.8105 2.6
    endloop
  endfacet
  facet normal -0.447354 -0.894357 -0
    outer loop
      vertex -8.9955 2.77225 2.6
      vertex -9.07197 2.8105 2
      vertex -8.9955 2.77225 2
    endloop
  endfacet
  facet normal 0 -1 0
    outer loop
      vertex -8.9955 2.77225 2
      vertex -8.93813 2.77225 2.6
      vertex -8.9955 2.77225 2.6
    endloop
  endfacet
  facet normal 0 -1 -0
    outer loop
      vertex -8.93813 2.77225 2.6
      vertex -8.9955 2.77225 2
      vertex -8.93813 2.77225 2
    endloop
  endfacet
  facet normal -0.316162 -0.948705 0
    outer loop
      vertex -8.93813 2.77225 2
      vertex -8.76607 2.71491 2.6
      vertex -8.93813 2.77225 2.6
    endloop
  endfacet
  facet normal -0.316162 -0.948705 -0
    outer loop
      vertex -8.76607 2.71491 2.6
      vertex -8.93813 2.77225 2
      vertex -8.76607 2.71491 2
    endloop
  endfacet
  facet normal 0 -1 0
    outer loop
      vertex -8.76607 2.71491 2
      vertex -8.68958 2.71491 2.6
      vertex -8.76607 2.71491 2.6
    endloop
  endfacet
  facet normal 0 -1 -0
    outer loop
      vertex -8.68958 2.71491 2.6
      vertex -8.76607 2.71491 2
      vertex -8.68958 2.71491 2
    endloop
  endfacet
  facet normal -0.371474 -0.928443 0
    outer loop
      vertex -8.68958 2.71491 2
      vertex -8.59398 2.67666 2.6
      vertex -8.68958 2.71491 2.6
    endloop
  endfacet
  facet normal -0.371474 -0.928443 -0
    outer loop
      vertex -8.59398 2.67666 2.6
      vertex -8.68958 2.71491 2
      vertex -8.59398 2.67666 2
    endloop
  endfacet
  facet normal -0.141473 -0.989942 0
    outer loop
      vertex -8.59398 2.67666 2
      vertex -8.32633 2.63841 2.6
      vertex -8.59398 2.67666 2.6
    endloop
  endfacet
  facet normal -0.141473 -0.989942 -0
    outer loop
      vertex -8.32633 2.63841 2.6
      vertex -8.59398 2.67666 2
      vertex -8.32633 2.63841 2
    endloop
  endfacet
  facet normal -0.706551 -0.707662 0
    outer loop
      vertex -8.32633 2.63841 2
      vertex -8.30721 2.61932 2.6
      vertex -8.32633 2.63841 2.6
    endloop
  endfacet
  facet normal -0.706551 -0.707662 -0
    outer loop
      vertex -8.30721 2.61932 2.6
      vertex -8.32633 2.63841 2
      vertex -8.30721 2.61932 2
    endloop
  endfacet
  facet normal 0 -1 0
    outer loop
      vertex -8.30721 2.61932 2
      vertex -8.21162 2.61932 2.6
      vertex -8.30721 2.61932 2.6
    endloop
  endfacet
  facet normal 0 -1 -0
    outer loop
      vertex -8.21162 2.61932 2.6
      vertex -8.30721 2.61932 2
      vertex -8.21162 2.61932 2
    endloop
  endfacet
  facet normal -0.707107 -0.707107 0
    outer loop
      vertex -8.19249 2.60019 2
      vertex -8.21162 2.61932 2.6
      vertex -8.21162 2.61932 2
    endloop
  endfacet
  facet normal -0.707107 -0.707107 0
    outer loop
      vertex -8.21162 2.61932 2.6
      vertex -8.19249 2.60019 2
      vertex -8.19249 2.60019 2.6
    endloop
  endfacet
  facet normal 0 -1 0
    outer loop
      vertex -8.19249 2.60019 2
      vertex -8.0969 2.60019 2.6
      vertex -8.19249 2.60019 2.6
    endloop
  endfacet
  facet normal 0 -1 -0
    outer loop
      vertex -8.0969 2.60019 2.6
      vertex -8.19249 2.60019 2
      vertex -8.0969 2.60019 2
    endloop
  endfacet
  facet normal -0.274788 -0.961505 0
    outer loop
      vertex -8.0969 2.60019 2
      vertex -7.96306 2.56194 2.6
      vertex -8.0969 2.60019 2.6
    endloop
  endfacet
  facet normal -0.274788 -0.961505 -0
    outer loop
      vertex -7.96306 2.56194 2.6
      vertex -8.0969 2.60019 2
      vertex -7.96306 2.56194 2
    endloop
  endfacet
  facet normal 0 -1 0
    outer loop
      vertex -7.96306 2.56194 2
      vertex -7.84834 2.56194 2.6
      vertex -7.96306 2.56194 2.6
    endloop
  endfacet
  facet normal 0 -1 -0
    outer loop
      vertex -7.84834 2.56194 2.6
      vertex -7.96306 2.56194 2
      vertex -7.84834 2.56194 2
    endloop
  endfacet
  facet normal -0.707107 -0.707107 0
    outer loop
      vertex -7.82922 2.54282 2
      vertex -7.84834 2.56194 2.6
      vertex -7.84834 2.56194 2
    endloop
  endfacet
  facet normal -0.707107 -0.707107 0
    outer loop
      vertex -7.84834 2.56194 2.6
      vertex -7.82922 2.54282 2
      vertex -7.82922 2.54282 2.6
    endloop
  endfacet
  facet normal -0.0665583 -0.997783 0
    outer loop
      vertex -7.82922 2.54282 2
      vertex -7.54244 2.52369 2.6
      vertex -7.82922 2.54282 2.6
    endloop
  endfacet
  facet normal -0.0665583 -0.997783 -0
    outer loop
      vertex -7.54244 2.52369 2.6
      vertex -7.82922 2.54282 2
      vertex -7.54244 2.52369 2
    endloop
  endfacet
  facet normal -0.706551 -0.707662 0
    outer loop
      vertex -7.54244 2.52369 2
      vertex -7.52332 2.5046 2.6
      vertex -7.54244 2.52369 2.6
    endloop
  endfacet
  facet normal -0.706551 -0.707662 -0
    outer loop
      vertex -7.52332 2.5046 2.6
      vertex -7.54244 2.52369 2
      vertex -7.52332 2.5046 2
    endloop
  endfacet
  facet normal 0 -1 0
    outer loop
      vertex -7.52332 2.5046 2
      vertex -7.37038 2.5046 2.6
      vertex -7.52332 2.5046 2.6
    endloop
  endfacet
  facet normal 0 -1 -0
    outer loop
      vertex -7.37038 2.5046 2.6
      vertex -7.52332 2.5046 2
      vertex -7.37038 2.5046 2
    endloop
  endfacet
  facet normal -0.44726 -0.894404 0
    outer loop
      vertex -7.37038 2.5046 2
      vertex -7.29389 2.46635 2.6
      vertex -7.37038 2.5046 2.6
    endloop
  endfacet
  facet normal -0.44726 -0.894404 -0
    outer loop
      vertex -7.29389 2.46635 2.6
      vertex -7.37038 2.5046 2
      vertex -7.29389 2.46635 2
    endloop
  endfacet
  facet normal -0.316327 0.94865 0
    outer loop
      vertex -7.29389 2.46635 2
      vertex -7.4086 2.4281 2.6
      vertex -7.29389 2.46635 2.6
    endloop
  endfacet
  facet normal -0.316327 0.94865 0
    outer loop
      vertex -7.4086 2.4281 2.6
      vertex -7.29389 2.46635 2
      vertex -7.4086 2.4281 2
    endloop
  endfacet
  facet normal 0 1 -0
    outer loop
      vertex -7.4086 2.4281 2
      vertex -7.54244 2.4281 2.6
      vertex -7.4086 2.4281 2.6
    endloop
  endfacet
  facet normal 0 1 0
    outer loop
      vertex -7.54244 2.4281 2.6
      vertex -7.4086 2.4281 2
      vertex -7.54244 2.4281 2
    endloop
  endfacet
  facet normal -0.706366 0.707846 0
    outer loop
      vertex -7.54244 2.4281 2
      vertex -7.56157 2.40901 2.6
      vertex -7.54244 2.4281 2.6
    endloop
  endfacet
  facet normal -0.706366 0.707846 0
    outer loop
      vertex -7.56157 2.40901 2.6
      vertex -7.54244 2.4281 2
      vertex -7.56157 2.40901 2
    endloop
  endfacet
  facet normal 0 1 -0
    outer loop
      vertex -7.56157 2.40901 2
      vertex -7.69541 2.40901 2.6
      vertex -7.56157 2.40901 2.6
    endloop
  endfacet
  facet normal 0 1 0
    outer loop
      vertex -7.69541 2.40901 2.6
      vertex -7.56157 2.40901 2
      vertex -7.69541 2.40901 2
    endloop
  endfacet
  facet normal -0.707292 0.706922 0
    outer loop
      vertex -7.71453 2.38988 2
      vertex -7.69541 2.40901 2.6
      vertex -7.69541 2.40901 2
    endloop
  endfacet
  facet normal -0.707292 0.706922 0
    outer loop
      vertex -7.69541 2.40901 2.6
      vertex -7.71453 2.38988 2
      vertex -7.71453 2.38988 2.6
    endloop
  endfacet
  facet normal 0 1 -0
    outer loop
      vertex -7.71453 2.38988 2
      vertex -7.88659 2.38988 2.6
      vertex -7.71453 2.38988 2.6
    endloop
  endfacet
  facet normal 0 1 0
    outer loop
      vertex -7.88659 2.38988 2.6
      vertex -7.71453 2.38988 2
      vertex -7.88659 2.38988 2
    endloop
  endfacet
  facet normal -0.706922 0.707292 0
    outer loop
      vertex -7.90572 2.37076 2
      vertex -7.88659 2.38988 2.6
      vertex -7.88659 2.38988 2
    endloop
  endfacet
  facet normal -0.706922 0.707292 0
    outer loop
      vertex -7.88659 2.38988 2.6
      vertex -7.90572 2.37076 2
      vertex -7.90572 2.37076 2.6
    endloop
  endfacet
  facet normal 0 1 -0
    outer loop
      vertex -7.90572 2.37076 2
      vertex -8.15424 2.37076 2.6
      vertex -7.90572 2.37076 2.6
    endloop
  endfacet
  facet normal 0 1 0
    outer loop
      vertex -8.15424 2.37076 2.6
      vertex -7.90572 2.37076 2
      vertex -8.15424 2.37076 2
    endloop
  endfacet
  facet normal -0.706922 0.707292 0
    outer loop
      vertex -8.15424 2.37076 2
      vertex -8.17337 2.35164 2.6
      vertex -8.15424 2.37076 2.6
    endloop
  endfacet
  facet normal -0.706922 0.707292 0
    outer loop
      vertex -8.17337 2.35164 2.6
      vertex -8.15424 2.37076 2
      vertex -8.17337 2.35164 2
    endloop
  endfacet
  facet normal 0 1 -0
    outer loop
      vertex -8.17337 2.35164 2
      vertex -9.11022 2.35164 2.6
      vertex -8.17337 2.35164 2.6
    endloop
  endfacet
  facet normal 0 1 0
    outer loop
      vertex -9.11022 2.35164 2.6
      vertex -8.17337 2.35164 2
      vertex -9.11022 2.35164 2
    endloop
  endfacet
  facet normal 0.707477 0.706737 0
    outer loop
      vertex -9.11022 2.35164 2.6
      vertex -9.12932 2.37076 2
      vertex -9.12932 2.37076 2.6
    endloop
  endfacet
  facet normal 0.707477 0.706737 0
    outer loop
      vertex -9.12932 2.37076 2
      vertex -9.11022 2.35164 2.6
      vertex -9.11022 2.35164 2
    endloop
  endfacet
  facet normal 0.0525603 0.998618 -0
    outer loop
      vertex -9.12932 2.37076 2
      vertex -9.49259 2.38988 2.6
      vertex -9.12932 2.37076 2.6
    endloop
  endfacet
  facet normal 0.0525603 0.998618 0
    outer loop
      vertex -9.49259 2.38988 2.6
      vertex -9.12932 2.37076 2
      vertex -9.49259 2.38988 2
    endloop
  endfacet
  facet normal 0.707292 0.706922 0
    outer loop
      vertex -9.49259 2.38988 2.6
      vertex -9.51171 2.40901 2
      vertex -9.51171 2.40901 2.6
    endloop
  endfacet
  facet normal 0.707292 0.706922 0
    outer loop
      vertex -9.51171 2.40901 2
      vertex -9.49259 2.38988 2.6
      vertex -9.49259 2.38988 2
    endloop
  endfacet
  facet normal 0.0829197 0.996556 -0
    outer loop
      vertex -9.51171 2.40901 2
      vertex -9.74114 2.4281 2.6
      vertex -9.51171 2.40901 2.6
    endloop
  endfacet
  facet normal 0.0829197 0.996556 0
    outer loop
      vertex -9.74114 2.4281 2.6
      vertex -9.51171 2.40901 2
      vertex -9.74114 2.4281 2
    endloop
  endfacet
  facet normal 0.707661 0.706552 0
    outer loop
      vertex -9.74114 2.4281 2.6
      vertex -9.76024 2.44723 2
      vertex -9.76024 2.44723 2.6
    endloop
  endfacet
  facet normal 0.707661 0.706552 0
    outer loop
      vertex -9.76024 2.44723 2
      vertex -9.74114 2.4281 2.6
      vertex -9.74114 2.4281 2
    endloop
  endfacet
  facet normal 0.155997 0.987757 -0
    outer loop
      vertex -9.76024 2.44723 2
      vertex -10.1235 2.5046 2.6
      vertex -9.76024 2.44723 2.6
    endloop
  endfacet
  facet normal 0.155997 0.987757 0
    outer loop
      vertex -10.1235 2.5046 2.6
      vertex -9.76024 2.44723 2
      vertex -10.1235 2.5046 2
    endloop
  endfacet
  facet normal 0.350936 0.9364 -0
    outer loop
      vertex -10.1235 2.5046 2
      vertex -10.2765 2.56194 2.6
      vertex -10.1235 2.5046 2.6
    endloop
  endfacet
  facet normal 0.350936 0.9364 0
    outer loop
      vertex -10.2765 2.56194 2.6
      vertex -10.1235 2.5046 2
      vertex -10.2765 2.56194 2
    endloop
  endfacet
  facet normal 0.178947 0.983859 -0
    outer loop
      vertex -10.2765 2.56194 2
      vertex -10.4868 2.60019 2.6
      vertex -10.2765 2.56194 2.6
    endloop
  endfacet
  facet normal 0.178947 0.983859 0
    outer loop
      vertex -10.4868 2.60019 2.6
      vertex -10.2765 2.56194 2
      vertex -10.4868 2.60019 2
    endloop
  endfacet
  facet normal 0.345704 0.938344 -0
    outer loop
      vertex -10.4868 2.60019 2
      vertex -10.85 2.734 2.6
      vertex -10.4868 2.60019 2.6
    endloop
  endfacet
  facet normal 0.345704 0.938344 0
    outer loop
      vertex -10.85 2.734 2.6
      vertex -10.4868 2.60019 2
      vertex -10.85 2.734 2
    endloop
  endfacet
  facet normal 0 1 -0
    outer loop
      vertex -10.85 2.734 2
      vertex -10.9074 2.734 2.6
      vertex -10.85 2.734 2.6
    endloop
  endfacet
  facet normal 0 1 0
    outer loop
      vertex -10.9074 2.734 2.6
      vertex -10.85 2.734 2
      vertex -10.9074 2.734 2
    endloop
  endfacet
  facet normal 0.555203 0.831715 -0
    outer loop
      vertex -10.9074 2.734 2
      vertex -10.9647 2.77225 2.6
      vertex -10.9074 2.734 2.6
    endloop
  endfacet
  facet normal 0.555203 0.831715 0
    outer loop
      vertex -10.9647 2.77225 2.6
      vertex -10.9074 2.734 2
      vertex -10.9647 2.77225 2
    endloop
  endfacet
  facet normal 0 1 -0
    outer loop
      vertex -10.9647 2.77225 2
      vertex -11.0603 2.77225 2.6
      vertex -10.9647 2.77225 2.6
    endloop
  endfacet
  facet normal 0 1 0
    outer loop
      vertex -11.0603 2.77225 2.6
      vertex -10.9647 2.77225 2
      vertex -11.0603 2.77225 2
    endloop
  endfacet
  facet normal -0.446653 0.894707 0
    outer loop
      vertex -11.0603 2.77225 2
      vertex -11.0986 2.75313 2.6
      vertex -11.0603 2.77225 2.6
    endloop
  endfacet
  facet normal -0.446653 0.894707 0
    outer loop
      vertex -11.0986 2.75313 2.6
      vertex -11.0603 2.77225 2
      vertex -11.0986 2.75313 2
    endloop
  endfacet
  facet normal -0.894591 0.446886 0
    outer loop
      vertex -11.1368 2.67666 2
      vertex -11.0986 2.75313 2.6
      vertex -11.0986 2.75313 2
    endloop
  endfacet
  facet normal -0.894591 0.446886 0
    outer loop
      vertex -11.0986 2.75313 2.6
      vertex -11.1368 2.67666 2
      vertex -11.1368 2.67666 2.6
    endloop
  endfacet
  facet normal -1 0 0
    outer loop
      vertex -11.1368 2.44723 2
      vertex -11.1368 2.67666 2.6
      vertex -11.1368 2.67666 2
    endloop
  endfacet
  facet normal -1 -0 0
    outer loop
      vertex -11.1368 2.67666 2.6
      vertex -11.1368 2.44723 2
      vertex -11.1368 2.44723 2.6
    endloop
  endfacet
  facet normal -0.707661 -0.706552 0
    outer loop
      vertex -11.1177 2.4281 2
      vertex -11.1368 2.44723 2.6
      vertex -11.1368 2.44723 2
    endloop
  endfacet
  facet normal -0.707661 -0.706552 0
    outer loop
      vertex -11.1368 2.44723 2.6
      vertex -11.1177 2.4281 2
      vertex -11.1177 2.4281 2.6
    endloop
  endfacet
  facet normal -1 0 0
    outer loop
      vertex -11.1177 2.27517 2
      vertex -11.1177 2.4281 2.6
      vertex -11.1177 2.4281 2
    endloop
  endfacet
  facet normal -1 -0 0
    outer loop
      vertex -11.1177 2.4281 2.6
      vertex -11.1177 2.27517 2
      vertex -11.1177 2.27517 2.6
    endloop
  endfacet
  facet normal -0.707661 -0.706552 0
    outer loop
      vertex -11.0986 2.25604 2
      vertex -11.1177 2.27517 2.6
      vertex -11.1177 2.27517 2
    endloop
  endfacet
  facet normal -0.707661 -0.706552 0
    outer loop
      vertex -11.1177 2.27517 2.6
      vertex -11.0986 2.25604 2
      vertex -11.0986 2.25604 2.6
    endloop
  endfacet
  facet normal -0.984761 -0.173913 0
    outer loop
      vertex -11.0412 1.93102 2
      vertex -11.0986 2.25604 2.6
      vertex -11.0986 2.25604 2
    endloop
  endfacet
  facet normal -0.984761 -0.173913 0
    outer loop
      vertex -11.0986 2.25604 2.6
      vertex -11.0412 1.93102 2
      vertex -11.0412 1.93102 2.6
    endloop
  endfacet
  facet normal -0.923071 -0.38463 0
    outer loop
      vertex -10.85 1.47216 2
      vertex -11.0412 1.93102 2.6
      vertex -11.0412 1.93102 2
    endloop
  endfacet
  facet normal -0.923071 -0.38463 0
    outer loop
      vertex -11.0412 1.93102 2.6
      vertex -10.85 1.47216 2
      vertex -10.85 1.47216 2.6
    endloop
  endfacet
  facet normal -0.819291 -0.573377 0
    outer loop
      vertex -10.5824 1.08979 2
      vertex -10.85 1.47216 2.6
      vertex -10.85 1.47216 2
    endloop
  endfacet
  facet normal -0.819291 -0.573377 0
    outer loop
      vertex -10.85 1.47216 2.6
      vertex -10.5824 1.08979 2
      vertex -10.5824 1.08979 2.6
    endloop
  endfacet
  facet normal -0.680422 -0.73282 0
    outer loop
      vertex -10.5824 1.08979 2
      vertex -10.3147 0.841231 2.6
      vertex -10.5824 1.08979 2.6
    endloop
  endfacet
  facet normal -0.680422 -0.73282 -0
    outer loop
      vertex -10.3147 0.841231 2.6
      vertex -10.5824 1.08979 2
      vertex -10.3147 0.841231 2
    endloop
  endfacet
  facet normal -0.507 -0.861946 0
    outer loop
      vertex -10.3147 0.841231 2
      vertex -9.98967 0.650047 2.6
      vertex -10.3147 0.841231 2.6
    endloop
  endfacet
  facet normal -0.507 -0.861946 -0
    outer loop
      vertex -9.98967 0.650047 2.6
      vertex -10.3147 0.841231 2
      vertex -9.98967 0.650047 2
    endloop
  endfacet
  facet normal -0.29827 -0.954482 0
    outer loop
      vertex -9.98967 0.650047 2
      vertex -9.68377 0.554455 2.6
      vertex -9.98967 0.650047 2.6
    endloop
  endfacet
  facet normal -0.29827 -0.954482 -0
    outer loop
      vertex -9.68377 0.554455 2.6
      vertex -9.98967 0.650047 2
      vertex -9.68377 0.554455 2
    endloop
  endfacet
  facet normal -0.0665398 -0.997784 0
    outer loop
      vertex -9.68377 0.554455 2
      vertex -9.397 0.535331 2.6
      vertex -9.68377 0.554455 2.6
    endloop
  endfacet
  facet normal -0.0665398 -0.997784 -0
    outer loop
      vertex -9.397 0.535331 2.6
      vertex -9.68377 0.554455 2
      vertex -9.397 0.535331 2
    endloop
  endfacet
  facet normal -0.706977 -0.707236 0
    outer loop
      vertex -9.397 0.535331 2
      vertex -9.37787 0.516208 2.6
      vertex -9.397 0.535331 2.6
    endloop
  endfacet
  facet normal -0.706977 -0.707236 -0
    outer loop
      vertex -9.37787 0.516208 2.6
      vertex -9.397 0.535331 2
      vertex -9.37787 0.516208 2
    endloop
  endfacet
  facet normal 0 -1 0
    outer loop
      vertex -9.37787 0.516208 2
      vertex -8.82342 0.516208 2.6
      vertex -9.37787 0.516208 2.6
    endloop
  endfacet
  facet normal 0 -1 -0
    outer loop
      vertex -8.82342 0.516208 2.6
      vertex -9.37787 0.516208 2
      vertex -8.82342 0.516208 2
    endloop
  endfacet
  facet normal 0.706977 -0.707236 0
    outer loop
      vertex -8.82342 0.516208 2
      vertex -8.80429 0.535331 2.6
      vertex -8.82342 0.516208 2.6
    endloop
  endfacet
  facet normal 0.706977 -0.707236 0
    outer loop
      vertex -8.80429 0.535331 2.6
      vertex -8.82342 0.516208 2
      vertex -8.80429 0.535331 2
    endloop
  endfacet
  facet normal 0.0454204 -0.998968 0
    outer loop
      vertex -8.80429 0.535331 2
      vertex -8.38368 0.554455 2.6
      vertex -8.80429 0.535331 2.6
    endloop
  endfacet
  facet normal 0.0454204 -0.998968 0
    outer loop
      vertex -8.38368 0.554455 2.6
      vertex -8.80429 0.535331 2
      vertex -8.38368 0.554455 2
    endloop
  endfacet
  facet normal 0.706996 -0.707218 0
    outer loop
      vertex -8.38368 0.554455 2.6
      vertex -8.36455 0.573579 2
      vertex -8.36455 0.573579 2.6
    endloop
  endfacet
  facet normal 0.706996 -0.707218 0
    outer loop
      vertex -8.36455 0.573579 2
      vertex -8.38368 0.554455 2.6
      vertex -8.38368 0.554455 2
    endloop
  endfacet
  facet normal 0 -1 0
    outer loop
      vertex -8.36455 0.573579 2
      vertex -8.24986 0.573579 2.6
      vertex -8.36455 0.573579 2.6
    endloop
  endfacet
  facet normal 0 -1 -0
    outer loop
      vertex -8.24986 0.573579 2.6
      vertex -8.36455 0.573579 2
      vertex -8.24986 0.573579 2
    endloop
  endfacet
  facet normal 0.706663 -0.707551 0
    outer loop
      vertex -8.24986 0.573579 2
      vertex -8.23074 0.592675 2.6
      vertex -8.24986 0.573579 2.6
    endloop
  endfacet
  facet normal 0.706663 -0.707551 0
    outer loop
      vertex -8.23074 0.592675 2.6
      vertex -8.24986 0.573579 2
      vertex -8.23074 0.592675 2
    endloop
  endfacet
  facet normal 0 -1 0
    outer loop
      vertex -8.23074 0.592675 2
      vertex -8.11602 0.592675 2.6
      vertex -8.23074 0.592675 2.6
    endloop
  endfacet
  facet normal 0 -1 -0
    outer loop
      vertex -8.11602 0.592675 2.6
      vertex -8.23074 0.592675 2
      vertex -8.11602 0.592675 2
    endloop
  endfacet
  facet normal 0.707181 -0.707033 0
    outer loop
      vertex -8.11602 0.592675 2.6
      vertex -8.0969 0.611799 2
      vertex -8.0969 0.611799 2.6
    endloop
  endfacet
  facet normal 0.707181 -0.707033 0
    outer loop
      vertex -8.0969 0.611799 2
      vertex -8.11602 0.592675 2.6
      vertex -8.11602 0.592675 2
    endloop
  endfacet
  facet normal 0.129372 -0.991596 0
    outer loop
      vertex -8.0969 0.611799 2
      vertex -7.65716 0.669171 2.6
      vertex -8.0969 0.611799 2.6
    endloop
  endfacet
  facet normal 0.129372 -0.991596 0
    outer loop
      vertex -7.65716 0.669171 2.6
      vertex -8.0969 0.611799 2
      vertex -7.65716 0.669171 2
    endloop
  endfacet
  facet normal 0.707181 -0.707033 0
    outer loop
      vertex -7.65716 0.669171 2.6
      vertex -7.63804 0.688295 2
      vertex -7.63804 0.688295 2.6
    endloop
  endfacet
  facet normal 0.707181 -0.707033 0
    outer loop
      vertex -7.63804 0.688295 2
      vertex -7.65716 0.669171 2.6
      vertex -7.65716 0.669171 2
    endloop
  endfacet
  facet normal 0 -1 0
    outer loop
      vertex -7.63804 0.688295 2
      vertex -7.56157 0.688295 2.6
      vertex -7.63804 0.688295 2.6
    endloop
  endfacet
  facet normal 0 -1 -0
    outer loop
      vertex -7.56157 0.688295 2.6
      vertex -7.63804 0.688295 2
      vertex -7.56157 0.688295 2
    endloop
  endfacet
  facet normal 0.287288 -0.957844 0
    outer loop
      vertex -7.56157 0.688295 2
      vertex -7.37038 0.745639 2.6
      vertex -7.56157 0.688295 2.6
    endloop
  endfacet
  facet normal 0.287288 -0.957844 0
    outer loop
      vertex -7.37038 0.745639 2.6
      vertex -7.56157 0.688295 2
      vertex -7.37038 0.745639 2
    endloop
  endfacet
  facet normal 0.155999 -0.987757 0
    outer loop
      vertex -7.37038 0.745639 2
      vertex -7.00711 0.803011 2.6
      vertex -7.37038 0.745639 2.6
    endloop
  endfacet
  facet normal 0.155999 -0.987757 0
    outer loop
      vertex -7.00711 0.803011 2.6
      vertex -7.37038 0.745639 2
      vertex -7.00711 0.803011 2
    endloop
  endfacet
  facet normal 0.287302 -0.95784 0
    outer loop
      vertex -7.00711 0.803011 2
      vertex -6.81593 0.860355 2.6
      vertex -7.00711 0.803011 2.6
    endloop
  endfacet
  facet normal 0.287302 -0.95784 0
    outer loop
      vertex -6.81593 0.860355 2.6
      vertex -7.00711 0.803011 2
      vertex -6.81593 0.860355 2
    endloop
  endfacet
  facet normal -0.316238 -0.94868 0
    outer loop
      vertex -6.81593 0.860355 2
      vertex -6.75856 0.841231 2.6
      vertex -6.81593 0.860355 2.6
    endloop
  endfacet
  facet normal -0.316238 -0.94868 -0
    outer loop
      vertex -6.75856 0.841231 2.6
      vertex -6.81593 0.860355 2
      vertex -6.75856 0.841231 2
    endloop
  endfacet
  facet normal -0.465726 0.884929 0
    outer loop
      vertex -6.75856 0.841231 2
      vertex -7.12183 0.650047 2.6
      vertex -6.75856 0.841231 2.6
    endloop
  endfacet
  facet normal -0.465726 0.884929 0
    outer loop
      vertex -7.12183 0.650047 2.6
      vertex -6.75856 0.841231 2
      vertex -7.12183 0.650047 2
    endloop
  endfacet
  facet normal 0 1 -0
    outer loop
      vertex -7.12183 0.650047 2
      vertex -7.16008 0.650047 2.6
      vertex -7.12183 0.650047 2.6
    endloop
  endfacet
  facet normal 0 1 0
    outer loop
      vertex -7.16008 0.650047 2.6
      vertex -7.12183 0.650047 2
      vertex -7.16008 0.650047 2
    endloop
  endfacet
  facet normal -0.431451 0.902136 0
    outer loop
      vertex -7.16008 0.650047 2
      vertex -7.59982 0.439739 2.6
      vertex -7.16008 0.650047 2.6
    endloop
  endfacet
  facet normal -0.431451 0.902136 0
    outer loop
      vertex -7.59982 0.439739 2.6
      vertex -7.16008 0.650047 2
      vertex -7.59982 0.439739 2
    endloop
  endfacet
  facet normal -0.196175 0.980569 0
    outer loop
      vertex -7.59982 0.439739 2
      vertex -7.69541 0.420615 2.6
      vertex -7.59982 0.439739 2.6
    endloop
  endfacet
  facet normal -0.196175 0.980569 0
    outer loop
      vertex -7.69541 0.420615 2.6
      vertex -7.59982 0.439739 2
      vertex -7.69541 0.420615 2
    endloop
  endfacet
  facet normal -0.447228 0.89442 0
    outer loop
      vertex -7.69541 0.420615 2
      vertex -7.84834 0.344147 2.6
      vertex -7.69541 0.420615 2.6
    endloop
  endfacet
  facet normal -0.447228 0.89442 0
    outer loop
      vertex -7.84834 0.344147 2.6
      vertex -7.69541 0.420615 2
      vertex -7.84834 0.344147 2
    endloop
  endfacet
  facet normal -0.316212 0.948688 0
    outer loop
      vertex -7.84834 0.344147 2
      vertex -8.42192 0.152964 2.6
      vertex -7.84834 0.344147 2.6
    endloop
  endfacet
  facet normal -0.316212 0.948688 0
    outer loop
      vertex -8.42192 0.152964 2.6
      vertex -7.84834 0.344147 2
      vertex -8.42192 0.152964 2
    endloop
  endfacet
  facet normal 0 1 -0
    outer loop
      vertex -8.42192 0.152964 2
      vertex -8.47927 0.152964 2.6
      vertex -8.42192 0.152964 2.6
    endloop
  endfacet
  facet normal 0 1 0
    outer loop
      vertex -8.47927 0.152964 2.6
      vertex -8.42192 0.152964 2
      vertex -8.47927 0.152964 2
    endloop
  endfacet
  facet normal -0.447242 0.894413 0
    outer loop
      vertex -8.47927 0.152964 2
      vertex -8.55576 0.114716 2.6
      vertex -8.47927 0.152964 2.6
    endloop
  endfacet
  facet normal -0.447242 0.894413 0
    outer loop
      vertex -8.55576 0.114716 2.6
      vertex -8.47927 0.152964 2
      vertex -8.55576 0.114716 2
    endloop
  endfacet
  facet normal 0 1 -0
    outer loop
      vertex -8.55576 0.114716 2
      vertex -8.61311 0.114716 2.6
      vertex -8.55576 0.114716 2.6
    endloop
  endfacet
  facet normal 0 1 0
    outer loop
      vertex -8.61311 0.114716 2.6
      vertex -8.55576 0.114716 2
      vertex -8.61311 0.114716 2
    endloop
  endfacet
  facet normal -0.44734 0.894364 0
    outer loop
      vertex -8.61311 0.114716 2
      vertex -8.68958 0.0764675 2.6
      vertex -8.61311 0.114716 2.6
    endloop
  endfacet
  facet normal -0.44734 0.894364 0
    outer loop
      vertex -8.68958 0.0764675 2.6
      vertex -8.61311 0.114716 2
      vertex -8.68958 0.0764675 2
    endloop
  endfacet
  facet normal 0 1 -0
    outer loop
      vertex -8.68958 0.0764675 2
      vertex -8.74695 0.0764675 2.6
      vertex -8.68958 0.0764675 2.6
    endloop
  endfacet
  facet normal 0 1 0
    outer loop
      vertex -8.74695 0.0764675 2.6
      vertex -8.68958 0.0764675 2
      vertex -8.74695 0.0764675 2
    endloop
  endfacet
  facet normal -0.282159 0.959368 0
    outer loop
      vertex -8.74695 0.0764675 2
      vertex -9.07197 -0.019124 2.6
      vertex -8.74695 0.0764675 2.6
    endloop
  endfacet
  facet normal -0.282159 0.959368 0
    outer loop
      vertex -9.07197 -0.019124 2.6
      vertex -8.74695 0.0764675 2
      vertex -9.07197 -0.019124 2
    endloop
  endfacet
  facet normal 0 1 -0
    outer loop
      vertex -9.07197 -0.019124 2
      vertex -9.14844 -0.019124 2.6
      vertex -9.07197 -0.019124 2.6
    endloop
  endfacet
  facet normal 0 1 0
    outer loop
      vertex -9.14844 -0.019124 2.6
      vertex -9.07197 -0.019124 2
      vertex -9.14844 -0.019124 2
    endloop
  endfacet
  facet normal -0.371253 0.928532 0
    outer loop
      vertex -9.14844 -0.019124 2
      vertex -9.24403 -0.0573435 2.6
      vertex -9.14844 -0.019124 2.6
    endloop
  endfacet
  facet normal -0.371253 0.928532 0
    outer loop
      vertex -9.24403 -0.0573435 2.6
      vertex -9.14844 -0.019124 2
      vertex -9.24403 -0.0573435 2
    endloop
  endfacet
  facet normal 0 1 -0
    outer loop
      vertex -9.24403 -0.0573435 2
      vertex -9.32053 -0.0573435 2.6
      vertex -9.24403 -0.0573435 2.6
    endloop
  endfacet
  facet normal 0 1 0
    outer loop
      vertex -9.32053 -0.0573435 2.6
      vertex -9.24403 -0.0573435 2
      vertex -9.32053 -0.0573435 2
    endloop
  endfacet
  facet normal -0.707736 0.706477 0
    outer loop
      vertex -9.33962 -0.0764675 2
      vertex -9.32053 -0.0573435 2.6
      vertex -9.32053 -0.0573435 2
    endloop
  endfacet
  facet normal -0.707736 0.706477 0
    outer loop
      vertex -9.32053 -0.0573435 2.6
      vertex -9.33962 -0.0764675 2
      vertex -9.33962 -0.0764675 2.6
    endloop
  endfacet
  facet normal 0 1 -0
    outer loop
      vertex -9.33962 -0.0764675 2
      vertex -9.41612 -0.0764675 2.6
      vertex -9.33962 -0.0764675 2.6
    endloop
  endfacet
  facet normal 0 1 0
    outer loop
      vertex -9.41612 -0.0764675 2.6
      vertex -9.33962 -0.0764675 2
      vertex -9.41612 -0.0764675 2
    endloop
  endfacet
  facet normal -0.707551 0.706663 0
    outer loop
      vertex -9.43522 -0.0955915 2
      vertex -9.41612 -0.0764675 2.6
      vertex -9.41612 -0.0764675 2
    endloop
  endfacet
  facet normal -0.707551 0.706663 0
    outer loop
      vertex -9.41612 -0.0764675 2.6
      vertex -9.43522 -0.0955915 2
      vertex -9.43522 -0.0955915 2.6
    endloop
  endfacet
  facet normal 0 1 -0
    outer loop
      vertex -9.43522 -0.0955915 2
      vertex -9.51171 -0.0955915 2.6
      vertex -9.43522 -0.0955915 2.6
    endloop
  endfacet
  facet normal 0 1 0
    outer loop
      vertex -9.51171 -0.0955915 2.6
      vertex -9.43522 -0.0955915 2
      vertex -9.51171 -0.0955915 2
    endloop
  endfacet
  facet normal -0.707005 0.707208 0
    outer loop
      vertex -9.53084 -0.114716 2
      vertex -9.51171 -0.0955915 2.6
      vertex -9.51171 -0.0955915 2
    endloop
  endfacet
  facet normal -0.707005 0.707208 0
    outer loop
      vertex -9.51171 -0.0955915 2.6
      vertex -9.53084 -0.114716 2
      vertex -9.53084 -0.114716 2.6
    endloop
  endfacet
  facet normal 0 1 -0
    outer loop
      vertex -9.53084 -0.114716 2
      vertex -9.6073 -0.114716 2.6
      vertex -9.53084 -0.114716 2.6
    endloop
  endfacet
  facet normal 0 1 0
    outer loop
      vertex -9.6073 -0.114716 2.6
      vertex -9.53084 -0.114716 2
      vertex -9.6073 -0.114716 2
    endloop
  endfacet
  facet normal -0.316287 0.948663 0
    outer loop
      vertex -9.6073 -0.114716 2
      vertex -9.72202 -0.152964 2.6
      vertex -9.6073 -0.114716 2.6
    endloop
  endfacet
  facet normal -0.316287 0.948663 0
    outer loop
      vertex -9.72202 -0.152964 2.6
      vertex -9.6073 -0.114716 2
      vertex -9.72202 -0.152964 2
    endloop
  endfacet
  facet normal -0.0993903 0.995049 0
    outer loop
      vertex -9.72202 -0.152964 2
      vertex -9.9132 -0.17206 2.6
      vertex -9.72202 -0.152964 2.6
    endloop
  endfacet
  facet normal -0.0993903 0.995049 0
    outer loop
      vertex -9.9132 -0.17206 2.6
      vertex -9.72202 -0.152964 2
      vertex -9.9132 -0.17206 2
    endloop
  endfacet
  facet normal -0.371449 0.928453 0
    outer loop
      vertex -9.9132 -0.17206 2
      vertex -10.0088 -0.210307 2.6
      vertex -9.9132 -0.17206 2.6
    endloop
  endfacet
  facet normal -0.371449 0.928453 0
    outer loop
      vertex -10.0088 -0.210307 2.6
      vertex -9.9132 -0.17206 2
      vertex -10.0088 -0.210307 2
    endloop
  endfacet
  facet normal -0.894589 0.446891 0
    outer loop
      vertex -10.047 -0.286776 2
      vertex -10.0088 -0.210307 2.6
      vertex -10.0088 -0.210307 2
    endloop
  endfacet
  facet normal -0.894589 0.446891 0
    outer loop
      vertex -10.0088 -0.210307 2.6
      vertex -10.047 -0.286776 2
      vertex -10.047 -0.286776 2.6
    endloop
  endfacet
  facet normal -0.707551 -0.706663 0
    outer loop
      vertex -10.0279 -0.3059 2
      vertex -10.047 -0.286776 2.6
      vertex -10.047 -0.286776 2
    endloop
  endfacet
  facet normal -0.707551 -0.706663 0
    outer loop
      vertex -10.047 -0.286776 2.6
      vertex -10.0279 -0.3059 2
      vertex -10.0279 -0.3059 2.6
    endloop
  endfacet
  facet normal -1 0 0
    outer loop
      vertex -10.0279 -0.363272 2
      vertex -10.0279 -0.3059 2.6
      vertex -10.0279 -0.3059 2
    endloop
  endfacet
  facet normal -1 -0 0
    outer loop
      vertex -10.0279 -0.3059 2.6
      vertex -10.0279 -0.363272 2
      vertex -10.0279 -0.363272 2.6
    endloop
  endfacet
  facet normal -0.894448 -0.447172 0
    outer loop
      vertex -9.85586 -0.707392 2
      vertex -10.0279 -0.363272 2.6
      vertex -10.0279 -0.363272 2
    endloop
  endfacet
  facet normal -0.894448 -0.447172 0
    outer loop
      vertex -10.0279 -0.363272 2.6
      vertex -9.85586 -0.707392 2
      vertex -9.85586 -0.707392 2.6
    endloop
  endfacet
  facet normal -0.789342 -0.613954 0
    outer loop
      vertex -9.58818 -1.05154 2
      vertex -9.85586 -0.707392 2.6
      vertex -9.85586 -0.707392 2
    endloop
  endfacet
  facet normal -0.789342 -0.613954 0
    outer loop
      vertex -9.85586 -0.707392 2.6
      vertex -9.58818 -1.05154 2
      vertex -9.58818 -1.05154 2.6
    endloop
  endfacet
  facet normal -0.669025 -0.74324 0
    outer loop
      vertex -9.58818 -1.05154 2
      vertex -9.397 -1.22363 2.6
      vertex -9.58818 -1.05154 2.6
    endloop
  endfacet
  facet normal -0.669025 -0.74324 -0
    outer loop
      vertex -9.397 -1.22363 2.6
      vertex -9.58818 -1.05154 2
      vertex -9.397 -1.22363 2
    endloop
  endfacet
  facet normal -0.569165 -0.822223 0
    outer loop
      vertex -9.397 -1.22363 2
      vertex -9.14844 -1.39569 2.6
      vertex -9.397 -1.22363 2.6
    endloop
  endfacet
  facet normal -0.569165 -0.822223 -0
    outer loop
      vertex -9.14844 -1.39569 2.6
      vertex -9.397 -1.22363 2
      vertex -9.14844 -1.39569 2
    endloop
  endfacet
  facet normal -0.447198 -0.894435 0
    outer loop
      vertex -9.14844 -1.39569 2
      vertex -8.91901 -1.5104 2.6
      vertex -9.14844 -1.39569 2.6
    endloop
  endfacet
  facet normal -0.447198 -0.894435 -0
    outer loop
      vertex -8.91901 -1.5104 2.6
      vertex -9.14844 -1.39569 2
      vertex -8.91901 -1.5104 2
    endloop
  endfacet
  facet normal -0.301154 -0.953576 0
    outer loop
      vertex -8.91901 -1.5104 2
      vertex -8.55576 -1.62512 2.6
      vertex -8.91901 -1.5104 2.6
    endloop
  endfacet
  facet normal -0.301154 -0.953576 -0
    outer loop
      vertex -8.55576 -1.62512 2.6
      vertex -8.91901 -1.5104 2
      vertex -8.55576 -1.62512 2
    endloop
  endfacet
  facet normal 0 -1 0
    outer loop
      vertex -8.55576 -1.62512 2
      vertex -8.44105 -1.62512 2.6
      vertex -8.55576 -1.62512 2.6
    endloop
  endfacet
  facet normal 0 -1 -0
    outer loop
      vertex -8.44105 -1.62512 2.6
      vertex -8.55576 -1.62512 2
      vertex -8.44105 -1.62512 2
    endloop
  endfacet
  facet normal -0.706922 -0.707292 0
    outer loop
      vertex -8.42192 -1.64424 2
      vertex -8.44105 -1.62512 2.6
      vertex -8.44105 -1.62512 2
    endloop
  endfacet
  facet normal -0.706922 -0.707292 0
    outer loop
      vertex -8.44105 -1.62512 2.6
      vertex -8.42192 -1.64424 2
      vertex -8.42192 -1.64424 2.6
    endloop
  endfacet
  facet normal 0 -1 0
    outer loop
      vertex -8.42192 -1.64424 2
      vertex -8.03956 -1.64424 2.6
      vertex -8.42192 -1.64424 2.6
    endloop
  endfacet
  facet normal 0 -1 -0
    outer loop
      vertex -8.03956 -1.64424 2.6
      vertex -8.42192 -1.64424 2
      vertex -8.03956 -1.64424 2
    endloop
  endfacet
  facet normal 0.706922 -0.707292 0
    outer loop
      vertex -8.03956 -1.64424 2.6
      vertex -8.02043 -1.62512 2
      vertex -8.02043 -1.62512 2.6
    endloop
  endfacet
  facet normal 0.706922 -0.707292 0
    outer loop
      vertex -8.02043 -1.62512 2
      vertex -8.03956 -1.64424 2.6
      vertex -8.03956 -1.64424 2
    endloop
  endfacet
  facet normal 0.09054 -0.995893 0
    outer loop
      vertex -8.02043 -1.62512 2
      vertex -7.81012 -1.606 2.6
      vertex -8.02043 -1.62512 2.6
    endloop
  endfacet
  facet normal 0.09054 -0.995893 0
    outer loop
      vertex -7.81012 -1.606 2.6
      vertex -8.02043 -1.62512 2
      vertex -7.81012 -1.606 2
    endloop
  endfacet
  facet normal 0.294109 -0.955772 0
    outer loop
      vertex -7.81012 -1.606 2
      vertex -7.31301 -1.45303 2.6
      vertex -7.81012 -1.606 2.6
    endloop
  endfacet
  facet normal 0.294109 -0.955772 0
    outer loop
      vertex -7.31301 -1.45303 2.6
      vertex -7.81012 -1.606 2
      vertex -7.31301 -1.45303 2
    endloop
  endfacet
  facet normal 0.447136 -0.894466 0
    outer loop
      vertex -7.31301 -1.45303 2
      vertex -7.08358 -1.33834 2.6
      vertex -7.31301 -1.45303 2.6
    endloop
  endfacet
  facet normal 0.447136 -0.894466 0
    outer loop
      vertex -7.08358 -1.33834 2.6
      vertex -7.31301 -1.45303 2
      vertex -7.08358 -1.33834 2
    endloop
  endfacet
  facet normal 0 -1 0
    outer loop
      vertex -7.08358 -1.33834 2
      vertex -7.04536 -1.33834 2.6
      vertex -7.08358 -1.33834 2.6
    endloop
  endfacet
  facet normal 0 -1 -0
    outer loop
      vertex -7.04536 -1.33834 2.6
      vertex -7.08358 -1.33834 2
      vertex -7.04536 -1.33834 2
    endloop
  endfacet
  facet normal 0.456803 -0.889568 0
    outer loop
      vertex -7.04536 -1.33834 2
      vertex -6.33794 -0.975072 2.6
      vertex -7.04536 -1.33834 2.6
    endloop
  endfacet
  facet normal 0.456803 -0.889568 0
    outer loop
      vertex -6.33794 -0.975072 2.6
      vertex -7.04536 -1.33834 2
      vertex -6.33794 -0.975072 2
    endloop
  endfacet
  facet normal 0.522165 -0.852845 0
    outer loop
      vertex -6.33794 -0.975072 2
      vertex -5.40112 -0.401492 2.6
      vertex -6.33794 -0.975072 2.6
    endloop
  endfacet
  facet normal 0.522165 -0.852845 0
    outer loop
      vertex -5.40112 -0.401492 2.6
      vertex -6.33794 -0.975072 2
      vertex -5.40112 -0.401492 2
    endloop
  endfacet
  facet normal -0.894366 -0.447335 0
    outer loop
      vertex -5.38199 -0.439739 2
      vertex -5.40112 -0.401492 2.6
      vertex -5.40112 -0.401492 2
    endloop
  endfacet
  facet normal -0.894366 -0.447335 0
    outer loop
      vertex -5.40112 -0.401492 2.6
      vertex -5.38199 -0.439739 2
      vertex -5.38199 -0.439739 2.6
    endloop
  endfacet
  facet normal -0.791787 0.610798 0
    outer loop
      vertex -5.8982 -1.10891 2
      vertex -5.38199 -0.439739 2.6
      vertex -5.38199 -0.439739 2
    endloop
  endfacet
  facet normal -0.791787 0.610798 0
    outer loop
      vertex -5.38199 -0.439739 2.6
      vertex -5.8982 -1.10891 2
      vertex -5.8982 -1.10891 2.6
    endloop
  endfacet
  facet normal -0.739907 0.67271 0
    outer loop
      vertex -6.08941 -1.31922 2
      vertex -5.8982 -1.10891 2.6
      vertex -5.8982 -1.10891 2
    endloop
  endfacet
  facet normal -0.739907 0.67271 0
    outer loop
      vertex -5.8982 -1.10891 2.6
      vertex -6.08941 -1.31922 2
      vertex -6.08941 -1.31922 2.6
    endloop
  endfacet
  facet normal -0.707107 0.707107 0
    outer loop
      vertex -6.64387 -1.87368 2
      vertex -6.08941 -1.31922 2.6
      vertex -6.08941 -1.31922 2
    endloop
  endfacet
  facet normal -0.707107 0.707107 0
    outer loop
      vertex -6.08941 -1.31922 2.6
      vertex -6.64387 -1.87368 2
      vertex -6.64387 -1.87368 2.6
    endloop
  endfacet
  facet normal -0.640211 0.768199 0
    outer loop
      vertex -6.64387 -1.87368 2
      vertex -6.87327 -2.06486 2.6
      vertex -6.64387 -1.87368 2.6
    endloop
  endfacet
  facet normal -0.640211 0.768199 0
    outer loop
      vertex -6.87327 -2.06486 2.6
      vertex -6.64387 -1.87368 2
      vertex -6.87327 -2.06486 2
    endloop
  endfacet
  facet normal -0.747349 0.664431 0
    outer loop
      vertex -7.02624 -2.23692 2
      vertex -6.87327 -2.06486 2.6
      vertex -6.87327 -2.06486 2
    endloop
  endfacet
  facet normal -0.747349 0.664431 0
    outer loop
      vertex -6.87327 -2.06486 2.6
      vertex -7.02624 -2.23692 2
      vertex -7.02624 -2.23692 2.6
    endloop
  endfacet
  facet normal -1 0 0
    outer loop
      vertex -7.02624 -2.27517 2
      vertex -7.02624 -2.23692 2.6
      vertex -7.02624 -2.23692 2
    endloop
  endfacet
  facet normal -1 -0 0
    outer loop
      vertex -7.02624 -2.23692 2.6
      vertex -7.02624 -2.27517 2
      vertex -7.02624 -2.27517 2.6
    endloop
  endfacet
  facet normal -0.707107 -0.707107 0
    outer loop
      vertex -6.94977 -2.35164 2
      vertex -7.02624 -2.27517 2.6
      vertex -7.02624 -2.27517 2
    endloop
  endfacet
  facet normal -0.707107 -0.707107 0
    outer loop
      vertex -7.02624 -2.27517 2.6
      vertex -6.94977 -2.35164 2
      vertex -6.94977 -2.35164 2.6
    endloop
  endfacet
  facet normal -0.465718 -0.884933 0
    outer loop
      vertex -6.94977 -2.35164 2
      vertex -6.5865 -2.54282 2.6
      vertex -6.94977 -2.35164 2.6
    endloop
  endfacet
  facet normal -0.465718 -0.884933 -0
    outer loop
      vertex -6.5865 -2.54282 2.6
      vertex -6.94977 -2.35164 2
      vertex -6.5865 -2.54282 2
    endloop
  endfacet
  facet normal -0.267625 -0.963523 0
    outer loop
      vertex -6.5865 -2.54282 2
      vertex -6.24235 -2.63841 2.6
      vertex -6.5865 -2.54282 2.6
    endloop
  endfacet
  facet normal -0.267625 -0.963523 -0
    outer loop
      vertex -6.24235 -2.63841 2.6
      vertex -6.5865 -2.54282 2
      vertex -6.24235 -2.63841 2
    endloop
  endfacet
  facet normal -0.0905635 -0.995891 0
    outer loop
      vertex -6.24235 -2.63841 2
      vertex -5.82173 -2.67666 2.6
      vertex -6.24235 -2.63841 2.6
    endloop
  endfacet
  facet normal -0.0905635 -0.995891 -0
    outer loop
      vertex -5.82173 -2.67666 2.6
      vertex -6.24235 -2.63841 2
      vertex -5.82173 -2.67666 2
    endloop
  endfacet
  facet normal 0.707107 -0.707107 0
    outer loop
      vertex -5.82173 -2.67666 2.6
      vertex -5.80261 -2.65754 2
      vertex -5.80261 -2.65754 2.6
    endloop
  endfacet
  facet normal 0.707107 -0.707107 0
    outer loop
      vertex -5.80261 -2.65754 2
      vertex -5.82173 -2.67666 2.6
      vertex -5.82173 -2.67666 2
    endloop
  endfacet
  facet normal 0.0525906 -0.998616 0
    outer loop
      vertex -5.80261 -2.65754 2
      vertex -5.43936 -2.63841 2.6
      vertex -5.80261 -2.65754 2.6
    endloop
  endfacet
  facet normal 0.0525906 -0.998616 0
    outer loop
      vertex -5.43936 -2.63841 2.6
      vertex -5.80261 -2.65754 2
      vertex -5.43936 -2.63841 2
    endloop
  endfacet
  facet normal 0.706551 -0.707662 0
    outer loop
      vertex -5.43936 -2.63841 2
      vertex -5.42024 -2.61932 2.6
      vertex -5.43936 -2.63841 2.6
    endloop
  endfacet
  facet normal 0.706551 -0.707662 0
    outer loop
      vertex -5.42024 -2.61932 2.6
      vertex -5.43936 -2.63841 2
      vertex -5.42024 -2.61932 2
    endloop
  endfacet
  facet normal 0 -1 0
    outer loop
      vertex -5.42024 -2.61932 2
      vertex -5.34377 -2.61932 2.6
      vertex -5.42024 -2.61932 2.6
    endloop
  endfacet
  facet normal 0 -1 -0
    outer loop
      vertex -5.34377 -2.61932 2.6
      vertex -5.42024 -2.61932 2
      vertex -5.34377 -2.61932 2
    endloop
  endfacet
  facet normal 0.707292 -0.706922 0
    outer loop
      vertex -5.34377 -2.61932 2.6
      vertex -5.32465 -2.60019 2
      vertex -5.32465 -2.60019 2.6
    endloop
  endfacet
  facet normal 0.707292 -0.706922 0
    outer loop
      vertex -5.32465 -2.60019 2
      vertex -5.34377 -2.61932 2.6
      vertex -5.34377 -2.61932 2
    endloop
  endfacet
  facet normal 0.178939 -0.98386 0
    outer loop
      vertex -5.32465 -2.60019 2
      vertex -5.11434 -2.56194 2.6
      vertex -5.32465 -2.60019 2.6
    endloop
  endfacet
  facet normal 0.178939 -0.98386 0
    outer loop
      vertex -5.11434 -2.56194 2.6
      vertex -5.32465 -2.60019 2
      vertex -5.11434 -2.56194 2
    endloop
  endfacet
  facet normal 0.336305 -0.941753 0
    outer loop
      vertex -5.11434 -2.56194 2
      vertex -4.84666 -2.46635 2.6
      vertex -5.11434 -2.56194 2.6
    endloop
  endfacet
  facet normal 0.336305 -0.941753 0
    outer loop
      vertex -4.84666 -2.46635 2.6
      vertex -5.11434 -2.56194 2
      vertex -4.84666 -2.46635 2
    endloop
  endfacet
  facet normal 0.514403 -0.857548 0
    outer loop
      vertex -4.84666 -2.46635 2
      vertex -4.75107 -2.40901 2.6
      vertex -4.84666 -2.46635 2.6
    endloop
  endfacet
  facet normal 0.514403 -0.857548 0
    outer loop
      vertex -4.75107 -2.40901 2.6
      vertex -4.84666 -2.46635 2
      vertex -4.75107 -2.40901 2
    endloop
  endfacet
  facet normal 0 -1 0
    outer loop
      vertex -4.75107 -2.40901 2
      vertex -4.71285 -2.40901 2.6
      vertex -4.75107 -2.40901 2.6
    endloop
  endfacet
  facet normal 0 -1 -0
    outer loop
      vertex -4.71285 -2.40901 2.6
      vertex -4.75107 -2.40901 2
      vertex -4.71285 -2.40901 2
    endloop
  endfacet
  facet normal 0.46792 -0.883771 0
    outer loop
      vertex -4.71285 -2.40901 2
      vertex -4.38782 -2.23692 2.6
      vertex -4.71285 -2.40901 2.6
    endloop
  endfacet
  facet normal 0.46792 -0.883771 0
    outer loop
      vertex -4.38782 -2.23692 2.6
      vertex -4.71285 -2.40901 2
      vertex -4.38782 -2.23692 2
    endloop
  endfacet
  facet normal 0.571781 -0.820406 0
    outer loop
      vertex -4.38782 -2.23692 2
      vertex -3.75687 -1.79718 2.6
      vertex -4.38782 -2.23692 2.6
    endloop
  endfacet
  facet normal 0.571781 -0.820406 0
    outer loop
      vertex -3.75687 -1.79718 2.6
      vertex -4.38782 -2.23692 2
      vertex -3.75687 -1.79718 2
    endloop
  endfacet
  facet normal 0.661619 -0.749841 0
    outer loop
      vertex -3.75687 -1.79718 2
      vertex -3.43185 -1.5104 2.6
      vertex -3.75687 -1.79718 2.6
    endloop
  endfacet
  facet normal 0.661619 -0.749841 0
    outer loop
      vertex -3.43185 -1.5104 2.6
      vertex -3.75687 -1.79718 2
      vertex -3.43185 -1.5104 2
    endloop
  endfacet
  facet normal 0.730291 -0.683137 0
    outer loop
      vertex -3.43185 -1.5104 2.6
      vertex -2.87742 -0.9177 2
      vertex -2.87742 -0.9177 2.6
    endloop
  endfacet
  facet normal 0.730291 -0.683137 0
    outer loop
      vertex -2.87742 -0.9177 2
      vertex -3.43185 -1.5104 2.6
      vertex -3.43185 -1.5104 2
    endloop
  endfacet
  facet normal -0.707181 -0.707033 0
    outer loop
      vertex -2.8583 -0.936824 2
      vertex -2.87742 -0.9177 2.6
      vertex -2.87742 -0.9177 2
    endloop
  endfacet
  facet normal -0.707181 -0.707033 0
    outer loop
      vertex -2.87742 -0.9177 2.6
      vertex -2.8583 -0.936824 2
      vertex -2.8583 -0.936824 2.6
    endloop
  endfacet
  facet normal -0.9398 -0.341724 0
    outer loop
      vertex -2.78183 -1.14713 2
      vertex -2.8583 -0.936824 2.6
      vertex -2.8583 -0.936824 2
    endloop
  endfacet
  facet normal -0.9398 -0.341724 0
    outer loop
      vertex -2.8583 -0.936824 2.6
      vertex -2.78183 -1.14713 2
      vertex -2.78183 -1.14713 2.6
    endloop
  endfacet
  facet normal -0.85743 -0.514601 0
    outer loop
      vertex -2.72446 -1.24272 2
      vertex -2.78183 -1.14713 2.6
      vertex -2.78183 -1.14713 2
    endloop
  endfacet
  facet normal -0.85743 -0.514601 0
    outer loop
      vertex -2.78183 -1.14713 2.6
      vertex -2.72446 -1.24272 2
      vertex -2.72446 -1.24272 2.6
    endloop
  endfacet
  facet normal -1 0 0
    outer loop
      vertex -2.72446 -1.28097 2
      vertex -2.72446 -1.24272 2.6
      vertex -2.72446 -1.24272 2
    endloop
  endfacet
  facet normal -1 -0 0
    outer loop
      vertex -2.72446 -1.24272 2.6
      vertex -2.72446 -1.28097 2
      vertex -2.72446 -1.28097 2.6
    endloop
  endfacet
  facet normal -0.887213 -0.46136 0
    outer loop
      vertex -2.4759 -1.75896 2
      vertex -2.72446 -1.28097 2.6
      vertex -2.72446 -1.28097 2
    endloop
  endfacet
  facet normal -0.887213 -0.46136 0
    outer loop
      vertex -2.72446 -1.28097 2.6
      vertex -2.4759 -1.75896 2
      vertex -2.4759 -1.75896 2.6
    endloop
  endfacet
  facet normal -1 0 0
    outer loop
      vertex -2.4759 -1.79718 2
      vertex -2.4759 -1.75896 2.6
      vertex -2.4759 -1.75896 2
    endloop
  endfacet
  facet normal -1 -0 0
    outer loop
      vertex -2.4759 -1.75896 2.6
      vertex -2.4759 -1.79718 2
      vertex -2.4759 -1.79718 2.6
    endloop
  endfacet
  facet normal -0.952922 0.303217 0
    outer loop
      vertex -2.60974 -2.2178 2
      vertex -2.4759 -1.79718 2.6
      vertex -2.4759 -1.79718 2
    endloop
  endfacet
  facet normal -0.952922 0.303217 0
    outer loop
      vertex -2.4759 -1.79718 2.6
      vertex -2.60974 -2.2178 2
      vertex -2.60974 -2.2178 2.6
    endloop
  endfacet
  facet normal -0.894451 0.447167 0
    outer loop
      vertex -2.68621 -2.37076 2
      vertex -2.60974 -2.2178 2.6
      vertex -2.60974 -2.2178 2
    endloop
  endfacet
  facet normal -0.894451 0.447167 0
    outer loop
      vertex -2.60974 -2.2178 2.6
      vertex -2.68621 -2.37076 2
      vertex -2.68621 -2.37076 2.6
    endloop
  endfacet
  facet normal -0.97012 0.242625 0
    outer loop
      vertex -2.72446 -2.5237 2
      vertex -2.68621 -2.37076 2.6
      vertex -2.68621 -2.37076 2
    endloop
  endfacet
  facet normal -0.97012 0.242625 0
    outer loop
      vertex -2.68621 -2.37076 2.6
      vertex -2.72446 -2.5237 2
      vertex -2.72446 -2.5237 2.6
    endloop
  endfacet
  facet normal -0.832095 0.554633 0
    outer loop
      vertex -2.7627 -2.58107 2
      vertex -2.72446 -2.5237 2.6
      vertex -2.72446 -2.5237 2
    endloop
  endfacet
  facet normal -0.832095 0.554633 0
    outer loop
      vertex -2.72446 -2.5237 2.6
      vertex -2.7627 -2.58107 2
      vertex -2.7627 -2.58107 2.6
    endloop
  endfacet
  facet normal -0.94869 0.316206 0
    outer loop
      vertex -2.89652 -2.98256 2
      vertex -2.7627 -2.58107 2.6
      vertex -2.7627 -2.58107 2
    endloop
  endfacet
  facet normal -0.94869 0.316206 0
    outer loop
      vertex -2.7627 -2.58107 2.6
      vertex -2.89652 -2.98256 2
      vertex -2.89652 -2.98256 2.6
    endloop
  endfacet
  facet normal -0.78087 0.624693 0
    outer loop
      vertex -3.27891 -3.46055 2
      vertex -2.89652 -2.98256 2.6
      vertex -2.89652 -2.98256 2
    endloop
  endfacet
  facet normal -0.78087 0.624693 0
    outer loop
      vertex -2.89652 -2.98256 2.6
      vertex -3.27891 -3.46055 2
      vertex -3.27891 -3.46055 2.6
    endloop
  endfacet
  facet normal -0.832021 0.554745 0
    outer loop
      vertex -3.39363 -3.63261 2
      vertex -3.27891 -3.46055 2.6
      vertex -3.27891 -3.46055 2
    endloop
  endfacet
  facet normal -0.832021 0.554745 0
    outer loop
      vertex -3.27891 -3.46055 2.6
      vertex -3.39363 -3.63261 2
      vertex -3.39363 -3.63261 2.6
    endloop
  endfacet
  facet normal -0.725028 0.688719 0
    outer loop
      vertex -3.75687 -4.015 2
      vertex -3.39363 -3.63261 2.6
      vertex -3.39363 -3.63261 2
    endloop
  endfacet
  facet normal -0.725028 0.688719 0
    outer loop
      vertex -3.39363 -3.63261 2.6
      vertex -3.75687 -4.015 2
      vertex -3.75687 -4.015 2.6
    endloop
  endfacet
  facet normal -0.229021 0.973421 0
    outer loop
      vertex -3.75687 -4.015 2
      vertex -4.40692 -4.16794 2.6
      vertex -3.75687 -4.015 2.6
    endloop
  endfacet
  facet normal -0.229021 0.973421 0
    outer loop
      vertex -4.40692 -4.16794 2.6
      vertex -3.75687 -4.015 2
      vertex -4.40692 -4.16794 2
    endloop
  endfacet
  facet normal -0.316203 0.948692 0
    outer loop
      vertex -4.40692 -4.16794 2
      vertex -4.63635 -4.24441 2.6
      vertex -4.40692 -4.16794 2.6
    endloop
  endfacet
  facet normal -0.316203 0.948692 0
    outer loop
      vertex -4.63635 -4.24441 2.6
      vertex -4.40692 -4.16794 2
      vertex -4.63635 -4.24441 2
    endloop
  endfacet
  facet normal -0.425808 0.904814 0
    outer loop
      vertex -4.63635 -4.24441 2
      vertex -4.96138 -4.39737 2.6
      vertex -4.63635 -4.24441 2.6
    endloop
  endfacet
  facet normal -0.425808 0.904814 0
    outer loop
      vertex -4.96138 -4.39737 2.6
      vertex -4.63635 -4.24441 2
      vertex -4.96138 -4.39737 2
    endloop
  endfacet
  facet normal -0.588233 0.808691 0
    outer loop
      vertex -4.96138 -4.39737 2
      vertex -5.17168 -4.55034 2.6
      vertex -4.96138 -4.39737 2.6
    endloop
  endfacet
  facet normal -0.588233 0.808691 0
    outer loop
      vertex -5.17168 -4.55034 2.6
      vertex -4.96138 -4.39737 2
      vertex -5.17168 -4.55034 2
    endloop
  endfacet
  facet normal -0.74324 0.669025 0
    outer loop
      vertex -5.34377 -4.74152 2
      vertex -5.17168 -4.55034 2.6
      vertex -5.17168 -4.55034 2
    endloop
  endfacet
  facet normal -0.74324 0.669025 0
    outer loop
      vertex -5.17168 -4.55034 2.6
      vertex -5.34377 -4.74152 2
      vertex -5.34377 -4.74152 2.6
    endloop
  endfacet
  facet normal -0.894427 0.447214 0
    outer loop
      vertex -5.42024 -4.89446 2
      vertex -5.34377 -4.74152 2.6
      vertex -5.34377 -4.74152 2
    endloop
  endfacet
  facet normal -0.894427 0.447214 0
    outer loop
      vertex -5.34377 -4.74152 2.6
      vertex -5.42024 -4.89446 2
      vertex -5.42024 -4.89446 2.6
    endloop
  endfacet
  facet normal -1 0 0
    outer loop
      vertex -5.42024 -4.97095 2
      vertex -5.42024 -4.89446 2.6
      vertex -5.42024 -4.89446 2
    endloop
  endfacet
  facet normal -1 -0 0
    outer loop
      vertex -5.42024 -4.89446 2.6
      vertex -5.42024 -4.97095 2
      vertex -5.42024 -4.97095 2.6
    endloop
  endfacet
  facet normal -0.706737 0.707477 0
    outer loop
      vertex -5.42024 -4.97095 2
      vertex -5.43936 -4.99005 2.6
      vertex -5.42024 -4.97095 2.6
    endloop
  endfacet
  facet normal -0.706737 0.707477 0
    outer loop
      vertex -5.43936 -4.99005 2.6
      vertex -5.42024 -4.97095 2
      vertex -5.43936 -4.99005 2
    endloop
  endfacet
  facet normal -0.992278 -0.124035 0
    outer loop
      vertex -5.42024 -5.14301 2
      vertex -5.43936 -4.99005 2.6
      vertex -5.43936 -4.99005 2
    endloop
  endfacet
  facet normal -0.992278 -0.124035 0
    outer loop
      vertex -5.43936 -4.99005 2.6
      vertex -5.42024 -5.14301 2
      vertex -5.42024 -5.14301 2.6
    endloop
  endfacet
  facet normal -0.868271 -0.49609 0
    outer loop
      vertex -5.34377 -5.27685 2
      vertex -5.42024 -5.14301 2.6
      vertex -5.42024 -5.14301 2
    endloop
  endfacet
  facet normal -0.868271 -0.49609 0
    outer loop
      vertex -5.42024 -5.14301 2.6
      vertex -5.34377 -5.27685 2
      vertex -5.34377 -5.27685 2.6
    endloop
  endfacet
  facet normal -0.640178 -0.768227 0
    outer loop
      vertex -5.34377 -5.27685 2
      vertex -5.22906 -5.37244 2.6
      vertex -5.34377 -5.27685 2.6
    endloop
  endfacet
  facet normal -0.640178 -0.768227 -0
    outer loop
      vertex -5.22906 -5.37244 2.6
      vertex -5.34377 -5.27685 2
      vertex -5.22906 -5.37244 2
    endloop
  endfacet
  facet normal -0.316302 -0.948658 0
    outer loop
      vertex -5.22906 -5.37244 2
      vertex -5.11434 -5.41069 2.6
      vertex -5.22906 -5.37244 2.6
    endloop
  endfacet
  facet normal -0.316302 -0.948658 -0
    outer loop
      vertex -5.11434 -5.41069 2.6
      vertex -5.22906 -5.37244 2
      vertex -5.11434 -5.41069 2
    endloop
  endfacet
  facet normal 0 -1 0
    outer loop
      vertex -5.11434 -5.41069 2
      vertex -4.9805 -5.41069 2.6
      vertex -5.11434 -5.41069 2.6
    endloop
  endfacet
  facet normal 0 -1 -0
    outer loop
      vertex -4.9805 -5.41069 2.6
      vertex -5.11434 -5.41069 2
      vertex -4.9805 -5.41069 2
    endloop
  endfacet
  facet normal 0.351177 -0.936309 0
    outer loop
      vertex -4.9805 -5.41069 2
      vertex -4.82754 -5.35332 2.6
      vertex -4.9805 -5.41069 2.6
    endloop
  endfacet
  facet normal 0.351177 -0.936309 0
    outer loop
      vertex -4.82754 -5.35332 2.6
      vertex -4.9805 -5.41069 2
      vertex -4.82754 -5.35332 2
    endloop
  endfacet
  facet normal 0.729539 -0.68394 0
    outer loop
      vertex -4.82754 -5.35332 2.6
      vertex -4.54076 -5.04742 2
      vertex -4.54076 -5.04742 2.6
    endloop
  endfacet
  facet normal 0.729539 -0.68394 0
    outer loop
      vertex -4.54076 -5.04742 2
      vertex -4.82754 -5.35332 2.6
      vertex -4.82754 -5.35332 2
    endloop
  endfacet
  facet normal 0.55465 -0.832084 0
    outer loop
      vertex -4.54076 -5.04742 2
      vertex -4.42604 -4.97095 2.6
      vertex -4.54076 -5.04742 2.6
    endloop
  endfacet
  facet normal 0.55465 -0.832084 0
    outer loop
      vertex -4.42604 -4.97095 2.6
      vertex -4.54076 -5.04742 2
      vertex -4.42604 -4.97095 2
    endloop
  endfacet
  facet normal 0.406222 -0.913774 0
    outer loop
      vertex -4.42604 -4.97095 2
      vertex -4.25398 -4.89446 2.6
      vertex -4.42604 -4.97095 2.6
    endloop
  endfacet
  facet normal 0.406222 -0.913774 0
    outer loop
      vertex -4.25398 -4.89446 2.6
      vertex -4.42604 -4.97095 2
      vertex -4.25398 -4.89446 2
    endloop
  endfacet
  facet normal 0.123907 -0.992294 0
    outer loop
      vertex -4.25398 -4.89446 2
      vertex -4.10102 -4.87536 2.6
      vertex -4.25398 -4.89446 2.6
    endloop
  endfacet
  facet normal 0.123907 -0.992294 0
    outer loop
      vertex -4.10102 -4.87536 2.6
      vertex -4.25398 -4.89446 2
      vertex -4.10102 -4.87536 2
    endloop
  endfacet
  facet normal 0.707107 -0.707107 0
    outer loop
      vertex -4.10102 -4.87536 2.6
      vertex -4.0819 -4.85624 2
      vertex -4.0819 -4.85624 2.6
    endloop
  endfacet
  facet normal 0.707107 -0.707107 0
    outer loop
      vertex -4.0819 -4.85624 2
      vertex -4.10102 -4.87536 2.6
      vertex -4.10102 -4.87536 2
    endloop
  endfacet
  facet normal 0 -1 0
    outer loop
      vertex -4.0819 -4.85624 2
      vertex -3.96718 -4.85624 2.6
      vertex -4.0819 -4.85624 2.6
    endloop
  endfacet
  facet normal 0 -1 -0
    outer loop
      vertex -3.96718 -4.85624 2.6
      vertex -4.0819 -4.85624 2
      vertex -3.96718 -4.85624 2
    endloop
  endfacet
  facet normal -0.316327 -0.94865 0
    outer loop
      vertex -3.96718 -4.85624 2
      vertex -3.90984 -4.87536 2.6
      vertex -3.96718 -4.85624 2.6
    endloop
  endfacet
  facet normal -0.316327 -0.94865 -0
    outer loop
      vertex -3.90984 -4.87536 2.6
      vertex -3.96718 -4.85624 2
      vertex -3.90984 -4.87536 2
    endloop
  endfacet
  facet normal -0.624645 -0.780909 0
    outer loop
      vertex -3.90984 -4.87536 2
      vertex -3.81424 -4.95183 2.6
      vertex -3.90984 -4.87536 2.6
    endloop
  endfacet
  facet normal -0.624645 -0.780909 -0
    outer loop
      vertex -3.81424 -4.95183 2.6
      vertex -3.90984 -4.87536 2
      vertex -3.81424 -4.95183 2
    endloop
  endfacet
  facet normal -0.894404 -0.44726 0
    outer loop
      vertex -3.776 -5.0283 2
      vertex -3.81424 -4.95183 2.6
      vertex -3.81424 -4.95183 2
    endloop
  endfacet
  facet normal -0.894404 -0.44726 0
    outer loop
      vertex -3.81424 -4.95183 2.6
      vertex -3.776 -5.0283 2
      vertex -3.776 -5.0283 2.6
    endloop
  endfacet
  facet normal -1 0 0
    outer loop
      vertex -3.776 -5.12389 2
      vertex -3.776 -5.0283 2.6
      vertex -3.776 -5.0283 2
    endloop
  endfacet
  facet normal -1 -0 0
    outer loop
      vertex -3.776 -5.0283 2.6
      vertex -3.776 -5.12389 2
      vertex -3.776 -5.12389 2.6
    endloop
  endfacet
  facet normal -0.706922 -0.707292 0
    outer loop
      vertex -3.776 -5.12389 2
      vertex -3.75687 -5.14301 2.6
      vertex -3.776 -5.12389 2.6
    endloop
  endfacet
  facet normal -0.706922 -0.707292 -0
    outer loop
      vertex -3.75687 -5.14301 2.6
      vertex -3.776 -5.12389 2
      vertex -3.75687 -5.14301 2
    endloop
  endfacet
  facet normal -1 0 0
    outer loop
      vertex -3.75687 -5.35332 2
      vertex -3.75687 -5.14301 2.6
      vertex -3.75687 -5.14301 2
    endloop
  endfacet
  facet normal -1 -0 0
    outer loop
      vertex -3.75687 -5.14301 2.6
      vertex -3.75687 -5.35332 2
      vertex -3.75687 -5.35332 2.6
    endloop
  endfacet
  facet normal -0.89449 -0.447089 0
    outer loop
      vertex -3.69953 -5.46804 2
      vertex -3.75687 -5.35332 2.6
      vertex -3.75687 -5.35332 2
    endloop
  endfacet
  facet normal -0.89449 -0.447089 0
    outer loop
      vertex -3.75687 -5.35332 2.6
      vertex -3.69953 -5.46804 2
      vertex -3.69953 -5.46804 2.6
    endloop
  endfacet
  facet normal -0.707107 -0.707107 0
    outer loop
      vertex -3.69953 -5.46804 2
      vertex -3.60394 -5.56363 2.6
      vertex -3.69953 -5.46804 2.6
    endloop
  endfacet
  facet normal -0.707107 -0.707107 -0
    outer loop
      vertex -3.60394 -5.56363 2.6
      vertex -3.69953 -5.46804 2
      vertex -3.60394 -5.56363 2
    endloop
  endfacet
  facet normal -0.447276 -0.894396 0
    outer loop
      vertex -3.60394 -5.56363 2
      vertex -3.48922 -5.621 2.6
      vertex -3.60394 -5.56363 2.6
    endloop
  endfacet
  facet normal -0.447276 -0.894396 -0
    outer loop
      vertex -3.48922 -5.621 2.6
      vertex -3.60394 -5.56363 2
      vertex -3.48922 -5.621 2
    endloop
  endfacet
  facet normal 0 -1 0
    outer loop
      vertex -3.48922 -5.621 2
      vertex -3.27891 -5.621 2.6
      vertex -3.48922 -5.621 2.6
    endloop
  endfacet
  facet normal 0 -1 -0
    outer loop
      vertex -3.27891 -5.621 2.6
      vertex -3.48922 -5.621 2
      vertex -3.27891 -5.621 2
    endloop
  endfacet
  facet normal 0.447307 -0.89438 0
    outer loop
      vertex -3.27891 -5.621 2
      vertex -3.1642 -5.56363 2.6
      vertex -3.27891 -5.621 2.6
    endloop
  endfacet
  facet normal 0.447307 -0.89438 0
    outer loop
      vertex -3.1642 -5.56363 2.6
      vertex -3.27891 -5.621 2
      vertex -3.1642 -5.56363 2
    endloop
  endfacet
  facet normal 0.70707 -0.707144 0
    outer loop
      vertex -3.1642 -5.56363 2
      vertex -3.0686 -5.46804 2.6
      vertex -3.1642 -5.56363 2.6
    endloop
  endfacet
  facet normal 0.70707 -0.707144 0
    outer loop
      vertex -3.0686 -5.46804 2.6
      vertex -3.1642 -5.56363 2
      vertex -3.0686 -5.46804 2
    endloop
  endfacet
  facet normal 0.894396 -0.447276 0
    outer loop
      vertex -3.0686 -5.46804 2.6
      vertex -3.01123 -5.35332 2
      vertex -3.01123 -5.35332 2.6
    endloop
  endfacet
  facet normal 0.894396 -0.447276 0
    outer loop
      vertex -3.01123 -5.35332 2
      vertex -3.0686 -5.46804 2.6
      vertex -3.0686 -5.46804 2
    endloop
  endfacet
  facet normal 1 -0 0
    outer loop
      vertex -3.01123 -5.35332 2.6
      vertex -3.01123 -5.04742 2
      vertex -3.01123 -5.04742 2.6
    endloop
  endfacet
  facet normal 1 0 0
    outer loop
      vertex -3.01123 -5.04742 2
      vertex -3.01123 -5.35332 2.6
      vertex -3.01123 -5.35332 2
    endloop
  endfacet
  facet normal 0.706922 0.707292 0
    outer loop
      vertex -3.01123 -5.04742 2.6
      vertex -3.03036 -5.0283 2
      vertex -3.03036 -5.0283 2.6
    endloop
  endfacet
  facet normal 0.706922 0.707292 0
    outer loop
      vertex -3.03036 -5.0283 2
      vertex -3.01123 -5.04742 2.6
      vertex -3.01123 -5.04742 2
    endloop
  endfacet
  facet normal 1 -0 0
    outer loop
      vertex -3.03036 -5.0283 2.6
      vertex -3.03036 -4.81799 2
      vertex -3.03036 -4.81799 2.6
    endloop
  endfacet
  facet normal 1 0 0
    outer loop
      vertex -3.03036 -4.81799 2
      vertex -3.03036 -5.0283 2.6
      vertex -3.03036 -5.0283 2
    endloop
  endfacet
  facet normal 0.707292 0.706922 0
    outer loop
      vertex -3.03036 -4.81799 2.6
      vertex -3.04948 -4.79886 2
      vertex -3.04948 -4.79886 2.6
    endloop
  endfacet
  facet normal 0.707292 0.706922 0
    outer loop
      vertex -3.04948 -4.79886 2
      vertex -3.03036 -4.81799 2.6
      vertex -3.03036 -4.81799 2
    endloop
  endfacet
  facet normal 1 -0 0
    outer loop
      vertex -3.04948 -4.79886 2.6
      vertex -3.04948 -4.60768 2
      vertex -3.04948 -4.60768 2.6
    endloop
  endfacet
  facet normal 1 0 0
    outer loop
      vertex -3.04948 -4.60768 2
      vertex -3.04948 -4.79886 2.6
      vertex -3.04948 -4.79886 2
    endloop
  endfacet
  facet normal 0.707107 0.707107 0
    outer loop
      vertex -3.04948 -4.60768 2.6
      vertex -3.0686 -4.58856 2
      vertex -3.0686 -4.58856 2.6
    endloop
  endfacet
  facet normal 0.707107 0.707107 0
    outer loop
      vertex -3.0686 -4.58856 2
      vertex -3.04948 -4.60768 2.6
      vertex -3.04948 -4.60768 2
    endloop
  endfacet
  facet normal 1 -0 0
    outer loop
      vertex -3.0686 -4.58856 2.6
      vertex -3.0686 -4.37825 2
      vertex -3.0686 -4.37825 2.6
    endloop
  endfacet
  facet normal 1 0 0
    outer loop
      vertex -3.0686 -4.37825 2
      vertex -3.0686 -4.58856 2.6
      vertex -3.0686 -4.58856 2
    endloop
  endfacet
  facet normal 0.857477 -0.514522 0
    outer loop
      vertex -3.0686 -4.37825 2.6
      vertex -2.89652 -4.09147 2
      vertex -2.89652 -4.09147 2.6
    endloop
  endfacet
  facet normal 0.857477 -0.514522 0
    outer loop
      vertex -2.89652 -4.09147 2
      vertex -3.0686 -4.37825 2.6
      vertex -3.0686 -4.37825 2
    endloop
  endfacet
  facet normal 0.783509 -0.621381 0
    outer loop
      vertex -2.89652 -4.09147 2.6
      vertex -2.4568 -3.53702 2
      vertex -2.4568 -3.53702 2.6
    endloop
  endfacet
  facet normal 0.783509 -0.621381 0
    outer loop
      vertex -2.4568 -3.53702 2
      vertex -2.89652 -4.09147 2.6
      vertex -2.89652 -4.09147 2
    endloop
  endfacet
  facet normal 0.485644 -0.874156 0
    outer loop
      vertex -2.4568 -3.53702 2
      vertex -1.42436 -2.96344 2.6
      vertex -2.4568 -3.53702 2.6
    endloop
  endfacet
  facet normal 0.485644 -0.874156 0
    outer loop
      vertex -1.42436 -2.96344 2.6
      vertex -2.4568 -3.53702 2
      vertex -1.42436 -2.96344 2
    endloop
  endfacet
  facet normal -0.832229 -0.554432 0
    outer loop
      vertex -1.38614 -3.02081 2
      vertex -1.42436 -2.96344 2.6
      vertex -1.42436 -2.96344 2
    endloop
  endfacet
  facet normal -0.832229 -0.554432 0
    outer loop
      vertex -1.42436 -2.96344 2.6
      vertex -1.38614 -3.02081 2
      vertex -1.38614 -3.02081 2.6
    endloop
  endfacet
  facet normal -1 0 0
    outer loop
      vertex -1.38614 -3.21199 2
      vertex -1.38614 -3.02081 2.6
      vertex -1.38614 -3.02081 2
    endloop
  endfacet
  facet normal -1 -0 0
    outer loop
      vertex -1.38614 -3.02081 2.6
      vertex -1.38614 -3.21199 2
      vertex -1.38614 -3.21199 2.6
    endloop
  endfacet
  facet normal -0.707661 0.706552 0
    outer loop
      vertex -1.40524 -3.23112 2
      vertex -1.38614 -3.21199 2.6
      vertex -1.38614 -3.21199 2
    endloop
  endfacet
  facet normal -0.707661 0.706552 0
    outer loop
      vertex -1.38614 -3.21199 2.6
      vertex -1.40524 -3.23112 2
      vertex -1.40524 -3.23112 2.6
    endloop
  endfacet
  facet normal -1 0 0
    outer loop
      vertex -1.40524 -3.32671 2
      vertex -1.40524 -3.23112 2.6
      vertex -1.40524 -3.23112 2
    endloop
  endfacet
  facet normal -1 -0 0
    outer loop
      vertex -1.40524 -3.23112 2.6
      vertex -1.40524 -3.32671 2
      vertex -1.40524 -3.32671 2.6
    endloop
  endfacet
  facet normal -0.707107 0.707107 0
    outer loop
      vertex -1.42436 -3.34583 2
      vertex -1.40524 -3.32671 2.6
      vertex -1.40524 -3.32671 2
    endloop
  endfacet
  facet normal -0.707107 0.707107 0
    outer loop
      vertex -1.40524 -3.32671 2.6
      vertex -1.42436 -3.34583 2
      vertex -1.42436 -3.34583 2.6
    endloop
  endfacet
  facet normal -0.989949 0.141421 0
    outer loop
      vertex -1.44348 -3.47967 2
      vertex -1.42436 -3.34583 2.6
      vertex -1.42436 -3.34583 2
    endloop
  endfacet
  facet normal -0.989949 0.141421 0
    outer loop
      vertex -1.42436 -3.34583 2.6
      vertex -1.44348 -3.47967 2
      vertex -1.44348 -3.47967 2.6
    endloop
  endfacet
  facet normal -0.910359 0.413819 0
    outer loop
      vertex -1.53908 -3.68998 2
      vertex -1.44348 -3.47967 2.6
      vertex -1.44348 -3.47967 2
    endloop
  endfacet
  facet normal -0.910359 0.413819 0
    outer loop
      vertex -1.44348 -3.47967 2.6
      vertex -1.53908 -3.68998 2
      vertex -1.53908 -3.68998 2.6
    endloop
  endfacet
  facet normal -1 0 0
    outer loop
      vertex -1.53908 -3.7282 2
      vertex -1.53908 -3.68998 2.6
      vertex -1.53908 -3.68998 2
    endloop
  endfacet
  facet normal -1 -0 0
    outer loop
      vertex -1.53908 -3.68998 2.6
      vertex -1.53908 -3.7282 2
      vertex -1.53908 -3.7282 2.6
    endloop
  endfacet
  facet normal -0.894427 0.447214 0
    outer loop
      vertex -1.76851 -4.18706 2
      vertex -1.53908 -3.7282 2.6
      vertex -1.53908 -3.7282 2
    endloop
  endfacet
  facet normal -0.894427 0.447214 0
    outer loop
      vertex -1.53908 -3.7282 2.6
      vertex -1.76851 -4.18706 2
      vertex -1.76851 -4.18706 2.6
    endloop
  endfacet
  facet normal -0.707107 0.707107 0
    outer loop
      vertex -1.76851 -4.18706 2
      vertex -1.80676 -4.22531 2.6
      vertex -1.76851 -4.18706 2.6
    endloop
  endfacet
  facet normal -0.707107 0.707107 0
    outer loop
      vertex -1.80676 -4.22531 2.6
      vertex -1.76851 -4.18706 2
      vertex -1.80676 -4.22531 2
    endloop
  endfacet
  facet normal -0.885835 0.464 0
    outer loop
      vertex -2.01706 -4.6268 2
      vertex -1.80676 -4.22531 2.6
      vertex -1.80676 -4.22531 2
    endloop
  endfacet
  facet normal -0.885835 0.464 0
    outer loop
      vertex -1.80676 -4.22531 2.6
      vertex -2.01706 -4.6268 2
      vertex -2.01706 -4.6268 2.6
    endloop
  endfacet
  facet normal -0.83205 0.5547 0
    outer loop
      vertex -2.43768 -5.25773 2
      vertex -2.01706 -4.6268 2.6
      vertex -2.01706 -4.6268 2
    endloop
  endfacet
  facet normal -0.83205 0.5547 0
    outer loop
      vertex -2.01706 -4.6268 2.6
      vertex -2.43768 -5.25773 2
      vertex -2.43768 -5.25773 2.6
    endloop
  endfacet
  facet normal -0.94865 0.316327 0
    outer loop
      vertex -2.4568 -5.31507 2
      vertex -2.43768 -5.25773 2.6
      vertex -2.43768 -5.25773 2
    endloop
  endfacet
  facet normal -0.94865 0.316327 0
    outer loop
      vertex -2.43768 -5.25773 2.6
      vertex -2.4568 -5.31507 2
      vertex -2.4568 -5.31507 2.6
    endloop
  endfacet
  facet normal -0.818417 0.574624 0
    outer loop
      vertex -3.71865 -7.11228 2
      vertex -2.4568 -5.31507 2.6
      vertex -2.4568 -5.31507 2
    endloop
  endfacet
  facet normal -0.818417 0.574624 0
    outer loop
      vertex -2.4568 -5.31507 2.6
      vertex -3.71865 -7.11228 2
      vertex -3.71865 -7.11228 2.6
    endloop
  endfacet
  facet normal -0.976206 0.216846 0
    outer loop
      vertex -3.75687 -7.28434 2
      vertex -3.71865 -7.11228 2.6
      vertex -3.71865 -7.11228 2
    endloop
  endfacet
  facet normal -0.976206 0.216846 0
    outer loop
      vertex -3.71865 -7.11228 2.6
      vertex -3.75687 -7.28434 2
      vertex -3.75687 -7.28434 2.6
    endloop
  endfacet
  facet normal -0.948733 -0.316079 0
    outer loop
      vertex -3.71865 -7.39906 2
      vertex -3.75687 -7.28434 2.6
      vertex -3.75687 -7.28434 2
    endloop
  endfacet
  facet normal -0.948733 -0.316079 0
    outer loop
      vertex -3.75687 -7.28434 2.6
      vertex -3.71865 -7.39906 2
      vertex -3.71865 -7.39906 2.6
    endloop
  endfacet
  facet normal -0.819204 -0.573503 0
    outer loop
      vertex -3.58481 -7.59024 2
      vertex -3.71865 -7.39906 2.6
      vertex -3.71865 -7.39906 2
    endloop
  endfacet
  facet normal -0.819204 -0.573503 0
    outer loop
      vertex -3.71865 -7.39906 2.6
      vertex -3.58481 -7.59024 2
      vertex -3.58481 -7.59024 2.6
    endloop
  endfacet
  facet normal -0.686612 -0.727024 0
    outer loop
      vertex -3.58481 -7.59024 2
      vertex -3.24066 -7.91526 2.6
      vertex -3.58481 -7.59024 2.6
    endloop
  endfacet
  facet normal -0.686612 -0.727024 -0
    outer loop
      vertex -3.24066 -7.91526 2.6
      vertex -3.58481 -7.59024 2
      vertex -3.24066 -7.91526 2
    endloop
  endfacet
  facet normal -0.55472 -0.832037 0
    outer loop
      vertex -3.24066 -7.91526 2
      vertex -2.95389 -8.10645 2.6
      vertex -3.24066 -7.91526 2.6
    endloop
  endfacet
  facet normal -0.55472 -0.832037 -0
    outer loop
      vertex -2.95389 -8.10645 2.6
      vertex -3.24066 -7.91526 2
      vertex -2.95389 -8.10645 2
    endloop
  endfacet
  facet normal -0.447237 -0.894415 0
    outer loop
      vertex -2.95389 -8.10645 2
      vertex -2.64799 -8.25941 2.6
      vertex -2.95389 -8.10645 2.6
    endloop
  endfacet
  facet normal -0.447237 -0.894415 -0
    outer loop
      vertex -2.64799 -8.25941 2.6
      vertex -2.95389 -8.10645 2
      vertex -2.64799 -8.25941 2
    endloop
  endfacet
  facet normal -0.316188 -0.948697 0
    outer loop
      vertex -2.64799 -8.25941 2
      vertex -2.36118 -8.355 2.6
      vertex -2.64799 -8.25941 2.6
    endloop
  endfacet
  facet normal -0.316188 -0.948697 -0
    outer loop
      vertex -2.36118 -8.355 2.6
      vertex -2.64799 -8.25941 2
      vertex -2.36118 -8.355 2
    endloop
  endfacet
  facet normal 0.110444 -0.993882 0
    outer loop
      vertex -2.36118 -8.355 2
      vertex -2.18912 -8.33588 2.6
      vertex -2.36118 -8.355 2.6
    endloop
  endfacet
  facet normal 0.110444 -0.993882 0
    outer loop
      vertex -2.18912 -8.33588 2.6
      vertex -2.36118 -8.355 2
      vertex -2.18912 -8.33588 2
    endloop
  endfacet
  facet normal 0.759285 -0.650759 0
    outer loop
      vertex -2.18912 -8.33588 2.6
      vertex -2.07441 -8.20204 2
      vertex -2.07441 -8.20204 2.6
    endloop
  endfacet
  facet normal 0.759285 -0.650759 0
    outer loop
      vertex -2.07441 -8.20204 2
      vertex -2.18912 -8.33588 2.6
      vertex -2.18912 -8.33588 2
    endloop
  endfacet
  facet normal 1 -0 0
    outer loop
      vertex -2.07441 -8.20204 2.6
      vertex -2.07441 -8.16382 2
      vertex -2.07441 -8.16382 2.6
    endloop
  endfacet
  facet normal 1 0 0
    outer loop
      vertex -2.07441 -8.16382 2
      vertex -2.07441 -8.20204 2.6
      vertex -2.07441 -8.20204 2
    endloop
  endfacet
  facet normal 0.906172 -0.42291 0
    outer loop
      vertex -2.07441 -8.16382 2.6
      vertex -1.94057 -7.87704 2
      vertex -1.94057 -7.87704 2.6
    endloop
  endfacet
  facet normal 0.906172 -0.42291 0
    outer loop
      vertex -1.94057 -7.87704 2
      vertex -2.07441 -8.16382 2.6
      vertex -2.07441 -8.16382 2
    endloop
  endfacet
  facet normal 0.937752 -0.347304 0
    outer loop
      vertex -1.94057 -7.87704 2.6
      vertex -1.74938 -7.36081 2
      vertex -1.74938 -7.36081 2.6
    endloop
  endfacet
  facet normal 0.937752 -0.347304 0
    outer loop
      vertex -1.74938 -7.36081 2
      vertex -1.94057 -7.87704 2.6
      vertex -1.94057 -7.87704 2
    endloop
  endfacet
  facet normal 0.857548 -0.514403 0
    outer loop
      vertex -1.74938 -7.36081 2.6
      vertex -1.69204 -7.26522 2
      vertex -1.69204 -7.26522 2.6
    endloop
  endfacet
  facet normal 0.857548 -0.514403 0
    outer loop
      vertex -1.69204 -7.26522 2
      vertex -1.74938 -7.36081 2.6
      vertex -1.74938 -7.36081 2
    endloop
  endfacet
  facet normal 1 -0 0
    outer loop
      vertex -1.69204 -7.26522 2.6
      vertex -1.69204 -7.227 2
      vertex -1.69204 -7.227 2.6
    endloop
  endfacet
  facet normal 1 0 0
    outer loop
      vertex -1.69204 -7.227 2
      vertex -1.69204 -7.26522 2.6
      vertex -1.69204 -7.26522 2
    endloop
  endfacet
  facet normal 0.832073 -0.554667 0
    outer loop
      vertex -1.69204 -7.227 2.6
      vertex -1.65379 -7.16962 2
      vertex -1.65379 -7.16962 2.6
    endloop
  endfacet
  facet normal 0.832073 -0.554667 0
    outer loop
      vertex -1.65379 -7.16962 2
      vertex -1.69204 -7.227 2.6
      vertex -1.69204 -7.227 2
    endloop
  endfacet
  facet normal 1 -0 0
    outer loop
      vertex -1.65379 -7.16962 2.6
      vertex -1.65379 -7.13138 2
      vertex -1.65379 -7.13138 2.6
    endloop
  endfacet
  facet normal 1 0 0
    outer loop
      vertex -1.65379 -7.13138 2
      vertex -1.65379 -7.16962 2.6
      vertex -1.65379 -7.16962 2
    endloop
  endfacet
  facet normal 0.831939 -0.554868 0
    outer loop
      vertex -1.65379 -7.13138 2.6
      vertex -1.61554 -7.07403 2
      vertex -1.61554 -7.07403 2.6
    endloop
  endfacet
  facet normal 0.831939 -0.554868 0
    outer loop
      vertex -1.61554 -7.07403 2
      vertex -1.65379 -7.13138 2.6
      vertex -1.65379 -7.13138 2
    endloop
  endfacet
  facet normal 1 -0 0
    outer loop
      vertex -1.61554 -7.07403 2.6
      vertex -1.61554 -7.03578 2
      vertex -1.61554 -7.03578 2.6
    endloop
  endfacet
  facet normal 1 0 0
    outer loop
      vertex -1.61554 -7.03578 2
      vertex -1.61554 -7.07403 2.6
      vertex -1.61554 -7.07403 2
    endloop
  endfacet
  facet normal 0.832095 -0.554633 0
    outer loop
      vertex -1.61554 -7.03578 2.6
      vertex -1.57732 -6.97844 2
      vertex -1.57732 -6.97844 2.6
    endloop
  endfacet
  facet normal 0.832095 -0.554633 0
    outer loop
      vertex -1.57732 -6.97844 2
      vertex -1.61554 -7.03578 2.6
      vertex -1.61554 -7.03578 2
    endloop
  endfacet
  facet normal 1 -0 0
    outer loop
      vertex -1.57732 -6.97844 2.6
      vertex -1.57732 -6.94019 2
      vertex -1.57732 -6.94019 2.6
    endloop
  endfacet
  facet normal 1 0 0
    outer loop
      vertex -1.57732 -6.94019 2
      vertex -1.57732 -6.97844 2.6
      vertex -1.57732 -6.97844 2
    endloop
  endfacet
  facet normal 0.831961 -0.554834 0
    outer loop
      vertex -1.57732 -6.94019 2.6
      vertex -1.53908 -6.88285 2
      vertex -1.53908 -6.88285 2.6
    endloop
  endfacet
  facet normal 0.831961 -0.554834 0
    outer loop
      vertex -1.53908 -6.88285 2
      vertex -1.57732 -6.94019 2.6
      vertex -1.57732 -6.94019 2
    endloop
  endfacet
  facet normal 1 -0 0
    outer loop
      vertex -1.53908 -6.88285 2.6
      vertex -1.53908 -6.8446 2
      vertex -1.53908 -6.8446 2.6
    endloop
  endfacet
  facet normal 1 0 0
    outer loop
      vertex -1.53908 -6.8446 2
      vertex -1.53908 -6.88285 2.6
      vertex -1.53908 -6.88285 2
    endloop
  endfacet
  facet normal 0.831894 -0.554935 0
    outer loop
      vertex -1.53908 -6.8446 2.6
      vertex -1.50083 -6.78726 2
      vertex -1.50083 -6.78726 2.6
    endloop
  endfacet
  facet normal 0.831894 -0.554935 0
    outer loop
      vertex -1.50083 -6.78726 2
      vertex -1.53908 -6.8446 2.6
      vertex -1.53908 -6.8446 2
    endloop
  endfacet
  facet normal 1 -0 0
    outer loop
      vertex -1.50083 -6.78726 2.6
      vertex -1.50083 -6.74901 2
      vertex -1.50083 -6.74901 2.6
    endloop
  endfacet
  facet normal 1 0 0
    outer loop
      vertex -1.50083 -6.74901 2
      vertex -1.50083 -6.78726 2.6
      vertex -1.50083 -6.78726 2
    endloop
  endfacet
  facet normal 0.83214 -0.554566 0
    outer loop
      vertex -1.50083 -6.74901 2.6
      vertex -1.46261 -6.69166 2
      vertex -1.46261 -6.69166 2.6
    endloop
  endfacet
  facet normal 0.83214 -0.554566 0
    outer loop
      vertex -1.46261 -6.69166 2
      vertex -1.50083 -6.74901 2.6
      vertex -1.50083 -6.74901 2
    endloop
  endfacet
  facet normal 1 -0 0
    outer loop
      vertex -1.46261 -6.69166 2.6
      vertex -1.46261 -6.65342 2
      vertex -1.46261 -6.65342 2.6
    endloop
  endfacet
  facet normal 1 0 0
    outer loop
      vertex -1.46261 -6.65342 2
      vertex -1.46261 -6.69166 2.6
      vertex -1.46261 -6.69166 2
    endloop
  endfacet
  facet normal 0.832073 -0.554667 0
    outer loop
      vertex -1.46261 -6.65342 2.6
      vertex -1.42436 -6.59604 2
      vertex -1.42436 -6.59604 2.6
    endloop
  endfacet
  facet normal 0.832073 -0.554667 0
    outer loop
      vertex -1.42436 -6.59604 2
      vertex -1.46261 -6.65342 2.6
      vertex -1.46261 -6.65342 2
    endloop
  endfacet
  facet normal 1 -0 0
    outer loop
      vertex -1.42436 -6.59604 2.6
      vertex -1.42436 -6.55782 2
      vertex -1.42436 -6.55782 2.6
    endloop
  endfacet
  facet normal 1 0 0
    outer loop
      vertex -1.42436 -6.55782 2
      vertex -1.42436 -6.59604 2.6
      vertex -1.42436 -6.59604 2
    endloop
  endfacet
  facet normal 0.832229 -0.554432 0
    outer loop
      vertex -1.42436 -6.55782 2.6
      vertex -1.38614 -6.50045 2
      vertex -1.38614 -6.50045 2.6
    endloop
  endfacet
  facet normal 0.832229 -0.554432 0
    outer loop
      vertex -1.38614 -6.50045 2
      vertex -1.42436 -6.55782 2.6
      vertex -1.42436 -6.55782 2
    endloop
  endfacet
  facet normal 1 -0 0
    outer loop
      vertex -1.38614 -6.50045 2.6
      vertex -1.38614 -6.46223 2
      vertex -1.38614 -6.46223 2.6
    endloop
  endfacet
  facet normal 1 0 0
    outer loop
      vertex -1.38614 -6.46223 2
      vertex -1.38614 -6.50045 2.6
      vertex -1.38614 -6.50045 2
    endloop
  endfacet
  facet normal 0.832028 -0.554734 0
    outer loop
      vertex -1.38614 -6.46223 2.6
      vertex -1.34789 -6.40486 2
      vertex -1.34789 -6.40486 2.6
    endloop
  endfacet
  facet normal 0.832028 -0.554734 0
    outer loop
      vertex -1.34789 -6.40486 2
      vertex -1.38614 -6.46223 2.6
      vertex -1.38614 -6.46223 2
    endloop
  endfacet
  facet normal 1 -0 0
    outer loop
      vertex -1.34789 -6.40486 2.6
      vertex -1.34789 -6.36664 2
      vertex -1.34789 -6.36664 2.6
    endloop
  endfacet
  facet normal 1 0 0
    outer loop
      vertex -1.34789 -6.36664 2
      vertex -1.34789 -6.40486 2.6
      vertex -1.34789 -6.40486 2
    endloop
  endfacet
  facet normal 0.832028 -0.554734 0
    outer loop
      vertex -1.34789 -6.36664 2.6
      vertex -1.30964 -6.30927 2
      vertex -1.30964 -6.30927 2.6
    endloop
  endfacet
  facet normal 0.832028 -0.554734 0
    outer loop
      vertex -1.30964 -6.30927 2
      vertex -1.34789 -6.36664 2.6
      vertex -1.34789 -6.36664 2
    endloop
  endfacet
  facet normal 1 -0 0
    outer loop
      vertex -1.30964 -6.30927 2.6
      vertex -1.30964 -6.27105 2
      vertex -1.30964 -6.27105 2.6
    endloop
  endfacet
  facet normal 1 0 0
    outer loop
      vertex -1.30964 -6.27105 2
      vertex -1.30964 -6.30927 2.6
      vertex -1.30964 -6.30927 2
    endloop
  endfacet
  facet normal 0.832229 -0.554432 0
    outer loop
      vertex -1.30964 -6.27105 2.6
      vertex -1.27142 -6.21368 2
      vertex -1.27142 -6.21368 2.6
    endloop
  endfacet
  facet normal 0.832229 -0.554432 0
    outer loop
      vertex -1.27142 -6.21368 2
      vertex -1.30964 -6.27105 2.6
      vertex -1.30964 -6.27105 2
    endloop
  endfacet
  facet normal 1 -0 0
    outer loop
      vertex -1.27142 -6.21368 2.6
      vertex -1.27142 -6.17543 2
      vertex -1.27142 -6.17543 2.6
    endloop
  endfacet
  facet normal 1 0 0
    outer loop
      vertex -1.27142 -6.17543 2
      vertex -1.27142 -6.21368 2.6
      vertex -1.27142 -6.21368 2
    endloop
  endfacet
  facet normal 0.917056 -0.398759 0
    outer loop
      vertex -1.27142 -6.17543 2.6
      vertex -1.08021 -5.73569 2
      vertex -1.08021 -5.73569 2.6
    endloop
  endfacet
  facet normal 0.917056 -0.398759 0
    outer loop
      vertex -1.08021 -5.73569 2
      vertex -1.27142 -6.17543 2.6
      vertex -1.27142 -6.17543 2
    endloop
  endfacet
  facet normal 0.980636 -0.19584 0
    outer loop
      vertex -1.08021 -5.73569 2.6
      vertex -1.06112 -5.6401 2
      vertex -1.06112 -5.6401 2.6
    endloop
  endfacet
  facet normal 0.980636 -0.19584 0
    outer loop
      vertex -1.06112 -5.6401 2
      vertex -1.08021 -5.73569 2.6
      vertex -1.08021 -5.73569 2
    endloop
  endfacet
  facet normal 0.857414 -0.514628 0
    outer loop
      vertex -1.06112 -5.6401 2.6
      vertex -1.00374 -5.5445 2
      vertex -1.00374 -5.5445 2.6
    endloop
  endfacet
  facet normal 0.857414 -0.514628 0
    outer loop
      vertex -1.00374 -5.5445 2
      vertex -1.06112 -5.6401 2.6
      vertex -1.06112 -5.6401 2
    endloop
  endfacet
  facet normal 0.980577 -0.196136 0
    outer loop
      vertex -1.00374 -5.5445 2.6
      vertex -0.98462 -5.44891 2
      vertex -0.98462 -5.44891 2.6
    endloop
  endfacet
  facet normal 0.980577 -0.196136 0
    outer loop
      vertex -0.98462 -5.44891 2
      vertex -1.00374 -5.5445 2.6
      vertex -1.00374 -5.5445 2
    endloop
  endfacet
  facet normal 0.919151 -0.393905 0
    outer loop
      vertex -0.98462 -5.44891 2.6
      vertex -0.81256 -5.04742 2
      vertex -0.81256 -5.04742 2.6
    endloop
  endfacet
  facet normal 0.919151 -0.393905 0
    outer loop
      vertex -0.81256 -5.04742 2
      vertex -0.98462 -5.44891 2.6
      vertex -0.98462 -5.44891 2
    endloop
  endfacet
  facet normal -0.707033 -0.707181 0
    outer loop
      vertex -0.793436 -5.06654 2
      vertex -0.81256 -5.04742 2.6
      vertex -0.81256 -5.04742 2
    endloop
  endfacet
  facet normal -0.707033 -0.707181 0
    outer loop
      vertex -0.81256 -5.04742 2.6
      vertex -0.793436 -5.06654 2
      vertex -0.793436 -5.06654 2.6
    endloop
  endfacet
  facet normal -1 0 0
    outer loop
      vertex -0.793436 -5.12389 2
      vertex -0.793436 -5.06654 2.6
      vertex -0.793436 -5.06654 2
    endloop
  endfacet
  facet normal -1 -0 0
    outer loop
      vertex -0.793436 -5.06654 2.6
      vertex -0.793436 -5.12389 2
      vertex -0.793436 -5.12389 2.6
    endloop
  endfacet
  facet normal -0.707033 0.707181 0
    outer loop
      vertex -0.793436 -5.12389 2
      vertex -0.81256 -5.14301 2.6
      vertex -0.793436 -5.12389 2.6
    endloop
  endfacet
  facet normal -0.707033 0.707181 0
    outer loop
      vertex -0.81256 -5.14301 2.6
      vertex -0.793436 -5.12389 2
      vertex -0.81256 -5.14301 2
    endloop
  endfacet
  facet normal -1 0 0
    outer loop
      vertex -0.81256 -5.21948 2
      vertex -0.81256 -5.14301 2.6
      vertex -0.81256 -5.14301 2
    endloop
  endfacet
  facet normal -1 -0 0
    outer loop
      vertex -0.81256 -5.14301 2.6
      vertex -0.81256 -5.21948 2
      vertex -0.81256 -5.21948 2.6
    endloop
  endfacet
  facet normal -0.707051 0.707162 0
    outer loop
      vertex -0.831683 -5.2386 2
      vertex -0.81256 -5.21948 2.6
      vertex -0.81256 -5.21948 2
    endloop
  endfacet
  facet normal -0.707051 0.707162 0
    outer loop
      vertex -0.81256 -5.21948 2.6
      vertex -0.831683 -5.2386 2
      vertex -0.831683 -5.2386 2.6
    endloop
  endfacet
  facet normal -1 0 0
    outer loop
      vertex -0.831683 -5.31507 2
      vertex -0.831683 -5.2386 2.6
      vertex -0.831683 -5.2386 2
    endloop
  endfacet
  facet normal -1 -0 0
    outer loop
      vertex -0.831683 -5.2386 2.6
      vertex -0.831683 -5.31507 2
      vertex -0.831683 -5.31507 2.6
    endloop
  endfacet
  facet normal -0.707218 0.706996 0
    outer loop
      vertex -0.850807 -5.3342 2
      vertex -0.831683 -5.31507 2.6
      vertex -0.831683 -5.31507 2
    endloop
  endfacet
  facet normal -0.707218 0.706996 0
    outer loop
      vertex -0.831683 -5.31507 2.6
      vertex -0.850807 -5.3342 2
      vertex -0.850807 -5.3342 2.6
    endloop
  endfacet
  facet normal -1 0 0
    outer loop
      vertex -0.850807 -5.41069 2
      vertex -0.850807 -5.3342 2.6
      vertex -0.850807 -5.3342 2
    endloop
  endfacet
  facet normal -1 -0 0
    outer loop
      vertex -0.850807 -5.3342 2.6
      vertex -0.850807 -5.41069 2
      vertex -0.850807 -5.41069 2.6
    endloop
  endfacet
  facet normal -0.707162 0.707051 0
    outer loop
      vertex -0.850807 -5.41069 2
      vertex -0.869904 -5.42979 2.6
      vertex -0.850807 -5.41069 2.6
    endloop
  endfacet
  facet normal -0.707162 0.707051 0
    outer loop
      vertex -0.869904 -5.42979 2.6
      vertex -0.850807 -5.41069 2
      vertex -0.869904 -5.42979 2
    endloop
  endfacet
  facet normal -1 0 0
    outer loop
      vertex -0.869904 -5.50628 2
      vertex -0.869904 -5.42979 2.6
      vertex -0.869904 -5.42979 2
    endloop
  endfacet
  facet normal -1 -0 0
    outer loop
      vertex -0.869904 -5.42979 2.6
      vertex -0.869904 -5.50628 2
      vertex -0.869904 -5.50628 2.6
    endloop
  endfacet
  facet normal -0.706663 0.707551 0
    outer loop
      vertex -0.869904 -5.50628 2
      vertex -0.889028 -5.52538 2.6
      vertex -0.869904 -5.50628 2.6
    endloop
  endfacet
  facet normal -0.706663 0.707551 0
    outer loop
      vertex -0.889028 -5.52538 2.6
      vertex -0.869904 -5.50628 2
      vertex -0.889028 -5.52538 2
    endloop
  endfacet
  facet normal -1 0 0
    outer loop
      vertex -0.889028 -5.60188 2
      vertex -0.889028 -5.52538 2.6
      vertex -0.889028 -5.52538 2
    endloop
  endfacet
  facet normal -1 -0 0
    outer loop
      vertex -0.889028 -5.52538 2.6
      vertex -0.889028 -5.60188 2
      vertex -0.889028 -5.60188 2.6
    endloop
  endfacet
  facet normal -0.948655 0.316312 0
    outer loop
      vertex -0.927276 -5.71659 2
      vertex -0.889028 -5.60188 2.6
      vertex -0.889028 -5.60188 2
    endloop
  endfacet
  facet normal -0.948655 0.316312 0
    outer loop
      vertex -0.889028 -5.60188 2.6
      vertex -0.927276 -5.71659 2
      vertex -0.927276 -5.71659 2.6
    endloop
  endfacet
  facet normal -1 0 0
    outer loop
      vertex -0.927276 -5.81218 2
      vertex -0.927276 -5.71659 2.6
      vertex -0.927276 -5.71659 2
    endloop
  endfacet
  facet normal -1 -0 0
    outer loop
      vertex -0.927276 -5.71659 2.6
      vertex -0.927276 -5.81218 2
      vertex -0.927276 -5.81218 2.6
    endloop
  endfacet
  facet normal -0.707218 0.706996 0
    outer loop
      vertex -0.9464 -5.83131 2
      vertex -0.927276 -5.81218 2.6
      vertex -0.927276 -5.81218 2
    endloop
  endfacet
  facet normal -0.707218 0.706996 0
    outer loop
      vertex -0.927276 -5.81218 2.6
      vertex -0.9464 -5.83131 2
      vertex -0.9464 -5.83131 2.6
    endloop
  endfacet
  facet normal -1 0 0
    outer loop
      vertex -0.9464 -5.90778 2
      vertex -0.9464 -5.83131 2.6
      vertex -0.9464 -5.83131 2
    endloop
  endfacet
  facet normal -1 -0 0
    outer loop
      vertex -0.9464 -5.83131 2.6
      vertex -0.9464 -5.90778 2
      vertex -0.9464 -5.90778 2.6
    endloop
  endfacet
  facet normal -0.707551 0.706663 0
    outer loop
      vertex -0.965496 -5.9269 2
      vertex -0.9464 -5.90778 2.6
      vertex -0.9464 -5.90778 2
    endloop
  endfacet
  facet normal -0.707551 0.706663 0
    outer loop
      vertex -0.9464 -5.90778 2.6
      vertex -0.965496 -5.9269 2
      vertex -0.965496 -5.9269 2.6
    endloop
  endfacet
  facet normal -1 0 0
    outer loop
      vertex -0.965496 -6.00337 2
      vertex -0.965496 -5.9269 2.6
      vertex -0.965496 -5.9269 2
    endloop
  endfacet
  facet normal -1 -0 0
    outer loop
      vertex -0.965496 -5.9269 2.6
      vertex -0.965496 -6.00337 2
      vertex -0.965496 -6.00337 2.6
    endloop
  endfacet
  facet normal -0.707033 0.707181 0
    outer loop
      vertex -0.98462 -6.02249 2
      vertex -0.965496 -6.00337 2.6
      vertex -0.965496 -6.00337 2
    endloop
  endfacet
  facet normal -0.707033 0.707181 0
    outer loop
      vertex -0.965496 -6.00337 2.6
      vertex -0.98462 -6.02249 2
      vertex -0.98462 -6.02249 2.6
    endloop
  endfacet
  facet normal -1 0 0
    outer loop
      vertex -0.98462 -6.09896 2
      vertex -0.98462 -6.02249 2.6
      vertex -0.98462 -6.02249 2
    endloop
  endfacet
  facet normal -1 -0 0
    outer loop
      vertex -0.98462 -6.02249 2.6
      vertex -0.98462 -6.09896 2
      vertex -0.98462 -6.09896 2.6
    endloop
  endfacet
  facet normal -0.707107 0.707107 0
    outer loop
      vertex -1.00374 -6.11808 2
      vertex -0.98462 -6.09896 2.6
      vertex -0.98462 -6.09896 2
    endloop
  endfacet
  facet normal -0.707107 0.707107 0
    outer loop
      vertex -0.98462 -6.09896 2.6
      vertex -1.00374 -6.11808 2
      vertex -1.00374 -6.11808 2.6
    endloop
  endfacet
  facet normal -1 0 0
    outer loop
      vertex -1.00374 -6.19455 2
      vertex -1.00374 -6.11808 2.6
      vertex -1.00374 -6.11808 2
    endloop
  endfacet
  facet normal -1 -0 0
    outer loop
      vertex -1.00374 -6.11808 2.6
      vertex -1.00374 -6.19455 2
      vertex -1.00374 -6.19455 2.6
    endloop
  endfacet
  facet normal -0.707107 0.707107 0
    outer loop
      vertex -1.02287 -6.21368 2
      vertex -1.00374 -6.19455 2.6
      vertex -1.00374 -6.19455 2
    endloop
  endfacet
  facet normal -0.707107 0.707107 0
    outer loop
      vertex -1.00374 -6.19455 2.6
      vertex -1.02287 -6.21368 2
      vertex -1.02287 -6.21368 2.6
    endloop
  endfacet
  facet normal -1 0 0
    outer loop
      vertex -1.02287 -6.29014 2
      vertex -1.02287 -6.21368 2.6
      vertex -1.02287 -6.21368 2
    endloop
  endfacet
  facet normal -1 -0 0
    outer loop
      vertex -1.02287 -6.21368 2.6
      vertex -1.02287 -6.29014 2
      vertex -1.02287 -6.29014 2.6
    endloop
  endfacet
  facet normal -0.707292 0.706922 0
    outer loop
      vertex -1.04199 -6.30927 2
      vertex -1.02287 -6.29014 2.6
      vertex -1.02287 -6.29014 2
    endloop
  endfacet
  facet normal -0.707292 0.706922 0
    outer loop
      vertex -1.02287 -6.29014 2.6
      vertex -1.04199 -6.30927 2
      vertex -1.04199 -6.30927 2.6
    endloop
  endfacet
  facet normal -1 0 0
    outer loop
      vertex -1.04199 -6.38574 2
      vertex -1.04199 -6.30927 2.6
      vertex -1.04199 -6.30927 2
    endloop
  endfacet
  facet normal -1 -0 0
    outer loop
      vertex -1.04199 -6.30927 2.6
      vertex -1.04199 -6.38574 2
      vertex -1.04199 -6.38574 2.6
    endloop
  endfacet
  facet normal -0.706922 0.707292 0
    outer loop
      vertex -1.06112 -6.40486 2
      vertex -1.04199 -6.38574 2.6
      vertex -1.04199 -6.38574 2
    endloop
  endfacet
  facet normal -0.706922 0.707292 0
    outer loop
      vertex -1.04199 -6.38574 2.6
      vertex -1.06112 -6.40486 2
      vertex -1.06112 -6.40486 2.6
    endloop
  endfacet
  facet normal -1 0 0
    outer loop
      vertex -1.06112 -6.48136 2
      vertex -1.06112 -6.40486 2.6
      vertex -1.06112 -6.40486 2
    endloop
  endfacet
  facet normal -1 -0 0
    outer loop
      vertex -1.06112 -6.40486 2.6
      vertex -1.06112 -6.48136 2
      vertex -1.06112 -6.48136 2.6
    endloop
  endfacet
  facet normal -0.707107 0.707107 0
    outer loop
      vertex -1.08021 -6.50045 2
      vertex -1.06112 -6.48136 2.6
      vertex -1.06112 -6.48136 2
    endloop
  endfacet
  facet normal -0.707107 0.707107 0
    outer loop
      vertex -1.06112 -6.48136 2.6
      vertex -1.08021 -6.50045 2
      vertex -1.08021 -6.50045 2.6
    endloop
  endfacet
  facet normal -1 0 0
    outer loop
      vertex -1.08021 -6.57695 2
      vertex -1.08021 -6.50045 2.6
      vertex -1.08021 -6.50045 2
    endloop
  endfacet
  facet normal -1 -0 0
    outer loop
      vertex -1.08021 -6.50045 2.6
      vertex -1.08021 -6.57695 2
      vertex -1.08021 -6.57695 2.6
    endloop
  endfacet
  facet normal -0.706366 0.707846 0
    outer loop
      vertex -1.08021 -6.57695 2
      vertex -1.09934 -6.59604 2.6
      vertex -1.08021 -6.57695 2.6
    endloop
  endfacet
  facet normal -0.706366 0.707846 0
    outer loop
      vertex -1.09934 -6.59604 2.6
      vertex -1.08021 -6.57695 2
      vertex -1.09934 -6.59604 2
    endloop
  endfacet
  facet normal -1 0 0
    outer loop
      vertex -1.09934 -6.67254 2
      vertex -1.09934 -6.59604 2.6
      vertex -1.09934 -6.59604 2
    endloop
  endfacet
  facet normal -1 -0 0
    outer loop
      vertex -1.09934 -6.59604 2.6
      vertex -1.09934 -6.67254 2
      vertex -1.09934 -6.67254 2.6
    endloop
  endfacet
  facet normal -0.707107 0.707107 0
    outer loop
      vertex -1.11846 -6.69166 2
      vertex -1.09934 -6.67254 2.6
      vertex -1.09934 -6.67254 2
    endloop
  endfacet
  facet normal -0.707107 0.707107 0
    outer loop
      vertex -1.09934 -6.67254 2.6
      vertex -1.11846 -6.69166 2
      vertex -1.11846 -6.69166 2.6
    endloop
  endfacet
  facet normal -1 0 0
    outer loop
      vertex -1.11846 -6.76813 2
      vertex -1.11846 -6.69166 2.6
      vertex -1.11846 -6.69166 2
    endloop
  endfacet
  facet normal -1 -0 0
    outer loop
      vertex -1.11846 -6.69166 2.6
      vertex -1.11846 -6.76813 2
      vertex -1.11846 -6.76813 2.6
    endloop
  endfacet
  facet normal -0.948658 0.316302 0
    outer loop
      vertex -1.15671 -6.88285 2
      vertex -1.11846 -6.76813 2.6
      vertex -1.11846 -6.76813 2
    endloop
  endfacet
  facet normal -0.948658 0.316302 0
    outer loop
      vertex -1.11846 -6.76813 2.6
      vertex -1.15671 -6.88285 2
      vertex -1.15671 -6.88285 2.6
    endloop
  endfacet
  facet normal -1 0 0
    outer loop
      vertex -1.15671 -6.97844 2
      vertex -1.15671 -6.88285 2.6
      vertex -1.15671 -6.88285 2
    endloop
  endfacet
  facet normal -1 -0 0
    outer loop
      vertex -1.15671 -6.88285 2.6
      vertex -1.15671 -6.97844 2
      vertex -1.15671 -6.97844 2.6
    endloop
  endfacet
  facet normal -0.707107 0.707107 0
    outer loop
      vertex -1.15671 -6.97844 2
      vertex -1.17583 -6.99756 2.6
      vertex -1.15671 -6.97844 2.6
    endloop
  endfacet
  facet normal -0.707107 0.707107 0
    outer loop
      vertex -1.17583 -6.99756 2.6
      vertex -1.15671 -6.97844 2
      vertex -1.17583 -6.99756 2
    endloop
  endfacet
  facet normal -1 0 0
    outer loop
      vertex -1.17583 -7.07403 2
      vertex -1.17583 -6.99756 2.6
      vertex -1.17583 -6.99756 2
    endloop
  endfacet
  facet normal -1 -0 0
    outer loop
      vertex -1.17583 -6.99756 2.6
      vertex -1.17583 -7.07403 2
      vertex -1.17583 -7.07403 2.6
    endloop
  endfacet
  facet normal -0.707661 0.706552 0
    outer loop
      vertex -1.19493 -7.09316 2
      vertex -1.17583 -7.07403 2.6
      vertex -1.17583 -7.07403 2
    endloop
  endfacet
  facet normal -0.707661 0.706552 0
    outer loop
      vertex -1.17583 -7.07403 2.6
      vertex -1.19493 -7.09316 2
      vertex -1.19493 -7.09316 2.6
    endloop
  endfacet
  facet normal -1 0 0
    outer loop
      vertex -1.19493 -7.16962 2
      vertex -1.19493 -7.09316 2.6
      vertex -1.19493 -7.09316 2
    endloop
  endfacet
  facet normal -1 -0 0
    outer loop
      vertex -1.19493 -7.09316 2.6
      vertex -1.19493 -7.16962 2
      vertex -1.19493 -7.16962 2.6
    endloop
  endfacet
  facet normal -0.707292 0.706922 0
    outer loop
      vertex -1.19493 -7.16962 2
      vertex -1.21405 -7.18875 2.6
      vertex -1.19493 -7.16962 2.6
    endloop
  endfacet
  facet normal -0.707292 0.706922 0
    outer loop
      vertex -1.21405 -7.18875 2.6
      vertex -1.19493 -7.16962 2
      vertex -1.21405 -7.18875 2
    endloop
  endfacet
  facet normal -1 0 0
    outer loop
      vertex -1.21405 -7.26522 2
      vertex -1.21405 -7.18875 2.6
      vertex -1.21405 -7.18875 2
    endloop
  endfacet
  facet normal -1 -0 0
    outer loop
      vertex -1.21405 -7.18875 2.6
      vertex -1.21405 -7.26522 2
      vertex -1.21405 -7.26522 2.6
    endloop
  endfacet
  facet normal -0.94865 0.316327 0
    outer loop
      vertex -1.2523 -7.37993 2
      vertex -1.21405 -7.26522 2.6
      vertex -1.21405 -7.26522 2
    endloop
  endfacet
  facet normal -0.94865 0.316327 0
    outer loop
      vertex -1.21405 -7.26522 2.6
      vertex -1.2523 -7.37993 2
      vertex -1.2523 -7.37993 2.6
    endloop
  endfacet
  facet normal -1 0 0
    outer loop
      vertex -1.2523 -7.47552 2
      vertex -1.2523 -7.37993 2.6
      vertex -1.2523 -7.37993 2
    endloop
  endfacet
  facet normal -1 -0 0
    outer loop
      vertex -1.2523 -7.37993 2.6
      vertex -1.2523 -7.47552 2
      vertex -1.2523 -7.47552 2.6
    endloop
  endfacet
  facet normal -0.707292 0.706922 0
    outer loop
      vertex -1.27142 -7.49465 2
      vertex -1.2523 -7.47552 2.6
      vertex -1.2523 -7.47552 2
    endloop
  endfacet
  facet normal -0.707292 0.706922 0
    outer loop
      vertex -1.2523 -7.47552 2.6
      vertex -1.27142 -7.49465 2
      vertex -1.27142 -7.49465 2.6
    endloop
  endfacet
  facet normal -1 0 0
    outer loop
      vertex -1.27142 -7.57112 2
      vertex -1.27142 -7.49465 2.6
      vertex -1.27142 -7.49465 2
    endloop
  endfacet
  facet normal -1 -0 0
    outer loop
      vertex -1.27142 -7.49465 2.6
      vertex -1.27142 -7.57112 2
      vertex -1.27142 -7.57112 2.6
    endloop
  endfacet
  facet normal -0.707477 0.706737 0
    outer loop
      vertex -1.29052 -7.59024 2
      vertex -1.27142 -7.57112 2.6
      vertex -1.27142 -7.57112 2
    endloop
  endfacet
  facet normal -0.707477 0.706737 0
    outer loop
      vertex -1.27142 -7.57112 2.6
      vertex -1.29052 -7.59024 2
      vertex -1.29052 -7.59024 2.6
    endloop
  endfacet
  facet normal -1 0 0
    outer loop
      vertex -1.29052 -7.66671 2
      vertex -1.29052 -7.59024 2.6
      vertex -1.29052 -7.59024 2
    endloop
  endfacet
  facet normal -1 -0 0
    outer loop
      vertex -1.29052 -7.59024 2.6
      vertex -1.29052 -7.66671 2
      vertex -1.29052 -7.66671 2.6
    endloop
  endfacet
  facet normal -0.707107 0.707107 0
    outer loop
      vertex -1.30964 -7.68583 2
      vertex -1.29052 -7.66671 2.6
      vertex -1.29052 -7.66671 2
    endloop
  endfacet
  facet normal -0.707107 0.707107 0
    outer loop
      vertex -1.29052 -7.66671 2.6
      vertex -1.30964 -7.68583 2
      vertex -1.30964 -7.68583 2.6
    endloop
  endfacet
  facet normal -1 0 0
    outer loop
      vertex -1.30964 -7.76233 2
      vertex -1.30964 -7.68583 2.6
      vertex -1.30964 -7.68583 2
    endloop
  endfacet
  facet normal -1 -0 0
    outer loop
      vertex -1.30964 -7.68583 2.6
      vertex -1.30964 -7.76233 2
      vertex -1.30964 -7.76233 2.6
    endloop
  endfacet
  facet normal -0.706366 0.707846 0
    outer loop
      vertex -1.30964 -7.76233 2
      vertex -1.32877 -7.78142 2.6
      vertex -1.30964 -7.76233 2.6
    endloop
  endfacet
  facet normal -0.706366 0.707846 0
    outer loop
      vertex -1.32877 -7.78142 2.6
      vertex -1.30964 -7.76233 2
      vertex -1.32877 -7.78142 2
    endloop
  endfacet
  facet normal -0.984785 0.173778 0
    outer loop
      vertex -1.44348 -8.43147 2
      vertex -1.32877 -7.78142 2.6
      vertex -1.32877 -7.78142 2
    endloop
  endfacet
  facet normal -0.984785 0.173778 0
    outer loop
      vertex -1.32877 -7.78142 2.6
      vertex -1.44348 -8.43147 2
      vertex -1.44348 -8.43147 2.6
    endloop
  endfacet
  facet normal -0.948683 -0.316228 0
    outer loop
      vertex -1.40524 -8.54619 2
      vertex -1.44348 -8.43147 2.6
      vertex -1.44348 -8.43147 2
    endloop
  endfacet
  facet normal -0.948683 -0.316228 0
    outer loop
      vertex -1.44348 -8.43147 2.6
      vertex -1.40524 -8.54619 2
      vertex -1.40524 -8.54619 2.6
    endloop
  endfacet
  facet normal -0.707199 -0.707014 0
    outer loop
      vertex -1.32877 -8.62268 2
      vertex -1.40524 -8.54619 2.6
      vertex -1.40524 -8.54619 2
    endloop
  endfacet
  facet normal -0.707199 -0.707014 0
    outer loop
      vertex -1.40524 -8.54619 2.6
      vertex -1.32877 -8.62268 2
      vertex -1.32877 -8.62268 2.6
    endloop
  endfacet
  facet normal -0.447136 -0.894466 0
    outer loop
      vertex -1.32877 -8.62268 2
      vertex -1.09934 -8.73737 2.6
      vertex -1.32877 -8.62268 2.6
    endloop
  endfacet
  facet normal -0.447136 -0.894466 -0
    outer loop
      vertex -1.09934 -8.73737 2.6
      vertex -1.32877 -8.62268 2
      vertex -1.09934 -8.73737 2
    endloop
  endfacet
  facet normal -0.316304 -0.948658 0
    outer loop
      vertex -1.09934 -8.73737 2
      vertex -0.927276 -8.79474 2.6
      vertex -1.09934 -8.73737 2.6
    endloop
  endfacet
  facet normal -0.316304 -0.948658 -0
    outer loop
      vertex -0.927276 -8.79474 2.6
      vertex -1.09934 -8.73737 2
      vertex -0.927276 -8.79474 2
    endloop
  endfacet
  facet normal 0 -1 0
    outer loop
      vertex -0.927276 -8.79474 2
      vertex -0.869904 -8.79474 2.6
      vertex -0.927276 -8.79474 2.6
    endloop
  endfacet
  facet normal 0 -1 -0
    outer loop
      vertex -0.869904 -8.79474 2.6
      vertex -0.927276 -8.79474 2
      vertex -0.869904 -8.79474 2
    endloop
  endfacet
  facet normal -0.316211 -0.948689 0
    outer loop
      vertex -0.869904 -8.79474 2
      vertex -0.697844 -8.85209 2.6
      vertex -0.869904 -8.79474 2.6
    endloop
  endfacet
  facet normal -0.316211 -0.948689 -0
    outer loop
      vertex -0.697844 -8.85209 2.6
      vertex -0.869904 -8.79474 2
      vertex -0.697844 -8.85209 2
    endloop
  endfacet
  facet normal 0 -1 0
    outer loop
      vertex -0.697844 -8.85209 2
      vertex -0.621376 -8.85209 2.6
      vertex -0.697844 -8.85209 2.6
    endloop
  endfacet
  facet normal 0 -1 -0
    outer loop
      vertex -0.621376 -8.85209 2.6
      vertex -0.697844 -8.85209 2
      vertex -0.621376 -8.85209 2
    endloop
  endfacet
  facet normal -0.707033 -0.707181 0
    outer loop
      vertex -0.602252 -8.87121 2
      vertex -0.621376 -8.85209 2.6
      vertex -0.621376 -8.85209 2
    endloop
  endfacet
  facet normal -0.707033 -0.707181 0
    outer loop
      vertex -0.621376 -8.85209 2.6
      vertex -0.602252 -8.87121 2
      vertex -0.602252 -8.87121 2.6
    endloop
  endfacet
  facet normal 0 -1 0
    outer loop
      vertex -0.602252 -8.87121 2
      vertex -0.50666 -8.87121 2.6
      vertex -0.602252 -8.87121 2.6
    endloop
  endfacet
  facet normal 0 -1 -0
    outer loop
      vertex -0.50666 -8.87121 2.6
      vertex -0.602252 -8.87121 2
      vertex -0.50666 -8.87121 2
    endloop
  endfacet
  facet normal -0.707199 -0.707014 0
    outer loop
      vertex -0.487535 -8.89034 2
      vertex -0.50666 -8.87121 2.6
      vertex -0.50666 -8.87121 2
    endloop
  endfacet
  facet normal -0.707199 -0.707014 0
    outer loop
      vertex -0.50666 -8.87121 2.6
      vertex -0.487535 -8.89034 2
      vertex -0.487535 -8.89034 2.6
    endloop
  endfacet
  facet normal 0 -1 0
    outer loop
      vertex -0.487535 -8.89034 2
      vertex -0.334572 -8.89034 2.6
      vertex -0.487535 -8.89034 2.6
    endloop
  endfacet
  facet normal 0 -1 -0
    outer loop
      vertex -0.334572 -8.89034 2.6
      vertex -0.487535 -8.89034 2
      vertex -0.334572 -8.89034 2
    endloop
  endfacet
  facet normal -0.707532 -0.706681 0
    outer loop
      vertex -0.315475 -8.90946 2
      vertex -0.334572 -8.89034 2.6
      vertex -0.334572 -8.89034 2
    endloop
  endfacet
  facet normal -0.707532 -0.706681 0
    outer loop
      vertex -0.334572 -8.89034 2.6
      vertex -0.315475 -8.90946 2
      vertex -0.315475 -8.90946 2.6
    endloop
  endfacet
  facet normal 0 -1 0
    outer loop
      vertex -0.315475 -8.90946 2
      vertex 0.296351 -8.90946 2.6
      vertex -0.315475 -8.90946 2.6
    endloop
  endfacet
  facet normal 0 -1 -0
    outer loop
      vertex 0.296351 -8.90946 2.6
      vertex -0.315475 -8.90946 2
      vertex 0.296351 -8.90946 2
    endloop
  endfacet
  facet normal 0.707033 -0.707181 0
    outer loop
      vertex 0.296351 -8.90946 2.6
      vertex 0.315475 -8.89034 2
      vertex 0.315475 -8.89034 2.6
    endloop
  endfacet
  facet normal 0.707033 -0.707181 0
    outer loop
      vertex 0.315475 -8.89034 2
      vertex 0.296351 -8.90946 2.6
      vertex 0.296351 -8.90946 2
    endloop
  endfacet
  facet normal 0.371257 0.92853 -0
    outer loop
      vertex 1.15671 6.88285 2
      vertex 1.06112 6.92107 2.6
      vertex 1.15671 6.88285 2.6
    endloop
  endfacet
  facet normal 0.371257 0.92853 0
    outer loop
      vertex 1.06112 6.92107 2.6
      vertex 1.15671 6.88285 2
      vertex 1.06112 6.92107 2
    endloop
  endfacet
  facet normal 0.658485 0.752594 -0
    outer loop
      vertex 1.06112 6.92107 2
      vertex 0.908152 7.05491 2.6
      vertex 1.06112 6.92107 2.6
    endloop
  endfacet
  facet normal 0.658485 0.752594 0
    outer loop
      vertex 0.908152 7.05491 2.6
      vertex 1.06112 6.92107 2
      vertex 0.908152 7.05491 2
    endloop
  endfacet
  facet normal 0.894453 0.447162 0
    outer loop
      vertex 0.908152 7.05491 2.6
      vertex 0.831683 7.20787 2
      vertex 0.831683 7.20787 2.6
    endloop
  endfacet
  facet normal 0.894453 0.447162 0
    outer loop
      vertex 0.831683 7.20787 2
      vertex 0.908152 7.05491 2.6
      vertex 0.908152 7.05491 2
    endloop
  endfacet
  facet normal 1 -0 0
    outer loop
      vertex 0.831683 7.20787 2.6
      vertex 0.831683 7.39906 2
      vertex 0.831683 7.39906 2.6
    endloop
  endfacet
  facet normal 1 0 0
    outer loop
      vertex 0.831683 7.39906 2
      vertex 0.831683 7.20787 2.6
      vertex 0.831683 7.20787 2
    endloop
  endfacet
  facet normal 0.936359 -0.351043 0
    outer loop
      vertex 0.831683 7.39906 2.6
      vertex 0.889028 7.55202 2
      vertex 0.889028 7.55202 2.6
    endloop
  endfacet
  facet normal 0.936359 -0.351043 0
    outer loop
      vertex 0.889028 7.55202 2
      vertex 0.831683 7.39906 2.6
      vertex 0.831683 7.39906 2
    endloop
  endfacet
  facet normal 0.707022 -0.707191 0
    outer loop
      vertex 0.889028 7.55202 2
      vertex 1.02287 7.68583 2.6
      vertex 0.889028 7.55202 2.6
    endloop
  endfacet
  facet normal 0.707022 -0.707191 0
    outer loop
      vertex 1.02287 7.68583 2.6
      vertex 0.889028 7.55202 2
      vertex 1.02287 7.68583 2
    endloop
  endfacet
  facet normal 0.447307 -0.89438 0
    outer loop
      vertex 1.02287 7.68583 2
      vertex 1.13758 7.7432 2.6
      vertex 1.02287 7.68583 2.6
    endloop
  endfacet
  facet normal 0.447307 -0.89438 0
    outer loop
      vertex 1.13758 7.7432 2.6
      vertex 1.02287 7.68583 2
      vertex 1.13758 7.7432 2
    endloop
  endfacet
  facet normal 0.110501 -0.993876 0
    outer loop
      vertex 1.13758 7.7432 2
      vertex 1.30964 7.76233 2.6
      vertex 1.13758 7.7432 2.6
    endloop
  endfacet
  facet normal 0.110501 -0.993876 0
    outer loop
      vertex 1.30964 7.76233 2.6
      vertex 1.13758 7.7432 2
      vertex 1.30964 7.76233 2
    endloop
  endfacet
  facet normal -0.316261 -0.948672 0
    outer loop
      vertex 1.30964 7.76233 2
      vertex 1.48173 7.70496 2.6
      vertex 1.30964 7.76233 2.6
    endloop
  endfacet
  facet normal -0.316261 -0.948672 -0
    outer loop
      vertex 1.48173 7.70496 2.6
      vertex 1.30964 7.76233 2
      vertex 1.48173 7.70496 2
    endloop
  endfacet
  facet normal -0.650875 -0.759185 0
    outer loop
      vertex 1.48173 7.70496 2
      vertex 1.61554 7.59024 2.6
      vertex 1.48173 7.70496 2.6
    endloop
  endfacet
  facet normal -0.650875 -0.759185 -0
    outer loop
      vertex 1.61554 7.59024 2.6
      vertex 1.48173 7.70496 2
      vertex 1.61554 7.59024 2
    endloop
  endfacet
  facet normal -0.868187 -0.496237 0
    outer loop
      vertex 1.69204 7.4564 2
      vertex 1.61554 7.59024 2.6
      vertex 1.61554 7.59024 2
    endloop
  endfacet
  facet normal -0.868187 -0.496237 0
    outer loop
      vertex 1.61554 7.59024 2.6
      vertex 1.69204 7.4564 2
      vertex 1.69204 7.4564 2.6
    endloop
  endfacet
  facet normal -0.995893 -0.09054 0
    outer loop
      vertex 1.71116 7.24609 2
      vertex 1.69204 7.4564 2.6
      vertex 1.69204 7.4564 2
    endloop
  endfacet
  facet normal -0.995893 -0.09054 0
    outer loop
      vertex 1.69204 7.4564 2.6
      vertex 1.71116 7.24609 2
      vertex 1.71116 7.24609 2.6
    endloop
  endfacet
  facet normal -0.936286 0.351237 0
    outer loop
      vertex 1.65379 7.09316 2
      vertex 1.71116 7.24609 2.6
      vertex 1.71116 7.24609 2
    endloop
  endfacet
  facet normal -0.936286 0.351237 0
    outer loop
      vertex 1.71116 7.24609 2.6
      vertex 1.65379 7.09316 2
      vertex 1.65379 7.09316 2.6
    endloop
  endfacet
  facet normal -0.768254 0.640145 0
    outer loop
      vertex 1.5582 6.97844 2
      vertex 1.65379 7.09316 2.6
      vertex 1.65379 7.09316 2
    endloop
  endfacet
  facet normal -0.768254 0.640145 0
    outer loop
      vertex 1.65379 7.09316 2.6
      vertex 1.5582 6.97844 2
      vertex 1.5582 6.97844 2.6
    endloop
  endfacet
  facet normal -0.485647 0.874155 0
    outer loop
      vertex 1.5582 6.97844 2
      vertex 1.38614 6.88285 2.6
      vertex 1.5582 6.97844 2.6
    endloop
  endfacet
  facet normal -0.485647 0.874155 0
    outer loop
      vertex 1.38614 6.88285 2.6
      vertex 1.5582 6.97844 2
      vertex 1.38614 6.88285 2
    endloop
  endfacet
  facet normal 0 1 -0
    outer loop
      vertex 1.38614 6.88285 2
      vertex 1.15671 6.88285 2.6
      vertex 1.38614 6.88285 2.6
    endloop
  endfacet
  facet normal 0 1 0
    outer loop
      vertex 1.15671 6.88285 2.6
      vertex 1.38614 6.88285 2
      vertex 1.15671 6.88285 2
    endloop
  endfacet
endsolid OpenSCAD_Model
