solid OpenSCAD_Model
  facet normal 0.999465 0.0327026 0
    outer loop
      vertex 25 0 1.6
      vertex 24.9465 1.63508 0
      vertex 24.9465 1.63508 1.6
    endloop
  endfacet
  facet normal 0.999465 0.0327026 0
    outer loop
      vertex 24.9465 1.63508 0
      vertex 25 0 1.6
      vertex 25 0 0
    endloop
  endfacet
  facet normal -0.999465 0.0327026 0
    outer loop
      vertex -25 0 0
      vertex -24.9465 1.63508 1.6
      vertex -24.9465 1.63508 0
    endloop
  endfacet
  facet normal -0.999465 0.0327026 0
    outer loop
      vertex -24.9465 1.63508 1.6
      vertex -25 0 0
      vertex -25 0 1.6
    endloop
  endfacet
  facet normal 0.0327026 0.999465 -0
    outer loop
      vertex 1.63508 24.9465 0
      vertex 0 25 1.6
      vertex 1.63508 24.9465 1.6
    endloop
  endfacet
  facet normal 0.0327026 0.999465 0
    outer loop
      vertex 0 25 1.6
      vertex 1.63508 24.9465 0
      vertex 0 25 0
    endloop
  endfacet
  facet normal -0.729894 -0.683561 0
    outer loop
      vertex -17.6777 -17.6777 0
      vertex -18.796 -16.4836 1.6
      vertex -18.796 -16.4836 0
    endloop
  endfacet
  facet normal -0.729894 -0.683561 0
    outer loop
      vertex -18.796 -16.4836 1.6
      vertex -17.6777 -17.6777 0
      vertex -17.6777 -17.6777 1.6
    endloop
  endfacet
  facet normal 0.729894 0.683561 0
    outer loop
      vertex 18.796 16.4836 1.6
      vertex 17.6777 17.6777 0
      vertex 17.6777 17.6777 1.6
    endloop
  endfacet
  facet normal 0.729894 0.683561 0
    outer loop
      vertex 17.6777 17.6777 0
      vertex 18.796 16.4836 1.6
      vertex 18.796 16.4836 0
    endloop
  endfacet
  facet normal -0.683561 0.729894 0
    outer loop
      vertex -16.4836 18.796 0
      vertex -17.6777 17.6777 1.6
      vertex -16.4836 18.796 1.6
    endloop
  endfacet
  facet normal -0.683561 0.729894 0
    outer loop
      vertex -17.6777 17.6777 1.6
      vertex -16.4836 18.796 0
      vertex -17.6777 17.6777 0
    endloop
  endfacet
  facet normal -0.352269 0.935899 0
    outer loop
      vertex -8.03599 23.6733 0
      vertex -9.56709 23.097 1.6
      vertex -8.03599 23.6733 1.6
    endloop
  endfacet
  facet normal -0.352269 0.935899 0
    outer loop
      vertex -9.56709 23.097 1.6
      vertex -8.03599 23.6733 0
      vertex -9.56709 23.097 0
    endloop
  endfacet
  facet normal 0.935899 0.352269 0
    outer loop
      vertex 23.6733 8.03599 1.6
      vertex 23.097 9.56709 0
      vertex 23.097 9.56709 1.6
    endloop
  endfacet
  facet normal 0.935899 0.352269 0
    outer loop
      vertex 23.097 9.56709 0
      vertex 23.6733 8.03599 1.6
      vertex 23.6733 8.03599 0
    endloop
  endfacet
  facet normal 0.77302 0.634382 0
    outer loop
      vertex 19.8338 15.219 1.6
      vertex 18.796 16.4836 0
      vertex 18.796 16.4836 1.6
    endloop
  endfacet
  facet normal 0.77302 0.634382 0
    outer loop
      vertex 18.796 16.4836 0
      vertex 19.8338 15.219 1.6
      vertex 19.8338 15.219 0
    endloop
  endfacet
  facet normal 0.4714 0.881919 -0
    outer loop
      vertex 12.5 21.6506 0
      vertex 11.0572 22.4218 1.6
      vertex 12.5 21.6506 1.6
    endloop
  endfacet
  facet normal 0.4714 0.881919 0
    outer loop
      vertex 11.0572 22.4218 1.6
      vertex 12.5 21.6506 0
      vertex 11.0572 22.4218 0
    endloop
  endfacet
  facet normal -0.849208 0.528058 0
    outer loop
      vertex -21.6506 12.5 0
      vertex -20.7867 13.8893 1.6
      vertex -20.7867 13.8893 0
    endloop
  endfacet
  facet normal -0.849208 0.528058 0
    outer loop
      vertex -20.7867 13.8893 1.6
      vertex -21.6506 12.5 0
      vertex -21.6506 12.5 1.6
    endloop
  endfacet
  facet normal -0.812832 0.582498 0
    outer loop
      vertex -20.7867 13.8893 0
      vertex -19.8338 15.219 1.6
      vertex -19.8338 15.219 0
    endloop
  endfacet
  facet normal -0.812832 0.582498 0
    outer loop
      vertex -19.8338 15.219 1.6
      vertex -20.7867 13.8893 0
      vertex -20.7867 13.8893 1.6
    endloop
  endfacet
  facet normal -0.634382 0.77302 0
    outer loop
      vertex -15.219 19.8338 0
      vertex -16.4836 18.796 1.6
      vertex -15.219 19.8338 1.6
    endloop
  endfacet
  facet normal -0.634382 0.77302 0
    outer loop
      vertex -16.4836 18.796 1.6
      vertex -15.219 19.8338 0
      vertex -16.4836 18.796 0
    endloop
  endfacet
  facet normal -0.162901 0.986642 0
    outer loop
      vertex -3.26315 24.7861 0
      vertex -4.87726 24.5196 1.6
      vertex -3.26315 24.7861 1.6
    endloop
  endfacet
  facet normal -0.162901 0.986642 0
    outer loop
      vertex -4.87726 24.5196 1.6
      vertex -3.26315 24.7861 0
      vertex -4.87726 24.5196 0
    endloop
  endfacet
  facet normal 0.849208 -0.528058 0
    outer loop
      vertex 20.7867 -13.8893 1.6
      vertex 21.6506 -12.5 0
      vertex 21.6506 -12.5 1.6
    endloop
  endfacet
  facet normal 0.849208 -0.528058 0
    outer loop
      vertex 21.6506 -12.5 0
      vertex 20.7867 -13.8893 1.6
      vertex 20.7867 -13.8893 0
    endloop
  endfacet
  facet normal 0.227084 -0.973875 0
    outer loop
      vertex 4.87726 -24.5196 0
      vertex 6.47048 -24.1481 1.6
      vertex 4.87726 -24.5196 1.6
    endloop
  endfacet
  facet normal 0.227084 -0.973875 0
    outer loop
      vertex 6.47048 -24.1481 1.6
      vertex 4.87726 -24.5196 0
      vertex 6.47048 -24.1481 0
    endloop
  endfacet
  facet normal 0.634382 -0.77302 0
    outer loop
      vertex 15.219 -19.8338 0
      vertex 16.4836 -18.796 1.6
      vertex 15.219 -19.8338 1.6
    endloop
  endfacet
  facet normal 0.634382 -0.77302 0
    outer loop
      vertex 16.4836 -18.796 1.6
      vertex 15.219 -19.8338 0
      vertex 16.4836 -18.796 0
    endloop
  endfacet
  facet normal -0.352269 -0.935899 0
    outer loop
      vertex -9.56709 -23.097 0
      vertex -8.03599 -23.6733 1.6
      vertex -9.56709 -23.097 1.6
    endloop
  endfacet
  facet normal -0.352269 -0.935899 -0
    outer loop
      vertex -8.03599 -23.6733 1.6
      vertex -9.56709 -23.097 0
      vertex -8.03599 -23.6733 0
    endloop
  endfacet
  facet normal -0.77302 -0.634382 0
    outer loop
      vertex -18.796 -16.4836 0
      vertex -19.8338 -15.219 1.6
      vertex -19.8338 -15.219 0
    endloop
  endfacet
  facet normal -0.77302 -0.634382 0
    outer loop
      vertex -19.8338 -15.219 1.6
      vertex -18.796 -16.4836 0
      vertex -18.796 -16.4836 1.6
    endloop
  endfacet
  facet normal -0.812832 -0.582498 0
    outer loop
      vertex -19.8338 -15.219 0
      vertex -20.7867 -13.8893 1.6
      vertex -20.7867 -13.8893 0
    endloop
  endfacet
  facet normal -0.812832 -0.582498 0
    outer loop
      vertex -20.7867 -13.8893 1.6
      vertex -19.8338 -15.219 0
      vertex -19.8338 -15.219 1.6
    endloop
  endfacet
  facet normal 0.986642 0.162901 0
    outer loop
      vertex 24.7861 3.26315 1.6
      vertex 24.5196 4.87726 0
      vertex 24.5196 4.87726 1.6
    endloop
  endfacet
  facet normal 0.986642 0.162901 0
    outer loop
      vertex 24.5196 4.87726 0
      vertex 24.7861 3.26315 1.6
      vertex 24.7861 3.26315 0
    endloop
  endfacet
  facet normal 0.995182 0.0980469 0
    outer loop
      vertex 24.9465 1.63508 1.6
      vertex 24.7861 3.26315 0
      vertex 24.7861 3.26315 1.6
    endloop
  endfacet
  facet normal 0.995182 0.0980469 0
    outer loop
      vertex 24.7861 3.26315 0
      vertex 24.9465 1.63508 1.6
      vertex 24.9465 1.63508 0
    endloop
  endfacet
  facet normal 0.973875 0.227084 0
    outer loop
      vertex 24.5196 4.87726 1.6
      vertex 24.1481 6.47048 0
      vertex 24.1481 6.47048 1.6
    endloop
  endfacet
  facet normal 0.973875 0.227084 0
    outer loop
      vertex 24.1481 6.47048 0
      vertex 24.5196 4.87726 1.6
      vertex 24.5196 4.87726 0
    endloop
  endfacet
  facet normal 0.849208 0.528058 0
    outer loop
      vertex 21.6506 12.5 1.6
      vertex 20.7867 13.8893 0
      vertex 20.7867 13.8893 1.6
    endloop
  endfacet
  facet normal 0.849208 0.528058 0
    outer loop
      vertex 20.7867 13.8893 0
      vertex 21.6506 12.5 1.6
      vertex 21.6506 12.5 0
    endloop
  endfacet
  facet normal 0.812832 0.582498 0
    outer loop
      vertex 20.7867 13.8893 1.6
      vertex 19.8338 15.219 0
      vertex 19.8338 15.219 1.6
    endloop
  endfacet
  facet normal 0.812832 0.582498 0
    outer loop
      vertex 19.8338 15.219 0
      vertex 20.7867 13.8893 1.6
      vertex 20.7867 13.8893 0
    endloop
  endfacet
  facet normal 0.227084 0.973875 -0
    outer loop
      vertex 6.47048 24.1481 0
      vertex 4.87726 24.5196 1.6
      vertex 6.47048 24.1481 1.6
    endloop
  endfacet
  facet normal 0.227084 0.973875 0
    outer loop
      vertex 4.87726 24.5196 1.6
      vertex 6.47048 24.1481 0
      vertex 4.87726 24.5196 0
    endloop
  endfacet
  facet normal 0.352269 0.935899 -0
    outer loop
      vertex 9.56709 23.097 0
      vertex 8.03599 23.6733 1.6
      vertex 9.56709 23.097 1.6
    endloop
  endfacet
  facet normal 0.352269 0.935899 0
    outer loop
      vertex 8.03599 23.6733 1.6
      vertex 9.56709 23.097 0
      vertex 8.03599 23.6733 0
    endloop
  endfacet
  facet normal 0.162901 0.986642 -0
    outer loop
      vertex 4.87726 24.5196 0
      vertex 3.26315 24.7861 1.6
      vertex 4.87726 24.5196 1.6
    endloop
  endfacet
  facet normal 0.162901 0.986642 0
    outer loop
      vertex 3.26315 24.7861 1.6
      vertex 4.87726 24.5196 0
      vertex 3.26315 24.7861 0
    endloop
  endfacet
  facet normal 0.582498 0.812832 -0
    outer loop
      vertex 15.219 19.8338 0
      vertex 13.8893 20.7867 1.6
      vertex 15.219 19.8338 1.6
    endloop
  endfacet
  facet normal 0.582498 0.812832 0
    outer loop
      vertex 13.8893 20.7867 1.6
      vertex 15.219 19.8338 0
      vertex 13.8893 20.7867 0
    endloop
  endfacet
  facet normal -0.973875 0.227084 0
    outer loop
      vertex -24.5196 4.87726 0
      vertex -24.1481 6.47048 1.6
      vertex -24.1481 6.47048 0
    endloop
  endfacet
  facet normal -0.973875 0.227084 0
    outer loop
      vertex -24.1481 6.47048 1.6
      vertex -24.5196 4.87726 0
      vertex -24.5196 4.87726 1.6
    endloop
  endfacet
  facet normal -0.935899 0.352269 0
    outer loop
      vertex -23.6733 8.03599 0
      vertex -23.097 9.56709 1.6
      vertex -23.097 9.56709 0
    endloop
  endfacet
  facet normal -0.935899 0.352269 0
    outer loop
      vertex -23.097 9.56709 1.6
      vertex -23.6733 8.03599 0
      vertex -23.6733 8.03599 1.6
    endloop
  endfacet
  facet normal -0.986642 0.162901 0
    outer loop
      vertex -24.7861 3.26315 0
      vertex -24.5196 4.87726 1.6
      vertex -24.5196 4.87726 0
    endloop
  endfacet
  facet normal -0.986642 0.162901 0
    outer loop
      vertex -24.5196 4.87726 1.6
      vertex -24.7861 3.26315 0
      vertex -24.7861 3.26315 1.6
    endloop
  endfacet
  facet normal -0.528058 0.849208 0
    outer loop
      vertex -12.5 21.6506 0
      vertex -13.8893 20.7867 1.6
      vertex -12.5 21.6506 1.6
    endloop
  endfacet
  facet normal -0.528058 0.849208 0
    outer loop
      vertex -13.8893 20.7867 1.6
      vertex -12.5 21.6506 0
      vertex -13.8893 20.7867 0
    endloop
  endfacet
  facet normal -0.582498 0.812832 0
    outer loop
      vertex -13.8893 20.7867 0
      vertex -15.219 19.8338 1.6
      vertex -13.8893 20.7867 1.6
    endloop
  endfacet
  facet normal -0.582498 0.812832 0
    outer loop
      vertex -15.219 19.8338 1.6
      vertex -13.8893 20.7867 0
      vertex -15.219 19.8338 0
    endloop
  endfacet
  facet normal -0.0980469 0.995182 0
    outer loop
      vertex -1.63508 24.9465 0
      vertex -3.26315 24.7861 1.6
      vertex -1.63508 24.9465 1.6
    endloop
  endfacet
  facet normal -0.0980469 0.995182 0
    outer loop
      vertex -3.26315 24.7861 1.6
      vertex -1.63508 24.9465 0
      vertex -3.26315 24.7861 0
    endloop
  endfacet
  facet normal 0.582498 -0.812832 0
    outer loop
      vertex 13.8893 -20.7867 0
      vertex 15.219 -19.8338 1.6
      vertex 13.8893 -20.7867 1.6
    endloop
  endfacet
  facet normal 0.582498 -0.812832 0
    outer loop
      vertex 15.219 -19.8338 1.6
      vertex 13.8893 -20.7867 0
      vertex 15.219 -19.8338 0
    endloop
  endfacet
  facet normal 0.528058 -0.849208 0
    outer loop
      vertex 12.5 -21.6506 0
      vertex 13.8893 -20.7867 1.6
      vertex 12.5 -21.6506 1.6
    endloop
  endfacet
  facet normal 0.528058 -0.849208 0
    outer loop
      vertex 13.8893 -20.7867 1.6
      vertex 12.5 -21.6506 0
      vertex 13.8893 -20.7867 0
    endloop
  endfacet
  facet normal 0.812832 -0.582498 0
    outer loop
      vertex 19.8338 -15.219 1.6
      vertex 20.7867 -13.8893 0
      vertex 20.7867 -13.8893 1.6
    endloop
  endfacet
  facet normal 0.812832 -0.582498 0
    outer loop
      vertex 20.7867 -13.8893 0
      vertex 19.8338 -15.219 1.6
      vertex 19.8338 -15.219 0
    endloop
  endfacet
  facet normal 0.986642 -0.162901 0
    outer loop
      vertex 24.5196 -4.87726 1.6
      vertex 24.7861 -3.26315 0
      vertex 24.7861 -3.26315 1.6
    endloop
  endfacet
  facet normal 0.986642 -0.162901 0
    outer loop
      vertex 24.7861 -3.26315 0
      vertex 24.5196 -4.87726 1.6
      vertex 24.5196 -4.87726 0
    endloop
  endfacet
  facet normal 0.995182 -0.0980469 0
    outer loop
      vertex 24.7861 -3.26315 1.6
      vertex 24.9465 -1.63508 0
      vertex 24.9465 -1.63508 1.6
    endloop
  endfacet
  facet normal 0.995182 -0.0980469 0
    outer loop
      vertex 24.9465 -1.63508 0
      vertex 24.7861 -3.26315 1.6
      vertex 24.7861 -3.26315 0
    endloop
  endfacet
  facet normal -0.582498 -0.812832 0
    outer loop
      vertex -15.219 -19.8338 0
      vertex -13.8893 -20.7867 1.6
      vertex -15.219 -19.8338 1.6
    endloop
  endfacet
  facet normal -0.582498 -0.812832 -0
    outer loop
      vertex -13.8893 -20.7867 1.6
      vertex -15.219 -19.8338 0
      vertex -13.8893 -20.7867 0
    endloop
  endfacet
  facet normal -0.528058 -0.849208 0
    outer loop
      vertex -13.8893 -20.7867 0
      vertex -12.5 -21.6506 1.6
      vertex -13.8893 -20.7867 1.6
    endloop
  endfacet
  facet normal -0.528058 -0.849208 -0
    outer loop
      vertex -12.5 -21.6506 1.6
      vertex -13.8893 -20.7867 0
      vertex -12.5 -21.6506 0
    endloop
  endfacet
  facet normal -0.162901 -0.986642 0
    outer loop
      vertex -4.87726 -24.5196 0
      vertex -3.26315 -24.7861 1.6
      vertex -4.87726 -24.5196 1.6
    endloop
  endfacet
  facet normal -0.162901 -0.986642 -0
    outer loop
      vertex -3.26315 -24.7861 1.6
      vertex -4.87726 -24.5196 0
      vertex -3.26315 -24.7861 0
    endloop
  endfacet
  facet normal -0.910855 -0.412727 0
    outer loop
      vertex -22.4218 -11.0572 0
      vertex -23.097 -9.56709 1.6
      vertex -23.097 -9.56709 0
    endloop
  endfacet
  facet normal -0.910855 -0.412727 0
    outer loop
      vertex -23.097 -9.56709 1.6
      vertex -22.4218 -11.0572 0
      vertex -22.4218 -11.0572 1.6
    endloop
  endfacet
  facet normal 0 0 -1
    outer loop
      vertex 24.9465 -1.63508 0
      vertex 24.9465 1.63508 0
      vertex 25 0 0
    endloop
  endfacet
  facet normal 0 0 -1
    outer loop
      vertex 24.7861 -3.26315 0
      vertex 24.9465 1.63508 0
      vertex 24.9465 -1.63508 0
    endloop
  endfacet
  facet normal 0 0 -1
    outer loop
      vertex 24.7861 -3.26315 0
      vertex 24.7861 3.26315 0
      vertex 24.9465 1.63508 0
    endloop
  endfacet
  facet normal 0 0 -1
    outer loop
      vertex 24.5196 -4.87726 0
      vertex 24.7861 3.26315 0
      vertex 24.7861 -3.26315 0
    endloop
  endfacet
  facet normal 0 0 -1
    outer loop
      vertex 24.5196 -4.87726 0
      vertex 24.5196 4.87726 0
      vertex 24.7861 3.26315 0
    endloop
  endfacet
  facet normal 0 0 -1
    outer loop
      vertex 24.1481 -6.47048 0
      vertex 24.5196 4.87726 0
      vertex 24.5196 -4.87726 0
    endloop
  endfacet
  facet normal 0 0 -1
    outer loop
      vertex 24.1481 -6.47048 0
      vertex 24.1481 6.47048 0
      vertex 24.5196 4.87726 0
    endloop
  endfacet
  facet normal 0 0 -1
    outer loop
      vertex 23.6733 -8.03599 0
      vertex 24.1481 6.47048 0
      vertex 24.1481 -6.47048 0
    endloop
  endfacet
  facet normal 0 0 -1
    outer loop
      vertex 23.6733 -8.03599 0
      vertex 23.6733 8.03599 0
      vertex 24.1481 6.47048 0
    endloop
  endfacet
  facet normal 0 0 -1
    outer loop
      vertex 23.097 -9.56709 0
      vertex 23.6733 8.03599 0
      vertex 23.6733 -8.03599 0
    endloop
  endfacet
  facet normal 0 0 -1
    outer loop
      vertex 23.097 -9.56709 0
      vertex 23.097 9.56709 0
      vertex 23.6733 8.03599 0
    endloop
  endfacet
  facet normal 0 0 -1
    outer loop
      vertex 22.4218 -11.0572 0
      vertex 23.097 9.56709 0
      vertex 23.097 -9.56709 0
    endloop
  endfacet
  facet normal 0 0 -1
    outer loop
      vertex 22.4218 -11.0572 0
      vertex 22.4218 11.0572 0
      vertex 23.097 9.56709 0
    endloop
  endfacet
  facet normal 0 0 -1
    outer loop
      vertex 21.6506 -12.5 0
      vertex 22.4218 11.0572 0
      vertex 22.4218 -11.0572 0
    endloop
  endfacet
  facet normal 0 0 -1
    outer loop
      vertex 21.6506 -12.5 0
      vertex 21.6506 12.5 0
      vertex 22.4218 11.0572 0
    endloop
  endfacet
  facet normal 0 0 -1
    outer loop
      vertex 20.7867 -13.8893 0
      vertex 21.6506 12.5 0
      vertex 21.6506 -12.5 0
    endloop
  endfacet
  facet normal 0 0 -1
    outer loop
      vertex 20.7867 -13.8893 0
      vertex 20.7867 13.8893 0
      vertex 21.6506 12.5 0
    endloop
  endfacet
  facet normal 0 0 -1
    outer loop
      vertex 19.8338 -15.219 0
      vertex 20.7867 13.8893 0
      vertex 20.7867 -13.8893 0
    endloop
  endfacet
  facet normal 0 0 -1
    outer loop
      vertex 19.8338 -15.219 0
      vertex 19.8338 15.219 0
      vertex 20.7867 13.8893 0
    endloop
  endfacet
  facet normal 0 0 -1
    outer loop
      vertex 18.796 -16.4836 0
      vertex 19.8338 15.219 0
      vertex 19.8338 -15.219 0
    endloop
  endfacet
  facet normal 0 0 -1
    outer loop
      vertex 18.796 -16.4836 0
      vertex 18.796 16.4836 0
      vertex 19.8338 15.219 0
    endloop
  endfacet
  facet normal 0 0 -1
    outer loop
      vertex 17.6777 -17.6777 0
      vertex 18.796 16.4836 0
      vertex 18.796 -16.4836 0
    endloop
  endfacet
  facet normal 0 0 -1
    outer loop
      vertex 17.6777 -17.6777 0
      vertex 17.6777 17.6777 0
      vertex 18.796 16.4836 0
    endloop
  endfacet
  facet normal 0 0 -1
    outer loop
      vertex 16.4836 -18.796 0
      vertex 17.6777 17.6777 0
      vertex 17.6777 -17.6777 0
    endloop
  endfacet
  facet normal 0 0 -1
    outer loop
      vertex 16.4836 -18.796 0
      vertex 16.4836 18.796 0
      vertex 17.6777 17.6777 0
    endloop
  endfacet
  facet normal 0 0 -1
    outer loop
      vertex 15.219 -19.8338 0
      vertex 16.4836 18.796 0
      vertex 16.4836 -18.796 0
    endloop
  endfacet
  facet normal 0 0 -1
    outer loop
      vertex 15.219 -19.8338 0
      vertex 15.219 19.8338 0
      vertex 16.4836 18.796 0
    endloop
  endfacet
  facet normal 0 0 -1
    outer loop
      vertex 13.8893 -20.7867 0
      vertex 15.219 19.8338 0
      vertex 15.219 -19.8338 0
    endloop
  endfacet
  facet normal 0 0 -1
    outer loop
      vertex 13.8893 -20.7867 0
      vertex 13.8893 20.7867 0
      vertex 15.219 19.8338 0
    endloop
  endfacet
  facet normal 0 0 -1
    outer loop
      vertex 12.5 -21.6506 0
      vertex 13.8893 20.7867 0
      vertex 13.8893 -20.7867 0
    endloop
  endfacet
  facet normal 0 0 -1
    outer loop
      vertex 12.5 -21.6506 0
      vertex 12.5 21.6506 0
      vertex 13.8893 20.7867 0
    endloop
  endfacet
  facet normal 0 0 -1
    outer loop
      vertex 11.0572 -22.4218 0
      vertex 12.5 21.6506 0
      vertex 12.5 -21.6506 0
    endloop
  endfacet
  facet normal 0 0 -1
    outer loop
      vertex 11.0572 -22.4218 0
      vertex 11.0572 22.4218 0
      vertex 12.5 21.6506 0
    endloop
  endfacet
  facet normal 0 0 -1
    outer loop
      vertex 9.56709 -23.097 0
      vertex 11.0572 22.4218 0
      vertex 11.0572 -22.4218 0
    endloop
  endfacet
  facet normal 0 0 -1
    outer loop
      vertex 9.56709 -23.097 0
      vertex 9.56709 23.097 0
      vertex 11.0572 22.4218 0
    endloop
  endfacet
  facet normal 0 0 -1
    outer loop
      vertex 8.03599 -23.6733 0
      vertex 9.56709 23.097 0
      vertex 9.56709 -23.097 0
    endloop
  endfacet
  facet normal 0 0 -1
    outer loop
      vertex 8.03599 -23.6733 0
      vertex 8.03599 23.6733 0
      vertex 9.56709 23.097 0
    endloop
  endfacet
  facet normal 0 0 -1
    outer loop
      vertex 6.47048 -24.1481 0
      vertex 8.03599 23.6733 0
      vertex 8.03599 -23.6733 0
    endloop
  endfacet
  facet normal 0 0 -1
    outer loop
      vertex 6.47048 -24.1481 0
      vertex 6.47048 24.1481 0
      vertex 8.03599 23.6733 0
    endloop
  endfacet
  facet normal 0 0 -1
    outer loop
      vertex 4.87726 -24.5196 0
      vertex 6.47048 24.1481 0
      vertex 6.47048 -24.1481 0
    endloop
  endfacet
  facet normal 0 0 -1
    outer loop
      vertex 4.87726 -24.5196 0
      vertex 4.87726 24.5196 0
      vertex 6.47048 24.1481 0
    endloop
  endfacet
  facet normal 0 0 -1
    outer loop
      vertex 3.26315 -24.7861 0
      vertex 4.87726 24.5196 0
      vertex 4.87726 -24.5196 0
    endloop
  endfacet
  facet normal 0 0 -1
    outer loop
      vertex 3.26315 -24.7861 0
      vertex 3.26315 24.7861 0
      vertex 4.87726 24.5196 0
    endloop
  endfacet
  facet normal 0 0 -1
    outer loop
      vertex 1.63508 -24.9465 0
      vertex 3.26315 24.7861 0
      vertex 3.26315 -24.7861 0
    endloop
  endfacet
  facet normal 0 0 -1
    outer loop
      vertex 1.63508 -24.9465 0
      vertex 1.63508 24.9465 0
      vertex 3.26315 24.7861 0
    endloop
  endfacet
  facet normal 0 0 -1
    outer loop
      vertex 0 -25 0
      vertex 1.63508 24.9465 0
      vertex 1.63508 -24.9465 0
    endloop
  endfacet
  facet normal 0 0 -1
    outer loop
      vertex 0 -25 0
      vertex 0 25 0
      vertex 1.63508 24.9465 0
    endloop
  endfacet
  facet normal 0 0 -1
    outer loop
      vertex -1.63508 -24.9465 0
      vertex 0 25 0
      vertex 0 -25 0
    endloop
  endfacet
  facet normal 0 0 -1
    outer loop
      vertex -1.63508 -24.9465 0
      vertex -1.63508 24.9465 0
      vertex 0 25 0
    endloop
  endfacet
  facet normal 0 0 -1
    outer loop
      vertex -3.26315 -24.7861 0
      vertex -1.63508 24.9465 0
      vertex -1.63508 -24.9465 0
    endloop
  endfacet
  facet normal 0 0 -1
    outer loop
      vertex -3.26315 -24.7861 0
      vertex -3.26315 24.7861 0
      vertex -1.63508 24.9465 0
    endloop
  endfacet
  facet normal 0 0 -1
    outer loop
      vertex -4.87726 -24.5196 0
      vertex -3.26315 24.7861 0
      vertex -3.26315 -24.7861 0
    endloop
  endfacet
  facet normal 0 0 -1
    outer loop
      vertex -4.87726 -24.5196 0
      vertex -4.87726 24.5196 0
      vertex -3.26315 24.7861 0
    endloop
  endfacet
  facet normal 0 0 -1
    outer loop
      vertex -6.47048 -24.1481 0
      vertex -4.87726 24.5196 0
      vertex -4.87726 -24.5196 0
    endloop
  endfacet
  facet normal 0 0 -1
    outer loop
      vertex -6.47048 -24.1481 0
      vertex -6.47048 24.1481 0
      vertex -4.87726 24.5196 0
    endloop
  endfacet
  facet normal 0 0 -1
    outer loop
      vertex -8.03599 -23.6733 0
      vertex -6.47048 24.1481 0
      vertex -6.47048 -24.1481 0
    endloop
  endfacet
  facet normal 0 0 -1
    outer loop
      vertex -8.03599 -23.6733 0
      vertex -8.03599 23.6733 0
      vertex -6.47048 24.1481 0
    endloop
  endfacet
  facet normal 0 0 -1
    outer loop
      vertex -9.56709 -23.097 0
      vertex -8.03599 23.6733 0
      vertex -8.03599 -23.6733 0
    endloop
  endfacet
  facet normal 0 0 -1
    outer loop
      vertex -9.56709 -23.097 0
      vertex -9.56709 23.097 0
      vertex -8.03599 23.6733 0
    endloop
  endfacet
  facet normal 0 0 -1
    outer loop
      vertex -11.0572 -22.4218 0
      vertex -9.56709 23.097 0
      vertex -9.56709 -23.097 0
    endloop
  endfacet
  facet normal 0 0 -1
    outer loop
      vertex -11.0572 -22.4218 0
      vertex -11.0572 22.4218 0
      vertex -9.56709 23.097 0
    endloop
  endfacet
  facet normal 0 0 -1
    outer loop
      vertex -12.5 -21.6506 0
      vertex -11.0572 22.4218 0
      vertex -11.0572 -22.4218 0
    endloop
  endfacet
  facet normal 0 0 -1
    outer loop
      vertex -12.5 -21.6506 0
      vertex -12.5 21.6506 0
      vertex -11.0572 22.4218 0
    endloop
  endfacet
  facet normal 0 0 -1
    outer loop
      vertex -13.8893 -20.7867 0
      vertex -12.5 21.6506 0
      vertex -12.5 -21.6506 0
    endloop
  endfacet
  facet normal 0 0 -1
    outer loop
      vertex -13.8893 -20.7867 0
      vertex -13.8893 20.7867 0
      vertex -12.5 21.6506 0
    endloop
  endfacet
  facet normal 0 0 -1
    outer loop
      vertex -15.219 -19.8338 0
      vertex -13.8893 20.7867 0
      vertex -13.8893 -20.7867 0
    endloop
  endfacet
  facet normal 0 0 -1
    outer loop
      vertex -15.219 -19.8338 0
      vertex -15.219 19.8338 0
      vertex -13.8893 20.7867 0
    endloop
  endfacet
  facet normal 0 0 -1
    outer loop
      vertex -16.4836 -18.796 0
      vertex -15.219 19.8338 0
      vertex -15.219 -19.8338 0
    endloop
  endfacet
  facet normal 0 0 -1
    outer loop
      vertex -16.4836 -18.796 0
      vertex -16.4836 18.796 0
      vertex -15.219 19.8338 0
    endloop
  endfacet
  facet normal 0 0 -1
    outer loop
      vertex -17.6777 -17.6777 0
      vertex -16.4836 18.796 0
      vertex -16.4836 -18.796 0
    endloop
  endfacet
  facet normal 0 0 -1
    outer loop
      vertex -17.6777 -17.6777 0
      vertex -17.6777 17.6777 0
      vertex -16.4836 18.796 0
    endloop
  endfacet
  facet normal 0 0 -1
    outer loop
      vertex -18.796 -16.4836 0
      vertex -17.6777 17.6777 0
      vertex -17.6777 -17.6777 0
    endloop
  endfacet
  facet normal 0 0 -1
    outer loop
      vertex -18.796 -16.4836 0
      vertex -18.796 16.4836 0
      vertex -17.6777 17.6777 0
    endloop
  endfacet
  facet normal 0 0 -1
    outer loop
      vertex -19.8338 -15.219 0
      vertex -18.796 16.4836 0
      vertex -18.796 -16.4836 0
    endloop
  endfacet
  facet normal 0 0 -1
    outer loop
      vertex -19.8338 -15.219 0
      vertex -19.8338 15.219 0
      vertex -18.796 16.4836 0
    endloop
  endfacet
  facet normal 0 0 -1
    outer loop
      vertex -20.7867 -13.8893 0
      vertex -19.8338 15.219 0
      vertex -19.8338 -15.219 0
    endloop
  endfacet
  facet normal 0 0 -1
    outer loop
      vertex -20.7867 -13.8893 0
      vertex -20.7867 13.8893 0
      vertex -19.8338 15.219 0
    endloop
  endfacet
  facet normal 0 0 -1
    outer loop
      vertex -21.6506 -12.5 0
      vertex -20.7867 13.8893 0
      vertex -20.7867 -13.8893 0
    endloop
  endfacet
  facet normal 0 0 -1
    outer loop
      vertex -21.6506 -12.5 0
      vertex -21.6506 12.5 0
      vertex -20.7867 13.8893 0
    endloop
  endfacet
  facet normal 0 0 -1
    outer loop
      vertex -22.4218 -11.0572 0
      vertex -21.6506 12.5 0
      vertex -21.6506 -12.5 0
    endloop
  endfacet
  facet normal 0 0 -1
    outer loop
      vertex -22.4218 -11.0572 0
      vertex -22.4218 11.0572 0
      vertex -21.6506 12.5 0
    endloop
  endfacet
  facet normal 0 0 -1
    outer loop
      vertex -23.097 -9.56709 0
      vertex -22.4218 11.0572 0
      vertex -22.4218 -11.0572 0
    endloop
  endfacet
  facet normal 0 0 -1
    outer loop
      vertex -23.097 -9.56709 0
      vertex -23.097 9.56709 0
      vertex -22.4218 11.0572 0
    endloop
  endfacet
  facet normal 0 0 -1
    outer loop
      vertex -23.6733 -8.03599 0
      vertex -23.097 9.56709 0
      vertex -23.097 -9.56709 0
    endloop
  endfacet
  facet normal 0 0 -1
    outer loop
      vertex -23.6733 -8.03599 0
      vertex -23.6733 8.03599 0
      vertex -23.097 9.56709 0
    endloop
  endfacet
  facet normal 0 0 -1
    outer loop
      vertex -24.1481 -6.47048 0
      vertex -23.6733 8.03599 0
      vertex -23.6733 -8.03599 0
    endloop
  endfacet
  facet normal 0 0 -1
    outer loop
      vertex -24.1481 -6.47048 0
      vertex -24.1481 6.47048 0
      vertex -23.6733 8.03599 0
    endloop
  endfacet
  facet normal 0 0 -1
    outer loop
      vertex -24.5196 -4.87726 0
      vertex -24.1481 6.47048 0
      vertex -24.1481 -6.47048 0
    endloop
  endfacet
  facet normal 0 0 -1
    outer loop
      vertex -24.5196 -4.87726 0
      vertex -24.5196 4.87726 0
      vertex -24.1481 6.47048 0
    endloop
  endfacet
  facet normal 0 0 -1
    outer loop
      vertex -24.7861 -3.26315 0
      vertex -24.5196 4.87726 0
      vertex -24.5196 -4.87726 0
    endloop
  endfacet
  facet normal 0 0 -1
    outer loop
      vertex -24.7861 -3.26315 0
      vertex -24.7861 3.26315 0
      vertex -24.5196 4.87726 0
    endloop
  endfacet
  facet normal 0 0 -1
    outer loop
      vertex -24.9465 -1.63508 0
      vertex -24.7861 3.26315 0
      vertex -24.7861 -3.26315 0
    endloop
  endfacet
  facet normal 0 0 -1
    outer loop
      vertex -24.9465 -1.63508 0
      vertex -24.9465 1.63508 0
      vertex -24.7861 3.26315 0
    endloop
  endfacet
  facet normal 0 -0 -1
    outer loop
      vertex -24.9465 1.63508 0
      vertex -24.9465 -1.63508 0
      vertex -25 0 0
    endloop
  endfacet
  facet normal 0.956956 0.290233 0
    outer loop
      vertex 24.1481 6.47048 1.6
      vertex 23.6733 8.03599 0
      vertex 23.6733 8.03599 1.6
    endloop
  endfacet
  facet normal 0.956956 0.290233 0
    outer loop
      vertex 23.6733 8.03599 0
      vertex 24.1481 6.47048 1.6
      vertex 24.1481 6.47048 0
    endloop
  endfacet
  facet normal 0.881919 0.4714 0
    outer loop
      vertex 22.4218 11.0572 1.6
      vertex 21.6506 12.5 0
      vertex 21.6506 12.5 1.6
    endloop
  endfacet
  facet normal 0.881919 0.4714 0
    outer loop
      vertex 21.6506 12.5 0
      vertex 22.4218 11.0572 1.6
      vertex 22.4218 11.0572 0
    endloop
  endfacet
  facet normal 0.910855 0.412727 0
    outer loop
      vertex 23.097 9.56709 1.6
      vertex 22.4218 11.0572 0
      vertex 22.4218 11.0572 1.6
    endloop
  endfacet
  facet normal 0.910855 0.412727 0
    outer loop
      vertex 22.4218 11.0572 0
      vertex 23.097 9.56709 1.6
      vertex 23.097 9.56709 0
    endloop
  endfacet
  facet normal 0.290233 0.956956 -0
    outer loop
      vertex 8.03599 23.6733 0
      vertex 6.47048 24.1481 1.6
      vertex 8.03599 23.6733 1.6
    endloop
  endfacet
  facet normal 0.290233 0.956956 0
    outer loop
      vertex 6.47048 24.1481 1.6
      vertex 8.03599 23.6733 0
      vertex 6.47048 24.1481 0
    endloop
  endfacet
  facet normal 0.0980469 0.995182 -0
    outer loop
      vertex 3.26315 24.7861 0
      vertex 1.63508 24.9465 1.6
      vertex 3.26315 24.7861 1.6
    endloop
  endfacet
  facet normal 0.0980469 0.995182 0
    outer loop
      vertex 1.63508 24.9465 1.6
      vertex 3.26315 24.7861 0
      vertex 1.63508 24.9465 0
    endloop
  endfacet
  facet normal 0.412727 0.910855 -0
    outer loop
      vertex 11.0572 22.4218 0
      vertex 9.56709 23.097 1.6
      vertex 11.0572 22.4218 1.6
    endloop
  endfacet
  facet normal 0.412727 0.910855 0
    outer loop
      vertex 9.56709 23.097 1.6
      vertex 11.0572 22.4218 0
      vertex 9.56709 23.097 0
    endloop
  endfacet
  facet normal 0.528058 0.849208 -0
    outer loop
      vertex 13.8893 20.7867 0
      vertex 12.5 21.6506 1.6
      vertex 13.8893 20.7867 1.6
    endloop
  endfacet
  facet normal 0.528058 0.849208 0
    outer loop
      vertex 12.5 21.6506 1.6
      vertex 13.8893 20.7867 0
      vertex 12.5 21.6506 0
    endloop
  endfacet
  facet normal 0.634382 0.77302 -0
    outer loop
      vertex 16.4836 18.796 0
      vertex 15.219 19.8338 1.6
      vertex 16.4836 18.796 1.6
    endloop
  endfacet
  facet normal 0.634382 0.77302 0
    outer loop
      vertex 15.219 19.8338 1.6
      vertex 16.4836 18.796 0
      vertex 15.219 19.8338 0
    endloop
  endfacet
  facet normal 0.683561 0.729894 -0
    outer loop
      vertex 17.6777 17.6777 0
      vertex 16.4836 18.796 1.6
      vertex 17.6777 17.6777 1.6
    endloop
  endfacet
  facet normal 0.683561 0.729894 0
    outer loop
      vertex 16.4836 18.796 1.6
      vertex 17.6777 17.6777 0
      vertex 16.4836 18.796 0
    endloop
  endfacet
  facet normal -0.77302 0.634382 0
    outer loop
      vertex -19.8338 15.219 0
      vertex -18.796 16.4836 1.6
      vertex -18.796 16.4836 0
    endloop
  endfacet
  facet normal -0.77302 0.634382 0
    outer loop
      vertex -18.796 16.4836 1.6
      vertex -19.8338 15.219 0
      vertex -19.8338 15.219 1.6
    endloop
  endfacet
  facet normal -0.910855 0.412727 0
    outer loop
      vertex -23.097 9.56709 0
      vertex -22.4218 11.0572 1.6
      vertex -22.4218 11.0572 0
    endloop
  endfacet
  facet normal -0.910855 0.412727 0
    outer loop
      vertex -22.4218 11.0572 1.6
      vertex -23.097 9.56709 0
      vertex -23.097 9.56709 1.6
    endloop
  endfacet
  facet normal -0.956956 0.290233 0
    outer loop
      vertex -24.1481 6.47048 0
      vertex -23.6733 8.03599 1.6
      vertex -23.6733 8.03599 0
    endloop
  endfacet
  facet normal -0.956956 0.290233 0
    outer loop
      vertex -23.6733 8.03599 1.6
      vertex -24.1481 6.47048 0
      vertex -24.1481 6.47048 1.6
    endloop
  endfacet
  facet normal -0.995182 0.0980469 0
    outer loop
      vertex -24.9465 1.63508 0
      vertex -24.7861 3.26315 1.6
      vertex -24.7861 3.26315 0
    endloop
  endfacet
  facet normal -0.995182 0.0980469 0
    outer loop
      vertex -24.7861 3.26315 1.6
      vertex -24.9465 1.63508 0
      vertex -24.9465 1.63508 1.6
    endloop
  endfacet
  facet normal 0 0 1
    outer loop
      vertex 24.2 0 1.6
      vertex 25 0 1.6
      vertex 24.9465 1.63508 1.6
    endloop
  endfacet
  facet normal 0 0 1
    outer loop
      vertex 24.1482 1.58275 1.6
      vertex 24.9465 1.63508 1.6
      vertex 24.7861 3.26315 1.6
    endloop
  endfacet
  facet normal 0 0 1
    outer loop
      vertex 25 0 1.6
      vertex 24.2 0 1.6
      vertex 24.9465 -1.63508 1.6
    endloop
  endfacet
  facet normal 0 0 1
    outer loop
      vertex 23.993 3.15872 1.6
      vertex 24.7861 3.26315 1.6
      vertex 24.5196 4.87726 1.6
    endloop
  endfacet
  facet normal -0 0 1
    outer loop
      vertex 24.1482 -1.58275 1.6
      vertex 24.9465 -1.63508 1.6
      vertex 24.2 0 1.6
    endloop
  endfacet
  facet normal 0 0 1
    outer loop
      vertex 24.9465 -1.63508 1.6
      vertex 24.1482 -1.58275 1.6
      vertex 24.7861 -3.26315 1.6
    endloop
  endfacet
  facet normal 0 0 1
    outer loop
      vertex 24.9465 1.63508 1.6
      vertex 24.1482 1.58275 1.6
      vertex 24.2 0 1.6
    endloop
  endfacet
  facet normal 0 0 1
    outer loop
      vertex 23.735 4.72118 1.6
      vertex 24.5196 4.87726 1.6
      vertex 24.1481 6.47048 1.6
    endloop
  endfacet
  facet normal 0 0 1
    outer loop
      vertex 24.7861 3.26315 1.6
      vertex 23.993 3.15872 1.6
      vertex 24.1482 1.58275 1.6
    endloop
  endfacet
  facet normal 0 0 1
    outer loop
      vertex 24.5196 4.87726 1.6
      vertex 23.735 4.72118 1.6
      vertex 23.993 3.15872 1.6
    endloop
  endfacet
  facet normal 0 0 1
    outer loop
      vertex 23.3754 6.26341 1.6
      vertex 24.1481 6.47048 1.6
      vertex 23.6733 8.03599 1.6
    endloop
  endfacet
  facet normal 0 0 1
    outer loop
      vertex 24.1481 6.47048 1.6
      vertex 23.3754 6.26341 1.6
      vertex 23.735 4.72118 1.6
    endloop
  endfacet
  facet normal 0 0 1
    outer loop
      vertex 22.9157 7.77882 1.6
      vertex 23.6733 8.03599 1.6
      vertex 23.097 9.56709 1.6
    endloop
  endfacet
  facet normal 0 0 1
    outer loop
      vertex 23.6733 8.03599 1.6
      vertex 22.9157 7.77882 1.6
      vertex 23.3754 6.26341 1.6
    endloop
  endfacet
  facet normal 0 0 1
    outer loop
      vertex 22.3579 9.26093 1.6
      vertex 23.097 9.56709 1.6
      vertex 22.4218 11.0572 1.6
    endloop
  endfacet
  facet normal 0 0 1
    outer loop
      vertex 23.097 9.56709 1.6
      vertex 22.3579 9.26093 1.6
      vertex 22.9157 7.77882 1.6
    endloop
  endfacet
  facet normal 0 0 1
    outer loop
      vertex 22.4218 11.0572 1.6
      vertex 21.7043 10.7034 1.6
      vertex 22.3579 9.26093 1.6
    endloop
  endfacet
  facet normal 0 0 1
    outer loop
      vertex 21.6506 12.5 1.6
      vertex 21.7043 10.7034 1.6
      vertex 22.4218 11.0572 1.6
    endloop
  endfacet
  facet normal 0 0 1
    outer loop
      vertex 21.6506 12.5 1.6
      vertex 20.9578 12.1 1.6
      vertex 21.7043 10.7034 1.6
    endloop
  endfacet
  facet normal 0 0 1
    outer loop
      vertex 20.7867 13.8893 1.6
      vertex 20.9578 12.1 1.6
      vertex 21.6506 12.5 1.6
    endloop
  endfacet
  facet normal 0 0 1
    outer loop
      vertex 20.7867 13.8893 1.6
      vertex 20.1216 13.4448 1.6
      vertex 20.9578 12.1 1.6
    endloop
  endfacet
  facet normal 0 0 1
    outer loop
      vertex 19.8338 15.219 1.6
      vertex 20.1216 13.4448 1.6
      vertex 20.7867 13.8893 1.6
    endloop
  endfacet
  facet normal 0 0 1
    outer loop
      vertex 19.8338 15.219 1.6
      vertex 19.1991 14.732 1.6
      vertex 20.1216 13.4448 1.6
    endloop
  endfacet
  facet normal 0 0 1
    outer loop
      vertex 18.796 16.4836 1.6
      vertex 19.1991 14.732 1.6
      vertex 19.8338 15.219 1.6
    endloop
  endfacet
  facet normal 0 0 1
    outer loop
      vertex 18.796 16.4836 1.6
      vertex 18.1945 15.9562 1.6
      vertex 19.1991 14.732 1.6
    endloop
  endfacet
  facet normal 0 0 1
    outer loop
      vertex 17.6777 17.6777 1.6
      vertex 18.1945 15.9562 1.6
      vertex 18.796 16.4836 1.6
    endloop
  endfacet
  facet normal 0 0 1
    outer loop
      vertex 17.6777 17.6777 1.6
      vertex 17.112 17.112 1.6
      vertex 18.1945 15.9562 1.6
    endloop
  endfacet
  facet normal 0 0 1
    outer loop
      vertex 16.4836 18.796 1.6
      vertex 17.112 17.112 1.6
      vertex 17.6777 17.6777 1.6
    endloop
  endfacet
  facet normal 0 0 1
    outer loop
      vertex 16.4836 18.796 1.6
      vertex 15.9562 18.1945 1.6
      vertex 17.112 17.112 1.6
    endloop
  endfacet
  facet normal 0 0 1
    outer loop
      vertex 15.219 19.8338 1.6
      vertex 15.9562 18.1945 1.6
      vertex 16.4836 18.796 1.6
    endloop
  endfacet
  facet normal 0 0 1
    outer loop
      vertex 15.219 19.8338 1.6
      vertex 14.732 19.1991 1.6
      vertex 15.9562 18.1945 1.6
    endloop
  endfacet
  facet normal 0 0 1
    outer loop
      vertex 13.8893 20.7867 1.6
      vertex 14.732 19.1991 1.6
      vertex 15.219 19.8338 1.6
    endloop
  endfacet
  facet normal 0 0 1
    outer loop
      vertex 13.8893 20.7867 1.6
      vertex 13.4448 20.1216 1.6
      vertex 14.732 19.1991 1.6
    endloop
  endfacet
  facet normal 0 0 1
    outer loop
      vertex 12.5 21.6506 1.6
      vertex 13.4448 20.1216 1.6
      vertex 13.8893 20.7867 1.6
    endloop
  endfacet
  facet normal 0 0 1
    outer loop
      vertex 12.5 21.6506 1.6
      vertex 12.1 20.9578 1.6
      vertex 13.4448 20.1216 1.6
    endloop
  endfacet
  facet normal 0 0 1
    outer loop
      vertex 11.0572 22.4218 1.6
      vertex 12.1 20.9578 1.6
      vertex 12.5 21.6506 1.6
    endloop
  endfacet
  facet normal 0 0 1
    outer loop
      vertex 11.0572 22.4218 1.6
      vertex 10.7034 21.7043 1.6
      vertex 12.1 20.9578 1.6
    endloop
  endfacet
  facet normal 0 0 1
    outer loop
      vertex 9.56709 23.097 1.6
      vertex 10.7034 21.7043 1.6
      vertex 11.0572 22.4218 1.6
    endloop
  endfacet
  facet normal 0 0 1
    outer loop
      vertex 9.56709 23.097 1.6
      vertex 9.26093 22.3579 1.6
      vertex 10.7034 21.7043 1.6
    endloop
  endfacet
  facet normal 0 0 1
    outer loop
      vertex 8.03599 23.6733 1.6
      vertex 9.26093 22.3579 1.6
      vertex 9.56709 23.097 1.6
    endloop
  endfacet
  facet normal 0 0 1
    outer loop
      vertex 8.03599 23.6733 1.6
      vertex 7.77882 22.9157 1.6
      vertex 9.26093 22.3579 1.6
    endloop
  endfacet
  facet normal 0 0 1
    outer loop
      vertex 6.47048 24.1481 1.6
      vertex 7.77882 22.9157 1.6
      vertex 8.03599 23.6733 1.6
    endloop
  endfacet
  facet normal 0 0 1
    outer loop
      vertex 6.47048 24.1481 1.6
      vertex 6.26341 23.3754 1.6
      vertex 7.77882 22.9157 1.6
    endloop
  endfacet
  facet normal 0 0 1
    outer loop
      vertex 4.87726 24.5196 1.6
      vertex 6.26341 23.3754 1.6
      vertex 6.47048 24.1481 1.6
    endloop
  endfacet
  facet normal 0 0 1
    outer loop
      vertex 4.87726 24.5196 1.6
      vertex 4.72118 23.735 1.6
      vertex 6.26341 23.3754 1.6
    endloop
  endfacet
  facet normal 0 0 1
    outer loop
      vertex 3.26315 24.7861 1.6
      vertex 4.72118 23.735 1.6
      vertex 4.87726 24.5196 1.6
    endloop
  endfacet
  facet normal 0 0 1
    outer loop
      vertex 3.26315 24.7861 1.6
      vertex 3.15872 23.993 1.6
      vertex 4.72118 23.735 1.6
    endloop
  endfacet
  facet normal 0 0 1
    outer loop
      vertex 1.63508 24.9465 1.6
      vertex 3.15872 23.993 1.6
      vertex 3.26315 24.7861 1.6
    endloop
  endfacet
  facet normal 0 0 1
    outer loop
      vertex 1.63508 24.9465 1.6
      vertex 1.58275 24.1482 1.6
      vertex 3.15872 23.993 1.6
    endloop
  endfacet
  facet normal 0 0 1
    outer loop
      vertex 0 25 1.6
      vertex 1.58275 24.1482 1.6
      vertex 1.63508 24.9465 1.6
    endloop
  endfacet
  facet normal 0 0 1
    outer loop
      vertex 0 25 1.6
      vertex 0 24.2 1.6
      vertex 1.58275 24.1482 1.6
    endloop
  endfacet
  facet normal 0 0 1
    outer loop
      vertex 0 25 1.6
      vertex -1.58275 24.1482 1.6
      vertex 0 24.2 1.6
    endloop
  endfacet
  facet normal -0 0 1
    outer loop
      vertex -1.63508 24.9465 1.6
      vertex -1.58275 24.1482 1.6
      vertex 0 25 1.6
    endloop
  endfacet
  facet normal 0 0 1
    outer loop
      vertex -1.63508 24.9465 1.6
      vertex -3.15872 23.993 1.6
      vertex -1.58275 24.1482 1.6
    endloop
  endfacet
  facet normal -0 0 1
    outer loop
      vertex -3.26315 24.7861 1.6
      vertex -3.15872 23.993 1.6
      vertex -1.63508 24.9465 1.6
    endloop
  endfacet
  facet normal 0 0 1
    outer loop
      vertex -3.26315 24.7861 1.6
      vertex -4.72118 23.735 1.6
      vertex -3.15872 23.993 1.6
    endloop
  endfacet
  facet normal -0 0 1
    outer loop
      vertex -4.87726 24.5196 1.6
      vertex -4.72118 23.735 1.6
      vertex -3.26315 24.7861 1.6
    endloop
  endfacet
  facet normal 0 0 1
    outer loop
      vertex -4.87726 24.5196 1.6
      vertex -6.26341 23.3754 1.6
      vertex -4.72118 23.735 1.6
    endloop
  endfacet
  facet normal -0 0 1
    outer loop
      vertex -6.47048 24.1481 1.6
      vertex -6.26341 23.3754 1.6
      vertex -4.87726 24.5196 1.6
    endloop
  endfacet
  facet normal 0 0 1
    outer loop
      vertex -6.47048 24.1481 1.6
      vertex -7.77882 22.9157 1.6
      vertex -6.26341 23.3754 1.6
    endloop
  endfacet
  facet normal -0 0 1
    outer loop
      vertex -8.03599 23.6733 1.6
      vertex -7.77882 22.9157 1.6
      vertex -6.47048 24.1481 1.6
    endloop
  endfacet
  facet normal 0 0 1
    outer loop
      vertex -8.03599 23.6733 1.6
      vertex -9.26093 22.3579 1.6
      vertex -7.77882 22.9157 1.6
    endloop
  endfacet
  facet normal -0 0 1
    outer loop
      vertex -9.56709 23.097 1.6
      vertex -9.26093 22.3579 1.6
      vertex -8.03599 23.6733 1.6
    endloop
  endfacet
  facet normal 0 0 1
    outer loop
      vertex -9.56709 23.097 1.6
      vertex -10.7034 21.7043 1.6
      vertex -9.26093 22.3579 1.6
    endloop
  endfacet
  facet normal -0 0 1
    outer loop
      vertex -11.0572 22.4218 1.6
      vertex -10.7034 21.7043 1.6
      vertex -9.56709 23.097 1.6
    endloop
  endfacet
  facet normal 0 0 1
    outer loop
      vertex -11.0572 22.4218 1.6
      vertex -12.1 20.9578 1.6
      vertex -10.7034 21.7043 1.6
    endloop
  endfacet
  facet normal -0 0 1
    outer loop
      vertex -12.5 21.6506 1.6
      vertex -12.1 20.9578 1.6
      vertex -11.0572 22.4218 1.6
    endloop
  endfacet
  facet normal 0 0 1
    outer loop
      vertex -12.5 21.6506 1.6
      vertex -13.4448 20.1216 1.6
      vertex -12.1 20.9578 1.6
    endloop
  endfacet
  facet normal -0 0 1
    outer loop
      vertex -13.8893 20.7867 1.6
      vertex -13.4448 20.1216 1.6
      vertex -12.5 21.6506 1.6
    endloop
  endfacet
  facet normal 0 0 1
    outer loop
      vertex -13.8893 20.7867 1.6
      vertex -14.732 19.1991 1.6
      vertex -13.4448 20.1216 1.6
    endloop
  endfacet
  facet normal -0 0 1
    outer loop
      vertex -15.219 19.8338 1.6
      vertex -14.732 19.1991 1.6
      vertex -13.8893 20.7867 1.6
    endloop
  endfacet
  facet normal 0 0 1
    outer loop
      vertex -15.219 19.8338 1.6
      vertex -15.9562 18.1945 1.6
      vertex -14.732 19.1991 1.6
    endloop
  endfacet
  facet normal -0 0 1
    outer loop
      vertex -16.4836 18.796 1.6
      vertex -15.9562 18.1945 1.6
      vertex -15.219 19.8338 1.6
    endloop
  endfacet
  facet normal 0 0 1
    outer loop
      vertex -16.4836 18.796 1.6
      vertex -17.112 17.112 1.6
      vertex -15.9562 18.1945 1.6
    endloop
  endfacet
  facet normal -0 0 1
    outer loop
      vertex -17.6777 17.6777 1.6
      vertex -17.112 17.112 1.6
      vertex -16.4836 18.796 1.6
    endloop
  endfacet
  facet normal 0 0 1
    outer loop
      vertex -17.6777 17.6777 1.6
      vertex -18.1945 15.9562 1.6
      vertex -17.112 17.112 1.6
    endloop
  endfacet
  facet normal -0 0 1
    outer loop
      vertex -18.796 16.4836 1.6
      vertex -18.1945 15.9562 1.6
      vertex -17.6777 17.6777 1.6
    endloop
  endfacet
  facet normal 0 0 1
    outer loop
      vertex -18.796 16.4836 1.6
      vertex -19.1991 14.732 1.6
      vertex -18.1945 15.9562 1.6
    endloop
  endfacet
  facet normal -0 0 1
    outer loop
      vertex -19.8338 15.219 1.6
      vertex -19.1991 14.732 1.6
      vertex -18.796 16.4836 1.6
    endloop
  endfacet
  facet normal 0 0 1
    outer loop
      vertex -19.8338 15.219 1.6
      vertex -20.1216 13.4448 1.6
      vertex -19.1991 14.732 1.6
    endloop
  endfacet
  facet normal -0 0 1
    outer loop
      vertex -20.7867 13.8893 1.6
      vertex -20.1216 13.4448 1.6
      vertex -19.8338 15.219 1.6
    endloop
  endfacet
  facet normal 0 0 1
    outer loop
      vertex -20.7867 13.8893 1.6
      vertex -20.9578 12.1 1.6
      vertex -20.1216 13.4448 1.6
    endloop
  endfacet
  facet normal -0 0 1
    outer loop
      vertex -21.6506 12.5 1.6
      vertex -20.9578 12.1 1.6
      vertex -20.7867 13.8893 1.6
    endloop
  endfacet
  facet normal 0 0 1
    outer loop
      vertex -21.6506 12.5 1.6
      vertex -21.7043 10.7034 1.6
      vertex -20.9578 12.1 1.6
    endloop
  endfacet
  facet normal -0 0 1
    outer loop
      vertex -22.4218 11.0572 1.6
      vertex -21.7043 10.7034 1.6
      vertex -21.6506 12.5 1.6
    endloop
  endfacet
  facet normal 0 0 1
    outer loop
      vertex -21.7043 10.7034 1.6
      vertex -22.4218 11.0572 1.6
      vertex -22.3579 9.26093 1.6
    endloop
  endfacet
  facet normal -0 0 1
    outer loop
      vertex -23.097 9.56709 1.6
      vertex -22.3579 9.26093 1.6
      vertex -22.4218 11.0572 1.6
    endloop
  endfacet
  facet normal 0 0 1
    outer loop
      vertex -22.3579 9.26093 1.6
      vertex -23.097 9.56709 1.6
      vertex -22.9157 7.77882 1.6
    endloop
  endfacet
  facet normal -0 0 1
    outer loop
      vertex -23.6733 8.03599 1.6
      vertex -22.9157 7.77882 1.6
      vertex -23.097 9.56709 1.6
    endloop
  endfacet
  facet normal 0 0 1
    outer loop
      vertex -22.9157 7.77882 1.6
      vertex -23.6733 8.03599 1.6
      vertex -23.3754 6.26341 1.6
    endloop
  endfacet
  facet normal -0 0 1
    outer loop
      vertex -24.1481 6.47048 1.6
      vertex -23.3754 6.26341 1.6
      vertex -23.6733 8.03599 1.6
    endloop
  endfacet
  facet normal 0 0 1
    outer loop
      vertex -23.3754 6.26341 1.6
      vertex -24.1481 6.47048 1.6
      vertex -23.735 4.72118 1.6
    endloop
  endfacet
  facet normal -0 0 1
    outer loop
      vertex -24.5196 4.87726 1.6
      vertex -23.735 4.72118 1.6
      vertex -24.1481 6.47048 1.6
    endloop
  endfacet
  facet normal 0 0 1
    outer loop
      vertex -23.735 4.72118 1.6
      vertex -24.5196 4.87726 1.6
      vertex -23.993 3.15872 1.6
    endloop
  endfacet
  facet normal -0 0 1
    outer loop
      vertex -24.7861 3.26315 1.6
      vertex -23.993 3.15872 1.6
      vertex -24.5196 4.87726 1.6
    endloop
  endfacet
  facet normal 0 0 1
    outer loop
      vertex -23.993 3.15872 1.6
      vertex -24.7861 3.26315 1.6
      vertex -24.1482 1.58275 1.6
    endloop
  endfacet
  facet normal -0 0 1
    outer loop
      vertex 23.993 -3.15872 1.6
      vertex 24.7861 -3.26315 1.6
      vertex 24.1482 -1.58275 1.6
    endloop
  endfacet
  facet normal 0 0 1
    outer loop
      vertex 24.7861 -3.26315 1.6
      vertex 23.993 -3.15872 1.6
      vertex 24.5196 -4.87726 1.6
    endloop
  endfacet
  facet normal -0 0 1
    outer loop
      vertex 23.735 -4.72118 1.6
      vertex 24.5196 -4.87726 1.6
      vertex 23.993 -3.15872 1.6
    endloop
  endfacet
  facet normal 0 0 1
    outer loop
      vertex 24.5196 -4.87726 1.6
      vertex 23.735 -4.72118 1.6
      vertex 24.1481 -6.47048 1.6
    endloop
  endfacet
  facet normal -0 0 1
    outer loop
      vertex 23.3754 -6.26341 1.6
      vertex 24.1481 -6.47048 1.6
      vertex 23.735 -4.72118 1.6
    endloop
  endfacet
  facet normal 0 0 1
    outer loop
      vertex 24.1481 -6.47048 1.6
      vertex 23.3754 -6.26341 1.6
      vertex 23.6733 -8.03599 1.6
    endloop
  endfacet
  facet normal -0 0 1
    outer loop
      vertex 22.9157 -7.77882 1.6
      vertex 23.6733 -8.03599 1.6
      vertex 23.3754 -6.26341 1.6
    endloop
  endfacet
  facet normal 0 0 1
    outer loop
      vertex 23.6733 -8.03599 1.6
      vertex 22.9157 -7.77882 1.6
      vertex 23.097 -9.56709 1.6
    endloop
  endfacet
  facet normal -0 0 1
    outer loop
      vertex 22.3579 -9.26093 1.6
      vertex 23.097 -9.56709 1.6
      vertex 22.9157 -7.77882 1.6
    endloop
  endfacet
  facet normal 0 0 1
    outer loop
      vertex 23.097 -9.56709 1.6
      vertex 22.3579 -9.26093 1.6
      vertex 22.4218 -11.0572 1.6
    endloop
  endfacet
  facet normal -0 0 1
    outer loop
      vertex 21.7043 -10.7034 1.6
      vertex 22.4218 -11.0572 1.6
      vertex 22.3579 -9.26093 1.6
    endloop
  endfacet
  facet normal 0 0 1
    outer loop
      vertex 21.7043 -10.7034 1.6
      vertex 21.6506 -12.5 1.6
      vertex 22.4218 -11.0572 1.6
    endloop
  endfacet
  facet normal -0 0 1
    outer loop
      vertex 20.9578 -12.1 1.6
      vertex 21.6506 -12.5 1.6
      vertex 21.7043 -10.7034 1.6
    endloop
  endfacet
  facet normal 0 0 1
    outer loop
      vertex 20.9578 -12.1 1.6
      vertex 20.7867 -13.8893 1.6
      vertex 21.6506 -12.5 1.6
    endloop
  endfacet
  facet normal -0 0 1
    outer loop
      vertex 20.1216 -13.4448 1.6
      vertex 20.7867 -13.8893 1.6
      vertex 20.9578 -12.1 1.6
    endloop
  endfacet
  facet normal 0 0 1
    outer loop
      vertex 20.1216 -13.4448 1.6
      vertex 19.8338 -15.219 1.6
      vertex 20.7867 -13.8893 1.6
    endloop
  endfacet
  facet normal -0 0 1
    outer loop
      vertex 19.1991 -14.732 1.6
      vertex 19.8338 -15.219 1.6
      vertex 20.1216 -13.4448 1.6
    endloop
  endfacet
  facet normal 0 0 1
    outer loop
      vertex 19.1991 -14.732 1.6
      vertex 18.796 -16.4836 1.6
      vertex 19.8338 -15.219 1.6
    endloop
  endfacet
  facet normal -0 0 1
    outer loop
      vertex 18.1945 -15.9562 1.6
      vertex 18.796 -16.4836 1.6
      vertex 19.1991 -14.732 1.6
    endloop
  endfacet
  facet normal 0 0 1
    outer loop
      vertex 18.1945 -15.9562 1.6
      vertex 17.6777 -17.6777 1.6
      vertex 18.796 -16.4836 1.6
    endloop
  endfacet
  facet normal -0 0 1
    outer loop
      vertex 17.112 -17.112 1.6
      vertex 17.6777 -17.6777 1.6
      vertex 18.1945 -15.9562 1.6
    endloop
  endfacet
  facet normal 0 0 1
    outer loop
      vertex 17.112 -17.112 1.6
      vertex 16.4836 -18.796 1.6
      vertex 17.6777 -17.6777 1.6
    endloop
  endfacet
  facet normal -0 0 1
    outer loop
      vertex 15.9562 -18.1945 1.6
      vertex 16.4836 -18.796 1.6
      vertex 17.112 -17.112 1.6
    endloop
  endfacet
  facet normal 0 0 1
    outer loop
      vertex 15.9562 -18.1945 1.6
      vertex 15.219 -19.8338 1.6
      vertex 16.4836 -18.796 1.6
    endloop
  endfacet
  facet normal -0 0 1
    outer loop
      vertex 14.732 -19.1991 1.6
      vertex 15.219 -19.8338 1.6
      vertex 15.9562 -18.1945 1.6
    endloop
  endfacet
  facet normal 0 0 1
    outer loop
      vertex 14.732 -19.1991 1.6
      vertex 13.8893 -20.7867 1.6
      vertex 15.219 -19.8338 1.6
    endloop
  endfacet
  facet normal -0 0 1
    outer loop
      vertex 13.4448 -20.1216 1.6
      vertex 13.8893 -20.7867 1.6
      vertex 14.732 -19.1991 1.6
    endloop
  endfacet
  facet normal 0 0 1
    outer loop
      vertex 13.4448 -20.1216 1.6
      vertex 12.5 -21.6506 1.6
      vertex 13.8893 -20.7867 1.6
    endloop
  endfacet
  facet normal -0 0 1
    outer loop
      vertex 12.1 -20.9578 1.6
      vertex 12.5 -21.6506 1.6
      vertex 13.4448 -20.1216 1.6
    endloop
  endfacet
  facet normal 0 0 1
    outer loop
      vertex 12.1 -20.9578 1.6
      vertex 11.0572 -22.4218 1.6
      vertex 12.5 -21.6506 1.6
    endloop
  endfacet
  facet normal -0 0 1
    outer loop
      vertex 10.7034 -21.7043 1.6
      vertex 11.0572 -22.4218 1.6
      vertex 12.1 -20.9578 1.6
    endloop
  endfacet
  facet normal 0 0 1
    outer loop
      vertex 10.7034 -21.7043 1.6
      vertex 9.56709 -23.097 1.6
      vertex 11.0572 -22.4218 1.6
    endloop
  endfacet
  facet normal -0 0 1
    outer loop
      vertex 9.26093 -22.3579 1.6
      vertex 9.56709 -23.097 1.6
      vertex 10.7034 -21.7043 1.6
    endloop
  endfacet
  facet normal 0 0 1
    outer loop
      vertex 9.26093 -22.3579 1.6
      vertex 8.03599 -23.6733 1.6
      vertex 9.56709 -23.097 1.6
    endloop
  endfacet
  facet normal -0 0 1
    outer loop
      vertex 7.77882 -22.9157 1.6
      vertex 8.03599 -23.6733 1.6
      vertex 9.26093 -22.3579 1.6
    endloop
  endfacet
  facet normal 0 0 1
    outer loop
      vertex 7.77882 -22.9157 1.6
      vertex 6.47048 -24.1481 1.6
      vertex 8.03599 -23.6733 1.6
    endloop
  endfacet
  facet normal -0 0 1
    outer loop
      vertex 6.26341 -23.3754 1.6
      vertex 6.47048 -24.1481 1.6
      vertex 7.77882 -22.9157 1.6
    endloop
  endfacet
  facet normal 0 0 1
    outer loop
      vertex 6.26341 -23.3754 1.6
      vertex 4.87726 -24.5196 1.6
      vertex 6.47048 -24.1481 1.6
    endloop
  endfacet
  facet normal -0 0 1
    outer loop
      vertex 4.72118 -23.735 1.6
      vertex 4.87726 -24.5196 1.6
      vertex 6.26341 -23.3754 1.6
    endloop
  endfacet
  facet normal 0 0 1
    outer loop
      vertex 4.72118 -23.735 1.6
      vertex 3.26315 -24.7861 1.6
      vertex 4.87726 -24.5196 1.6
    endloop
  endfacet
  facet normal -0 0 1
    outer loop
      vertex 3.15872 -23.993 1.6
      vertex 3.26315 -24.7861 1.6
      vertex 4.72118 -23.735 1.6
    endloop
  endfacet
  facet normal 0 0 1
    outer loop
      vertex 3.15872 -23.993 1.6
      vertex 1.63508 -24.9465 1.6
      vertex 3.26315 -24.7861 1.6
    endloop
  endfacet
  facet normal -0 0 1
    outer loop
      vertex 1.58275 -24.1482 1.6
      vertex 1.63508 -24.9465 1.6
      vertex 3.15872 -23.993 1.6
    endloop
  endfacet
  facet normal -0 0 1
    outer loop
      vertex 0 -24.2 1.6
      vertex 1.63508 -24.9465 1.6
      vertex 1.58275 -24.1482 1.6
    endloop
  endfacet
  facet normal 0 0 1
    outer loop
      vertex 0 -24.2 1.6
      vertex 0 -25 1.6
      vertex 1.63508 -24.9465 1.6
    endloop
  endfacet
  facet normal 0 0 1
    outer loop
      vertex -1.58275 -24.1482 1.6
      vertex 0 -25 1.6
      vertex 0 -24.2 1.6
    endloop
  endfacet
  facet normal 0 0 1
    outer loop
      vertex -1.58275 -24.1482 1.6
      vertex -1.63508 -24.9465 1.6
      vertex 0 -25 1.6
    endloop
  endfacet
  facet normal 0 0 1
    outer loop
      vertex -3.15872 -23.993 1.6
      vertex -1.63508 -24.9465 1.6
      vertex -1.58275 -24.1482 1.6
    endloop
  endfacet
  facet normal 0 0 1
    outer loop
      vertex -3.15872 -23.993 1.6
      vertex -3.26315 -24.7861 1.6
      vertex -1.63508 -24.9465 1.6
    endloop
  endfacet
  facet normal 0 0 1
    outer loop
      vertex -4.72118 -23.735 1.6
      vertex -3.26315 -24.7861 1.6
      vertex -3.15872 -23.993 1.6
    endloop
  endfacet
  facet normal 0 0 1
    outer loop
      vertex -4.72118 -23.735 1.6
      vertex -4.87726 -24.5196 1.6
      vertex -3.26315 -24.7861 1.6
    endloop
  endfacet
  facet normal 0 0 1
    outer loop
      vertex -6.26341 -23.3754 1.6
      vertex -4.87726 -24.5196 1.6
      vertex -4.72118 -23.735 1.6
    endloop
  endfacet
  facet normal 0 0 1
    outer loop
      vertex -6.26341 -23.3754 1.6
      vertex -6.47048 -24.1481 1.6
      vertex -4.87726 -24.5196 1.6
    endloop
  endfacet
  facet normal 0 0 1
    outer loop
      vertex -7.77882 -22.9157 1.6
      vertex -6.47048 -24.1481 1.6
      vertex -6.26341 -23.3754 1.6
    endloop
  endfacet
  facet normal 0 0 1
    outer loop
      vertex -7.77882 -22.9157 1.6
      vertex -8.03599 -23.6733 1.6
      vertex -6.47048 -24.1481 1.6
    endloop
  endfacet
  facet normal 0 0 1
    outer loop
      vertex -9.26093 -22.3579 1.6
      vertex -8.03599 -23.6733 1.6
      vertex -7.77882 -22.9157 1.6
    endloop
  endfacet
  facet normal 0 0 1
    outer loop
      vertex -9.26093 -22.3579 1.6
      vertex -9.56709 -23.097 1.6
      vertex -8.03599 -23.6733 1.6
    endloop
  endfacet
  facet normal 0 0 1
    outer loop
      vertex -10.7034 -21.7043 1.6
      vertex -9.56709 -23.097 1.6
      vertex -9.26093 -22.3579 1.6
    endloop
  endfacet
  facet normal 0 0 1
    outer loop
      vertex -10.7034 -21.7043 1.6
      vertex -11.0572 -22.4218 1.6
      vertex -9.56709 -23.097 1.6
    endloop
  endfacet
  facet normal 0 0 1
    outer loop
      vertex -12.1 -20.9578 1.6
      vertex -11.0572 -22.4218 1.6
      vertex -10.7034 -21.7043 1.6
    endloop
  endfacet
  facet normal 0 0 1
    outer loop
      vertex -12.1 -20.9578 1.6
      vertex -12.5 -21.6506 1.6
      vertex -11.0572 -22.4218 1.6
    endloop
  endfacet
  facet normal 0 0 1
    outer loop
      vertex -13.4448 -20.1216 1.6
      vertex -12.5 -21.6506 1.6
      vertex -12.1 -20.9578 1.6
    endloop
  endfacet
  facet normal 0 0 1
    outer loop
      vertex -13.4448 -20.1216 1.6
      vertex -13.8893 -20.7867 1.6
      vertex -12.5 -21.6506 1.6
    endloop
  endfacet
  facet normal 0 0 1
    outer loop
      vertex -14.732 -19.1991 1.6
      vertex -13.8893 -20.7867 1.6
      vertex -13.4448 -20.1216 1.6
    endloop
  endfacet
  facet normal 0 0 1
    outer loop
      vertex -14.732 -19.1991 1.6
      vertex -15.219 -19.8338 1.6
      vertex -13.8893 -20.7867 1.6
    endloop
  endfacet
  facet normal 0 0 1
    outer loop
      vertex -15.9562 -18.1945 1.6
      vertex -15.219 -19.8338 1.6
      vertex -14.732 -19.1991 1.6
    endloop
  endfacet
  facet normal 0 0 1
    outer loop
      vertex -15.9562 -18.1945 1.6
      vertex -16.4836 -18.796 1.6
      vertex -15.219 -19.8338 1.6
    endloop
  endfacet
  facet normal 0 0 1
    outer loop
      vertex -17.112 -17.112 1.6
      vertex -16.4836 -18.796 1.6
      vertex -15.9562 -18.1945 1.6
    endloop
  endfacet
  facet normal 0 0 1
    outer loop
      vertex -17.112 -17.112 1.6
      vertex -17.6777 -17.6777 1.6
      vertex -16.4836 -18.796 1.6
    endloop
  endfacet
  facet normal 0 0 1
    outer loop
      vertex -18.1945 -15.9562 1.6
      vertex -17.6777 -17.6777 1.6
      vertex -17.112 -17.112 1.6
    endloop
  endfacet
  facet normal 0 0 1
    outer loop
      vertex -18.1945 -15.9562 1.6
      vertex -18.796 -16.4836 1.6
      vertex -17.6777 -17.6777 1.6
    endloop
  endfacet
  facet normal 0 0 1
    outer loop
      vertex -19.1991 -14.732 1.6
      vertex -18.796 -16.4836 1.6
      vertex -18.1945 -15.9562 1.6
    endloop
  endfacet
  facet normal 0 0 1
    outer loop
      vertex -19.1991 -14.732 1.6
      vertex -19.8338 -15.219 1.6
      vertex -18.796 -16.4836 1.6
    endloop
  endfacet
  facet normal 0 0 1
    outer loop
      vertex -20.1216 -13.4448 1.6
      vertex -19.8338 -15.219 1.6
      vertex -19.1991 -14.732 1.6
    endloop
  endfacet
  facet normal 0 0 1
    outer loop
      vertex -20.1216 -13.4448 1.6
      vertex -20.7867 -13.8893 1.6
      vertex -19.8338 -15.219 1.6
    endloop
  endfacet
  facet normal 0 0 1
    outer loop
      vertex -20.9578 -12.1 1.6
      vertex -20.7867 -13.8893 1.6
      vertex -20.1216 -13.4448 1.6
    endloop
  endfacet
  facet normal 0 0 1
    outer loop
      vertex -20.9578 -12.1 1.6
      vertex -21.6506 -12.5 1.6
      vertex -20.7867 -13.8893 1.6
    endloop
  endfacet
  facet normal 0 0 1
    outer loop
      vertex -21.7043 -10.7034 1.6
      vertex -21.6506 -12.5 1.6
      vertex -20.9578 -12.1 1.6
    endloop
  endfacet
  facet normal 0 0 1
    outer loop
      vertex -22.4218 -11.0572 1.6
      vertex -21.7043 -10.7034 1.6
      vertex -22.3579 -9.26093 1.6
    endloop
  endfacet
  facet normal 0 0 1
    outer loop
      vertex -21.7043 -10.7034 1.6
      vertex -22.4218 -11.0572 1.6
      vertex -21.6506 -12.5 1.6
    endloop
  endfacet
  facet normal 0 0 1
    outer loop
      vertex -23.097 -9.56709 1.6
      vertex -22.3579 -9.26093 1.6
      vertex -22.9157 -7.77882 1.6
    endloop
  endfacet
  facet normal 0 0 1
    outer loop
      vertex -22.3579 -9.26093 1.6
      vertex -23.097 -9.56709 1.6
      vertex -22.4218 -11.0572 1.6
    endloop
  endfacet
  facet normal 0 0 1
    outer loop
      vertex -23.6733 -8.03599 1.6
      vertex -22.9157 -7.77882 1.6
      vertex -23.3754 -6.26341 1.6
    endloop
  endfacet
  facet normal 0 0 1
    outer loop
      vertex -22.9157 -7.77882 1.6
      vertex -23.6733 -8.03599 1.6
      vertex -23.097 -9.56709 1.6
    endloop
  endfacet
  facet normal 0 0 1
    outer loop
      vertex -24.1481 -6.47048 1.6
      vertex -23.3754 -6.26341 1.6
      vertex -23.735 -4.72118 1.6
    endloop
  endfacet
  facet normal 0 0 1
    outer loop
      vertex -24.5196 -4.87726 1.6
      vertex -23.735 -4.72118 1.6
      vertex -23.993 -3.15872 1.6
    endloop
  endfacet
  facet normal 0 0 1
    outer loop
      vertex -23.3754 -6.26341 1.6
      vertex -24.1481 -6.47048 1.6
      vertex -23.6733 -8.03599 1.6
    endloop
  endfacet
  facet normal 0 0 1
    outer loop
      vertex -24.7861 -3.26315 1.6
      vertex -23.993 -3.15872 1.6
      vertex -24.1482 -1.58275 1.6
    endloop
  endfacet
  facet normal 0 0 1
    outer loop
      vertex -24.9465 -1.63508 1.6
      vertex -24.1482 -1.58275 1.6
      vertex -24.2 0 1.6
    endloop
  endfacet
  facet normal -0 0 1
    outer loop
      vertex -24.9465 1.63508 1.6
      vertex -24.1482 1.58275 1.6
      vertex -24.7861 3.26315 1.6
    endloop
  endfacet
  facet normal 0 0 1
    outer loop
      vertex -23.735 -4.72118 1.6
      vertex -24.5196 -4.87726 1.6
      vertex -24.1481 -6.47048 1.6
    endloop
  endfacet
  facet normal 0 0 1
    outer loop
      vertex -24.1482 1.58275 1.6
      vertex -24.9465 1.63508 1.6
      vertex -24.2 0 1.6
    endloop
  endfacet
  facet normal 0 0 1
    outer loop
      vertex -23.993 -3.15872 1.6
      vertex -24.7861 -3.26315 1.6
      vertex -24.5196 -4.87726 1.6
    endloop
  endfacet
  facet normal 0 0 1
    outer loop
      vertex -25 0 1.6
      vertex -24.2 0 1.6
      vertex -24.9465 1.63508 1.6
    endloop
  endfacet
  facet normal 0 0 1
    outer loop
      vertex -24.1482 -1.58275 1.6
      vertex -24.9465 -1.63508 1.6
      vertex -24.7861 -3.26315 1.6
    endloop
  endfacet
  facet normal 0 0 1
    outer loop
      vertex -24.2 0 1.6
      vertex -25 0 1.6
      vertex -24.9465 -1.63508 1.6
    endloop
  endfacet
  facet normal 0 0 1
    outer loop
      vertex 14 -5 1.6
      vertex 23.4 0 1.6
      vertex 23.3499 1.53043 1.6
    endloop
  endfacet
  facet normal 0 0 1
    outer loop
      vertex 14 -5 1.6
      vertex 23.3499 1.53043 1.6
      vertex 23.1998 3.05431 1.6
    endloop
  endfacet
  facet normal 0 0 1
    outer loop
      vertex 23.4 0 1.6
      vertex 14 -5 1.6
      vertex 23.3499 -1.53043 1.6
    endloop
  endfacet
  facet normal 0 0 1
    outer loop
      vertex 14 -5 1.6
      vertex 23.1998 3.05431 1.6
      vertex 22.9504 4.56511 1.6
    endloop
  endfacet
  facet normal 0 0 1
    outer loop
      vertex 23.3499 -1.53043 1.6
      vertex 14 -5 1.6
      vertex 23.1998 -3.05431 1.6
    endloop
  endfacet
  facet normal 0 0 1
    outer loop
      vertex 14 -5 1.6
      vertex 22.9504 4.56511 1.6
      vertex 22.6027 6.05635 1.6
    endloop
  endfacet
  facet normal 0 0 1
    outer loop
      vertex 23.1998 -3.05431 1.6
      vertex 14 -5 1.6
      vertex 22.9504 -4.56511 1.6
    endloop
  endfacet
  facet normal 0 0 1
    outer loop
      vertex 14 -5 1.6
      vertex 22.6027 6.05635 1.6
      vertex 22.1582 7.52168 1.6
    endloop
  endfacet
  facet normal 0 0 1
    outer loop
      vertex 22.9504 -4.56511 1.6
      vertex 14 -5 1.6
      vertex 22.6027 -6.05635 1.6
    endloop
  endfacet
  facet normal 0 0 1
    outer loop
      vertex 14 14 1.6
      vertex 22.1582 7.52168 1.6
      vertex 21.6188 8.95479 1.6
    endloop
  endfacet
  facet normal 0 0 1
    outer loop
      vertex 22.6027 -6.05635 1.6
      vertex 14 -5 1.6
      vertex 22.1582 -7.52168 1.6
    endloop
  endfacet
  facet normal 0 0 1
    outer loop
      vertex 14 14 1.6
      vertex 21.6188 8.95479 1.6
      vertex 20.9868 10.3495 1.6
    endloop
  endfacet
  facet normal 0 0 1
    outer loop
      vertex 22.1582 -7.52168 1.6
      vertex 14 -5 1.6
      vertex 21.6188 -8.95479 1.6
    endloop
  endfacet
  facet normal 0 0 1
    outer loop
      vertex 14 14 1.6
      vertex 20.9868 10.3495 1.6
      vertex 20.265 11.7 1.6
    endloop
  endfacet
  facet normal 0 0 1
    outer loop
      vertex 21.6188 -8.95479 1.6
      vertex 14 -5 1.6
      vertex 20.9868 -10.3495 1.6
    endloop
  endfacet
  facet normal 0 0 1
    outer loop
      vertex 14 14 1.6
      vertex 20.265 11.7 1.6
      vertex 19.4564 13.0003 1.6
    endloop
  endfacet
  facet normal 0 0 1
    outer loop
      vertex 20.9868 -10.3495 1.6
      vertex 14 -5 1.6
      vertex 20.265 -11.7 1.6
    endloop
  endfacet
  facet normal -0 0 1
    outer loop
      vertex 14 14 1.6
      vertex 19.4564 13.0003 1.6
      vertex 18.5645 14.245 1.6
    endloop
  endfacet
  facet normal 0 0 1
    outer loop
      vertex 20.265 -11.7 1.6
      vertex 14 -5 1.6
      vertex 19.4564 -13.0003 1.6
    endloop
  endfacet
  facet normal 0 0 1
    outer loop
      vertex 14 14 1.6
      vertex 18.5645 14.245 1.6
      vertex 17.593 15.4287 1.6
    endloop
  endfacet
  facet normal 0 0 1
    outer loop
      vertex 19.4564 -13.0003 1.6
      vertex 14 -5 1.6
      vertex 18.5645 -14.245 1.6
    endloop
  endfacet
  facet normal 0 0 1
    outer loop
      vertex 14 14 1.6
      vertex 17.593 15.4287 1.6
      vertex 16.5463 16.5463 1.6
    endloop
  endfacet
  facet normal 0 0 1
    outer loop
      vertex 18.5645 -14.245 1.6
      vertex 14 -5 1.6
      vertex 17.593 -15.4287 1.6
    endloop
  endfacet
  facet normal 0 0 1
    outer loop
      vertex 14 14 1.6
      vertex 16.5463 16.5463 1.6
      vertex 15.4287 17.593 1.6
    endloop
  endfacet
  facet normal 0 0 1
    outer loop
      vertex 17.593 -15.4287 1.6
      vertex 14 -5 1.6
      vertex 16.5463 -16.5463 1.6
    endloop
  endfacet
  facet normal 0 0 1
    outer loop
      vertex 11.5 17 1.6
      vertex 15.4287 17.593 1.6
      vertex 14.245 18.5645 1.6
    endloop
  endfacet
  facet normal 0 0 1
    outer loop
      vertex 22.1582 7.52168 1.6
      vertex 14 14 1.6
      vertex 14 -5 1.6
    endloop
  endfacet
  facet normal 0 0 1
    outer loop
      vertex 16.5463 -16.5463 1.6
      vertex 14 -5 1.6
      vertex 15.4287 -17.593 1.6
    endloop
  endfacet
  facet normal 0 0 1
    outer loop
      vertex 11.5 17 1.6
      vertex 14.245 18.5645 1.6
      vertex 13.0003 19.4564 1.6
    endloop
  endfacet
  facet normal 0 0 1
    outer loop
      vertex 11.5 17 1.6
      vertex 13.0003 19.4564 1.6
      vertex 11.7 20.265 1.6
    endloop
  endfacet
  facet normal 0 0 1
    outer loop
      vertex 15.4287 17.593 1.6
      vertex 11.5 17 1.6
      vertex 14 14 1.6
    endloop
  endfacet
  facet normal 0 0 1
    outer loop
      vertex 10.3495 20.9868 1.6
      vertex 11.5 17 1.6
      vertex 11.7 20.265 1.6
    endloop
  endfacet
  facet normal 0 0 1
    outer loop
      vertex 8.95479 21.6188 1.6
      vertex 11.5 17 1.6
      vertex 10.3495 20.9868 1.6
    endloop
  endfacet
  facet normal 0 0 1
    outer loop
      vertex 7.52168 22.1582 1.6
      vertex 11.5 17 1.6
      vertex 8.95479 21.6188 1.6
    endloop
  endfacet
  facet normal 0 0 1
    outer loop
      vertex 6.05635 22.6027 1.6
      vertex 11.5 17 1.6
      vertex 7.52168 22.1582 1.6
    endloop
  endfacet
  facet normal 0 0 1
    outer loop
      vertex 4.56511 22.9504 1.6
      vertex 11.5 17 1.6
      vertex 6.05635 22.6027 1.6
    endloop
  endfacet
  facet normal 0 0 1
    outer loop
      vertex 3.05431 23.1998 1.6
      vertex 11.5 17 1.6
      vertex 4.56511 22.9504 1.6
    endloop
  endfacet
  facet normal 0 0 1
    outer loop
      vertex 1.53043 23.3499 1.6
      vertex 11.5 17 1.6
      vertex 3.05431 23.1998 1.6
    endloop
  endfacet
  facet normal 0 0 1
    outer loop
      vertex 0 23.4 1.6
      vertex 11.5 17 1.6
      vertex 1.53043 23.3499 1.6
    endloop
  endfacet
  facet normal 0 0 1
    outer loop
      vertex -11.5 17 1.6
      vertex 0 23.4 1.6
      vertex -1.53043 23.3499 1.6
    endloop
  endfacet
  facet normal 0 0 1
    outer loop
      vertex -11.5 17 1.6
      vertex -1.53043 23.3499 1.6
      vertex -3.05431 23.1998 1.6
    endloop
  endfacet
  facet normal 0 0 1
    outer loop
      vertex -11.5 17 1.6
      vertex -3.05431 23.1998 1.6
      vertex -4.56511 22.9504 1.6
    endloop
  endfacet
  facet normal 0 0 1
    outer loop
      vertex -11.5 17 1.6
      vertex -4.56511 22.9504 1.6
      vertex -6.05635 22.6027 1.6
    endloop
  endfacet
  facet normal 0 0 1
    outer loop
      vertex -11.5 17 1.6
      vertex -6.05635 22.6027 1.6
      vertex -7.52168 22.1582 1.6
    endloop
  endfacet
  facet normal 0 0 1
    outer loop
      vertex -11.5 17 1.6
      vertex -7.52168 22.1582 1.6
      vertex -8.95479 21.6188 1.6
    endloop
  endfacet
  facet normal 0 0 1
    outer loop
      vertex -11.5 17 1.6
      vertex -8.95479 21.6188 1.6
      vertex -10.3495 20.9868 1.6
    endloop
  endfacet
  facet normal 0 0 1
    outer loop
      vertex 0 23.4 1.6
      vertex -11.5 17 1.6
      vertex 11.5 17 1.6
    endloop
  endfacet
  facet normal -0 0 1
    outer loop
      vertex -11.7 20.265 1.6
      vertex -11.5 17 1.6
      vertex -10.3495 20.9868 1.6
    endloop
  endfacet
  facet normal -0 0 1
    outer loop
      vertex -13.0003 19.4564 1.6
      vertex -11.5 17 1.6
      vertex -11.7 20.265 1.6
    endloop
  endfacet
  facet normal -0 0 1
    outer loop
      vertex -14.245 18.5645 1.6
      vertex -11.5 17 1.6
      vertex -13.0003 19.4564 1.6
    endloop
  endfacet
  facet normal 0 0 1
    outer loop
      vertex -11.5 17 1.6
      vertex -15.4287 17.593 1.6
      vertex -14 14 1.6
    endloop
  endfacet
  facet normal -0 0 1
    outer loop
      vertex -15.4287 17.593 1.6
      vertex -11.5 17 1.6
      vertex -14.245 18.5645 1.6
    endloop
  endfacet
  facet normal 0 0 1
    outer loop
      vertex 15.4287 -17.593 1.6
      vertex 14 -5 1.6
      vertex 14.245 -18.5645 1.6
    endloop
  endfacet
  facet normal 0 0 1
    outer loop
      vertex 14 -5 1.6
      vertex 13.0003 -19.4564 1.6
      vertex 14.245 -18.5645 1.6
    endloop
  endfacet
  facet normal -0 0 1
    outer loop
      vertex 0 -17 1.6
      vertex 13.0003 -19.4564 1.6
      vertex 14 -5 1.6
    endloop
  endfacet
  facet normal 0 0 1
    outer loop
      vertex 13.0003 -19.4564 1.6
      vertex 0 -17 1.6
      vertex 11.7 -20.265 1.6
    endloop
  endfacet
  facet normal 0 0 1
    outer loop
      vertex 11.7 -20.265 1.6
      vertex 0 -17 1.6
      vertex 10.3495 -20.9868 1.6
    endloop
  endfacet
  facet normal 0 0 1
    outer loop
      vertex 10.3495 -20.9868 1.6
      vertex 0 -17 1.6
      vertex 8.95479 -21.6188 1.6
    endloop
  endfacet
  facet normal 0 0 1
    outer loop
      vertex 8.95479 -21.6188 1.6
      vertex 0 -17 1.6
      vertex 7.52168 -22.1582 1.6
    endloop
  endfacet
  facet normal 0 0 1
    outer loop
      vertex 7.52168 -22.1582 1.6
      vertex 0 -17 1.6
      vertex 6.05635 -22.6027 1.6
    endloop
  endfacet
  facet normal 0 0 1
    outer loop
      vertex 6.05635 -22.6027 1.6
      vertex 0 -17 1.6
      vertex 4.56511 -22.9504 1.6
    endloop
  endfacet
  facet normal 0 0 1
    outer loop
      vertex 4.56511 -22.9504 1.6
      vertex 0 -17 1.6
      vertex 3.05431 -23.1998 1.6
    endloop
  endfacet
  facet normal 0 0 1
    outer loop
      vertex 3.05431 -23.1998 1.6
      vertex 0 -17 1.6
      vertex 1.53043 -23.3499 1.6
    endloop
  endfacet
  facet normal 0 0 1
    outer loop
      vertex 0 -17 1.6
      vertex 0 -23.4 1.6
      vertex 1.53043 -23.3499 1.6
    endloop
  endfacet
  facet normal 0 0 1
    outer loop
      vertex 0 -17 1.6
      vertex -1.53043 -23.3499 1.6
      vertex 0 -23.4 1.6
    endloop
  endfacet
  facet normal 0 0 1
    outer loop
      vertex 0 -17 1.6
      vertex -3.05431 -23.1998 1.6
      vertex -1.53043 -23.3499 1.6
    endloop
  endfacet
  facet normal 0 0 1
    outer loop
      vertex 0 -17 1.6
      vertex -4.56511 -22.9504 1.6
      vertex -3.05431 -23.1998 1.6
    endloop
  endfacet
  facet normal 0 0 1
    outer loop
      vertex 0 -17 1.6
      vertex -6.05635 -22.6027 1.6
      vertex -4.56511 -22.9504 1.6
    endloop
  endfacet
  facet normal 0 0 1
    outer loop
      vertex 0 -17 1.6
      vertex -7.52168 -22.1582 1.6
      vertex -6.05635 -22.6027 1.6
    endloop
  endfacet
  facet normal 0 0 1
    outer loop
      vertex 0 -17 1.6
      vertex -8.95479 -21.6188 1.6
      vertex -7.52168 -22.1582 1.6
    endloop
  endfacet
  facet normal 0 0 1
    outer loop
      vertex 0 -17 1.6
      vertex -10.3495 -20.9868 1.6
      vertex -8.95479 -21.6188 1.6
    endloop
  endfacet
  facet normal 0 0 1
    outer loop
      vertex 0 -17 1.6
      vertex -11.7 -20.265 1.6
      vertex -10.3495 -20.9868 1.6
    endloop
  endfacet
  facet normal 0 0 1
    outer loop
      vertex 0 -17 1.6
      vertex -13.0003 -19.4564 1.6
      vertex -11.7 -20.265 1.6
    endloop
  endfacet
  facet normal 0 0 1
    outer loop
      vertex -14 -5 1.6
      vertex -13.0003 -19.4564 1.6
      vertex 0 -17 1.6
    endloop
  endfacet
  facet normal 0 0 1
    outer loop
      vertex -14 -5 1.6
      vertex -14.245 -18.5645 1.6
      vertex -13.0003 -19.4564 1.6
    endloop
  endfacet
  facet normal -0 0 1
    outer loop
      vertex -16.5463 16.5463 1.6
      vertex -14 14 1.6
      vertex -15.4287 17.593 1.6
    endloop
  endfacet
  facet normal -0 0 1
    outer loop
      vertex -17.593 15.4287 1.6
      vertex -14 14 1.6
      vertex -16.5463 16.5463 1.6
    endloop
  endfacet
  facet normal 0 0 1
    outer loop
      vertex -14 -5 1.6
      vertex -15.4287 -17.593 1.6
      vertex -14.245 -18.5645 1.6
    endloop
  endfacet
  facet normal -0 0 1
    outer loop
      vertex -18.5645 14.245 1.6
      vertex -14 14 1.6
      vertex -17.593 15.4287 1.6
    endloop
  endfacet
  facet normal 0 0 1
    outer loop
      vertex -14 -5 1.6
      vertex -16.5463 -16.5463 1.6
      vertex -15.4287 -17.593 1.6
    endloop
  endfacet
  facet normal 0 0 1
    outer loop
      vertex -19.4564 13.0003 1.6
      vertex -14 14 1.6
      vertex -18.5645 14.245 1.6
    endloop
  endfacet
  facet normal 0 0 1
    outer loop
      vertex -14 -5 1.6
      vertex -17.593 -15.4287 1.6
      vertex -16.5463 -16.5463 1.6
    endloop
  endfacet
  facet normal 0 0 1
    outer loop
      vertex -20.265 11.7 1.6
      vertex -14 14 1.6
      vertex -19.4564 13.0003 1.6
    endloop
  endfacet
  facet normal 0 0 1
    outer loop
      vertex -14 -5 1.6
      vertex -18.5645 -14.245 1.6
      vertex -17.593 -15.4287 1.6
    endloop
  endfacet
  facet normal 0 0 1
    outer loop
      vertex -20.9868 10.3495 1.6
      vertex -14 14 1.6
      vertex -20.265 11.7 1.6
    endloop
  endfacet
  facet normal 0 0 1
    outer loop
      vertex -14 -5 1.6
      vertex -19.4564 -13.0003 1.6
      vertex -18.5645 -14.245 1.6
    endloop
  endfacet
  facet normal 0 0 1
    outer loop
      vertex -21.6188 8.95479 1.6
      vertex -14 14 1.6
      vertex -20.9868 10.3495 1.6
    endloop
  endfacet
  facet normal 0 0 1
    outer loop
      vertex -14 -5 1.6
      vertex -20.265 -11.7 1.6
      vertex -19.4564 -13.0003 1.6
    endloop
  endfacet
  facet normal 0 0 1
    outer loop
      vertex -22.1582 7.52168 1.6
      vertex -14 14 1.6
      vertex -21.6188 8.95479 1.6
    endloop
  endfacet
  facet normal 0 0 1
    outer loop
      vertex -14 -5 1.6
      vertex -20.9868 -10.3495 1.6
      vertex -20.265 -11.7 1.6
    endloop
  endfacet
  facet normal 0 0 1
    outer loop
      vertex -14 14 1.6
      vertex -22.1582 7.52168 1.6
      vertex -14 -5 1.6
    endloop
  endfacet
  facet normal 0 0 1
    outer loop
      vertex -14 -5 1.6
      vertex -21.6188 -8.95479 1.6
      vertex -20.9868 -10.3495 1.6
    endloop
  endfacet
  facet normal -0 0 1
    outer loop
      vertex -22.6027 6.05635 1.6
      vertex -14 -5 1.6
      vertex -22.1582 7.52168 1.6
    endloop
  endfacet
  facet normal 0 0 1
    outer loop
      vertex -14 -5 1.6
      vertex -22.1582 -7.52168 1.6
      vertex -21.6188 -8.95479 1.6
    endloop
  endfacet
  facet normal -0 0 1
    outer loop
      vertex -22.9504 4.56511 1.6
      vertex -14 -5 1.6
      vertex -22.6027 6.05635 1.6
    endloop
  endfacet
  facet normal 0 0 1
    outer loop
      vertex -14 -5 1.6
      vertex -22.6027 -6.05635 1.6
      vertex -22.1582 -7.52168 1.6
    endloop
  endfacet
  facet normal -0 0 1
    outer loop
      vertex -23.1998 3.05431 1.6
      vertex -14 -5 1.6
      vertex -22.9504 4.56511 1.6
    endloop
  endfacet
  facet normal 0 0 1
    outer loop
      vertex -14 -5 1.6
      vertex -22.9504 -4.56511 1.6
      vertex -22.6027 -6.05635 1.6
    endloop
  endfacet
  facet normal -0 0 1
    outer loop
      vertex -23.3499 1.53043 1.6
      vertex -14 -5 1.6
      vertex -23.1998 3.05431 1.6
    endloop
  endfacet
  facet normal 0 0 1
    outer loop
      vertex -14 -5 1.6
      vertex -23.1998 -3.05431 1.6
      vertex -22.9504 -4.56511 1.6
    endloop
  endfacet
  facet normal -0 0 1
    outer loop
      vertex -23.4 0 1.6
      vertex -14 -5 1.6
      vertex -23.3499 1.53043 1.6
    endloop
  endfacet
  facet normal 0 0 1
    outer loop
      vertex -14 -5 1.6
      vertex -23.3499 -1.53043 1.6
      vertex -23.1998 -3.05431 1.6
    endloop
  endfacet
  facet normal 0 0 1
    outer loop
      vertex -14 -5 1.6
      vertex -23.4 0 1.6
      vertex -23.3499 -1.53043 1.6
    endloop
  endfacet
  facet normal -0 0 1
    outer loop
      vertex 10.6 0.0999908 1.6
      vertex 12.7 -4.7 1.6
      vertex 12.7 13.5 1.6
    endloop
  endfacet
  facet normal 0 0 1
    outer loop
      vertex 4.59999 6 1.6
      vertex 12.7 13.5 1.6
      vertex 10.8 15.5 1.6
    endloop
  endfacet
  facet normal 0 0 1
    outer loop
      vertex 12.7 -4.7 1.6
      vertex 10.6 0.0999908 1.6
      vertex 10.9828 -6.11977 1.6
    endloop
  endfacet
  facet normal 0 0 1
    outer loop
      vertex 12.7 13.5 1.6
      vertex 7.39999 2.59999 1.6
      vertex 10.6 0.0999908 1.6
    endloop
  endfacet
  facet normal 0 0 1
    outer loop
      vertex 12.7 13.5 1.6
      vertex 4.59999 6 1.6
      vertex 7.39999 2.59999 1.6
    endloop
  endfacet
  facet normal 0 0 1
    outer loop
      vertex 10.8 15.5 1.6
      vertex 2.7 8.2 1.6
      vertex 4.59999 6 1.6
    endloop
  endfacet
  facet normal 0 0 1
    outer loop
      vertex 10.8 15.5 1.6
      vertex -0.199997 9 1.6
      vertex 2.7 8.2 1.6
    endloop
  endfacet
  facet normal -0 0 1
    outer loop
      vertex -10.8 15.5 1.6
      vertex -0.199997 9 1.6
      vertex 10.8 15.5 1.6
    endloop
  endfacet
  facet normal 0 0 1
    outer loop
      vertex -3 7.5 1.6
      vertex -8.59999 4 1.6
      vertex -5.39999 4 1.6
    endloop
  endfacet
  facet normal 0 0 1
    outer loop
      vertex -0.199997 9 1.6
      vertex -10.8 15.5 1.6
      vertex -3 7.5 1.6
    endloop
  endfacet
  facet normal -0 0 1
    outer loop
      vertex -12.7 13.5 1.6
      vertex -3 7.5 1.6
      vertex -10.8 15.5 1.6
    endloop
  endfacet
  facet normal 0 0 1
    outer loop
      vertex -3 7.5 1.6
      vertex -12.7 13.5 1.6
      vertex -8.59999 4 1.6
    endloop
  endfacet
  facet normal 0 0 1
    outer loop
      vertex -8.59999 4 1.6
      vertex -12.7 13.5 1.6
      vertex -12 3.2 1.6
    endloop
  endfacet
  facet normal 0 0 1
    outer loop
      vertex 7.39999 2.59999 1.6
      vertex 4.59999 6 1.6
      vertex 4 4 1.6
    endloop
  endfacet
  facet normal 0 0 1
    outer loop
      vertex -6.2 0 1.6
      vertex -10.1 0.699997 1.6
      vertex -8 -2.09999 1.6
    endloop
  endfacet
  facet normal 0 0 1
    outer loop
      vertex -4.39999 -3.39999 1.6
      vertex -8 -2.09999 1.6
      vertex -5.89999 -6.29999 1.6
    endloop
  endfacet
  facet normal -0 0 1
    outer loop
      vertex 2.59999 -5.09999 1.6
      vertex 10.7563 -6.30696 1.6
      vertex 5.5 -4.29999 1.6
    endloop
  endfacet
  facet normal 0 0 1
    outer loop
      vertex 2.59999 -5.09999 1.6
      vertex 0 -15.2 1.6
      vertex 10.7563 -6.30696 1.6
    endloop
  endfacet
  facet normal 0 0 1
    outer loop
      vertex -2.59999 -7 1.6
      vertex 2.59999 -5.09999 1.6
      vertex 0.199997 -3.79999 1.6
    endloop
  endfacet
  facet normal 0 0 1
    outer loop
      vertex 2.59999 -5.09999 1.6
      vertex -2.59999 -7 1.6
      vertex 0 -15.2 1.6
    endloop
  endfacet
  facet normal 0 0 1
    outer loop
      vertex -5.89999 -6.29999 1.6
      vertex 0 -15.2 1.6
      vertex -2.59999 -7 1.6
    endloop
  endfacet
  facet normal 0 0 1
    outer loop
      vertex -12.7 -4.7 1.6
      vertex -8 -2.09999 1.6
      vertex -10.1 0.699997 1.6
    endloop
  endfacet
  facet normal 0 0 1
    outer loop
      vertex -12.7 -4.7 1.6
      vertex -10.1 0.699997 1.6
      vertex -12 3.2 1.6
    endloop
  endfacet
  facet normal 0 0 1
    outer loop
      vertex -5.89999 -6.29999 1.6
      vertex -12.7 -4.7 1.6
      vertex 0 -15.2 1.6
    endloop
  endfacet
  facet normal 0 0 1
    outer loop
      vertex -8 -2.09999 1.6
      vertex -12.7 -4.7 1.6
      vertex -5.89999 -6.29999 1.6
    endloop
  endfacet
  facet normal 0 0 1
    outer loop
      vertex -12.7 -4.7 1.6
      vertex -12 3.2 1.6
      vertex -12.7 13.5 1.6
    endloop
  endfacet
  facet normal 0 0 1
    outer loop
      vertex 2 1.39999 1.6
      vertex 3.39999 -1.7 1.6
      vertex 5.2 -0.199997 1.6
    endloop
  endfacet
  facet normal 0 0 1
    outer loop
      vertex 2 1.39999 1.6
      vertex -0.199997 -0.599991 1.6
      vertex 3.39999 -1.7 1.6
    endloop
  endfacet
  facet normal 0 0 1
    outer loop
      vertex -2 3 1.6
      vertex -0.199997 -0.599991 1.6
      vertex 2 1.39999 1.6
    endloop
  endfacet
  facet normal 0 0 1
    outer loop
      vertex -2 3 1.6
      vertex -3.5 0 1.6
      vertex -0.199997 -0.599991 1.6
    endloop
  endfacet
  facet normal 0 -0 1
    outer loop
      vertex -3.5 0 1.6
      vertex -2 3 1.6
      vertex -5.59999 2.29999 1.6
    endloop
  endfacet
  facet normal 0 0 1
    outer loop
      vertex -0.47612 6.03433 1.6
      vertex -0.47612 5.96565 1.6
      vertex -0.474991 6 1.6
    endloop
  endfacet
  facet normal 0 0 1
    outer loop
      vertex -0.479477 6.06851 1.6
      vertex -0.47612 5.96565 1.6
      vertex -0.47612 6.03433 1.6
    endloop
  endfacet
  facet normal 0 0 1
    outer loop
      vertex -0.479477 6.06851 1.6
      vertex -0.479477 5.93147 1.6
      vertex -0.47612 5.96565 1.6
    endloop
  endfacet
  facet normal 0 0 1
    outer loop
      vertex -0.485077 6.10242 1.6
      vertex -0.479477 5.93147 1.6
      vertex -0.479477 6.06851 1.6
    endloop
  endfacet
  facet normal 0 0 1
    outer loop
      vertex -0.485077 6.10242 1.6
      vertex -0.485077 5.89757 1.6
      vertex -0.479477 5.93147 1.6
    endloop
  endfacet
  facet normal 0 0 1
    outer loop
      vertex -0.492874 6.13588 1.6
      vertex -0.485077 5.89757 1.6
      vertex -0.485077 6.10242 1.6
    endloop
  endfacet
  facet normal 0 0 1
    outer loop
      vertex -0.492874 6.13588 1.6
      vertex -0.492874 5.86411 1.6
      vertex -0.485077 5.89757 1.6
    endloop
  endfacet
  facet normal 0 0 1
    outer loop
      vertex -0.502853 6.16875 1.6
      vertex -0.492874 5.86411 1.6
      vertex -0.492874 6.13588 1.6
    endloop
  endfacet
  facet normal 0 0 1
    outer loop
      vertex -0.502853 6.16875 1.6
      vertex -0.502853 5.83124 1.6
      vertex -0.492874 5.86411 1.6
    endloop
  endfacet
  facet normal 0 0 1
    outer loop
      vertex -0.514954 6.2009 1.6
      vertex -0.502853 5.83124 1.6
      vertex -0.502853 6.16875 1.6
    endloop
  endfacet
  facet normal 0 0 1
    outer loop
      vertex -0.514954 6.2009 1.6
      vertex -0.514954 5.79909 1.6
      vertex -0.502853 5.83124 1.6
    endloop
  endfacet
  facet normal 0 0 1
    outer loop
      vertex -0.529129 6.23219 1.6
      vertex -0.514954 5.79909 1.6
      vertex -0.514954 6.2009 1.6
    endloop
  endfacet
  facet normal 0 0 1
    outer loop
      vertex -0.529129 6.23219 1.6
      vertex -0.529129 5.76779 1.6
      vertex -0.514954 5.79909 1.6
    endloop
  endfacet
  facet normal 0 0 1
    outer loop
      vertex -0.545334 6.2625 1.6
      vertex -0.529129 5.76779 1.6
      vertex -0.529129 6.23219 1.6
    endloop
  endfacet
  facet normal 0 0 1
    outer loop
      vertex -0.545334 6.2625 1.6
      vertex -0.545334 5.73749 1.6
      vertex -0.529129 5.76779 1.6
    endloop
  endfacet
  facet normal 0 0 1
    outer loop
      vertex -0.563477 6.29167 1.6
      vertex -0.545334 5.73749 1.6
      vertex -0.545334 6.2625 1.6
    endloop
  endfacet
  facet normal 0 0 1
    outer loop
      vertex -0.563477 6.29167 1.6
      vertex -0.563477 5.70831 1.6
      vertex -0.545334 5.73749 1.6
    endloop
  endfacet
  facet normal 0 0 1
    outer loop
      vertex -0.583481 6.3196 1.6
      vertex -0.563477 5.70831 1.6
      vertex -0.563477 6.29167 1.6
    endloop
  endfacet
  facet normal 0 0 1
    outer loop
      vertex -0.583481 6.3196 1.6
      vertex -0.583481 5.68039 1.6
      vertex -0.563477 5.70831 1.6
    endloop
  endfacet
  facet normal 0 0 1
    outer loop
      vertex -0.60527 6.34615 1.6
      vertex -0.583481 5.68039 1.6
      vertex -0.583481 6.3196 1.6
    endloop
  endfacet
  facet normal 0 0 1
    outer loop
      vertex -0.60527 6.34615 1.6
      vertex -0.60527 5.65384 1.6
      vertex -0.583481 5.68039 1.6
    endloop
  endfacet
  facet normal 0 0 1
    outer loop
      vertex -0.628769 6.37122 1.6
      vertex -0.60527 5.65384 1.6
      vertex -0.60527 6.34615 1.6
    endloop
  endfacet
  facet normal 0 0 1
    outer loop
      vertex -0.628769 6.37122 1.6
      vertex -0.628769 5.62877 1.6
      vertex -0.60527 5.65384 1.6
    endloop
  endfacet
  facet normal 0 0 1
    outer loop
      vertex -0.653839 6.39471 1.6
      vertex -0.628769 5.62877 1.6
      vertex -0.628769 6.37122 1.6
    endloop
  endfacet
  facet normal 0 0 1
    outer loop
      vertex -0.653839 6.39471 1.6
      vertex -0.653839 5.60527 1.6
      vertex -0.628769 5.62877 1.6
    endloop
  endfacet
  facet normal 0 0 1
    outer loop
      vertex -0.680389 6.4165 1.6
      vertex -0.653839 5.60527 1.6
      vertex -0.653839 6.39471 1.6
    endloop
  endfacet
  facet normal 0 0 1
    outer loop
      vertex -0.680389 6.4165 1.6
      vertex -0.680389 5.58348 1.6
      vertex -0.653839 5.60527 1.6
    endloop
  endfacet
  facet normal 0 0 1
    outer loop
      vertex -0.708313 6.43651 1.6
      vertex -0.680389 5.58348 1.6
      vertex -0.680389 6.4165 1.6
    endloop
  endfacet
  facet normal 0 0 1
    outer loop
      vertex -0.708313 6.43651 1.6
      vertex -0.708313 5.56348 1.6
      vertex -0.680389 5.58348 1.6
    endloop
  endfacet
  facet normal 0 0 1
    outer loop
      vertex -0.737488 6.45465 1.6
      vertex -0.708313 5.56348 1.6
      vertex -0.708313 6.43651 1.6
    endloop
  endfacet
  facet normal 0 0 1
    outer loop
      vertex -0.737488 6.45465 1.6
      vertex -0.737488 5.54533 1.6
      vertex -0.708313 5.56348 1.6
    endloop
  endfacet
  facet normal 0 0 1
    outer loop
      vertex -0.767792 6.47086 1.6
      vertex -0.737488 5.54533 1.6
      vertex -0.737488 6.45465 1.6
    endloop
  endfacet
  facet normal 0 0 1
    outer loop
      vertex -0.767792 6.47086 1.6
      vertex -0.767792 5.52913 1.6
      vertex -0.737488 5.54533 1.6
    endloop
  endfacet
  facet normal 0 0 1
    outer loop
      vertex -0.799088 6.48503 1.6
      vertex -0.767792 5.52913 1.6
      vertex -0.767792 6.47086 1.6
    endloop
  endfacet
  facet normal 0 0 1
    outer loop
      vertex -0.799088 6.48503 1.6
      vertex -0.799088 5.51495 1.6
      vertex -0.767792 5.52913 1.6
    endloop
  endfacet
  facet normal 0 0 1
    outer loop
      vertex -0.831238 6.49713 1.6
      vertex -0.799088 5.51495 1.6
      vertex -0.799088 6.48503 1.6
    endloop
  endfacet
  facet normal 0 0 1
    outer loop
      vertex -0.831238 6.49713 1.6
      vertex -0.831238 5.50285 1.6
      vertex -0.799088 5.51495 1.6
    endloop
  endfacet
  facet normal 0 0 1
    outer loop
      vertex -0.864105 6.50711 1.6
      vertex -0.831238 5.50285 1.6
      vertex -0.831238 6.49713 1.6
    endloop
  endfacet
  facet normal 0 0 1
    outer loop
      vertex -0.864105 6.50711 1.6
      vertex -0.864105 5.49287 1.6
      vertex -0.831238 5.50285 1.6
    endloop
  endfacet
  facet normal 0 0 1
    outer loop
      vertex -0.897568 6.51491 1.6
      vertex -0.864105 5.49287 1.6
      vertex -0.864105 6.50711 1.6
    endloop
  endfacet
  facet normal 0 0 1
    outer loop
      vertex -0.897568 6.51491 1.6
      vertex -0.897568 5.48508 1.6
      vertex -0.864105 5.49287 1.6
    endloop
  endfacet
  facet normal 0 0 1
    outer loop
      vertex -0.931473 6.52051 1.6
      vertex -0.897568 5.48508 1.6
      vertex -0.897568 6.51491 1.6
    endloop
  endfacet
  facet normal 0 0 1
    outer loop
      vertex -0.931473 6.52051 1.6
      vertex -0.931473 5.47948 1.6
      vertex -0.897568 5.48508 1.6
    endloop
  endfacet
  facet normal 0 0 1
    outer loop
      vertex -0.965652 6.52386 1.6
      vertex -0.931473 5.47948 1.6
      vertex -0.931473 6.52051 1.6
    endloop
  endfacet
  facet normal 0 0 1
    outer loop
      vertex -0.965652 6.52386 1.6
      vertex -0.965652 5.47612 1.6
      vertex -0.931473 5.47948 1.6
    endloop
  endfacet
  facet normal 0 0 1
    outer loop
      vertex -1 6.52499 1.6
      vertex -0.965652 5.47612 1.6
      vertex -0.965652 6.52386 1.6
    endloop
  endfacet
  facet normal 0 0 1
    outer loop
      vertex -1 6.52499 1.6
      vertex -1 5.47499 1.6
      vertex -0.965652 5.47612 1.6
    endloop
  endfacet
  facet normal -0 0 1
    outer loop
      vertex -1.03433 6.52386 1.6
      vertex -1 5.47499 1.6
      vertex -1 6.52499 1.6
    endloop
  endfacet
  facet normal 0 0 1
    outer loop
      vertex -1.03433 6.52386 1.6
      vertex -1.03433 5.47612 1.6
      vertex -1 5.47499 1.6
    endloop
  endfacet
  facet normal -0 0 1
    outer loop
      vertex -1.06851 6.52051 1.6
      vertex -1.03433 5.47612 1.6
      vertex -1.03433 6.52386 1.6
    endloop
  endfacet
  facet normal 0 0 1
    outer loop
      vertex -1.06851 6.52051 1.6
      vertex -1.06851 5.47948 1.6
      vertex -1.03433 5.47612 1.6
    endloop
  endfacet
  facet normal -0 0 1
    outer loop
      vertex -1.10242 6.51491 1.6
      vertex -1.06851 5.47948 1.6
      vertex -1.06851 6.52051 1.6
    endloop
  endfacet
  facet normal 0 0 1
    outer loop
      vertex -1.10242 6.51491 1.6
      vertex -1.10242 5.48508 1.6
      vertex -1.06851 5.47948 1.6
    endloop
  endfacet
  facet normal -0 0 1
    outer loop
      vertex -1.13588 6.50711 1.6
      vertex -1.10242 5.48508 1.6
      vertex -1.10242 6.51491 1.6
    endloop
  endfacet
  facet normal 0 0 1
    outer loop
      vertex -1.13588 6.50711 1.6
      vertex -1.13588 5.49287 1.6
      vertex -1.10242 5.48508 1.6
    endloop
  endfacet
  facet normal -0 0 1
    outer loop
      vertex -1.16875 6.49713 1.6
      vertex -1.13588 5.49287 1.6
      vertex -1.13588 6.50711 1.6
    endloop
  endfacet
  facet normal 0 0 1
    outer loop
      vertex -1.16875 6.49713 1.6
      vertex -1.16875 5.50285 1.6
      vertex -1.13588 5.49287 1.6
    endloop
  endfacet
  facet normal -0 0 1
    outer loop
      vertex -1.2009 6.48503 1.6
      vertex -1.16875 5.50285 1.6
      vertex -1.16875 6.49713 1.6
    endloop
  endfacet
  facet normal 0 0 1
    outer loop
      vertex -1.2009 6.48503 1.6
      vertex -1.2009 5.51495 1.6
      vertex -1.16875 5.50285 1.6
    endloop
  endfacet
  facet normal -0 0 1
    outer loop
      vertex -1.23219 6.47086 1.6
      vertex -1.2009 5.51495 1.6
      vertex -1.2009 6.48503 1.6
    endloop
  endfacet
  facet normal 0 0 1
    outer loop
      vertex -1.23219 6.47086 1.6
      vertex -1.23219 5.52913 1.6
      vertex -1.2009 5.51495 1.6
    endloop
  endfacet
  facet normal -0 0 1
    outer loop
      vertex -1.2625 6.45465 1.6
      vertex -1.23219 5.52913 1.6
      vertex -1.23219 6.47086 1.6
    endloop
  endfacet
  facet normal 0 0 1
    outer loop
      vertex -1.2625 6.45465 1.6
      vertex -1.2625 5.54533 1.6
      vertex -1.23219 5.52913 1.6
    endloop
  endfacet
  facet normal -0 0 1
    outer loop
      vertex -1.29167 6.43651 1.6
      vertex -1.2625 5.54533 1.6
      vertex -1.2625 6.45465 1.6
    endloop
  endfacet
  facet normal 0 0 1
    outer loop
      vertex -1.29167 6.43651 1.6
      vertex -1.29167 5.56348 1.6
      vertex -1.2625 5.54533 1.6
    endloop
  endfacet
  facet normal -0 0 1
    outer loop
      vertex -1.3196 6.4165 1.6
      vertex -1.29167 5.56348 1.6
      vertex -1.29167 6.43651 1.6
    endloop
  endfacet
  facet normal 0 0 1
    outer loop
      vertex -1.3196 6.4165 1.6
      vertex -1.3196 5.58348 1.6
      vertex -1.29167 5.56348 1.6
    endloop
  endfacet
  facet normal -0 0 1
    outer loop
      vertex -1.34615 6.39471 1.6
      vertex -1.3196 5.58348 1.6
      vertex -1.3196 6.4165 1.6
    endloop
  endfacet
  facet normal 0 0 1
    outer loop
      vertex -1.34615 6.39471 1.6
      vertex -1.34615 5.60527 1.6
      vertex -1.3196 5.58348 1.6
    endloop
  endfacet
  facet normal -0 0 1
    outer loop
      vertex -1.37122 6.37122 1.6
      vertex -1.34615 5.60527 1.6
      vertex -1.34615 6.39471 1.6
    endloop
  endfacet
  facet normal 0 0 1
    outer loop
      vertex -1.37122 6.37122 1.6
      vertex -1.37122 5.62877 1.6
      vertex -1.34615 5.60527 1.6
    endloop
  endfacet
  facet normal -0 0 1
    outer loop
      vertex -1.39471 6.34615 1.6
      vertex -1.37122 5.62877 1.6
      vertex -1.37122 6.37122 1.6
    endloop
  endfacet
  facet normal 0 0 1
    outer loop
      vertex -1.39471 6.34615 1.6
      vertex -1.39471 5.65384 1.6
      vertex -1.37122 5.62877 1.6
    endloop
  endfacet
  facet normal -0 0 1
    outer loop
      vertex -1.4165 6.3196 1.6
      vertex -1.39471 5.65384 1.6
      vertex -1.39471 6.34615 1.6
    endloop
  endfacet
  facet normal 0 0 1
    outer loop
      vertex -1.4165 6.3196 1.6
      vertex -1.4165 5.68039 1.6
      vertex -1.39471 5.65384 1.6
    endloop
  endfacet
  facet normal -0 0 1
    outer loop
      vertex -1.43651 6.29167 1.6
      vertex -1.4165 5.68039 1.6
      vertex -1.4165 6.3196 1.6
    endloop
  endfacet
  facet normal 0 0 1
    outer loop
      vertex -1.43651 6.29167 1.6
      vertex -1.43651 5.70831 1.6
      vertex -1.4165 5.68039 1.6
    endloop
  endfacet
  facet normal -0 0 1
    outer loop
      vertex -1.45465 6.2625 1.6
      vertex -1.43651 5.70831 1.6
      vertex -1.43651 6.29167 1.6
    endloop
  endfacet
  facet normal 0 0 1
    outer loop
      vertex -1.45465 6.2625 1.6
      vertex -1.45465 5.73749 1.6
      vertex -1.43651 5.70831 1.6
    endloop
  endfacet
  facet normal -0 0 1
    outer loop
      vertex -1.47086 6.23219 1.6
      vertex -1.45465 5.73749 1.6
      vertex -1.45465 6.2625 1.6
    endloop
  endfacet
  facet normal 0 0 1
    outer loop
      vertex -1.47086 6.23219 1.6
      vertex -1.47086 5.76779 1.6
      vertex -1.45465 5.73749 1.6
    endloop
  endfacet
  facet normal -0 0 1
    outer loop
      vertex -1.48503 6.2009 1.6
      vertex -1.47086 5.76779 1.6
      vertex -1.47086 6.23219 1.6
    endloop
  endfacet
  facet normal 0 0 1
    outer loop
      vertex -1.48503 6.2009 1.6
      vertex -1.48503 5.79909 1.6
      vertex -1.47086 5.76779 1.6
    endloop
  endfacet
  facet normal -0 0 1
    outer loop
      vertex -1.49713 6.16875 1.6
      vertex -1.48503 5.79909 1.6
      vertex -1.48503 6.2009 1.6
    endloop
  endfacet
  facet normal 0 0 1
    outer loop
      vertex -1.49713 6.16875 1.6
      vertex -1.49713 5.83124 1.6
      vertex -1.48503 5.79909 1.6
    endloop
  endfacet
  facet normal -0 0 1
    outer loop
      vertex -1.50711 6.13588 1.6
      vertex -1.49713 5.83124 1.6
      vertex -1.49713 6.16875 1.6
    endloop
  endfacet
  facet normal 0 0 1
    outer loop
      vertex -1.50711 6.13588 1.6
      vertex -1.50711 5.86411 1.6
      vertex -1.49713 5.83124 1.6
    endloop
  endfacet
  facet normal -0 0 1
    outer loop
      vertex -1.51491 6.10242 1.6
      vertex -1.50711 5.86411 1.6
      vertex -1.50711 6.13588 1.6
    endloop
  endfacet
  facet normal 0 0 1
    outer loop
      vertex -1.51491 6.10242 1.6
      vertex -1.51491 5.89757 1.6
      vertex -1.50711 5.86411 1.6
    endloop
  endfacet
  facet normal -0 0 1
    outer loop
      vertex -1.52051 6.06851 1.6
      vertex -1.51491 5.89757 1.6
      vertex -1.51491 6.10242 1.6
    endloop
  endfacet
  facet normal 0 0 1
    outer loop
      vertex -1.52051 6.06851 1.6
      vertex -1.52051 5.93147 1.6
      vertex -1.51491 5.89757 1.6
    endloop
  endfacet
  facet normal -0 0 1
    outer loop
      vertex -1.52386 6.03433 1.6
      vertex -1.52051 5.93147 1.6
      vertex -1.52051 6.06851 1.6
    endloop
  endfacet
  facet normal 0 0 1
    outer loop
      vertex -1.52386 6.03433 1.6
      vertex -1.52386 5.96565 1.6
      vertex -1.52051 5.93147 1.6
    endloop
  endfacet
  facet normal 0 -0 1
    outer loop
      vertex -1.52386 5.96565 1.6
      vertex -1.52386 6.03433 1.6
      vertex -1.52499 6 1.6
    endloop
  endfacet
  facet normal -0.4714 0.881919 0
    outer loop
      vertex -11.0572 22.4218 0
      vertex -12.5 21.6506 1.6
      vertex -11.0572 22.4218 1.6
    endloop
  endfacet
  facet normal -0.4714 0.881919 0
    outer loop
      vertex -12.5 21.6506 1.6
      vertex -11.0572 22.4218 0
      vertex -12.5 21.6506 0
    endloop
  endfacet
  facet normal -0.227084 0.973875 0
    outer loop
      vertex -4.87726 24.5196 0
      vertex -6.47048 24.1481 1.6
      vertex -4.87726 24.5196 1.6
    endloop
  endfacet
  facet normal -0.227084 0.973875 0
    outer loop
      vertex -6.47048 24.1481 1.6
      vertex -4.87726 24.5196 0
      vertex -6.47048 24.1481 0
    endloop
  endfacet
  facet normal -0.290233 0.956956 0
    outer loop
      vertex -6.47048 24.1481 0
      vertex -8.03599 23.6733 1.6
      vertex -6.47048 24.1481 1.6
    endloop
  endfacet
  facet normal -0.290233 0.956956 0
    outer loop
      vertex -8.03599 23.6733 1.6
      vertex -6.47048 24.1481 0
      vertex -8.03599 23.6733 0
    endloop
  endfacet
  facet normal -0.0327026 0.999465 0
    outer loop
      vertex 0 25 0
      vertex -1.63508 24.9465 1.6
      vertex 0 25 1.6
    endloop
  endfacet
  facet normal -0.0327026 0.999465 0
    outer loop
      vertex -1.63508 24.9465 1.6
      vertex 0 25 0
      vertex -1.63508 24.9465 0
    endloop
  endfacet
  facet normal 0.999465 -0.0327026 0
    outer loop
      vertex 24.9465 -1.63508 1.6
      vertex 25 0 0
      vertex 25 0 1.6
    endloop
  endfacet
  facet normal 0.999465 -0.0327026 0
    outer loop
      vertex 25 0 0
      vertex 24.9465 -1.63508 1.6
      vertex 24.9465 -1.63508 0
    endloop
  endfacet
  facet normal 0.0327026 -0.999465 0
    outer loop
      vertex 0 -25 0
      vertex 1.63508 -24.9465 1.6
      vertex 0 -25 1.6
    endloop
  endfacet
  facet normal 0.0327026 -0.999465 0
    outer loop
      vertex 1.63508 -24.9465 1.6
      vertex 0 -25 0
      vertex 1.63508 -24.9465 0
    endloop
  endfacet
  facet normal 0.162901 -0.986642 0
    outer loop
      vertex 3.26315 -24.7861 0
      vertex 4.87726 -24.5196 1.6
      vertex 3.26315 -24.7861 1.6
    endloop
  endfacet
  facet normal 0.162901 -0.986642 0
    outer loop
      vertex 4.87726 -24.5196 1.6
      vertex 3.26315 -24.7861 0
      vertex 4.87726 -24.5196 0
    endloop
  endfacet
  facet normal 0.352269 -0.935899 0
    outer loop
      vertex 8.03599 -23.6733 0
      vertex 9.56709 -23.097 1.6
      vertex 8.03599 -23.6733 1.6
    endloop
  endfacet
  facet normal 0.352269 -0.935899 0
    outer loop
      vertex 9.56709 -23.097 1.6
      vertex 8.03599 -23.6733 0
      vertex 9.56709 -23.097 0
    endloop
  endfacet
  facet normal 0.683561 -0.729894 0
    outer loop
      vertex 16.4836 -18.796 0
      vertex 17.6777 -17.6777 1.6
      vertex 16.4836 -18.796 1.6
    endloop
  endfacet
  facet normal 0.683561 -0.729894 0
    outer loop
      vertex 17.6777 -17.6777 1.6
      vertex 16.4836 -18.796 0
      vertex 17.6777 -17.6777 0
    endloop
  endfacet
  facet normal 0.412727 -0.910855 0
    outer loop
      vertex 9.56709 -23.097 0
      vertex 11.0572 -22.4218 1.6
      vertex 9.56709 -23.097 1.6
    endloop
  endfacet
  facet normal 0.412727 -0.910855 0
    outer loop
      vertex 11.0572 -22.4218 1.6
      vertex 9.56709 -23.097 0
      vertex 11.0572 -22.4218 0
    endloop
  endfacet
  facet normal 0.729894 -0.683561 0
    outer loop
      vertex 17.6777 -17.6777 1.6
      vertex 18.796 -16.4836 0
      vertex 18.796 -16.4836 1.6
    endloop
  endfacet
  facet normal 0.729894 -0.683561 0
    outer loop
      vertex 18.796 -16.4836 0
      vertex 17.6777 -17.6777 1.6
      vertex 17.6777 -17.6777 0
    endloop
  endfacet
  facet normal 0.77302 -0.634382 0
    outer loop
      vertex 18.796 -16.4836 1.6
      vertex 19.8338 -15.219 0
      vertex 19.8338 -15.219 1.6
    endloop
  endfacet
  facet normal 0.77302 -0.634382 0
    outer loop
      vertex 19.8338 -15.219 0
      vertex 18.796 -16.4836 1.6
      vertex 18.796 -16.4836 0
    endloop
  endfacet
  facet normal 0.910855 -0.412727 0
    outer loop
      vertex 22.4218 -11.0572 1.6
      vertex 23.097 -9.56709 0
      vertex 23.097 -9.56709 1.6
    endloop
  endfacet
  facet normal 0.910855 -0.412727 0
    outer loop
      vertex 23.097 -9.56709 0
      vertex 22.4218 -11.0572 1.6
      vertex 22.4218 -11.0572 0
    endloop
  endfacet
  facet normal 0.935899 -0.352269 0
    outer loop
      vertex 23.097 -9.56709 1.6
      vertex 23.6733 -8.03599 0
      vertex 23.6733 -8.03599 1.6
    endloop
  endfacet
  facet normal 0.935899 -0.352269 0
    outer loop
      vertex 23.6733 -8.03599 0
      vertex 23.097 -9.56709 1.6
      vertex 23.097 -9.56709 0
    endloop
  endfacet
  facet normal 0.956956 -0.290233 0
    outer loop
      vertex 23.6733 -8.03599 1.6
      vertex 24.1481 -6.47048 0
      vertex 24.1481 -6.47048 1.6
    endloop
  endfacet
  facet normal 0.956956 -0.290233 0
    outer loop
      vertex 24.1481 -6.47048 0
      vertex 23.6733 -8.03599 1.6
      vertex 23.6733 -8.03599 0
    endloop
  endfacet
  facet normal 0.973875 -0.227084 0
    outer loop
      vertex 24.1481 -6.47048 1.6
      vertex 24.5196 -4.87726 0
      vertex 24.5196 -4.87726 1.6
    endloop
  endfacet
  facet normal 0.973875 -0.227084 0
    outer loop
      vertex 24.5196 -4.87726 0
      vertex 24.1481 -6.47048 1.6
      vertex 24.1481 -6.47048 0
    endloop
  endfacet
  facet normal -0.683561 -0.729894 0
    outer loop
      vertex -17.6777 -17.6777 0
      vertex -16.4836 -18.796 1.6
      vertex -17.6777 -17.6777 1.6
    endloop
  endfacet
  facet normal -0.683561 -0.729894 -0
    outer loop
      vertex -16.4836 -18.796 1.6
      vertex -17.6777 -17.6777 0
      vertex -16.4836 -18.796 0
    endloop
  endfacet
  facet normal -0.634382 -0.77302 0
    outer loop
      vertex -16.4836 -18.796 0
      vertex -15.219 -19.8338 1.6
      vertex -16.4836 -18.796 1.6
    endloop
  endfacet
  facet normal -0.634382 -0.77302 -0
    outer loop
      vertex -15.219 -19.8338 1.6
      vertex -16.4836 -18.796 0
      vertex -15.219 -19.8338 0
    endloop
  endfacet
  facet normal -0.412727 -0.910855 0
    outer loop
      vertex -11.0572 -22.4218 0
      vertex -9.56709 -23.097 1.6
      vertex -11.0572 -22.4218 1.6
    endloop
  endfacet
  facet normal -0.412727 -0.910855 -0
    outer loop
      vertex -9.56709 -23.097 1.6
      vertex -11.0572 -22.4218 0
      vertex -9.56709 -23.097 0
    endloop
  endfacet
  facet normal -0.4714 -0.881919 0
    outer loop
      vertex -12.5 -21.6506 0
      vertex -11.0572 -22.4218 1.6
      vertex -12.5 -21.6506 1.6
    endloop
  endfacet
  facet normal -0.4714 -0.881919 -0
    outer loop
      vertex -11.0572 -22.4218 1.6
      vertex -12.5 -21.6506 0
      vertex -11.0572 -22.4218 0
    endloop
  endfacet
  facet normal -0.227084 -0.973875 0
    outer loop
      vertex -6.47048 -24.1481 0
      vertex -4.87726 -24.5196 1.6
      vertex -6.47048 -24.1481 1.6
    endloop
  endfacet
  facet normal -0.227084 -0.973875 -0
    outer loop
      vertex -4.87726 -24.5196 1.6
      vertex -6.47048 -24.1481 0
      vertex -4.87726 -24.5196 0
    endloop
  endfacet
  facet normal -0.290233 -0.956956 0
    outer loop
      vertex -8.03599 -23.6733 0
      vertex -6.47048 -24.1481 1.6
      vertex -8.03599 -23.6733 1.6
    endloop
  endfacet
  facet normal -0.290233 -0.956956 -0
    outer loop
      vertex -6.47048 -24.1481 1.6
      vertex -8.03599 -23.6733 0
      vertex -6.47048 -24.1481 0
    endloop
  endfacet
  facet normal -0.0980469 -0.995182 0
    outer loop
      vertex -3.26315 -24.7861 0
      vertex -1.63508 -24.9465 1.6
      vertex -3.26315 -24.7861 1.6
    endloop
  endfacet
  facet normal -0.0980469 -0.995182 -0
    outer loop
      vertex -1.63508 -24.9465 1.6
      vertex -3.26315 -24.7861 0
      vertex -1.63508 -24.9465 0
    endloop
  endfacet
  facet normal -0.849208 -0.528058 0
    outer loop
      vertex -20.7867 -13.8893 0
      vertex -21.6506 -12.5 1.6
      vertex -21.6506 -12.5 0
    endloop
  endfacet
  facet normal -0.849208 -0.528058 0
    outer loop
      vertex -21.6506 -12.5 1.6
      vertex -20.7867 -13.8893 0
      vertex -20.7867 -13.8893 1.6
    endloop
  endfacet
  facet normal -0.973875 -0.227084 0
    outer loop
      vertex -24.1481 -6.47048 0
      vertex -24.5196 -4.87726 1.6
      vertex -24.5196 -4.87726 0
    endloop
  endfacet
  facet normal -0.973875 -0.227084 0
    outer loop
      vertex -24.5196 -4.87726 1.6
      vertex -24.1481 -6.47048 0
      vertex -24.1481 -6.47048 1.6
    endloop
  endfacet
  facet normal -0.935899 -0.352269 0
    outer loop
      vertex -23.097 -9.56709 0
      vertex -23.6733 -8.03599 1.6
      vertex -23.6733 -8.03599 0
    endloop
  endfacet
  facet normal -0.935899 -0.352269 0
    outer loop
      vertex -23.6733 -8.03599 1.6
      vertex -23.097 -9.56709 0
      vertex -23.097 -9.56709 1.6
    endloop
  endfacet
  facet normal -0.986642 -0.162901 0
    outer loop
      vertex -24.5196 -4.87726 0
      vertex -24.7861 -3.26315 1.6
      vertex -24.7861 -3.26315 0
    endloop
  endfacet
  facet normal -0.986642 -0.162901 0
    outer loop
      vertex -24.7861 -3.26315 1.6
      vertex -24.5196 -4.87726 0
      vertex -24.5196 -4.87726 1.6
    endloop
  endfacet
  facet normal -0.999465 -0.0327026 0
    outer loop
      vertex -24.9465 -1.63508 0
      vertex -25 0 1.6
      vertex -25 0 0
    endloop
  endfacet
  facet normal -0.999465 -0.0327026 0
    outer loop
      vertex -25 0 1.6
      vertex -24.9465 -1.63508 0
      vertex -24.9465 -1.63508 1.6
    endloop
  endfacet
  facet normal -0.729894 0.683561 0
    outer loop
      vertex -18.796 16.4836 0
      vertex -17.6777 17.6777 1.6
      vertex -17.6777 17.6777 0
    endloop
  endfacet
  facet normal -0.729894 0.683561 0
    outer loop
      vertex -17.6777 17.6777 1.6
      vertex -18.796 16.4836 0
      vertex -18.796 16.4836 1.6
    endloop
  endfacet
  facet normal -0.881919 0.4714 0
    outer loop
      vertex -22.4218 11.0572 0
      vertex -21.6506 12.5 1.6
      vertex -21.6506 12.5 0
    endloop
  endfacet
  facet normal -0.881919 0.4714 0
    outer loop
      vertex -21.6506 12.5 1.6
      vertex -22.4218 11.0572 0
      vertex -22.4218 11.0572 1.6
    endloop
  endfacet
  facet normal -0.412727 0.910855 0
    outer loop
      vertex -9.56709 23.097 0
      vertex -11.0572 22.4218 1.6
      vertex -9.56709 23.097 1.6
    endloop
  endfacet
  facet normal -0.412727 0.910855 0
    outer loop
      vertex -11.0572 22.4218 1.6
      vertex -9.56709 23.097 0
      vertex -11.0572 22.4218 0
    endloop
  endfacet
  facet normal 0.0980469 -0.995182 0
    outer loop
      vertex 1.63508 -24.9465 0
      vertex 3.26315 -24.7861 1.6
      vertex 1.63508 -24.9465 1.6
    endloop
  endfacet
  facet normal 0.0980469 -0.995182 0
    outer loop
      vertex 3.26315 -24.7861 1.6
      vertex 1.63508 -24.9465 0
      vertex 3.26315 -24.7861 0
    endloop
  endfacet
  facet normal 0.290233 -0.956956 0
    outer loop
      vertex 6.47048 -24.1481 0
      vertex 8.03599 -23.6733 1.6
      vertex 6.47048 -24.1481 1.6
    endloop
  endfacet
  facet normal 0.290233 -0.956956 0
    outer loop
      vertex 8.03599 -23.6733 1.6
      vertex 6.47048 -24.1481 0
      vertex 8.03599 -23.6733 0
    endloop
  endfacet
  facet normal 0.4714 -0.881919 0
    outer loop
      vertex 11.0572 -22.4218 0
      vertex 12.5 -21.6506 1.6
      vertex 11.0572 -22.4218 1.6
    endloop
  endfacet
  facet normal 0.4714 -0.881919 0
    outer loop
      vertex 12.5 -21.6506 1.6
      vertex 11.0572 -22.4218 0
      vertex 12.5 -21.6506 0
    endloop
  endfacet
  facet normal 0.881919 -0.4714 0
    outer loop
      vertex 21.6506 -12.5 1.6
      vertex 22.4218 -11.0572 0
      vertex 22.4218 -11.0572 1.6
    endloop
  endfacet
  facet normal 0.881919 -0.4714 0
    outer loop
      vertex 22.4218 -11.0572 0
      vertex 21.6506 -12.5 1.6
      vertex 21.6506 -12.5 0
    endloop
  endfacet
  facet normal -0.0327026 -0.999465 0
    outer loop
      vertex -1.63508 -24.9465 0
      vertex 0 -25 1.6
      vertex -1.63508 -24.9465 1.6
    endloop
  endfacet
  facet normal -0.0327026 -0.999465 -0
    outer loop
      vertex 0 -25 1.6
      vertex -1.63508 -24.9465 0
      vertex 0 -25 0
    endloop
  endfacet
  facet normal -0.881919 -0.4714 0
    outer loop
      vertex -21.6506 -12.5 0
      vertex -22.4218 -11.0572 1.6
      vertex -22.4218 -11.0572 0
    endloop
  endfacet
  facet normal -0.881919 -0.4714 0
    outer loop
      vertex -22.4218 -11.0572 1.6
      vertex -21.6506 -12.5 0
      vertex -21.6506 -12.5 1.6
    endloop
  endfacet
  facet normal -0.956956 -0.290233 0
    outer loop
      vertex -23.6733 -8.03599 0
      vertex -24.1481 -6.47048 1.6
      vertex -24.1481 -6.47048 0
    endloop
  endfacet
  facet normal -0.956956 -0.290233 0
    outer loop
      vertex -24.1481 -6.47048 1.6
      vertex -23.6733 -8.03599 0
      vertex -23.6733 -8.03599 1.6
    endloop
  endfacet
  facet normal -0.995182 -0.0980469 0
    outer loop
      vertex -24.7861 -3.26315 0
      vertex -24.9465 -1.63508 1.6
      vertex -24.9465 -1.63508 0
    endloop
  endfacet
  facet normal -0.995182 -0.0980469 0
    outer loop
      vertex -24.9465 -1.63508 1.6
      vertex -24.7861 -3.26315 0
      vertex -24.7861 -3.26315 1.6
    endloop
  endfacet
  facet normal 0 0 1
    outer loop
      vertex 23.4 0 2.2
      vertex 24.2 0 2.2
      vertex 24.1482 1.58275 2.2
    endloop
  endfacet
  facet normal 0 0 1
    outer loop
      vertex 23.3499 1.53043 2.2
      vertex 24.1482 1.58275 2.2
      vertex 23.993 3.15872 2.2
    endloop
  endfacet
  facet normal 0 0 1
    outer loop
      vertex 24.2 0 2.2
      vertex 23.4 0 2.2
      vertex 24.1482 -1.58275 2.2
    endloop
  endfacet
  facet normal 0 0 1
    outer loop
      vertex 23.1998 3.05431 2.2
      vertex 23.993 3.15872 2.2
      vertex 23.735 4.72118 2.2
    endloop
  endfacet
  facet normal -0 0 1
    outer loop
      vertex 23.3499 -1.53043 2.2
      vertex 24.1482 -1.58275 2.2
      vertex 23.4 0 2.2
    endloop
  endfacet
  facet normal 0 0 1
    outer loop
      vertex 24.1482 -1.58275 2.2
      vertex 23.3499 -1.53043 2.2
      vertex 23.993 -3.15872 2.2
    endloop
  endfacet
  facet normal 0 0 1
    outer loop
      vertex 22.9504 4.56511 2.2
      vertex 23.735 4.72118 2.2
      vertex 23.3754 6.26341 2.2
    endloop
  endfacet
  facet normal 0 0 1
    outer loop
      vertex 24.1482 1.58275 2.2
      vertex 23.3499 1.53043 2.2
      vertex 23.4 0 2.2
    endloop
  endfacet
  facet normal 0 0 1
    outer loop
      vertex 23.993 3.15872 2.2
      vertex 23.1998 3.05431 2.2
      vertex 23.3499 1.53043 2.2
    endloop
  endfacet
  facet normal 0 0 1
    outer loop
      vertex 23.735 4.72118 2.2
      vertex 22.9504 4.56511 2.2
      vertex 23.1998 3.05431 2.2
    endloop
  endfacet
  facet normal 0 0 1
    outer loop
      vertex 22.6027 6.05635 2.2
      vertex 23.3754 6.26341 2.2
      vertex 22.9157 7.77882 2.2
    endloop
  endfacet
  facet normal 0 0 1
    outer loop
      vertex 23.3754 6.26341 2.2
      vertex 22.6027 6.05635 2.2
      vertex 22.9504 4.56511 2.2
    endloop
  endfacet
  facet normal 0 0 1
    outer loop
      vertex 22.1582 7.52168 2.2
      vertex 22.9157 7.77882 2.2
      vertex 22.3579 9.26093 2.2
    endloop
  endfacet
  facet normal 0 0 1
    outer loop
      vertex 22.9157 7.77882 2.2
      vertex 22.1582 7.52168 2.2
      vertex 22.6027 6.05635 2.2
    endloop
  endfacet
  facet normal 0 0 1
    outer loop
      vertex 21.6188 8.95479 2.2
      vertex 22.3579 9.26093 2.2
      vertex 21.7043 10.7034 2.2
    endloop
  endfacet
  facet normal 0 0 1
    outer loop
      vertex 22.3579 9.26093 2.2
      vertex 21.6188 8.95479 2.2
      vertex 22.1582 7.52168 2.2
    endloop
  endfacet
  facet normal 0 0 1
    outer loop
      vertex 21.7043 10.7034 2.2
      vertex 20.9868 10.3495 2.2
      vertex 21.6188 8.95479 2.2
    endloop
  endfacet
  facet normal 0 0 1
    outer loop
      vertex 20.9578 12.1 2.2
      vertex 20.9868 10.3495 2.2
      vertex 21.7043 10.7034 2.2
    endloop
  endfacet
  facet normal 0 0 1
    outer loop
      vertex 20.9578 12.1 2.2
      vertex 20.265 11.7 2.2
      vertex 20.9868 10.3495 2.2
    endloop
  endfacet
  facet normal 0 0 1
    outer loop
      vertex 20.1216 13.4448 2.2
      vertex 20.265 11.7 2.2
      vertex 20.9578 12.1 2.2
    endloop
  endfacet
  facet normal 0 0 1
    outer loop
      vertex 20.1216 13.4448 2.2
      vertex 19.4564 13.0003 2.2
      vertex 20.265 11.7 2.2
    endloop
  endfacet
  facet normal 0 0 1
    outer loop
      vertex 19.1991 14.732 2.2
      vertex 19.4564 13.0003 2.2
      vertex 20.1216 13.4448 2.2
    endloop
  endfacet
  facet normal 0 0 1
    outer loop
      vertex 19.1991 14.732 2.2
      vertex 18.5645 14.245 2.2
      vertex 19.4564 13.0003 2.2
    endloop
  endfacet
  facet normal 0 0 1
    outer loop
      vertex 18.1945 15.9562 2.2
      vertex 18.5645 14.245 2.2
      vertex 19.1991 14.732 2.2
    endloop
  endfacet
  facet normal 0 0 1
    outer loop
      vertex 18.1945 15.9562 2.2
      vertex 17.593 15.4287 2.2
      vertex 18.5645 14.245 2.2
    endloop
  endfacet
  facet normal 0 0 1
    outer loop
      vertex 17.112 17.112 2.2
      vertex 17.593 15.4287 2.2
      vertex 18.1945 15.9562 2.2
    endloop
  endfacet
  facet normal 0 0 1
    outer loop
      vertex 17.112 17.112 2.2
      vertex 16.5463 16.5463 2.2
      vertex 17.593 15.4287 2.2
    endloop
  endfacet
  facet normal 0 0 1
    outer loop
      vertex 15.9562 18.1945 2.2
      vertex 16.5463 16.5463 2.2
      vertex 17.112 17.112 2.2
    endloop
  endfacet
  facet normal 0 0 1
    outer loop
      vertex 15.9562 18.1945 2.2
      vertex 15.4287 17.593 2.2
      vertex 16.5463 16.5463 2.2
    endloop
  endfacet
  facet normal 0 0 1
    outer loop
      vertex 14.732 19.1991 2.2
      vertex 15.4287 17.593 2.2
      vertex 15.9562 18.1945 2.2
    endloop
  endfacet
  facet normal 0 0 1
    outer loop
      vertex 14.732 19.1991 2.2
      vertex 14.245 18.5645 2.2
      vertex 15.4287 17.593 2.2
    endloop
  endfacet
  facet normal 0 0 1
    outer loop
      vertex 13.4448 20.1216 2.2
      vertex 14.245 18.5645 2.2
      vertex 14.732 19.1991 2.2
    endloop
  endfacet
  facet normal 0 0 1
    outer loop
      vertex 13.4448 20.1216 2.2
      vertex 13.0003 19.4564 2.2
      vertex 14.245 18.5645 2.2
    endloop
  endfacet
  facet normal 0 0 1
    outer loop
      vertex 12.1 20.9578 2.2
      vertex 13.0003 19.4564 2.2
      vertex 13.4448 20.1216 2.2
    endloop
  endfacet
  facet normal 0 0 1
    outer loop
      vertex 12.1 20.9578 2.2
      vertex 11.7 20.265 2.2
      vertex 13.0003 19.4564 2.2
    endloop
  endfacet
  facet normal 0 0 1
    outer loop
      vertex 10.7034 21.7043 2.2
      vertex 11.7 20.265 2.2
      vertex 12.1 20.9578 2.2
    endloop
  endfacet
  facet normal 0 0 1
    outer loop
      vertex 10.7034 21.7043 2.2
      vertex 10.3495 20.9868 2.2
      vertex 11.7 20.265 2.2
    endloop
  endfacet
  facet normal 0 0 1
    outer loop
      vertex 9.26093 22.3579 2.2
      vertex 10.3495 20.9868 2.2
      vertex 10.7034 21.7043 2.2
    endloop
  endfacet
  facet normal 0 0 1
    outer loop
      vertex 9.26093 22.3579 2.2
      vertex 8.95479 21.6188 2.2
      vertex 10.3495 20.9868 2.2
    endloop
  endfacet
  facet normal 0 0 1
    outer loop
      vertex 7.77882 22.9157 2.2
      vertex 8.95479 21.6188 2.2
      vertex 9.26093 22.3579 2.2
    endloop
  endfacet
  facet normal 0 0 1
    outer loop
      vertex 7.77882 22.9157 2.2
      vertex 7.52168 22.1582 2.2
      vertex 8.95479 21.6188 2.2
    endloop
  endfacet
  facet normal 0 0 1
    outer loop
      vertex 6.26341 23.3754 2.2
      vertex 7.52168 22.1582 2.2
      vertex 7.77882 22.9157 2.2
    endloop
  endfacet
  facet normal 0 0 1
    outer loop
      vertex 6.26341 23.3754 2.2
      vertex 6.05635 22.6027 2.2
      vertex 7.52168 22.1582 2.2
    endloop
  endfacet
  facet normal 0 0 1
    outer loop
      vertex 4.72118 23.735 2.2
      vertex 6.05635 22.6027 2.2
      vertex 6.26341 23.3754 2.2
    endloop
  endfacet
  facet normal 0 0 1
    outer loop
      vertex 4.72118 23.735 2.2
      vertex 4.56511 22.9504 2.2
      vertex 6.05635 22.6027 2.2
    endloop
  endfacet
  facet normal 0 0 1
    outer loop
      vertex 3.15872 23.993 2.2
      vertex 4.56511 22.9504 2.2
      vertex 4.72118 23.735 2.2
    endloop
  endfacet
  facet normal 0 0 1
    outer loop
      vertex 3.15872 23.993 2.2
      vertex 3.05431 23.1998 2.2
      vertex 4.56511 22.9504 2.2
    endloop
  endfacet
  facet normal 0 0 1
    outer loop
      vertex 1.58275 24.1482 2.2
      vertex 3.05431 23.1998 2.2
      vertex 3.15872 23.993 2.2
    endloop
  endfacet
  facet normal 0 0 1
    outer loop
      vertex 1.58275 24.1482 2.2
      vertex 1.53043 23.3499 2.2
      vertex 3.05431 23.1998 2.2
    endloop
  endfacet
  facet normal 0 0 1
    outer loop
      vertex 0 24.2 2.2
      vertex 1.53043 23.3499 2.2
      vertex 1.58275 24.1482 2.2
    endloop
  endfacet
  facet normal 0 0 1
    outer loop
      vertex 0 24.2 2.2
      vertex 0 23.4 2.2
      vertex 1.53043 23.3499 2.2
    endloop
  endfacet
  facet normal 0 0 1
    outer loop
      vertex 0 24.2 2.2
      vertex -1.53043 23.3499 2.2
      vertex 0 23.4 2.2
    endloop
  endfacet
  facet normal -0 0 1
    outer loop
      vertex -1.58275 24.1482 2.2
      vertex -1.53043 23.3499 2.2
      vertex 0 24.2 2.2
    endloop
  endfacet
  facet normal 0 0 1
    outer loop
      vertex -1.58275 24.1482 2.2
      vertex -3.05431 23.1998 2.2
      vertex -1.53043 23.3499 2.2
    endloop
  endfacet
  facet normal -0 0 1
    outer loop
      vertex -3.15872 23.993 2.2
      vertex -3.05431 23.1998 2.2
      vertex -1.58275 24.1482 2.2
    endloop
  endfacet
  facet normal 0 0 1
    outer loop
      vertex -3.15872 23.993 2.2
      vertex -4.56511 22.9504 2.2
      vertex -3.05431 23.1998 2.2
    endloop
  endfacet
  facet normal -0 0 1
    outer loop
      vertex -4.72118 23.735 2.2
      vertex -4.56511 22.9504 2.2
      vertex -3.15872 23.993 2.2
    endloop
  endfacet
  facet normal 0 0 1
    outer loop
      vertex -4.72118 23.735 2.2
      vertex -6.05635 22.6027 2.2
      vertex -4.56511 22.9504 2.2
    endloop
  endfacet
  facet normal -0 0 1
    outer loop
      vertex -6.26341 23.3754 2.2
      vertex -6.05635 22.6027 2.2
      vertex -4.72118 23.735 2.2
    endloop
  endfacet
  facet normal 0 0 1
    outer loop
      vertex -6.26341 23.3754 2.2
      vertex -7.52168 22.1582 2.2
      vertex -6.05635 22.6027 2.2
    endloop
  endfacet
  facet normal -0 0 1
    outer loop
      vertex -7.77882 22.9157 2.2
      vertex -7.52168 22.1582 2.2
      vertex -6.26341 23.3754 2.2
    endloop
  endfacet
  facet normal 0 0 1
    outer loop
      vertex -7.77882 22.9157 2.2
      vertex -8.95479 21.6188 2.2
      vertex -7.52168 22.1582 2.2
    endloop
  endfacet
  facet normal -0 0 1
    outer loop
      vertex -9.26093 22.3579 2.2
      vertex -8.95479 21.6188 2.2
      vertex -7.77882 22.9157 2.2
    endloop
  endfacet
  facet normal 0 0 1
    outer loop
      vertex -9.26093 22.3579 2.2
      vertex -10.3495 20.9868 2.2
      vertex -8.95479 21.6188 2.2
    endloop
  endfacet
  facet normal -0 0 1
    outer loop
      vertex -10.7034 21.7043 2.2
      vertex -10.3495 20.9868 2.2
      vertex -9.26093 22.3579 2.2
    endloop
  endfacet
  facet normal 0 0 1
    outer loop
      vertex -10.7034 21.7043 2.2
      vertex -11.7 20.265 2.2
      vertex -10.3495 20.9868 2.2
    endloop
  endfacet
  facet normal -0 0 1
    outer loop
      vertex -12.1 20.9578 2.2
      vertex -11.7 20.265 2.2
      vertex -10.7034 21.7043 2.2
    endloop
  endfacet
  facet normal 0 0 1
    outer loop
      vertex -12.1 20.9578 2.2
      vertex -13.0003 19.4564 2.2
      vertex -11.7 20.265 2.2
    endloop
  endfacet
  facet normal -0 0 1
    outer loop
      vertex -13.4448 20.1216 2.2
      vertex -13.0003 19.4564 2.2
      vertex -12.1 20.9578 2.2
    endloop
  endfacet
  facet normal 0 0 1
    outer loop
      vertex -13.4448 20.1216 2.2
      vertex -14.245 18.5645 2.2
      vertex -13.0003 19.4564 2.2
    endloop
  endfacet
  facet normal -0 0 1
    outer loop
      vertex -14.732 19.1991 2.2
      vertex -14.245 18.5645 2.2
      vertex -13.4448 20.1216 2.2
    endloop
  endfacet
  facet normal 0 0 1
    outer loop
      vertex -14.732 19.1991 2.2
      vertex -15.4287 17.593 2.2
      vertex -14.245 18.5645 2.2
    endloop
  endfacet
  facet normal -0 0 1
    outer loop
      vertex -15.9562 18.1945 2.2
      vertex -15.4287 17.593 2.2
      vertex -14.732 19.1991 2.2
    endloop
  endfacet
  facet normal 0 0 1
    outer loop
      vertex -15.9562 18.1945 2.2
      vertex -16.5463 16.5463 2.2
      vertex -15.4287 17.593 2.2
    endloop
  endfacet
  facet normal -0 0 1
    outer loop
      vertex -17.112 17.112 2.2
      vertex -16.5463 16.5463 2.2
      vertex -15.9562 18.1945 2.2
    endloop
  endfacet
  facet normal 0 0 1
    outer loop
      vertex -17.112 17.112 2.2
      vertex -17.593 15.4287 2.2
      vertex -16.5463 16.5463 2.2
    endloop
  endfacet
  facet normal -0 0 1
    outer loop
      vertex -18.1945 15.9562 2.2
      vertex -17.593 15.4287 2.2
      vertex -17.112 17.112 2.2
    endloop
  endfacet
  facet normal 0 0 1
    outer loop
      vertex -18.1945 15.9562 2.2
      vertex -18.5645 14.245 2.2
      vertex -17.593 15.4287 2.2
    endloop
  endfacet
  facet normal -0 0 1
    outer loop
      vertex -19.1991 14.732 2.2
      vertex -18.5645 14.245 2.2
      vertex -18.1945 15.9562 2.2
    endloop
  endfacet
  facet normal 0 0 1
    outer loop
      vertex -19.1991 14.732 2.2
      vertex -19.4564 13.0003 2.2
      vertex -18.5645 14.245 2.2
    endloop
  endfacet
  facet normal -0 0 1
    outer loop
      vertex -20.1216 13.4448 2.2
      vertex -19.4564 13.0003 2.2
      vertex -19.1991 14.732 2.2
    endloop
  endfacet
  facet normal 0 0 1
    outer loop
      vertex -20.1216 13.4448 2.2
      vertex -20.265 11.7 2.2
      vertex -19.4564 13.0003 2.2
    endloop
  endfacet
  facet normal -0 0 1
    outer loop
      vertex -20.9578 12.1 2.2
      vertex -20.265 11.7 2.2
      vertex -20.1216 13.4448 2.2
    endloop
  endfacet
  facet normal 0 0 1
    outer loop
      vertex -20.9578 12.1 2.2
      vertex -20.9868 10.3495 2.2
      vertex -20.265 11.7 2.2
    endloop
  endfacet
  facet normal -0 0 1
    outer loop
      vertex -21.7043 10.7034 2.2
      vertex -20.9868 10.3495 2.2
      vertex -20.9578 12.1 2.2
    endloop
  endfacet
  facet normal 0 0 1
    outer loop
      vertex -20.9868 10.3495 2.2
      vertex -21.7043 10.7034 2.2
      vertex -21.6188 8.95479 2.2
    endloop
  endfacet
  facet normal -0 0 1
    outer loop
      vertex -22.3579 9.26093 2.2
      vertex -21.6188 8.95479 2.2
      vertex -21.7043 10.7034 2.2
    endloop
  endfacet
  facet normal 0 0 1
    outer loop
      vertex -21.6188 8.95479 2.2
      vertex -22.3579 9.26093 2.2
      vertex -22.1582 7.52168 2.2
    endloop
  endfacet
  facet normal -0 0 1
    outer loop
      vertex -22.9157 7.77882 2.2
      vertex -22.1582 7.52168 2.2
      vertex -22.3579 9.26093 2.2
    endloop
  endfacet
  facet normal 0 0 1
    outer loop
      vertex -22.1582 7.52168 2.2
      vertex -22.9157 7.77882 2.2
      vertex -22.6027 6.05635 2.2
    endloop
  endfacet
  facet normal -0 0 1
    outer loop
      vertex -23.3754 6.26341 2.2
      vertex -22.6027 6.05635 2.2
      vertex -22.9157 7.77882 2.2
    endloop
  endfacet
  facet normal 0 0 1
    outer loop
      vertex -22.6027 6.05635 2.2
      vertex -23.3754 6.26341 2.2
      vertex -22.9504 4.56511 2.2
    endloop
  endfacet
  facet normal -0 0 1
    outer loop
      vertex -23.735 4.72118 2.2
      vertex -22.9504 4.56511 2.2
      vertex -23.3754 6.26341 2.2
    endloop
  endfacet
  facet normal 0 0 1
    outer loop
      vertex -22.9504 4.56511 2.2
      vertex -23.735 4.72118 2.2
      vertex -23.1998 3.05431 2.2
    endloop
  endfacet
  facet normal -0 0 1
    outer loop
      vertex -23.993 3.15872 2.2
      vertex -23.1998 3.05431 2.2
      vertex -23.735 4.72118 2.2
    endloop
  endfacet
  facet normal 0 0 1
    outer loop
      vertex -23.1998 3.05431 2.2
      vertex -23.993 3.15872 2.2
      vertex -23.3499 1.53043 2.2
    endloop
  endfacet
  facet normal -0 0 1
    outer loop
      vertex 23.1998 -3.05431 2.2
      vertex 23.993 -3.15872 2.2
      vertex 23.3499 -1.53043 2.2
    endloop
  endfacet
  facet normal 0 0 1
    outer loop
      vertex 23.993 -3.15872 2.2
      vertex 23.1998 -3.05431 2.2
      vertex 23.735 -4.72118 2.2
    endloop
  endfacet
  facet normal -0 0 1
    outer loop
      vertex 22.9504 -4.56511 2.2
      vertex 23.735 -4.72118 2.2
      vertex 23.1998 -3.05431 2.2
    endloop
  endfacet
  facet normal 0 0 1
    outer loop
      vertex 23.735 -4.72118 2.2
      vertex 22.9504 -4.56511 2.2
      vertex 23.3754 -6.26341 2.2
    endloop
  endfacet
  facet normal -0 0 1
    outer loop
      vertex 22.6027 -6.05635 2.2
      vertex 23.3754 -6.26341 2.2
      vertex 22.9504 -4.56511 2.2
    endloop
  endfacet
  facet normal 0 0 1
    outer loop
      vertex 23.3754 -6.26341 2.2
      vertex 22.6027 -6.05635 2.2
      vertex 22.9157 -7.77882 2.2
    endloop
  endfacet
  facet normal -0 0 1
    outer loop
      vertex 22.1582 -7.52168 2.2
      vertex 22.9157 -7.77882 2.2
      vertex 22.6027 -6.05635 2.2
    endloop
  endfacet
  facet normal 0 0 1
    outer loop
      vertex 22.9157 -7.77882 2.2
      vertex 22.1582 -7.52168 2.2
      vertex 22.3579 -9.26093 2.2
    endloop
  endfacet
  facet normal -0 0 1
    outer loop
      vertex 21.6188 -8.95479 2.2
      vertex 22.3579 -9.26093 2.2
      vertex 22.1582 -7.52168 2.2
    endloop
  endfacet
  facet normal 0 0 1
    outer loop
      vertex 22.3579 -9.26093 2.2
      vertex 21.6188 -8.95479 2.2
      vertex 21.7043 -10.7034 2.2
    endloop
  endfacet
  facet normal -0 0 1
    outer loop
      vertex 20.9868 -10.3495 2.2
      vertex 21.7043 -10.7034 2.2
      vertex 21.6188 -8.95479 2.2
    endloop
  endfacet
  facet normal 0 0 1
    outer loop
      vertex 20.9868 -10.3495 2.2
      vertex 20.9578 -12.1 2.2
      vertex 21.7043 -10.7034 2.2
    endloop
  endfacet
  facet normal -0 0 1
    outer loop
      vertex 20.265 -11.7 2.2
      vertex 20.9578 -12.1 2.2
      vertex 20.9868 -10.3495 2.2
    endloop
  endfacet
  facet normal 0 0 1
    outer loop
      vertex 20.265 -11.7 2.2
      vertex 20.1216 -13.4448 2.2
      vertex 20.9578 -12.1 2.2
    endloop
  endfacet
  facet normal -0 0 1
    outer loop
      vertex 19.4564 -13.0003 2.2
      vertex 20.1216 -13.4448 2.2
      vertex 20.265 -11.7 2.2
    endloop
  endfacet
  facet normal 0 0 1
    outer loop
      vertex 19.4564 -13.0003 2.2
      vertex 19.1991 -14.732 2.2
      vertex 20.1216 -13.4448 2.2
    endloop
  endfacet
  facet normal -0 0 1
    outer loop
      vertex 18.5645 -14.245 2.2
      vertex 19.1991 -14.732 2.2
      vertex 19.4564 -13.0003 2.2
    endloop
  endfacet
  facet normal 0 0 1
    outer loop
      vertex 18.5645 -14.245 2.2
      vertex 18.1945 -15.9562 2.2
      vertex 19.1991 -14.732 2.2
    endloop
  endfacet
  facet normal -0 0 1
    outer loop
      vertex 17.593 -15.4287 2.2
      vertex 18.1945 -15.9562 2.2
      vertex 18.5645 -14.245 2.2
    endloop
  endfacet
  facet normal 0 0 1
    outer loop
      vertex 17.593 -15.4287 2.2
      vertex 17.112 -17.112 2.2
      vertex 18.1945 -15.9562 2.2
    endloop
  endfacet
  facet normal -0 0 1
    outer loop
      vertex 16.5463 -16.5463 2.2
      vertex 17.112 -17.112 2.2
      vertex 17.593 -15.4287 2.2
    endloop
  endfacet
  facet normal 0 0 1
    outer loop
      vertex 16.5463 -16.5463 2.2
      vertex 15.9562 -18.1945 2.2
      vertex 17.112 -17.112 2.2
    endloop
  endfacet
  facet normal -0 0 1
    outer loop
      vertex 15.4287 -17.593 2.2
      vertex 15.9562 -18.1945 2.2
      vertex 16.5463 -16.5463 2.2
    endloop
  endfacet
  facet normal 0 0 1
    outer loop
      vertex 15.4287 -17.593 2.2
      vertex 14.732 -19.1991 2.2
      vertex 15.9562 -18.1945 2.2
    endloop
  endfacet
  facet normal -0 0 1
    outer loop
      vertex 14.245 -18.5645 2.2
      vertex 14.732 -19.1991 2.2
      vertex 15.4287 -17.593 2.2
    endloop
  endfacet
  facet normal 0 0 1
    outer loop
      vertex 14.245 -18.5645 2.2
      vertex 13.4448 -20.1216 2.2
      vertex 14.732 -19.1991 2.2
    endloop
  endfacet
  facet normal -0 0 1
    outer loop
      vertex 13.0003 -19.4564 2.2
      vertex 13.4448 -20.1216 2.2
      vertex 14.245 -18.5645 2.2
    endloop
  endfacet
  facet normal 0 0 1
    outer loop
      vertex 13.0003 -19.4564 2.2
      vertex 12.1 -20.9578 2.2
      vertex 13.4448 -20.1216 2.2
    endloop
  endfacet
  facet normal -0 0 1
    outer loop
      vertex 11.7 -20.265 2.2
      vertex 12.1 -20.9578 2.2
      vertex 13.0003 -19.4564 2.2
    endloop
  endfacet
  facet normal 0 0 1
    outer loop
      vertex 11.7 -20.265 2.2
      vertex 10.7034 -21.7043 2.2
      vertex 12.1 -20.9578 2.2
    endloop
  endfacet
  facet normal -0 0 1
    outer loop
      vertex 10.3495 -20.9868 2.2
      vertex 10.7034 -21.7043 2.2
      vertex 11.7 -20.265 2.2
    endloop
  endfacet
  facet normal 0 0 1
    outer loop
      vertex 10.3495 -20.9868 2.2
      vertex 9.26093 -22.3579 2.2
      vertex 10.7034 -21.7043 2.2
    endloop
  endfacet
  facet normal -0 0 1
    outer loop
      vertex 8.95479 -21.6188 2.2
      vertex 9.26093 -22.3579 2.2
      vertex 10.3495 -20.9868 2.2
    endloop
  endfacet
  facet normal 0 0 1
    outer loop
      vertex 8.95479 -21.6188 2.2
      vertex 7.77882 -22.9157 2.2
      vertex 9.26093 -22.3579 2.2
    endloop
  endfacet
  facet normal -0 0 1
    outer loop
      vertex 7.52168 -22.1582 2.2
      vertex 7.77882 -22.9157 2.2
      vertex 8.95479 -21.6188 2.2
    endloop
  endfacet
  facet normal 0 0 1
    outer loop
      vertex 7.52168 -22.1582 2.2
      vertex 6.26341 -23.3754 2.2
      vertex 7.77882 -22.9157 2.2
    endloop
  endfacet
  facet normal -0 0 1
    outer loop
      vertex 6.05635 -22.6027 2.2
      vertex 6.26341 -23.3754 2.2
      vertex 7.52168 -22.1582 2.2
    endloop
  endfacet
  facet normal 0 0 1
    outer loop
      vertex 6.05635 -22.6027 2.2
      vertex 4.72118 -23.735 2.2
      vertex 6.26341 -23.3754 2.2
    endloop
  endfacet
  facet normal -0 0 1
    outer loop
      vertex 4.56511 -22.9504 2.2
      vertex 4.72118 -23.735 2.2
      vertex 6.05635 -22.6027 2.2
    endloop
  endfacet
  facet normal 0 0 1
    outer loop
      vertex 4.56511 -22.9504 2.2
      vertex 3.15872 -23.993 2.2
      vertex 4.72118 -23.735 2.2
    endloop
  endfacet
  facet normal -0 0 1
    outer loop
      vertex 3.05431 -23.1998 2.2
      vertex 3.15872 -23.993 2.2
      vertex 4.56511 -22.9504 2.2
    endloop
  endfacet
  facet normal 0 0 1
    outer loop
      vertex 3.05431 -23.1998 2.2
      vertex 1.58275 -24.1482 2.2
      vertex 3.15872 -23.993 2.2
    endloop
  endfacet
  facet normal -0 0 1
    outer loop
      vertex 1.53043 -23.3499 2.2
      vertex 1.58275 -24.1482 2.2
      vertex 3.05431 -23.1998 2.2
    endloop
  endfacet
  facet normal -0 0 1
    outer loop
      vertex 0 -23.4 2.2
      vertex 1.58275 -24.1482 2.2
      vertex 1.53043 -23.3499 2.2
    endloop
  endfacet
  facet normal 0 0 1
    outer loop
      vertex 0 -23.4 2.2
      vertex 0 -24.2 2.2
      vertex 1.58275 -24.1482 2.2
    endloop
  endfacet
  facet normal 0 0 1
    outer loop
      vertex -1.53043 -23.3499 2.2
      vertex 0 -24.2 2.2
      vertex 0 -23.4 2.2
    endloop
  endfacet
  facet normal 0 0 1
    outer loop
      vertex -1.53043 -23.3499 2.2
      vertex -1.58275 -24.1482 2.2
      vertex 0 -24.2 2.2
    endloop
  endfacet
  facet normal 0 0 1
    outer loop
      vertex -3.05431 -23.1998 2.2
      vertex -1.58275 -24.1482 2.2
      vertex -1.53043 -23.3499 2.2
    endloop
  endfacet
  facet normal 0 0 1
    outer loop
      vertex -3.05431 -23.1998 2.2
      vertex -3.15872 -23.993 2.2
      vertex -1.58275 -24.1482 2.2
    endloop
  endfacet
  facet normal 0 0 1
    outer loop
      vertex -4.56511 -22.9504 2.2
      vertex -3.15872 -23.993 2.2
      vertex -3.05431 -23.1998 2.2
    endloop
  endfacet
  facet normal 0 0 1
    outer loop
      vertex -4.56511 -22.9504 2.2
      vertex -4.72118 -23.735 2.2
      vertex -3.15872 -23.993 2.2
    endloop
  endfacet
  facet normal 0 0 1
    outer loop
      vertex -6.05635 -22.6027 2.2
      vertex -4.72118 -23.735 2.2
      vertex -4.56511 -22.9504 2.2
    endloop
  endfacet
  facet normal 0 0 1
    outer loop
      vertex -6.05635 -22.6027 2.2
      vertex -6.26341 -23.3754 2.2
      vertex -4.72118 -23.735 2.2
    endloop
  endfacet
  facet normal 0 0 1
    outer loop
      vertex -7.52168 -22.1582 2.2
      vertex -6.26341 -23.3754 2.2
      vertex -6.05635 -22.6027 2.2
    endloop
  endfacet
  facet normal 0 0 1
    outer loop
      vertex -7.52168 -22.1582 2.2
      vertex -7.77882 -22.9157 2.2
      vertex -6.26341 -23.3754 2.2
    endloop
  endfacet
  facet normal 0 0 1
    outer loop
      vertex -8.95479 -21.6188 2.2
      vertex -7.77882 -22.9157 2.2
      vertex -7.52168 -22.1582 2.2
    endloop
  endfacet
  facet normal 0 0 1
    outer loop
      vertex -8.95479 -21.6188 2.2
      vertex -9.26093 -22.3579 2.2
      vertex -7.77882 -22.9157 2.2
    endloop
  endfacet
  facet normal 0 0 1
    outer loop
      vertex -10.3495 -20.9868 2.2
      vertex -9.26093 -22.3579 2.2
      vertex -8.95479 -21.6188 2.2
    endloop
  endfacet
  facet normal 0 0 1
    outer loop
      vertex -10.3495 -20.9868 2.2
      vertex -10.7034 -21.7043 2.2
      vertex -9.26093 -22.3579 2.2
    endloop
  endfacet
  facet normal 0 0 1
    outer loop
      vertex -11.7 -20.265 2.2
      vertex -10.7034 -21.7043 2.2
      vertex -10.3495 -20.9868 2.2
    endloop
  endfacet
  facet normal 0 0 1
    outer loop
      vertex -11.7 -20.265 2.2
      vertex -12.1 -20.9578 2.2
      vertex -10.7034 -21.7043 2.2
    endloop
  endfacet
  facet normal 0 0 1
    outer loop
      vertex -13.0003 -19.4564 2.2
      vertex -12.1 -20.9578 2.2
      vertex -11.7 -20.265 2.2
    endloop
  endfacet
  facet normal 0 0 1
    outer loop
      vertex -13.0003 -19.4564 2.2
      vertex -13.4448 -20.1216 2.2
      vertex -12.1 -20.9578 2.2
    endloop
  endfacet
  facet normal 0 0 1
    outer loop
      vertex -14.245 -18.5645 2.2
      vertex -13.4448 -20.1216 2.2
      vertex -13.0003 -19.4564 2.2
    endloop
  endfacet
  facet normal 0 0 1
    outer loop
      vertex -14.245 -18.5645 2.2
      vertex -14.732 -19.1991 2.2
      vertex -13.4448 -20.1216 2.2
    endloop
  endfacet
  facet normal 0 0 1
    outer loop
      vertex -15.4287 -17.593 2.2
      vertex -14.732 -19.1991 2.2
      vertex -14.245 -18.5645 2.2
    endloop
  endfacet
  facet normal 0 0 1
    outer loop
      vertex -15.4287 -17.593 2.2
      vertex -15.9562 -18.1945 2.2
      vertex -14.732 -19.1991 2.2
    endloop
  endfacet
  facet normal 0 0 1
    outer loop
      vertex -16.5463 -16.5463 2.2
      vertex -15.9562 -18.1945 2.2
      vertex -15.4287 -17.593 2.2
    endloop
  endfacet
  facet normal 0 0 1
    outer loop
      vertex -16.5463 -16.5463 2.2
      vertex -17.112 -17.112 2.2
      vertex -15.9562 -18.1945 2.2
    endloop
  endfacet
  facet normal 0 0 1
    outer loop
      vertex -17.593 -15.4287 2.2
      vertex -17.112 -17.112 2.2
      vertex -16.5463 -16.5463 2.2
    endloop
  endfacet
  facet normal 0 0 1
    outer loop
      vertex -17.593 -15.4287 2.2
      vertex -18.1945 -15.9562 2.2
      vertex -17.112 -17.112 2.2
    endloop
  endfacet
  facet normal 0 0 1
    outer loop
      vertex -18.5645 -14.245 2.2
      vertex -18.1945 -15.9562 2.2
      vertex -17.593 -15.4287 2.2
    endloop
  endfacet
  facet normal 0 0 1
    outer loop
      vertex -18.5645 -14.245 2.2
      vertex -19.1991 -14.732 2.2
      vertex -18.1945 -15.9562 2.2
    endloop
  endfacet
  facet normal 0 0 1
    outer loop
      vertex -19.4564 -13.0003 2.2
      vertex -19.1991 -14.732 2.2
      vertex -18.5645 -14.245 2.2
    endloop
  endfacet
  facet normal 0 0 1
    outer loop
      vertex -19.4564 -13.0003 2.2
      vertex -20.1216 -13.4448 2.2
      vertex -19.1991 -14.732 2.2
    endloop
  endfacet
  facet normal 0 0 1
    outer loop
      vertex -20.265 -11.7 2.2
      vertex -20.1216 -13.4448 2.2
      vertex -19.4564 -13.0003 2.2
    endloop
  endfacet
  facet normal 0 0 1
    outer loop
      vertex -20.265 -11.7 2.2
      vertex -20.9578 -12.1 2.2
      vertex -20.1216 -13.4448 2.2
    endloop
  endfacet
  facet normal 0 0 1
    outer loop
      vertex -20.9868 -10.3495 2.2
      vertex -20.9578 -12.1 2.2
      vertex -20.265 -11.7 2.2
    endloop
  endfacet
  facet normal 0 0 1
    outer loop
      vertex -21.7043 -10.7034 2.2
      vertex -20.9868 -10.3495 2.2
      vertex -21.6188 -8.95479 2.2
    endloop
  endfacet
  facet normal 0 0 1
    outer loop
      vertex -20.9868 -10.3495 2.2
      vertex -21.7043 -10.7034 2.2
      vertex -20.9578 -12.1 2.2
    endloop
  endfacet
  facet normal 0 0 1
    outer loop
      vertex -22.3579 -9.26093 2.2
      vertex -21.6188 -8.95479 2.2
      vertex -22.1582 -7.52168 2.2
    endloop
  endfacet
  facet normal 0 0 1
    outer loop
      vertex -21.6188 -8.95479 2.2
      vertex -22.3579 -9.26093 2.2
      vertex -21.7043 -10.7034 2.2
    endloop
  endfacet
  facet normal 0 0 1
    outer loop
      vertex -22.9157 -7.77882 2.2
      vertex -22.1582 -7.52168 2.2
      vertex -22.6027 -6.05635 2.2
    endloop
  endfacet
  facet normal 0 0 1
    outer loop
      vertex -22.1582 -7.52168 2.2
      vertex -22.9157 -7.77882 2.2
      vertex -22.3579 -9.26093 2.2
    endloop
  endfacet
  facet normal 0 0 1
    outer loop
      vertex -23.3754 -6.26341 2.2
      vertex -22.6027 -6.05635 2.2
      vertex -22.9504 -4.56511 2.2
    endloop
  endfacet
  facet normal 0 0 1
    outer loop
      vertex -23.735 -4.72118 2.2
      vertex -22.9504 -4.56511 2.2
      vertex -23.1998 -3.05431 2.2
    endloop
  endfacet
  facet normal 0 0 1
    outer loop
      vertex -23.993 -3.15872 2.2
      vertex -23.1998 -3.05431 2.2
      vertex -23.3499 -1.53043 2.2
    endloop
  endfacet
  facet normal 0 0 1
    outer loop
      vertex -22.6027 -6.05635 2.2
      vertex -23.3754 -6.26341 2.2
      vertex -22.9157 -7.77882 2.2
    endloop
  endfacet
  facet normal 0 0 1
    outer loop
      vertex -24.1482 -1.58275 2.2
      vertex -23.3499 -1.53043 2.2
      vertex -23.4 0 2.2
    endloop
  endfacet
  facet normal -0 0 1
    outer loop
      vertex -24.1482 1.58275 2.2
      vertex -23.3499 1.53043 2.2
      vertex -23.993 3.15872 2.2
    endloop
  endfacet
  facet normal 0 0 1
    outer loop
      vertex -22.9504 -4.56511 2.2
      vertex -23.735 -4.72118 2.2
      vertex -23.3754 -6.26341 2.2
    endloop
  endfacet
  facet normal 0 0 1
    outer loop
      vertex -23.3499 1.53043 2.2
      vertex -24.1482 1.58275 2.2
      vertex -23.4 0 2.2
    endloop
  endfacet
  facet normal 0 0 1
    outer loop
      vertex -23.1998 -3.05431 2.2
      vertex -23.993 -3.15872 2.2
      vertex -23.735 -4.72118 2.2
    endloop
  endfacet
  facet normal 0 0 1
    outer loop
      vertex -24.2 0 2.2
      vertex -23.4 0 2.2
      vertex -24.1482 1.58275 2.2
    endloop
  endfacet
  facet normal 0 0 1
    outer loop
      vertex -23.3499 -1.53043 2.2
      vertex -24.1482 -1.58275 2.2
      vertex -23.993 -3.15872 2.2
    endloop
  endfacet
  facet normal 0 0 1
    outer loop
      vertex -23.4 0 2.2
      vertex -24.2 0 2.2
      vertex -24.1482 -1.58275 2.2
    endloop
  endfacet
  facet normal 0 0 1
    outer loop
      vertex -6.2 0 2.2
      vertex -3.5 0 2.2
      vertex -5.59999 2.29999 2.2
    endloop
  endfacet
  facet normal 0 0 1
    outer loop
      vertex -3.5 0 2.2
      vertex -6.2 0 2.2
      vertex -4.39999 -3.39999 2.2
    endloop
  endfacet
  facet normal 0 0 1
    outer loop
      vertex -4.39999 -3.39999 2.2
      vertex -6.2 0 2.2
      vertex -8 -2.09999 2.2
    endloop
  endfacet
  facet normal 0 0 1
    outer loop
      vertex 2.7 8.2 2.2
      vertex -0.47612 6.03433 2.2
      vertex -0.474991 6 2.2
    endloop
  endfacet
  facet normal 0 0 1
    outer loop
      vertex 2.7 8.2 2.2
      vertex -0.479477 6.06851 2.2
      vertex -0.47612 6.03433 2.2
    endloop
  endfacet
  facet normal 0 0 1
    outer loop
      vertex 2.7 8.2 2.2
      vertex -0.485077 6.10242 2.2
      vertex -0.479477 6.06851 2.2
    endloop
  endfacet
  facet normal 0 0 1
    outer loop
      vertex 2.7 8.2 2.2
      vertex -0.492874 6.13588 2.2
      vertex -0.485077 6.10242 2.2
    endloop
  endfacet
  facet normal 0 0 1
    outer loop
      vertex 2.7 8.2 2.2
      vertex -0.502853 6.16875 2.2
      vertex -0.492874 6.13588 2.2
    endloop
  endfacet
  facet normal 0 0 1
    outer loop
      vertex 2.7 8.2 2.2
      vertex -0.514954 6.2009 2.2
      vertex -0.502853 6.16875 2.2
    endloop
  endfacet
  facet normal 0 0 1
    outer loop
      vertex 2.7 8.2 2.2
      vertex -0.529129 6.23219 2.2
      vertex -0.514954 6.2009 2.2
    endloop
  endfacet
  facet normal 0 0 1
    outer loop
      vertex 2.7 8.2 2.2
      vertex -0.545334 6.2625 2.2
      vertex -0.529129 6.23219 2.2
    endloop
  endfacet
  facet normal 0 0 1
    outer loop
      vertex 2.7 8.2 2.2
      vertex -0.563477 6.29167 2.2
      vertex -0.545334 6.2625 2.2
    endloop
  endfacet
  facet normal 0 0 1
    outer loop
      vertex 2.7 8.2 2.2
      vertex -0.583481 6.3196 2.2
      vertex -0.563477 6.29167 2.2
    endloop
  endfacet
  facet normal 0 0 1
    outer loop
      vertex -0.199997 9 2.2
      vertex -0.60527 6.34615 2.2
      vertex -0.583481 6.3196 2.2
    endloop
  endfacet
  facet normal 0 0 1
    outer loop
      vertex -0.199997 9 2.2
      vertex -0.628769 6.37122 2.2
      vertex -0.60527 6.34615 2.2
    endloop
  endfacet
  facet normal 0 0 1
    outer loop
      vertex -0.199997 9 2.2
      vertex -0.653839 6.39471 2.2
      vertex -0.628769 6.37122 2.2
    endloop
  endfacet
  facet normal 0 0 1
    outer loop
      vertex -0.199997 9 2.2
      vertex -0.680389 6.4165 2.2
      vertex -0.653839 6.39471 2.2
    endloop
  endfacet
  facet normal 0 0 1
    outer loop
      vertex -0.199997 9 2.2
      vertex -0.708313 6.43651 2.2
      vertex -0.680389 6.4165 2.2
    endloop
  endfacet
  facet normal 0 0 1
    outer loop
      vertex -0.199997 9 2.2
      vertex -0.737488 6.45465 2.2
      vertex -0.708313 6.43651 2.2
    endloop
  endfacet
  facet normal 0 0 1
    outer loop
      vertex -0.199997 9 2.2
      vertex -0.767792 6.47086 2.2
      vertex -0.737488 6.45465 2.2
    endloop
  endfacet
  facet normal 0 0 1
    outer loop
      vertex -0.199997 9 2.2
      vertex -0.799088 6.48503 2.2
      vertex -0.767792 6.47086 2.2
    endloop
  endfacet
  facet normal 0 0 1
    outer loop
      vertex -0.199997 9 2.2
      vertex -0.831238 6.49713 2.2
      vertex -0.799088 6.48503 2.2
    endloop
  endfacet
  facet normal 0 0 1
    outer loop
      vertex -0.199997 9 2.2
      vertex -0.864105 6.50711 2.2
      vertex -0.831238 6.49713 2.2
    endloop
  endfacet
  facet normal 0 0 1
    outer loop
      vertex -0.199997 9 2.2
      vertex -0.897568 6.51491 2.2
      vertex -0.864105 6.50711 2.2
    endloop
  endfacet
  facet normal 0 0 1
    outer loop
      vertex -0.199997 9 2.2
      vertex -0.931473 6.52051 2.2
      vertex -0.897568 6.51491 2.2
    endloop
  endfacet
  facet normal 0 0 1
    outer loop
      vertex -0.199997 9 2.2
      vertex -0.965652 6.52386 2.2
      vertex -0.931473 6.52051 2.2
    endloop
  endfacet
  facet normal 0 0 1
    outer loop
      vertex -0.199997 9 2.2
      vertex -1 6.52499 2.2
      vertex -0.965652 6.52386 2.2
    endloop
  endfacet
  facet normal 0 0 1
    outer loop
      vertex -0.199997 9 2.2
      vertex -1.03433 6.52386 2.2
      vertex -1 6.52499 2.2
    endloop
  endfacet
  facet normal 0 0 1
    outer loop
      vertex -0.199997 9 2.2
      vertex -1.06851 6.52051 2.2
      vertex -1.03433 6.52386 2.2
    endloop
  endfacet
  facet normal 0 0 1
    outer loop
      vertex -0.199997 9 2.2
      vertex -1.10242 6.51491 2.2
      vertex -1.06851 6.52051 2.2
    endloop
  endfacet
  facet normal 0 0 1
    outer loop
      vertex -0.199997 9 2.2
      vertex -1.13588 6.50711 2.2
      vertex -1.10242 6.51491 2.2
    endloop
  endfacet
  facet normal -0 0 1
    outer loop
      vertex -3 7.5 2.2
      vertex -1.13588 6.50711 2.2
      vertex -0.199997 9 2.2
    endloop
  endfacet
  facet normal 0 0 1
    outer loop
      vertex -1.13588 6.50711 2.2
      vertex -3 7.5 2.2
      vertex -1.16875 6.49713 2.2
    endloop
  endfacet
  facet normal 0 0 1
    outer loop
      vertex -1.16875 6.49713 2.2
      vertex -3 7.5 2.2
      vertex -1.2009 6.48503 2.2
    endloop
  endfacet
  facet normal 0 0 1
    outer loop
      vertex -1.2009 6.48503 2.2
      vertex -3 7.5 2.2
      vertex -1.23219 6.47086 2.2
    endloop
  endfacet
  facet normal 0 0 1
    outer loop
      vertex -1.23219 6.47086 2.2
      vertex -3 7.5 2.2
      vertex -1.2625 6.45465 2.2
    endloop
  endfacet
  facet normal 0 0 1
    outer loop
      vertex -1.2625 6.45465 2.2
      vertex -3 7.5 2.2
      vertex -1.29167 6.43651 2.2
    endloop
  endfacet
  facet normal 0 0 1
    outer loop
      vertex -1.29167 6.43651 2.2
      vertex -3 7.5 2.2
      vertex -1.3196 6.4165 2.2
    endloop
  endfacet
  facet normal 0 0 1
    outer loop
      vertex -1.3196 6.4165 2.2
      vertex -3 7.5 2.2
      vertex -1.34615 6.39471 2.2
    endloop
  endfacet
  facet normal 0 0 1
    outer loop
      vertex -1.34615 6.39471 2.2
      vertex -3 7.5 2.2
      vertex -1.37122 6.37122 2.2
    endloop
  endfacet
  facet normal 0 0 1
    outer loop
      vertex -1.37122 6.37122 2.2
      vertex -3 7.5 2.2
      vertex -1.39471 6.34615 2.2
    endloop
  endfacet
  facet normal 0 0 1
    outer loop
      vertex -1.39471 6.34615 2.2
      vertex -3 7.5 2.2
      vertex -1.4165 6.3196 2.2
    endloop
  endfacet
  facet normal 0 0 1
    outer loop
      vertex -1.4165 6.3196 2.2
      vertex -3 7.5 2.2
      vertex -1.43651 6.29167 2.2
    endloop
  endfacet
  facet normal 0 0 1
    outer loop
      vertex -1.43651 6.29167 2.2
      vertex -3 7.5 2.2
      vertex -1.45465 6.2625 2.2
    endloop
  endfacet
  facet normal 0 0 1
    outer loop
      vertex -3 7.5 2.2
      vertex -1.52499 6 2.2
      vertex -1.52386 6.03433 2.2
    endloop
  endfacet
  facet normal 0 0 1
    outer loop
      vertex -3 7.5 2.2
      vertex -1.52386 6.03433 2.2
      vertex -1.52051 6.06851 2.2
    endloop
  endfacet
  facet normal 0 0 1
    outer loop
      vertex -1.45465 6.2625 2.2
      vertex -3 7.5 2.2
      vertex -1.47086 6.23219 2.2
    endloop
  endfacet
  facet normal 0 0 1
    outer loop
      vertex -3 7.5 2.2
      vertex -1.48503 6.2009 2.2
      vertex -1.47086 6.23219 2.2
    endloop
  endfacet
  facet normal 0 0 1
    outer loop
      vertex -3 7.5 2.2
      vertex -1.49713 6.16875 2.2
      vertex -1.48503 6.2009 2.2
    endloop
  endfacet
  facet normal 0 0 1
    outer loop
      vertex -3 7.5 2.2
      vertex -1.50711 6.13588 2.2
      vertex -1.49713 6.16875 2.2
    endloop
  endfacet
  facet normal 0 0 1
    outer loop
      vertex -3 7.5 2.2
      vertex -1.51491 6.10242 2.2
      vertex -1.50711 6.13588 2.2
    endloop
  endfacet
  facet normal 0 0 1
    outer loop
      vertex -3 7.5 2.2
      vertex -1.52051 6.06851 2.2
      vertex -1.51491 6.10242 2.2
    endloop
  endfacet
  facet normal 0 0 1
    outer loop
      vertex -1.52499 6 2.2
      vertex -3 7.5 2.2
      vertex -5.39999 4 2.2
    endloop
  endfacet
  facet normal 0 0 1
    outer loop
      vertex -1.52499 6 2.2
      vertex -5.39999 4 2.2
      vertex -2 3 2.2
    endloop
  endfacet
  facet normal 0 0 1
    outer loop
      vertex -5.39999 4 2.2
      vertex -5.59999 2.29999 2.2
      vertex -2 3 2.2
    endloop
  endfacet
  facet normal -0 0 1
    outer loop
      vertex -8.59999 4 2.2
      vertex -5.59999 2.29999 2.2
      vertex -5.39999 4 2.2
    endloop
  endfacet
  facet normal 0 0 1
    outer loop
      vertex -10.1 0.699997 2.2
      vertex -5.59999 2.29999 2.2
      vertex -8.59999 4 2.2
    endloop
  endfacet
  facet normal 0 0 1
    outer loop
      vertex -5.59999 2.29999 2.2
      vertex -10.1 0.699997 2.2
      vertex -6.2 0 2.2
    endloop
  endfacet
  facet normal 0 -0 1
    outer loop
      vertex -10.1 0.699997 2.2
      vertex -8.59999 4 2.2
      vertex -12 3.2 2.2
    endloop
  endfacet
  facet normal 0 0 1
    outer loop
      vertex -0.47612 5.96565 2.2
      vertex 4.59999 6 2.2
      vertex 2.7 8.2 2.2
    endloop
  endfacet
  facet normal -0 0 1
    outer loop
      vertex 5.5 -4.29999 2.2
      vertex 10.9828 -6.11977 2.2
      vertex 10.6 0.0999908 2.2
    endloop
  endfacet
  facet normal 0 0 1
    outer loop
      vertex 5.2 -0.199997 2.2
      vertex 10.6 0.0999908 2.2
      vertex 7.39999 2.59999 2.2
    endloop
  endfacet
  facet normal 0 -0 1
    outer loop
      vertex 5.5 -4.29999 2.2
      vertex 10.6 0.0999908 2.2
      vertex 5.2 -0.199997 2.2
    endloop
  endfacet
  facet normal 0 0 1
    outer loop
      vertex 10.9828 -6.11977 2.2
      vertex 5.5 -4.29999 2.2
      vertex 10.7563 -6.30696 2.2
    endloop
  endfacet
  facet normal 0 0 1
    outer loop
      vertex 4 4 2.2
      vertex 5.2 -0.199997 2.2
      vertex 7.39999 2.59999 2.2
    endloop
  endfacet
  facet normal 0 0 1
    outer loop
      vertex 4.59999 6 2.2
      vertex -0.479477 5.93147 2.2
      vertex 4 4 2.2
    endloop
  endfacet
  facet normal 0 0 1
    outer loop
      vertex 4 4 2.2
      vertex 2 1.39999 2.2
      vertex 5.2 -0.199997 2.2
    endloop
  endfacet
  facet normal 0 0 1
    outer loop
      vertex -0.583481 6.3196 2.2
      vertex 2.7 8.2 2.2
      vertex -0.199997 9 2.2
    endloop
  endfacet
  facet normal 0 0 1
    outer loop
      vertex -0.47612 5.96565 2.2
      vertex 2.7 8.2 2.2
      vertex -0.474991 6 2.2
    endloop
  endfacet
  facet normal 0 0 1
    outer loop
      vertex 4.59999 6 2.2
      vertex -0.47612 5.96565 2.2
      vertex -0.479477 5.93147 2.2
    endloop
  endfacet
  facet normal 0 0 1
    outer loop
      vertex 4 4 2.2
      vertex -0.479477 5.93147 2.2
      vertex -0.485077 5.89757 2.2
    endloop
  endfacet
  facet normal 0 0 1
    outer loop
      vertex 4 4 2.2
      vertex -0.485077 5.89757 2.2
      vertex -0.492874 5.86411 2.2
    endloop
  endfacet
  facet normal 0 0 1
    outer loop
      vertex 4 4 2.2
      vertex -0.492874 5.86411 2.2
      vertex -0.502853 5.83124 2.2
    endloop
  endfacet
  facet normal -0 0 1
    outer loop
      vertex -0.514954 5.79909 2.2
      vertex 4 4 2.2
      vertex -0.502853 5.83124 2.2
    endloop
  endfacet
  facet normal -0 0 1
    outer loop
      vertex -0.529129 5.76779 2.2
      vertex 4 4 2.2
      vertex -0.514954 5.79909 2.2
    endloop
  endfacet
  facet normal -0 0 1
    outer loop
      vertex -0.545334 5.73749 2.2
      vertex 4 4 2.2
      vertex -0.529129 5.76779 2.2
    endloop
  endfacet
  facet normal -0 0 1
    outer loop
      vertex -0.563477 5.70831 2.2
      vertex 4 4 2.2
      vertex -0.545334 5.73749 2.2
    endloop
  endfacet
  facet normal -0 0 1
    outer loop
      vertex -0.583481 5.68039 2.2
      vertex 4 4 2.2
      vertex -0.563477 5.70831 2.2
    endloop
  endfacet
  facet normal -0 0 1
    outer loop
      vertex -0.60527 5.65384 2.2
      vertex 4 4 2.2
      vertex -0.583481 5.68039 2.2
    endloop
  endfacet
  facet normal 0 0 1
    outer loop
      vertex 4 4 2.2
      vertex -0.60527 5.65384 2.2
      vertex 2 1.39999 2.2
    endloop
  endfacet
  facet normal -0 0 1
    outer loop
      vertex -0.628769 5.62877 2.2
      vertex 2 1.39999 2.2
      vertex -0.60527 5.65384 2.2
    endloop
  endfacet
  facet normal -0 0 1
    outer loop
      vertex -0.653839 5.60527 2.2
      vertex 2 1.39999 2.2
      vertex -0.628769 5.62877 2.2
    endloop
  endfacet
  facet normal -0 0 1
    outer loop
      vertex -0.680389 5.58348 2.2
      vertex 2 1.39999 2.2
      vertex -0.653839 5.60527 2.2
    endloop
  endfacet
  facet normal -0 0 1
    outer loop
      vertex -0.708313 5.56348 2.2
      vertex 2 1.39999 2.2
      vertex -0.680389 5.58348 2.2
    endloop
  endfacet
  facet normal -0 0 1
    outer loop
      vertex -0.737488 5.54533 2.2
      vertex 2 1.39999 2.2
      vertex -0.708313 5.56348 2.2
    endloop
  endfacet
  facet normal 0 0 1
    outer loop
      vertex -2 3 2.2
      vertex -0.737488 5.54533 2.2
      vertex -0.767792 5.52913 2.2
    endloop
  endfacet
  facet normal 0 0 1
    outer loop
      vertex -2 3 2.2
      vertex -0.767792 5.52913 2.2
      vertex -0.799088 5.51495 2.2
    endloop
  endfacet
  facet normal 0 0 1
    outer loop
      vertex -2 3 2.2
      vertex -0.799088 5.51495 2.2
      vertex -0.831238 5.50285 2.2
    endloop
  endfacet
  facet normal 0 0 1
    outer loop
      vertex -2 3 2.2
      vertex -0.831238 5.50285 2.2
      vertex -0.864105 5.49287 2.2
    endloop
  endfacet
  facet normal 0 0 1
    outer loop
      vertex -2 3 2.2
      vertex -0.864105 5.49287 2.2
      vertex -0.897568 5.48508 2.2
    endloop
  endfacet
  facet normal 0 0 1
    outer loop
      vertex -2 3 2.2
      vertex -0.897568 5.48508 2.2
      vertex -0.931473 5.47948 2.2
    endloop
  endfacet
  facet normal 0 0 1
    outer loop
      vertex -2 3 2.2
      vertex -0.931473 5.47948 2.2
      vertex -0.965652 5.47612 2.2
    endloop
  endfacet
  facet normal 0 0 1
    outer loop
      vertex -2 3 2.2
      vertex -0.965652 5.47612 2.2
      vertex -1 5.47499 2.2
    endloop
  endfacet
  facet normal 0 0 1
    outer loop
      vertex -2 3 2.2
      vertex -1 5.47499 2.2
      vertex -1.03433 5.47612 2.2
    endloop
  endfacet
  facet normal 0 0 1
    outer loop
      vertex -2 3 2.2
      vertex -1.03433 5.47612 2.2
      vertex -1.06851 5.47948 2.2
    endloop
  endfacet
  facet normal 0 0 1
    outer loop
      vertex -2 3 2.2
      vertex -1.06851 5.47948 2.2
      vertex -1.10242 5.48508 2.2
    endloop
  endfacet
  facet normal 0 0 1
    outer loop
      vertex -2 3 2.2
      vertex -1.10242 5.48508 2.2
      vertex -1.13588 5.49287 2.2
    endloop
  endfacet
  facet normal 0 0 1
    outer loop
      vertex -2 3 2.2
      vertex -1.13588 5.49287 2.2
      vertex -1.16875 5.50285 2.2
    endloop
  endfacet
  facet normal 0 0 1
    outer loop
      vertex -2 3 2.2
      vertex -1.16875 5.50285 2.2
      vertex -1.2009 5.51495 2.2
    endloop
  endfacet
  facet normal 0 0 1
    outer loop
      vertex -2 3 2.2
      vertex -1.2009 5.51495 2.2
      vertex -1.23219 5.52913 2.2
    endloop
  endfacet
  facet normal 0 0 1
    outer loop
      vertex -2 3 2.2
      vertex -1.23219 5.52913 2.2
      vertex -1.2625 5.54533 2.2
    endloop
  endfacet
  facet normal 0 0 1
    outer loop
      vertex -2 3 2.2
      vertex -1.2625 5.54533 2.2
      vertex -1.29167 5.56348 2.2
    endloop
  endfacet
  facet normal 0 0 1
    outer loop
      vertex -2 3 2.2
      vertex -1.29167 5.56348 2.2
      vertex -1.3196 5.58348 2.2
    endloop
  endfacet
  facet normal 0 0 1
    outer loop
      vertex -2 3 2.2
      vertex -1.3196 5.58348 2.2
      vertex -1.34615 5.60527 2.2
    endloop
  endfacet
  facet normal 0 0 1
    outer loop
      vertex -2 3 2.2
      vertex -1.34615 5.60527 2.2
      vertex -1.37122 5.62877 2.2
    endloop
  endfacet
  facet normal 0 0 1
    outer loop
      vertex -2 3 2.2
      vertex -1.37122 5.62877 2.2
      vertex -1.39471 5.65384 2.2
    endloop
  endfacet
  facet normal 0 0 1
    outer loop
      vertex -2 3 2.2
      vertex -1.39471 5.65384 2.2
      vertex -1.4165 5.68039 2.2
    endloop
  endfacet
  facet normal 0 0 1
    outer loop
      vertex -0.737488 5.54533 2.2
      vertex -2 3 2.2
      vertex 2 1.39999 2.2
    endloop
  endfacet
  facet normal 0 0 1
    outer loop
      vertex -1.43651 5.70831 2.2
      vertex -2 3 2.2
      vertex -1.4165 5.68039 2.2
    endloop
  endfacet
  facet normal 0 0 1
    outer loop
      vertex -1.45465 5.73749 2.2
      vertex -2 3 2.2
      vertex -1.43651 5.70831 2.2
    endloop
  endfacet
  facet normal 0 0 1
    outer loop
      vertex -1.47086 5.76779 2.2
      vertex -2 3 2.2
      vertex -1.45465 5.73749 2.2
    endloop
  endfacet
  facet normal 0 0 1
    outer loop
      vertex -1.48503 5.79909 2.2
      vertex -2 3 2.2
      vertex -1.47086 5.76779 2.2
    endloop
  endfacet
  facet normal 0 0 1
    outer loop
      vertex -1.49713 5.83124 2.2
      vertex -2 3 2.2
      vertex -1.48503 5.79909 2.2
    endloop
  endfacet
  facet normal 0 0 1
    outer loop
      vertex -1.50711 5.86411 2.2
      vertex -2 3 2.2
      vertex -1.49713 5.83124 2.2
    endloop
  endfacet
  facet normal 0 0 1
    outer loop
      vertex -1.51491 5.89757 2.2
      vertex -2 3 2.2
      vertex -1.50711 5.86411 2.2
    endloop
  endfacet
  facet normal 0 0 1
    outer loop
      vertex -1.52051 5.93147 2.2
      vertex -2 3 2.2
      vertex -1.51491 5.89757 2.2
    endloop
  endfacet
  facet normal 0 0 1
    outer loop
      vertex -1.52386 5.96565 2.2
      vertex -2 3 2.2
      vertex -1.52051 5.93147 2.2
    endloop
  endfacet
  facet normal 0 0 1
    outer loop
      vertex -2 3 2.2
      vertex -1.52386 5.96565 2.2
      vertex -1.52499 6 2.2
    endloop
  endfacet
  facet normal 0 0 1
    outer loop
      vertex 14 14 2.2
      vertex 12.7 13.5 2.2
      vertex 14 -5 2.2
    endloop
  endfacet
  facet normal -0 0 1
    outer loop
      vertex 10.8 15.5 2.2
      vertex 14 14 2.2
      vertex 11.5 17 2.2
    endloop
  endfacet
  facet normal 0 0 1
    outer loop
      vertex 14 14 2.2
      vertex 10.8 15.5 2.2
      vertex 12.7 13.5 2.2
    endloop
  endfacet
  facet normal 0 0 1
    outer loop
      vertex 11.5 17 2.2
      vertex -10.8 15.5 2.2
      vertex 10.8 15.5 2.2
    endloop
  endfacet
  facet normal -0 0 1
    outer loop
      vertex -11.5 17 2.2
      vertex -10.8 15.5 2.2
      vertex 11.5 17 2.2
    endloop
  endfacet
  facet normal 0 0 1
    outer loop
      vertex -14 14 2.2
      vertex -10.8 15.5 2.2
      vertex -11.5 17 2.2
    endloop
  endfacet
  facet normal 0 0 1
    outer loop
      vertex -14 -5 2.2
      vertex -12.7 13.5 2.2
      vertex -14 14 2.2
    endloop
  endfacet
  facet normal 0 0 1
    outer loop
      vertex -10.8 15.5 2.2
      vertex -14 14 2.2
      vertex -12.7 13.5 2.2
    endloop
  endfacet
  facet normal -0 0 1
    outer loop
      vertex 12.7 -4.7 2.2
      vertex 14 -5 2.2
      vertex 12.7 13.5 2.2
    endloop
  endfacet
  facet normal 0 0 1
    outer loop
      vertex 10.9828 -6.11977 2.2
      vertex 14 -5 2.2
      vertex 12.7 -4.7 2.2
    endloop
  endfacet
  facet normal 0 0 1
    outer loop
      vertex 10.7563 -6.30696 2.2
      vertex 14 -5 2.2
      vertex 10.9828 -6.11977 2.2
    endloop
  endfacet
  facet normal 0 0 1
    outer loop
      vertex 0 -17 2.2
      vertex 10.7563 -6.30696 2.2
      vertex 0 -15.2 2.2
    endloop
  endfacet
  facet normal -0 0 1
    outer loop
      vertex 10.7563 -6.30696 2.2
      vertex 0 -17 2.2
      vertex 14 -5 2.2
    endloop
  endfacet
  facet normal -0 0 1
    outer loop
      vertex -14 -5 2.2
      vertex 0 -15.2 2.2
      vertex -12.7 -4.7 2.2
    endloop
  endfacet
  facet normal 0 0 1
    outer loop
      vertex 0 -15.2 2.2
      vertex -14 -5 2.2
      vertex 0 -17 2.2
    endloop
  endfacet
  facet normal 0 0 1
    outer loop
      vertex -12.7 13.5 2.2
      vertex -14 -5 2.2
      vertex -12.7 -4.7 2.2
    endloop
  endfacet
  facet normal -0 0 1
    outer loop
      vertex 3.39999 -1.7 2.2
      vertex 5.5 -4.29999 2.2
      vertex 5.2 -0.199997 2.2
    endloop
  endfacet
  facet normal 0 0 1
    outer loop
      vertex 3.39999 -1.7 2.2
      vertex 2.59999 -5.09999 2.2
      vertex 5.5 -4.29999 2.2
    endloop
  endfacet
  facet normal 0 0 1
    outer loop
      vertex 3.39999 -1.7 2.2
      vertex 0.199997 -3.79999 2.2
      vertex 2.59999 -5.09999 2.2
    endloop
  endfacet
  facet normal 0 0 1
    outer loop
      vertex -0.199997 -0.599991 2.2
      vertex 0.199997 -3.79999 2.2
      vertex 3.39999 -1.7 2.2
    endloop
  endfacet
  facet normal -0 0 1
    outer loop
      vertex -4.39999 -3.39999 2.2
      vertex 0.199997 -3.79999 2.2
      vertex -0.199997 -0.599991 2.2
    endloop
  endfacet
  facet normal 0 0 1
    outer loop
      vertex -4.39999 -3.39999 2.2
      vertex -0.199997 -0.599991 2.2
      vertex -3.5 0 2.2
    endloop
  endfacet
  facet normal 0 0 1
    outer loop
      vertex 0.199997 -3.79999 2.2
      vertex -4.39999 -3.39999 2.2
      vertex -2.59999 -7 2.2
    endloop
  endfacet
  facet normal 0 0 1
    outer loop
      vertex -2.59999 -7 2.2
      vertex -4.39999 -3.39999 2.2
      vertex -5.89999 -6.29999 2.2
    endloop
  endfacet
  facet normal 0.0980049 -0.995186 0
    outer loop
      vertex 1.58275 -24.1482 1.6
      vertex 3.15872 -23.993 2.2
      vertex 1.58275 -24.1482 2.2
    endloop
  endfacet
  facet normal 0.0980049 -0.995186 0
    outer loop
      vertex 3.15872 -23.993 2.2
      vertex 1.58275 -24.1482 1.6
      vertex 3.15872 -23.993 1.6
    endloop
  endfacet
  facet normal 0.162918 -0.98664 0
    outer loop
      vertex 3.15872 -23.993 1.6
      vertex 4.72118 -23.735 2.2
      vertex 3.15872 -23.993 2.2
    endloop
  endfacet
  facet normal 0.162918 -0.98664 0
    outer loop
      vertex 4.72118 -23.735 2.2
      vertex 3.15872 -23.993 1.6
      vertex 4.72118 -23.735 1.6
    endloop
  endfacet
  facet normal 0.227078 -0.973877 0
    outer loop
      vertex 4.72118 -23.735 1.6
      vertex 6.26341 -23.3754 2.2
      vertex 4.72118 -23.735 2.2
    endloop
  endfacet
  facet normal 0.227078 -0.973877 0
    outer loop
      vertex 6.26341 -23.3754 2.2
      vertex 4.72118 -23.735 1.6
      vertex 6.26341 -23.3754 1.6
    endloop
  endfacet
  facet normal 0.290288 -0.956939 0
    outer loop
      vertex 6.26341 -23.3754 1.6
      vertex 7.77882 -22.9157 2.2
      vertex 6.26341 -23.3754 2.2
    endloop
  endfacet
  facet normal 0.290288 -0.956939 0
    outer loop
      vertex 7.77882 -22.9157 2.2
      vertex 6.26341 -23.3754 1.6
      vertex 7.77882 -22.9157 1.6
    endloop
  endfacet
  facet normal 0.352235 -0.935911 0
    outer loop
      vertex 7.77882 -22.9157 1.6
      vertex 9.26093 -22.3579 2.2
      vertex 7.77882 -22.9157 2.2
    endloop
  endfacet
  facet normal 0.352235 -0.935911 0
    outer loop
      vertex 9.26093 -22.3579 2.2
      vertex 7.77882 -22.9157 1.6
      vertex 9.26093 -22.3579 1.6
    endloop
  endfacet
  facet normal 0.41272 -0.910858 0
    outer loop
      vertex 9.26093 -22.3579 1.6
      vertex 10.7034 -21.7043 2.2
      vertex 9.26093 -22.3579 2.2
    endloop
  endfacet
  facet normal 0.41272 -0.910858 0
    outer loop
      vertex 10.7034 -21.7043 2.2
      vertex 9.26093 -22.3579 1.6
      vertex 10.7034 -21.7043 1.6
    endloop
  endfacet
  facet normal 0.471398 -0.881921 0
    outer loop
      vertex 10.7034 -21.7043 1.6
      vertex 12.1 -20.9578 2.2
      vertex 10.7034 -21.7043 2.2
    endloop
  endfacet
  facet normal 0.471398 -0.881921 0
    outer loop
      vertex 12.1 -20.9578 2.2
      vertex 10.7034 -21.7043 1.6
      vertex 12.1 -20.9578 1.6
    endloop
  endfacet
  facet normal 0.528045 -0.849216 0
    outer loop
      vertex 12.1 -20.9578 1.6
      vertex 13.4448 -20.1216 2.2
      vertex 12.1 -20.9578 2.2
    endloop
  endfacet
  facet normal 0.528045 -0.849216 0
    outer loop
      vertex 13.4448 -20.1216 2.2
      vertex 12.1 -20.9578 1.6
      vertex 13.4448 -20.1216 1.6
    endloop
  endfacet
  facet normal 0.582522 -0.812815 0
    outer loop
      vertex 13.4448 -20.1216 1.6
      vertex 14.732 -19.1991 2.2
      vertex 13.4448 -20.1216 2.2
    endloop
  endfacet
  facet normal 0.582522 -0.812815 0
    outer loop
      vertex 14.732 -19.1991 2.2
      vertex 13.4448 -20.1216 1.6
      vertex 14.732 -19.1991 1.6
    endloop
  endfacet
  facet normal 0.634365 -0.773034 0
    outer loop
      vertex 14.732 -19.1991 1.6
      vertex 15.9562 -18.1945 2.2
      vertex 14.732 -19.1991 2.2
    endloop
  endfacet
  facet normal 0.634365 -0.773034 0
    outer loop
      vertex 15.9562 -18.1945 2.2
      vertex 14.732 -19.1991 1.6
      vertex 15.9562 -18.1945 1.6
    endloop
  endfacet
  facet normal 0.683584 -0.729872 0
    outer loop
      vertex 15.9562 -18.1945 1.6
      vertex 17.112 -17.112 2.2
      vertex 15.9562 -18.1945 2.2
    endloop
  endfacet
  facet normal 0.683584 -0.729872 0
    outer loop
      vertex 17.112 -17.112 2.2
      vertex 15.9562 -18.1945 1.6
      vertex 17.112 -17.112 1.6
    endloop
  endfacet
  facet normal 0.729872 -0.683584 0
    outer loop
      vertex 17.112 -17.112 2.2
      vertex 18.1945 -15.9562 1.6
      vertex 18.1945 -15.9562 2.2
    endloop
  endfacet
  facet normal 0.729872 -0.683584 0
    outer loop
      vertex 18.1945 -15.9562 1.6
      vertex 17.112 -17.112 2.2
      vertex 17.112 -17.112 1.6
    endloop
  endfacet
  facet normal 0.773034 -0.634365 0
    outer loop
      vertex 18.1945 -15.9562 2.2
      vertex 19.1991 -14.732 1.6
      vertex 19.1991 -14.732 2.2
    endloop
  endfacet
  facet normal 0.773034 -0.634365 0
    outer loop
      vertex 19.1991 -14.732 1.6
      vertex 18.1945 -15.9562 2.2
      vertex 18.1945 -15.9562 1.6
    endloop
  endfacet
  facet normal 0.812815 -0.582522 0
    outer loop
      vertex 19.1991 -14.732 2.2
      vertex 20.1216 -13.4448 1.6
      vertex 20.1216 -13.4448 2.2
    endloop
  endfacet
  facet normal 0.812815 -0.582522 0
    outer loop
      vertex 20.1216 -13.4448 1.6
      vertex 19.1991 -14.732 2.2
      vertex 19.1991 -14.732 1.6
    endloop
  endfacet
  facet normal 0.849216 -0.528045 0
    outer loop
      vertex 20.1216 -13.4448 2.2
      vertex 20.9578 -12.1 1.6
      vertex 20.9578 -12.1 2.2
    endloop
  endfacet
  facet normal 0.849216 -0.528045 0
    outer loop
      vertex 20.9578 -12.1 1.6
      vertex 20.1216 -13.4448 2.2
      vertex 20.1216 -13.4448 1.6
    endloop
  endfacet
  facet normal 0.881921 -0.471398 0
    outer loop
      vertex 20.9578 -12.1 2.2
      vertex 21.7043 -10.7034 1.6
      vertex 21.7043 -10.7034 2.2
    endloop
  endfacet
  facet normal 0.881921 -0.471398 0
    outer loop
      vertex 21.7043 -10.7034 1.6
      vertex 20.9578 -12.1 2.2
      vertex 20.9578 -12.1 1.6
    endloop
  endfacet
  facet normal 0.910858 -0.41272 0
    outer loop
      vertex 21.7043 -10.7034 2.2
      vertex 22.3579 -9.26093 1.6
      vertex 22.3579 -9.26093 2.2
    endloop
  endfacet
  facet normal 0.910858 -0.41272 0
    outer loop
      vertex 22.3579 -9.26093 1.6
      vertex 21.7043 -10.7034 2.2
      vertex 21.7043 -10.7034 1.6
    endloop
  endfacet
  facet normal 0.935911 -0.352235 0
    outer loop
      vertex 22.3579 -9.26093 2.2
      vertex 22.9157 -7.77882 1.6
      vertex 22.9157 -7.77882 2.2
    endloop
  endfacet
  facet normal 0.935911 -0.352235 0
    outer loop
      vertex 22.9157 -7.77882 1.6
      vertex 22.3579 -9.26093 2.2
      vertex 22.3579 -9.26093 1.6
    endloop
  endfacet
  facet normal 0.956939 -0.290288 0
    outer loop
      vertex 22.9157 -7.77882 2.2
      vertex 23.3754 -6.26341 1.6
      vertex 23.3754 -6.26341 2.2
    endloop
  endfacet
  facet normal 0.956939 -0.290288 0
    outer loop
      vertex 23.3754 -6.26341 1.6
      vertex 22.9157 -7.77882 2.2
      vertex 22.9157 -7.77882 1.6
    endloop
  endfacet
  facet normal 0.973877 -0.227078 0
    outer loop
      vertex 23.3754 -6.26341 2.2
      vertex 23.735 -4.72118 1.6
      vertex 23.735 -4.72118 2.2
    endloop
  endfacet
  facet normal 0.973877 -0.227078 0
    outer loop
      vertex 23.735 -4.72118 1.6
      vertex 23.3754 -6.26341 2.2
      vertex 23.3754 -6.26341 1.6
    endloop
  endfacet
  facet normal 0.98664 -0.162918 0
    outer loop
      vertex 23.735 -4.72118 2.2
      vertex 23.993 -3.15872 1.6
      vertex 23.993 -3.15872 2.2
    endloop
  endfacet
  facet normal 0.98664 -0.162918 0
    outer loop
      vertex 23.993 -3.15872 1.6
      vertex 23.735 -4.72118 2.2
      vertex 23.735 -4.72118 1.6
    endloop
  endfacet
  facet normal 0.995186 -0.0980049 0
    outer loop
      vertex 23.993 -3.15872 2.2
      vertex 24.1482 -1.58275 1.6
      vertex 24.1482 -1.58275 2.2
    endloop
  endfacet
  facet normal 0.995186 -0.0980049 0
    outer loop
      vertex 24.1482 -1.58275 1.6
      vertex 23.993 -3.15872 2.2
      vertex 23.993 -3.15872 1.6
    endloop
  endfacet
  facet normal 0.999465 -0.0327103 0
    outer loop
      vertex 24.1482 -1.58275 2.2
      vertex 24.2 0 1.6
      vertex 24.2 0 2.2
    endloop
  endfacet
  facet normal 0.999465 -0.0327103 0
    outer loop
      vertex 24.2 0 1.6
      vertex 24.1482 -1.58275 2.2
      vertex 24.1482 -1.58275 1.6
    endloop
  endfacet
  facet normal 0.999465 0.0327103 0
    outer loop
      vertex 24.2 0 2.2
      vertex 24.1482 1.58275 1.6
      vertex 24.1482 1.58275 2.2
    endloop
  endfacet
  facet normal 0.999465 0.0327103 0
    outer loop
      vertex 24.1482 1.58275 1.6
      vertex 24.2 0 2.2
      vertex 24.2 0 1.6
    endloop
  endfacet
  facet normal 0.995186 0.0980049 0
    outer loop
      vertex 24.1482 1.58275 2.2
      vertex 23.993 3.15872 1.6
      vertex 23.993 3.15872 2.2
    endloop
  endfacet
  facet normal 0.995186 0.0980049 0
    outer loop
      vertex 23.993 3.15872 1.6
      vertex 24.1482 1.58275 2.2
      vertex 24.1482 1.58275 1.6
    endloop
  endfacet
  facet normal 0.98664 0.162918 0
    outer loop
      vertex 23.993 3.15872 2.2
      vertex 23.735 4.72118 1.6
      vertex 23.735 4.72118 2.2
    endloop
  endfacet
  facet normal 0.98664 0.162918 0
    outer loop
      vertex 23.735 4.72118 1.6
      vertex 23.993 3.15872 2.2
      vertex 23.993 3.15872 1.6
    endloop
  endfacet
  facet normal 0.973877 0.227078 0
    outer loop
      vertex 23.735 4.72118 2.2
      vertex 23.3754 6.26341 1.6
      vertex 23.3754 6.26341 2.2
    endloop
  endfacet
  facet normal 0.973877 0.227078 0
    outer loop
      vertex 23.3754 6.26341 1.6
      vertex 23.735 4.72118 2.2
      vertex 23.735 4.72118 1.6
    endloop
  endfacet
  facet normal 0.956939 0.290288 0
    outer loop
      vertex 23.3754 6.26341 2.2
      vertex 22.9157 7.77882 1.6
      vertex 22.9157 7.77882 2.2
    endloop
  endfacet
  facet normal 0.956939 0.290288 0
    outer loop
      vertex 22.9157 7.77882 1.6
      vertex 23.3754 6.26341 2.2
      vertex 23.3754 6.26341 1.6
    endloop
  endfacet
  facet normal 0.935911 0.352235 0
    outer loop
      vertex 22.9157 7.77882 2.2
      vertex 22.3579 9.26093 1.6
      vertex 22.3579 9.26093 2.2
    endloop
  endfacet
  facet normal 0.935911 0.352235 0
    outer loop
      vertex 22.3579 9.26093 1.6
      vertex 22.9157 7.77882 2.2
      vertex 22.9157 7.77882 1.6
    endloop
  endfacet
  facet normal 0.910858 0.41272 0
    outer loop
      vertex 22.3579 9.26093 2.2
      vertex 21.7043 10.7034 1.6
      vertex 21.7043 10.7034 2.2
    endloop
  endfacet
  facet normal 0.910858 0.41272 0
    outer loop
      vertex 21.7043 10.7034 1.6
      vertex 22.3579 9.26093 2.2
      vertex 22.3579 9.26093 1.6
    endloop
  endfacet
  facet normal 0.881921 0.471398 0
    outer loop
      vertex 21.7043 10.7034 2.2
      vertex 20.9578 12.1 1.6
      vertex 20.9578 12.1 2.2
    endloop
  endfacet
  facet normal 0.881921 0.471398 0
    outer loop
      vertex 20.9578 12.1 1.6
      vertex 21.7043 10.7034 2.2
      vertex 21.7043 10.7034 1.6
    endloop
  endfacet
  facet normal 0.849216 0.528045 0
    outer loop
      vertex 20.9578 12.1 2.2
      vertex 20.1216 13.4448 1.6
      vertex 20.1216 13.4448 2.2
    endloop
  endfacet
  facet normal 0.849216 0.528045 0
    outer loop
      vertex 20.1216 13.4448 1.6
      vertex 20.9578 12.1 2.2
      vertex 20.9578 12.1 1.6
    endloop
  endfacet
  facet normal 0.812815 0.582522 0
    outer loop
      vertex 20.1216 13.4448 2.2
      vertex 19.1991 14.732 1.6
      vertex 19.1991 14.732 2.2
    endloop
  endfacet
  facet normal 0.812815 0.582522 0
    outer loop
      vertex 19.1991 14.732 1.6
      vertex 20.1216 13.4448 2.2
      vertex 20.1216 13.4448 1.6
    endloop
  endfacet
  facet normal 0.773034 0.634365 0
    outer loop
      vertex 19.1991 14.732 2.2
      vertex 18.1945 15.9562 1.6
      vertex 18.1945 15.9562 2.2
    endloop
  endfacet
  facet normal 0.773034 0.634365 0
    outer loop
      vertex 18.1945 15.9562 1.6
      vertex 19.1991 14.732 2.2
      vertex 19.1991 14.732 1.6
    endloop
  endfacet
  facet normal 0.729872 0.683584 0
    outer loop
      vertex 18.1945 15.9562 2.2
      vertex 17.112 17.112 1.6
      vertex 17.112 17.112 2.2
    endloop
  endfacet
  facet normal 0.729872 0.683584 0
    outer loop
      vertex 17.112 17.112 1.6
      vertex 18.1945 15.9562 2.2
      vertex 18.1945 15.9562 1.6
    endloop
  endfacet
  facet normal 0.683584 0.729872 -0
    outer loop
      vertex 17.112 17.112 1.6
      vertex 15.9562 18.1945 2.2
      vertex 17.112 17.112 2.2
    endloop
  endfacet
  facet normal 0.683584 0.729872 0
    outer loop
      vertex 15.9562 18.1945 2.2
      vertex 17.112 17.112 1.6
      vertex 15.9562 18.1945 1.6
    endloop
  endfacet
  facet normal 0.634365 0.773034 -0
    outer loop
      vertex 15.9562 18.1945 1.6
      vertex 14.732 19.1991 2.2
      vertex 15.9562 18.1945 2.2
    endloop
  endfacet
  facet normal 0.634365 0.773034 0
    outer loop
      vertex 14.732 19.1991 2.2
      vertex 15.9562 18.1945 1.6
      vertex 14.732 19.1991 1.6
    endloop
  endfacet
  facet normal 0.582522 0.812815 -0
    outer loop
      vertex 14.732 19.1991 1.6
      vertex 13.4448 20.1216 2.2
      vertex 14.732 19.1991 2.2
    endloop
  endfacet
  facet normal 0.582522 0.812815 0
    outer loop
      vertex 13.4448 20.1216 2.2
      vertex 14.732 19.1991 1.6
      vertex 13.4448 20.1216 1.6
    endloop
  endfacet
  facet normal 0.528045 0.849216 -0
    outer loop
      vertex 13.4448 20.1216 1.6
      vertex 12.1 20.9578 2.2
      vertex 13.4448 20.1216 2.2
    endloop
  endfacet
  facet normal 0.528045 0.849216 0
    outer loop
      vertex 12.1 20.9578 2.2
      vertex 13.4448 20.1216 1.6
      vertex 12.1 20.9578 1.6
    endloop
  endfacet
  facet normal 0.471398 0.881921 -0
    outer loop
      vertex 12.1 20.9578 1.6
      vertex 10.7034 21.7043 2.2
      vertex 12.1 20.9578 2.2
    endloop
  endfacet
  facet normal 0.471398 0.881921 0
    outer loop
      vertex 10.7034 21.7043 2.2
      vertex 12.1 20.9578 1.6
      vertex 10.7034 21.7043 1.6
    endloop
  endfacet
  facet normal 0.41272 0.910858 -0
    outer loop
      vertex 10.7034 21.7043 1.6
      vertex 9.26093 22.3579 2.2
      vertex 10.7034 21.7043 2.2
    endloop
  endfacet
  facet normal 0.41272 0.910858 0
    outer loop
      vertex 9.26093 22.3579 2.2
      vertex 10.7034 21.7043 1.6
      vertex 9.26093 22.3579 1.6
    endloop
  endfacet
  facet normal 0.352235 0.935911 -0
    outer loop
      vertex 9.26093 22.3579 1.6
      vertex 7.77882 22.9157 2.2
      vertex 9.26093 22.3579 2.2
    endloop
  endfacet
  facet normal 0.352235 0.935911 0
    outer loop
      vertex 7.77882 22.9157 2.2
      vertex 9.26093 22.3579 1.6
      vertex 7.77882 22.9157 1.6
    endloop
  endfacet
  facet normal 0.290288 0.956939 -0
    outer loop
      vertex 7.77882 22.9157 1.6
      vertex 6.26341 23.3754 2.2
      vertex 7.77882 22.9157 2.2
    endloop
  endfacet
  facet normal 0.290288 0.956939 0
    outer loop
      vertex 6.26341 23.3754 2.2
      vertex 7.77882 22.9157 1.6
      vertex 6.26341 23.3754 1.6
    endloop
  endfacet
  facet normal 0.227078 0.973877 -0
    outer loop
      vertex 6.26341 23.3754 1.6
      vertex 4.72118 23.735 2.2
      vertex 6.26341 23.3754 2.2
    endloop
  endfacet
  facet normal 0.227078 0.973877 0
    outer loop
      vertex 4.72118 23.735 2.2
      vertex 6.26341 23.3754 1.6
      vertex 4.72118 23.735 1.6
    endloop
  endfacet
  facet normal 0.162918 0.98664 -0
    outer loop
      vertex 4.72118 23.735 1.6
      vertex 3.15872 23.993 2.2
      vertex 4.72118 23.735 2.2
    endloop
  endfacet
  facet normal 0.162918 0.98664 0
    outer loop
      vertex 3.15872 23.993 2.2
      vertex 4.72118 23.735 1.6
      vertex 3.15872 23.993 1.6
    endloop
  endfacet
  facet normal 0.0980049 0.995186 -0
    outer loop
      vertex 3.15872 23.993 1.6
      vertex 1.58275 24.1482 2.2
      vertex 3.15872 23.993 2.2
    endloop
  endfacet
  facet normal 0.0980049 0.995186 0
    outer loop
      vertex 1.58275 24.1482 2.2
      vertex 3.15872 23.993 1.6
      vertex 1.58275 24.1482 1.6
    endloop
  endfacet
  facet normal 0.0327103 0.999465 -0
    outer loop
      vertex 1.58275 24.1482 1.6
      vertex 0 24.2 2.2
      vertex 1.58275 24.1482 2.2
    endloop
  endfacet
  facet normal 0.0327103 0.999465 0
    outer loop
      vertex 0 24.2 2.2
      vertex 1.58275 24.1482 1.6
      vertex 0 24.2 1.6
    endloop
  endfacet
  facet normal -0.0327103 0.999465 0
    outer loop
      vertex 0 24.2 1.6
      vertex -1.58275 24.1482 2.2
      vertex 0 24.2 2.2
    endloop
  endfacet
  facet normal -0.0327103 0.999465 0
    outer loop
      vertex -1.58275 24.1482 2.2
      vertex 0 24.2 1.6
      vertex -1.58275 24.1482 1.6
    endloop
  endfacet
  facet normal -0.0980049 0.995186 0
    outer loop
      vertex -1.58275 24.1482 1.6
      vertex -3.15872 23.993 2.2
      vertex -1.58275 24.1482 2.2
    endloop
  endfacet
  facet normal -0.0980049 0.995186 0
    outer loop
      vertex -3.15872 23.993 2.2
      vertex -1.58275 24.1482 1.6
      vertex -3.15872 23.993 1.6
    endloop
  endfacet
  facet normal -0.162918 0.98664 0
    outer loop
      vertex -3.15872 23.993 1.6
      vertex -4.72118 23.735 2.2
      vertex -3.15872 23.993 2.2
    endloop
  endfacet
  facet normal -0.162918 0.98664 0
    outer loop
      vertex -4.72118 23.735 2.2
      vertex -3.15872 23.993 1.6
      vertex -4.72118 23.735 1.6
    endloop
  endfacet
  facet normal -0.227078 0.973877 0
    outer loop
      vertex -4.72118 23.735 1.6
      vertex -6.26341 23.3754 2.2
      vertex -4.72118 23.735 2.2
    endloop
  endfacet
  facet normal -0.227078 0.973877 0
    outer loop
      vertex -6.26341 23.3754 2.2
      vertex -4.72118 23.735 1.6
      vertex -6.26341 23.3754 1.6
    endloop
  endfacet
  facet normal -0.290288 0.956939 0
    outer loop
      vertex -6.26341 23.3754 1.6
      vertex -7.77882 22.9157 2.2
      vertex -6.26341 23.3754 2.2
    endloop
  endfacet
  facet normal -0.290288 0.956939 0
    outer loop
      vertex -7.77882 22.9157 2.2
      vertex -6.26341 23.3754 1.6
      vertex -7.77882 22.9157 1.6
    endloop
  endfacet
  facet normal -0.352235 0.935911 0
    outer loop
      vertex -7.77882 22.9157 1.6
      vertex -9.26093 22.3579 2.2
      vertex -7.77882 22.9157 2.2
    endloop
  endfacet
  facet normal -0.352235 0.935911 0
    outer loop
      vertex -9.26093 22.3579 2.2
      vertex -7.77882 22.9157 1.6
      vertex -9.26093 22.3579 1.6
    endloop
  endfacet
  facet normal -0.41272 0.910858 0
    outer loop
      vertex -9.26093 22.3579 1.6
      vertex -10.7034 21.7043 2.2
      vertex -9.26093 22.3579 2.2
    endloop
  endfacet
  facet normal -0.41272 0.910858 0
    outer loop
      vertex -10.7034 21.7043 2.2
      vertex -9.26093 22.3579 1.6
      vertex -10.7034 21.7043 1.6
    endloop
  endfacet
  facet normal -0.471398 0.881921 0
    outer loop
      vertex -10.7034 21.7043 1.6
      vertex -12.1 20.9578 2.2
      vertex -10.7034 21.7043 2.2
    endloop
  endfacet
  facet normal -0.471398 0.881921 0
    outer loop
      vertex -12.1 20.9578 2.2
      vertex -10.7034 21.7043 1.6
      vertex -12.1 20.9578 1.6
    endloop
  endfacet
  facet normal -0.528045 0.849216 0
    outer loop
      vertex -12.1 20.9578 1.6
      vertex -13.4448 20.1216 2.2
      vertex -12.1 20.9578 2.2
    endloop
  endfacet
  facet normal -0.528045 0.849216 0
    outer loop
      vertex -13.4448 20.1216 2.2
      vertex -12.1 20.9578 1.6
      vertex -13.4448 20.1216 1.6
    endloop
  endfacet
  facet normal -0.582522 0.812815 0
    outer loop
      vertex -13.4448 20.1216 1.6
      vertex -14.732 19.1991 2.2
      vertex -13.4448 20.1216 2.2
    endloop
  endfacet
  facet normal -0.582522 0.812815 0
    outer loop
      vertex -14.732 19.1991 2.2
      vertex -13.4448 20.1216 1.6
      vertex -14.732 19.1991 1.6
    endloop
  endfacet
  facet normal -0.634365 0.773034 0
    outer loop
      vertex -14.732 19.1991 1.6
      vertex -15.9562 18.1945 2.2
      vertex -14.732 19.1991 2.2
    endloop
  endfacet
  facet normal -0.634365 0.773034 0
    outer loop
      vertex -15.9562 18.1945 2.2
      vertex -14.732 19.1991 1.6
      vertex -15.9562 18.1945 1.6
    endloop
  endfacet
  facet normal -0.683584 0.729872 0
    outer loop
      vertex -15.9562 18.1945 1.6
      vertex -17.112 17.112 2.2
      vertex -15.9562 18.1945 2.2
    endloop
  endfacet
  facet normal -0.683584 0.729872 0
    outer loop
      vertex -17.112 17.112 2.2
      vertex -15.9562 18.1945 1.6
      vertex -17.112 17.112 1.6
    endloop
  endfacet
  facet normal -0.729872 0.683584 0
    outer loop
      vertex -18.1945 15.9562 1.6
      vertex -17.112 17.112 2.2
      vertex -17.112 17.112 1.6
    endloop
  endfacet
  facet normal -0.729872 0.683584 0
    outer loop
      vertex -17.112 17.112 2.2
      vertex -18.1945 15.9562 1.6
      vertex -18.1945 15.9562 2.2
    endloop
  endfacet
  facet normal -0.773034 0.634365 0
    outer loop
      vertex -19.1991 14.732 1.6
      vertex -18.1945 15.9562 2.2
      vertex -18.1945 15.9562 1.6
    endloop
  endfacet
  facet normal -0.773034 0.634365 0
    outer loop
      vertex -18.1945 15.9562 2.2
      vertex -19.1991 14.732 1.6
      vertex -19.1991 14.732 2.2
    endloop
  endfacet
  facet normal -0.812815 0.582522 0
    outer loop
      vertex -20.1216 13.4448 1.6
      vertex -19.1991 14.732 2.2
      vertex -19.1991 14.732 1.6
    endloop
  endfacet
  facet normal -0.812815 0.582522 0
    outer loop
      vertex -19.1991 14.732 2.2
      vertex -20.1216 13.4448 1.6
      vertex -20.1216 13.4448 2.2
    endloop
  endfacet
  facet normal -0.849216 0.528045 0
    outer loop
      vertex -20.9578 12.1 1.6
      vertex -20.1216 13.4448 2.2
      vertex -20.1216 13.4448 1.6
    endloop
  endfacet
  facet normal -0.849216 0.528045 0
    outer loop
      vertex -20.1216 13.4448 2.2
      vertex -20.9578 12.1 1.6
      vertex -20.9578 12.1 2.2
    endloop
  endfacet
  facet normal -0.881921 0.471398 0
    outer loop
      vertex -21.7043 10.7034 1.6
      vertex -20.9578 12.1 2.2
      vertex -20.9578 12.1 1.6
    endloop
  endfacet
  facet normal -0.881921 0.471398 0
    outer loop
      vertex -20.9578 12.1 2.2
      vertex -21.7043 10.7034 1.6
      vertex -21.7043 10.7034 2.2
    endloop
  endfacet
  facet normal -0.910858 0.41272 0
    outer loop
      vertex -22.3579 9.26093 1.6
      vertex -21.7043 10.7034 2.2
      vertex -21.7043 10.7034 1.6
    endloop
  endfacet
  facet normal -0.910858 0.41272 0
    outer loop
      vertex -21.7043 10.7034 2.2
      vertex -22.3579 9.26093 1.6
      vertex -22.3579 9.26093 2.2
    endloop
  endfacet
  facet normal -0.935911 0.352235 0
    outer loop
      vertex -22.9157 7.77882 1.6
      vertex -22.3579 9.26093 2.2
      vertex -22.3579 9.26093 1.6
    endloop
  endfacet
  facet normal -0.935911 0.352235 0
    outer loop
      vertex -22.3579 9.26093 2.2
      vertex -22.9157 7.77882 1.6
      vertex -22.9157 7.77882 2.2
    endloop
  endfacet
  facet normal -0.956939 0.290288 0
    outer loop
      vertex -23.3754 6.26341 1.6
      vertex -22.9157 7.77882 2.2
      vertex -22.9157 7.77882 1.6
    endloop
  endfacet
  facet normal -0.956939 0.290288 0
    outer loop
      vertex -22.9157 7.77882 2.2
      vertex -23.3754 6.26341 1.6
      vertex -23.3754 6.26341 2.2
    endloop
  endfacet
  facet normal -0.973877 0.227078 0
    outer loop
      vertex -23.735 4.72118 1.6
      vertex -23.3754 6.26341 2.2
      vertex -23.3754 6.26341 1.6
    endloop
  endfacet
  facet normal -0.973877 0.227078 0
    outer loop
      vertex -23.3754 6.26341 2.2
      vertex -23.735 4.72118 1.6
      vertex -23.735 4.72118 2.2
    endloop
  endfacet
  facet normal -0.98664 0.162918 0
    outer loop
      vertex -23.993 3.15872 1.6
      vertex -23.735 4.72118 2.2
      vertex -23.735 4.72118 1.6
    endloop
  endfacet
  facet normal -0.98664 0.162918 0
    outer loop
      vertex -23.735 4.72118 2.2
      vertex -23.993 3.15872 1.6
      vertex -23.993 3.15872 2.2
    endloop
  endfacet
  facet normal -0.995186 0.0980049 0
    outer loop
      vertex -24.1482 1.58275 1.6
      vertex -23.993 3.15872 2.2
      vertex -23.993 3.15872 1.6
    endloop
  endfacet
  facet normal -0.995186 0.0980049 0
    outer loop
      vertex -23.993 3.15872 2.2
      vertex -24.1482 1.58275 1.6
      vertex -24.1482 1.58275 2.2
    endloop
  endfacet
  facet normal -0.999465 0.0327103 0
    outer loop
      vertex -24.2 0 1.6
      vertex -24.1482 1.58275 2.2
      vertex -24.1482 1.58275 1.6
    endloop
  endfacet
  facet normal -0.999465 0.0327103 0
    outer loop
      vertex -24.1482 1.58275 2.2
      vertex -24.2 0 1.6
      vertex -24.2 0 2.2
    endloop
  endfacet
  facet normal -0.999465 -0.0327103 0
    outer loop
      vertex -24.1482 -1.58275 1.6
      vertex -24.2 0 2.2
      vertex -24.2 0 1.6
    endloop
  endfacet
  facet normal -0.999465 -0.0327103 0
    outer loop
      vertex -24.2 0 2.2
      vertex -24.1482 -1.58275 1.6
      vertex -24.1482 -1.58275 2.2
    endloop
  endfacet
  facet normal -0.995186 -0.0980049 0
    outer loop
      vertex -23.993 -3.15872 1.6
      vertex -24.1482 -1.58275 2.2
      vertex -24.1482 -1.58275 1.6
    endloop
  endfacet
  facet normal -0.995186 -0.0980049 0
    outer loop
      vertex -24.1482 -1.58275 2.2
      vertex -23.993 -3.15872 1.6
      vertex -23.993 -3.15872 2.2
    endloop
  endfacet
  facet normal -0.98664 -0.162918 0
    outer loop
      vertex -23.735 -4.72118 1.6
      vertex -23.993 -3.15872 2.2
      vertex -23.993 -3.15872 1.6
    endloop
  endfacet
  facet normal -0.98664 -0.162918 0
    outer loop
      vertex -23.993 -3.15872 2.2
      vertex -23.735 -4.72118 1.6
      vertex -23.735 -4.72118 2.2
    endloop
  endfacet
  facet normal -0.973877 -0.227078 0
    outer loop
      vertex -23.3754 -6.26341 1.6
      vertex -23.735 -4.72118 2.2
      vertex -23.735 -4.72118 1.6
    endloop
  endfacet
  facet normal -0.973877 -0.227078 0
    outer loop
      vertex -23.735 -4.72118 2.2
      vertex -23.3754 -6.26341 1.6
      vertex -23.3754 -6.26341 2.2
    endloop
  endfacet
  facet normal -0.956939 -0.290288 0
    outer loop
      vertex -22.9157 -7.77882 1.6
      vertex -23.3754 -6.26341 2.2
      vertex -23.3754 -6.26341 1.6
    endloop
  endfacet
  facet normal -0.956939 -0.290288 0
    outer loop
      vertex -23.3754 -6.26341 2.2
      vertex -22.9157 -7.77882 1.6
      vertex -22.9157 -7.77882 2.2
    endloop
  endfacet
  facet normal -0.935911 -0.352235 0
    outer loop
      vertex -22.3579 -9.26093 1.6
      vertex -22.9157 -7.77882 2.2
      vertex -22.9157 -7.77882 1.6
    endloop
  endfacet
  facet normal -0.935911 -0.352235 0
    outer loop
      vertex -22.9157 -7.77882 2.2
      vertex -22.3579 -9.26093 1.6
      vertex -22.3579 -9.26093 2.2
    endloop
  endfacet
  facet normal -0.910858 -0.41272 0
    outer loop
      vertex -21.7043 -10.7034 1.6
      vertex -22.3579 -9.26093 2.2
      vertex -22.3579 -9.26093 1.6
    endloop
  endfacet
  facet normal -0.910858 -0.41272 0
    outer loop
      vertex -22.3579 -9.26093 2.2
      vertex -21.7043 -10.7034 1.6
      vertex -21.7043 -10.7034 2.2
    endloop
  endfacet
  facet normal -0.881921 -0.471398 0
    outer loop
      vertex -20.9578 -12.1 1.6
      vertex -21.7043 -10.7034 2.2
      vertex -21.7043 -10.7034 1.6
    endloop
  endfacet
  facet normal -0.881921 -0.471398 0
    outer loop
      vertex -21.7043 -10.7034 2.2
      vertex -20.9578 -12.1 1.6
      vertex -20.9578 -12.1 2.2
    endloop
  endfacet
  facet normal -0.849216 -0.528045 0
    outer loop
      vertex -20.1216 -13.4448 1.6
      vertex -20.9578 -12.1 2.2
      vertex -20.9578 -12.1 1.6
    endloop
  endfacet
  facet normal -0.849216 -0.528045 0
    outer loop
      vertex -20.9578 -12.1 2.2
      vertex -20.1216 -13.4448 1.6
      vertex -20.1216 -13.4448 2.2
    endloop
  endfacet
  facet normal -0.812815 -0.582522 0
    outer loop
      vertex -19.1991 -14.732 1.6
      vertex -20.1216 -13.4448 2.2
      vertex -20.1216 -13.4448 1.6
    endloop
  endfacet
  facet normal -0.812815 -0.582522 0
    outer loop
      vertex -20.1216 -13.4448 2.2
      vertex -19.1991 -14.732 1.6
      vertex -19.1991 -14.732 2.2
    endloop
  endfacet
  facet normal -0.773034 -0.634365 0
    outer loop
      vertex -18.1945 -15.9562 1.6
      vertex -19.1991 -14.732 2.2
      vertex -19.1991 -14.732 1.6
    endloop
  endfacet
  facet normal -0.773034 -0.634365 0
    outer loop
      vertex -19.1991 -14.732 2.2
      vertex -18.1945 -15.9562 1.6
      vertex -18.1945 -15.9562 2.2
    endloop
  endfacet
  facet normal -0.729872 -0.683584 0
    outer loop
      vertex -17.112 -17.112 1.6
      vertex -18.1945 -15.9562 2.2
      vertex -18.1945 -15.9562 1.6
    endloop
  endfacet
  facet normal -0.729872 -0.683584 0
    outer loop
      vertex -18.1945 -15.9562 2.2
      vertex -17.112 -17.112 1.6
      vertex -17.112 -17.112 2.2
    endloop
  endfacet
  facet normal -0.683584 -0.729872 0
    outer loop
      vertex -17.112 -17.112 1.6
      vertex -15.9562 -18.1945 2.2
      vertex -17.112 -17.112 2.2
    endloop
  endfacet
  facet normal -0.683584 -0.729872 -0
    outer loop
      vertex -15.9562 -18.1945 2.2
      vertex -17.112 -17.112 1.6
      vertex -15.9562 -18.1945 1.6
    endloop
  endfacet
  facet normal -0.634365 -0.773034 0
    outer loop
      vertex -15.9562 -18.1945 1.6
      vertex -14.732 -19.1991 2.2
      vertex -15.9562 -18.1945 2.2
    endloop
  endfacet
  facet normal -0.634365 -0.773034 -0
    outer loop
      vertex -14.732 -19.1991 2.2
      vertex -15.9562 -18.1945 1.6
      vertex -14.732 -19.1991 1.6
    endloop
  endfacet
  facet normal -0.582522 -0.812815 0
    outer loop
      vertex -14.732 -19.1991 1.6
      vertex -13.4448 -20.1216 2.2
      vertex -14.732 -19.1991 2.2
    endloop
  endfacet
  facet normal -0.582522 -0.812815 -0
    outer loop
      vertex -13.4448 -20.1216 2.2
      vertex -14.732 -19.1991 1.6
      vertex -13.4448 -20.1216 1.6
    endloop
  endfacet
  facet normal -0.528045 -0.849216 0
    outer loop
      vertex -13.4448 -20.1216 1.6
      vertex -12.1 -20.9578 2.2
      vertex -13.4448 -20.1216 2.2
    endloop
  endfacet
  facet normal -0.528045 -0.849216 -0
    outer loop
      vertex -12.1 -20.9578 2.2
      vertex -13.4448 -20.1216 1.6
      vertex -12.1 -20.9578 1.6
    endloop
  endfacet
  facet normal -0.471398 -0.881921 0
    outer loop
      vertex -12.1 -20.9578 1.6
      vertex -10.7034 -21.7043 2.2
      vertex -12.1 -20.9578 2.2
    endloop
  endfacet
  facet normal -0.471398 -0.881921 -0
    outer loop
      vertex -10.7034 -21.7043 2.2
      vertex -12.1 -20.9578 1.6
      vertex -10.7034 -21.7043 1.6
    endloop
  endfacet
  facet normal -0.41272 -0.910858 0
    outer loop
      vertex -10.7034 -21.7043 1.6
      vertex -9.26093 -22.3579 2.2
      vertex -10.7034 -21.7043 2.2
    endloop
  endfacet
  facet normal -0.41272 -0.910858 -0
    outer loop
      vertex -9.26093 -22.3579 2.2
      vertex -10.7034 -21.7043 1.6
      vertex -9.26093 -22.3579 1.6
    endloop
  endfacet
  facet normal -0.352235 -0.935911 0
    outer loop
      vertex -9.26093 -22.3579 1.6
      vertex -7.77882 -22.9157 2.2
      vertex -9.26093 -22.3579 2.2
    endloop
  endfacet
  facet normal -0.352235 -0.935911 -0
    outer loop
      vertex -7.77882 -22.9157 2.2
      vertex -9.26093 -22.3579 1.6
      vertex -7.77882 -22.9157 1.6
    endloop
  endfacet
  facet normal -0.290288 -0.956939 0
    outer loop
      vertex -7.77882 -22.9157 1.6
      vertex -6.26341 -23.3754 2.2
      vertex -7.77882 -22.9157 2.2
    endloop
  endfacet
  facet normal -0.290288 -0.956939 -0
    outer loop
      vertex -6.26341 -23.3754 2.2
      vertex -7.77882 -22.9157 1.6
      vertex -6.26341 -23.3754 1.6
    endloop
  endfacet
  facet normal -0.227078 -0.973877 0
    outer loop
      vertex -6.26341 -23.3754 1.6
      vertex -4.72118 -23.735 2.2
      vertex -6.26341 -23.3754 2.2
    endloop
  endfacet
  facet normal -0.227078 -0.973877 -0
    outer loop
      vertex -4.72118 -23.735 2.2
      vertex -6.26341 -23.3754 1.6
      vertex -4.72118 -23.735 1.6
    endloop
  endfacet
  facet normal -0.162918 -0.98664 0
    outer loop
      vertex -4.72118 -23.735 1.6
      vertex -3.15872 -23.993 2.2
      vertex -4.72118 -23.735 2.2
    endloop
  endfacet
  facet normal -0.162918 -0.98664 -0
    outer loop
      vertex -3.15872 -23.993 2.2
      vertex -4.72118 -23.735 1.6
      vertex -3.15872 -23.993 1.6
    endloop
  endfacet
  facet normal -0.0980049 -0.995186 0
    outer loop
      vertex -3.15872 -23.993 1.6
      vertex -1.58275 -24.1482 2.2
      vertex -3.15872 -23.993 2.2
    endloop
  endfacet
  facet normal -0.0980049 -0.995186 -0
    outer loop
      vertex -1.58275 -24.1482 2.2
      vertex -3.15872 -23.993 1.6
      vertex -1.58275 -24.1482 1.6
    endloop
  endfacet
  facet normal -0.0327103 -0.999465 0
    outer loop
      vertex -1.58275 -24.1482 1.6
      vertex 0 -24.2 2.2
      vertex -1.58275 -24.1482 2.2
    endloop
  endfacet
  facet normal -0.0327103 -0.999465 -0
    outer loop
      vertex 0 -24.2 2.2
      vertex -1.58275 -24.1482 1.6
      vertex 0 -24.2 1.6
    endloop
  endfacet
  facet normal 0.0327103 -0.999465 0
    outer loop
      vertex 0 -24.2 1.6
      vertex 1.58275 -24.1482 2.2
      vertex 0 -24.2 2.2
    endloop
  endfacet
  facet normal 0.0327103 -0.999465 0
    outer loop
      vertex 1.58275 -24.1482 2.2
      vertex 0 -24.2 1.6
      vertex 1.58275 -24.1482 1.6
    endloop
  endfacet
  facet normal 0.0980242 0.995184 -0
    outer loop
      vertex -1.53043 -23.3499 1.6
      vertex -3.05431 -23.1998 2.2
      vertex -1.53043 -23.3499 2.2
    endloop
  endfacet
  facet normal 0.0980242 0.995184 0
    outer loop
      vertex -3.05431 -23.1998 2.2
      vertex -1.53043 -23.3499 1.6
      vertex -3.05431 -23.1998 1.6
    endloop
  endfacet
  facet normal 0.162874 0.986647 -0
    outer loop
      vertex -3.05431 -23.1998 1.6
      vertex -4.56511 -22.9504 2.2
      vertex -3.05431 -23.1998 2.2
    endloop
  endfacet
  facet normal 0.162874 0.986647 0
    outer loop
      vertex -4.56511 -22.9504 2.2
      vertex -3.05431 -23.1998 1.6
      vertex -4.56511 -22.9504 1.6
    endloop
  endfacet
  facet normal 0.227071 0.973878 -0
    outer loop
      vertex -4.56511 -22.9504 1.6
      vertex -6.05635 -22.6027 2.2
      vertex -4.56511 -22.9504 2.2
    endloop
  endfacet
  facet normal 0.227071 0.973878 0
    outer loop
      vertex -6.05635 -22.6027 2.2
      vertex -4.56511 -22.9504 1.6
      vertex -6.05635 -22.6027 1.6
    endloop
  endfacet
  facet normal 0.290283 0.956941 -0
    outer loop
      vertex -6.05635 -22.6027 1.6
      vertex -7.52168 -22.1582 2.2
      vertex -6.05635 -22.6027 2.2
    endloop
  endfacet
  facet normal 0.290283 0.956941 0
    outer loop
      vertex -7.52168 -22.1582 2.2
      vertex -6.05635 -22.6027 1.6
      vertex -7.52168 -22.1582 1.6
    endloop
  endfacet
  facet normal 0.352259 0.935903 -0
    outer loop
      vertex -7.52168 -22.1582 1.6
      vertex -8.95479 -21.6188 2.2
      vertex -7.52168 -22.1582 2.2
    endloop
  endfacet
  facet normal 0.352259 0.935903 0
    outer loop
      vertex -8.95479 -21.6188 2.2
      vertex -7.52168 -22.1582 1.6
      vertex -8.95479 -21.6188 1.6
    endloop
  endfacet
  facet normal 0.412742 0.910848 -0
    outer loop
      vertex -8.95479 -21.6188 1.6
      vertex -10.3495 -20.9868 2.2
      vertex -8.95479 -21.6188 2.2
    endloop
  endfacet
  facet normal 0.412742 0.910848 0
    outer loop
      vertex -10.3495 -20.9868 2.2
      vertex -8.95479 -21.6188 1.6
      vertex -10.3495 -20.9868 1.6
    endloop
  endfacet
  facet normal 0.471368 0.881937 -0
    outer loop
      vertex -10.3495 -20.9868 1.6
      vertex -11.7 -20.265 2.2
      vertex -10.3495 -20.9868 2.2
    endloop
  endfacet
  facet normal 0.471368 0.881937 0
    outer loop
      vertex -11.7 -20.265 2.2
      vertex -10.3495 -20.9868 1.6
      vertex -11.7 -20.265 1.6
    endloop
  endfacet
  facet normal 0.528078 0.849196 -0
    outer loop
      vertex -11.7 -20.265 1.6
      vertex -13.0003 -19.4564 2.2
      vertex -11.7 -20.265 2.2
    endloop
  endfacet
  facet normal 0.528078 0.849196 0
    outer loop
      vertex -13.0003 -19.4564 2.2
      vertex -11.7 -20.265 1.6
      vertex -13.0003 -19.4564 1.6
    endloop
  endfacet
  facet normal 0.582461 0.812859 -0
    outer loop
      vertex -13.0003 -19.4564 1.6
      vertex -14.245 -18.5645 2.2
      vertex -13.0003 -19.4564 2.2
    endloop
  endfacet
  facet normal 0.582461 0.812859 0
    outer loop
      vertex -14.245 -18.5645 2.2
      vertex -13.0003 -19.4564 1.6
      vertex -14.245 -18.5645 1.6
    endloop
  endfacet
  facet normal 0.634418 0.77299 -0
    outer loop
      vertex -14.245 -18.5645 1.6
      vertex -15.4287 -17.593 2.2
      vertex -14.245 -18.5645 2.2
    endloop
  endfacet
  facet normal 0.634418 0.77299 0
    outer loop
      vertex -15.4287 -17.593 2.2
      vertex -14.245 -18.5645 1.6
      vertex -15.4287 -17.593 1.6
    endloop
  endfacet
  facet normal 0.683576 0.729879 -0
    outer loop
      vertex -15.4287 -17.593 1.6
      vertex -16.5463 -16.5463 2.2
      vertex -15.4287 -17.593 2.2
    endloop
  endfacet
  facet normal 0.683576 0.729879 0
    outer loop
      vertex -16.5463 -16.5463 2.2
      vertex -15.4287 -17.593 1.6
      vertex -16.5463 -16.5463 1.6
    endloop
  endfacet
  facet normal 0.729879 0.683576 0
    outer loop
      vertex -16.5463 -16.5463 2.2
      vertex -17.593 -15.4287 1.6
      vertex -17.593 -15.4287 2.2
    endloop
  endfacet
  facet normal 0.729879 0.683576 0
    outer loop
      vertex -17.593 -15.4287 1.6
      vertex -16.5463 -16.5463 2.2
      vertex -16.5463 -16.5463 1.6
    endloop
  endfacet
  facet normal 0.77299 0.634418 0
    outer loop
      vertex -17.593 -15.4287 2.2
      vertex -18.5645 -14.245 1.6
      vertex -18.5645 -14.245 2.2
    endloop
  endfacet
  facet normal 0.77299 0.634418 0
    outer loop
      vertex -18.5645 -14.245 1.6
      vertex -17.593 -15.4287 2.2
      vertex -17.593 -15.4287 1.6
    endloop
  endfacet
  facet normal 0.812859 0.582461 0
    outer loop
      vertex -18.5645 -14.245 2.2
      vertex -19.4564 -13.0003 1.6
      vertex -19.4564 -13.0003 2.2
    endloop
  endfacet
  facet normal 0.812859 0.582461 0
    outer loop
      vertex -19.4564 -13.0003 1.6
      vertex -18.5645 -14.245 2.2
      vertex -18.5645 -14.245 1.6
    endloop
  endfacet
  facet normal 0.849196 0.528078 0
    outer loop
      vertex -19.4564 -13.0003 2.2
      vertex -20.265 -11.7 1.6
      vertex -20.265 -11.7 2.2
    endloop
  endfacet
  facet normal 0.849196 0.528078 0
    outer loop
      vertex -20.265 -11.7 1.6
      vertex -19.4564 -13.0003 2.2
      vertex -19.4564 -13.0003 1.6
    endloop
  endfacet
  facet normal 0.881937 0.471368 0
    outer loop
      vertex -20.265 -11.7 2.2
      vertex -20.9868 -10.3495 1.6
      vertex -20.9868 -10.3495 2.2
    endloop
  endfacet
  facet normal 0.881937 0.471368 0
    outer loop
      vertex -20.9868 -10.3495 1.6
      vertex -20.265 -11.7 2.2
      vertex -20.265 -11.7 1.6
    endloop
  endfacet
  facet normal 0.910848 0.412742 0
    outer loop
      vertex -20.9868 -10.3495 2.2
      vertex -21.6188 -8.95479 1.6
      vertex -21.6188 -8.95479 2.2
    endloop
  endfacet
  facet normal 0.910848 0.412742 0
    outer loop
      vertex -21.6188 -8.95479 1.6
      vertex -20.9868 -10.3495 2.2
      vertex -20.9868 -10.3495 1.6
    endloop
  endfacet
  facet normal 0.935903 0.352259 0
    outer loop
      vertex -21.6188 -8.95479 2.2
      vertex -22.1582 -7.52168 1.6
      vertex -22.1582 -7.52168 2.2
    endloop
  endfacet
  facet normal 0.935903 0.352259 0
    outer loop
      vertex -22.1582 -7.52168 1.6
      vertex -21.6188 -8.95479 2.2
      vertex -21.6188 -8.95479 1.6
    endloop
  endfacet
  facet normal 0.956941 0.290283 0
    outer loop
      vertex -22.1582 -7.52168 2.2
      vertex -22.6027 -6.05635 1.6
      vertex -22.6027 -6.05635 2.2
    endloop
  endfacet
  facet normal 0.956941 0.290283 0
    outer loop
      vertex -22.6027 -6.05635 1.6
      vertex -22.1582 -7.52168 2.2
      vertex -22.1582 -7.52168 1.6
    endloop
  endfacet
  facet normal 0.973878 0.227071 0
    outer loop
      vertex -22.6027 -6.05635 2.2
      vertex -22.9504 -4.56511 1.6
      vertex -22.9504 -4.56511 2.2
    endloop
  endfacet
  facet normal 0.973878 0.227071 0
    outer loop
      vertex -22.9504 -4.56511 1.6
      vertex -22.6027 -6.05635 2.2
      vertex -22.6027 -6.05635 1.6
    endloop
  endfacet
  facet normal 0.986647 0.162874 0
    outer loop
      vertex -22.9504 -4.56511 2.2
      vertex -23.1998 -3.05431 1.6
      vertex -23.1998 -3.05431 2.2
    endloop
  endfacet
  facet normal 0.986647 0.162874 0
    outer loop
      vertex -23.1998 -3.05431 1.6
      vertex -22.9504 -4.56511 2.2
      vertex -22.9504 -4.56511 1.6
    endloop
  endfacet
  facet normal 0.995184 0.0980242 0
    outer loop
      vertex -23.1998 -3.05431 2.2
      vertex -23.3499 -1.53043 1.6
      vertex -23.3499 -1.53043 2.2
    endloop
  endfacet
  facet normal 0.995184 0.0980242 0
    outer loop
      vertex -23.3499 -1.53043 1.6
      vertex -23.1998 -3.05431 2.2
      vertex -23.1998 -3.05431 1.6
    endloop
  endfacet
  facet normal 0.999465 0.0327184 0
    outer loop
      vertex -23.3499 -1.53043 2.2
      vertex -23.4 0 1.6
      vertex -23.4 0 2.2
    endloop
  endfacet
  facet normal 0.999465 0.0327184 0
    outer loop
      vertex -23.4 0 1.6
      vertex -23.3499 -1.53043 2.2
      vertex -23.3499 -1.53043 1.6
    endloop
  endfacet
  facet normal 0.999465 -0.0327184 0
    outer loop
      vertex -23.4 0 2.2
      vertex -23.3499 1.53043 1.6
      vertex -23.3499 1.53043 2.2
    endloop
  endfacet
  facet normal 0.999465 -0.0327184 0
    outer loop
      vertex -23.3499 1.53043 1.6
      vertex -23.4 0 2.2
      vertex -23.4 0 1.6
    endloop
  endfacet
  facet normal 0.995184 -0.0980242 0
    outer loop
      vertex -23.3499 1.53043 2.2
      vertex -23.1998 3.05431 1.6
      vertex -23.1998 3.05431 2.2
    endloop
  endfacet
  facet normal 0.995184 -0.0980242 0
    outer loop
      vertex -23.1998 3.05431 1.6
      vertex -23.3499 1.53043 2.2
      vertex -23.3499 1.53043 1.6
    endloop
  endfacet
  facet normal 0.986647 -0.162874 0
    outer loop
      vertex -23.1998 3.05431 2.2
      vertex -22.9504 4.56511 1.6
      vertex -22.9504 4.56511 2.2
    endloop
  endfacet
  facet normal 0.986647 -0.162874 0
    outer loop
      vertex -22.9504 4.56511 1.6
      vertex -23.1998 3.05431 2.2
      vertex -23.1998 3.05431 1.6
    endloop
  endfacet
  facet normal 0.973878 -0.227071 0
    outer loop
      vertex -22.9504 4.56511 2.2
      vertex -22.6027 6.05635 1.6
      vertex -22.6027 6.05635 2.2
    endloop
  endfacet
  facet normal 0.973878 -0.227071 0
    outer loop
      vertex -22.6027 6.05635 1.6
      vertex -22.9504 4.56511 2.2
      vertex -22.9504 4.56511 1.6
    endloop
  endfacet
  facet normal 0.956941 -0.290283 0
    outer loop
      vertex -22.6027 6.05635 2.2
      vertex -22.1582 7.52168 1.6
      vertex -22.1582 7.52168 2.2
    endloop
  endfacet
  facet normal 0.956941 -0.290283 0
    outer loop
      vertex -22.1582 7.52168 1.6
      vertex -22.6027 6.05635 2.2
      vertex -22.6027 6.05635 1.6
    endloop
  endfacet
  facet normal 0.935903 -0.352259 0
    outer loop
      vertex -22.1582 7.52168 2.2
      vertex -21.6188 8.95479 1.6
      vertex -21.6188 8.95479 2.2
    endloop
  endfacet
  facet normal 0.935903 -0.352259 0
    outer loop
      vertex -21.6188 8.95479 1.6
      vertex -22.1582 7.52168 2.2
      vertex -22.1582 7.52168 1.6
    endloop
  endfacet
  facet normal 0.910848 -0.412742 0
    outer loop
      vertex -21.6188 8.95479 2.2
      vertex -20.9868 10.3495 1.6
      vertex -20.9868 10.3495 2.2
    endloop
  endfacet
  facet normal 0.910848 -0.412742 0
    outer loop
      vertex -20.9868 10.3495 1.6
      vertex -21.6188 8.95479 2.2
      vertex -21.6188 8.95479 1.6
    endloop
  endfacet
  facet normal 0.881937 -0.471368 0
    outer loop
      vertex -20.9868 10.3495 2.2
      vertex -20.265 11.7 1.6
      vertex -20.265 11.7 2.2
    endloop
  endfacet
  facet normal 0.881937 -0.471368 0
    outer loop
      vertex -20.265 11.7 1.6
      vertex -20.9868 10.3495 2.2
      vertex -20.9868 10.3495 1.6
    endloop
  endfacet
  facet normal 0.849196 -0.528078 0
    outer loop
      vertex -20.265 11.7 2.2
      vertex -19.4564 13.0003 1.6
      vertex -19.4564 13.0003 2.2
    endloop
  endfacet
  facet normal 0.849196 -0.528078 0
    outer loop
      vertex -19.4564 13.0003 1.6
      vertex -20.265 11.7 2.2
      vertex -20.265 11.7 1.6
    endloop
  endfacet
  facet normal 0.812859 -0.582461 0
    outer loop
      vertex -19.4564 13.0003 2.2
      vertex -18.5645 14.245 1.6
      vertex -18.5645 14.245 2.2
    endloop
  endfacet
  facet normal 0.812859 -0.582461 0
    outer loop
      vertex -18.5645 14.245 1.6
      vertex -19.4564 13.0003 2.2
      vertex -19.4564 13.0003 1.6
    endloop
  endfacet
  facet normal 0.77299 -0.634418 0
    outer loop
      vertex -18.5645 14.245 2.2
      vertex -17.593 15.4287 1.6
      vertex -17.593 15.4287 2.2
    endloop
  endfacet
  facet normal 0.77299 -0.634418 0
    outer loop
      vertex -17.593 15.4287 1.6
      vertex -18.5645 14.245 2.2
      vertex -18.5645 14.245 1.6
    endloop
  endfacet
  facet normal 0.729879 -0.683576 0
    outer loop
      vertex -17.593 15.4287 2.2
      vertex -16.5463 16.5463 1.6
      vertex -16.5463 16.5463 2.2
    endloop
  endfacet
  facet normal 0.729879 -0.683576 0
    outer loop
      vertex -16.5463 16.5463 1.6
      vertex -17.593 15.4287 2.2
      vertex -17.593 15.4287 1.6
    endloop
  endfacet
  facet normal 0.683576 -0.729879 0
    outer loop
      vertex -16.5463 16.5463 1.6
      vertex -15.4287 17.593 2.2
      vertex -16.5463 16.5463 2.2
    endloop
  endfacet
  facet normal 0.683576 -0.729879 0
    outer loop
      vertex -15.4287 17.593 2.2
      vertex -16.5463 16.5463 1.6
      vertex -15.4287 17.593 1.6
    endloop
  endfacet
  facet normal 0.634418 -0.77299 0
    outer loop
      vertex -15.4287 17.593 1.6
      vertex -14.245 18.5645 2.2
      vertex -15.4287 17.593 2.2
    endloop
  endfacet
  facet normal 0.634418 -0.77299 0
    outer loop
      vertex -14.245 18.5645 2.2
      vertex -15.4287 17.593 1.6
      vertex -14.245 18.5645 1.6
    endloop
  endfacet
  facet normal 0.582461 -0.812859 0
    outer loop
      vertex -14.245 18.5645 1.6
      vertex -13.0003 19.4564 2.2
      vertex -14.245 18.5645 2.2
    endloop
  endfacet
  facet normal 0.582461 -0.812859 0
    outer loop
      vertex -13.0003 19.4564 2.2
      vertex -14.245 18.5645 1.6
      vertex -13.0003 19.4564 1.6
    endloop
  endfacet
  facet normal 0.528078 -0.849196 0
    outer loop
      vertex -13.0003 19.4564 1.6
      vertex -11.7 20.265 2.2
      vertex -13.0003 19.4564 2.2
    endloop
  endfacet
  facet normal 0.528078 -0.849196 0
    outer loop
      vertex -11.7 20.265 2.2
      vertex -13.0003 19.4564 1.6
      vertex -11.7 20.265 1.6
    endloop
  endfacet
  facet normal 0.471368 -0.881937 0
    outer loop
      vertex -11.7 20.265 1.6
      vertex -10.3495 20.9868 2.2
      vertex -11.7 20.265 2.2
    endloop
  endfacet
  facet normal 0.471368 -0.881937 0
    outer loop
      vertex -10.3495 20.9868 2.2
      vertex -11.7 20.265 1.6
      vertex -10.3495 20.9868 1.6
    endloop
  endfacet
  facet normal 0.412742 -0.910848 0
    outer loop
      vertex -10.3495 20.9868 1.6
      vertex -8.95479 21.6188 2.2
      vertex -10.3495 20.9868 2.2
    endloop
  endfacet
  facet normal 0.412742 -0.910848 0
    outer loop
      vertex -8.95479 21.6188 2.2
      vertex -10.3495 20.9868 1.6
      vertex -8.95479 21.6188 1.6
    endloop
  endfacet
  facet normal 0.352259 -0.935903 0
    outer loop
      vertex -8.95479 21.6188 1.6
      vertex -7.52168 22.1582 2.2
      vertex -8.95479 21.6188 2.2
    endloop
  endfacet
  facet normal 0.352259 -0.935903 0
    outer loop
      vertex -7.52168 22.1582 2.2
      vertex -8.95479 21.6188 1.6
      vertex -7.52168 22.1582 1.6
    endloop
  endfacet
  facet normal 0.290283 -0.956941 0
    outer loop
      vertex -7.52168 22.1582 1.6
      vertex -6.05635 22.6027 2.2
      vertex -7.52168 22.1582 2.2
    endloop
  endfacet
  facet normal 0.290283 -0.956941 0
    outer loop
      vertex -6.05635 22.6027 2.2
      vertex -7.52168 22.1582 1.6
      vertex -6.05635 22.6027 1.6
    endloop
  endfacet
  facet normal 0.227071 -0.973878 0
    outer loop
      vertex -6.05635 22.6027 1.6
      vertex -4.56511 22.9504 2.2
      vertex -6.05635 22.6027 2.2
    endloop
  endfacet
  facet normal 0.227071 -0.973878 0
    outer loop
      vertex -4.56511 22.9504 2.2
      vertex -6.05635 22.6027 1.6
      vertex -4.56511 22.9504 1.6
    endloop
  endfacet
  facet normal 0.162874 -0.986647 0
    outer loop
      vertex -4.56511 22.9504 1.6
      vertex -3.05431 23.1998 2.2
      vertex -4.56511 22.9504 2.2
    endloop
  endfacet
  facet normal 0.162874 -0.986647 0
    outer loop
      vertex -3.05431 23.1998 2.2
      vertex -4.56511 22.9504 1.6
      vertex -3.05431 23.1998 1.6
    endloop
  endfacet
  facet normal 0.0980242 -0.995184 0
    outer loop
      vertex -3.05431 23.1998 1.6
      vertex -1.53043 23.3499 2.2
      vertex -3.05431 23.1998 2.2
    endloop
  endfacet
  facet normal 0.0980242 -0.995184 0
    outer loop
      vertex -1.53043 23.3499 2.2
      vertex -3.05431 23.1998 1.6
      vertex -1.53043 23.3499 1.6
    endloop
  endfacet
  facet normal 0.0327184 -0.999465 0
    outer loop
      vertex -1.53043 23.3499 1.6
      vertex 0 23.4 2.2
      vertex -1.53043 23.3499 2.2
    endloop
  endfacet
  facet normal 0.0327184 -0.999465 0
    outer loop
      vertex 0 23.4 2.2
      vertex -1.53043 23.3499 1.6
      vertex 0 23.4 1.6
    endloop
  endfacet
  facet normal -0.0327184 -0.999465 0
    outer loop
      vertex 0 23.4 1.6
      vertex 1.53043 23.3499 2.2
      vertex 0 23.4 2.2
    endloop
  endfacet
  facet normal -0.0327184 -0.999465 -0
    outer loop
      vertex 1.53043 23.3499 2.2
      vertex 0 23.4 1.6
      vertex 1.53043 23.3499 1.6
    endloop
  endfacet
  facet normal -0.0980242 -0.995184 0
    outer loop
      vertex 1.53043 23.3499 1.6
      vertex 3.05431 23.1998 2.2
      vertex 1.53043 23.3499 2.2
    endloop
  endfacet
  facet normal -0.0980242 -0.995184 -0
    outer loop
      vertex 3.05431 23.1998 2.2
      vertex 1.53043 23.3499 1.6
      vertex 3.05431 23.1998 1.6
    endloop
  endfacet
  facet normal -0.162874 -0.986647 0
    outer loop
      vertex 3.05431 23.1998 1.6
      vertex 4.56511 22.9504 2.2
      vertex 3.05431 23.1998 2.2
    endloop
  endfacet
  facet normal -0.162874 -0.986647 -0
    outer loop
      vertex 4.56511 22.9504 2.2
      vertex 3.05431 23.1998 1.6
      vertex 4.56511 22.9504 1.6
    endloop
  endfacet
  facet normal -0.227071 -0.973878 0
    outer loop
      vertex 4.56511 22.9504 1.6
      vertex 6.05635 22.6027 2.2
      vertex 4.56511 22.9504 2.2
    endloop
  endfacet
  facet normal -0.227071 -0.973878 -0
    outer loop
      vertex 6.05635 22.6027 2.2
      vertex 4.56511 22.9504 1.6
      vertex 6.05635 22.6027 1.6
    endloop
  endfacet
  facet normal -0.290283 -0.956941 0
    outer loop
      vertex 6.05635 22.6027 1.6
      vertex 7.52168 22.1582 2.2
      vertex 6.05635 22.6027 2.2
    endloop
  endfacet
  facet normal -0.290283 -0.956941 -0
    outer loop
      vertex 7.52168 22.1582 2.2
      vertex 6.05635 22.6027 1.6
      vertex 7.52168 22.1582 1.6
    endloop
  endfacet
  facet normal -0.352259 -0.935903 0
    outer loop
      vertex 7.52168 22.1582 1.6
      vertex 8.95479 21.6188 2.2
      vertex 7.52168 22.1582 2.2
    endloop
  endfacet
  facet normal -0.352259 -0.935903 -0
    outer loop
      vertex 8.95479 21.6188 2.2
      vertex 7.52168 22.1582 1.6
      vertex 8.95479 21.6188 1.6
    endloop
  endfacet
  facet normal -0.412742 -0.910848 0
    outer loop
      vertex 8.95479 21.6188 1.6
      vertex 10.3495 20.9868 2.2
      vertex 8.95479 21.6188 2.2
    endloop
  endfacet
  facet normal -0.412742 -0.910848 -0
    outer loop
      vertex 10.3495 20.9868 2.2
      vertex 8.95479 21.6188 1.6
      vertex 10.3495 20.9868 1.6
    endloop
  endfacet
  facet normal -0.471368 -0.881937 0
    outer loop
      vertex 10.3495 20.9868 1.6
      vertex 11.7 20.265 2.2
      vertex 10.3495 20.9868 2.2
    endloop
  endfacet
  facet normal -0.471368 -0.881937 -0
    outer loop
      vertex 11.7 20.265 2.2
      vertex 10.3495 20.9868 1.6
      vertex 11.7 20.265 1.6
    endloop
  endfacet
  facet normal -0.528078 -0.849196 0
    outer loop
      vertex 11.7 20.265 1.6
      vertex 13.0003 19.4564 2.2
      vertex 11.7 20.265 2.2
    endloop
  endfacet
  facet normal -0.528078 -0.849196 -0
    outer loop
      vertex 13.0003 19.4564 2.2
      vertex 11.7 20.265 1.6
      vertex 13.0003 19.4564 1.6
    endloop
  endfacet
  facet normal -0.582461 -0.812859 0
    outer loop
      vertex 13.0003 19.4564 1.6
      vertex 14.245 18.5645 2.2
      vertex 13.0003 19.4564 2.2
    endloop
  endfacet
  facet normal -0.582461 -0.812859 -0
    outer loop
      vertex 14.245 18.5645 2.2
      vertex 13.0003 19.4564 1.6
      vertex 14.245 18.5645 1.6
    endloop
  endfacet
  facet normal -0.634418 -0.77299 0
    outer loop
      vertex 14.245 18.5645 1.6
      vertex 15.4287 17.593 2.2
      vertex 14.245 18.5645 2.2
    endloop
  endfacet
  facet normal -0.634418 -0.77299 -0
    outer loop
      vertex 15.4287 17.593 2.2
      vertex 14.245 18.5645 1.6
      vertex 15.4287 17.593 1.6
    endloop
  endfacet
  facet normal -0.683576 -0.729879 0
    outer loop
      vertex 15.4287 17.593 1.6
      vertex 16.5463 16.5463 2.2
      vertex 15.4287 17.593 2.2
    endloop
  endfacet
  facet normal -0.683576 -0.729879 -0
    outer loop
      vertex 16.5463 16.5463 2.2
      vertex 15.4287 17.593 1.6
      vertex 16.5463 16.5463 1.6
    endloop
  endfacet
  facet normal -0.729879 -0.683576 0
    outer loop
      vertex 17.593 15.4287 1.6
      vertex 16.5463 16.5463 2.2
      vertex 16.5463 16.5463 1.6
    endloop
  endfacet
  facet normal -0.729879 -0.683576 0
    outer loop
      vertex 16.5463 16.5463 2.2
      vertex 17.593 15.4287 1.6
      vertex 17.593 15.4287 2.2
    endloop
  endfacet
  facet normal -0.77299 -0.634418 0
    outer loop
      vertex 18.5645 14.245 1.6
      vertex 17.593 15.4287 2.2
      vertex 17.593 15.4287 1.6
    endloop
  endfacet
  facet normal -0.77299 -0.634418 0
    outer loop
      vertex 17.593 15.4287 2.2
      vertex 18.5645 14.245 1.6
      vertex 18.5645 14.245 2.2
    endloop
  endfacet
  facet normal -0.812859 -0.582461 0
    outer loop
      vertex 19.4564 13.0003 1.6
      vertex 18.5645 14.245 2.2
      vertex 18.5645 14.245 1.6
    endloop
  endfacet
  facet normal -0.812859 -0.582461 0
    outer loop
      vertex 18.5645 14.245 2.2
      vertex 19.4564 13.0003 1.6
      vertex 19.4564 13.0003 2.2
    endloop
  endfacet
  facet normal -0.849196 -0.528078 0
    outer loop
      vertex 20.265 11.7 1.6
      vertex 19.4564 13.0003 2.2
      vertex 19.4564 13.0003 1.6
    endloop
  endfacet
  facet normal -0.849196 -0.528078 0
    outer loop
      vertex 19.4564 13.0003 2.2
      vertex 20.265 11.7 1.6
      vertex 20.265 11.7 2.2
    endloop
  endfacet
  facet normal -0.881937 -0.471368 0
    outer loop
      vertex 20.9868 10.3495 1.6
      vertex 20.265 11.7 2.2
      vertex 20.265 11.7 1.6
    endloop
  endfacet
  facet normal -0.881937 -0.471368 0
    outer loop
      vertex 20.265 11.7 2.2
      vertex 20.9868 10.3495 1.6
      vertex 20.9868 10.3495 2.2
    endloop
  endfacet
  facet normal -0.910848 -0.412742 0
    outer loop
      vertex 21.6188 8.95479 1.6
      vertex 20.9868 10.3495 2.2
      vertex 20.9868 10.3495 1.6
    endloop
  endfacet
  facet normal -0.910848 -0.412742 0
    outer loop
      vertex 20.9868 10.3495 2.2
      vertex 21.6188 8.95479 1.6
      vertex 21.6188 8.95479 2.2
    endloop
  endfacet
  facet normal -0.935903 -0.352259 0
    outer loop
      vertex 22.1582 7.52168 1.6
      vertex 21.6188 8.95479 2.2
      vertex 21.6188 8.95479 1.6
    endloop
  endfacet
  facet normal -0.935903 -0.352259 0
    outer loop
      vertex 21.6188 8.95479 2.2
      vertex 22.1582 7.52168 1.6
      vertex 22.1582 7.52168 2.2
    endloop
  endfacet
  facet normal -0.956941 -0.290283 0
    outer loop
      vertex 22.6027 6.05635 1.6
      vertex 22.1582 7.52168 2.2
      vertex 22.1582 7.52168 1.6
    endloop
  endfacet
  facet normal -0.956941 -0.290283 0
    outer loop
      vertex 22.1582 7.52168 2.2
      vertex 22.6027 6.05635 1.6
      vertex 22.6027 6.05635 2.2
    endloop
  endfacet
  facet normal -0.973878 -0.227071 0
    outer loop
      vertex 22.9504 4.56511 1.6
      vertex 22.6027 6.05635 2.2
      vertex 22.6027 6.05635 1.6
    endloop
  endfacet
  facet normal -0.973878 -0.227071 0
    outer loop
      vertex 22.6027 6.05635 2.2
      vertex 22.9504 4.56511 1.6
      vertex 22.9504 4.56511 2.2
    endloop
  endfacet
  facet normal -0.986647 -0.162874 0
    outer loop
      vertex 23.1998 3.05431 1.6
      vertex 22.9504 4.56511 2.2
      vertex 22.9504 4.56511 1.6
    endloop
  endfacet
  facet normal -0.986647 -0.162874 0
    outer loop
      vertex 22.9504 4.56511 2.2
      vertex 23.1998 3.05431 1.6
      vertex 23.1998 3.05431 2.2
    endloop
  endfacet
  facet normal -0.995184 -0.0980242 0
    outer loop
      vertex 23.3499 1.53043 1.6
      vertex 23.1998 3.05431 2.2
      vertex 23.1998 3.05431 1.6
    endloop
  endfacet
  facet normal -0.995184 -0.0980242 0
    outer loop
      vertex 23.1998 3.05431 2.2
      vertex 23.3499 1.53043 1.6
      vertex 23.3499 1.53043 2.2
    endloop
  endfacet
  facet normal -0.999465 -0.0327184 0
    outer loop
      vertex 23.4 0 1.6
      vertex 23.3499 1.53043 2.2
      vertex 23.3499 1.53043 1.6
    endloop
  endfacet
  facet normal -0.999465 -0.0327184 0
    outer loop
      vertex 23.3499 1.53043 2.2
      vertex 23.4 0 1.6
      vertex 23.4 0 2.2
    endloop
  endfacet
  facet normal -0.999465 0.0327184 0
    outer loop
      vertex 23.3499 -1.53043 1.6
      vertex 23.4 0 2.2
      vertex 23.4 0 1.6
    endloop
  endfacet
  facet normal -0.999465 0.0327184 0
    outer loop
      vertex 23.4 0 2.2
      vertex 23.3499 -1.53043 1.6
      vertex 23.3499 -1.53043 2.2
    endloop
  endfacet
  facet normal -0.995184 0.0980242 0
    outer loop
      vertex 23.1998 -3.05431 1.6
      vertex 23.3499 -1.53043 2.2
      vertex 23.3499 -1.53043 1.6
    endloop
  endfacet
  facet normal -0.995184 0.0980242 0
    outer loop
      vertex 23.3499 -1.53043 2.2
      vertex 23.1998 -3.05431 1.6
      vertex 23.1998 -3.05431 2.2
    endloop
  endfacet
  facet normal -0.986647 0.162874 0
    outer loop
      vertex 22.9504 -4.56511 1.6
      vertex 23.1998 -3.05431 2.2
      vertex 23.1998 -3.05431 1.6
    endloop
  endfacet
  facet normal -0.986647 0.162874 0
    outer loop
      vertex 23.1998 -3.05431 2.2
      vertex 22.9504 -4.56511 1.6
      vertex 22.9504 -4.56511 2.2
    endloop
  endfacet
  facet normal -0.973878 0.227071 0
    outer loop
      vertex 22.6027 -6.05635 1.6
      vertex 22.9504 -4.56511 2.2
      vertex 22.9504 -4.56511 1.6
    endloop
  endfacet
  facet normal -0.973878 0.227071 0
    outer loop
      vertex 22.9504 -4.56511 2.2
      vertex 22.6027 -6.05635 1.6
      vertex 22.6027 -6.05635 2.2
    endloop
  endfacet
  facet normal -0.956941 0.290283 0
    outer loop
      vertex 22.1582 -7.52168 1.6
      vertex 22.6027 -6.05635 2.2
      vertex 22.6027 -6.05635 1.6
    endloop
  endfacet
  facet normal -0.956941 0.290283 0
    outer loop
      vertex 22.6027 -6.05635 2.2
      vertex 22.1582 -7.52168 1.6
      vertex 22.1582 -7.52168 2.2
    endloop
  endfacet
  facet normal -0.935903 0.352259 0
    outer loop
      vertex 21.6188 -8.95479 1.6
      vertex 22.1582 -7.52168 2.2
      vertex 22.1582 -7.52168 1.6
    endloop
  endfacet
  facet normal -0.935903 0.352259 0
    outer loop
      vertex 22.1582 -7.52168 2.2
      vertex 21.6188 -8.95479 1.6
      vertex 21.6188 -8.95479 2.2
    endloop
  endfacet
  facet normal -0.910848 0.412742 0
    outer loop
      vertex 20.9868 -10.3495 1.6
      vertex 21.6188 -8.95479 2.2
      vertex 21.6188 -8.95479 1.6
    endloop
  endfacet
  facet normal -0.910848 0.412742 0
    outer loop
      vertex 21.6188 -8.95479 2.2
      vertex 20.9868 -10.3495 1.6
      vertex 20.9868 -10.3495 2.2
    endloop
  endfacet
  facet normal -0.881937 0.471368 0
    outer loop
      vertex 20.265 -11.7 1.6
      vertex 20.9868 -10.3495 2.2
      vertex 20.9868 -10.3495 1.6
    endloop
  endfacet
  facet normal -0.881937 0.471368 0
    outer loop
      vertex 20.9868 -10.3495 2.2
      vertex 20.265 -11.7 1.6
      vertex 20.265 -11.7 2.2
    endloop
  endfacet
  facet normal -0.849196 0.528078 0
    outer loop
      vertex 19.4564 -13.0003 1.6
      vertex 20.265 -11.7 2.2
      vertex 20.265 -11.7 1.6
    endloop
  endfacet
  facet normal -0.849196 0.528078 0
    outer loop
      vertex 20.265 -11.7 2.2
      vertex 19.4564 -13.0003 1.6
      vertex 19.4564 -13.0003 2.2
    endloop
  endfacet
  facet normal -0.812859 0.582461 0
    outer loop
      vertex 18.5645 -14.245 1.6
      vertex 19.4564 -13.0003 2.2
      vertex 19.4564 -13.0003 1.6
    endloop
  endfacet
  facet normal -0.812859 0.582461 0
    outer loop
      vertex 19.4564 -13.0003 2.2
      vertex 18.5645 -14.245 1.6
      vertex 18.5645 -14.245 2.2
    endloop
  endfacet
  facet normal -0.77299 0.634418 0
    outer loop
      vertex 17.593 -15.4287 1.6
      vertex 18.5645 -14.245 2.2
      vertex 18.5645 -14.245 1.6
    endloop
  endfacet
  facet normal -0.77299 0.634418 0
    outer loop
      vertex 18.5645 -14.245 2.2
      vertex 17.593 -15.4287 1.6
      vertex 17.593 -15.4287 2.2
    endloop
  endfacet
  facet normal -0.729879 0.683576 0
    outer loop
      vertex 16.5463 -16.5463 1.6
      vertex 17.593 -15.4287 2.2
      vertex 17.593 -15.4287 1.6
    endloop
  endfacet
  facet normal -0.729879 0.683576 0
    outer loop
      vertex 17.593 -15.4287 2.2
      vertex 16.5463 -16.5463 1.6
      vertex 16.5463 -16.5463 2.2
    endloop
  endfacet
  facet normal -0.683576 0.729879 0
    outer loop
      vertex 16.5463 -16.5463 1.6
      vertex 15.4287 -17.593 2.2
      vertex 16.5463 -16.5463 2.2
    endloop
  endfacet
  facet normal -0.683576 0.729879 0
    outer loop
      vertex 15.4287 -17.593 2.2
      vertex 16.5463 -16.5463 1.6
      vertex 15.4287 -17.593 1.6
    endloop
  endfacet
  facet normal -0.634418 0.77299 0
    outer loop
      vertex 15.4287 -17.593 1.6
      vertex 14.245 -18.5645 2.2
      vertex 15.4287 -17.593 2.2
    endloop
  endfacet
  facet normal -0.634418 0.77299 0
    outer loop
      vertex 14.245 -18.5645 2.2
      vertex 15.4287 -17.593 1.6
      vertex 14.245 -18.5645 1.6
    endloop
  endfacet
  facet normal -0.582461 0.812859 0
    outer loop
      vertex 14.245 -18.5645 1.6
      vertex 13.0003 -19.4564 2.2
      vertex 14.245 -18.5645 2.2
    endloop
  endfacet
  facet normal -0.582461 0.812859 0
    outer loop
      vertex 13.0003 -19.4564 2.2
      vertex 14.245 -18.5645 1.6
      vertex 13.0003 -19.4564 1.6
    endloop
  endfacet
  facet normal -0.528078 0.849196 0
    outer loop
      vertex 13.0003 -19.4564 1.6
      vertex 11.7 -20.265 2.2
      vertex 13.0003 -19.4564 2.2
    endloop
  endfacet
  facet normal -0.528078 0.849196 0
    outer loop
      vertex 11.7 -20.265 2.2
      vertex 13.0003 -19.4564 1.6
      vertex 11.7 -20.265 1.6
    endloop
  endfacet
  facet normal -0.471368 0.881937 0
    outer loop
      vertex 11.7 -20.265 1.6
      vertex 10.3495 -20.9868 2.2
      vertex 11.7 -20.265 2.2
    endloop
  endfacet
  facet normal -0.471368 0.881937 0
    outer loop
      vertex 10.3495 -20.9868 2.2
      vertex 11.7 -20.265 1.6
      vertex 10.3495 -20.9868 1.6
    endloop
  endfacet
  facet normal -0.412742 0.910848 0
    outer loop
      vertex 10.3495 -20.9868 1.6
      vertex 8.95479 -21.6188 2.2
      vertex 10.3495 -20.9868 2.2
    endloop
  endfacet
  facet normal -0.412742 0.910848 0
    outer loop
      vertex 8.95479 -21.6188 2.2
      vertex 10.3495 -20.9868 1.6
      vertex 8.95479 -21.6188 1.6
    endloop
  endfacet
  facet normal -0.352259 0.935903 0
    outer loop
      vertex 8.95479 -21.6188 1.6
      vertex 7.52168 -22.1582 2.2
      vertex 8.95479 -21.6188 2.2
    endloop
  endfacet
  facet normal -0.352259 0.935903 0
    outer loop
      vertex 7.52168 -22.1582 2.2
      vertex 8.95479 -21.6188 1.6
      vertex 7.52168 -22.1582 1.6
    endloop
  endfacet
  facet normal -0.290283 0.956941 0
    outer loop
      vertex 7.52168 -22.1582 1.6
      vertex 6.05635 -22.6027 2.2
      vertex 7.52168 -22.1582 2.2
    endloop
  endfacet
  facet normal -0.290283 0.956941 0
    outer loop
      vertex 6.05635 -22.6027 2.2
      vertex 7.52168 -22.1582 1.6
      vertex 6.05635 -22.6027 1.6
    endloop
  endfacet
  facet normal -0.227071 0.973878 0
    outer loop
      vertex 6.05635 -22.6027 1.6
      vertex 4.56511 -22.9504 2.2
      vertex 6.05635 -22.6027 2.2
    endloop
  endfacet
  facet normal -0.227071 0.973878 0
    outer loop
      vertex 4.56511 -22.9504 2.2
      vertex 6.05635 -22.6027 1.6
      vertex 4.56511 -22.9504 1.6
    endloop
  endfacet
  facet normal -0.162874 0.986647 0
    outer loop
      vertex 4.56511 -22.9504 1.6
      vertex 3.05431 -23.1998 2.2
      vertex 4.56511 -22.9504 2.2
    endloop
  endfacet
  facet normal -0.162874 0.986647 0
    outer loop
      vertex 3.05431 -23.1998 2.2
      vertex 4.56511 -22.9504 1.6
      vertex 3.05431 -23.1998 1.6
    endloop
  endfacet
  facet normal -0.0980242 0.995184 0
    outer loop
      vertex 3.05431 -23.1998 1.6
      vertex 1.53043 -23.3499 2.2
      vertex 3.05431 -23.1998 2.2
    endloop
  endfacet
  facet normal -0.0980242 0.995184 0
    outer loop
      vertex 1.53043 -23.3499 2.2
      vertex 3.05431 -23.1998 1.6
      vertex 1.53043 -23.3499 1.6
    endloop
  endfacet
  facet normal -0.0327184 0.999465 0
    outer loop
      vertex 1.53043 -23.3499 1.6
      vertex 0 -23.4 2.2
      vertex 1.53043 -23.3499 2.2
    endloop
  endfacet
  facet normal -0.0327184 0.999465 0
    outer loop
      vertex 0 -23.4 2.2
      vertex 1.53043 -23.3499 1.6
      vertex 0 -23.4 1.6
    endloop
  endfacet
  facet normal 0.0327184 0.999465 -0
    outer loop
      vertex 0 -23.4 1.6
      vertex -1.53043 -23.3499 2.2
      vertex 0 -23.4 2.2
    endloop
  endfacet
  facet normal 0.0327184 0.999465 0
    outer loop
      vertex -1.53043 -23.3499 2.2
      vertex 0 -23.4 1.6
      vertex -1.53043 -23.3499 1.6
    endloop
  endfacet
  facet normal 1 -0 0
    outer loop
      vertex 14 -5 2.2
      vertex 14 14 1.6
      vertex 14 14 2.2
    endloop
  endfacet
  facet normal 1 0 0
    outer loop
      vertex 14 14 1.6
      vertex 14 -5 2.2
      vertex 14 -5 1.6
    endloop
  endfacet
  facet normal 0.768221 0.640184 0
    outer loop
      vertex 14 14 2.2
      vertex 11.5 17 1.6
      vertex 11.5 17 2.2
    endloop
  endfacet
  facet normal 0.768221 0.640184 0
    outer loop
      vertex 11.5 17 1.6
      vertex 14 14 2.2
      vertex 14 14 1.6
    endloop
  endfacet
  facet normal 0 1 -0
    outer loop
      vertex 11.5 17 1.6
      vertex -11.5 17 2.2
      vertex 11.5 17 2.2
    endloop
  endfacet
  facet normal 0 1 0
    outer loop
      vertex -11.5 17 2.2
      vertex 11.5 17 1.6
      vertex -11.5 17 1.6
    endloop
  endfacet
  facet normal -0.768221 0.640184 0
    outer loop
      vertex -14 14 1.6
      vertex -11.5 17 2.2
      vertex -11.5 17 1.6
    endloop
  endfacet
  facet normal -0.768221 0.640184 0
    outer loop
      vertex -11.5 17 2.2
      vertex -14 14 1.6
      vertex -14 14 2.2
    endloop
  endfacet
  facet normal -1 0 0
    outer loop
      vertex -14 -5 1.6
      vertex -14 14 2.2
      vertex -14 14 1.6
    endloop
  endfacet
  facet normal -1 -0 0
    outer loop
      vertex -14 14 2.2
      vertex -14 -5 1.6
      vertex -14 -5 2.2
    endloop
  endfacet
  facet normal -0.650791 -0.759257 0
    outer loop
      vertex -14 -5 1.6
      vertex 0 -17 2.2
      vertex -14 -5 2.2
    endloop
  endfacet
  facet normal -0.650791 -0.759257 -0
    outer loop
      vertex 0 -17 2.2
      vertex -14 -5 1.6
      vertex 0 -17 1.6
    endloop
  endfacet
  facet normal 0.650791 -0.759257 0
    outer loop
      vertex 0 -17 1.6
      vertex 14 -5 2.2
      vertex 0 -17 2.2
    endloop
  endfacet
  facet normal 0.650791 -0.759257 0
    outer loop
      vertex 14 -5 2.2
      vertex 0 -17 1.6
      vertex 14 -5 1.6
    endloop
  endfacet
  facet normal 1 -0 0
    outer loop
      vertex -12.7 -4.7 2.2
      vertex -12.7 13.5 1.6
      vertex -12.7 13.5 2.2
    endloop
  endfacet
  facet normal 1 0 0
    outer loop
      vertex -12.7 13.5 1.6
      vertex -12.7 -4.7 2.2
      vertex -12.7 -4.7 1.6
    endloop
  endfacet
  facet normal 0.724999 -0.688749 0
    outer loop
      vertex -12.7 13.5 2.2
      vertex -10.8 15.5 1.6
      vertex -10.8 15.5 2.2
    endloop
  endfacet
  facet normal 0.724999 -0.688749 0
    outer loop
      vertex -10.8 15.5 1.6
      vertex -12.7 13.5 2.2
      vertex -12.7 13.5 1.6
    endloop
  endfacet
  facet normal 0 -1 0
    outer loop
      vertex -10.8 15.5 1.6
      vertex 10.8 15.5 2.2
      vertex -10.8 15.5 2.2
    endloop
  endfacet
  facet normal 0 -1 -0
    outer loop
      vertex 10.8 15.5 2.2
      vertex -10.8 15.5 1.6
      vertex 10.8 15.5 1.6
    endloop
  endfacet
  facet normal -0.724999 -0.688749 0
    outer loop
      vertex 12.7 13.5 1.6
      vertex 10.8 15.5 2.2
      vertex 10.8 15.5 1.6
    endloop
  endfacet
  facet normal -0.724999 -0.688749 0
    outer loop
      vertex 10.8 15.5 2.2
      vertex 12.7 13.5 1.6
      vertex 12.7 13.5 2.2
    endloop
  endfacet
  facet normal -1 0 0
    outer loop
      vertex 12.7 -4.7 1.6
      vertex 12.7 13.5 2.2
      vertex 12.7 13.5 1.6
    endloop
  endfacet
  facet normal -1 -0 0
    outer loop
      vertex 12.7 13.5 2.2
      vertex 12.7 -4.7 1.6
      vertex 12.7 -4.7 2.2
    endloop
  endfacet
  facet normal -0.637205 0.770694 0
    outer loop
      vertex 12.7 -4.7 1.6
      vertex 10.9828 -6.11977 2.2
      vertex 12.7 -4.7 2.2
    endloop
  endfacet
  facet normal -0.637205 0.770694 0
    outer loop
      vertex 10.9828 -6.11977 2.2
      vertex 12.7 -4.7 1.6
      vertex 10.9828 -6.11977 1.6
    endloop
  endfacet
  facet normal 0.998111 0.0614295 0
    outer loop
      vertex 10.9828 -6.11977 2.2
      vertex 10.6 0.0999908 1.6
      vertex 10.6 0.0999908 2.2
    endloop
  endfacet
  facet normal 0.998111 0.0614295 0
    outer loop
      vertex 10.6 0.0999908 1.6
      vertex 10.9828 -6.11977 2.2
      vertex 10.9828 -6.11977 1.6
    endloop
  endfacet
  facet normal 0.615643 0.788025 -0
    outer loop
      vertex 10.6 0.0999908 1.6
      vertex 7.39999 2.59999 2.2
      vertex 10.6 0.0999908 2.2
    endloop
  endfacet
  facet normal 0.615643 0.788025 0
    outer loop
      vertex 7.39999 2.59999 2.2
      vertex 10.6 0.0999908 1.6
      vertex 7.39999 2.59999 1.6
    endloop
  endfacet
  facet normal 0.380753 0.924677 -0
    outer loop
      vertex 7.39999 2.59999 1.6
      vertex 4 4 2.2
      vertex 7.39999 2.59999 2.2
    endloop
  endfacet
  facet normal 0.380753 0.924677 0
    outer loop
      vertex 4 4 2.2
      vertex 7.39999 2.59999 1.6
      vertex 4 4 1.6
    endloop
  endfacet
  facet normal 0.957828 -0.287343 0
    outer loop
      vertex 4 4 2.2
      vertex 4.59999 6 1.6
      vertex 4.59999 6 2.2
    endloop
  endfacet
  facet normal 0.957828 -0.287343 0
    outer loop
      vertex 4.59999 6 1.6
      vertex 4 4 2.2
      vertex 4 4 1.6
    endloop
  endfacet
  facet normal 0.756825 0.653618 0
    outer loop
      vertex 4.59999 6 2.2
      vertex 2.7 8.2 1.6
      vertex 2.7 8.2 2.2
    endloop
  endfacet
  facet normal 0.756825 0.653618 0
    outer loop
      vertex 2.7 8.2 1.6
      vertex 4.59999 6 2.2
      vertex 4.59999 6 1.6
    endloop
  endfacet
  facet normal 0.265929 0.963993 -0
    outer loop
      vertex 2.7 8.2 1.6
      vertex -0.199997 9 2.2
      vertex 2.7 8.2 2.2
    endloop
  endfacet
  facet normal 0.265929 0.963993 0
    outer loop
      vertex -0.199997 9 2.2
      vertex 2.7 8.2 1.6
      vertex -0.199997 9 1.6
    endloop
  endfacet
  facet normal -0.472221 0.88148 0
    outer loop
      vertex -0.199997 9 1.6
      vertex -3 7.5 2.2
      vertex -0.199997 9 2.2
    endloop
  endfacet
  facet normal -0.472221 0.88148 0
    outer loop
      vertex -3 7.5 2.2
      vertex -0.199997 9 1.6
      vertex -3 7.5 1.6
    endloop
  endfacet
  facet normal -0.82473 0.565527 0
    outer loop
      vertex -5.39999 4 1.6
      vertex -3 7.5 2.2
      vertex -3 7.5 1.6
    endloop
  endfacet
  facet normal -0.82473 0.565527 0
    outer loop
      vertex -3 7.5 2.2
      vertex -5.39999 4 1.6
      vertex -5.39999 4 2.2
    endloop
  endfacet
  facet normal 0 1 -0
    outer loop
      vertex -5.39999 4 1.6
      vertex -8.59999 4 2.2
      vertex -5.39999 4 2.2
    endloop
  endfacet
  facet normal 0 1 0
    outer loop
      vertex -8.59999 4 2.2
      vertex -5.39999 4 1.6
      vertex -8.59999 4 1.6
    endloop
  endfacet
  facet normal -0.229039 0.973417 0
    outer loop
      vertex -8.59999 4 1.6
      vertex -12 3.2 2.2
      vertex -8.59999 4 2.2
    endloop
  endfacet
  facet normal -0.229039 0.973417 0
    outer loop
      vertex -12 3.2 2.2
      vertex -8.59999 4 1.6
      vertex -12 3.2 1.6
    endloop
  endfacet
  facet normal -0.796163 -0.605083 0
    outer loop
      vertex -10.1 0.699997 1.6
      vertex -12 3.2 2.2
      vertex -12 3.2 1.6
    endloop
  endfacet
  facet normal -0.796163 -0.605083 0
    outer loop
      vertex -12 3.2 2.2
      vertex -10.1 0.699997 1.6
      vertex -10.1 0.699997 2.2
    endloop
  endfacet
  facet normal -0.176663 -0.984271 0
    outer loop
      vertex -10.1 0.699997 1.6
      vertex -6.2 0 2.2
      vertex -10.1 0.699997 2.2
    endloop
  endfacet
  facet normal -0.176663 -0.984271 -0
    outer loop
      vertex -6.2 0 2.2
      vertex -10.1 0.699997 1.6
      vertex -6.2 0 1.6
    endloop
  endfacet
  facet normal -0.759255 0.650793 0
    outer loop
      vertex -8 -2.09999 1.6
      vertex -6.2 0 2.2
      vertex -6.2 0 1.6
    endloop
  endfacet
  facet normal -0.759255 0.650793 0
    outer loop
      vertex -6.2 0 2.2
      vertex -8 -2.09999 1.6
      vertex -8 -2.09999 2.2
    endloop
  endfacet
  facet normal -0.339644 -0.940554 0
    outer loop
      vertex -8 -2.09999 1.6
      vertex -4.39999 -3.39999 2.2
      vertex -8 -2.09999 2.2
    endloop
  endfacet
  facet normal -0.339644 -0.940554 -0
    outer loop
      vertex -4.39999 -3.39999 2.2
      vertex -8 -2.09999 1.6
      vertex -4.39999 -3.39999 1.6
    endloop
  endfacet
  facet normal -0.888218 0.459423 0
    outer loop
      vertex -5.89999 -6.29999 1.6
      vertex -4.39999 -3.39999 2.2
      vertex -4.39999 -3.39999 1.6
    endloop
  endfacet
  facet normal -0.888218 0.459423 0
    outer loop
      vertex -4.39999 -3.39999 2.2
      vertex -5.89999 -6.29999 1.6
      vertex -5.89999 -6.29999 2.2
    endloop
  endfacet
  facet normal -0.207507 -0.978234 0
    outer loop
      vertex -5.89999 -6.29999 1.6
      vertex -2.59999 -7 2.2
      vertex -5.89999 -6.29999 2.2
    endloop
  endfacet
  facet normal -0.207507 -0.978234 -0
    outer loop
      vertex -2.59999 -7 2.2
      vertex -5.89999 -6.29999 1.6
      vertex -2.59999 -7 1.6
    endloop
  endfacet
  facet normal 0.752579 -0.658502 0
    outer loop
      vertex -2.59999 -7 2.2
      vertex 0.199997 -3.79999 1.6
      vertex 0.199997 -3.79999 2.2
    endloop
  endfacet
  facet normal 0.752579 -0.658502 0
    outer loop
      vertex 0.199997 -3.79999 1.6
      vertex -2.59999 -7 2.2
      vertex -2.59999 -7 1.6
    endloop
  endfacet
  facet normal -0.476284 -0.879291 0
    outer loop
      vertex 0.199997 -3.79999 1.6
      vertex 2.59999 -5.09999 2.2
      vertex 0.199997 -3.79999 2.2
    endloop
  endfacet
  facet normal -0.476284 -0.879291 -0
    outer loop
      vertex 2.59999 -5.09999 2.2
      vertex 0.199997 -3.79999 1.6
      vertex 2.59999 -5.09999 1.6
    endloop
  endfacet
  facet normal 0.265928 -0.963993 0
    outer loop
      vertex 2.59999 -5.09999 1.6
      vertex 5.5 -4.29999 2.2
      vertex 2.59999 -5.09999 2.2
    endloop
  endfacet
  facet normal 0.265928 -0.963993 0
    outer loop
      vertex 5.5 -4.29999 2.2
      vertex 2.59999 -5.09999 1.6
      vertex 5.5 -4.29999 1.6
    endloop
  endfacet
  facet normal -0.356705 -0.934217 0
    outer loop
      vertex 5.5 -4.29999 1.6
      vertex 10.7563 -6.30696 2.2
      vertex 5.5 -4.29999 2.2
    endloop
  endfacet
  facet normal -0.356705 -0.934217 -0
    outer loop
      vertex 10.7563 -6.30696 2.2
      vertex 5.5 -4.29999 1.6
      vertex 10.7563 -6.30696 1.6
    endloop
  endfacet
  facet normal -0.637197 0.770701 0
    outer loop
      vertex 10.7563 -6.30696 1.6
      vertex 0 -15.2 2.2
      vertex 10.7563 -6.30696 2.2
    endloop
  endfacet
  facet normal -0.637197 0.770701 0
    outer loop
      vertex 0 -15.2 2.2
      vertex 10.7563 -6.30696 1.6
      vertex 0 -15.2 1.6
    endloop
  endfacet
  facet normal 0.637195 0.770703 -0
    outer loop
      vertex 0 -15.2 1.6
      vertex -12.7 -4.7 2.2
      vertex 0 -15.2 2.2
    endloop
  endfacet
  facet normal 0.637195 0.770703 0
    outer loop
      vertex -12.7 -4.7 2.2
      vertex 0 -15.2 1.6
      vertex -12.7 -4.7 1.6
    endloop
  endfacet
  facet normal 0.0978315 0.995203 -0
    outer loop
      vertex -1.03433 5.47612 1.6
      vertex -1.06851 5.47948 2.2
      vertex -1.03433 5.47612 2.2
    endloop
  endfacet
  facet normal 0.0978315 0.995203 0
    outer loop
      vertex -1.06851 5.47948 2.2
      vertex -1.03433 5.47612 1.6
      vertex -1.06851 5.47948 1.6
    endloop
  endfacet
  facet normal 0.162936 0.986637 -0
    outer loop
      vertex -1.06851 5.47948 1.6
      vertex -1.10242 5.48508 2.2
      vertex -1.06851 5.47948 2.2
    endloop
  endfacet
  facet normal 0.162936 0.986637 0
    outer loop
      vertex -1.10242 5.48508 2.2
      vertex -1.06851 5.47948 1.6
      vertex -1.10242 5.48508 1.6
    endloop
  endfacet
  facet normal 0.226751 0.973953 -0
    outer loop
      vertex -1.10242 5.48508 1.6
      vertex -1.13588 5.49287 2.2
      vertex -1.10242 5.48508 2.2
    endloop
  endfacet
  facet normal 0.226751 0.973953 0
    outer loop
      vertex -1.13588 5.49287 2.2
      vertex -1.10242 5.48508 1.6
      vertex -1.13588 5.49287 1.6
    endloop
  endfacet
  facet normal 0.290524 0.956868 -0
    outer loop
      vertex -1.13588 5.49287 1.6
      vertex -1.16875 5.50285 2.2
      vertex -1.13588 5.49287 2.2
    endloop
  endfacet
  facet normal 0.290524 0.956868 0
    outer loop
      vertex -1.16875 5.50285 2.2
      vertex -1.13588 5.49287 1.6
      vertex -1.16875 5.50285 1.6
    endloop
  endfacet
  facet normal 0.35224 0.93591 -0
    outer loop
      vertex -1.16875 5.50285 1.6
      vertex -1.2009 5.51495 2.2
      vertex -1.16875 5.50285 2.2
    endloop
  endfacet
  facet normal 0.35224 0.93591 0
    outer loop
      vertex -1.2009 5.51495 2.2
      vertex -1.16875 5.50285 1.6
      vertex -1.2009 5.51495 1.6
    endloop
  endfacet
  facet normal 0.412772 0.910834 -0
    outer loop
      vertex -1.2009 5.51495 1.6
      vertex -1.23219 5.52913 2.2
      vertex -1.2009 5.51495 2.2
    endloop
  endfacet
  facet normal 0.412772 0.910834 0
    outer loop
      vertex -1.23219 5.52913 2.2
      vertex -1.2009 5.51495 1.6
      vertex -1.23219 5.52913 1.6
    endloop
  endfacet
  facet normal 0.471373 0.881934 -0
    outer loop
      vertex -1.23219 5.52913 1.6
      vertex -1.2625 5.54533 2.2
      vertex -1.23219 5.52913 2.2
    endloop
  endfacet
  facet normal 0.471373 0.881934 0
    outer loop
      vertex -1.2625 5.54533 2.2
      vertex -1.23219 5.52913 1.6
      vertex -1.2625 5.54533 1.6
    endloop
  endfacet
  facet normal 0.528297 0.84906 -0
    outer loop
      vertex -1.2625 5.54533 1.6
      vertex -1.29167 5.56348 2.2
      vertex -1.2625 5.54533 2.2
    endloop
  endfacet
  facet normal 0.528297 0.84906 0
    outer loop
      vertex -1.29167 5.56348 2.2
      vertex -1.2625 5.54533 1.6
      vertex -1.29167 5.56348 1.6
    endloop
  endfacet
  facet normal 0.582202 0.813044 -0
    outer loop
      vertex -1.29167 5.56348 1.6
      vertex -1.3196 5.58348 2.2
      vertex -1.29167 5.56348 2.2
    endloop
  endfacet
  facet normal 0.582202 0.813044 0
    outer loop
      vertex -1.3196 5.58348 2.2
      vertex -1.29167 5.56348 1.6
      vertex -1.3196 5.58348 1.6
    endloop
  endfacet
  facet normal 0.63441 0.772996 -0
    outer loop
      vertex -1.3196 5.58348 1.6
      vertex -1.34615 5.60527 2.2
      vertex -1.3196 5.58348 2.2
    endloop
  endfacet
  facet normal 0.63441 0.772996 0
    outer loop
      vertex -1.34615 5.60527 2.2
      vertex -1.3196 5.58348 1.6
      vertex -1.34615 5.60527 1.6
    endloop
  endfacet
  facet normal 0.683893 0.729583 -0
    outer loop
      vertex -1.34615 5.60527 1.6
      vertex -1.37122 5.62877 2.2
      vertex -1.34615 5.60527 2.2
    endloop
  endfacet
  facet normal 0.683893 0.729583 0
    outer loop
      vertex -1.37122 5.62877 2.2
      vertex -1.34615 5.60527 1.6
      vertex -1.37122 5.62877 1.6
    endloop
  endfacet
  facet normal 0.729728 0.683738 0
    outer loop
      vertex -1.37122 5.62877 2.2
      vertex -1.39471 5.65384 1.6
      vertex -1.39471 5.65384 2.2
    endloop
  endfacet
  facet normal 0.729728 0.683738 0
    outer loop
      vertex -1.39471 5.65384 1.6
      vertex -1.37122 5.62877 2.2
      vertex -1.37122 5.62877 1.6
    endloop
  endfacet
  facet normal 0.772996 0.63441 0
    outer loop
      vertex -1.39471 5.65384 2.2
      vertex -1.4165 5.68039 1.6
      vertex -1.4165 5.68039 2.2
    endloop
  endfacet
  facet normal 0.772996 0.63441 0
    outer loop
      vertex -1.4165 5.68039 1.6
      vertex -1.39471 5.65384 2.2
      vertex -1.39471 5.65384 1.6
    endloop
  endfacet
  facet normal 0.812808 0.582532 0
    outer loop
      vertex -1.4165 5.68039 2.2
      vertex -1.43651 5.70831 1.6
      vertex -1.43651 5.70831 2.2
    endloop
  endfacet
  facet normal 0.812808 0.582532 0
    outer loop
      vertex -1.43651 5.70831 1.6
      vertex -1.4165 5.68039 2.2
      vertex -1.4165 5.68039 1.6
    endloop
  endfacet
  facet normal 0.849271 0.527957 0
    outer loop
      vertex -1.43651 5.70831 2.2
      vertex -1.45465 5.73749 1.6
      vertex -1.45465 5.73749 2.2
    endloop
  endfacet
  facet normal 0.849271 0.527957 0
    outer loop
      vertex -1.45465 5.73749 1.6
      vertex -1.43651 5.70831 2.2
      vertex -1.43651 5.70831 1.6
    endloop
  endfacet
  facet normal 0.881748 0.471721 0
    outer loop
      vertex -1.45465 5.73749 2.2
      vertex -1.47086 5.76779 1.6
      vertex -1.47086 5.76779 2.2
    endloop
  endfacet
  facet normal 0.881748 0.471721 0
    outer loop
      vertex -1.47086 5.76779 1.6
      vertex -1.45465 5.73749 2.2
      vertex -1.45465 5.73749 1.6
    endloop
  endfacet
  facet normal 0.910993 0.412421 0
    outer loop
      vertex -1.47086 5.76779 2.2
      vertex -1.48503 5.79909 1.6
      vertex -1.48503 5.79909 2.2
    endloop
  endfacet
  facet normal 0.910993 0.412421 0
    outer loop
      vertex -1.48503 5.79909 1.6
      vertex -1.47086 5.76779 2.2
      vertex -1.47086 5.76779 1.6
    endloop
  endfacet
  facet normal 0.93591 0.35224 0
    outer loop
      vertex -1.48503 5.79909 2.2
      vertex -1.49713 5.83124 1.6
      vertex -1.49713 5.83124 2.2
    endloop
  endfacet
  facet normal 0.93591 0.35224 0
    outer loop
      vertex -1.49713 5.83124 1.6
      vertex -1.48503 5.79909 2.2
      vertex -1.48503 5.79909 1.6
    endloop
  endfacet
  facet normal 0.956868 0.290524 0
    outer loop
      vertex -1.49713 5.83124 2.2
      vertex -1.50711 5.86411 1.6
      vertex -1.50711 5.86411 2.2
    endloop
  endfacet
  facet normal 0.956868 0.290524 0
    outer loop
      vertex -1.50711 5.86411 1.6
      vertex -1.49713 5.83124 2.2
      vertex -1.49713 5.83124 1.6
    endloop
  endfacet
  facet normal 0.973888 0.227027 0
    outer loop
      vertex -1.50711 5.86411 2.2
      vertex -1.51491 5.89757 1.6
      vertex -1.51491 5.89757 2.2
    endloop
  endfacet
  facet normal 0.973888 0.227027 0
    outer loop
      vertex -1.51491 5.89757 1.6
      vertex -1.50711 5.86411 2.2
      vertex -1.50711 5.86411 1.6
    endloop
  endfacet
  facet normal 0.986629 0.162983 0
    outer loop
      vertex -1.51491 5.89757 2.2
      vertex -1.52051 5.93147 1.6
      vertex -1.52051 5.93147 2.2
    endloop
  endfacet
  facet normal 0.986629 0.162983 0
    outer loop
      vertex -1.52051 5.93147 1.6
      vertex -1.51491 5.89757 2.2
      vertex -1.51491 5.89757 1.6
    endloop
  endfacet
  facet normal 0.995231 0.0975431 0
    outer loop
      vertex -1.52051 5.93147 2.2
      vertex -1.52386 5.96565 1.6
      vertex -1.52386 5.96565 2.2
    endloop
  endfacet
  facet normal 0.995231 0.0975431 0
    outer loop
      vertex -1.52386 5.96565 1.6
      vertex -1.52051 5.93147 2.2
      vertex -1.52051 5.93147 1.6
    endloop
  endfacet
  facet normal 0.999459 0.0328789 0
    outer loop
      vertex -1.52386 5.96565 2.2
      vertex -1.52499 6 1.6
      vertex -1.52499 6 2.2
    endloop
  endfacet
  facet normal 0.999459 0.0328789 0
    outer loop
      vertex -1.52499 6 1.6
      vertex -1.52386 5.96565 2.2
      vertex -1.52386 5.96565 1.6
    endloop
  endfacet
  facet normal 0.999459 -0.032898 0
    outer loop
      vertex -1.52499 6 2.2
      vertex -1.52386 6.03433 1.6
      vertex -1.52386 6.03433 2.2
    endloop
  endfacet
  facet normal 0.999459 -0.032898 0
    outer loop
      vertex -1.52386 6.03433 1.6
      vertex -1.52499 6 2.2
      vertex -1.52499 6 1.6
    endloop
  endfacet
  facet normal 0.995231 -0.0975431 0
    outer loop
      vertex -1.52386 6.03433 2.2
      vertex -1.52051 6.06851 1.6
      vertex -1.52051 6.06851 2.2
    endloop
  endfacet
  facet normal 0.995231 -0.0975431 0
    outer loop
      vertex -1.52051 6.06851 1.6
      vertex -1.52386 6.03433 2.2
      vertex -1.52386 6.03433 1.6
    endloop
  endfacet
  facet normal 0.986637 -0.162936 0
    outer loop
      vertex -1.52051 6.06851 2.2
      vertex -1.51491 6.10242 1.6
      vertex -1.51491 6.10242 2.2
    endloop
  endfacet
  facet normal 0.986637 -0.162936 0
    outer loop
      vertex -1.51491 6.10242 1.6
      vertex -1.52051 6.06851 2.2
      vertex -1.52051 6.06851 1.6
    endloop
  endfacet
  facet normal 0.973888 -0.227027 0
    outer loop
      vertex -1.51491 6.10242 2.2
      vertex -1.50711 6.13588 1.6
      vertex -1.50711 6.13588 2.2
    endloop
  endfacet
  facet normal 0.973888 -0.227027 0
    outer loop
      vertex -1.50711 6.13588 1.6
      vertex -1.51491 6.10242 2.2
      vertex -1.51491 6.10242 1.6
    endloop
  endfacet
  facet normal 0.956868 -0.290524 0
    outer loop
      vertex -1.50711 6.13588 2.2
      vertex -1.49713 6.16875 1.6
      vertex -1.49713 6.16875 2.2
    endloop
  endfacet
  facet normal 0.956868 -0.290524 0
    outer loop
      vertex -1.49713 6.16875 1.6
      vertex -1.50711 6.13588 2.2
      vertex -1.50711 6.13588 1.6
    endloop
  endfacet
  facet normal 0.93591 -0.35224 0
    outer loop
      vertex -1.49713 6.16875 2.2
      vertex -1.48503 6.2009 1.6
      vertex -1.48503 6.2009 2.2
    endloop
  endfacet
  facet normal 0.93591 -0.35224 0
    outer loop
      vertex -1.48503 6.2009 1.6
      vertex -1.49713 6.16875 2.2
      vertex -1.49713 6.16875 1.6
    endloop
  endfacet
  facet normal 0.910944 -0.41253 0
    outer loop
      vertex -1.48503 6.2009 2.2
      vertex -1.47086 6.23219 1.6
      vertex -1.47086 6.23219 2.2
    endloop
  endfacet
  facet normal 0.910944 -0.41253 0
    outer loop
      vertex -1.47086 6.23219 1.6
      vertex -1.48503 6.2009 2.2
      vertex -1.48503 6.2009 1.6
    endloop
  endfacet
  facet normal 0.881813 -0.4716 0
    outer loop
      vertex -1.47086 6.23219 2.2
      vertex -1.45465 6.2625 1.6
      vertex -1.45465 6.2625 2.2
    endloop
  endfacet
  facet normal 0.881813 -0.4716 0
    outer loop
      vertex -1.45465 6.2625 1.6
      vertex -1.47086 6.23219 2.2
      vertex -1.47086 6.23219 1.6
    endloop
  endfacet
  facet normal 0.84919 -0.528087 0
    outer loop
      vertex -1.45465 6.2625 2.2
      vertex -1.43651 6.29167 1.6
      vertex -1.43651 6.29167 2.2
    endloop
  endfacet
  facet normal 0.84919 -0.528087 0
    outer loop
      vertex -1.43651 6.29167 1.6
      vertex -1.45465 6.2625 2.2
      vertex -1.45465 6.2625 1.6
    endloop
  endfacet
  facet normal 0.812907 -0.582394 0
    outer loop
      vertex -1.43651 6.29167 2.2
      vertex -1.4165 6.3196 1.6
      vertex -1.4165 6.3196 2.2
    endloop
  endfacet
  facet normal 0.812907 -0.582394 0
    outer loop
      vertex -1.4165 6.3196 1.6
      vertex -1.43651 6.29167 2.2
      vertex -1.43651 6.29167 1.6
    endloop
  endfacet
  facet normal 0.772996 -0.63441 0
    outer loop
      vertex -1.4165 6.3196 2.2
      vertex -1.39471 6.34615 1.6
      vertex -1.39471 6.34615 2.2
    endloop
  endfacet
  facet normal 0.772996 -0.63441 0
    outer loop
      vertex -1.39471 6.34615 1.6
      vertex -1.4165 6.3196 2.2
      vertex -1.4165 6.3196 1.6
    endloop
  endfacet
  facet normal 0.729728 -0.683738 0
    outer loop
      vertex -1.39471 6.34615 2.2
      vertex -1.37122 6.37122 1.6
      vertex -1.37122 6.37122 2.2
    endloop
  endfacet
  facet normal 0.729728 -0.683738 0
    outer loop
      vertex -1.37122 6.37122 1.6
      vertex -1.39471 6.34615 2.2
      vertex -1.39471 6.34615 1.6
    endloop
  endfacet
  facet normal 0.683738 -0.729728 0
    outer loop
      vertex -1.37122 6.37122 1.6
      vertex -1.34615 6.39471 2.2
      vertex -1.37122 6.37122 2.2
    endloop
  endfacet
  facet normal 0.683738 -0.729728 0
    outer loop
      vertex -1.34615 6.39471 2.2
      vertex -1.37122 6.37122 1.6
      vertex -1.34615 6.39471 1.6
    endloop
  endfacet
  facet normal 0.63441 -0.772996 0
    outer loop
      vertex -1.34615 6.39471 1.6
      vertex -1.3196 6.4165 2.2
      vertex -1.34615 6.39471 2.2
    endloop
  endfacet
  facet normal 0.63441 -0.772996 0
    outer loop
      vertex -1.3196 6.4165 2.2
      vertex -1.34615 6.39471 1.6
      vertex -1.3196 6.4165 1.6
    endloop
  endfacet
  facet normal 0.582394 -0.812907 0
    outer loop
      vertex -1.3196 6.4165 1.6
      vertex -1.29167 6.43651 2.2
      vertex -1.3196 6.4165 2.2
    endloop
  endfacet
  facet normal 0.582394 -0.812907 0
    outer loop
      vertex -1.29167 6.43651 2.2
      vertex -1.3196 6.4165 1.6
      vertex -1.29167 6.43651 1.6
    endloop
  endfacet
  facet normal 0.528087 -0.84919 0
    outer loop
      vertex -1.29167 6.43651 1.6
      vertex -1.2625 6.45465 2.2
      vertex -1.29167 6.43651 2.2
    endloop
  endfacet
  facet normal 0.528087 -0.84919 0
    outer loop
      vertex -1.2625 6.45465 2.2
      vertex -1.29167 6.43651 1.6
      vertex -1.2625 6.45465 1.6
    endloop
  endfacet
  facet normal 0.4716 -0.881813 0
    outer loop
      vertex -1.2625 6.45465 1.6
      vertex -1.23219 6.47086 2.2
      vertex -1.2625 6.45465 2.2
    endloop
  endfacet
  facet normal 0.4716 -0.881813 0
    outer loop
      vertex -1.23219 6.47086 2.2
      vertex -1.2625 6.45465 1.6
      vertex -1.23219 6.47086 1.6
    endloop
  endfacet
  facet normal 0.41253 -0.910944 0
    outer loop
      vertex -1.23219 6.47086 1.6
      vertex -1.2009 6.48503 2.2
      vertex -1.23219 6.47086 2.2
    endloop
  endfacet
  facet normal 0.41253 -0.910944 0
    outer loop
      vertex -1.2009 6.48503 2.2
      vertex -1.23219 6.47086 1.6
      vertex -1.2009 6.48503 1.6
    endloop
  endfacet
  facet normal 0.35224 -0.93591 0
    outer loop
      vertex -1.2009 6.48503 1.6
      vertex -1.16875 6.49713 2.2
      vertex -1.2009 6.48503 2.2
    endloop
  endfacet
  facet normal 0.35224 -0.93591 0
    outer loop
      vertex -1.16875 6.49713 2.2
      vertex -1.2009 6.48503 1.6
      vertex -1.16875 6.49713 1.6
    endloop
  endfacet
  facet normal 0.290524 -0.956868 0
    outer loop
      vertex -1.16875 6.49713 1.6
      vertex -1.13588 6.50711 2.2
      vertex -1.16875 6.49713 2.2
    endloop
  endfacet
  facet normal 0.290524 -0.956868 0
    outer loop
      vertex -1.13588 6.50711 2.2
      vertex -1.16875 6.49713 1.6
      vertex -1.13588 6.50711 1.6
    endloop
  endfacet
  facet normal 0.227027 -0.973888 0
    outer loop
      vertex -1.13588 6.50711 1.6
      vertex -1.10242 6.51491 2.2
      vertex -1.13588 6.50711 2.2
    endloop
  endfacet
  facet normal 0.227027 -0.973888 0
    outer loop
      vertex -1.10242 6.51491 2.2
      vertex -1.13588 6.50711 1.6
      vertex -1.10242 6.51491 1.6
    endloop
  endfacet
  facet normal 0.162936 -0.986637 0
    outer loop
      vertex -1.10242 6.51491 1.6
      vertex -1.06851 6.52051 2.2
      vertex -1.10242 6.51491 2.2
    endloop
  endfacet
  facet normal 0.162936 -0.986637 0
    outer loop
      vertex -1.06851 6.52051 2.2
      vertex -1.10242 6.51491 1.6
      vertex -1.06851 6.52051 1.6
    endloop
  endfacet
  facet normal 0.0975431 -0.995231 0
    outer loop
      vertex -1.06851 6.52051 1.6
      vertex -1.03433 6.52386 2.2
      vertex -1.06851 6.52051 2.2
    endloop
  endfacet
  facet normal 0.0975431 -0.995231 0
    outer loop
      vertex -1.03433 6.52386 2.2
      vertex -1.06851 6.52051 1.6
      vertex -1.03433 6.52386 1.6
    endloop
  endfacet
  facet normal 0.032898 -0.999459 0
    outer loop
      vertex -1.03433 6.52386 1.6
      vertex -1 6.52499 2.2
      vertex -1.03433 6.52386 2.2
    endloop
  endfacet
  facet normal 0.032898 -0.999459 0
    outer loop
      vertex -1 6.52499 2.2
      vertex -1.03433 6.52386 1.6
      vertex -1 6.52499 1.6
    endloop
  endfacet
  facet normal -0.0328808 -0.999459 0
    outer loop
      vertex -1 6.52499 1.6
      vertex -0.965652 6.52386 2.2
      vertex -1 6.52499 2.2
    endloop
  endfacet
  facet normal -0.0328808 -0.999459 -0
    outer loop
      vertex -0.965652 6.52386 2.2
      vertex -1 6.52499 1.6
      vertex -0.965652 6.52386 1.6
    endloop
  endfacet
  facet normal -0.097546 -0.995231 0
    outer loop
      vertex -0.965652 6.52386 1.6
      vertex -0.931473 6.52051 2.2
      vertex -0.965652 6.52386 2.2
    endloop
  endfacet
  facet normal -0.097546 -0.995231 -0
    outer loop
      vertex -0.931473 6.52051 2.2
      vertex -0.965652 6.52386 1.6
      vertex -0.931473 6.52051 1.6
    endloop
  endfacet
  facet normal -0.16296 -0.986633 0
    outer loop
      vertex -0.931473 6.52051 1.6
      vertex -0.897568 6.51491 2.2
      vertex -0.931473 6.52051 2.2
    endloop
  endfacet
  facet normal -0.16296 -0.986633 -0
    outer loop
      vertex -0.897568 6.51491 2.2
      vertex -0.931473 6.52051 1.6
      vertex -0.897568 6.51491 1.6
    endloop
  endfacet
  facet normal -0.227008 -0.973893 0
    outer loop
      vertex -0.897568 6.51491 1.6
      vertex -0.864105 6.50711 2.2
      vertex -0.897568 6.51491 2.2
    endloop
  endfacet
  facet normal -0.227008 -0.973893 -0
    outer loop
      vertex -0.864105 6.50711 2.2
      vertex -0.897568 6.51491 1.6
      vertex -0.864105 6.50711 1.6
    endloop
  endfacet
  facet normal -0.290549 -0.95686 0
    outer loop
      vertex -0.864105 6.50711 1.6
      vertex -0.831238 6.49713 2.2
      vertex -0.864105 6.50711 2.2
    endloop
  endfacet
  facet normal -0.290549 -0.95686 -0
    outer loop
      vertex -0.831238 6.49713 2.2
      vertex -0.864105 6.50711 1.6
      vertex -0.831238 6.49713 1.6
    endloop
  endfacet
  facet normal -0.35224 -0.93591 0
    outer loop
      vertex -0.831238 6.49713 1.6
      vertex -0.799088 6.48503 2.2
      vertex -0.831238 6.49713 2.2
    endloop
  endfacet
  facet normal -0.35224 -0.93591 -0
    outer loop
      vertex -0.799088 6.48503 2.2
      vertex -0.831238 6.49713 1.6
      vertex -0.799088 6.48503 1.6
    endloop
  endfacet
  facet normal -0.412465 -0.910974 0
    outer loop
      vertex -0.799088 6.48503 1.6
      vertex -0.767792 6.47086 2.2
      vertex -0.799088 6.48503 2.2
    endloop
  endfacet
  facet normal -0.412465 -0.910974 -0
    outer loop
      vertex -0.767792 6.47086 2.2
      vertex -0.799088 6.48503 1.6
      vertex -0.767792 6.47086 1.6
    endloop
  endfacet
  facet normal -0.471672 -0.881774 0
    outer loop
      vertex -0.767792 6.47086 1.6
      vertex -0.737488 6.45465 2.2
      vertex -0.767792 6.47086 2.2
    endloop
  endfacet
  facet normal -0.471672 -0.881774 -0
    outer loop
      vertex -0.737488 6.45465 2.2
      vertex -0.767792 6.47086 1.6
      vertex -0.737488 6.45465 1.6
    endloop
  endfacet
  facet normal -0.528022 -0.849231 0
    outer loop
      vertex -0.737488 6.45465 1.6
      vertex -0.708313 6.43651 2.2
      vertex -0.737488 6.45465 2.2
    endloop
  endfacet
  facet normal -0.528022 -0.849231 -0
    outer loop
      vertex -0.708313 6.43651 2.2
      vertex -0.737488 6.45465 1.6
      vertex -0.708313 6.43651 1.6
    endloop
  endfacet
  facet normal -0.582477 -0.812847 0
    outer loop
      vertex -0.708313 6.43651 1.6
      vertex -0.680389 6.4165 2.2
      vertex -0.708313 6.43651 2.2
    endloop
  endfacet
  facet normal -0.582477 -0.812847 -0
    outer loop
      vertex -0.680389 6.4165 2.2
      vertex -0.708313 6.43651 1.6
      vertex -0.680389 6.4165 1.6
    endloop
  endfacet
  facet normal -0.63441 -0.772996 0
    outer loop
      vertex -0.680389 6.4165 1.6
      vertex -0.653839 6.39471 2.2
      vertex -0.680389 6.4165 2.2
    endloop
  endfacet
  facet normal -0.63441 -0.772996 -0
    outer loop
      vertex -0.653839 6.39471 2.2
      vertex -0.680389 6.4165 1.6
      vertex -0.653839 6.39471 1.6
    endloop
  endfacet
  facet normal -0.683738 -0.729728 0
    outer loop
      vertex -0.653839 6.39471 1.6
      vertex -0.628769 6.37122 2.2
      vertex -0.653839 6.39471 2.2
    endloop
  endfacet
  facet normal -0.683738 -0.729728 -0
    outer loop
      vertex -0.628769 6.37122 2.2
      vertex -0.653839 6.39471 1.6
      vertex -0.628769 6.37122 1.6
    endloop
  endfacet
  facet normal -0.729597 -0.683877 0
    outer loop
      vertex -0.60527 6.34615 1.6
      vertex -0.628769 6.37122 2.2
      vertex -0.628769 6.37122 1.6
    endloop
  endfacet
  facet normal -0.729597 -0.683877 0
    outer loop
      vertex -0.628769 6.37122 2.2
      vertex -0.60527 6.34615 1.6
      vertex -0.60527 6.34615 2.2
    endloop
  endfacet
  facet normal -0.773011 -0.634393 0
    outer loop
      vertex -0.583481 6.3196 1.6
      vertex -0.60527 6.34615 2.2
      vertex -0.60527 6.34615 1.6
    endloop
  endfacet
  facet normal -0.773011 -0.634393 0
    outer loop
      vertex -0.60527 6.34615 2.2
      vertex -0.583481 6.3196 1.6
      vertex -0.583481 6.3196 2.2
    endloop
  endfacet
  facet normal -0.812989 -0.582279 0
    outer loop
      vertex -0.563477 6.29167 1.6
      vertex -0.583481 6.3196 2.2
      vertex -0.583481 6.3196 1.6
    endloop
  endfacet
  facet normal -0.812989 -0.582279 0
    outer loop
      vertex -0.583481 6.3196 2.2
      vertex -0.563477 6.29167 1.6
      vertex -0.563477 6.29167 2.2
    endloop
  endfacet
  facet normal -0.849151 -0.52815 0
    outer loop
      vertex -0.545334 6.2625 1.6
      vertex -0.563477 6.29167 2.2
      vertex -0.563477 6.29167 1.6
    endloop
  endfacet
  facet normal -0.849151 -0.52815 0
    outer loop
      vertex -0.563477 6.29167 2.2
      vertex -0.545334 6.2625 1.6
      vertex -0.545334 6.2625 2.2
    endloop
  endfacet
  facet normal -0.881873 -0.471487 0
    outer loop
      vertex -0.529129 6.23219 1.6
      vertex -0.545334 6.2625 2.2
      vertex -0.545334 6.2625 1.6
    endloop
  endfacet
  facet normal -0.881873 -0.471487 0
    outer loop
      vertex -0.545334 6.2625 2.2
      vertex -0.529129 6.23219 1.6
      vertex -0.529129 6.23219 2.2
    endloop
  endfacet
  facet normal -0.910889 -0.412651 0
    outer loop
      vertex -0.514954 6.2009 1.6
      vertex -0.529129 6.23219 2.2
      vertex -0.529129 6.23219 1.6
    endloop
  endfacet
  facet normal -0.910889 -0.412651 0
    outer loop
      vertex -0.529129 6.23219 2.2
      vertex -0.514954 6.2009 1.6
      vertex -0.514954 6.2009 2.2
    endloop
  endfacet
  facet normal -0.9359 -0.352265 0
    outer loop
      vertex -0.502853 6.16875 1.6
      vertex -0.514954 6.2009 2.2
      vertex -0.514954 6.2009 1.6
    endloop
  endfacet
  facet normal -0.9359 -0.352265 0
    outer loop
      vertex -0.514954 6.2009 2.2
      vertex -0.502853 6.16875 1.6
      vertex -0.502853 6.16875 2.2
    endloop
  endfacet
  facet normal -0.956876 -0.290498 0
    outer loop
      vertex -0.492874 6.13588 1.6
      vertex -0.502853 6.16875 2.2
      vertex -0.502853 6.16875 1.6
    endloop
  endfacet
  facet normal -0.956876 -0.290498 0
    outer loop
      vertex -0.502853 6.16875 2.2
      vertex -0.492874 6.13588 1.6
      vertex -0.492874 6.13588 2.2
    endloop
  endfacet
  facet normal -0.973908 -0.226944 0
    outer loop
      vertex -0.485077 6.10242 1.6
      vertex -0.492874 6.13588 2.2
      vertex -0.492874 6.13588 1.6
    endloop
  endfacet
  facet normal -0.973908 -0.226944 0
    outer loop
      vertex -0.492874 6.13588 2.2
      vertex -0.485077 6.10242 1.6
      vertex -0.485077 6.10242 2.2
    endloop
  endfacet
  facet normal -0.986637 -0.162936 0
    outer loop
      vertex -0.479477 6.06851 1.6
      vertex -0.485077 6.10242 2.2
      vertex -0.485077 6.10242 1.6
    endloop
  endfacet
  facet normal -0.986637 -0.162936 0
    outer loop
      vertex -0.485077 6.10242 2.2
      vertex -0.479477 6.06851 1.6
      vertex -0.479477 6.06851 2.2
    endloop
  endfacet
  facet normal -0.995211 -0.097745 0
    outer loop
      vertex -0.47612 6.03433 1.6
      vertex -0.479477 6.06851 2.2
      vertex -0.479477 6.06851 1.6
    endloop
  endfacet
  facet normal -0.995211 -0.097745 0
    outer loop
      vertex -0.479477 6.06851 2.2
      vertex -0.47612 6.03433 1.6
      vertex -0.47612 6.03433 2.2
    endloop
  endfacet
  facet normal -0.99946 -0.0328689 0
    outer loop
      vertex -0.474991 6 1.6
      vertex -0.47612 6.03433 2.2
      vertex -0.47612 6.03433 1.6
    endloop
  endfacet
  facet normal -0.99946 -0.0328689 0
    outer loop
      vertex -0.47612 6.03433 2.2
      vertex -0.474991 6 1.6
      vertex -0.474991 6 2.2
    endloop
  endfacet
  facet normal -0.99946 0.0328498 0
    outer loop
      vertex -0.47612 5.96565 1.6
      vertex -0.474991 6 2.2
      vertex -0.474991 6 1.6
    endloop
  endfacet
  facet normal -0.99946 0.0328498 0
    outer loop
      vertex -0.474991 6 2.2
      vertex -0.47612 5.96565 1.6
      vertex -0.47612 5.96565 2.2
    endloop
  endfacet
  facet normal -0.995211 0.097745 0
    outer loop
      vertex -0.479477 5.93147 1.6
      vertex -0.47612 5.96565 2.2
      vertex -0.47612 5.96565 1.6
    endloop
  endfacet
  facet normal -0.995211 0.097745 0
    outer loop
      vertex -0.47612 5.96565 2.2
      vertex -0.479477 5.93147 1.6
      vertex -0.479477 5.93147 2.2
    endloop
  endfacet
  facet normal -0.986629 0.162983 0
    outer loop
      vertex -0.485077 5.89757 1.6
      vertex -0.479477 5.93147 2.2
      vertex -0.479477 5.93147 1.6
    endloop
  endfacet
  facet normal -0.986629 0.162983 0
    outer loop
      vertex -0.479477 5.93147 2.2
      vertex -0.485077 5.89757 1.6
      vertex -0.485077 5.89757 2.2
    endloop
  endfacet
  facet normal -0.973908 0.226944 0
    outer loop
      vertex -0.492874 5.86411 1.6
      vertex -0.485077 5.89757 2.2
      vertex -0.485077 5.89757 1.6
    endloop
  endfacet
  facet normal -0.973908 0.226944 0
    outer loop
      vertex -0.485077 5.89757 2.2
      vertex -0.492874 5.86411 1.6
      vertex -0.492874 5.86411 2.2
    endloop
  endfacet
  facet normal -0.956876 0.290498 0
    outer loop
      vertex -0.502853 5.83124 1.6
      vertex -0.492874 5.86411 2.2
      vertex -0.492874 5.86411 1.6
    endloop
  endfacet
  facet normal -0.956876 0.290498 0
    outer loop
      vertex -0.492874 5.86411 2.2
      vertex -0.502853 5.83124 1.6
      vertex -0.502853 5.83124 2.2
    endloop
  endfacet
  facet normal -0.9359 0.352265 0
    outer loop
      vertex -0.514954 5.79909 1.6
      vertex -0.502853 5.83124 2.2
      vertex -0.502853 5.83124 1.6
    endloop
  endfacet
  facet normal -0.9359 0.352265 0
    outer loop
      vertex -0.502853 5.83124 2.2
      vertex -0.514954 5.79909 1.6
      vertex -0.514954 5.79909 2.2
    endloop
  endfacet
  facet normal -0.910939 0.412542 0
    outer loop
      vertex -0.529129 5.76779 1.6
      vertex -0.514954 5.79909 2.2
      vertex -0.514954 5.79909 1.6
    endloop
  endfacet
  facet normal -0.910939 0.412542 0
    outer loop
      vertex -0.514954 5.79909 2.2
      vertex -0.529129 5.76779 1.6
      vertex -0.529129 5.76779 2.2
    endloop
  endfacet
  facet normal -0.881809 0.471608 0
    outer loop
      vertex -0.545334 5.73749 1.6
      vertex -0.529129 5.76779 2.2
      vertex -0.529129 5.76779 1.6
    endloop
  endfacet
  facet normal -0.881809 0.471608 0
    outer loop
      vertex -0.529129 5.76779 2.2
      vertex -0.545334 5.73749 1.6
      vertex -0.545334 5.73749 2.2
    endloop
  endfacet
  facet normal -0.849232 0.52802 0
    outer loop
      vertex -0.563477 5.70831 1.6
      vertex -0.545334 5.73749 2.2
      vertex -0.545334 5.73749 1.6
    endloop
  endfacet
  facet normal -0.849232 0.52802 0
    outer loop
      vertex -0.545334 5.73749 2.2
      vertex -0.563477 5.70831 1.6
      vertex -0.563477 5.70831 2.2
    endloop
  endfacet
  facet normal -0.812891 0.582416 0
    outer loop
      vertex -0.583481 5.68039 1.6
      vertex -0.563477 5.70831 2.2
      vertex -0.563477 5.70831 1.6
    endloop
  endfacet
  facet normal -0.812891 0.582416 0
    outer loop
      vertex -0.563477 5.70831 2.2
      vertex -0.583481 5.68039 1.6
      vertex -0.583481 5.68039 2.2
    endloop
  endfacet
  facet normal -0.773011 0.634393 0
    outer loop
      vertex -0.60527 5.65384 1.6
      vertex -0.583481 5.68039 2.2
      vertex -0.583481 5.68039 1.6
    endloop
  endfacet
  facet normal -0.773011 0.634393 0
    outer loop
      vertex -0.583481 5.68039 2.2
      vertex -0.60527 5.65384 1.6
      vertex -0.60527 5.65384 2.2
    endloop
  endfacet
  facet normal -0.729597 0.683877 0
    outer loop
      vertex -0.628769 5.62877 1.6
      vertex -0.60527 5.65384 2.2
      vertex -0.60527 5.65384 1.6
    endloop
  endfacet
  facet normal -0.729597 0.683877 0
    outer loop
      vertex -0.60527 5.65384 2.2
      vertex -0.628769 5.62877 1.6
      vertex -0.628769 5.62877 2.2
    endloop
  endfacet
  facet normal -0.683893 0.729583 0
    outer loop
      vertex -0.628769 5.62877 1.6
      vertex -0.653839 5.60527 2.2
      vertex -0.628769 5.62877 2.2
    endloop
  endfacet
  facet normal -0.683893 0.729583 0
    outer loop
      vertex -0.653839 5.60527 2.2
      vertex -0.628769 5.62877 1.6
      vertex -0.653839 5.60527 1.6
    endloop
  endfacet
  facet normal -0.63441 0.772996 0
    outer loop
      vertex -0.653839 5.60527 1.6
      vertex -0.680389 5.58348 2.2
      vertex -0.653839 5.60527 2.2
    endloop
  endfacet
  facet normal -0.63441 0.772996 0
    outer loop
      vertex -0.680389 5.58348 2.2
      vertex -0.653839 5.60527 1.6
      vertex -0.680389 5.58348 1.6
    endloop
  endfacet
  facet normal -0.582284 0.812985 0
    outer loop
      vertex -0.680389 5.58348 1.6
      vertex -0.708313 5.56348 2.2
      vertex -0.680389 5.58348 2.2
    endloop
  endfacet
  facet normal -0.582284 0.812985 0
    outer loop
      vertex -0.708313 5.56348 2.2
      vertex -0.680389 5.58348 1.6
      vertex -0.708313 5.56348 1.6
    endloop
  endfacet
  facet normal -0.528232 0.8491 0
    outer loop
      vertex -0.708313 5.56348 1.6
      vertex -0.737488 5.54533 2.2
      vertex -0.708313 5.56348 2.2
    endloop
  endfacet
  facet normal -0.528232 0.8491 0
    outer loop
      vertex -0.737488 5.54533 2.2
      vertex -0.708313 5.56348 1.6
      vertex -0.737488 5.54533 1.6
    endloop
  endfacet
  facet normal -0.471446 0.881895 0
    outer loop
      vertex -0.737488 5.54533 1.6
      vertex -0.767792 5.52913 2.2
      vertex -0.737488 5.54533 2.2
    endloop
  endfacet
  facet normal -0.471446 0.881895 0
    outer loop
      vertex -0.767792 5.52913 2.2
      vertex -0.737488 5.54533 1.6
      vertex -0.767792 5.52913 1.6
    endloop
  endfacet
  facet normal -0.412706 0.910864 0
    outer loop
      vertex -0.767792 5.52913 1.6
      vertex -0.799088 5.51495 2.2
      vertex -0.767792 5.52913 2.2
    endloop
  endfacet
  facet normal -0.412706 0.910864 0
    outer loop
      vertex -0.799088 5.51495 2.2
      vertex -0.767792 5.52913 1.6
      vertex -0.799088 5.51495 1.6
    endloop
  endfacet
  facet normal -0.35224 0.93591 0
    outer loop
      vertex -0.799088 5.51495 1.6
      vertex -0.831238 5.50285 2.2
      vertex -0.799088 5.51495 2.2
    endloop
  endfacet
  facet normal -0.35224 0.93591 0
    outer loop
      vertex -0.831238 5.50285 2.2
      vertex -0.799088 5.51495 1.6
      vertex -0.831238 5.50285 1.6
    endloop
  endfacet
  facet normal -0.290549 0.95686 0
    outer loop
      vertex -0.831238 5.50285 1.6
      vertex -0.864105 5.49287 2.2
      vertex -0.831238 5.50285 2.2
    endloop
  endfacet
  facet normal -0.290549 0.95686 0
    outer loop
      vertex -0.864105 5.49287 2.2
      vertex -0.831238 5.50285 1.6
      vertex -0.864105 5.49287 1.6
    endloop
  endfacet
  facet normal -0.226732 0.973957 0
    outer loop
      vertex -0.864105 5.49287 1.6
      vertex -0.897568 5.48508 2.2
      vertex -0.864105 5.49287 2.2
    endloop
  endfacet
  facet normal -0.226732 0.973957 0
    outer loop
      vertex -0.897568 5.48508 2.2
      vertex -0.864105 5.49287 1.6
      vertex -0.897568 5.48508 1.6
    endloop
  endfacet
  facet normal -0.16296 0.986633 0
    outer loop
      vertex -0.897568 5.48508 1.6
      vertex -0.931473 5.47948 2.2
      vertex -0.897568 5.48508 2.2
    endloop
  endfacet
  facet normal -0.16296 0.986633 0
    outer loop
      vertex -0.931473 5.47948 2.2
      vertex -0.897568 5.48508 1.6
      vertex -0.931473 5.47948 1.6
    endloop
  endfacet
  facet normal -0.0978344 0.995203 0
    outer loop
      vertex -0.931473 5.47948 1.6
      vertex -0.965652 5.47612 2.2
      vertex -0.931473 5.47948 2.2
    endloop
  endfacet
  facet normal -0.0978344 0.995203 0
    outer loop
      vertex -0.965652 5.47612 2.2
      vertex -0.931473 5.47948 1.6
      vertex -0.965652 5.47612 1.6
    endloop
  endfacet
  facet normal -0.0328808 0.999459 0
    outer loop
      vertex -0.965652 5.47612 1.6
      vertex -1 5.47499 2.2
      vertex -0.965652 5.47612 2.2
    endloop
  endfacet
  facet normal -0.0328808 0.999459 0
    outer loop
      vertex -1 5.47499 2.2
      vertex -0.965652 5.47612 1.6
      vertex -1 5.47499 1.6
    endloop
  endfacet
  facet normal 0.032898 0.999459 -0
    outer loop
      vertex -1 5.47499 1.6
      vertex -1.03433 5.47612 2.2
      vertex -1 5.47499 2.2
    endloop
  endfacet
  facet normal 0.032898 0.999459 0
    outer loop
      vertex -1.03433 5.47612 2.2
      vertex -1 5.47499 1.6
      vertex -1.03433 5.47612 1.6
    endloop
  endfacet
  facet normal 0.178883 0.98387 -0
    outer loop
      vertex -0.199997 -0.599991 1.6
      vertex -3.5 0 2.2
      vertex -0.199997 -0.599991 2.2
    endloop
  endfacet
  facet normal 0.178883 0.98387 0
    outer loop
      vertex -3.5 0 2.2
      vertex -0.199997 -0.599991 1.6
      vertex -3.5 0 1.6
    endloop
  endfacet
  facet normal 0.738486 0.674269 0
    outer loop
      vertex -3.5 0 2.2
      vertex -5.59999 2.29999 1.6
      vertex -5.59999 2.29999 2.2
    endloop
  endfacet
  facet normal 0.738486 0.674269 0
    outer loop
      vertex -5.59999 2.29999 1.6
      vertex -3.5 0 2.2
      vertex -3.5 0 1.6
    endloop
  endfacet
  facet normal 0.190873 -0.981615 0
    outer loop
      vertex -5.59999 2.29999 1.6
      vertex -2 3 2.2
      vertex -5.59999 2.29999 2.2
    endloop
  endfacet
  facet normal 0.190873 -0.981615 0
    outer loop
      vertex -2 3 2.2
      vertex -5.59999 2.29999 1.6
      vertex -2 3 1.6
    endloop
  endfacet
  facet normal -0.371393 -0.928476 0
    outer loop
      vertex -2 3 1.6
      vertex 2 1.39999 2.2
      vertex -2 3 2.2
    endloop
  endfacet
  facet normal -0.371393 -0.928476 -0
    outer loop
      vertex 2 1.39999 2.2
      vertex -2 3 1.6
      vertex 2 1.39999 1.6
    endloop
  endfacet
  facet normal -0.447211 -0.894429 0
    outer loop
      vertex 2 1.39999 1.6
      vertex 5.2 -0.199997 2.2
      vertex 2 1.39999 2.2
    endloop
  endfacet
  facet normal -0.447211 -0.894429 -0
    outer loop
      vertex 5.2 -0.199997 2.2
      vertex 2 1.39999 1.6
      vertex 5.2 -0.199997 1.6
    endloop
  endfacet
  facet normal -0.640183 0.768222 0
    outer loop
      vertex 5.2 -0.199997 1.6
      vertex 3.39999 -1.7 2.2
      vertex 5.2 -0.199997 2.2
    endloop
  endfacet
  facet normal -0.640183 0.768222 0
    outer loop
      vertex 3.39999 -1.7 2.2
      vertex 5.2 -0.199997 1.6
      vertex 3.39999 -1.7 1.6
    endloop
  endfacet
  facet normal 0.292222 0.956351 -0
    outer loop
      vertex 3.39999 -1.7 1.6
      vertex -0.199997 -0.599991 2.2
      vertex 3.39999 -1.7 2.2
    endloop
  endfacet
  facet normal 0.292222 0.956351 0
    outer loop
      vertex -0.199997 -0.599991 2.2
      vertex 3.39999 -1.7 1.6
      vertex -0.199997 -0.599991 1.6
    endloop
  endfacet
endsolid OpenSCAD_Model
