  0
SECTION
  2
HEADER
  9
$ACADVER
  1
AC1018
  9
$ACADMAINTVER
 70
     0
  9
$DWGCODEPAGE
  3
ANSI_1252
  9
$LASTSAVEDBY
  1
cloudconvert
  9
$INSBASE
 10
0.0
 20
0.0
 30
0.0
  9
$EXTMIN
 10
-929.995612996584
 20
-250.4147161020583
 30
0.0
  9
$EXTMAX
 10
1410.00438801921
 20
749.5852842035465
 30
0.0
  9
$LIMMIN
 10
0.0
 20
0.0
  9
$LIMMAX
 10
420.0
 20
297.0
  9
$ORTHOMODE
 70
     0
  9
$REGENMODE
 70
     1
  9
$FILLMODE
 70
     1
  9
$QTEXTMODE
 70
     0
  9
$MIRRTEXT
 70
     0
  9
$LTSCALE
 40
1.0
  9
$ATTMODE
 70
     1
  9
$TEXTSIZE
 40
3.0
  9
$TRACEWID
 40
1.0
  9
$TEXTSTYLE
  7
Arial_3
  9
$CLAYER
  8
Z.Box
  9
$CELTYPE
  6
DOT
  9
$CECOLOR
 62
   254
  9
$CELTSCALE
 40
1.0
  9
$DISPSILH
 70
     0
  9
$DIMSCALE
 40
1.2
  9
$DIMASZ
 40
2.5
  9
$DIMEXO
 40
0.625
  9
$DIMDLI
 40
3.75
  9
$DIMRND
 40
0.0
  9
$DIMDLE
 40
0.0
  9
$DIMEXE
 40
1.25
  9
$DIMTP
 40
0.0
  9
$DIMTM
 40
0.0
  9
$DIMTXT
 40
2.5
  9
$DIMCEN
 40
2.5
  9
$DIMTSZ
 40
0.0
  9
$DIMTOL
 70
     0
  9
$DIMLIM
 70
     0
  9
$DIMTIH
 70
     0
  9
$DIMTOH
 70
     0
  9
$DIMSE1
 70
     0
  9
$DIMSE2
 70
     0
  9
$DIMTAD
 70
     1
  9
$DIMZIN
 70
     8
  9
$DIMBLK
  1

  9
$DIMASO
 70
     1
  9
$DIMSHO
 70
     1
  9
$DIMPOST
  1

  9
$DIMAPOST
  1

  9
$DIMALT
 70
     0
  9
$DIMALTD
 70
     3
  9
$DIMALTF
 40
0.03937007874016
  9
$DIMLFAC
 40
1.0
  9
$DIMTOFL
 70
     1
  9
$DIMTVP
 40
0.0
  9
$DIMTIX
 70
     0
  9
$DIMSOXD
 70
     0
  9
$DIMSAH
 70
     0
  9
$DIMBLK1
  1

  9
$DIMBLK2
  1

  9
$DIMSTYLE
  2
Decimal-3
  9
$DIMCLRD
 70
     0
  9
$DIMCLRE
 70
     0
  9
$DIMCLRT
 70
     0
  9
$DIMTFAC
 40
1.0
  9
$DIMGAP
 40
0.625
  9
$DIMJUST
 70
     0
  9
$DIMSD1
 70
     0
  9
$DIMSD2
 70
     0
  9
$DIMTOLJ
 70
     0
  9
$DIMTZIN
 70
     8
  9
$DIMALTZ
 70
     0
  9
$DIMALTTZ
 70
     0
  9
$DIMUPT
 70
     0
  9
$DIMDEC
 70
     2
  9
$DIMTDEC
 70
     2
  9
$DIMALTU
 70
     2
  9
$DIMALTTD
 70
     3
  9
$DIMTXSTY
  7
Standard
  9
$DIMAUNIT
 70
     0
  9
$DIMADEC
 70
     0
  9
$DIMALTRND
 40
0.0
  9
$DIMAZIN
 70
     0
  9
$DIMDSEP
 70
    44
  9
$DIMATFIT
 70
     3
  9
$DIMFRAC
 70
     0
  9
$DIMLDRBLK
  1

  9
$DIMLUNIT
 70
     2
  9
$DIMLWD
 70
    -2
  9
$DIMLWE
 70
    -2
  9
$DIMTMOVE
 70
     0
  9
$LUNITS
 70
     2
  9
$LUPREC
 70
     4
  9
$SKETCHINC
 40
1.0
  9
$FILLETRAD
 40
0.0
  9
$AUNITS
 70
     0
  9
$AUPREC
 70
     0
  9
$MENU
  1
.
  9
$ELEVATION
 40
0.0
  9
$PELEVATION
 40
0.0
  9
$THICKNESS
 40
0.0
  9
$LIMCHECK
 70
     0
  9
$CHAMFERA
 40
0.0
  9
$CHAMFERB
 40
0.0
  9
$CHAMFERC
 40
0.0
  9
$CHAMFERD
 40
0.0
  9
$SKPOLY
 70
     0
  9
$TDCREATE
 40
2461156.965891204
  9
$TDUCREATE
 40
2461156.965891204
  9
$TDUPDATE
 40
2461293.023896319
  9
$TDUUPDATE
 40
2461293.023896319
  9
$TDINDWG
 40
2.8443402778
  9
$TDUSRTIMER
 40
2.8443402778
  9
$USRTIMER
 70
     1
  9
$ANGBASE
 50
0.0
  9
$ANGDIR
 70
     0
  9
$PDMODE
 70
     0
  9
$PDSIZE
 40
0.0
  9
$PLINEWID
 40
0.0
  9
$SPLFRAME
 70
     0
  9
$SPLINETYPE
 70
     6
  9
$SPLINESEGS
 70
     8
  9
$HANDSEED
  5
18A9
  9
$SURFTAB1
 70
     6
  9
$SURFTAB2
 70
     6
  9
$SURFTYPE
 70
     6
  9
$SURFU
 70
     6
  9
$SURFV
 70
     6
  9
$UCSBASE
  2

  9
$UCSNAME
  2

  9
$UCSORG
 10
0.0
 20
0.0
 30
0.0
  9
$UCSXDIR
 10
1.0
 20
0.0
 30
0.0
  9
$UCSYDIR
 10
0.0
 20
1.0
 30
0.0
  9
$UCSORTHOREF
  2

  9
$UCSORTHOVIEW
 70
     0
  9
$UCSORGTOP
 10
0.0
 20
0.0
 30
0.0
  9
$UCSORGBOTTOM
 10
0.0
 20
0.0
 30
0.0
  9
$UCSORGLEFT
 10
0.0
 20
0.0
 30
0.0
  9
$UCSORGRIGHT
 10
0.0
 20
0.0
 30
0.0
  9
$UCSORGFRONT
 10
0.0
 20
0.0
 30
0.0
  9
$UCSORGBACK
 10
0.0
 20
0.0
 30
0.0
  9
$PUCSBASE
  2

  9
$PUCSNAME
  2

  9
$PUCSORG
 10
0.0
 20
0.0
 30
0.0
  9
$PUCSXDIR
 10
1.0
 20
0.0
 30
0.0
  9
$PUCSYDIR
 10
0.0
 20
1.0
 30
0.0
  9
$PUCSORTHOREF
  2

  9
$PUCSORTHOVIEW
 70
     0
  9
$PUCSORGTOP
 10
0.0
 20
0.0
 30
0.0
  9
$PUCSORGBOTTOM
 10
0.0
 20
0.0
 30
0.0
  9
$PUCSORGLEFT
 10
0.0
 20
0.0
 30
0.0
  9
$PUCSORGRIGHT
 10
0.0
 20
0.0
 30
0.0
  9
$PUCSORGFRONT
 10
0.0
 20
0.0
 30
0.0
  9
$PUCSORGBACK
 10
0.0
 20
0.0
 30
0.0
  9
$USERI1
 70
     0
  9
$USERI2
 70
     0
  9
$USERI3
 70
     0
  9
$USERI4
 70
     0
  9
$USERI5
 70
     0
  9
$USERR1
 40
0.0
  9
$USERR2
 40
0.0
  9
$USERR3
 40
0.0
  9
$USERR4
 40
0.0
  9
$USERR5
 40
0.0
  9
$WORLDVIEW
 70
     1
  9
$SHADEDGE
 70
     3
  9
$SHADEDIF
 70
    70
  9
$TILEMODE
 70
     1
  9
$MAXACTVP
 70
    64
  9
$PINSBASE
 10
0.0
 20
0.0
 30
0.0
  9
$PLIMCHECK
 70
     0
  9
$PEXTMIN
 10
25.69999999999999
 20
19.5
 30
0.0
  9
$PEXTMAX
 10
231.3
 20
175.5
 30
0.0
  9
$PLIMMIN
 10
-20.0
 20
-7.5
  9
$PLIMMAX
 10
277.0
 20
202.5
  9
$UNITMODE
 70
     0
  9
$VISRETAIN
 70
     1
  9
$PLINEGEN
 70
     0
  9
$PSLTSCALE
 70
     1
  9
$TREEDEPTH
 70
  3020
  9
$CMLSTYLE
  2
Standard
  9
$CMLJUST
 70
     0
  9
$CMLSCALE
 40
20.0
  9
$PROXYGRAPHICS
 70
     1
  9
$MEASUREMENT
 70
     1
  9
$CELWEIGHT
370
     5
  9
$ENDCAPS
280
     0
  9
$JOINSTYLE
280
     0
  9
$LWDISPLAY
290
     0
  9
$INSUNITS
 70
     4
  9
$HYPERLINKBASE
  1

  9
$STYLESHEET
  1

  9
$XEDIT
290
     1
  9
$CEPSNTYPE
380
     0
  9
$PSTYLEMODE
290
     1
  9
$FINGERPRINTGUID
  2
{B45DCED4-C964-F042-A587-3A111AB2E561}
  9
$VERSIONGUID
  2
{77C17615-A045-A043-82F0-EF006315DD69}
  9
$EXTNAMES
290
     1
  9
$PSVPSCALE
 40
0.0
  9
$OLESTARTUP
290
     0
  9
$SORTENTS
280
   127
  9
$INDEXCTL
280
     0
  9
$HIDETEXT
280
     1
  9
$XCLIPFRAME
290
     0
  9
$HALOGAP
280
     0
  9
$OBSCOLOR
 70
   257
  9
$OBSLTYPE
280
     0
  9
$INTERSECTIONDISPLAY
280
     0
  9
$INTERSECTIONCOLOR
 70
   257
  9
$DIMASSOC
280
     2
  9
$PROJECTNAME
  1

  0
ENDSEC
  0
SECTION
  2
CLASSES
  0
CLASS
  1
ACDBDICTIONARYWDFLT
  2
AcDbDictionaryWithDefault
  3
ObjectDBX Classes
 90
        0
 91
        3
280
     0
281
     0
  0
CLASS
  1
ACDBPLACEHOLDER
  2
AcDbPlaceHolder
  3
ObjectDBX Classes
 90
        0
 91
        1
280
     0
281
     0
  0
CLASS
  1
LAYOUT
  2
AcDbLayout
  3
ObjectDBX Classes
 90
        0
 91
        1
280
     0
281
     0
  0
CLASS
  1
DICTIONARYVAR
  2
AcDbDictionaryVar
  3
ObjectDBX Classes
 90
        0
 91
        3
280
     0
281
     0
  0
CLASS
  1
TABLESTYLE
  2
AcDbTableStyle
  3
ObjectDBX Classes
 90
     4095
 91
        3
280
     0
281
     0
  0
CLASS
  1
MATERIAL
  2
AcDbMaterial
  3
ObjectDBX Classes
 90
     1153
 91
        3
280
     0
281
     0
  0
CLASS
  1
VISUALSTYLE
  2
AcDbVisualStyle
  3
ObjectDBX Classes
 90
     4095
 91
        3
280
     0
281
     0
  0
CLASS
  1
SCALE
  2
AcDbScale
  3
ObjectDBX Classes
 90
     1153
 91
        3
280
     0
281
     0
  0
CLASS
  1
MLEADERSTYLE
  2
AcDbMLeaderStyle
  3
ACDB_MLEADERSTYLE_CLASS
 90
     4095
 91
        3
280
     0
281
     0
  0
CLASS
  1
CELLSTYLEMAP
  2
AcDbCellStyleMap
  3
ObjectDBX Classes
 90
     1152
 91
        3
280
     0
281
     0
  0
CLASS
  1
EXACXREFPANELOBJECT
  2
ExAcXREFPanelObject
  3
EXAC_ESW
 90
     1025
 91
        1
280
     1
281
     0
  0
CLASS
  1
NPOCOLLECTION
  2
AcDbImpNonPersistentObjectsCollection
  3
ObjectDBX Classes
 90
     1153
 91
        1
280
     1
281
     0
  0
CLASS
  1
LAYER_INDEX
  2
AcDbLayerIndex
  3
ObjectDBX Classes
 90
        0
 91
        3
280
     0
281
     0
  0
CLASS
  1
SPATIAL_INDEX
  2
AcDbSpatialIndex
  3
AutoCAD 2000
 90
        0
 91
        3
280
     0
281
     0
  0
CLASS
  1
IDBUFFER
  2
AcDbIdBuffer
  3
ObjectDBX Classes
 90
        0
 91
        3
280
     0
281
     0
  0
CLASS
  1
ACDBSECTIONVIEWSTYLE
  2
AcDbSectionViewStyle
  3
ObjectDBX Classes
 90
     1025
 91
        3
280
     0
281
     0
  0
CLASS
  1
ACDBDETAILVIEWSTYLE
  2
AcDbDetailViewStyle
  3
ObjectDBX Classes
 90
     1025
 91
        3
280
     0
281
     0
  0
CLASS
  1
MULTILEADER
  2
AcDbMLeader
  3
ACDB_MLEADER_CLASS
 90
     1025
 91
        3
280
     0
281
     1
  0
CLASS
  1
DIMASSOC
  2
AcDbDimAssoc
  3
"AcDbDimAssoc|Product Desc:     AcDim ARX App For Dimension|Company:          Autodesk, Inc.|WEB Address:      www.autodesk.com"
 90
        0
 91
        3
280
     0
281
     0
  0
CLASS
  1
ACDBOBJECTCHANGELog
  2
AcDbObjectChangeLog
  3
Object change log
 90
     1153
 91
        1
280
     1
281
     0
  0
CLASS
  1
SORTENTSTABLE
  2
AcDbSortentsTable
  3
ObjectDBX Classes
 90
        0
 91
        3
280
     0
281
     0
  0
CLASS
  1
ACARRAYJIGENTITY
  2
AcArrayJigEntity
  3
ACAD_ARRAY
 90
      129
 91
        1
280
     1
281
     1
  0
CLASS
  1
ACDBASSOCNETWORK
  2
AcDbAssocNetwork
  3
ObjectDBX Classes
 90
     1025
 91
        1
280
     1
281
     0
  0
CLASS
  1
ACDBASSOCACTION
  2
AcDbAssocAction
  3
ObjectDBX Classes
 90
     1025
 91
        1
280
     1
281
     0
  0
CLASS
  1
ACDBASSOCARRAYACTIONBODY
  2
AcDbAssocArrayActionBody
  3
ObjectDBX Classes
 90
     1025
 91
        1
280
     1
281
     0
  0
CLASS
  1
ACDBASSOCVERTEXACTIONPARAM
  2
AcDbAssocVertexActionParam
  3
ObjectDBX Classes
 90
     1025
 91
        1
280
     1
281
     0
  0
CLASS
  1
ACDBASSOCDEPENDENCY
  2
AcDbAssocDependency
  3
ObjectDBX Classes
 90
     1025
 91
        1
280
     1
281
     0
  0
CLASS
  1
ACDBASSOCARRAYRECTANGULARPARAMETERS
  2
AcDbAssocArrayRectangularParameters
  3
ObjectDBX Classes
 90
     1025
 91
        1
280
     1
281
     0
  0
CLASS
  1
ACDBASSOCARRAYPOLARPARAMETERS
  2
AcDbAssocArrayPolarParameters
  3
ObjectDBX Classes
 90
     1025
 91
        1
280
     1
281
     0
  0
CLASS
  1
IMAGEDEF
  2
AcDbRasterImageDef
  3
ISM
 90
        0
 91
        3
280
     0
281
     0
  0
CLASS
  1
RASTERVARIABLES
  2
AcDbRasterVariables
  3
ISM
 90
        0
 91
        3
280
     0
281
     0
  0
CLASS
  1
IMAGEDEF_REACTOR
  2
AcDbRasterImageDefReactor
  3
ISM
 90
        1
 91
        3
280
     0
281
     0
  0
CLASS
  1
IMAGE
  2
AcDbRasterImage
  3
ISM
 90
      127
 91
        4
280
     0
281
     1
  0
ENDSEC
  0
SECTION
  2
TABLES
  0
TABLE
  2
VPORT
  5
8
102
{ACAD_XDICTIONARY
360
1841
102
}
330
0
100
AcDbSymbolTable
 70
     1
  0
VPORT
  5
EA
330
8
100
AcDbSymbolTableRecord
100
AcDbViewportTableRecord
  2
*Active
 70
     0
 10
0.0
 20
0.0
 11
1.0
 21
1.0
 12
240.004387511313
 22
249.5852840507441
 13
0.0
 23
0.0
 14
10.0
 24
10.0
 15
10.0
 25
10.0
 16
0.0
 26
0.0
 36
1.0
 17
0.0
 27
0.0
 37
0.0
 40
1009.302325889843
 41
2.417701863354037
 42
50.0
 43
0.0
 44
0.0
 50
0.0
 51
0.0
 71
     0
 72
  1000
 73
     1
 74
     3
 75
     0
 76
     1
 77
     0
 78
     0
281
     0
 65
     1
110
0.0
120
0.0
130
0.0
111
1.0
121
0.0
131
0.0
112
0.0
122
1.0
132
0.0
 79
     0
146
0.0
1001
ACAD_NAV_VCDISPLAY
1070
     3
  0
ENDTAB
  0
TABLE
  2
LTYPE
  5
5
330
0
100
AcDbSymbolTable
 70
    13
  0
LTYPE
  5
14
330
5
100
AcDbSymbolTableRecord
100
AcDbLinetypeTableRecord
  2
ByBlock
 70
     0
  3

 72
    65
 73
     0
 40
0.0
  0
LTYPE
  5
15
330
5
100
AcDbSymbolTableRecord
100
AcDbLinetypeTableRecord
  2
ByLayer
 70
     0
  3

 72
    65
 73
     0
 40
0.0
  0
LTYPE
  5
16
330
5
100
AcDbSymbolTableRecord
100
AcDbLinetypeTableRecord
  2
Continuous
 70
     0
  3
Solid line
 72
    65
 73
     0
 40
0.0
  0
LTYPE
  5
26C
330
5
100
AcDbSymbolTableRecord
100
AcDbLinetypeTableRecord
  2
ACAD_ISO02W100
 70
     0
  3
ISO dash __ __ __ __ __ __ __ __ __ __ __ __ __
 72
    65
 73
     2
 40
15.0
 49
12.0
 74
     0
 49
-3.0
 74
     0
  0
LTYPE
  5
26D
330
5
100
AcDbSymbolTableRecord
100
AcDbLinetypeTableRecord
  2
ACAD_ISO03W100
 70
     0
  3
ISO dash space __    __    __    __    __    __
 72
    65
 73
     2
 40
30.0
 49
12.0
 74
     0
 49
-18.0
 74
     0
  0
LTYPE
  5
26E
330
5
100
AcDbSymbolTableRecord
100
AcDbLinetypeTableRecord
  2
ACAD_ISO04W100
 70
     0
  3
ISO long-dash dot ____ . ____ . ____ . ____ . _
 72
    65
 73
     4
 40
30.0
 49
24.0
 74
     0
 49
-3.0
 74
     0
 49
0.0
 74
     0
 49
-3.0
 74
     0
  0
LTYPE
  5
26F
330
5
100
AcDbSymbolTableRecord
100
AcDbLinetypeTableRecord
  2
ACAD_ISO08W100
 70
     0
  3
ISO long-dash short-dash ____ __ ____ __ ____ _
 72
    65
 73
     4
 40
36.0
 49
24.0
 74
     0
 49
-3.0
 74
     0
 49
6.0
 74
     0
 49
-3.0
 74
     0
  0
LTYPE
  5
270
330
5
100
AcDbSymbolTableRecord
100
AcDbLinetypeTableRecord
  2
ACAD_ISO10W100
 70
     0
  3
ISO dash dot __ . __ . __ . __ . __ . __ . __ .
 72
    65
 73
     4
 40
18.0
 49
12.0
 74
     0
 49
-3.0
 74
     0
 49
0.0
 74
     0
 49
-3.0
 74
     0
  0
LTYPE
  5
271
330
5
100
AcDbSymbolTableRecord
100
AcDbLinetypeTableRecord
  2
CENTER
 70
     0
  3
Center ____ _ ____ _ ____ _ ____ _ ____ _ ____
 72
    65
 73
     4
 40
2.0
 49
1.25
 74
     0
 49
-0.25
 74
     0
 49
0.25
 74
     0
 49
-0.25
 74
     0
  0
LTYPE
  5
272
330
5
100
AcDbSymbolTableRecord
100
AcDbLinetypeTableRecord
  2
DASHDOT
 70
     0
  3
Dash dot __ . __ . __ . __ . __ . __ . __ . __
 72
    65
 73
     4
 40
1.0
 49
0.5
 74
     0
 49
-0.25
 74
     0
 49
0.0
 74
     0
 49
-0.25
 74
     0
  0
LTYPE
  5
273
330
5
100
AcDbSymbolTableRecord
100
AcDbLinetypeTableRecord
  2
DASHED
 70
     0
  3
Dashed __ __ __ __ __ __ __ __ __ __ __ __ __ _
 72
    65
 73
     2
 40
0.75
 49
0.5
 74
     0
 49
-0.25
 74
     0
  0
LTYPE
  5
274
330
5
100
AcDbSymbolTableRecord
100
AcDbLinetypeTableRecord
  2
DOT
 70
     0
  3
Dot . . . . . . . . . . . . . . . . . . . . . .
 72
    65
 73
     2
 40
0.25
 49
0.0
 74
     0
 49
-0.25
 74
     0
  0
LTYPE
  5
275
330
5
100
AcDbSymbolTableRecord
100
AcDbLinetypeTableRecord
  2
FENCELINE1
 70
     0
  3
Fenceline circle ----0-----0----0-----0----0---
 72
    65
 73
     4
 40
1.45
 49
0.25
 74
     0
 49
-0.1
 74
     4
 75
   133
340
279
 46
0.1
 50
0.0
 44
-0.1
 45
0.0
 49
-0.1
 74
     0
 49
1.0
 74
     0
  0
LTYPE
  5
276
330
5
100
AcDbSymbolTableRecord
100
AcDbLinetypeTableRecord
  2
HIDDEN
 70
     0
  3
Hidden __ __ __ __ __ __ __ __ __ __ __ __ __ _
 72
    65
 73
     2
 40
0.375
 49
0.25
 74
     0
 49
-0.125
 74
     0
  0
LTYPE
  5
277
330
5
100
AcDbSymbolTableRecord
100
AcDbLinetypeTableRecord
  2
ZIGZAG
 70
     0
  3
Zig zag /\/\/\/\/\/\/\/\/\/\/\/\/\/\/\/\/\/\/\/
 72
    65
 73
     4
 40
0.8001
 49
0.0001
 74
     0
 49
-0.2
 74
     4
 75
   131
340
279
 46
0.2
 50
0.0
 44
-0.2
 45
0.0
 49
-0.4
 74
     4
 75
   131
340
279
 46
0.2
 50
180.0
 44
0.2
 45
0.0
 49
-0.2
 74
     0
  0
ENDTAB
  0
TABLE
  2
LAYER
  5
2
102
{ACAD_XDICTIONARY
360
1FF
102
}
330
0
100
AcDbSymbolTable
 70
    19
  0
LAYER
  5
10
330
2
100
AcDbSymbolTableRecord
100
AcDbLayerTableRecord
  2
0
 70
     0
 62
     7
  6
Continuous
370
    -3
390
F
  0
LAYER
  5
673
330
2
100
AcDbSymbolTableRecord
100
AcDbLayerTableRecord
  2
Defpoints
 70
     0
 62
     7
  6
Continuous
290
     0
370
    -3
390
F
  0
LAYER
  5
16BD
330
2
100
AcDbSymbolTableRecord
100
AcDbLayerTableRecord
  2
C.Bridge
 70
     0
 62
   178
  6
Continuous
370
    -3
390
F
  0
LAYER
  5
16CE
330
2
100
AcDbSymbolTableRecord
100
AcDbLayerTableRecord
  2
A.Engines
 70
     0
 62
    16
  6
Continuous
370
    -3
390
F
  0
LAYER
  5
16CF
330
2
100
AcDbSymbolTableRecord
100
AcDbLayerTableRecord
  2
B.Structure
 70
     0
 62
     7
  6
Continuous
370
    -3
390
F
  0
LAYER
  5
16D1
330
2
100
AcDbSymbolTableRecord
100
AcDbLayerTableRecord
  2
D.Science
 70
     0
 62
   178
  6
Continuous
370
    -3
390
F
  0
LAYER
  5
16D2
330
2
100
AcDbSymbolTableRecord
100
AcDbLayerTableRecord
  2
E.Hydroponics
 70
     0
 62
   189
  6
Continuous
370
    -3
390
F
  0
LAYER
  5
16D3
330
2
100
AcDbSymbolTableRecord
100
AcDbLayerTableRecord
  2
F.Hub
 70
     0
 62
     7
  6
Continuous
370
    -3
390
F
  0
LAYER
  5
16D4
330
2
100
AcDbSymbolTableRecord
100
AcDbLayerTableRecord
  2
G.Crew Quarter
 70
     0
 62
   179
  6
Continuous
370
    -3
390
F
  0
LAYER
  5
16D5
330
2
100
AcDbSymbolTableRecord
100
AcDbLayerTableRecord
  2
H.Kitchen
 70
     0
 62
   179
  6
Continuous
370
    -3
390
F
  0
LAYER
  5
16D6
330
2
100
AcDbSymbolTableRecord
100
AcDbLayerTableRecord
  2
I.Storage
 70
     0
 62
   250
  6
Continuous
370
    -3
390
F
  0
LAYER
  5
16D8
330
2
100
AcDbSymbolTableRecord
100
AcDbLayerTableRecord
  2
J.Engineering
 70
     0
 62
   168
  6
Continuous
370
    -3
390
F
  0
LAYER
  5
16D9
330
2
100
AcDbSymbolTableRecord
100
AcDbLayerTableRecord
  2
K.Power
 70
     0
 62
    16
  6
Continuous
370
    -3
390
F
  0
LAYER
  5
16DA
330
2
100
AcDbSymbolTableRecord
100
AcDbLayerTableRecord
  2
L.Shuttles
 70
     0
 62
    36
  6
Continuous
370
    -3
390
F
  0
LAYER
  5
16DB
330
2
100
AcDbSymbolTableRecord
100
AcDbLayerTableRecord
  2
M.Radiators
 70
     0
 62
   173
  6
Continuous
370
    -3
390
F
  0
LAYER
  5
16DC
330
2
100
AcDbSymbolTableRecord
100
AcDbLayerTableRecord
  2
N.SolarArrays
 70
     0
 62
    54
  6
Continuous
370
    -3
390
F
  0
LAYER
  5
1731
330
2
100
AcDbSymbolTableRecord
100
AcDbLayerTableRecord
  2
L1.Shuttle Outlines
 70
     0
 62
    36
  6
Continuous
370
    -3
390
F
  0
LAYER
  5
1735
330
2
100
AcDbSymbolTableRecord
100
AcDbLayerTableRecord
  2
E2.Hydroponics Outlines
 70
     0
 62
   189
  6
Continuous
370
    -3
390
F
  0
LAYER
  5
1778
330
2
100
AcDbSymbolTableRecord
100
AcDbLayerTableRecord
  2
Z.Box
 70
     0
 62
     7
  6
Continuous
370
    -3
390
F
  0
ENDTAB
  0
TABLE
  2
STYLE
  5
3
330
0
100
AcDbSymbolTable
 70
    19
  0
STYLE
  5
11
330
3
100
AcDbSymbolTableRecord
100
AcDbTextStyleTableRecord
  2
Standard
 70
     0
 40
0.0
 41
1.0
 50
0.0
 71
     0
 42
2.5
  3
Arial Unicode MS.ttf
  4

1001
ACAD
1000
Arial Unicode MS
1071
    34338
  0
STYLE
  5
279
330
3
100
AcDbSymbolTableRecord
100
AcDbTextStyleTableRecord
  2

 70
     1
 40
0.0
 41
1.0
 50
0.0
 71
     0
 42
0.25
  3
ltypeshp.shx
  4

  0
STYLE
  5
283
330
3
100
AcDbSymbolTableRecord
100
AcDbTextStyleTableRecord
  2
Simplex_2.5
 70
     0
 40
2.5
 41
1.0
 50
0.0
 71
     0
 42
2.5
  3
simplex.shx
  4

  0
STYLE
  5
29D
330
3
100
AcDbSymbolTableRecord
100
AcDbTextStyleTableRecord
  2
Simplex_3
 70
     0
 40
3.0
 41
1.0
 50
0.0
 71
     0
 42
2.5
  3
simplex.shx
  4

  0
STYLE
  5
29E
330
3
100
AcDbSymbolTableRecord
100
AcDbTextStyleTableRecord
  2
Simplex_5
 70
     0
 40
5.0
 41
1.0
 50
0.0
 71
     0
 42
2.5
  3
simplex.shx
  4

  0
STYLE
  5
29F
330
3
100
AcDbSymbolTableRecord
100
AcDbTextStyleTableRecord
  2
Simplex_7
 70
     0
 40
7.0
 41
1.0
 50
0.0
 71
     0
 42
7.0
  3
simplex.shx
  4

  0
STYLE
  5
2A0
330
3
100
AcDbSymbolTableRecord
100
AcDbTextStyleTableRecord
  2
Simplex_10
 70
     0
 40
10.0
 41
1.0
 50
0.0
 71
     0
 42
2.5
  3
simplex.shx
  4

  0
STYLE
  5
2A5
330
3
100
AcDbSymbolTableRecord
100
AcDbTextStyleTableRecord
  2
Annotative
 70
     0
 40
0.0
 41
1.0
 50
0.0
 71
     0
 42
0.2
  3
Arial Unicode MS.ttf
  4

1001
AcadAnnotative
1000
AnnotativeData
1002
{
1070
     1
1070
     1
1002
}
1001
ACAD
1000
Arial Unicode MS
1071
    34338
  0
STYLE
  5
34A
330
3
100
AcDbSymbolTableRecord
100
AcDbTextStyleTableRecord
  2
Simplex_25
 70
     0
 40
25.0
 41
1.0
 50
0.0
 71
     0
 42
25.0
  3
simplex.shx
  4

  0
STYLE
  5
34B
330
3
100
AcDbSymbolTableRecord
100
AcDbTextStyleTableRecord
  2
Simplex_50
 70
     0
 40
50.0
 41
1.0
 50
0.0
 71
     0
 42
2.5
  3
simplex.shx
  4

  0
STYLE
  5
34C
330
3
100
AcDbSymbolTableRecord
100
AcDbTextStyleTableRecord
  2
Simplex_100
 70
     0
 40
100.0
 41
1.0
 50
0.0
 71
     0
 42
2.5
  3
simplex.shx
  4

  0
STYLE
  5
42B
330
3
100
AcDbSymbolTableRecord
100
AcDbTextStyleTableRecord
  2
Arial_2.5
 70
     0
 40
0.0
 41
1.0
 50
0.0
 71
     0
 42
25.0
  3
Arial Unicode MS.ttf
  4

1001
ACAD
1000
Arial Unicode MS
1071
    34338
  0
STYLE
  5
42C
330
3
100
AcDbSymbolTableRecord
100
AcDbTextStyleTableRecord
  2
Arial_3
 70
     0
 40
3.0
 41
1.0
 50
0.0
 71
     0
 42
3.0
  3
Arial Unicode MS.ttf
  4

1001
ACAD
1000
Arial Unicode MS
1071
    34338
  0
STYLE
  5
42D
330
3
100
AcDbSymbolTableRecord
100
AcDbTextStyleTableRecord
  2
Arial_5
 70
     0
 40
5.0
 41
1.0
 50
0.0
 71
     0
 42
25.0
  3
Arial Unicode MS.ttf
  4

1001
ACAD
1000
Arial Unicode MS
1071
    34338
  0
STYLE
  5
42E
330
3
100
AcDbSymbolTableRecord
100
AcDbTextStyleTableRecord
  2
Arial_7
 70
     0
 40
7.0
 41
1.0
 50
0.0
 71
     0
 42
25.0
  3
Arial Unicode MS.ttf
  4

1001
ACAD
1000
Arial Unicode MS
1071
    34338
  0
STYLE
  5
42F
330
3
100
AcDbSymbolTableRecord
100
AcDbTextStyleTableRecord
  2
Arial_10
 70
     0
 40
10.0
 41
1.0
 50
0.0
 71
     0
 42
25.0
  3
Arial Unicode MS.ttf
  4

1001
ACAD
1000
Arial Unicode MS
1071
    34338
  0
STYLE
  5
430
330
3
100
AcDbSymbolTableRecord
100
AcDbTextStyleTableRecord
  2
Arial_25
 70
     0
 40
25.0
 41
1.0
 50
0.0
 71
     0
 42
25.0
  3
Arial Unicode MS.ttf
  4

1001
ACAD
1000
Arial Unicode MS
1071
    34338
  0
STYLE
  5
431
330
3
100
AcDbSymbolTableRecord
100
AcDbTextStyleTableRecord
  2
Arial_50
 70
     0
 40
50.0
 41
1.0
 50
0.0
 71
     0
 42
25.0
  3
Arial Unicode MS.ttf
  4

1001
ACAD
1000
Arial Unicode MS
1071
    34338
  0
STYLE
  5
432
330
3
100
AcDbSymbolTableRecord
100
AcDbTextStyleTableRecord
  2
Arial_100
 70
     0
 40
100.0
 41
1.0
 50
0.0
 71
     0
 42
100.0
  3
Arial Unicode MS.ttf
  4

1001
ACAD
1000
Arial Unicode MS
1071
    34338
  0
ENDTAB
  0
TABLE
  2
VIEW
  5
6
330
0
100
AcDbSymbolTable
 70
     0
  0
ENDTAB
  0
TABLE
  2
UCS
  5
7
330
0
100
AcDbSymbolTable
 70
     0
  0
ENDTAB
  0
TABLE
  2
APPID
  5
9
330
0
100
AcDbSymbolTable
 70
    14
  0
APPID
  5
12
330
9
100
AcDbSymbolTableRecord
100
AcDbRegAppTableRecord
  2
ACAD
 70
     0
  0
APPID
  5
9E
330
9
100
AcDbSymbolTableRecord
100
AcDbRegAppTableRecord
  2
ACAD_PSEXT
 70
     0
  0
APPID
  5
133
330
9
100
AcDbSymbolTableRecord
100
AcDbRegAppTableRecord
  2
AcadAnnoPO
 70
     0
  0
APPID
  5
134
330
9
100
AcDbSymbolTableRecord
100
AcDbRegAppTableRecord
  2
AcadAnnotative
 70
     0
  0
APPID
  5
135
330
9
100
AcDbSymbolTableRecord
100
AcDbRegAppTableRecord
  2
ACAD_DSTYLE_DIMJAG
 70
     0
  0
APPID
  5
136
330
9
100
AcDbSymbolTableRecord
100
AcDbRegAppTableRecord
  2
ACAD_DSTYLE_DIMTALN
 70
     0
  0
APPID
  5
165
330
9
100
AcDbSymbolTableRecord
100
AcDbRegAppTableRecord
  2
ACAD_MLEADERVER
 70
     0
  0
APPID
  5
217
330
9
100
AcDbSymbolTableRecord
100
AcDbRegAppTableRecord
  2
ACAD_NAV_VCDISPLAY
 70
     0
  0
APPID
  5
29A
330
9
100
AcDbSymbolTableRecord
100
AcDbRegAppTableRecord
  2
ACAD_EXEMPT_FROM_CAD_STANDARDS
 70
     0
  0
APPID
  5
2A7
330
9
100
AcDbSymbolTableRecord
100
AcDbRegAppTableRecord
  2
ACAD_DSTYLE_DIMBREAK
 70
     0
  0
APPID
  5
634
330
9
100
AcDbSymbolTableRecord
100
AcDbRegAppTableRecord
  2
ACAD_DSTYLE_DIMRADIAL_EXTENSION
 70
     0
  0
APPID
  5
670
330
9
100
AcDbSymbolTableRecord
100
AcDbRegAppTableRecord
  2
Acad_TC
 70
     0
  0
APPID
  5
7C9
330
9
100
AcDbSymbolTableRecord
100
AcDbRegAppTableRecord
  2
GradientColor1ACI
 70
     0
  0
APPID
  5
7CA
330
9
100
AcDbSymbolTableRecord
100
AcDbRegAppTableRecord
  2
GradientColor2ACI
 70
     0
  0
ENDTAB
  0
TABLE
  2
DIMSTYLE
  5
A
330
0
100
AcDbSymbolTable
 70
     9
100
AcDbDimStyleTable
  0
DIMSTYLE
105
1B0
330
A
100
AcDbSymbolTableRecord
100
AcDbDimStyleTableRecord
  2
Standard
 70
     0
178
     0
340
11
  0
DIMSTYLE
105
27
330
A
100
AcDbSymbolTableRecord
100
AcDbDimStyleTableRecord
  2
Decimal-2.5
 70
     0
 41
2.5
 42
0.625
 43
3.75
 44
1.25
 73
     0
 74
     0
 77
     1
 78
     8
140
2.5
141
2.5
143
0.03937007874016
147
0.625
171
     3
172
     1
178
     0
271
     2
272
     2
274
     3
278
    44
283
     0
284
     8
340
11
  0
DIMSTYLE
105
2CF
330
A
100
AcDbSymbolTableRecord
100
AcDbDimStyleTableRecord
  2
Decimal-3
 70
     0
 40
1.2
 41
2.5
 42
0.625
 43
3.75
 44
1.25
 73
     0
 74
     0
 77
     1
 78
     8
140
2.5
141
2.5
143
0.03937007874016
147
0.625
171
     3
172
     1
178
     0
271
     2
272
     2
274
     3
278
    44
283
     0
284
     8
340
11
1001
ACAD_DSTYLE_DIMJAG
1070
   388
1040
1.5
1001
ACAD_DSTYLE_DIMBREAK
1070
   391
1040
3.75
1001
ACAD_DSTYLE_DIMTALN
1070
   392
1070
     0
  0
DIMSTYLE
105
2D0
330
A
100
AcDbSymbolTableRecord
100
AcDbDimStyleTableRecord
  2
Decimal-5
 70
     0
 40
2.0
 41
2.5
 42
0.625
 43
3.75
 44
1.25
 73
     0
 74
     0
 77
     1
 78
     8
140
2.5
141
2.5
143
0.03937007874016
147
0.625
171
     3
172
     1
178
     0
271
     2
272
     2
274
     3
278
    44
283
     0
284
     8
340
11
1001
ACAD_DSTYLE_DIMBREAK
1070
   391
1040
3.75
1001
ACAD_DSTYLE_DIMJAG
1070
   388
1040
1.5
1001
ACAD_DSTYLE_DIMTALN
1070
   392
1070
     0
  0
DIMSTYLE
105
2D1
330
A
100
AcDbSymbolTableRecord
100
AcDbDimStyleTableRecord
  2
Decimal-7
 70
     0
 40
2.8
 41
2.5
 42
0.625
 43
3.75
 44
1.25
 73
     0
 74
     0
 77
     1
 78
     8
140
2.5
141
2.5
143
0.03937007874016
147
0.625
171
     3
172
     1
178
     0
271
     2
272
     2
274
     3
278
    44
283
     0
284
     8
340
11
1001
ACAD_DSTYLE_DIMBREAK
1070
   391
1040
3.75
1001
ACAD_DSTYLE_DIMJAG
1070
   388
1040
1.5
1001
ACAD_DSTYLE_DIMTALN
1070
   392
1070
     0
  0
DIMSTYLE
105
2D2
330
A
100
AcDbSymbolTableRecord
100
AcDbDimStyleTableRecord
  2
Decimal-10
 70
     0
 40
4.0
 41
2.5
 42
0.625
 43
3.75
 44
1.25
 73
     0
 74
     0
 77
     1
 78
     8
140
2.5
141
2.5
143
0.03937007874016
147
0.625
171
     3
172
     1
178
     0
271
     2
272
     2
274
     3
278
    44
283
     0
284
     8
340
11
1001
ACAD_DSTYLE_DIMJAG
1070
   388
1040
1.5
1001
ACAD_DSTYLE_DIMBREAK
1070
   391
1040
3.75
1001
ACAD_DSTYLE_DIMTALN
1070
   392
1070
     0
  0
DIMSTYLE
105
403
330
A
100
AcDbSymbolTableRecord
100
AcDbDimStyleTableRecord
  2
Decimal-25
 70
     0
 40
10.0
 41
2.5
 42
0.625
 43
3.75
 44
1.25
 73
     0
 74
     0
 77
     1
 78
     8
140
2.5
141
2.5
143
0.03937007874016
147
0.625
171
     3
172
     1
178
     0
271
     2
272
     2
274
     3
278
    44
283
     0
284
     8
340
11
1001
ACAD_DSTYLE_DIMJAG
1070
   388
1040
1.5
1001
ACAD_DSTYLE_DIMBREAK
1070
   391
1040
3.75
1001
ACAD_DSTYLE_DIMTALN
1070
   392
1070
     0
  0
DIMSTYLE
105
405
330
A
100
AcDbSymbolTableRecord
100
AcDbDimStyleTableRecord
  2
Decimal-50
 70
     0
 40
20.0
 41
2.5
 42
0.625
 43
3.75
 44
1.25
 73
     0
 74
     0
 77
     1
 78
     8
140
2.5
141
2.5
143
0.03937007874016
147
0.625
171
     3
172
     1
178
     0
271
     2
272
     2
274
     3
278
    44
283
     0
284
     8
340
11
1001
ACAD_DSTYLE_DIMJAG
1070
   388
1040
1.5
1001
ACAD_DSTYLE_DIMBREAK
1070
   391
1040
3.75
1001
ACAD_DSTYLE_DIMTALN
1070
   392
1070
     0
  0
DIMSTYLE
105
407
330
A
100
AcDbSymbolTableRecord
100
AcDbDimStyleTableRecord
  2
Decimal-100
 70
     0
 40
40.0
 41
2.5
 42
0.625
 43
3.75
 44
1.25
 73
     0
 74
     0
 77
     1
 78
     8
140
2.5
141
2.5
143
0.03937007874016
147
0.625
171
     3
172
     1
178
     0
271
     2
272
     2
274
     3
278
    44
283
     0
284
     8
340
11
1001
ACAD_DSTYLE_DIMJAG
1070
   388
1040
1.5
1001
ACAD_DSTYLE_DIMBREAK
1070
   391
1040
3.75
1001
ACAD_DSTYLE_DIMTALN
1070
   392
1070
     0
  0
ENDTAB
  0
TABLE
  2
BLOCK_RECORD
  5
1
330
0
100
AcDbSymbolTable
 70
     6
  0
BLOCK_RECORD
  5
1F
102
{ACAD_XDICTIONARY
360
1CE
102
}
330
1
100
AcDbSymbolTableRecord
100
AcDbBlockTableRecord
  2
*Model_Space
340
22
  0
BLOCK_RECORD
  5
363
330
1
100
AcDbSymbolTableRecord
100
AcDbBlockTableRecord
  2
*Paper_Space
340
364
  0
BLOCK_RECORD
  5
2A1
330
1
100
AcDbSymbolTableRecord
100
AcDbBlockTableRecord
  2
_ArchTick
340
0
  0
BLOCK_RECORD
  5
368
330
1
100
AcDbSymbolTableRecord
100
AcDbBlockTableRecord
  2
*Paper_Space1
340
369
  0
BLOCK_RECORD
  5
3CC
330
1
100
AcDbSymbolTableRecord
100
AcDbBlockTableRecord
  2
_DetailCallout
340
0
1001
ACAD
1000
DesignCenter Data
1002
{
1070
     1
1070
     4
1002
}
  0
BLOCK_RECORD
  5
692
102
{ACAD_XDICTIONARY
360
694
102
}
330
1
100
AcDbSymbolTableRecord
100
AcDbBlockTableRecord
  2
ACAD_glvz3lngdls00_ACAD
340
0
1001
ACAD
1000
DesignCenter Data
1002
{
1070
     1
1070
     4
1002
}
  0
BLOCK_RECORD
  5
912
102
{ACAD_XDICTIONARY
360
914
102
}
330
1
100
AcDbSymbolTableRecord
100
AcDbBlockTableRecord
  2
ACAD_gkxn55vrh9k00_ACAD
340
0
1001
ACAD
1000
DesignCenter Data
1002
{
1070
     1
1070
     4
1002
}
  0
BLOCK_RECORD
  5
AE8
102
{ACAD_XDICTIONARY
360
B1D
102
}
330
1
100
AcDbSymbolTableRecord
100
AcDbBlockTableRecord
  2
ACAD_cg6neiwd7g800_ACAD
340
0
1001
ACAD
1000
DesignCenter Data
1002
{
1070
     1
1070
     4
1002
}
  0
ENDTAB
  0
ENDSEC
  0
SECTION
  2
BLOCKS
  0
BLOCK
  5
20
330
1F
100
AcDbEntity
  8
0
100
AcDbBlockBegin
  2
*Model_Space
 70
     0
 10
0.0
 20
0.0
 30
0.0
  3
*Model_Space
  1

  0
ENDBLK
  5
21
330
1F
100
AcDbEntity
  8
0
100
AcDbBlockEnd
  0
BLOCK
  5
365
330
363
100
AcDbEntity
 67
     1
  8
0
100
AcDbBlockBegin
  2
*Paper_Space
 70
     0
 10
0.0
 20
0.0
 30
0.0
  3
*Paper_Space
  1

  0
ENDBLK
  5
366
330
363
100
AcDbEntity
 67
     1
  8
0
100
AcDbBlockEnd
  0
BLOCK
  5
2A2
330
2A1
100
AcDbEntity
  8
0
100
AcDbBlockBegin
  2
_ArchTick
 70
     0
 10
0.0
 20
0.0
 30
0.0
  3
_ArchTick
  1

  0
LWPOLYLINE
  5
2A3
330
2A1
100
AcDbEntity
  8
0
  6
ByBlock
 62
     0
100
AcDbPolyline
 90
        2
 70
     0
 43
0.15
 10
-0.5
 20
-0.5
 10
0.5
 20
0.5
  0
ENDBLK
  5
2A4
330
2A1
100
AcDbEntity
  8
0
100
AcDbBlockEnd
  0
BLOCK
  5
36A
330
368
100
AcDbEntity
  8
0
100
AcDbBlockBegin
  2
*Paper_Space1
 70
     0
 10
0.0
 20
0.0
 30
0.0
  3
*Paper_Space1
  1

  0
VIEWPORT
  5
10CF
102
{ACAD_XDICTIONARY
360
10D0
102
}
330
368
100
AcDbEntity
  8
0
100
AcDbViewport
 10
128.5
 20
97.5
 30
0.0
 40
566.0237837837839
 41
222.18
 68
     1
 69
     1
 12
128.5
 22
97.5
 13
0.0
 23
0.0
 14
0.5
 24
0.5
 15
0.5
 25
0.5
 16
0.0
 26
0.0
 36
1.0
 17
0.0
 27
0.0
 37
0.0
 42
50.0
 43
0.0
 44
0.0
 45
222.18
 50
0.0
 51
0.0
 72
  1000
 90
   819232
  1

281
     0
 71
     1
 74
     0
110
0.0
120
0.0
130
0.0
111
1.0
121
0.0
131
0.0
112
0.0
122
1.0
132
0.0
 79
     0
146
0.0
170
     0
  0
VIEWPORT
  5
10D3
102
{ACAD_XDICTIONARY
360
10D4
102
}
330
368
100
AcDbEntity
  8
0
100
AcDbViewport
 10
128.5
 20
97.5
 30
0.0
 40
205.6
 41
156.0
 68
     2
 69
     2
 12
542.0043893050829
 22
249.5852834650229
 13
0.0
 23
0.0
 14
10.0
 24
10.0
 15
10.0
 25
10.0
 16
0.0
 26
0.0
 36
1.0
 17
0.0
 27
0.0
 37
0.0
 42
50.0
 43
0.0
 44
0.0
 45
1264.54837608868
 50
0.0
 51
0.0
 72
  1000
 90
   819808
  1

281
     0
 71
     1
 74
     0
110
0.0
120
0.0
130
0.0
111
1.0
121
0.0
131
0.0
112
0.0
122
1.0
132
0.0
 79
     0
146
0.0
170
     0
  0
ENDBLK
  5
36B
330
368
100
AcDbEntity
  8
0
100
AcDbBlockEnd
  0
BLOCK
  5
3D1
330
3CC
100
AcDbEntity
  8
0
100
AcDbBlockBegin
  2
_DetailCallout
 70
     2
 10
0.0
 20
0.0
 30
0.0
  3
_DetailCallout
  1

  0
CIRCLE
  5
3CD
330
3CC
100
AcDbEntity
  8
0
  6
ByBlock
 62
     0
370
    -2
100
AcDbCircle
 10
0.0
 20
0.0
 30
0.0
 40
8.0
  0
LINE
  5
3CE
330
3CC
100
AcDbEntity
  8
0
  6
ByBlock
 62
     0
370
    -2
100
AcDbLine
 10
8.0
 20
0.0
 30
0.0
 11
-8.0
 21
0.0
 31
0.0
  0
ATTDEF
  5
3CF
330
3CC
100
AcDbEntity
  8
0
 62
     0
100
AcDbText
 10
-13.78571428571428
 20
1.0
 30
0.0
 40
3.0
  1
VIEWNUMBER
  7
Simplex_7
 72
     1
 11
0.0
 21
1.0
 31
0.0
100
AcDbAttributeDefinition
  3
Enter view number
  2
VIEWNUMBER
 70
     0
  0
ATTDEF
  5
3D0
330
3CC
100
AcDbEntity
  8
0
 62
     0
100
AcDbText
 10
-15.71428571428571
 20
-6.0
 30
0.0
 40
3.0
  1
SHEETNUMBER
  7
Simplex_7
 72
     1
 11
0.0
 21
-6.0
 31
0.0
100
AcDbAttributeDefinition
  3
Enter sheet number
  2
SHEETNUMBER
 70
     0
  0
ENDBLK
  5
3D2
330
3CC
100
AcDbEntity
  8
0
100
AcDbBlockEnd
  0
BLOCK
  5
696
330
692
100
AcDbEntity
  8
0
100
AcDbBlockBegin
  2
ACAD_glvz3lngdls00_ACAD
 70
     0
 10
0.0
 20
0.0
 30
0.0
  3
ACAD_glvz3lngdls00_ACAD
  1

  0
ARC
  5
693
330
692
100
AcDbEntity
  8
0
100
AcDbCircle
 10
29.30475880242011
 20
-4.635976777930665
 30
0.0
 40
11.98396881602693
100
AcDbArc
 50
123.4415858210272
 51
236.5584141789701
  0
ENDBLK
  5
697
330
692
100
AcDbEntity
  8
0
100
AcDbBlockEnd
  0
BLOCK
  5
916
330
912
100
AcDbEntity
  8
0
100
AcDbBlockBegin
  2
ACAD_gkxn55vrh9k00_ACAD
 70
     0
 10
0.0
 20
0.0
 30
0.0
  3
ACAD_gkxn55vrh9k00_ACAD
  1

  0
ARC
  5
913
330
912
100
AcDbEntity
  8
0
100
AcDbCircle
 10
12.08887398766905
 20
-19.4661998129385
 30
0.0
 40
10.0
100
AcDbArc
 50
90.0
 51
180.0
  0
ENDBLK
  5
917
330
912
100
AcDbEntity
  8
0
100
AcDbBlockEnd
  0
BLOCK
  5
B1F
330
AE8
100
AcDbEntity
  8
0
100
AcDbBlockBegin
  2
ACAD_cg6neiwd7g800_ACAD
 70
     0
 10
0.0
 20
0.0
 30
0.0
  3
ACAD_cg6neiwd7g800_ACAD
  1

  0
LINE
  5
AE9
330
AE8
100
AcDbEntity
  8
0
100
AcDbLine
 10
131.8970900518197
 20
-111.1794508521318
 30
0.0
 11
131.8970900518197
 21
-91.17945085213182
 31
0.0
  0
LINE
  5
AEA
330
AE8
100
AcDbEntity
  8
0
100
AcDbLine
 10
131.8970900518197
 20
-131.1794508521318
 30
0.0
 11
131.8970900518197
 21
-91.17945085213182
 31
0.0
  0
LINE
  5
AEB
330
AE8
100
AcDbEntity
  8
0
100
AcDbLine
 10
131.8970900518197
 20
-91.17945085213182
 30
0.0
 11
136.8970900518197
 21
-91.17945085213182
 31
0.0
  0
LINE
  5
AEC
330
AE8
100
AcDbEntity
  8
0
100
AcDbLine
 10
136.8970900518197
 20
-131.1794508521318
 30
0.0
 11
131.8970900518197
 21
-131.1794508521318
 31
0.0
  0
LINE
  5
AED
330
AE8
100
AcDbEntity
  8
0
100
AcDbLine
 10
131.8970900518197
 20
-91.17945085213182
 30
0.0
 11
121.8970900518197
 21
-91.17945085213182
 31
0.0
  0
ARC
  5
AEE
330
AE8
100
AcDbEntity
  8
0
100
AcDbCircle
 10
101.8970900518197
 20
-91.17945085213182
 30
0.0
 40
20.0
100
AcDbArc
 50
0.0
 51
90.0
  0
LINE
  5
AEF
330
AE8
100
AcDbEntity
  8
0
100
AcDbLine
 10
101.8970900518197
 20
-71.17945085213182
 30
0.0
 11
101.8970900518197
 21
-51.17945085213182
 31
0.0
  0
LINE
  5
AF0
330
AE8
100
AcDbEntity
  8
0
100
AcDbLine
 10
81.8970900518197
 20
-61.17945085213182
 30
0.0
 11
101.8970900518197
 21
-61.17945085213182
 31
0.0
  0
LINE
  5
AF1
330
AE8
100
AcDbEntity
  8
0
100
AcDbLine
 10
61.8970900518197
 20
-61.17945085213182
 30
0.0
 11
101.8970900518197
 21
-61.17945085213182
 31
0.0
  0
LINE
  5
AF2
330
AE8
100
AcDbEntity
  8
0
100
AcDbLine
 10
101.8970900518197
 20
-61.17945085213182
 30
0.0
 11
101.8970900518197
 21
-56.17945085213182
 31
0.0
  0
LINE
  5
AF3
330
AE8
100
AcDbEntity
  8
0
100
AcDbLine
 10
101.8970900518197
 20
-56.17945085213182
 30
0.0
 11
61.8970900518197
 21
-56.17945085213182
 31
0.0
  0
LINE
  5
AF4
330
AE8
100
AcDbEntity
  8
0
100
AcDbLine
 10
61.8970900518197
 20
-56.17945085213182
 30
0.0
 11
61.8970900518197
 21
-61.17945085213182
 31
0.0
  0
LWPOLYLINE
  5
AF5
330
AE8
100
AcDbEntity
  8
0
100
AcDbPolyline
 90
        4
 70
     1
 43
0.0
 10
101.8970900518197
 20
-56.17945085213182
 10
101.8970900518197
 20
-51.17945085213182
 10
86.8970900518197
 20
-51.17945085213182
 10
86.8970900518197
 20
-56.17945085213182
  0
LWPOLYLINE
  5
AF6
330
AE8
100
AcDbEntity
  8
0
100
AcDbPolyline
 90
        4
 70
     1
 43
0.0
 10
61.8970900518197
 20
-56.17945085213182
 10
61.8970900518197
 20
-51.17945085213182
 10
76.8970900518197
 20
-51.17945085213182
 10
76.8970900518197
 20
-56.17945085213182
  0
LINE
  5
AF7
330
AE8
100
AcDbEntity
  8
0
100
AcDbLine
 10
86.8970900518197
 20
-51.17945085213182
 30
0.0
 11
76.8970900518197
 21
-51.17945085213182
 31
0.0
  0
ARC
  5
AF8
330
AE8
100
AcDbEntity
  8
0
100
AcDbCircle
 10
94.3970900518197
 20
-53.67945085213182
 30
0.0
 40
9.013878188659973
100
AcDbArc
 50
326.309932474022
 51
33.69006752597798
  0
LWPOLYLINE
  5
AF9
330
AE8
100
AcDbEntity
  8
0
100
AcDbPolyline
 90
        4
 70
     1
 43
0.0
 10
101.8970900518197
 20
-51.17945085213182
 10
101.8970900518197
 20
-46.17945085213182
 10
61.8970900518197
 20
-46.17945085213182
 10
61.8970900518197
 20
-51.17945085213182
  0
ARC
  5
AFA
330
AE8
100
AcDbEntity
  8
0
100
AcDbCircle
 10
69.3970900518197
 20
-53.67945085213182
 30
0.0
 40
9.013878188659973
100
AcDbArc
 50
146.309932474022
 51
213.690067525978
  0
LWPOLYLINE
  5
AFB
330
AE8
100
AcDbEntity
  8
0
100
AcDbPolyline
 90
        2
 70
     0
 43
0.0
 10
61.8970900518197
 20
-46.17945085213182
 10
101.8970900518197
 20
-46.17945085213182
  0
LINE
  5
AFC
330
AE8
100
AcDbEntity
  8
0
100
AcDbLine
 10
31.8970900518197
 20
-111.1794508521318
 30
0.0
 11
31.8970900518197
 21
-91.17945085213182
 31
0.0
  0
LINE
  5
AFD
330
AE8
100
AcDbEntity
  8
0
100
AcDbLine
 10
31.8970900518197
 20
-131.1794508521318
 30
0.0
 11
31.8970900518197
 21
-91.17945085213182
 31
0.0
  0
LINE
  5
AFE
330
AE8
100
AcDbEntity
  8
0
100
AcDbLine
 10
31.8970900518197
 20
-91.17945085213182
 30
0.0
 11
26.8970900518197
 21
-91.17945085213182
 31
0.0
  0
LINE
  5
AFF
330
AE8
100
AcDbEntity
  8
0
100
AcDbLine
 10
26.8970900518197
 20
-91.17945085213182
 30
0.0
 11
26.8970900518197
 21
-131.1794508521318
 31
0.0
  0
LINE
  5
B00
330
AE8
100
AcDbEntity
  8
0
100
AcDbLine
 10
26.8970900518197
 20
-131.1794508521318
 30
0.0
 11
31.8970900518197
 21
-131.1794508521318
 31
0.0
  0
LWPOLYLINE
  5
B01
330
AE8
100
AcDbEntity
  8
0
100
AcDbPolyline
 90
        4
 70
     1
 43
0.0
 10
26.8970900518197
 20
-91.17945085213182
 10
21.8970900518197
 20
-91.17945085213182
 10
21.8970900518197
 20
-106.1794508521318
 10
26.8970900518197
 20
-106.1794508521318
  0
LWPOLYLINE
  5
B02
330
AE8
100
AcDbEntity
  8
0
100
AcDbPolyline
 90
        4
 70
     1
 43
0.0
 10
26.8970900518197
 20
-131.1794508521318
 10
21.8970900518197
 20
-131.1794508521318
 10
21.8970900518197
 20
-116.1794508521318
 10
26.8970900518197
 20
-116.1794508521318
  0
LINE
  5
B03
330
AE8
100
AcDbEntity
  8
0
100
AcDbLine
 10
21.8970900518197
 20
-106.1794508521318
 30
0.0
 11
21.8970900518197
 21
-116.1794508521318
 31
0.0
  0
ARC
  5
B04
330
AE8
100
AcDbEntity
  8
0
100
AcDbCircle
 10
24.3970900518197
 20
-98.67945085213182
 30
0.0
 40
9.013878188659973
100
AcDbArc
 50
56.30993247402203
 51
123.690067525978
  0
LWPOLYLINE
  5
B05
330
AE8
100
AcDbEntity
  8
0
100
AcDbPolyline
 90
        4
 70
     1
 43
0.0
 10
21.8970900518197
 20
-91.17945085213182
 10
16.8970900518197
 20
-91.17945085213182
 10
16.8970900518197
 20
-131.1794508521318
 10
21.8970900518197
 20
-131.1794508521318
  0
ARC
  5
B06
330
AE8
100
AcDbEntity
  8
0
100
AcDbCircle
 10
24.3970900518197
 20
-123.6794508521318
 30
0.0
 40
9.013878188659973
100
AcDbArc
 50
236.309932474022
 51
303.690067525978
  0
LWPOLYLINE
  5
B07
330
AE8
100
AcDbEntity
  8
0
100
AcDbPolyline
 90
        2
 70
     0
 43
0.0
 10
16.8970900518197
 20
-131.1794508521318
 10
16.8970900518197
 20
-91.17945085213182
  0
LINE
  5
B08
330
AE8
100
AcDbEntity
  8
0
100
AcDbLine
 10
31.8970900518197
 20
-91.17945085213182
 30
0.0
 11
41.8970900518197
 21
-91.17945085213182
 31
0.0
  0
ARC
  5
B09
330
AE8
100
AcDbEntity
  8
0
100
AcDbCircle
 10
61.8970900518197
 20
-91.17945085213182
 30
0.0
 40
20.0
100
AcDbArc
 50
90.0
 51
180.0
  0
LINE
  5
B0A
330
AE8
100
AcDbEntity
  8
0
100
AcDbLine
 10
61.8970900518197
 20
-61.17945085213182
 30
0.0
 11
61.8970900518197
 21
-71.17945085213182
 31
0.0
  0
LINE
  5
B0B
330
AE8
100
AcDbEntity
  8
0
100
AcDbLine
 10
131.8970900518197
 20
-131.1794508521318
 30
0.0
 11
121.8970900518197
 21
-131.1794508521318
 31
0.0
  0
ARC
  5
B0C
330
AE8
100
AcDbEntity
  8
0
100
AcDbCircle
 10
101.8970900518197
 20
-131.1794508521318
 30
0.0
 40
20.0
100
AcDbArc
 50
270.0
 51
0.0
  0
LINE
  5
B0D
330
AE8
100
AcDbEntity
  8
0
100
AcDbLine
 10
101.8970900518197
 20
-151.1794508521318
 30
0.0
 11
101.8970900518197
 21
-171.1794508521318
 31
0.0
  0
LINE
  5
B0E
330
AE8
100
AcDbEntity
  8
0
100
AcDbLine
 10
81.8970900518197
 20
-161.1794508521318
 30
0.0
 11
101.8970900518197
 21
-161.1794508521318
 31
0.0
  0
LINE
  5
B0F
330
AE8
100
AcDbEntity
  8
0
100
AcDbLine
 10
61.8970900518197
 20
-161.1794508521318
 30
0.0
 11
101.8970900518197
 21
-161.1794508521318
 31
0.0
  0
LINE
  5
B10
330
AE8
100
AcDbEntity
  8
0
100
AcDbLine
 10
101.8970900518197
 20
-161.1794508521318
 30
0.0
 11
101.8970900518197
 21
-166.1794508521318
 31
0.0
  0
LINE
  5
B11
330
AE8
100
AcDbEntity
  8
0
100
AcDbLine
 10
101.8970900518197
 20
-166.1794508521318
 30
0.0
 11
61.8970900518197
 21
-166.1794508521318
 31
0.0
  0
LINE
  5
B12
330
AE8
100
AcDbEntity
  8
0
100
AcDbLine
 10
61.8970900518197
 20
-166.1794508521318
 30
0.0
 11
61.8970900518197
 21
-161.1794508521318
 31
0.0
  0
LWPOLYLINE
  5
B13
330
AE8
100
AcDbEntity
  8
0
100
AcDbPolyline
 90
        4
 70
     1
 43
0.0
 10
101.8970900518197
 20
-166.1794508521318
 10
101.8970900518197
 20
-171.1794508521318
 10
86.8970900518197
 20
-171.1794508521318
 10
86.8970900518197
 20
-166.1794508521318
  0
LWPOLYLINE
  5
B14
330
AE8
100
AcDbEntity
  8
0
100
AcDbPolyline
 90
        4
 70
     1
 43
0.0
 10
61.8970900518197
 20
-166.1794508521318
 10
61.8970900518197
 20
-171.1794508521318
 10
76.8970900518197
 20
-171.1794508521318
 10
76.8970900518197
 20
-166.1794508521318
  0
LINE
  5
B15
330
AE8
100
AcDbEntity
  8
0
100
AcDbLine
 10
86.8970900518197
 20
-171.1794508521318
 30
0.0
 11
76.8970900518197
 21
-171.1794508521318
 31
0.0
  0
ARC
  5
B16
330
AE8
100
AcDbEntity
  8
0
100
AcDbCircle
 10
94.3970900518197
 20
-168.6794508521318
 30
0.0
 40
9.013878188659973
100
AcDbArc
 50
326.309932474022
 51
33.69006752597798
  0
LWPOLYLINE
  5
B17
330
AE8
100
AcDbEntity
  8
0
100
AcDbPolyline
 90
        4
 70
     1
 43
0.0
 10
101.8970900518197
 20
-171.1794508521318
 10
101.8970900518197
 20
-176.1794508521318
 10
61.8970900518197
 20
-176.1794508521318
 10
61.8970900518197
 20
-171.1794508521318
  0
ARC
  5
B18
330
AE8
100
AcDbEntity
  8
0
100
AcDbCircle
 10
69.3970900518197
 20
-168.6794508521318
 30
0.0
 40
9.013878188659973
100
AcDbArc
 50
146.309932474022
 51
213.690067525978
  0
LWPOLYLINE
  5
B19
330
AE8
100
AcDbEntity
  8
0
100
AcDbPolyline
 90
        2
 70
     0
 43
0.0
 10
61.8970900518197
 20
-176.1794508521318
 10
101.8970900518197
 20
-176.1794508521318
  0
LINE
  5
B1A
330
AE8
100
AcDbEntity
  8
0
100
AcDbLine
 10
31.8970900518197
 20
-131.1794508521318
 30
0.0
 11
41.8970900518197
 21
-131.1794508521318
 31
0.0
  0
ARC
  5
B1B
330
AE8
100
AcDbEntity
  8
0
100
AcDbCircle
 10
61.8970900518197
 20
-131.1794508521318
 30
0.0
 40
20.0
100
AcDbArc
 50
180.0
 51
270.0
  0
LINE
  5
B1C
330
AE8
100
AcDbEntity
  8
0
100
AcDbLine
 10
61.8970900518197
 20
-161.1794508521318
 30
0.0
 11
61.8970900518197
 21
-151.1794508521318
 31
0.0
  0
ENDBLK
  5
B20
330
AE8
100
AcDbEntity
  8
0
100
AcDbBlockEnd
  0
ENDSEC
  0
SECTION
  2
ENTITIES
  0
CIRCLE
  5
51C
330
1F
100
AcDbEntity
  8
F.Hub
370
    13
100
AcDbCircle
 10
300.0043900116043
 20
249.5852845518109
 30
0.0
 40
100.0
  0
ARC
  5
51D
330
1F
100
AcDbEntity
  8
F.Hub
370
    13
100
AcDbCircle
 10
300.0043900116043
 20
249.5852845518109
 30
0.0
 40
90.0
100
AcDbArc
 50
93.1847385367206
 51
131.8152614632794
  0
ARC
  5
51E
330
1F
100
AcDbEntity
  8
F.Hub
370
    13
100
AcDbCircle
 10
300.0043900116043
 20
249.5852845518109
 30
0.0
 40
55.0
100
AcDbArc
 50
95.21590857045442
 51
129.7840914295456
  0
LINE
  5
52A
330
1F
100
AcDbEntity
  8
F.Hub
370
    13
100
AcDbLine
 10
210.0043900116043
 20
244.5852845518109
 30
0.0
 11
245.2321342610877
 21
244.5852845518109
 31
0.0
  0
LINE
  5
52C
330
1F
100
AcDbEntity
  8
F.Hub
370
    13
100
AcDbLine
 10
295.0043900116043
 20
194.8130288012943
 30
0.0
 11
295.0043900116043
 21
159.7242807737538
 31
0.0
  0
LINE
  5
52E
330
1F
100
AcDbEntity
  8
F.Hub
370
    13
100
AcDbLine
 10
305.0043900116046
 20
159.7242807737538
 30
0.0
 11
305.0043900116046
 21
194.8130288012943
 31
0.0
  0
LINE
  5
52F
330
1F
100
AcDbEntity
  8
F.Hub
370
    13
100
AcDbLine
 10
354.7766457621209
 20
244.5852845518109
 30
0.0
 11
389.8653937896614
 21
244.5852845518109
 31
0.0
  0
LINE
  5
531
330
1F
100
AcDbEntity
  8
F.Hub
370
    13
100
AcDbLine
 10
389.8653937896614
 20
254.5852845518112
 30
0.0
 11
354.7766457621209
 21
254.5852845518112
 31
0.0
  0
LINE
  5
532
330
1F
100
AcDbEntity
  8
F.Hub
370
    13
100
AcDbLine
 10
305.0043900116046
 20
304.3575403023275
 30
0.0
 11
305.0043900116046
 21
339.446288329868
 31
0.0
  0
LINE
  5
534
330
1F
100
AcDbEntity
  8
F.Hub
370
    13
100
AcDbLine
 10
295.004390011604
 20
339.446288329868
 30
0.0
 11
295.004390011604
 21
304.3575403023275
 31
0.0
  0
LINE
  5
535
330
1F
100
AcDbEntity
  8
F.Hub
370
    13
100
AcDbLine
 10
245.2321342610877
 20
254.5852845518112
 30
0.0
 11
210.1433862335472
 21
254.5852845518112
 31
0.0
  0
ARC
  5
540
330
1F
100
AcDbEntity
  8
F.Hub
370
    13
100
AcDbCircle
 10
300.0043900116043
 20
249.5852845518109
 30
0.0
 40
55.0
100
AcDbArc
 50
5.21590857045442
 51
39.78409142954553
  0
ARC
  5
542
330
1F
100
AcDbEntity
  8
F.Hub
370
    13
100
AcDbCircle
 10
300.0043900116043
 20
249.5852845518109
 30
0.0
 40
90.0
100
AcDbArc
 50
3.18473853672059
 51
41.81526146327938
  0
ARC
  5
543
330
1F
100
AcDbEntity
  8
F.Hub
370
    13
100
AcDbCircle
 10
300.0043900116043
 20
249.5852845518109
 30
0.0
 40
55.0
100
AcDbArc
 50
185.2159085704541
 51
219.7840914295455
  0
ARC
  5
544
330
1F
100
AcDbEntity
  8
F.Hub
370
    13
100
AcDbCircle
 10
300.0043900116043
 20
249.5852845518109
 30
0.0
 40
90.0
100
AcDbArc
 50
183.1847385367204
 51
221.8152614632794
  0
ARC
  5
545
330
1F
100
AcDbEntity
  8
F.Hub
370
    13
100
AcDbCircle
 10
300.0043900116043
 20
249.5852845518109
 30
0.0
 40
55.0
100
AcDbArc
 50
275.2159085704545
 51
309.7840914295455
  0
ARC
  5
546
330
1F
100
AcDbEntity
  8
F.Hub
370
    13
100
AcDbCircle
 10
300.0043900116043
 20
249.5852845518109
 30
0.0
 40
90.0
100
AcDbArc
 50
273.1847385367207
 51
311.8152614632794
  0
ARC
  5
59D
330
1F
100
AcDbEntity
  8
F.Hub
370
    13
100
AcDbCircle
 10
300.0043900116043
 20
249.5852845518109
 30
0.0
 40
55.0
100
AcDbArc
 50
50.21590857045442
 51
84.78409142954558
  0
ARC
  5
59E
330
1F
100
AcDbEntity
  8
F.Hub
370
    13
100
AcDbCircle
 10
300.0043900116043
 20
249.5852845518109
 30
0.0
 40
90.0
100
AcDbArc
 50
48.18473853672106
 51
86.81526146327941
  0
ARC
  5
59F
330
1F
100
AcDbEntity
  8
F.Hub
370
    13
100
AcDbCircle
 10
300.0043900116043
 20
249.5852845518109
 30
0.0
 40
90.0
100
AcDbArc
 50
138.1847385367209
 51
176.8152614632794
  0
ARC
  5
5A0
330
1F
100
AcDbEntity
  8
F.Hub
370
    13
100
AcDbCircle
 10
300.0043900116043
 20
249.5852845518109
 30
0.0
 40
55.0
100
AcDbArc
 50
140.2159085704544
 51
174.7840914295455
  0
ARC
  5
5A7
330
1F
100
AcDbEntity
  8
F.Hub
370
    13
100
AcDbCircle
 10
300.0043900116043
 20
249.5852845518109
 30
0.0
 40
55.0
100
AcDbArc
 50
230.2159085704544
 51
264.7840914295459
  0
ARC
  5
5A8
330
1F
100
AcDbEntity
  8
F.Hub
370
    13
100
AcDbCircle
 10
300.0043900116043
 20
249.5852845518109
 30
0.0
 40
90.0
100
AcDbArc
 50
318.1847385367211
 51
356.8152614632796
  0
ARC
  5
5A9
330
1F
100
AcDbEntity
  8
F.Hub
370
    13
100
AcDbCircle
 10
300.0043900116043
 20
249.5852845518109
 30
0.0
 40
55.0
100
AcDbArc
 50
320.2159085704544
 51
354.7840914295459
  0
ARC
  5
5AA
330
1F
100
AcDbEntity
  8
F.Hub
370
    13
100
AcDbCircle
 10
300.0043900116043
 20
249.5852845518109
 30
0.0
 40
90.0
100
AcDbArc
 50
228.184738536721
 51
266.8152614632796
  0
LINE
  5
5AB
330
1F
100
AcDbEntity
  8
F.Hub
370
    13
100
AcDbLine
 10
239.9985987818431
 20
316.662143593438
 30
0.0
 11
264.8100904554631
 21
291.850651919818
 31
0.0
  0
LINE
  5
5AC
330
1F
100
AcDbEntity
  8
F.Hub
370
    13
100
AcDbLine
 10
232.9275309699768
 20
309.5910757815717
 30
0.0
 11
257.7390226435972
 21
284.7795841079521
 31
0.0
  0
LINE
  5
5AD
330
1F
100
AcDbEntity
  8
F.Hub
370
    13
100
AcDbLine
 10
257.7390226435972
 20
214.3909849956697
 30
0.0
 11
232.9275309699772
 21
189.5794933220497
 31
0.0
  0
LINE
  5
5AF
330
1F
100
AcDbEntity
  8
F.Hub
370
    13
100
AcDbLine
 10
264.8100904554631
 20
207.3199171838038
 30
0.0
 11
239.9985987818435
 21
182.5084255101834
 31
0.0
  0
LINE
  5
5B0
330
1F
100
AcDbEntity
  8
F.Hub
370
    13
100
AcDbLine
 10
335.1986895677455
 20
207.3199171838038
 30
0.0
 11
360.0101812413655
 21
182.5084255101838
 31
0.0
  0
LINE
  5
5B1
330
1F
100
AcDbEntity
  8
F.Hub
370
    13
100
AcDbLine
 10
342.2697573796113
 20
214.3909849956697
 30
0.0
 11
367.0812490532319
 21
189.5794933220502
 31
0.0
  0
LINE
  5
5B2
330
1F
100
AcDbEntity
  8
F.Hub
370
    13
100
AcDbLine
 10
360.010181241365
 20
316.6621435934385
 30
0.0
 11
335.1986895677455
 21
291.850651919818
 31
0.0
  0
LINE
  5
5B3
330
1F
100
AcDbEntity
  8
F.Hub
370
    13
100
AcDbLine
 10
342.2697573796114
 20
284.7795841079521
 30
0.0
 11
367.0812490532314
 21
309.5910757815721
 31
0.0
  0
ARC
  5
5F7
330
1F
100
AcDbEntity
  8
F.Hub
370
     9
100
AcDbCircle
 10
300.0043900116043
 20
249.5852845518109
 30
0.0
 40
27.12710838598818
100
AcDbArc
 50
93.18473853672295
 51
131.8152614632777
  0
ARC
  5
5F8
330
1F
100
AcDbEntity
  8
F.Hub
370
     9
100
AcDbCircle
 10
300.0043900116043
 20
249.5852845518109
 30
0.0
 40
27.12710838598818
100
AcDbArc
 50
138.1847385367177
 51
176.8152614632795
  0
ARC
  5
5F9
330
1F
100
AcDbEntity
  8
F.Hub
370
     9
100
AcDbCircle
 10
300.0043900116043
 20
249.5852845518109
 30
0.0
 40
27.12710838598818
100
AcDbArc
 50
183.1847385367205
 51
221.8152614632824
  0
ARC
  5
5FA
330
1F
100
AcDbEntity
  8
F.Hub
370
     9
100
AcDbCircle
 10
300.0043900116043
 20
249.5852845518109
 30
0.0
 40
27.12710838598818
100
AcDbArc
 50
228.1847385367223
 51
266.8152614632771
  0
ARC
  5
5FB
330
1F
100
AcDbEntity
  8
F.Hub
370
     9
100
AcDbCircle
 10
300.0043900116043
 20
249.5852845518109
 30
0.0
 40
27.12710838598818
100
AcDbArc
 50
273.1847385367229
 51
311.8152614632777
  0
ARC
  5
5FC
330
1F
100
AcDbEntity
  8
F.Hub
370
     9
100
AcDbCircle
 10
300.0043900116043
 20
249.5852845518109
 30
0.0
 40
27.12710838598818
100
AcDbArc
 50
318.1847385367176
 51
356.8152614632795
  0
ARC
  5
5FD
330
1F
100
AcDbEntity
  8
F.Hub
370
     9
100
AcDbCircle
 10
300.0043900116043
 20
249.5852845518109
 30
0.0
 40
27.12710838598818
100
AcDbArc
 50
3.184738536720464
 51
41.81526146328233
  0
ARC
  5
5FE
330
1F
100
AcDbEntity
  8
F.Hub
370
     9
100
AcDbCircle
 10
300.0043900116043
 20
249.5852845518109
 30
0.0
 40
27.12710838598818
100
AcDbArc
 50
48.18473853672226
 51
86.81526146327705
  0
ARC
  5
5FF
330
1F
100
AcDbEntity
  8
F.Hub
370
     9
100
AcDbCircle
 10
300.0043900116043
 20
249.5852845518109
 30
0.0
 40
16.57767734699278
100
AcDbArc
 50
95.21590857045429
 51
129.7840914295477
  0
ARC
  5
600
330
1F
100
AcDbEntity
  8
F.Hub
370
     9
100
AcDbCircle
 10
300.0043900116043
 20
249.5852845518109
 30
0.0
 40
16.57767734699278
100
AcDbArc
 50
140.2159085704532
 51
174.7840914295453
  0
ARC
  5
601
330
1F
100
AcDbEntity
  8
F.Hub
370
     9
100
AcDbCircle
 10
300.0043900116043
 20
249.5852845518109
 30
0.0
 40
16.57767734699278
100
AcDbArc
 50
185.2159085704548
 51
219.7840914295467
  0
ARC
  5
602
330
1F
100
AcDbEntity
  8
F.Hub
370
     9
100
AcDbCircle
 10
300.0043900116043
 20
249.5852845518109
 30
0.0
 40
16.57767734699278
100
AcDbArc
 50
230.2159085704523
 51
264.7840914295457
  0
ARC
  5
603
330
1F
100
AcDbEntity
  8
F.Hub
370
     9
100
AcDbCircle
 10
300.0043900116043
 20
249.5852845518109
 30
0.0
 40
16.57767734699278
100
AcDbArc
 50
275.2159085704543
 51
309.7840914295477
  0
ARC
  5
604
330
1F
100
AcDbEntity
  8
F.Hub
370
     9
100
AcDbCircle
 10
300.0043900116043
 20
249.5852845518109
 30
0.0
 40
16.57767734699278
100
AcDbArc
 50
320.2159085704522
 51
354.7840914295453
  0
ARC
  5
605
330
1F
100
AcDbEntity
  8
F.Hub
370
     9
100
AcDbCircle
 10
300.0043900116043
 20
249.5852845518109
 30
0.0
 40
16.57767734699278
100
AcDbArc
 50
5.215908570454734
 51
39.78409142954676
  0
ARC
  5
606
330
1F
100
AcDbEntity
  8
F.Hub
370
     9
100
AcDbCircle
 10
300.0043900116043
 20
249.5852845518109
 30
0.0
 40
16.57767734699278
100
AcDbArc
 50
50.21590857045229
 51
84.78409142954573
  0
LINE
  5
607
330
1F
100
AcDbEntity
  8
F.Hub
370
     9
100
AcDbLine
 10
272.8772816256161
 20
248.0782229748116
 30
0.0
 11
283.4953575861673
 21
248.0782229748116
 31
0.0
  0
LINE
  5
608
330
1F
100
AcDbEntity
  8
F.Hub
370
     9
100
AcDbLine
 10
298.4973284346049
 20
233.0762521263739
 30
0.0
 11
298.4973284346049
 21
222.5000713389104
 31
0.0
  0
LINE
  5
609
330
1F
100
AcDbEntity
  8
F.Hub
370
     9
100
AcDbLine
 10
301.5114515886038
 20
222.5000713389104
 30
0.0
 11
301.5114515886038
 21
233.076252126374
 31
0.0
  0
LINE
  5
60A
330
1F
100
AcDbEntity
  8
F.Hub
370
     9
100
AcDbLine
 10
316.5134224370413
 20
248.0782229748116
 30
0.0
 11
327.0896032245049
 21
248.0782229748116
 31
0.0
  0
LINE
  5
60B
330
1F
100
AcDbEntity
  8
F.Hub
370
     9
100
AcDbLine
 10
327.0896032245049
 20
251.0923461288103
 30
0.0
 11
316.5134224370413
 21
251.0923461288103
 31
0.0
  0
LINE
  5
60C
330
1F
100
AcDbEntity
  8
F.Hub
370
     9
100
AcDbLine
 10
301.5114515886038
 20
266.0943169772479
 30
0.0
 11
301.5114515886038
 21
276.6704977647115
 31
0.0
  0
LINE
  5
60D
330
1F
100
AcDbEntity
  8
F.Hub
370
     9
100
AcDbLine
 10
298.4973284346049
 20
276.6704977647115
 30
0.0
 11
298.4973284346049
 21
266.0943169772479
 31
0.0
  0
LINE
  5
60E
330
1F
100
AcDbEntity
  8
F.Hub
370
     9
100
AcDbLine
 10
283.4953575861673
 20
251.0923461288103
 30
0.0
 11
272.9191767987038
 21
251.0923461288103
 31
0.0
  0
LINE
  5
60F
330
1F
100
AcDbEntity
  8
F.Hub
370
     9
100
AcDbLine
 10
281.9179055396409
 20
269.8030759452984
 30
0.0
 11
289.3963946935113
 21
262.324586791428
 31
0.0
  0
LINE
  5
610
330
1F
100
AcDbEntity
  8
F.Hub
370
     9
100
AcDbLine
 10
279.7865986181167
 20
267.6717690237742
 30
0.0
 11
287.2650877719873
 21
260.193279869904
 31
0.0
  0
LINE
  5
611
330
1F
100
AcDbEntity
  8
F.Hub
370
     9
100
AcDbLine
 10
287.2650877719873
 20
238.9772892337178
 30
0.0
 11
279.7865986181168
 21
231.4988000798475
 31
0.0
  0
LINE
  5
612
330
1F
100
AcDbEntity
  8
F.Hub
370
     9
100
AcDbLine
 10
289.3963946935112
 20
236.8459823121938
 30
0.0
 11
281.917905539641
 21
229.3674931583234
 31
0.0
  0
LINE
  5
613
330
1F
100
AcDbEntity
  8
F.Hub
370
     9
100
AcDbLine
 10
310.6123853296974
 20
236.8459823121938
 30
0.0
 11
318.0908744835677
 21
229.3674931583234
 31
0.0
  0
LINE
  5
614
330
1F
100
AcDbEntity
  8
F.Hub
370
     9
100
AcDbLine
 10
312.7436922512214
 20
238.9772892337178
 30
0.0
 11
320.2221814050919
 21
231.4988000798476
 31
0.0
  0
LINE
  5
615
330
1F
100
AcDbEntity
  8
F.Hub
370
     9
100
AcDbLine
 10
318.0908744835676
 20
269.8030759452985
 30
0.0
 11
310.6123853296974
 21
262.324586791428
 31
0.0
  0
LINE
  5
616
330
1F
100
AcDbEntity
  8
F.Hub
370
     9
100
AcDbLine
 10
312.7436922512214
 20
260.193279869904
 30
0.0
 11
320.2221814050918
 21
267.6717690237744
 31
0.0
  0
LINE
  5
621
330
1F
100
AcDbEntity
  8
0
370
    13
100
AcDbLine
 10
400.0043900116043
 20
249.5852845518109
 30
0.0
 11
400.0043900116043
 21
269.5852845518109
 31
0.0
  0
LINE
  5
622
330
1F
100
AcDbEntity
  8
0
370
    13
100
AcDbLine
 10
400.0043900116043
 20
269.5852845518109
 30
0.0
 11
397.9839797229315
 21
269.5852845518109
 31
0.0
  0
LINE
  5
624
330
1F
100
AcDbEntity
  8
0
370
    13
100
AcDbLine
 10
397.9839797229314
 20
229.5852845518109
 30
0.0
 11
400.0043900116043
 21
229.5852845518109
 31
0.0
  0
LINE
  5
625
330
1F
100
AcDbEntity
  8
0
370
    13
100
AcDbLine
 10
400.0043900116043
 20
229.5852845518109
 30
0.0
 11
400.0043900116043
 21
269.5852845518109
 31
0.0
  0
LINE
  5
626
330
1F
100
AcDbEntity
  8
0
370
    13
100
AcDbLine
 10
400.0043900116043
 20
269.5852845518109
 30
0.0
 11
405.0043900116043
 21
269.5852845518109
 31
0.0
  0
LINE
  5
627
330
1F
100
AcDbEntity
  8
0
370
    13
100
AcDbLine
 10
405.0043900116043
 20
269.5852845518109
 30
0.0
 11
405.0043900116043
 21
229.5852845518109
 31
0.0
  0
LINE
  5
628
330
1F
100
AcDbEntity
  8
0
370
    13
100
AcDbLine
 10
405.0043900116043
 20
229.5852845518109
 30
0.0
 11
400.0043900116043
 21
229.5852845518109
 31
0.0
  0
LWPOLYLINE
  5
635
330
1F
100
AcDbEntity
  8
0
370
    13
100
AcDbPolyline
 90
        4
 70
     1
 43
0.0
 10
405.0043900116043
 20
269.5852845518109
 10
410.0043900116043
 20
269.5852845518109
 10
410.0043900116043
 20
254.5852845518109
 10
405.0043900116043
 20
254.5852845518109
  0
LWPOLYLINE
  5
637
330
1F
100
AcDbEntity
  8
0
370
    13
100
AcDbPolyline
 90
        4
 70
     1
 43
0.0
 10
405.0043900116043
 20
229.5852845518109
 10
410.0043900116043
 20
229.5852845518109
 10
410.0043900116043
 20
244.5852845518109
 10
405.0043900116043
 20
244.5852845518109
  0
LINE
  5
638
330
1F
100
AcDbEntity
  8
0
370
    13
100
AcDbLine
 10
410.0043900116043
 20
254.5852845518109
 30
0.0
 11
410.0043900116043
 21
244.5852845518109
 31
0.0
  0
LWPOLYLINE
  5
63C
330
1F
100
AcDbEntity
  8
0
370
    13
100
AcDbPolyline
 90
        4
 70
     1
 43
0.0
 10
410.0043900116043
 20
269.5852845518109
 10
415.0043900116043
 20
269.5852845518109
 10
415.0043900116043
 20
229.5852845518109
 10
410.0043900116043
 20
229.5852845518109
  0
ARC
  5
63E
330
1F
100
AcDbEntity
  8
0
370
    13
100
AcDbCircle
 10
407.5043900116043
 20
262.0852845518109
 30
0.0
 40
9.013878188659973
100
AcDbArc
 50
56.30993247402021
 51
123.6900675259798
  0
ARC
  5
648
330
1F
100
AcDbEntity
  8
0
370
    13
100
AcDbCircle
 10
407.5043900116043
 20
237.0852845518109
 30
0.0
 40
9.013878188659973
100
AcDbArc
 50
236.3099324740194
 51
303.6900675259806
  0
LWPOLYLINE
  5
64A
330
1F
100
AcDbEntity
  8
I.Storage
370
    13
100
AcDbPolyline
 90
        2
 70
     0
 43
0.0
 10
435.0043900116043
 20
269.5852845518109
 10
435.0043900116043
 20
229.5852845518109
  0
LINE
  5
64B
330
1F
100
AcDbEntity
  8
I.Storage
370
    13
100
AcDbLine
 10
435.0043900116043
 20
269.5852845518109
 30
0.0
 11
435.0043900116043
 21
309.5852845518109
 31
0.0
  0
LINE
  5
64C
330
1F
100
AcDbEntity
  8
I.Storage
370
    13
100
AcDbLine
 10
435.0043900116043
 20
309.5852845518109
 30
0.0
 11
415.0043900116043
 21
269.5852845518109
 31
0.0
  0
LINE
  5
64D
330
1F
100
AcDbEntity
  8
I.Storage
370
    13
100
AcDbLine
 10
435.0043900116043
 20
229.5852845518109
 30
0.0
 11
435.0043900116043
 21
189.5852845518109
 31
0.0
  0
LINE
  5
64E
330
1F
100
AcDbEntity
  8
I.Storage
370
    13
100
AcDbLine
 10
435.0043900116043
 20
189.5852845518109
 30
0.0
 11
415.0043900116043
 21
229.5852845518109
 31
0.0
  0
LWPOLYLINE
  5
657
330
1F
100
AcDbEntity
  8
0
370
    13
100
AcDbPolyline
 90
        2
 70
     0
 43
0.0
 10
415.0043900116043
 20
229.5852845518109
 10
415.0043900116043
 20
269.5852845518109
  0
LWPOLYLINE
  5
65A
330
1F
100
AcDbEntity
  8
I.Storage
370
    13
100
AcDbPolyline
 90
        4
 70
     1
 43
0.0
 10
435.0043900116043
 20
309.5852845518109
 10
455.0043900116043
 20
309.5852845518109
 10
455.0043900116043
 20
189.5852845518109
 10
435.0043900116043
 20
189.5852845518109
  0
LWPOLYLINE
  5
65D
330
1F
100
AcDbEntity
  8
I.Storage
370
    13
100
AcDbPolyline
 90
        4
 70
     1
 43
0.0
 10
455.0043900116043
 20
309.5852845518109
 10
655.0043900116043
 20
309.5852845518109
 10
655.0043900116043
 20
189.5852845518109
 10
455.0043900116043
 20
189.5852845518109
  0
LWPOLYLINE
  5
65F
330
1F
100
AcDbEntity
  8
I.Storage
370
    13
100
AcDbPolyline
 90
        4
 70
     1
 43
0.0
 10
655.0043900116043
 20
309.5852845518109
 10
675.0043900116043
 20
309.5852845518109
 10
675.0043900116043
 20
189.5852845518109
 10
655.0043900116043
 20
189.5852845518109
  0
CIRCLE
  5
663
330
1F
100
AcDbEntity
  8
F.Hub
370
     9
100
AcDbCircle
 10
300.0043900116043
 20
249.5852845518109
 30
0.0
 40
10.0
  0
LINE
  5
68C
330
1F
100
AcDbEntity
  8
I.Storage
370
     9
100
AcDbLine
 10
506.4900797714347
 20
219.5852845518109
 30
0.0
 11
606.4900797714347
 21
219.5852845518109
 31
0.0
  0
LINE
  5
68E
330
1F
100
AcDbEntity
  8
I.Storage
370
     9
100
AcDbLine
 10
606.4900797714346
 20
199.5852845518109
 30
0.0
 11
506.4900797714347
 21
199.5852845518109
 31
0.0
  0
ARC
  5
690
330
1F
100
AcDbEntity
  8
I.Storage
370
     9
100
AcDbCircle
 10
513.0942836283357
 20
209.5852845518109
 30
0.0
 40
11.98396881602693
100
AcDbArc
 50
123.4415858210284
 51
236.5584141789713
  0
ARC
  5
698
330
1F
100
AcDbEntity
  8
I.Storage
370
     9
100
AcDbCircle
 10
599.8858759145337
 20
209.5852845518109
 30
0.0
 40
11.98396881602693
100
AcDbArc
 50
303.4415858210272
 51
56.55841417897292
  0
LINE
  5
69A
330
1F
100
AcDbEntity
  8
I.Storage
370
     9
100
AcDbLine
 10
506.4900797714347
 20
279.5852845518109
 30
0.0
 11
606.4900797714347
 21
279.5852845518109
 31
0.0
  0
LINE
  5
69B
330
1F
100
AcDbEntity
  8
I.Storage
370
     9
100
AcDbLine
 10
606.4900797714346
 20
299.5852845518109
 30
0.0
 11
506.4900797714347
 21
299.5852845518109
 31
0.0
  0
ARC
  5
69C
330
1F
100
AcDbEntity
  8
I.Storage
370
     9
100
AcDbCircle
 10
513.0942836283357
 20
289.5852845518109
 30
0.0
 40
11.98396881602693
100
AcDbArc
 50
123.4415858210287
 51
236.5584141789715
  0
ARC
  5
69D
330
1F
100
AcDbEntity
  8
I.Storage
370
     9
100
AcDbCircle
 10
599.8858759145337
 20
289.5852845518109
 30
0.0
 40
11.98396881602693
100
AcDbArc
 50
303.4415858210276
 51
56.5584141789724
  0
LINE
  5
69E
330
1F
100
AcDbEntity
  8
0
370
    13
100
AcDbLine
 10
710.0043900116043
 20
229.5852845518109
 30
0.0
 11
710.0043900116043
 21
269.5852845518109
 31
0.0
  0
LINE
  5
69F
330
1F
100
AcDbEntity
  8
0
370
    13
100
AcDbLine
 10
710.0043900116043
 20
269.5852845518109
 30
0.0
 11
705.0043900116043
 21
269.5852845518109
 31
0.0
  0
LINE
  5
6A0
330
1F
100
AcDbEntity
  8
0
370
    13
100
AcDbLine
 10
705.0043900116043
 20
269.5852845518109
 30
0.0
 11
705.0043900116043
 21
229.5852845518109
 31
0.0
  0
LINE
  5
6A1
330
1F
100
AcDbEntity
  8
0
370
    13
100
AcDbLine
 10
705.0043900116043
 20
229.5852845518109
 30
0.0
 11
710.0043900116043
 21
229.5852845518109
 31
0.0
  0
LWPOLYLINE
  5
6A2
330
1F
100
AcDbEntity
  8
0
370
    13
100
AcDbPolyline
 90
        4
 70
     1
 43
0.0
 10
705.0043900116043
 20
269.5852845518109
 10
700.0043900116043
 20
269.5852845518109
 10
700.0043900116043
 20
254.5852845518109
 10
705.0043900116043
 20
254.5852845518109
  0
LWPOLYLINE
  5
6A3
330
1F
100
AcDbEntity
  8
0
370
    13
100
AcDbPolyline
 90
        4
 70
     1
 43
0.0
 10
705.0043900116043
 20
229.5852845518109
 10
700.0043900116043
 20
229.5852845518109
 10
700.0043900116043
 20
244.5852845518109
 10
705.0043900116043
 20
244.5852845518109
  0
LINE
  5
6A4
330
1F
100
AcDbEntity
  8
0
370
    13
100
AcDbLine
 10
700.0043900116043
 20
254.5852845518109
 30
0.0
 11
700.0043900116043
 21
244.5852845518109
 31
0.0
  0
ARC
  5
6A5
330
1F
100
AcDbEntity
  8
0
370
    13
100
AcDbCircle
 10
702.5043900116043
 20
262.0852845518109
 30
0.0
 40
9.013878188659973
100
AcDbArc
 50
56.309932474021
 51
123.690067525979
  0
LWPOLYLINE
  5
6A6
330
1F
100
AcDbEntity
  8
I.Storage
370
    13
100
AcDbPolyline
 90
        4
 70
     1
 43
0.0
 10
700.0043900116043
 20
269.5852845518109
 10
695.0043900116043
 20
269.5852845518109
 10
695.0043900116043
 20
229.5852845518109
 10
700.0043900116043
 20
229.5852845518109
  0
ARC
  5
6A7
330
1F
100
AcDbEntity
  8
0
370
    13
100
AcDbCircle
 10
702.5043900116043
 20
237.0852845518109
 30
0.0
 40
9.013878188659973
100
AcDbArc
 50
236.3099324740207
 51
303.6900675259793
  0
LWPOLYLINE
  5
6A8
330
1F
100
AcDbEntity
  8
I.Storage
370
    13
100
AcDbPolyline
 90
        2
 70
     0
 43
0.0
 10
695.0043900116043
 20
229.5852845518109
 10
695.0043900116043
 20
269.5852845518109
  0
LINE
  5
6A9
330
1F
100
AcDbEntity
  8
I.Storage
370
    13
100
AcDbLine
 10
675.0043900116043
 20
309.5852845518109
 30
0.0
 11
695.0043900116043
 21
269.5852845518109
 31
0.0
  0
LINE
  5
6AA
330
1F
100
AcDbEntity
  8
I.Storage
370
    13
100
AcDbLine
 10
675.0043900116043
 20
189.5852845518109
 30
0.0
 11
695.0043900116043
 21
229.5852845518109
 31
0.0
  0
LINE
  5
6E8
330
1F
100
AcDbEntity
  8
0
370
     9
100
AcDbLine
 10
545.0043900116043
 20
310.5852845518108
 30
0.0
 11
545.0043900116043
 21
329.5852845518109
 31
0.0
  0
LINE
  5
6E9
330
1F
100
AcDbEntity
  8
0
370
     9
100
AcDbLine
 10
545.0043900116043
 20
329.5852845518109
 30
0.0
 11
564.0043900116043
 21
329.5852845518109
 31
0.0
  0
LINE
  5
6EA
330
1F
100
AcDbEntity
  8
0
370
     9
100
AcDbLine
 10
565.0043900116043
 20
328.5852845518108
 30
0.0
 11
565.0043900116043
 21
309.5852845518109
 31
0.0
  0
LINE
  5
6F7
330
1F
100
AcDbEntity
  8
0
370
     9
100
AcDbLine
 10
545.0043900116043
 20
310.5852845518109
 30
0.0
 11
564.0043900116043
 21
329.5852845518109
 31
0.0
  0
LINE
  5
6F9
330
1F
100
AcDbEntity
  8
0
370
     9
100
AcDbLine
 10
546.0043900116043
 20
309.5852845518109
 30
0.0
 11
565.0043900116043
 21
328.5852845518109
 31
0.0
  0
LINE
  5
701
330
1F
100
AcDbEntity
  8
0
370
     9
100
AcDbLine
 10
543.6043900116043
 20
309.5852845518109
 30
0.0
 11
543.6043900116044
 21
329.5852845518109
 31
0.0
  0
LINE
  5
702
330
1F
100
AcDbEntity
  8
0
370
     9
100
AcDbLine
 10
543.6043900116044
 20
329.5852845518109
 30
0.0
 11
543.6043900116044
 21
330.9852845518109
 31
0.0
  0
LINE
  5
705
330
1F
100
AcDbEntity
  8
0
370
     9
100
AcDbLine
 10
566.4043900116043
 20
330.9852845518109
 30
0.0
 11
566.4043900116043
 21
309.5852845518109
 31
0.0
  0
LINE
  5
71B
330
1F
100
AcDbEntity
  8
0
370
     9
100
AcDbLine
 10
545.0043900116043
 20
349.985284551811
 30
0.0
 11
545.0043900116043
 21
330.9852845518109
 31
0.0
  0
LINE
  5
71D
330
1F
100
AcDbEntity
  8
0
370
     9
100
AcDbLine
 10
565.0043900116043
 20
331.985284551811
 30
0.0
 11
565.0043900116043
 21
350.9852845518109
 31
0.0
  0
LINE
  5
71E
330
1F
100
AcDbEntity
  8
0
370
     9
100
AcDbLine
 10
545.0043900116043
 20
349.9852845518109
 30
0.0
 11
564.0043900116043
 21
330.9852845518109
 31
0.0
  0
LINE
  5
71F
330
1F
100
AcDbEntity
  8
0
370
     9
100
AcDbLine
 10
546.0043900116043
 20
350.9852845518109
 30
0.0
 11
565.0043900116043
 21
331.9852845518109
 31
0.0
  0
LINE
  5
720
330
1F
100
AcDbEntity
  8
0
370
     9
100
AcDbLine
 10
543.6043900116043
 20
350.9852845518109
 30
0.0
 11
543.6043900116044
 21
330.9852845518109
 31
0.0
  0
LINE
  5
721
330
1F
100
AcDbEntity
  8
0
370
     9
100
AcDbLine
 10
545.0043900116043
 20
330.9852845518109
 30
0.0
 11
564.0043900116043
 21
330.9852845518109
 31
0.0
  0
LINE
  5
722
330
1F
100
AcDbEntity
  8
0
370
     9
100
AcDbLine
 10
566.4043900116043
 20
330.9852845518109
 30
0.0
 11
566.4043900116043
 21
350.9852845518109
 31
0.0
  0
LINE
  5
723
330
1F
100
AcDbEntity
  8
0
370
     9
100
AcDbLine
 10
566.4043900116043
 20
350.9852845518109
 30
0.0
 11
566.4043900116043
 21
352.3852845518109
 31
0.0
  0
LINE
  5
724
330
1F
100
AcDbEntity
  8
0
370
     9
100
AcDbLine
 10
565.0043900116043
 20
352.3852845518109
 30
0.0
 11
546.0043900116043
 21
352.3852845518109
 31
0.0
  0
LINE
  5
725
330
1F
100
AcDbEntity
  8
0
370
     9
100
AcDbLine
 10
543.6043900116042
 20
352.3852845518109
 30
0.0
 11
543.6043900116043
 21
350.9852845518109
 31
0.0
  0
LINE
  5
727
330
1F
100
AcDbEntity
  8
0
370
     9
100
AcDbLine
 10
546.0043900116043
 20
350.9852845518109
 30
0.0
 11
565.0043900116043
 21
350.9852845518109
 31
0.0
  0
LINE
  5
738
330
1F
100
AcDbEntity
  8
0
370
     9
100
AcDbLine
 10
545.0043900116043
 20
353.3852845518107
 30
0.0
 11
545.0043900116043
 21
372.3852845518109
 31
0.0
  0
LINE
  5
739
330
1F
100
AcDbEntity
  8
0
370
     9
100
AcDbLine
 10
545.0043900116043
 20
372.3852845518109
 30
0.0
 11
564.0043900116043
 21
372.3852845518109
 31
0.0
  0
LINE
  5
73A
330
1F
100
AcDbEntity
  8
0
370
     9
100
AcDbLine
 10
565.0043900116043
 20
371.3852845518107
 30
0.0
 11
565.0043900116043
 21
352.3852845518109
 31
0.0
  0
LINE
  5
73B
330
1F
100
AcDbEntity
  8
0
370
     9
100
AcDbLine
 10
545.0043900116043
 20
353.3852845518109
 30
0.0
 11
564.0043900116043
 21
372.3852845518109
 31
0.0
  0
LINE
  5
73C
330
1F
100
AcDbEntity
  8
0
370
     9
100
AcDbLine
 10
546.0043900116043
 20
352.3852845518109
 30
0.0
 11
565.0043900116043
 21
371.3852845518109
 31
0.0
  0
LINE
  5
73E
330
1F
100
AcDbEntity
  8
0
370
     9
100
AcDbLine
 10
543.6043900116042
 20
352.3852845518109
 30
0.0
 11
543.6043900116042
 21
372.3852845518109
 31
0.0
  0
LINE
  5
73F
330
1F
100
AcDbEntity
  8
0
370
     9
100
AcDbLine
 10
543.6043900116042
 20
372.3852845518109
 30
0.0
 11
543.6043900116042
 21
373.7852845518109
 31
0.0
  0
LINE
  5
740
330
1F
100
AcDbEntity
  8
0
370
     9
100
AcDbLine
 10
543.6043900116042
 20
373.7852845518109
 30
0.0
 11
553.6043900116042
 21
373.7852845518108
 31
0.0
  0
LINE
  5
741
330
1F
100
AcDbEntity
  8
0
370
     9
100
AcDbLine
 10
565.0043900116044
 20
373.7852845518108
 30
0.0
 11
566.4043900116044
 21
373.7852845518108
 31
0.0
  0
LINE
  5
742
330
1F
100
AcDbEntity
  8
0
370
     9
100
AcDbLine
 10
566.4043900116044
 20
373.7852845518108
 30
0.0
 11
566.4043900116043
 21
352.3852845518109
 31
0.0
  0
LINE
  5
75F
330
1F
100
AcDbEntity
  8
0
370
    13
100
AcDbLine
 10
200.0043900116043
 20
249.5852845518109
 30
0.0
 11
200.0043900116043
 21
269.5852845518109
 31
0.0
  0
LINE
  5
760
330
1F
100
AcDbEntity
  8
0
370
    13
100
AcDbLine
 10
200.0043900116043
 20
269.5852845518109
 30
0.0
 11
202.0248003002771
 21
269.5852845518109
 31
0.0
  0
LINE
  5
761
330
1F
100
AcDbEntity
  8
0
370
    13
100
AcDbLine
 10
202.0248003002772
 20
229.5852845518109
 30
0.0
 11
200.0043900116043
 21
229.5852845518109
 31
0.0
  0
LINE
  5
762
330
1F
100
AcDbEntity
  8
0
370
    13
100
AcDbLine
 10
200.0043900116043
 20
229.5852845518109
 30
0.0
 11
200.0043900116043
 21
269.5852845518109
 31
0.0
  0
LINE
  5
763
330
1F
100
AcDbEntity
  8
0
370
    13
100
AcDbLine
 10
200.0043900116043
 20
269.5852845518109
 30
0.0
 11
195.0043900116043
 21
269.5852845518109
 31
0.0
  0
LINE
  5
764
330
1F
100
AcDbEntity
  8
0
370
    13
100
AcDbLine
 10
195.0043900116043
 20
269.5852845518109
 30
0.0
 11
195.0043900116043
 21
229.5852845518109
 31
0.0
  0
LINE
  5
765
330
1F
100
AcDbEntity
  8
0
370
    13
100
AcDbLine
 10
195.0043900116043
 20
229.5852845518109
 30
0.0
 11
200.0043900116043
 21
229.5852845518109
 31
0.0
  0
LWPOLYLINE
  5
766
330
1F
100
AcDbEntity
  8
0
370
    13
100
AcDbPolyline
 90
        4
 70
     1
 43
0.0
 10
195.0043900116043
 20
269.5852845518109
 10
190.0043900116043
 20
269.5852845518109
 10
190.0043900116043
 20
254.5852845518109
 10
195.0043900116043
 20
254.5852845518109
  0
LWPOLYLINE
  5
767
330
1F
100
AcDbEntity
  8
0
370
    13
100
AcDbPolyline
 90
        4
 70
     1
 43
0.0
 10
195.0043900116043
 20
229.5852845518109
 10
190.0043900116043
 20
229.5852845518109
 10
190.0043900116043
 20
244.5852845518109
 10
195.0043900116043
 20
244.5852845518109
  0
LINE
  5
768
330
1F
100
AcDbEntity
  8
0
370
    13
100
AcDbLine
 10
190.0043900116043
 20
254.5852845518109
 30
0.0
 11
190.0043900116043
 21
244.5852845518109
 31
0.0
  0
ARC
  5
769
330
1F
100
AcDbEntity
  8
0
370
    13
100
AcDbCircle
 10
192.5043900116043
 20
262.0852845518109
 30
0.0
 40
9.013878188659973
100
AcDbArc
 50
56.309932474021
 51
123.690067525979
  0
LWPOLYLINE
  5
76A
330
1F
100
AcDbEntity
  8
0
370
    13
100
AcDbPolyline
 90
        4
 70
     1
 43
0.0
 10
190.0043900116043
 20
269.5852845518109
 10
185.0043900116043
 20
269.5852845518109
 10
185.0043900116043
 20
229.5852845518109
 10
190.0043900116043
 20
229.5852845518109
  0
ARC
  5
76B
330
1F
100
AcDbEntity
  8
0
370
    13
100
AcDbCircle
 10
192.5043900116043
 20
237.0852845518109
 30
0.0
 40
9.013878188659973
100
AcDbArc
 50
236.3099324740207
 51
303.6900675259793
  0
LWPOLYLINE
  5
76C
330
1F
100
AcDbEntity
  8
0
370
    13
100
AcDbPolyline
 90
        2
 70
     0
 43
0.0
 10
185.0043900116043
 20
229.5852845518109
 10
185.0043900116043
 20
269.5852845518109
  0
LINE
  5
76D
330
1F
100
AcDbEntity
  8
0
370
    13
100
AcDbLine
 10
300.0043900116041
 20
149.5852845518109
 30
0.0
 11
280.0043900116041
 21
149.585284551811
 31
0.0
  0
LINE
  5
76E
330
1F
100
AcDbEntity
  8
0
370
    13
100
AcDbLine
 10
280.0043900116041
 20
149.585284551811
 30
0.0
 11
280.0043900116041
 21
151.6056948404838
 31
0.0
  0
LINE
  5
76F
330
1F
100
AcDbEntity
  8
0
370
    13
100
AcDbLine
 10
320.0043900116041
 20
151.6056948404838
 30
0.0
 11
320.0043900116041
 21
149.5852845518109
 31
0.0
  0
LINE
  5
770
330
1F
100
AcDbEntity
  8
0
370
    13
100
AcDbLine
 10
320.0043900116041
 20
149.5852845518109
 30
0.0
 11
280.0043900116041
 21
149.585284551811
 31
0.0
  0
LINE
  5
771
330
1F
100
AcDbEntity
  8
0
370
    13
100
AcDbLine
 10
280.0043900116041
 20
149.585284551811
 30
0.0
 11
280.0043900116041
 21
144.585284551811
 31
0.0
  0
LINE
  5
772
330
1F
100
AcDbEntity
  8
0
370
    13
100
AcDbLine
 10
280.0043900116041
 20
144.585284551811
 30
0.0
 11
320.0043900116041
 21
144.5852845518109
 31
0.0
  0
LINE
  5
773
330
1F
100
AcDbEntity
  8
0
370
    13
100
AcDbLine
 10
320.0043900116041
 20
144.5852845518109
 30
0.0
 11
320.0043900116041
 21
149.5852845518109
 31
0.0
  0
LWPOLYLINE
  5
774
330
1F
100
AcDbEntity
  8
0
370
    13
100
AcDbPolyline
 90
        4
 70
     1
 43
0.0
 10
280.0043900116041
 20
144.585284551811
 10
280.0043900116041
 20
139.585284551811
 10
295.0043900116041
 20
139.5852845518109
 10
295.0043900116041
 20
144.5852845518109
  0
LWPOLYLINE
  5
775
330
1F
100
AcDbEntity
  8
0
370
    13
100
AcDbPolyline
 90
        4
 70
     1
 43
0.0
 10
320.0043900116041
 20
144.5852845518109
 10
320.0043900116041
 20
139.5852845518109
 10
305.0043900116041
 20
139.5852845518109
 10
305.0043900116041
 20
144.5852845518109
  0
LINE
  5
776
330
1F
100
AcDbEntity
  8
0
370
    13
100
AcDbLine
 10
295.0043900116041
 20
139.5852845518109
 30
0.0
 11
305.0043900116041
 21
139.5852845518109
 31
0.0
  0
ARC
  5
777
330
1F
100
AcDbEntity
  8
0
370
    13
100
AcDbCircle
 10
287.5043900116041
 20
142.085284551811
 30
0.0
 40
9.013878188659973
100
AcDbArc
 50
146.3099324740202
 51
213.6900675259798
  0
LWPOLYLINE
  5
778
330
1F
100
AcDbEntity
  8
0
370
    13
100
AcDbPolyline
 90
        4
 70
     1
 43
0.0
 10
280.0043900116041
 20
139.585284551811
 10
280.004390011604
 20
134.585284551811
 10
320.0043900116041
 20
134.5852845518109
 10
320.0043900116041
 20
139.5852845518109
  0
ARC
  5
779
330
1F
100
AcDbEntity
  8
0
370
    13
100
AcDbCircle
 10
312.5043900116041
 20
142.0852845518109
 30
0.0
 40
9.013878188659973
100
AcDbArc
 50
326.3099324740202
 51
33.69006752597979
  0
LWPOLYLINE
  5
77A
330
1F
100
AcDbEntity
  8
0
370
    13
100
AcDbPolyline
 90
        2
 70
     0
 43
0.0
 10
320.0043900116041
 20
134.5852845518109
 10
280.004390011604
 20
134.585284551811
  0
LINE
  5
77C
330
1F
100
AcDbEntity
  8
0
370
    13
100
AcDbLine
 10
300.0043900116041
 20
349.5852845518109
 30
0.0
 11
280.0043900116041
 21
349.5852845518108
 31
0.0
  0
LINE
  5
77D
330
1F
100
AcDbEntity
  8
0
370
    13
100
AcDbLine
 10
280.0043900116041
 20
349.5852845518108
 30
0.0
 11
280.0043900116041
 21
347.564874263138
 31
0.0
  0
LINE
  5
77E
330
1F
100
AcDbEntity
  8
0
370
    13
100
AcDbLine
 10
320.0043900116041
 20
347.564874263138
 30
0.0
 11
320.0043900116041
 21
349.5852845518109
 31
0.0
  0
LINE
  5
77F
330
1F
100
AcDbEntity
  8
0
370
    13
100
AcDbLine
 10
320.0043900116041
 20
349.5852845518109
 30
0.0
 11
280.0043900116041
 21
349.5852845518108
 31
0.0
  0
LINE
  5
780
330
1F
100
AcDbEntity
  8
0
370
    13
100
AcDbLine
 10
280.0043900116041
 20
349.5852845518108
 30
0.0
 11
280.0043900116041
 21
354.5852845518108
 31
0.0
  0
LINE
  5
781
330
1F
100
AcDbEntity
  8
0
370
    13
100
AcDbLine
 10
280.0043900116041
 20
354.5852845518108
 30
0.0
 11
320.0043900116041
 21
354.5852845518109
 31
0.0
  0
LINE
  5
782
330
1F
100
AcDbEntity
  8
0
370
    13
100
AcDbLine
 10
320.0043900116041
 20
354.5852845518109
 30
0.0
 11
320.0043900116041
 21
349.5852845518109
 31
0.0
  0
LWPOLYLINE
  5
783
330
1F
100
AcDbEntity
  8
0
370
    13
100
AcDbPolyline
 90
        4
 70
     1
 43
0.0
 10
280.0043900116041
 20
354.5852845518108
 10
280.0043900116041
 20
359.5852845518108
 10
295.0043900116041
 20
359.5852845518109
 10
295.0043900116041
 20
354.5852845518109
  0
LWPOLYLINE
  5
784
330
1F
100
AcDbEntity
  8
0
370
    13
100
AcDbPolyline
 90
        4
 70
     1
 43
0.0
 10
320.0043900116041
 20
354.5852845518109
 10
320.0043900116041
 20
359.5852845518109
 10
305.0043900116041
 20
359.5852845518109
 10
305.0043900116041
 20
354.5852845518109
  0
LINE
  5
785
330
1F
100
AcDbEntity
  8
0
370
    13
100
AcDbLine
 10
295.0043900116041
 20
359.5852845518109
 30
0.0
 11
305.0043900116041
 21
359.5852845518109
 31
0.0
  0
ARC
  5
786
330
1F
100
AcDbEntity
  8
0
370
    13
100
AcDbCircle
 10
287.5043900116041
 20
357.0852845518108
 30
0.0
 40
9.013878188659973
100
AcDbArc
 50
146.309932474021
 51
213.690067525979
  0
LWPOLYLINE
  5
787
330
1F
100
AcDbEntity
  8
0
370
    13
100
AcDbPolyline
 90
        4
 70
     1
 43
0.0
 10
280.0043900116041
 20
359.5852845518108
 10
280.004390011604
 20
364.5852845518108
 10
320.0043900116041
 20
364.5852845518109
 10
320.0043900116041
 20
359.5852845518109
  0
ARC
  5
788
330
1F
100
AcDbEntity
  8
0
370
    13
100
AcDbCircle
 10
312.5043900116041
 20
357.0852845518109
 30
0.0
 40
9.013878188659973
100
AcDbArc
 50
326.309932474021
 51
33.690067525979
  0
LWPOLYLINE
  5
789
330
1F
100
AcDbEntity
  8
0
370
    13
100
AcDbPolyline
 90
        2
 70
     0
 43
0.0
 10
320.0043900116041
 20
364.5852845518109
 10
280.004390011604
 20
364.5852845518108
  0
LINE
  5
794
330
1F
100
AcDbEntity
  8
0
370
     9
100
AcDbLine
 10
553.6043900116042
 20
373.7852845518109
 30
0.0
 11
553.6043900116042
 21
378.7852845518109
 31
0.0
  0
LINE
  5
795
330
1F
100
AcDbEntity
  8
0
100
AcDbLine
 10
553.6043900116042
 20
378.7852845518109
 30
0.0
 11
556.4043900116042
 21
378.7852845518109
 31
0.0
  0
LINE
  5
796
330
1F
100
AcDbEntity
  8
0
370
     9
100
AcDbLine
 10
556.4043900116042
 20
378.7852845518109
 30
0.0
 11
556.4043900116042
 21
373.7852845518108
 31
0.0
  0
LINE
  5
798
330
1F
100
AcDbEntity
  8
0
370
     9
100
AcDbLine
 10
556.4043900116042
 20
373.7852845518109
 30
0.0
 11
565.0043900116044
 21
373.7852845518108
 31
0.0
  0
LINE
  5
799
330
1F
100
AcDbEntity
  8
M.Radiators
370
    13
100
AcDbLine
 10
553.6043900116042
 20
378.7852845518109
 30
0.0
 11
403.6043900116042
 21
378.7852845518109
 31
0.0
  0
LINE
  5
79A
330
1F
100
AcDbEntity
  8
M.Radiators
370
    13
100
AcDbLine
 10
403.6043900116042
 20
378.7852845518109
 30
0.0
 11
403.6043900116042
 21
528.785284551811
 31
0.0
  0
LINE
  5
79B
330
1F
100
AcDbEntity
  8
M.Radiators
370
    13
100
AcDbLine
 10
403.6043900116042
 20
528.785284551811
 30
0.0
 11
706.4043900116042
 21
528.785284551811
 31
0.0
  0
LINE
  5
79C
330
1F
100
AcDbEntity
  8
M.Radiators
370
    13
100
AcDbLine
 10
706.4043900116042
 20
528.785284551811
 30
0.0
 11
706.4043900116042
 21
378.7852845518109
 31
0.0
  0
LINE
  5
79D
330
1F
100
AcDbEntity
  8
M.Radiators
370
    13
100
AcDbLine
 10
706.4043900116042
 20
378.7852845518109
 30
0.0
 11
556.4043900116042
 21
378.7852845518109
 31
0.0
  0
LWPOLYLINE
  5
7A5
330
1F
100
AcDbEntity
  8
M.Radiators
370
     9
100
AcDbPolyline
 90
        4
 70
     1
 43
0.0
 10
408.6043900116042
 20
383.7852845518109
 10
701.4043900116042
 20
383.7852845518109
 10
701.4043900116042
 20
523.785284551811
 10
408.6043900116042
 20
523.785284551811
  0
LINE
  5
7D1
330
1F
100
AcDbEntity
  8
0
370
     9
100
AcDbLine
 10
545.0043900116043
 20
188.585284551811
 30
0.0
 11
545.0043900116043
 21
169.5852845518109
 31
0.0
  0
LINE
  5
7D2
330
1F
100
AcDbEntity
  8
0
370
     9
100
AcDbLine
 10
545.0043900116043
 20
169.5852845518109
 30
0.0
 11
564.0043900116043
 21
169.5852845518109
 31
0.0
  0
LINE
  5
7D3
330
1F
100
AcDbEntity
  8
0
370
     9
100
AcDbLine
 10
565.0043900116043
 20
170.585284551811
 30
0.0
 11
565.0043900116043
 21
189.5852845518109
 31
0.0
  0
LINE
  5
7D4
330
1F
100
AcDbEntity
  8
0
370
     9
100
AcDbLine
 10
545.0043900116043
 20
188.5852845518109
 30
0.0
 11
564.0043900116043
 21
169.5852845518109
 31
0.0
  0
LINE
  5
7D5
330
1F
100
AcDbEntity
  8
0
370
     9
100
AcDbLine
 10
546.0043900116043
 20
189.5852845518109
 30
0.0
 11
565.0043900116043
 21
170.5852845518109
 31
0.0
  0
LINE
  5
7D6
330
1F
100
AcDbEntity
  8
0
370
     9
100
AcDbLine
 10
543.6043900116043
 20
189.5852845518109
 30
0.0
 11
543.6043900116044
 21
169.5852845518109
 31
0.0
  0
LINE
  5
7D7
330
1F
100
AcDbEntity
  8
0
370
     9
100
AcDbLine
 10
543.6043900116044
 20
169.5852845518109
 30
0.0
 11
543.6043900116044
 21
168.1852845518109
 31
0.0
  0
LINE
  5
7D8
330
1F
100
AcDbEntity
  8
0
370
     9
100
AcDbLine
 10
566.4043900116043
 20
168.1852845518109
 30
0.0
 11
566.4043900116043
 21
189.5852845518109
 31
0.0
  0
LINE
  5
7D9
330
1F
100
AcDbEntity
  8
0
370
     9
100
AcDbLine
 10
545.0043900116043
 20
149.1852845518108
 30
0.0
 11
545.0043900116043
 21
168.1852845518109
 31
0.0
  0
LINE
  5
7DA
330
1F
100
AcDbEntity
  8
0
370
     9
100
AcDbLine
 10
565.0043900116043
 20
167.1852845518108
 30
0.0
 11
565.0043900116043
 21
148.1852845518109
 31
0.0
  0
LINE
  5
7DB
330
1F
100
AcDbEntity
  8
0
370
     9
100
AcDbLine
 10
545.0043900116043
 20
149.1852845518109
 30
0.0
 11
564.0043900116043
 21
168.1852845518109
 31
0.0
  0
LINE
  5
7DC
330
1F
100
AcDbEntity
  8
0
370
     9
100
AcDbLine
 10
546.0043900116043
 20
148.1852845518109
 30
0.0
 11
565.0043900116043
 21
167.1852845518109
 31
0.0
  0
LINE
  5
7DD
330
1F
100
AcDbEntity
  8
0
370
     9
100
AcDbLine
 10
543.6043900116043
 20
148.1852845518109
 30
0.0
 11
543.6043900116044
 21
168.1852845518109
 31
0.0
  0
LINE
  5
7DE
330
1F
100
AcDbEntity
  8
0
370
     9
100
AcDbLine
 10
545.0043900116043
 20
168.1852845518109
 30
0.0
 11
564.0043900116043
 21
168.1852845518109
 31
0.0
  0
LINE
  5
7DF
330
1F
100
AcDbEntity
  8
0
370
     9
100
AcDbLine
 10
566.4043900116043
 20
168.1852845518109
 30
0.0
 11
566.4043900116043
 21
148.1852845518109
 31
0.0
  0
LINE
  5
7E0
330
1F
100
AcDbEntity
  8
0
370
     9
100
AcDbLine
 10
566.4043900116043
 20
148.1852845518109
 30
0.0
 11
566.4043900116043
 21
146.7852845518109
 31
0.0
  0
LINE
  5
7E1
330
1F
100
AcDbEntity
  8
0
370
     9
100
AcDbLine
 10
565.0043900116043
 20
146.7852845518109
 30
0.0
 11
546.0043900116043
 21
146.7852845518109
 31
0.0
  0
LINE
  5
7E2
330
1F
100
AcDbEntity
  8
0
370
     9
100
AcDbLine
 10
543.6043900116042
 20
146.7852845518109
 30
0.0
 11
543.6043900116043
 21
148.1852845518109
 31
0.0
  0
LINE
  5
7E3
330
1F
100
AcDbEntity
  8
0
370
     9
100
AcDbLine
 10
546.0043900116043
 20
148.1852845518109
 30
0.0
 11
565.0043900116043
 21
148.1852845518109
 31
0.0
  0
LINE
  5
7E4
330
1F
100
AcDbEntity
  8
0
370
     9
100
AcDbLine
 10
545.0043900116043
 20
145.7852845518111
 30
0.0
 11
545.0043900116043
 21
126.7852845518109
 31
0.0
  0
LINE
  5
7E5
330
1F
100
AcDbEntity
  8
0
370
     9
100
AcDbLine
 10
545.0043900116043
 20
126.7852845518109
 30
0.0
 11
564.0043900116043
 21
126.7852845518109
 31
0.0
  0
LINE
  5
7E6
330
1F
100
AcDbEntity
  8
0
370
     9
100
AcDbLine
 10
565.0043900116043
 20
127.7852845518111
 30
0.0
 11
565.0043900116043
 21
146.7852845518109
 31
0.0
  0
LINE
  5
7E7
330
1F
100
AcDbEntity
  8
0
370
     9
100
AcDbLine
 10
545.0043900116043
 20
145.7852845518109
 30
0.0
 11
564.0043900116043
 21
126.7852845518109
 31
0.0
  0
LINE
  5
7E8
330
1F
100
AcDbEntity
  8
0
370
     9
100
AcDbLine
 10
546.0043900116043
 20
146.7852845518109
 30
0.0
 11
565.0043900116043
 21
127.7852845518109
 31
0.0
  0
LINE
  5
7E9
330
1F
100
AcDbEntity
  8
0
370
     9
100
AcDbLine
 10
543.6043900116042
 20
146.7852845518109
 30
0.0
 11
543.6043900116042
 21
126.7852845518109
 31
0.0
  0
LINE
  5
7EA
330
1F
100
AcDbEntity
  8
0
370
     9
100
AcDbLine
 10
543.6043900116042
 20
126.7852845518109
 30
0.0
 11
543.6043900116042
 21
125.3852845518109
 31
0.0
  0
LINE
  5
7EB
330
1F
100
AcDbEntity
  8
0
370
     9
100
AcDbLine
 10
543.6043900116042
 20
125.3852845518109
 30
0.0
 11
553.6043900116042
 21
125.385284551811
 31
0.0
  0
LINE
  5
7EC
330
1F
100
AcDbEntity
  8
0
370
     9
100
AcDbLine
 10
556.4043900116042
 20
125.3852845518109
 30
0.0
 11
565.0043900116044
 21
125.385284551811
 31
0.0
  0
LINE
  5
7ED
330
1F
100
AcDbEntity
  8
0
370
     9
100
AcDbLine
 10
565.0043900116044
 20
125.385284551811
 30
0.0
 11
566.4043900116044
 21
125.385284551811
 31
0.0
  0
LINE
  5
7EE
330
1F
100
AcDbEntity
  8
0
370
     9
100
AcDbLine
 10
566.4043900116044
 20
125.385284551811
 30
0.0
 11
566.4043900116043
 21
146.7852845518109
 31
0.0
  0
LINE
  5
7EF
330
1F
100
AcDbEntity
  8
M.Radiators
370
     9
100
AcDbLine
 10
553.6043900116042
 20
125.3852845518109
 30
0.0
 11
553.6043900116042
 21
120.3852845518109
 31
0.0
  0
LINE
  5
7F0
330
1F
100
AcDbEntity
  8
M.Radiators
100
AcDbLine
 10
553.6043900116042
 20
120.3852845518109
 30
0.0
 11
556.4043900116042
 21
120.3852845518109
 31
0.0
  0
LINE
  5
7F1
330
1F
100
AcDbEntity
  8
M.Radiators
370
     9
100
AcDbLine
 10
556.4043900116042
 20
120.3852845518109
 30
0.0
 11
556.4043900116042
 21
125.385284551811
 31
0.0
  0
LINE
  5
7F2
330
1F
100
AcDbEntity
  8
M.Radiators
370
    13
100
AcDbLine
 10
553.6043900116042
 20
120.3852845518109
 30
0.0
 11
403.6043900116042
 21
120.3852845518109
 31
0.0
  0
LINE
  5
7F3
330
1F
100
AcDbEntity
  8
M.Radiators
370
    13
100
AcDbLine
 10
403.6043900116042
 20
120.3852845518109
 30
0.0
 11
403.6043900116042
 21
-29.61471544818914
 31
0.0
  0
LINE
  5
7F4
330
1F
100
AcDbEntity
  8
M.Radiators
370
    13
100
AcDbLine
 10
403.6043900116042
 20
-29.61471544818914
 30
0.0
 11
706.4043900116042
 21
-29.61471544818914
 31
0.0
  0
LINE
  5
7F5
330
1F
100
AcDbEntity
  8
M.Radiators
370
    13
100
AcDbLine
 10
706.4043900116042
 20
-29.61471544818914
 30
0.0
 11
706.4043900116042
 21
120.3852845518109
 31
0.0
  0
LINE
  5
7F6
330
1F
100
AcDbEntity
  8
M.Radiators
370
    13
100
AcDbLine
 10
706.4043900116042
 20
120.3852845518109
 30
0.0
 11
556.4043900116042
 21
120.3852845518109
 31
0.0
  0
LWPOLYLINE
  5
7F8
330
1F
100
AcDbEntity
  8
M.Radiators
370
     9
100
AcDbPolyline
 90
        4
 70
     1
 43
0.0
 10
408.6043900116042
 20
115.3852845518109
 10
701.4043900116042
 20
115.3852845518109
 10
701.4043900116042
 20
-24.61471544818914
 10
408.6043900116042
 20
-24.61471544818914
  0
LINE
  5
823
330
1F
100
AcDbEntity
  8
G.Crew Quarter
370
    13
100
AcDbLine
 10
280.004390011604
 20
364.5852845518108
 30
0.0
 11
240.0043900116041
 21
384.5852845518109
 31
0.0
  0
LINE
  5
824
330
1F
100
AcDbEntity
  8
G.Crew Quarter
370
    13
100
AcDbLine
 10
320.0043900116041
 20
364.5852845518109
 30
0.0
 11
360.0043900116041
 21
384.5852845518109
 31
0.0
  0
LINE
  5
826
330
1F
100
AcDbEntity
  8
G.Crew Quarter
370
    13
100
AcDbLine
 10
360.0043900116041
 20
384.5852845518109
 30
0.0
 11
240.0043900116041
 21
384.5852845518109
 31
0.0
  0
LINE
  5
827
330
1F
100
AcDbEntity
  8
G.Crew Quarter
370
    13
100
AcDbLine
 10
240.0043900116041
 20
384.5852845518109
 30
0.0
 11
240.0043900116041
 21
564.5852845518109
 31
0.0
  0
LINE
  5
829
330
1F
100
AcDbEntity
  8
G.Crew Quarter
370
    13
100
AcDbLine
 10
360.0043900116041
 20
564.5852845518109
 30
0.0
 11
360.004390011604
 21
384.5852845518109
 31
0.0
  0
LINE
  5
82D
330
1F
100
AcDbEntity
  8
G.Crew Quarter
370
    13
100
AcDbLine
 10
260.0043900116041
 20
584.5852845518109
 30
0.0
 11
340.0043900116041
 21
584.5852845518109
 31
0.0
  0
ARC
  5
82F
330
1F
100
AcDbEntity
  8
G.Crew Quarter
370
    13
100
AcDbCircle
 10
260.0043900116041
 20
564.5852845518109
 30
0.0
 40
20.0
100
AcDbArc
 50
90.0
 51
180.0
  0
ARC
  5
830
330
1F
100
AcDbEntity
  8
G.Crew Quarter
370
    13
100
AcDbCircle
 10
340.0043900116041
 20
564.5852845518109
 30
0.0
 40
20.0
100
AcDbArc
 50
0.0
 51
90.0
  0
LINE
  5
844
330
1F
100
AcDbEntity
  8
G.Crew Quarter
370
    13
100
AcDbLine
 10
240.0043900116041
 20
384.5852845518109
 30
0.0
 11
240.0043900116041
 21
424.5852845518109
 31
0.0
  0
LINE
  5
845
330
1F
100
AcDbEntity
  8
G.Crew Quarter
370
     9
100
AcDbLine
 10
240.0043900116041
 20
424.5852845518109
 30
0.0
 11
260.0043900116041
 21
424.5852845518109
 31
0.0
  0
LINE
  5
846
330
1F
100
AcDbEntity
  8
G.Crew Quarter
370
     9
100
AcDbLine
 10
260.0043900116041
 20
424.5852845518109
 30
0.0
 11
260.0043900116041
 21
484.5852845518109
 31
0.0
  0
LINE
  5
847
330
1F
100
AcDbEntity
  8
G.Crew Quarter
370
     9
100
AcDbLine
 10
260.0043900116041
 20
484.5852845518109
 30
0.0
 11
240.0043900116041
 21
484.5852845518109
 31
0.0
  0
LINE
  5
848
330
1F
100
AcDbEntity
  8
G.Crew Quarter
370
     9
100
AcDbLine
 10
360.0043900116041
 20
424.5852845518111
 30
0.0
 11
340.0043900116041
 21
424.585284551811
 31
0.0
  0
LINE
  5
849
330
1F
100
AcDbEntity
  8
G.Crew Quarter
370
     9
100
AcDbLine
 10
340.0043900116041
 20
424.585284551811
 30
0.0
 11
340.0043900116039
 21
484.585284551811
 31
0.0
  0
LINE
  5
84A
330
1F
100
AcDbEntity
  8
G.Crew Quarter
370
     9
100
AcDbLine
 10
340.0043900116039
 20
484.585284551811
 30
0.0
 11
360.004390011604
 21
484.5852845518111
 31
0.0
  0
LINE
  5
854
330
1F
100
AcDbEntity
  8
G.Crew Quarter
370
     9
100
AcDbLine
 10
275.0043900116041
 20
484.5852845518109
 30
0.0
 11
275.0043900116041
 21
424.5852845518108
 31
0.0
  0
LINE
  5
855
330
1F
100
AcDbEntity
  8
G.Crew Quarter
370
     9
100
AcDbLine
 10
275.0043900116041
 20
424.5852845518108
 30
0.0
 11
325.0043900116041
 21
424.5852845518108
 31
0.0
  0
LINE
  5
856
330
1F
100
AcDbEntity
  8
G.Crew Quarter
370
     9
100
AcDbLine
 10
325.0043900116041
 20
424.5852845518108
 30
0.0
 11
325.0043900116041
 21
484.585284551811
 31
0.0
  0
LINE
  5
857
330
1F
100
AcDbEntity
  8
G.Crew Quarter
370
     9
100
AcDbLine
 10
325.0043900116041
 20
484.585284551811
 30
0.0
 11
275.0043900116041
 21
484.5852845518109
 31
0.0
  0
LINE
  5
873
330
1F
100
AcDbEntity
  8
G.Crew Quarter
370
     5
100
AcDbLine
 10
250.0043900116041
 20
514.5852845518109
 30
0.0
 11
350.0043900116039
 21
514.5852845518109
 31
0.0
  0
LINE
  5
875
330
1F
100
AcDbEntity
  8
G.Crew Quarter
370
     5
100
AcDbLine
 10
250.0043900116041
 20
534.5852845518109
 30
0.0
 11
350.0043900116039
 21
534.5852845518109
 31
0.0
  0
LINE
  5
876
330
1F
100
AcDbEntity
  8
G.Crew Quarter
370
     5
100
AcDbLine
 10
250.0043900116041
 20
554.5852845518109
 30
0.0
 11
350.0043900116039
 21
554.5852845518109
 31
0.0
  0
LWPOLYLINE
  5
887
330
1F
100
AcDbEntity
  8
0
370
    13
100
AcDbPolyline
 90
        2
 70
     0
 43
0.0
 10
320.0043900116041
 20
134.5852845518109
 10
280.004390011604
 20
134.585284551811
  0
LINE
  5
888
330
1F
100
AcDbEntity
  8
H.Kitchen
370
    13
100
AcDbLine
 10
280.004390011604
 20
134.585284551811
 30
0.0
 11
240.0043900116041
 21
114.5852845518109
 31
0.0
  0
LINE
  5
889
330
1F
100
AcDbEntity
  8
H.Kitchen
370
    13
100
AcDbLine
 10
320.0043900116041
 20
134.5852845518109
 30
0.0
 11
360.0043900116041
 21
114.5852845518109
 31
0.0
  0
LINE
  5
88A
330
1F
100
AcDbEntity
  8
H.Kitchen
370
    13
100
AcDbLine
 10
360.0043900116041
 20
114.5852845518109
 30
0.0
 11
240.0043900116041
 21
114.5852845518109
 31
0.0
  0
LINE
  5
88B
330
1F
100
AcDbEntity
  8
H.Kitchen
370
    13
100
AcDbLine
 10
240.0043900116041
 20
114.5852845518109
 30
0.0
 11
240.0043900116041
 21
-65.4147154481891
 31
0.0
  0
LINE
  5
88C
330
1F
100
AcDbEntity
  8
H.Kitchen
370
    13
100
AcDbLine
 10
360.0043900116041
 20
-65.4147154481891
 30
0.0
 11
360.004390011604
 21
114.5852845518109
 31
0.0
  0
LINE
  5
88D
330
1F
100
AcDbEntity
  8
H.Kitchen
370
    13
100
AcDbLine
 10
260.0043900116041
 20
-85.4147154481891
 30
0.0
 11
340.0043900116041
 21
-85.4147154481891
 31
0.0
  0
ARC
  5
88E
330
1F
100
AcDbEntity
  8
H.Kitchen
370
    13
100
AcDbCircle
 10
260.0043900116041
 20
-65.4147154481891
 30
0.0
 40
20.0
100
AcDbArc
 50
180.0
 51
270.0
  0
ARC
  5
88F
330
1F
100
AcDbEntity
  8
H.Kitchen
370
    13
100
AcDbCircle
 10
340.0043900116041
 20
-65.4147154481891
 30
0.0
 40
20.0
100
AcDbArc
 50
270.0
 51
0.0
  0
LINE
  5
890
330
1F
100
AcDbEntity
  8
H.Kitchen
370
    13
100
AcDbLine
 10
240.0043900116041
 20
114.5852845518109
 30
0.0
 11
240.0043900116041
 21
74.5852845518109
 31
0.0
  0
LINE
  5
891
330
1F
100
AcDbEntity
  8
H.Kitchen
370
     9
100
AcDbLine
 10
240.0043900116041
 20
74.5852845518109
 30
0.0
 11
260.0043900116041
 21
74.5852845518109
 31
0.0
  0
LINE
  5
892
330
1F
100
AcDbEntity
  8
H.Kitchen
370
     9
100
AcDbLine
 10
260.0043900116041
 20
74.5852845518109
 30
0.0
 11
260.0043900116041
 21
14.5852845518109
 31
0.0
  0
LINE
  5
893
330
1F
100
AcDbEntity
  8
H.Kitchen
370
     9
100
AcDbLine
 10
260.0043900116041
 20
14.5852845518109
 30
0.0
 11
240.0043900116041
 21
14.5852845518109
 31
0.0
  0
LINE
  5
894
330
1F
100
AcDbEntity
  8
H.Kitchen
370
     9
100
AcDbLine
 10
360.0043900116041
 20
74.58528455181073
 30
0.0
 11
340.0043900116041
 21
74.58528455181079
 31
0.0
  0
LINE
  5
895
330
1F
100
AcDbEntity
  8
H.Kitchen
370
     9
100
AcDbLine
 10
340.0043900116041
 20
74.58528455181079
 30
0.0
 11
340.0043900116039
 21
14.58528455181079
 31
0.0
  0
LINE
  5
896
330
1F
100
AcDbEntity
  8
H.Kitchen
370
     9
100
AcDbLine
 10
340.0043900116039
 20
14.58528455181079
 30
0.0
 11
360.004390011604
 21
14.58528455181073
 31
0.0
  0
LINE
  5
897
330
1F
100
AcDbEntity
  8
H.Kitchen
370
     9
100
AcDbLine
 10
275.0043900116041
 20
14.5852845518109
 30
0.0
 11
275.0043900116041
 21
74.58528455181096
 31
0.0
  0
LINE
  5
898
330
1F
100
AcDbEntity
  8
H.Kitchen
370
     9
100
AcDbLine
 10
275.0043900116041
 20
74.58528455181096
 30
0.0
 11
325.0043900116041
 21
74.58528455181096
 31
0.0
  0
LINE
  5
899
330
1F
100
AcDbEntity
  8
H.Kitchen
370
     9
100
AcDbLine
 10
325.0043900116041
 20
74.58528455181096
 30
0.0
 11
325.0043900116041
 21
14.58528455181079
 31
0.0
  0
LINE
  5
89A
330
1F
100
AcDbEntity
  8
H.Kitchen
370
     9
100
AcDbLine
 10
325.0043900116041
 20
14.58528455181079
 30
0.0
 11
275.0043900116041
 21
14.5852845518109
 31
0.0
  0
LINE
  5
89B
330
1F
100
AcDbEntity
  8
H.Kitchen
370
     5
100
AcDbLine
 10
250.0043900116041
 20
-15.4147154481891
 30
0.0
 11
350.0043900116039
 21
-15.4147154481891
 31
0.0
  0
LINE
  5
89E
330
1F
100
AcDbEntity
  8
H.Kitchen
370
     9
100
AcDbLine
 10
250.0043900116041
 20
-35.4147154481891
 30
0.0
 11
350.0043900116039
 21
-35.4147154481891
 31
0.0
  0
LINE
  5
89F
330
1F
100
AcDbEntity
  8
H.Kitchen
370
    13
100
AcDbLine
 10
350.0043900116039
 20
-35.4147154481891
 30
0.0
 11
350.0043900116039
 21
-65.4147154481891
 31
0.0
  0
LINE
  5
8A0
330
1F
100
AcDbEntity
  8
H.Kitchen
370
     9
100
AcDbLine
 10
350.0043900116039
 20
-65.4147154481891
 30
0.0
 11
250.0043900116041
 21
-65.41471544818909
 31
0.0
  0
LINE
  5
8A1
330
1F
100
AcDbEntity
  8
H.Kitchen
370
    13
100
AcDbLine
 10
250.0043900116041
 20
-65.41471544818909
 30
0.0
 11
250.0043900116041
 21
-35.4147154481891
 31
0.0
  0
LINE
  5
8AC
330
1F
100
AcDbEntity
  8
E.Hydroponics
370
    13
100
AcDbLine
 10
165.0043900116043
 20
249.5852845518109
 30
0.0
 11
165.0043900116043
 21
309.585284551811
 31
0.0
  0
LINE
  5
8AD
330
1F
100
AcDbEntity
  8
E2.Hydroponics Outlines
370
    13
100
AcDbLine
 10
165.0043900116043
 20
309.585284551811
 30
0.0
 11
145.0043900116043
 21
309.585284551811
 31
0.0
  0
LINE
  5
8AE
330
1F
100
AcDbEntity
  8
E.Hydroponics
370
    13
100
AcDbLine
 10
145.0043900116043
 20
309.585284551811
 30
0.0
 11
145.0043900116043
 21
189.5852845518109
 31
0.0
  0
LINE
  5
8AF
330
1F
100
AcDbEntity
  8
E2.Hydroponics Outlines
370
    13
100
AcDbLine
 10
145.0043900116043
 20
189.5852845518109
 30
0.0
 11
165.0043900116043
 21
189.5852845518109
 31
0.0
  0
LINE
  5
8B0
330
1F
100
AcDbEntity
  8
E.Hydroponics
370
    13
100
AcDbLine
 10
165.0043900116043
 20
189.5852845518109
 30
0.0
 11
165.0043900116043
 21
249.5852845518109
 31
0.0
  0
LINE
  5
8B1
330
1F
100
AcDbEntity
  8
E2.Hydroponics Outlines
370
    13
100
AcDbLine
 10
165.0043900116043
 20
309.585284551811
 30
0.0
 11
185.0043900116043
 21
269.5852845518109
 31
0.0
  0
LINE
  5
8B2
330
1F
100
AcDbEntity
  8
E2.Hydroponics Outlines
370
    13
100
AcDbLine
 10
165.0043900116043
 20
189.5852845518109
 30
0.0
 11
185.0043900116043
 21
229.5852845518109
 31
0.0
  0
ARC
  5
8BA
330
1F
100
AcDbEntity
  8
E2.Hydroponics Outlines
370
    13
100
AcDbCircle
 10
115.0043900116043
 20
309.585284551811
 30
0.0
 40
30.0
100
AcDbArc
 50
0.0
 51
90.0
  0
LINE
  5
8D0
330
1F
100
AcDbEntity
  8
E2.Hydroponics Outlines
370
    13
100
AcDbLine
 10
115.0043900116043
 20
339.585284551811
 30
0.0
 11
115.0043900116043
 21
369.585284551811
 31
0.0
  0
LINE
  5
8DC
330
1F
100
AcDbEntity
  8
E2.Hydroponics Outlines
370
    13
100
AcDbLine
 10
105.0043900116043
 20
379.585284551811
 30
0.0
 11
15.0043900116043
 21
379.585284551811
 31
0.0
  0
ARC
  5
8DF
330
1F
100
AcDbEntity
  8
E2.Hydroponics Outlines
370
    13
100
AcDbCircle
 10
105.0043900116043
 20
369.585284551811
 30
0.0
 40
10.0
100
AcDbArc
 50
0.0
 51
90.0
  0
LINE
  5
8E8
330
1F
100
AcDbEntity
  8
0
370
    13
100
AcDbLine
 10
-169.9956099883958
 20
229.5852845518109
 30
0.0
 11
-169.9956099883958
 21
269.5852845518109
 31
0.0
  0
LINE
  5
8EB
330
1F
100
AcDbEntity
  8
0
370
    13
100
AcDbLine
 10
-169.9956099883958
 20
269.5852845518109
 30
0.0
 11
-164.9956099883958
 21
269.5852845518109
 31
0.0
  0
LINE
  5
8EC
330
1F
100
AcDbEntity
  8
0
370
    13
100
AcDbLine
 10
-164.9956099883958
 20
269.5852845518109
 30
0.0
 11
-164.9956099883958
 21
229.5852845518109
 31
0.0
  0
LINE
  5
8ED
330
1F
100
AcDbEntity
  8
0
370
    13
100
AcDbLine
 10
-164.9956099883958
 20
229.5852845518109
 30
0.0
 11
-169.9956099883958
 21
229.5852845518109
 31
0.0
  0
LWPOLYLINE
  5
8EE
330
1F
100
AcDbEntity
  8
0
370
    13
100
AcDbPolyline
 90
        4
 70
     1
 43
0.0
 10
-164.9956099883958
 20
269.5852845518109
 10
-159.9956099883958
 20
269.5852845518109
 10
-159.9956099883958
 20
254.5852845518109
 10
-164.9956099883958
 20
254.5852845518109
  0
LWPOLYLINE
  5
8EF
330
1F
100
AcDbEntity
  8
0
370
    13
100
AcDbPolyline
 90
        4
 70
     1
 43
0.0
 10
-164.9956099883958
 20
229.5852845518109
 10
-159.9956099883958
 20
229.5852845518109
 10
-159.9956099883958
 20
244.5852845518109
 10
-164.9956099883958
 20
244.5852845518109
  0
LINE
  5
8F0
330
1F
100
AcDbEntity
  8
0
370
    13
100
AcDbLine
 10
-159.9956099883958
 20
254.5852845518109
 30
0.0
 11
-159.9956099883958
 21
244.5852845518109
 31
0.0
  0
ARC
  5
8F1
330
1F
100
AcDbEntity
  8
0
370
    13
100
AcDbCircle
 10
-162.4956099883958
 20
262.0852845518109
 30
0.0
 40
9.013878188659973
100
AcDbArc
 50
56.30993247402108
 51
123.6900675259789
  0
LWPOLYLINE
  5
8F2
330
1F
100
AcDbEntity
  8
0
370
    13
100
AcDbPolyline
 90
        4
 70
     1
 43
0.0
 10
-159.9956099883958
 20
269.5852845518109
 10
-154.9956099883958
 20
269.5852845518109
 10
-154.9956099883958
 20
229.5852845518109
 10
-159.9956099883958
 20
229.5852845518109
  0
ARC
  5
8F3
330
1F
100
AcDbEntity
  8
0
370
    13
100
AcDbCircle
 10
-162.4956099883958
 20
237.0852845518109
 30
0.0
 40
9.013878188659973
100
AcDbArc
 50
236.3099324740209
 51
303.6900675259791
  0
LWPOLYLINE
  5
8F4
330
1F
100
AcDbEntity
  8
0
370
    13
100
AcDbPolyline
 90
        2
 70
     0
 43
0.0
 10
-154.9956099883958
 20
229.5852845518109
 10
-154.9956099883958
 20
269.5852845518109
  0
LINE
  5
8F5
330
1F
100
AcDbEntity
  8
E.Hydroponics
370
    13
100
AcDbLine
 10
-134.9956099883958
 20
249.5852845518109
 30
0.0
 11
-134.9956099883958
 21
309.585284551811
 31
0.0
  0
LINE
  5
8F6
330
1F
100
AcDbEntity
  8
E2.Hydroponics Outlines
370
    13
100
AcDbLine
 10
-134.9956099883958
 20
309.585284551811
 30
0.0
 11
-114.9956099883958
 21
309.585284551811
 31
0.0
  0
LINE
  5
8F7
330
1F
100
AcDbEntity
  8
E.Hydroponics
370
    13
100
AcDbLine
 10
-114.9956099883958
 20
309.585284551811
 30
0.0
 11
-114.9956099883957
 21
189.5852845518109
 31
0.0
  0
LINE
  5
8F8
330
1F
100
AcDbEntity
  8
E2.Hydroponics Outlines
370
    13
100
AcDbLine
 10
-114.9956099883957
 20
189.5852845518109
 30
0.0
 11
-134.9956099883958
 21
189.5852845518109
 31
0.0
  0
LINE
  5
8F9
330
1F
100
AcDbEntity
  8
E.Hydroponics
370
    13
100
AcDbLine
 10
-134.9956099883958
 20
189.5852845518109
 30
0.0
 11
-134.9956099883958
 21
249.5852845518109
 31
0.0
  0
LINE
  5
8FA
330
1F
100
AcDbEntity
  8
E2.Hydroponics Outlines
370
    13
100
AcDbLine
 10
-134.9956099883958
 20
309.585284551811
 30
0.0
 11
-154.9956099883958
 21
269.5852845518109
 31
0.0
  0
LINE
  5
8FB
330
1F
100
AcDbEntity
  8
E2.Hydroponics Outlines
370
    13
100
AcDbLine
 10
-134.9956099883958
 20
189.5852845518109
 30
0.0
 11
-154.9956099883958
 21
229.5852845518109
 31
0.0
  0
ARC
  5
8FC
330
1F
100
AcDbEntity
  8
E2.Hydroponics Outlines
370
    13
100
AcDbCircle
 10
-84.99560998839576
 20
309.585284551811
 30
0.0
 40
30.0
100
AcDbArc
 50
90.0
 51
180.0
  0
LINE
  5
8FD
330
1F
100
AcDbEntity
  8
E2.Hydroponics Outlines
370
    13
100
AcDbLine
 10
-84.99560998839576
 20
339.585284551811
 30
0.0
 11
-84.99560998839576
 21
369.585284551811
 31
0.0
  0
LINE
  5
8FE
330
1F
100
AcDbEntity
  8
E2.Hydroponics Outlines
370
    13
100
AcDbLine
 10
-74.99560998839576
 20
379.585284551811
 30
0.0
 11
15.00439001160425
 21
379.585284551811
 31
0.0
  0
ARC
  5
8FF
330
1F
100
AcDbEntity
  8
E2.Hydroponics Outlines
370
    13
100
AcDbCircle
 10
-74.99560998839576
 20
369.585284551811
 30
0.0
 40
10.0
100
AcDbArc
 50
90.0
 51
180.0
  0
ARC
  5
901
330
1F
100
AcDbEntity
  8
E2.Hydroponics Outlines
370
    13
100
AcDbCircle
 10
115.0043900116043
 20
189.5852845518108
 30
0.0
 40
30.0
100
AcDbArc
 50
270.0
 51
0.0
  0
LINE
  5
902
330
1F
100
AcDbEntity
  8
E2.Hydroponics Outlines
370
    13
100
AcDbLine
 10
115.0043900116043
 20
159.5852845518108
 30
0.0
 11
115.0043900116043
 21
129.5852845518108
 31
0.0
  0
LINE
  5
903
330
1F
100
AcDbEntity
  8
E2.Hydroponics Outlines
370
    13
100
AcDbLine
 10
105.0043900116043
 20
119.5852845518108
 30
0.0
 11
15.00439001160425
 21
119.5852845518108
 31
0.0
  0
ARC
  5
904
330
1F
100
AcDbEntity
  8
E2.Hydroponics Outlines
370
    13
100
AcDbCircle
 10
105.0043900116043
 20
129.5852845518107
 30
0.0
 40
10.0
100
AcDbArc
 50
270.0
 51
0.0
  0
ARC
  5
905
330
1F
100
AcDbEntity
  8
E2.Hydroponics Outlines
370
    13
100
AcDbCircle
 10
-84.99560998839578
 20
189.5852845518108
 30
0.0
 40
30.0
100
AcDbArc
 50
180.0
 51
270.0
  0
LINE
  5
906
330
1F
100
AcDbEntity
  8
E2.Hydroponics Outlines
370
    13
100
AcDbLine
 10
-84.9956099883958
 20
159.5852845518108
 30
0.0
 11
-84.9956099883958
 21
129.5852845518108
 31
0.0
  0
LINE
  5
907
330
1F
100
AcDbEntity
  8
E2.Hydroponics Outlines
370
    13
100
AcDbLine
 10
-74.9956099883958
 20
119.5852845518108
 30
0.0
 11
15.0043900116042
 21
119.5852845518108
 31
0.0
  0
ARC
  5
908
330
1F
100
AcDbEntity
  8
E2.Hydroponics Outlines
370
    13
100
AcDbCircle
 10
-74.9956099883958
 20
129.5852845518108
 30
0.0
 40
10.0
100
AcDbArc
 50
180.0
 51
270.0
  0
ARC
  5
93E
330
1F
100
AcDbEntity
  8
E.Hydroponics
370
     9
100
AcDbCircle
 10
-54.99560998839576
 20
349.585284551811
 30
0.0
 40
10.0
100
AcDbArc
 50
90.0
 51
180.0
  0
LINE
  5
93F
330
1F
100
AcDbEntity
  8
E.Hydroponics
370
     9
100
AcDbLine
 10
-54.99560998839576
 20
359.585284551811
 30
0.0
 11
15.00439001160424
 21
359.585284551811
 31
0.0
  0
LINE
  5
940
330
1F
100
AcDbEntity
  8
E.Hydroponics
370
     9
100
AcDbLine
 10
-64.99560998839576
 20
349.585284551811
 30
0.0
 11
-64.99560998839576
 21
329.585284551811
 31
0.0
  0
ARC
  5
941
330
1F
100
AcDbEntity
  8
E.Hydroponics
370
     9
100
AcDbCircle
 10
-54.99560998839576
 20
329.585284551811
 30
0.0
 40
10.0
100
AcDbArc
 50
180.0
 51
270.0
  0
LINE
  5
942
330
1F
100
AcDbEntity
  8
E.Hydroponics
370
     9
100
AcDbLine
 10
-54.99560998839576
 20
319.585284551811
 30
0.0
 11
15.00439001160424
 21
319.585284551811
 31
0.0
  0
ARC
  5
944
330
1F
100
AcDbEntity
  8
E.Hydroponics
370
     9
100
AcDbCircle
 10
85.00439001160424
 20
349.585284551811
 30
0.0
 40
10.0
100
AcDbArc
 50
0.000000000000007
 51
90.0
  0
LINE
  5
945
330
1F
100
AcDbEntity
  8
E.Hydroponics
370
     9
100
AcDbLine
 10
85.00439001160424
 20
359.585284551811
 30
0.0
 11
15.00439001160424
 21
359.585284551811
 31
0.0
  0
LINE
  5
946
330
1F
100
AcDbEntity
  8
E.Hydroponics
370
     9
100
AcDbLine
 10
95.00439001160424
 20
349.585284551811
 30
0.0
 11
95.00439001160424
 21
329.585284551811
 31
0.0
  0
ARC
  5
947
330
1F
100
AcDbEntity
  8
E.Hydroponics
370
     9
100
AcDbCircle
 10
85.00439001160424
 20
329.585284551811
 30
0.0
 40
10.0
100
AcDbArc
 50
270.0
 51
0.000000000000007
  0
LINE
  5
948
330
1F
100
AcDbEntity
  8
E.Hydroponics
370
     9
100
AcDbLine
 10
85.00439001160424
 20
319.585284551811
 30
0.0
 11
15.00439001160424
 21
319.585284551811
 31
0.0
  0
ARC
  5
951
330
1F
100
AcDbEntity
  8
E.Hydroponics
370
     9
100
AcDbCircle
 10
-54.99560998839604
 20
149.5852845518114
 30
0.0
 40
10.0
100
AcDbArc
 50
180.0
 51
269.9999999999998
  0
LINE
  5
952
330
1F
100
AcDbEntity
  8
E.Hydroponics
370
     9
100
AcDbLine
 10
-54.99560998839607
 20
139.5852845518114
 30
0.0
 11
15.00439001160393
 21
139.5852845518112
 31
0.0
  0
LINE
  5
953
330
1F
100
AcDbEntity
  8
E.Hydroponics
370
     9
100
AcDbLine
 10
-64.99560998839604
 20
149.5852845518114
 30
0.0
 11
-64.99560998839598
 21
169.5852845518114
 31
0.0
  0
ARC
  5
954
330
1F
100
AcDbEntity
  8
E.Hydroponics
370
     9
100
AcDbCircle
 10
-54.99560998839598
 20
169.5852845518114
 30
0.0
 40
10.0
100
AcDbArc
 50
89.99999999999984
 51
180.0
  0
LINE
  5
955
330
1F
100
AcDbEntity
  8
E.Hydroponics
370
     9
100
AcDbLine
 10
-54.99560998839596
 20
179.5852845518114
 30
0.0
 11
15.00439001160405
 21
179.5852845518112
 31
0.0
  0
ARC
  5
956
330
1F
100
AcDbEntity
  8
E.Hydroponics
370
     9
100
AcDbCircle
 10
85.00439001160396
 20
149.585284551811
 30
0.0
 40
10.0
100
AcDbArc
 50
269.9999999999998
 51
0.0
  0
LINE
  5
957
330
1F
100
AcDbEntity
  8
E.Hydroponics
370
     9
100
AcDbLine
 10
85.00439001160393
 20
139.585284551811
 30
0.0
 11
15.00439001160393
 21
139.5852845518112
 31
0.0
  0
LINE
  5
958
330
1F
100
AcDbEntity
  8
E.Hydroponics
370
     9
100
AcDbLine
 10
95.00439001160396
 20
149.585284551811
 30
0.0
 11
95.00439001160402
 21
169.585284551811
 31
0.0
  0
ARC
  5
959
330
1F
100
AcDbEntity
  8
E.Hydroponics
370
     9
100
AcDbCircle
 10
85.00439001160402
 20
169.585284551811
 30
0.0
 40
10.0
100
AcDbArc
 50
0.0
 51
89.99999999999984
  0
LINE
  5
95A
330
1F
100
AcDbEntity
  8
E.Hydroponics
370
     9
100
AcDbLine
 10
85.00439001160404
 20
179.585284551811
 30
0.0
 11
15.00439001160405
 21
179.5852845518112
 31
0.0
  0
ARC
  5
975
330
1F
100
AcDbEntity
  8
E.Hydroponics
370
     9
100
AcDbCircle
 10
-54.99560998839577
 20
294.585284551811
 30
0.0
 40
10.0
100
AcDbArc
 50
90.0
 51
180.0
  0
LINE
  5
976
330
1F
100
AcDbEntity
  8
E.Hydroponics
370
     9
100
AcDbLine
 10
-54.99560998839577
 20
304.585284551811
 30
0.0
 11
15.00439001160423
 21
304.585284551811
 31
0.0
  0
LINE
  5
977
330
1F
100
AcDbEntity
  8
E.Hydroponics
370
     9
100
AcDbLine
 10
-64.99560998839577
 20
294.585284551811
 30
0.0
 11
-64.99560998839577
 21
274.585284551811
 31
0.0
  0
ARC
  5
978
330
1F
100
AcDbEntity
  8
E.Hydroponics
370
     9
100
AcDbCircle
 10
-54.99560998839577
 20
274.585284551811
 30
0.0
 40
10.0
100
AcDbArc
 50
180.0
 51
270.0
  0
LINE
  5
979
330
1F
100
AcDbEntity
  8
E.Hydroponics
370
     9
100
AcDbLine
 10
-54.99560998839577
 20
264.585284551811
 30
0.0
 11
15.00439001160423
 21
264.585284551811
 31
0.0
  0
ARC
  5
97A
330
1F
100
AcDbEntity
  8
E.Hydroponics
370
     9
100
AcDbCircle
 10
85.00439001160423
 20
294.585284551811
 30
0.0
 40
10.0
100
AcDbArc
 50
0.0
 51
90.0
  0
LINE
  5
97B
330
1F
100
AcDbEntity
  8
E.Hydroponics
370
     9
100
AcDbLine
 10
85.00439001160423
 20
304.585284551811
 30
0.0
 11
15.00439001160423
 21
304.585284551811
 31
0.0
  0
LINE
  5
97C
330
1F
100
AcDbEntity
  8
E.Hydroponics
370
     9
100
AcDbLine
 10
95.00439001160423
 20
294.585284551811
 30
0.0
 11
95.00439001160423
 21
274.585284551811
 31
0.0
  0
ARC
  5
97D
330
1F
100
AcDbEntity
  8
E.Hydroponics
370
     9
100
AcDbCircle
 10
85.00439001160423
 20
274.585284551811
 30
0.0
 40
10.0
100
AcDbArc
 50
270.0
 51
0.0
  0
LINE
  5
97E
330
1F
100
AcDbEntity
  8
E.Hydroponics
370
     9
100
AcDbLine
 10
85.00439001160423
 20
264.585284551811
 30
0.0
 11
15.00439001160423
 21
264.585284551811
 31
0.0
  0
ARC
  5
97F
330
1F
100
AcDbEntity
  8
E.Hydroponics
370
     9
100
AcDbCircle
 10
-54.99560998839604
 20
204.5852845518114
 30
0.0
 40
10.0
100
AcDbArc
 50
180.0
 51
269.9999999999998
  0
LINE
  5
980
330
1F
100
AcDbEntity
  8
E.Hydroponics
370
     9
100
AcDbLine
 10
-54.99560998839607
 20
194.5852845518114
 30
0.0
 11
15.00439001160393
 21
194.5852845518112
 31
0.0
  0
LINE
  5
981
330
1F
100
AcDbEntity
  8
E.Hydroponics
370
     9
100
AcDbLine
 10
-64.99560998839604
 20
204.5852845518114
 30
0.0
 11
-64.99560998839598
 21
224.5852845518114
 31
0.0
  0
ARC
  5
982
330
1F
100
AcDbEntity
  8
E.Hydroponics
370
     9
100
AcDbCircle
 10
-54.99560998839598
 20
224.5852845518114
 30
0.0
 40
10.0
100
AcDbArc
 50
89.99999999999984
 51
180.0
  0
LINE
  5
983
330
1F
100
AcDbEntity
  8
E.Hydroponics
370
     9
100
AcDbLine
 10
-54.99560998839596
 20
234.5852845518114
 30
0.0
 11
15.00439001160405
 21
234.5852845518112
 31
0.0
  0
ARC
  5
984
330
1F
100
AcDbEntity
  8
E.Hydroponics
370
     9
100
AcDbCircle
 10
85.00439001160396
 20
204.585284551811
 30
0.0
 40
10.0
100
AcDbArc
 50
269.9999999999998
 51
0.0
  0
LINE
  5
985
330
1F
100
AcDbEntity
  8
E.Hydroponics
370
     9
100
AcDbLine
 10
85.00439001160393
 20
194.585284551811
 30
0.0
 11
15.00439001160393
 21
194.5852845518112
 31
0.0
  0
LINE
  5
986
330
1F
100
AcDbEntity
  8
E.Hydroponics
370
     9
100
AcDbLine
 10
95.00439001160396
 20
204.585284551811
 30
0.0
 11
95.00439001160402
 21
224.585284551811
 31
0.0
  0
ARC
  5
987
330
1F
100
AcDbEntity
  8
E.Hydroponics
370
     9
100
AcDbCircle
 10
85.00439001160402
 20
224.585284551811
 30
0.0
 40
10.0
100
AcDbArc
 50
0.0
 51
89.99999999999984
  0
LINE
  5
988
330
1F
100
AcDbEntity
  8
E.Hydroponics
370
     9
100
AcDbLine
 10
85.00439001160404
 20
234.585284551811
 30
0.0
 11
15.00439001160405
 21
234.5852845518112
 31
0.0
  0
LINE
  5
992
330
1F
100
AcDbEntity
  8
E.Hydroponics
370
     5
100
AcDbLine
 10
115.0043900116043
 20
309.585284551811
 30
0.0
 11
115.0043900116043
 21
189.5852845518108
 31
0.0
  0
LINE
  5
99A
330
1F
100
AcDbEntity
  8
0
370
    13
100
AcDbLine
 10
-169.9956099883958
 20
269.5852845518109
 30
0.0
 11
-179.9956099883958
 21
269.5852845518109
 31
0.0
  0
ARC
  5
99B
330
1F
100
AcDbEntity
  8
0
370
    13
100
AcDbCircle
 10
-199.9956099883958
 20
269.5852845518109
 30
0.0
 40
20.0
100
AcDbArc
 50
0.0
 51
90.0
  0
LINE
  5
99C
330
1F
100
AcDbEntity
  8
0
370
    13
100
AcDbLine
 10
-199.9956099883958
 20
289.5852845518109
 30
0.0
 11
-199.9956099883958
 21
309.5852845518109
 31
0.0
  0
LINE
  5
9AB
330
1F
100
AcDbEntity
  8
0
370
    13
100
AcDbLine
 10
-239.9956099883958
 20
299.5852845518109
 30
0.0
 11
-199.9956099883958
 21
299.5852845518109
 31
0.0
  0
LINE
  5
9AD
330
1F
100
AcDbEntity
  8
0
370
    13
100
AcDbLine
 10
-199.9956099883958
 20
299.5852845518109
 30
0.0
 11
-199.9956099883958
 21
304.5852845518109
 31
0.0
  0
LINE
  5
9AE
330
1F
100
AcDbEntity
  8
0
370
    13
100
AcDbLine
 10
-199.9956099883958
 20
304.5852845518109
 30
0.0
 11
-239.9956099883958
 21
304.5852845518109
 31
0.0
  0
LINE
  5
9AF
330
1F
100
AcDbEntity
  8
0
370
    13
100
AcDbLine
 10
-239.9956099883958
 20
304.5852845518109
 30
0.0
 11
-239.9956099883958
 21
299.5852845518109
 31
0.0
  0
LWPOLYLINE
  5
9B0
330
1F
100
AcDbEntity
  8
0
370
    13
100
AcDbPolyline
 90
        4
 70
     1
 43
0.0
 10
-199.9956099883958
 20
304.5852845518109
 10
-199.9956099883958
 20
309.5852845518109
 10
-214.9956099883958
 20
309.5852845518109
 10
-214.9956099883958
 20
304.5852845518109
  0
LWPOLYLINE
  5
9B1
330
1F
100
AcDbEntity
  8
0
370
    13
100
AcDbPolyline
 90
        4
 70
     1
 43
0.0
 10
-239.9956099883958
 20
304.5852845518109
 10
-239.9956099883958
 20
309.5852845518109
 10
-224.9956099883958
 20
309.5852845518109
 10
-224.9956099883958
 20
304.5852845518109
  0
LINE
  5
9B2
330
1F
100
AcDbEntity
  8
0
370
    13
100
AcDbLine
 10
-214.9956099883958
 20
309.5852845518109
 30
0.0
 11
-224.9956099883958
 21
309.5852845518109
 31
0.0
  0
ARC
  5
9B3
330
1F
100
AcDbEntity
  8
0
370
    13
100
AcDbCircle
 10
-207.4956099883958
 20
307.0852845518109
 30
0.0
 40
9.013878188659973
100
AcDbArc
 50
326.309932474022
 51
33.69006752597798
  0
LWPOLYLINE
  5
9B4
330
1F
100
AcDbEntity
  8
0
370
    13
100
AcDbPolyline
 90
        4
 70
     1
 43
0.0
 10
-199.9956099883958
 20
309.5852845518109
 10
-199.9956099883958
 20
314.5852845518109
 10
-239.9956099883958
 20
314.5852845518109
 10
-239.9956099883958
 20
309.5852845518109
  0
ARC
  5
9B5
330
1F
100
AcDbEntity
  8
0
370
    13
100
AcDbCircle
 10
-232.4956099883958
 20
307.0852845518109
 30
0.0
 40
9.013878188659973
100
AcDbArc
 50
146.309932474022
 51
213.690067525978
  0
LWPOLYLINE
  5
9B6
330
1F
100
AcDbEntity
  8
0
370
    13
100
AcDbPolyline
 90
        2
 70
     0
 43
0.0
 10
-239.9956099883958
 20
314.5852845518109
 10
-199.9956099883958
 20
314.5852845518109
  0
LINE
  5
9B7
330
1F
100
AcDbEntity
  8
0
370
    13
100
AcDbLine
 10
-269.9956099883958
 20
229.5852845518109
 30
0.0
 11
-269.9956099883958
 21
269.5852845518109
 31
0.0
  0
LINE
  5
9B9
330
1F
100
AcDbEntity
  8
0
370
    13
100
AcDbLine
 10
-269.9956099883958
 20
269.5852845518109
 30
0.0
 11
-274.9956099883958
 21
269.5852845518109
 31
0.0
  0
LINE
  5
9BA
330
1F
100
AcDbEntity
  8
0
370
    13
100
AcDbLine
 10
-274.9956099883958
 20
269.5852845518109
 30
0.0
 11
-274.9956099883958
 21
229.5852845518109
 31
0.0
  0
LINE
  5
9BB
330
1F
100
AcDbEntity
  8
0
370
    13
100
AcDbLine
 10
-274.9956099883958
 20
229.5852845518109
 30
0.0
 11
-269.9956099883958
 21
229.5852845518109
 31
0.0
  0
LWPOLYLINE
  5
9BC
330
1F
100
AcDbEntity
  8
0
370
    13
100
AcDbPolyline
 90
        4
 70
     1
 43
0.0
 10
-274.9956099883958
 20
269.5852845518109
 10
-279.9956099883958
 20
269.5852845518109
 10
-279.9956099883958
 20
254.5852845518109
 10
-274.9956099883958
 20
254.5852845518109
  0
LWPOLYLINE
  5
9BD
330
1F
100
AcDbEntity
  8
0
370
    13
100
AcDbPolyline
 90
        4
 70
     1
 43
0.0
 10
-274.9956099883958
 20
229.5852845518109
 10
-279.9956099883958
 20
229.5852845518109
 10
-279.9956099883958
 20
244.5852845518109
 10
-274.9956099883958
 20
244.5852845518109
  0
LINE
  5
9BE
330
1F
100
AcDbEntity
  8
0
370
    13
100
AcDbLine
 10
-279.9956099883958
 20
254.5852845518109
 30
0.0
 11
-279.9956099883958
 21
244.5852845518109
 31
0.0
  0
ARC
  5
9BF
330
1F
100
AcDbEntity
  8
0
370
    13
100
AcDbCircle
 10
-277.4956099883958
 20
262.0852845518109
 30
0.0
 40
9.013878188659973
100
AcDbArc
 50
56.30993247402127
 51
123.6900675259787
  0
LWPOLYLINE
  5
9C0
330
1F
100
AcDbEntity
  8
0
370
    13
100
AcDbPolyline
 90
        4
 70
     1
 43
0.0
 10
-279.9956099883958
 20
269.5852845518109
 10
-284.9956099883958
 20
269.5852845518109
 10
-284.9956099883958
 20
229.5852845518109
 10
-279.9956099883958
 20
229.5852845518109
  0
ARC
  5
9C1
330
1F
100
AcDbEntity
  8
0
370
    13
100
AcDbCircle
 10
-277.4956099883958
 20
237.0852845518109
 30
0.0
 40
9.013878188659973
100
AcDbArc
 50
236.3099324740212
 51
303.6900675259787
  0
LWPOLYLINE
  5
9C2
330
1F
100
AcDbEntity
  8
0
370
    13
100
AcDbPolyline
 90
        2
 70
     0
 43
0.0
 10
-284.9956099883958
 20
229.5852845518109
 10
-284.9956099883958
 20
269.5852845518109
  0
LINE
  5
9C3
330
1F
100
AcDbEntity
  8
0
370
    13
100
AcDbLine
 10
-269.9956099883958
 20
269.5852845518109
 30
0.0
 11
-259.9956099883958
 21
269.5852845518109
 31
0.0
  0
ARC
  5
9C4
330
1F
100
AcDbEntity
  8
0
370
    13
100
AcDbCircle
 10
-239.9956099883958
 20
269.5852845518109
 30
0.0
 40
20.0
100
AcDbArc
 50
90.0
 51
180.0
  0
LINE
  5
9C5
330
1F
100
AcDbEntity
  8
0
370
    13
100
AcDbLine
 10
-239.9956099883958
 20
299.5852845518109
 30
0.0
 11
-239.9956099883958
 21
289.5852845518109
 31
0.0
  0
LINE
  5
9D9
330
1F
100
AcDbEntity
  8
0
370
    13
100
AcDbLine
 10
-169.9956099883958
 20
229.5852845518109
 30
0.0
 11
-179.9956099883958
 21
229.5852845518109
 31
0.0
  0
ARC
  5
9DA
330
1F
100
AcDbEntity
  8
0
370
    13
100
AcDbCircle
 10
-199.9956099883958
 20
229.5852845518109
 30
0.0
 40
20.0
100
AcDbArc
 50
270.0
 51
0.0
  0
LINE
  5
9DB
330
1F
100
AcDbEntity
  8
0
370
    13
100
AcDbLine
 10
-199.9956099883958
 20
209.5852845518109
 30
0.0
 11
-199.9956099883958
 21
189.5852845518109
 31
0.0
  0
LINE
  5
9DC
330
1F
100
AcDbEntity
  8
0
370
    13
100
AcDbLine
 10
-239.9956099883958
 20
199.5852845518109
 30
0.0
 11
-199.9956099883958
 21
199.5852845518109
 31
0.0
  0
LINE
  5
9DE
330
1F
100
AcDbEntity
  8
0
370
    13
100
AcDbLine
 10
-199.9956099883958
 20
199.5852845518109
 30
0.0
 11
-199.9956099883958
 21
194.5852845518109
 31
0.0
  0
LINE
  5
9DF
330
1F
100
AcDbEntity
  8
0
370
    13
100
AcDbLine
 10
-199.9956099883958
 20
194.5852845518109
 30
0.0
 11
-239.9956099883958
 21
194.5852845518109
 31
0.0
  0
LINE
  5
9E0
330
1F
100
AcDbEntity
  8
0
370
    13
100
AcDbLine
 10
-239.9956099883958
 20
194.5852845518109
 30
0.0
 11
-239.9956099883958
 21
199.5852845518109
 31
0.0
  0
LWPOLYLINE
  5
9E1
330
1F
100
AcDbEntity
  8
0
370
    13
100
AcDbPolyline
 90
        4
 70
     1
 43
0.0
 10
-199.9956099883958
 20
194.5852845518109
 10
-199.9956099883958
 20
189.5852845518109
 10
-214.9956099883958
 20
189.5852845518109
 10
-214.9956099883958
 20
194.5852845518109
  0
LWPOLYLINE
  5
9E2
330
1F
100
AcDbEntity
  8
0
370
    13
100
AcDbPolyline
 90
        4
 70
     1
 43
0.0
 10
-239.9956099883958
 20
194.5852845518109
 10
-239.9956099883958
 20
189.5852845518109
 10
-224.9956099883958
 20
189.5852845518109
 10
-224.9956099883958
 20
194.5852845518109
  0
LINE
  5
9E3
330
1F
100
AcDbEntity
  8
0
370
    13
100
AcDbLine
 10
-214.9956099883958
 20
189.5852845518109
 30
0.0
 11
-224.9956099883958
 21
189.5852845518109
 31
0.0
  0
ARC
  5
9E4
330
1F
100
AcDbEntity
  8
0
370
    13
100
AcDbCircle
 10
-207.4956099883958
 20
192.0852845518109
 30
0.0
 40
9.013878188659973
100
AcDbArc
 50
326.3099324740216
 51
33.69006752597844
  0
LWPOLYLINE
  5
9E5
330
1F
100
AcDbEntity
  8
0
370
    13
100
AcDbPolyline
 90
        4
 70
     1
 43
0.0
 10
-199.9956099883958
 20
189.5852845518109
 10
-199.9956099883958
 20
184.5852845518109
 10
-239.9956099883958
 20
184.5852845518109
 10
-239.9956099883958
 20
189.5852845518109
  0
ARC
  5
9E6
330
1F
100
AcDbEntity
  8
0
370
    13
100
AcDbCircle
 10
-232.4956099883958
 20
192.0852845518109
 30
0.0
 40
9.013878188659973
100
AcDbArc
 50
146.3099324740216
 51
213.6900675259784
  0
LWPOLYLINE
  5
9E7
330
1F
100
AcDbEntity
  8
0
370
    13
100
AcDbPolyline
 90
        2
 70
     0
 43
0.0
 10
-239.9956099883958
 20
184.5852845518109
 10
-199.9956099883958
 20
184.5852845518109
  0
LINE
  5
9E8
330
1F
100
AcDbEntity
  8
0
370
    13
100
AcDbLine
 10
-269.9956099883958
 20
229.5852845518109
 30
0.0
 11
-259.9956099883958
 21
229.5852845518109
 31
0.0
  0
ARC
  5
9E9
330
1F
100
AcDbEntity
  8
0
370
    13
100
AcDbCircle
 10
-239.9956099883958
 20
229.5852845518109
 30
0.0
 40
20.0
100
AcDbArc
 50
180.0
 51
270.0
  0
LINE
  5
9EA
330
1F
100
AcDbEntity
  8
0
370
    13
100
AcDbLine
 10
-239.9956099883958
 20
199.5852845518109
 30
0.0
 11
-239.9956099883958
 21
209.5852845518109
 31
0.0
  0
LINE
  5
A45
330
1F
100
AcDbEntity
  8
E.Hydroponics
370
     5
100
AcDbLine
 10
-84.9956099883957
 20
309.585284551811
 30
0.0
 11
-84.99560998839567
 21
189.5852845518108
 31
0.0
  0
ARC
  5
A50
330
1F
100
AcDbEntity
  8
J.Engineering
370
    13
100
AcDbCircle
 10
860.0043900116043
 20
249.5852845518109
 30
0.0
 40
150.0
100
AcDbArc
 50
147.7690473644979
 51
212.2309526355021
  0
LINE
  5
A5B
330
1F
100
AcDbEntity
  8
J.Engineering
370
    13
100
AcDbLine
 10
733.1186146071091
 20
329.5852845518109
 30
0.0
 11
986.8901654160995
 21
329.5852845518109
 31
0.0
  0
LINE
  5
A5E
330
1F
100
AcDbEntity
  8
J.Engineering
370
    13
100
AcDbLine
 10
733.1186146071091
 20
169.5852845518109
 30
0.0
 11
986.8901654160995
 21
169.5852845518109
 31
0.0
  0
ARC
  5
A5F
330
1F
100
AcDbEntity
  8
J.Engineering
370
    13
100
AcDbCircle
 10
860.0043900116043
 20
249.5852845518109
 30
0.0
 40
150.0
100
AcDbArc
 50
327.7690473644979
 51
32.23095263550211
  0
LINE
  5
A60
330
1F
100
AcDbEntity
  8
0
370
    13
100
AcDbLine
 10
710.0043900116043
 20
269.5852845518109
 30
0.0
 11
711.3437025384193
 21
269.5852845518109
 31
0.0
  0
LINE
  5
A61
330
1F
100
AcDbEntity
  8
0
370
    13
100
AcDbLine
 10
710.0043900116043
 20
229.5852845518109
 30
0.0
 11
711.3437025384193
 21
229.5852845518109
 31
0.0
  0
LINE
  5
A6C
330
1F
100
AcDbEntity
  8
0
370
    13
100
AcDbLine
 10
1025.004390011604
 20
229.5852845518109
 30
0.0
 11
1025.004390011604
 21
269.5852845518109
 31
0.0
  0
LINE
  5
A6D
330
1F
100
AcDbEntity
  8
0
370
    13
100
AcDbLine
 10
1025.004390011604
 20
269.5852845518109
 30
0.0
 11
1020.004390011604
 21
269.5852845518109
 31
0.0
  0
LINE
  5
A6E
330
1F
100
AcDbEntity
  8
0
370
    13
100
AcDbLine
 10
1020.004390011604
 20
269.5852845518109
 30
0.0
 11
1020.004390011604
 21
229.5852845518109
 31
0.0
  0
LINE
  5
A6F
330
1F
100
AcDbEntity
  8
0
370
    13
100
AcDbLine
 10
1020.004390011604
 20
229.5852845518109
 30
0.0
 11
1025.004390011604
 21
229.5852845518109
 31
0.0
  0
LWPOLYLINE
  5
A70
330
1F
100
AcDbEntity
  8
0
370
    13
100
AcDbPolyline
 90
        4
 70
     1
 43
0.0
 10
1020.004390011604
 20
269.5852845518109
 10
1015.004390011604
 20
269.5852845518109
 10
1015.004390011604
 20
254.5852845518109
 10
1020.004390011604
 20
254.5852845518109
  0
LWPOLYLINE
  5
A71
330
1F
100
AcDbEntity
  8
0
370
    13
100
AcDbPolyline
 90
        4
 70
     1
 43
0.0
 10
1020.004390011604
 20
229.5852845518109
 10
1015.004390011604
 20
229.5852845518109
 10
1015.004390011604
 20
244.5852845518109
 10
1020.004390011604
 20
244.5852845518109
  0
LINE
  5
A72
330
1F
100
AcDbEntity
  8
0
370
    13
100
AcDbLine
 10
1015.004390011604
 20
254.5852845518109
 30
0.0
 11
1015.004390011604
 21
244.5852845518109
 31
0.0
  0
ARC
  5
A73
330
1F
100
AcDbEntity
  8
0
370
    13
100
AcDbCircle
 10
1017.504390011604
 20
262.0852845518109
 30
0.0
 40
9.013878188659973
100
AcDbArc
 50
56.30993247402125
 51
123.6900675259788
  0
ARC
  5
A74
330
1F
100
AcDbEntity
  8
0
370
    13
100
AcDbCircle
 10
1017.504390011604
 20
237.0852845518109
 30
0.0
 40
9.013878188659973
100
AcDbArc
 50
236.3099324740211
 51
303.6900675259789
  0
LWPOLYLINE
  5
A75
330
1F
100
AcDbEntity
  8
0
370
    13
100
AcDbPolyline
 90
        2
 70
     0
 43
0.0
 10
1010.004390011604
 20
229.5852845518109
 10
1010.004390011604
 20
269.5852845518109
  0
LINE
  5
A76
330
1F
100
AcDbEntity
  8
0
370
    13
100
AcDbLine
 10
1015.004390011604
 20
269.5852845518109
 30
0.0
 11
1008.665077484789
 21
269.5852845518109
 31
0.0
  0
LINE
  5
A77
330
1F
100
AcDbEntity
  8
0
370
    13
100
AcDbLine
 10
1015.004390011604
 20
229.5852845518109
 30
0.0
 11
1008.665077484789
 21
229.5852845518109
 31
0.0
  0
LINE
  5
A83
330
1F
100
AcDbEntity
  8
J.Engineering
370
    13
100
AcDbLine
 10
830.0043900116043
 20
329.5852845518109
 30
0.0
 11
830.0043900116043
 21
344.5852845518109
 31
0.0
  0
LINE
  5
A84
330
1F
100
AcDbEntity
  8
J.Engineering
370
    13
100
AcDbLine
 10
831.909639818493
 20
359.5852845518109
 30
0.0
 11
888.0991402047156
 21
359.5852845518108
 31
0.0
  0
LINE
  5
A85
330
1F
100
AcDbEntity
  8
J.Engineering
370
    13
100
AcDbLine
 10
890.0043900116043
 20
344.5852845518109
 30
0.0
 11
890.0043900116043
 21
329.5852845518109
 31
0.0
  0
ARC
  5
A8F
330
1F
100
AcDbEntity
  8
J.Engineering
370
    13
100
AcDbCircle
 10
890.0043900116043
 20
344.5852845518109
 30
0.0
 40
60.0
100
AcDbArc
 50
165.5224878140701
 51
180.0
  0
ARC
  5
A90
330
1F
100
AcDbEntity
  8
J.Engineering
370
    13
100
AcDbCircle
 10
830.0043900116043
 20
344.5852845518109
 30
0.0
 40
60.0
100
AcDbArc
 50
0.0
 51
14.47751218592992
  0
LINE
  5
A9D
330
1F
100
AcDbEntity
  8
J.Engineering
370
     5
100
AcDbLine
 10
860.0043900116043
 20
359.5852845518109
 30
0.0
 11
860.0043900116043
 21
349.5852845518109
 31
0.0
  0
LINE
  5
A9E
330
1F
100
AcDbEntity
  8
J.Engineering
370
    13
100
AcDbLine
 10
889.7956937271113
 20
349.5852845518109
 30
0.0
 11
830.2130862960973
 21
349.5852845518109
 31
0.0
  0
LINE
  5
AA4
330
1F
100
AcDbEntity
  8
J.Engineering
370
     5
100
AcDbLine
 10
868.0043900116043
 20
359.5852845518109
 30
0.0
 11
868.0043900116043
 21
349.5852845518109
 31
0.0
  0
LINE
  5
AA6
330
1F
100
AcDbEntity
  8
J.Engineering
370
     5
100
AcDbLine
 10
876.0043900116043
 20
349.5852845518109
 30
0.0
 11
876.0043900116043
 21
359.5852845518108
 31
0.0
  0
LINE
  5
AA8
330
1F
100
AcDbEntity
  8
J.Engineering
370
     5
100
AcDbLine
 10
884.0043900116043
 20
359.5852845518108
 30
0.0
 11
884.0043900116043
 21
349.5852845518109
 31
0.0
  0
LINE
  5
AAA
330
1F
100
AcDbEntity
  8
J.Engineering
370
     5
100
AcDbLine
 10
852.0043900116043
 20
359.5852845518109
 30
0.0
 11
852.0043900116043
 21
349.5852845518109
 31
0.0
  0
LINE
  5
AAC
330
1F
100
AcDbEntity
  8
J.Engineering
370
     5
100
AcDbLine
 10
844.0043900116043
 20
349.5852845518109
 30
0.0
 11
844.0043900116043
 21
359.5852845518109
 31
0.0
  0
LINE
  5
AAE
330
1F
100
AcDbEntity
  8
J.Engineering
370
     5
100
AcDbLine
 10
836.0043900116043
 20
359.5852845518109
 30
0.0
 11
836.0043900116043
 21
349.5852845518109
 31
0.0
  0
LINE
  5
AB8
330
1F
100
AcDbEntity
  8
J.Engineering
370
    13
100
AcDbLine
 10
830.0043900116043
 20
169.5852845518109
 30
0.0
 11
830.0043900116043
 21
154.5852845518109
 31
0.0
  0
LINE
  5
AB9
330
1F
100
AcDbEntity
  8
J.Engineering
370
    13
100
AcDbLine
 10
831.909639818493
 20
139.5852845518109
 30
0.0
 11
888.0991402047156
 21
139.585284551811
 31
0.0
  0
LINE
  5
ABA
330
1F
100
AcDbEntity
  8
J.Engineering
370
    13
100
AcDbLine
 10
890.0043900116043
 20
154.5852845518109
 30
0.0
 11
890.0043900116043
 21
169.5852845518109
 31
0.0
  0
ARC
  5
ABB
330
1F
100
AcDbEntity
  8
J.Engineering
370
    13
100
AcDbCircle
 10
890.0043900116043
 20
154.5852845518109
 30
0.0
 40
60.0
100
AcDbArc
 50
180.0
 51
194.4775121859299
  0
ARC
  5
ABC
330
1F
100
AcDbEntity
  8
J.Engineering
370
    13
100
AcDbCircle
 10
830.0043900116043
 20
154.5852845518109
 30
0.0
 40
60.0
100
AcDbArc
 50
345.5224878140701
 51
0.0
  0
LINE
  5
ABD
330
1F
100
AcDbEntity
  8
J.Engineering
370
     5
100
AcDbLine
 10
860.0043900116043
 20
139.5852845518109
 30
0.0
 11
860.0043900116043
 21
149.5852845518109
 31
0.0
  0
LINE
  5
ABE
330
1F
100
AcDbEntity
  8
J.Engineering
370
    13
100
AcDbLine
 10
889.7956937271113
 20
149.5852845518109
 30
0.0
 11
830.2130862960973
 21
149.5852845518109
 31
0.0
  0
LINE
  5
AC1
330
1F
100
AcDbEntity
  8
J.Engineering
370
     5
100
AcDbLine
 10
868.0043900116043
 20
139.5852845518109
 30
0.0
 11
868.0043900116043
 21
149.5852845518109
 31
0.0
  0
LINE
  5
AC3
330
1F
100
AcDbEntity
  8
J.Engineering
370
     5
100
AcDbLine
 10
876.0043900116043
 20
149.5852845518109
 30
0.0
 11
876.0043900116043
 21
139.585284551811
 31
0.0
  0
LINE
  5
AC5
330
1F
100
AcDbEntity
  8
J.Engineering
370
     5
100
AcDbLine
 10
884.0043900116043
 20
139.585284551811
 30
0.0
 11
884.0043900116043
 21
149.5852845518109
 31
0.0
  0
LINE
  5
AC7
330
1F
100
AcDbEntity
  8
J.Engineering
370
     5
100
AcDbLine
 10
852.0043900116043
 20
139.5852845518109
 30
0.0
 11
852.0043900116043
 21
149.5852845518109
 31
0.0
  0
LINE
  5
AC9
330
1F
100
AcDbEntity
  8
J.Engineering
370
     5
100
AcDbLine
 10
844.0043900116043
 20
149.5852845518109
 30
0.0
 11
844.0043900116043
 21
139.5852845518109
 31
0.0
  0
LINE
  5
ACB
330
1F
100
AcDbEntity
  8
J.Engineering
370
     5
100
AcDbLine
 10
836.0043900116043
 20
139.5852845518109
 30
0.0
 11
836.0043900116043
 21
149.5852845518109
 31
0.0
  0
LINE
  5
B21
330
1F
100
AcDbEntity
  8
0
370
    13
100
AcDbLine
 10
1125.004390011604
 20
229.5852845518109
 30
0.0
 11
1125.004390011604
 21
269.5852845518109
 31
0.0
  0
LINE
  5
B23
330
1F
100
AcDbEntity
  8
0
370
    13
100
AcDbLine
 10
1125.004390011604
 20
269.5852845518109
 30
0.0
 11
1130.004390011604
 21
269.5852845518109
 31
0.0
  0
LINE
  5
B24
330
1F
100
AcDbEntity
  8
0
370
    13
100
AcDbLine
 10
1130.004390011604
 20
269.5852845518109
 30
0.0
 11
1130.004390011604
 21
229.5852845518109
 31
0.0
  0
LINE
  5
B25
330
1F
100
AcDbEntity
  8
0
370
    13
100
AcDbLine
 10
1130.004390011604
 20
229.5852845518109
 30
0.0
 11
1125.004390011604
 21
229.5852845518109
 31
0.0
  0
LWPOLYLINE
  5
B26
330
1F
100
AcDbEntity
  8
0
370
    13
100
AcDbPolyline
 90
        4
 70
     1
 43
0.0
 10
1130.004390011604
 20
269.5852845518109
 10
1135.004390011604
 20
269.5852845518109
 10
1135.004390011604
 20
254.5852845518109
 10
1130.004390011604
 20
254.5852845518109
  0
LWPOLYLINE
  5
B27
330
1F
100
AcDbEntity
  8
0
370
    13
100
AcDbPolyline
 90
        4
 70
     1
 43
0.0
 10
1130.004390011604
 20
229.5852845518109
 10
1135.004390011604
 20
229.5852845518109
 10
1135.004390011604
 20
244.5852845518109
 10
1130.004390011604
 20
244.5852845518109
  0
LINE
  5
B28
330
1F
100
AcDbEntity
  8
0
370
    13
100
AcDbLine
 10
1135.004390011604
 20
254.5852845518109
 30
0.0
 11
1135.004390011604
 21
244.5852845518109
 31
0.0
  0
ARC
  5
B29
330
1F
100
AcDbEntity
  8
0
370
    13
100
AcDbCircle
 10
1132.504390011604
 20
262.0852845518109
 30
0.0
 40
9.013878188659973
100
AcDbArc
 50
56.30993247402127
 51
123.6900675259787
  0
ARC
  5
B2A
330
1F
100
AcDbEntity
  8
0
370
    13
100
AcDbCircle
 10
1132.504390011604
 20
237.0852845518109
 30
0.0
 40
9.013878188659973
100
AcDbArc
 50
236.3099324740211
 51
303.6900675259787
  0
LWPOLYLINE
  5
B2B
330
1F
100
AcDbEntity
  8
0
370
    13
100
AcDbPolyline
 90
        2
 70
     0
 43
0.0
 10
1140.004390011604
 20
229.5852845518109
 10
1140.004390011604
 20
269.5852845518109
  0
LINE
  5
B2C
330
1F
100
AcDbEntity
  8
0
370
    13
100
AcDbLine
 10
1125.004390011604
 20
269.5852845518109
 30
0.0
 11
1115.004390011604
 21
269.5852845518109
 31
0.0
  0
ARC
  5
B2D
330
1F
100
AcDbEntity
  8
0
370
    13
100
AcDbCircle
 10
1095.004390011604
 20
269.5852845518109
 30
0.0
 40
20.0
100
AcDbArc
 50
0.0
 51
90.0
  0
LINE
  5
B2E
330
1F
100
AcDbEntity
  8
0
370
    13
100
AcDbLine
 10
1025.004390011604
 20
269.5852845518109
 30
0.0
 11
1035.004390011604
 21
269.5852845518109
 31
0.0
  0
ARC
  5
B2F
330
1F
100
AcDbEntity
  8
0
370
    13
100
AcDbCircle
 10
1055.004390011604
 20
269.5852845518109
 30
0.0
 40
20.0
100
AcDbArc
 50
90.0
 51
180.0
  0
LINE
  5
B30
330
1F
100
AcDbEntity
  8
0
370
    13
100
AcDbLine
 10
1125.004390011604
 20
229.5852845518109
 30
0.0
 11
1115.004390011604
 21
229.5852845518109
 31
0.0
  0
ARC
  5
B31
330
1F
100
AcDbEntity
  8
0
370
    13
100
AcDbCircle
 10
1095.004390011604
 20
229.5852845518109
 30
0.0
 40
20.0
100
AcDbArc
 50
270.0
 51
0.0
  0
LINE
  5
B33
330
1F
100
AcDbEntity
  8
0
370
    13
100
AcDbLine
 10
1055.004390011604
 20
199.5852845518109
 30
0.0
 11
1095.004390011604
 21
199.5852845518109
 31
0.0
  0
LINE
  5
B3F
330
1F
100
AcDbEntity
  8
0
370
    13
100
AcDbLine
 10
1025.004390011604
 20
229.5852845518109
 30
0.0
 11
1035.004390011604
 21
229.5852845518109
 31
0.0
  0
ARC
  5
B40
330
1F
100
AcDbEntity
  8
0
370
    13
100
AcDbCircle
 10
1055.004390011604
 20
229.5852845518109
 30
0.0
 40
20.0
100
AcDbArc
 50
180.0
 51
270.0
  0
LINE
  5
B41
330
1F
100
AcDbEntity
  8
0
370
    13
100
AcDbLine
 10
1055.004390011604
 20
199.5852845518109
 30
0.0
 11
1055.004390011604
 21
209.5852845518109
 31
0.0
  0
LINE
  5
B42
330
1F
100
AcDbEntity
  8
0
370
    13
100
AcDbLine
 10
1055.004390011604
 20
289.5852845518109
 30
0.0
 11
1055.004390011604
 21
299.5852845518109
 31
0.0
  0
LINE
  5
B43
330
1F
100
AcDbEntity
  8
0
370
    13
100
AcDbLine
 10
1055.004390011604
 20
299.5852845518109
 30
0.0
 11
1095.004390011604
 21
299.5852845518109
 31
0.0
  0
LINE
  5
B44
330
1F
100
AcDbEntity
  8
0
370
    13
100
AcDbLine
 10
1095.004390011604
 20
299.5852845518109
 30
0.0
 11
1095.004390011604
 21
289.5852845518109
 31
0.0
  0
LINE
  5
B46
330
1F
100
AcDbEntity
  8
0
370
    13
100
AcDbLine
 10
1095.004390011604
 20
209.5852845518109
 30
0.0
 11
1095.004390011604
 21
199.5852845518109
 31
0.0
  0
LINE
  5
B4F
330
1F
100
AcDbEntity
  8
0
370
    13
100
AcDbLine
 10
1135.004390011604
 20
269.5852845518109
 30
0.0
 11
1140.004390011604
 21
269.5852845518109
 31
0.0
  0
LINE
  5
B50
330
1F
100
AcDbEntity
  8
0
370
    13
100
AcDbLine
 10
1135.004390011604
 20
229.5852845518109
 30
0.0
 11
1140.004390011604
 21
229.5852845518108
 31
0.0
  0
ARC
  5
B7C
330
1F
100
AcDbEntity
  8
K.Power
370
    13
100
AcDbCircle
 10
1220.004390011604
 20
249.5852845518109
 30
0.0
 40
80.0
100
AcDbArc
 50
141.3178125465105
 51
218.6821874534895
  0
LINE
  5
B7D
330
1F
100
AcDbEntity
  8
K.Power
370
    13
100
AcDbLine
 10
1157.55441002762
 20
299.5852845518109
 30
0.0
 11
1282.454369995588
 21
299.5852845518109
 31
0.0
  0
LINE
  5
B7F
330
1F
100
AcDbEntity
  8
K.Power
370
    13
100
AcDbLine
 10
1282.454369995588
 20
199.5852845518109
 30
0.0
 11
1157.55441002762
 21
199.5852845518109
 31
0.0
  0
ARC
  5
B80
330
1F
100
AcDbEntity
  8
K.Power
370
    13
100
AcDbCircle
 10
1220.004390011604
 20
249.5852845518109
 30
0.0
 40
80.0
100
AcDbArc
 50
321.3178125465105
 51
38.68218745348948
  0
LINE
  5
B82
330
1F
100
AcDbEntity
  8
0
370
    13
100
AcDbLine
 10
1140.004390011604
 20
269.5852845518109
 30
0.0
 11
1142.544723087456
 21
269.5852845518109
 31
0.0
  0
LINE
  5
B83
330
1F
100
AcDbEntity
  8
0
370
    13
100
AcDbLine
 10
1140.004390011604
 20
229.5852845518109
 30
0.0
 11
1142.544723087456
 21
229.5852845518109
 31
0.0
  0
LINE
  5
B84
330
1F
100
AcDbEntity
  8
J.Engineering
370
    13
100
AcDbLine
 10
830.0043900116043
 20
329.5852845518109
 30
0.0
 11
810.0043900116043
 21
329.5852845518109
 31
0.0
  0
LINE
  5
B8C
330
1F
100
AcDbEntity
  8
J.Engineering
370
     9
100
AcDbLine
 10
810.0043900116043
 20
329.5852845518109
 30
0.0
 11
810.0043900116043
 21
314.5852845518109
 31
0.0
  0
LINE
  5
B8F
330
1F
100
AcDbEntity
  8
J.Engineering
370
     9
100
AcDbLine
 10
805.0043900116043
 20
309.5852845518109
 30
0.0
 11
765.0043900116043
 21
309.5852845518109
 31
0.0
  0
LINE
  5
B92
330
1F
100
AcDbEntity
  8
J.Engineering
370
     9
100
AcDbLine
 10
760.0043900116043
 20
314.5852845518109
 30
0.0
 11
760.0043900116043
 21
329.5852845518109
 31
0.0
  0
ARC
  5
B94
330
1F
100
AcDbEntity
  8
J.Engineering
370
     9
100
AcDbCircle
 10
765.0043900116043
 20
314.5852845518109
 30
0.0
 40
5.0
100
AcDbArc
 50
180.0
 51
270.0
  0
ARC
  5
B95
330
1F
100
AcDbEntity
  8
J.Engineering
370
     9
100
AcDbCircle
 10
805.0043900116043
 20
314.5852845518109
 30
0.0
 40
5.0
100
AcDbArc
 50
270.0
 51
0.0
  0
LINE
  5
B96
330
1F
100
AcDbEntity
  8
J.Engineering
370
     9
100
AcDbLine
 10
910.0043900116043
 20
329.5852845518109
 30
0.0
 11
910.0043900116043
 21
314.5852845518109
 31
0.0
  0
LINE
  5
B97
330
1F
100
AcDbEntity
  8
J.Engineering
370
     9
100
AcDbLine
 10
915.0043900116043
 20
309.5852845518109
 30
0.0
 11
955.0043900116043
 21
309.5852845518109
 31
0.0
  0
LINE
  5
B98
330
1F
100
AcDbEntity
  8
J.Engineering
370
     9
100
AcDbLine
 10
960.0043900116043
 20
314.5852845518109
 30
0.0
 11
960.0043900116043
 21
329.5852845518109
 31
0.0
  0
ARC
  5
B99
330
1F
100
AcDbEntity
  8
J.Engineering
370
     9
100
AcDbCircle
 10
955.0043900116043
 20
314.5852845518109
 30
0.0
 40
5.0
100
AcDbArc
 50
270.0
 51
0.000000000000007
  0
ARC
  5
B9A
330
1F
100
AcDbEntity
  8
J.Engineering
370
     9
100
AcDbCircle
 10
915.0043900116043
 20
314.5852845518109
 30
0.0
 40
5.0
100
AcDbArc
 50
180.0
 51
270.0
  0
LINE
  5
B9B
330
1F
100
AcDbEntity
  8
J.Engineering
370
     9
100
AcDbLine
 10
810.0043900116043
 20
169.5852845518109
 30
0.0
 11
810.0043900116043
 21
184.5852845518109
 31
0.0
  0
LINE
  5
B9C
330
1F
100
AcDbEntity
  8
J.Engineering
370
     9
100
AcDbLine
 10
805.0043900116043
 20
189.5852845518109
 30
0.0
 11
765.0043900116043
 21
189.5852845518109
 31
0.0
  0
LINE
  5
B9D
330
1F
100
AcDbEntity
  8
J.Engineering
370
     9
100
AcDbLine
 10
760.0043900116043
 20
184.5852845518109
 30
0.0
 11
760.0043900116043
 21
169.5852845518109
 31
0.0
  0
ARC
  5
B9E
330
1F
100
AcDbEntity
  8
J.Engineering
370
     9
100
AcDbCircle
 10
765.0043900116043
 20
184.5852845518109
 30
0.0
 40
5.0
100
AcDbArc
 50
90.00000000000001
 51
180.0
  0
ARC
  5
B9F
330
1F
100
AcDbEntity
  8
J.Engineering
370
     9
100
AcDbCircle
 10
805.0043900116043
 20
184.5852845518109
 30
0.0
 40
5.0
100
AcDbArc
 50
0.0
 51
90.00000000000001
  0
LINE
  5
BA0
330
1F
100
AcDbEntity
  8
J.Engineering
370
     9
100
AcDbLine
 10
910.0043900116043
 20
169.5852845518109
 30
0.0
 11
910.0043900116043
 21
184.5852845518109
 31
0.0
  0
LINE
  5
BA1
330
1F
100
AcDbEntity
  8
J.Engineering
370
     9
100
AcDbLine
 10
915.0043900116043
 20
189.5852845518109
 30
0.0
 11
955.0043900116043
 21
189.5852845518109
 31
0.0
  0
LINE
  5
BA2
330
1F
100
AcDbEntity
  8
J.Engineering
370
     9
100
AcDbLine
 10
960.0043900116043
 20
184.5852845518109
 30
0.0
 11
960.0043900116043
 21
169.5852845518109
 31
0.0
  0
ARC
  5
BA3
330
1F
100
AcDbEntity
  8
J.Engineering
370
     9
100
AcDbCircle
 10
955.0043900116043
 20
184.5852845518109
 30
0.0
 40
5.0
100
AcDbArc
 50
0.0
 51
90.00000000000001
  0
ARC
  5
BA4
330
1F
100
AcDbEntity
  8
J.Engineering
370
     9
100
AcDbCircle
 10
915.0043900116043
 20
184.5852845518109
 30
0.0
 40
5.0
100
AcDbArc
 50
90.00000000000001
 51
180.0
  0
CIRCLE
  5
BA7
330
1F
100
AcDbEntity
  8
K.Power
370
    15
100
AcDbCircle
 10
1190.004390011604
 20
249.5852845518109
 30
0.0
 40
15.0
  0
CIRCLE
  5
BAB
330
1F
100
AcDbEntity
  8
K.Power
370
    15
100
AcDbCircle
 10
1190.004390011604
 20
249.5852845518109
 30
0.0
 40
12.0
  0
CIRCLE
  5
BB5
330
1F
100
AcDbEntity
  8
K.Power
370
     5
100
AcDbCircle
 10
1190.004390011604
 20
249.5852845518109
 30
0.0
 40
5.0
  0
ARC
  5
BB7
330
1F
100
AcDbEntity
  8
K.Power
370
     5
100
AcDbCircle
 10
1190.004390011604
 20
249.5852845518109
 30
0.0
 40
4.0
100
AcDbArc
 50
232.1807557814593
 51
307.8192442185406
  0
LINE
  5
BB9
330
1F
100
AcDbEntity
  8
K.Power
370
     5
100
AcDbLine
 10
1190.004390011604
 20
250.2923913329975
 30
0.0
 11
1187.551700362117
 21
252.7450809824846
 31
0.0
  0
LINE
  5
BBB
330
1F
100
AcDbEntity
  8
K.Power
370
     5
100
AcDbLine
 10
1186.84459358093
 20
252.0379742012981
 30
0.0
 11
1189.297283230418
 21
249.5852845518109
 31
0.0
  0
LINE
  5
BBD
330
1F
100
AcDbEntity
  8
K.Power
370
     5
100
AcDbLine
 10
1193.164186442278
 20
247.1325949023239
 30
0.0
 11
1190.711496792791
 21
249.5852845518109
 31
0.0
  0
LINE
  5
BBF
330
1F
100
AcDbEntity
  8
K.Power
370
     5
100
AcDbLine
 10
1190.004390011604
 20
250.2923913329975
 30
0.0
 11
1192.457079661091
 21
252.7450809824848
 31
0.0
  0
LINE
  5
BC1
330
1F
100
AcDbEntity
  8
K.Power
370
     5
100
AcDbLine
 10
1193.164186442278
 20
252.0379742012982
 30
0.0
 11
1190.711496792791
 21
249.5852845518109
 31
0.0
  0
LINE
  5
BC3
330
1F
100
AcDbEntity
  8
K.Power
370
     5
100
AcDbLine
 10
1186.84459358093
 20
247.1325949023237
 30
0.0
 11
1189.297283230418
 21
249.5852845518109
 31
0.0
  0
LINE
  5
BC7
330
1F
100
AcDbEntity
  8
K.Power
370
     5
100
AcDbLine
 10
1190.004390011604
 20
248.8781777706243
 30
0.0
 11
1192.457079661091
 21
246.4254881211372
 31
0.0
  0
LINE
  5
BC8
330
1F
100
AcDbEntity
  8
K.Power
370
     5
100
AcDbLine
 10
1190.004390011604
 20
248.8781777706243
 30
0.0
 11
1187.551700362117
 21
246.4254881211372
 31
0.0
  0
ARC
  5
BC9
330
1F
100
AcDbEntity
  8
K.Power
370
     5
100
AcDbCircle
 10
1190.004390011604
 20
249.5852845518109
 30
0.0
 40
4.0
100
AcDbArc
 50
142.1807557814593
 51
217.8192442185407
  0
ARC
  5
BCA
330
1F
100
AcDbEntity
  8
K.Power
370
     5
100
AcDbCircle
 10
1190.004390011604
 20
249.5852845518109
 30
0.0
 40
4.0
100
AcDbArc
 50
52.18075578145933
 51
127.8192442185407
  0
ARC
  5
BCB
330
1F
100
AcDbEntity
  8
K.Power
370
     5
100
AcDbCircle
 10
1190.004390011604
 20
249.5852845518109
 30
0.0
 40
4.0
100
AcDbArc
 50
322.1807557814593
 51
37.81924421854067
  0
CIRCLE
  5
BCC
330
1F
100
AcDbEntity
  8
K.Power
370
    15
100
AcDbCircle
 10
1250.004390011604
 20
249.5852845518109
 30
0.0
 40
15.0
  0
CIRCLE
  5
BCD
330
1F
100
AcDbEntity
  8
K.Power
370
    15
100
AcDbCircle
 10
1250.004390011604
 20
249.5852845518109
 30
0.0
 40
12.0
  0
LINE
  5
C25
330
1F
100
AcDbEntity
  8
J.Engineering
370
    13
100
AcDbLine
 10
733.1186146071091
 20
329.5852845518109
 30
0.0
 11
733.1186146071091
 21
169.5852845518109
 31
0.0
  0
LINE
  5
C27
330
1F
100
AcDbEntity
  8
J.Engineering
370
    13
100
AcDbLine
 10
986.8901654160995
 20
329.5852845518109
 30
0.0
 11
986.8901654160995
 21
169.5852845518109
 31
0.0
  0
LINE
  5
C28
330
1F
100
AcDbEntity
  8
K.Power
370
    13
100
AcDbLine
 10
1157.55441002762
 20
299.5852845518109
 30
0.0
 11
1157.55441002762
 21
199.5852845518109
 31
0.0
  0
LINE
  5
C29
330
1F
100
AcDbEntity
  8
K.Power
370
    13
100
AcDbLine
 10
1282.454369995588
 20
299.585284551811
 30
0.0
 11
1282.454369995588
 21
199.5852845518109
 31
0.0
  0
CIRCLE
  5
C42
330
1F
100
AcDbEntity
  8
K.Power
370
     5
100
AcDbCircle
 10
1250.004390011604
 20
249.5852845518109
 30
0.0
 40
5.0
  0
ARC
  5
C43
330
1F
100
AcDbEntity
  8
K.Power
370
     5
100
AcDbCircle
 10
1250.004390011604
 20
249.5852845518109
 30
0.0
 40
4.0
100
AcDbArc
 50
232.1807557814593
 51
307.8192442185407
  0
ARC
  5
C44
330
1F
100
AcDbEntity
  8
K.Power
370
     5
100
AcDbCircle
 10
1250.004390011604
 20
249.5852845518109
 30
0.0
 40
4.0
100
AcDbArc
 50
322.1807557814592
 51
37.81924421854075
  0
ARC
  5
C45
330
1F
100
AcDbEntity
  8
K.Power
370
     5
100
AcDbCircle
 10
1250.004390011604
 20
249.5852845518109
 30
0.0
 40
4.0
100
AcDbArc
 50
52.18075578145931
 51
127.8192442185407
  0
ARC
  5
C46
330
1F
100
AcDbEntity
  8
K.Power
370
     5
100
AcDbCircle
 10
1250.004390011604
 20
249.5852845518109
 30
0.0
 40
4.0
100
AcDbArc
 50
142.1807557814593
 51
217.8192442185407
  0
LINE
  5
C47
330
1F
100
AcDbEntity
  8
K.Power
370
     5
100
AcDbLine
 10
1250.004390011604
 20
250.2923913329975
 30
0.0
 11
1247.551700362117
 21
252.7450809824846
 31
0.0
  0
LINE
  5
C48
330
1F
100
AcDbEntity
  8
K.Power
370
     5
100
AcDbLine
 10
1246.84459358093
 20
252.0379742012981
 30
0.0
 11
1249.297283230418
 21
249.5852845518109
 31
0.0
  0
LINE
  5
C49
330
1F
100
AcDbEntity
  8
K.Power
370
     5
100
AcDbLine
 10
1250.004390011604
 20
248.8781777706243
 30
0.0
 11
1252.457079661091
 21
246.4254881211372
 31
0.0
  0
LINE
  5
C4A
330
1F
100
AcDbEntity
  8
K.Power
370
     5
100
AcDbLine
 10
1253.164186442278
 20
247.1325949023239
 30
0.0
 11
1250.711496792791
 21
249.5852845518109
 31
0.0
  0
LINE
  5
C4B
330
1F
100
AcDbEntity
  8
K.Power
370
     5
100
AcDbLine
 10
1250.004390011604
 20
250.2923913329975
 30
0.0
 11
1252.457079661091
 21
252.7450809824848
 31
0.0
  0
LINE
  5
C4C
330
1F
100
AcDbEntity
  8
K.Power
370
     5
100
AcDbLine
 10
1253.164186442278
 20
252.0379742012982
 30
0.0
 11
1250.711496792791
 21
249.5852845518109
 31
0.0
  0
LINE
  5
C4D
330
1F
100
AcDbEntity
  8
K.Power
370
     5
100
AcDbLine
 10
1250.004390011604
 20
248.8781777706243
 30
0.0
 11
1247.551700362117
 21
246.4254881211372
 31
0.0
  0
LINE
  5
C4E
330
1F
100
AcDbEntity
  8
K.Power
370
     5
100
AcDbLine
 10
1246.84459358093
 20
247.1325949023237
 30
0.0
 11
1249.297283230418
 21
249.5852845518109
 31
0.0
  0
ARC
  5
C61
330
1F
100
AcDbEntity
  8
0
370
    13
100
AcDbCircle
 10
-207.4956099883958
 20
332.0852845518109
 30
0.0
 40
2.5
100
AcDbArc
 50
270.0
 51
90.0
  0
ARC
  5
C62
330
1F
100
AcDbEntity
  8
0
370
    13
100
AcDbCircle
 10
-207.4956099883958
 20
327.0852845518109
 30
0.0
 40
2.5
100
AcDbArc
 50
270.0
 51
90.0
  0
ARC
  5
C63
330
1F
100
AcDbEntity
  8
0
370
    13
100
AcDbCircle
 10
-207.4956099883958
 20
322.0852845518109
 30
0.0
 40
2.5
100
AcDbArc
 50
270.0
 51
90.0
  0
ARC
  5
C64
330
1F
100
AcDbEntity
  8
0
370
    13
100
AcDbCircle
 10
-207.4956099883958
 20
317.0852845518109
 30
0.0
 40
2.5
100
AcDbArc
 50
270.0
 51
90.0
  0
ARC
  5
C67
330
1F
100
AcDbEntity
  8
0
370
    13
100
AcDbCircle
 10
-232.4956099883958
 20
332.0852845518109
 30
0.0
 40
2.5
100
AcDbArc
 50
90.0
 51
270.0
  0
ARC
  5
C68
330
1F
100
AcDbEntity
  8
0
370
    13
100
AcDbCircle
 10
-232.4956099883958
 20
327.0852845518109
 30
0.0
 40
2.5
100
AcDbArc
 50
90.0
 51
270.0
  0
ARC
  5
C69
330
1F
100
AcDbEntity
  8
0
370
    13
100
AcDbCircle
 10
-232.4956099883958
 20
322.0852845518109
 30
0.0
 40
2.5
100
AcDbArc
 50
90.0
 51
270.0
  0
ARC
  5
C6A
330
1F
100
AcDbEntity
  8
0
370
    13
100
AcDbCircle
 10
-232.4956099883958
 20
317.0852845518109
 30
0.0
 40
2.5
100
AcDbArc
 50
90.0
 51
270.0
  0
ARC
  5
C6D
330
1F
100
AcDbEntity
  8
0
370
    13
100
AcDbCircle
 10
-207.4956099883958
 20
342.0852845518109
 30
0.0
 40
2.5
100
AcDbArc
 50
270.0
 51
90.0
  0
ARC
  5
C6E
330
1F
100
AcDbEntity
  8
0
370
    13
100
AcDbCircle
 10
-207.4956099883958
 20
337.0852845518109
 30
0.0
 40
2.5
100
AcDbArc
 50
270.0
 51
90.0
  0
ARC
  5
C6F
330
1F
100
AcDbEntity
  8
0
370
    13
100
AcDbCircle
 10
-232.4956099883958
 20
342.0852845518109
 30
0.0
 40
2.5
100
AcDbArc
 50
90.0
 51
270.0
  0
ARC
  5
C70
330
1F
100
AcDbEntity
  8
0
370
    13
100
AcDbCircle
 10
-232.4956099883958
 20
337.0852845518109
 30
0.0
 40
2.5
100
AcDbArc
 50
90.0
 51
270.0
  0
LINE
  5
C71
330
1F
100
AcDbEntity
  8
0
370
    13
100
AcDbLine
 10
-232.4956099883958
 20
344.5852845518109
 30
0.0
 11
-207.4956099883958
 21
344.5852845518109
 31
0.0
  0
LINE
  5
C8B
330
1F
100
AcDbEntity
  8
0
370
    13
100
AcDbLine
 10
-232.4956099883958
 20
339.5852845518109
 30
0.0
 11
-207.4956099883958
 21
339.5852845518109
 31
0.0
  0
LINE
  5
C8C
330
1F
100
AcDbEntity
  8
0
370
    13
100
AcDbLine
 10
-232.4956099883958
 20
334.5852845518109
 30
0.0
 11
-207.4956099883958
 21
334.5852845518109
 31
0.0
  0
LINE
  5
C8D
330
1F
100
AcDbEntity
  8
0
370
    13
100
AcDbLine
 10
-232.4956099883958
 20
329.5852845518109
 30
0.0
 11
-207.4956099883958
 21
329.5852845518109
 31
0.0
  0
LINE
  5
C8E
330
1F
100
AcDbEntity
  8
0
370
    13
100
AcDbLine
 10
-232.4956099883958
 20
324.5852845518109
 30
0.0
 11
-207.4956099883958
 21
324.5852845518109
 31
0.0
  0
LINE
  5
C8F
330
1F
100
AcDbEntity
  8
0
370
    13
100
AcDbLine
 10
-232.4956099883958
 20
319.5852845518109
 30
0.0
 11
-207.4956099883958
 21
319.5852845518109
 31
0.0
  0
LINE
  5
F40
330
1F
100
AcDbEntity
  8
0
370
     5
100
AcDbLine
 10
1065.004390011604
 20
198.5852845518111
 30
0.0
 11
1065.004390011604
 21
179.585284551811
 31
0.0
  0
LINE
  5
F41
330
1F
100
AcDbEntity
  8
0
370
     5
100
AcDbLine
 10
1065.004390011604
 20
179.585284551811
 30
0.0
 11
1084.004390011604
 21
179.585284551811
 31
0.0
  0
LINE
  5
F42
330
1F
100
AcDbEntity
  8
0
370
     5
100
AcDbLine
 10
1085.004390011604
 20
180.5852845518111
 30
0.0
 11
1085.004390011604
 21
199.585284551811
 31
0.0
  0
LINE
  5
F43
330
1F
100
AcDbEntity
  8
0
370
     5
100
AcDbLine
 10
1065.004390011604
 20
198.585284551811
 30
0.0
 11
1084.004390011604
 21
179.585284551811
 31
0.0
  0
LINE
  5
F44
330
1F
100
AcDbEntity
  8
0
370
     5
100
AcDbLine
 10
1066.004390011604
 20
199.585284551811
 30
0.0
 11
1085.004390011604
 21
180.585284551811
 31
0.0
  0
LINE
  5
F45
330
1F
100
AcDbEntity
  8
0
370
     5
100
AcDbLine
 10
1063.604390011604
 20
199.585284551811
 30
0.0
 11
1063.604390011604
 21
179.585284551811
 31
0.0
  0
LINE
  5
F46
330
1F
100
AcDbEntity
  8
0
370
     5
100
AcDbLine
 10
1063.604390011604
 20
179.585284551811
 30
0.0
 11
1063.604390011604
 21
178.185284551811
 31
0.0
  0
LINE
  5
F47
330
1F
100
AcDbEntity
  8
0
370
     5
100
AcDbLine
 10
1086.404390011604
 20
178.185284551811
 30
0.0
 11
1086.404390011604
 21
199.585284551811
 31
0.0
  0
LINE
  5
F48
330
1F
100
AcDbEntity
  8
0
370
     5
100
AcDbLine
 10
1065.004390011604
 20
159.1852845518109
 30
0.0
 11
1065.004390011604
 21
178.185284551811
 31
0.0
  0
LINE
  5
F49
330
1F
100
AcDbEntity
  8
0
370
     5
100
AcDbLine
 10
1085.004390011604
 20
177.1852845518109
 30
0.0
 11
1085.004390011604
 21
158.185284551811
 31
0.0
  0
LINE
  5
F4A
330
1F
100
AcDbEntity
  8
0
370
     5
100
AcDbLine
 10
1065.004390011604
 20
159.185284551811
 30
0.0
 11
1084.004390011604
 21
178.185284551811
 31
0.0
  0
LINE
  5
F4B
330
1F
100
AcDbEntity
  8
0
370
     5
100
AcDbLine
 10
1066.004390011604
 20
158.185284551811
 30
0.0
 11
1085.004390011604
 21
177.185284551811
 31
0.0
  0
LINE
  5
F4C
330
1F
100
AcDbEntity
  8
0
370
     5
100
AcDbLine
 10
1063.604390011604
 20
158.185284551811
 30
0.0
 11
1063.604390011604
 21
178.185284551811
 31
0.0
  0
LINE
  5
F4D
330
1F
100
AcDbEntity
  8
0
370
     5
100
AcDbLine
 10
1065.004390011604
 20
178.185284551811
 30
0.0
 11
1084.004390011604
 21
178.185284551811
 31
0.0
  0
LINE
  5
F4E
330
1F
100
AcDbEntity
  8
0
370
     5
100
AcDbLine
 10
1086.404390011604
 20
178.185284551811
 30
0.0
 11
1086.404390011604
 21
158.185284551811
 31
0.0
  0
LINE
  5
F4F
330
1F
100
AcDbEntity
  8
0
370
     5
100
AcDbLine
 10
1086.404390011604
 20
158.185284551811
 30
0.0
 11
1086.404390011604
 21
156.785284551811
 31
0.0
  0
LINE
  5
F50
330
1F
100
AcDbEntity
  8
0
370
     5
100
AcDbLine
 10
1085.004390011604
 20
156.785284551811
 30
0.0
 11
1066.004390011604
 21
156.785284551811
 31
0.0
  0
LINE
  5
F51
330
1F
100
AcDbEntity
  8
0
370
     5
100
AcDbLine
 10
1063.604390011604
 20
156.785284551811
 30
0.0
 11
1063.604390011604
 21
158.185284551811
 31
0.0
  0
LINE
  5
F52
330
1F
100
AcDbEntity
  8
0
370
     5
100
AcDbLine
 10
1066.004390011604
 20
158.185284551811
 30
0.0
 11
1085.004390011604
 21
158.185284551811
 31
0.0
  0
LINE
  5
F53
330
1F
100
AcDbEntity
  8
0
370
     5
100
AcDbLine
 10
1065.004390011604
 20
155.7852845518111
 30
0.0
 11
1065.004390011604
 21
136.785284551811
 31
0.0
  0
LINE
  5
F54
330
1F
100
AcDbEntity
  8
0
370
     5
100
AcDbLine
 10
1065.004390011604
 20
136.785284551811
 30
0.0
 11
1084.004390011604
 21
136.785284551811
 31
0.0
  0
LINE
  5
F55
330
1F
100
AcDbEntity
  8
0
370
     5
100
AcDbLine
 10
1085.004390011604
 20
137.7852845518111
 30
0.0
 11
1085.004390011604
 21
156.785284551811
 31
0.0
  0
LINE
  5
F56
330
1F
100
AcDbEntity
  8
0
370
     5
100
AcDbLine
 10
1065.004390011604
 20
155.785284551811
 30
0.0
 11
1084.004390011604
 21
136.785284551811
 31
0.0
  0
LINE
  5
F57
330
1F
100
AcDbEntity
  8
0
370
     5
100
AcDbLine
 10
1066.004390011604
 20
156.785284551811
 30
0.0
 11
1085.004390011604
 21
137.785284551811
 31
0.0
  0
LINE
  5
F58
330
1F
100
AcDbEntity
  8
0
370
     5
100
AcDbLine
 10
1063.604390011604
 20
156.785284551811
 30
0.0
 11
1063.604390011604
 21
136.7852845518109
 31
0.0
  0
LINE
  5
F59
330
1F
100
AcDbEntity
  8
0
370
     5
100
AcDbLine
 10
1063.604390011604
 20
136.7852845518109
 30
0.0
 11
1063.604390011604
 21
135.385284551811
 31
0.0
  0
LINE
  5
F5A
330
1F
100
AcDbEntity
  8
0
370
     5
100
AcDbLine
 10
1086.404390011604
 20
135.385284551811
 30
0.0
 11
1086.404390011604
 21
156.785284551811
 31
0.0
  0
LINE
  5
F5B
330
1F
100
AcDbEntity
  8
0
370
     5
100
AcDbLine
 10
1063.604390011604
 20
136.7852845518109
 30
0.0
 11
1063.604390011604
 21
135.385284551811
 31
0.0
  0
LINE
  5
F5C
330
1F
100
AcDbEntity
  8
0
370
     5
100
AcDbLine
 10
1086.404390011604
 20
135.385284551811
 30
0.0
 11
1086.404390011604
 21
156.7852845518109
 31
0.0
  0
LINE
  5
F5D
330
1F
100
AcDbEntity
  8
0
370
     5
100
AcDbLine
 10
1065.004390011604
 20
116.3852845518109
 30
0.0
 11
1065.004390011604
 21
135.385284551811
 31
0.0
  0
LINE
  5
F5E
330
1F
100
AcDbEntity
  8
0
370
     5
100
AcDbLine
 10
1085.004390011604
 20
134.3852845518109
 30
0.0
 11
1085.004390011604
 21
115.385284551811
 31
0.0
  0
LINE
  5
F5F
330
1F
100
AcDbEntity
  8
0
370
     5
100
AcDbLine
 10
1065.004390011604
 20
116.385284551811
 30
0.0
 11
1084.004390011604
 21
135.385284551811
 31
0.0
  0
LINE
  5
F60
330
1F
100
AcDbEntity
  8
0
370
     5
100
AcDbLine
 10
1066.004390011604
 20
115.385284551811
 30
0.0
 11
1085.004390011604
 21
134.385284551811
 31
0.0
  0
LINE
  5
F61
330
1F
100
AcDbEntity
  8
0
370
     5
100
AcDbLine
 10
1063.604390011604
 20
115.385284551811
 30
0.0
 11
1063.604390011604
 21
135.385284551811
 31
0.0
  0
LINE
  5
F62
330
1F
100
AcDbEntity
  8
0
370
     5
100
AcDbLine
 10
1086.404390011604
 20
135.385284551811
 30
0.0
 11
1086.404390011604
 21
115.385284551811
 31
0.0
  0
LINE
  5
F63
330
1F
100
AcDbEntity
  8
0
370
     5
100
AcDbLine
 10
1086.404390011604
 20
115.385284551811
 30
0.0
 11
1086.404390011604
 21
113.985284551811
 31
0.0
  0
LINE
  5
F64
330
1F
100
AcDbEntity
  8
0
370
     5
100
AcDbLine
 10
1085.004390011604
 20
113.985284551811
 30
0.0
 11
1066.004390011604
 21
113.985284551811
 31
0.0
  0
LINE
  5
F65
330
1F
100
AcDbEntity
  8
0
370
     5
100
AcDbLine
 10
1063.604390011604
 20
113.985284551811
 30
0.0
 11
1063.604390011604
 21
115.385284551811
 31
0.0
  0
LINE
  5
F66
330
1F
100
AcDbEntity
  8
0
370
     5
100
AcDbLine
 10
1066.004390011604
 20
115.385284551811
 30
0.0
 11
1085.004390011604
 21
115.385284551811
 31
0.0
  0
LINE
  5
F67
330
1F
100
AcDbEntity
  8
0
370
     5
100
AcDbLine
 10
1065.004390011604
 20
112.9852845518111
 30
0.0
 11
1065.004390011604
 21
93.98528455181099
 31
0.0
  0
LINE
  5
F68
330
1F
100
AcDbEntity
  8
0
370
     5
100
AcDbLine
 10
1065.004390011604
 20
93.98528455181099
 30
0.0
 11
1084.004390011604
 21
93.98528455181099
 31
0.0
  0
LINE
  5
F69
330
1F
100
AcDbEntity
  8
0
370
     5
100
AcDbLine
 10
1085.004390011604
 20
94.9852845518111
 30
0.0
 11
1085.004390011604
 21
113.985284551811
 31
0.0
  0
LINE
  5
F6A
330
1F
100
AcDbEntity
  8
0
370
     5
100
AcDbLine
 10
1065.004390011604
 20
112.985284551811
 30
0.0
 11
1084.004390011604
 21
93.98528455181099
 31
0.0
  0
LINE
  5
F6B
330
1F
100
AcDbEntity
  8
0
370
     5
100
AcDbLine
 10
1066.004390011604
 20
113.985284551811
 30
0.0
 11
1085.004390011604
 21
94.98528455181099
 31
0.0
  0
LINE
  5
F6C
330
1F
100
AcDbEntity
  8
0
370
     5
100
AcDbLine
 10
1063.604390011604
 20
113.985284551811
 30
0.0
 11
1063.604390011604
 21
93.98528455181093
 31
0.0
  0
LINE
  5
F6D
330
1F
100
AcDbEntity
  8
0
370
     5
100
AcDbLine
 10
1086.404390011604
 20
92.58528455181101
 30
0.0
 11
1086.404390011604
 21
113.985284551811
 31
0.0
  0
LINE
  5
F6E
330
1F
100
AcDbEntity
  8
0
370
     5
100
AcDbLine
 10
1065.004390011604
 20
135.385284551811
 30
0.0
 11
1084.004390011604
 21
135.385284551811
 31
0.0
  0
LINE
  5
F6F
330
1F
100
AcDbEntity
  8
0
370
     5
100
AcDbLine
 10
1086.404390011604
 20
92.58528455181096
 30
0.0
 11
1086.404390011604
 21
113.9852845518109
 31
0.0
  0
LINE
  5
F70
330
1F
100
AcDbEntity
  8
0
370
     5
100
AcDbLine
 10
1065.004390011604
 20
73.58528455181084
 30
0.0
 11
1065.004390011604
 21
92.58528455181096
 31
0.0
  0
LINE
  5
F71
330
1F
100
AcDbEntity
  8
0
370
     5
100
AcDbLine
 10
1085.004390011604
 20
91.58528455181084
 30
0.0
 11
1085.004390011604
 21
72.58528455181096
 31
0.0
  0
LINE
  5
F72
330
1F
100
AcDbEntity
  8
0
370
     5
100
AcDbLine
 10
1065.004390011604
 20
73.58528455181096
 30
0.0
 11
1084.004390011604
 21
92.58528455181096
 31
0.0
  0
LINE
  5
F73
330
1F
100
AcDbEntity
  8
0
370
     5
100
AcDbLine
 10
1066.004390011604
 20
72.58528455181096
 30
0.0
 11
1085.004390011604
 21
91.58528455181096
 31
0.0
  0
LINE
  5
F74
330
1F
100
AcDbEntity
  8
0
370
     5
100
AcDbLine
 10
1063.604390011604
 20
72.58528455181096
 30
0.0
 11
1063.604390011604
 21
93.98528455181093
 31
0.0
  0
LINE
  5
F75
330
1F
100
AcDbEntity
  8
0
370
     5
100
AcDbLine
 10
1086.404390011604
 20
92.58528455181096
 30
0.0
 11
1086.404390011604
 21
72.58528455181096
 31
0.0
  0
LINE
  5
F76
330
1F
100
AcDbEntity
  8
0
370
     5
100
AcDbLine
 10
1066.004390011604
 20
72.58528455181096
 30
0.0
 11
1085.004390011604
 21
72.58528455181096
 31
0.0
  0
LINE
  5
F77
330
1F
100
AcDbEntity
  8
0
370
     5
100
AcDbLine
 10
1063.604390011604
 20
72.58528455181096
 30
0.0
 11
1063.604390011604
 21
71.18528455181098
 31
0.0
  0
LINE
  5
F78
330
1F
100
AcDbEntity
  8
0
370
    13
100
AcDbLine
 10
1063.604390011604
 20
71.18528455181098
 30
0.0
 11
1086.404390011604
 21
71.18528455181104
 31
0.0
  0
LINE
  5
F79
330
1F
100
AcDbEntity
  8
0
370
     5
100
AcDbLine
 10
1086.404390011604
 20
71.18528455181104
 30
0.0
 11
1086.404390011604
 21
72.58528455181096
 31
0.0
  0
ELLIPSE
  5
F7A
330
1F
100
AcDbEntity
  8
A.Engines
370
    13
100
AcDbEllipse
 10
1045.055830290103
 20
50.21012699638817
 30
0.0
 11
3.673940397442059E-15
 21
-20.0
 31
0.0
210
0.0
220
0.0
230
-1.0
 40
0.25
 41
1.570796326794897
 42
3.141592653589793
  0
ELLIPSE
  5
F7B
330
1F
100
AcDbEntity
  8
A.Engines
370
    13
100
AcDbEllipse
 10
1046.121346412036
 20
65.32497854481579
 30
0.0
 11
-19.54059380628908
 21
-4.262064487735583
 31
0.0
210
0.0
220
0.0
230
-1.0
 40
0.25
 41
1.570796326794897
 42
2.730075807522303
  0
LINE
  5
F7C
330
1F
100
AcDbEntity
  8
A.Engines
370
    13
100
AcDbLine
 10
1040.055830290103
 20
50.21012699638817
 30
0.0
 11
1040.055830290103
 21
40.21012699638817
 31
0.0
  0
ELLIPSE
  5
F7D
330
1F
100
AcDbEntity
  8
A.Engines
370
    13
100
AcDbEllipse
 10
1045.055830290103
 20
30.21012699638828
 30
0.0
 11
-3.673940397442059E-15
 21
20.0
 31
0.0
210
0.0
220
0.0
230
1.0
 40
0.25
 41
1.570796326794897
 42
3.141592653589793
  0
ELLIPSE
  5
F7E
330
1F
100
AcDbEntity
  8
A.Engines
370
    13
100
AcDbEllipse
 10
1046.121346412036
 20
15.09527544796066
 30
0.0
 11
-19.54059380628908
 21
4.262064487735576
 31
0.0
210
0.0
220
0.0
230
1.0
 40
0.25
 41
1.570796326794897
 42
2.730075807522303
  0
LINE
  5
F7F
330
1F
100
AcDbEntity
  8
A.Engines
370
    13
100
AcDbLine
 10
1040.055830290103
 20
30.21012699638828
 30
0.0
 11
1040.055830290103
 21
40.21012699638817
 31
0.0
  0
LINE
  5
F80
330
1F
100
AcDbEntity
  8
A.Engines
370
    13
100
AcDbLine
 10
1045.055830290103
 20
10.2101269963884
 30
0.0
 11
1045.055830290103
 21
70.21012699638806
 31
0.0
  0
LINE
  5
F81
330
1F
100
AcDbEntity
  8
A.Engines
370
    13
100
AcDbLine
 10
1063.604390011604
 20
9.234969440965472
 30
0.0
 11
1063.604390011604
 21
71.18528455181098
 31
0.0
  0
LINE
  5
F82
330
1F
100
AcDbEntity
  8
A.Engines
370
    13
100
AcDbLine
 10
1035.055830290103
 20
40.21012699638817
 30
0.0
 11
1035.055830290103
 21
25.21012699638817
 31
0.0
  0
LINE
  5
F83
330
1F
100
AcDbEntity
  8
A.Engines
370
    13
100
AcDbLine
 10
1035.055830290103
 20
25.21012699638817
 30
0.0
 11
1040.829123123241
 21
19.52559872371302
 31
0.0
  0
LINE
  5
F84
330
1F
100
AcDbEntity
  8
A.Engines
370
    13
100
AcDbLine
 10
1035.055830290103
 20
40.21012699638817
 30
0.0
 11
1035.055830290103
 21
55.21012699638817
 31
0.0
  0
LINE
  5
F85
330
1F
100
AcDbEntity
  8
A.Engines
370
    13
100
AcDbLine
 10
1035.055830290103
 20
55.21012699638817
 30
0.0
 11
1040.829123123241
 21
60.89465526906343
 31
0.0
  0
LWPOLYLINE
  5
F86
330
1F
100
AcDbEntity
  8
A.Engines
370
    13
100
AcDbPolyline
 90
        4
 70
     1
 43
0.0
 10
1063.604390011604
 20
9.234969440965472
 10
1103.604390011604
 20
9.234969440965472
 10
1103.604390011604
 20
71.18528455181098
 10
1063.604390011604
 20
71.18528455181098
  0
LINE
  5
F87
330
1F
100
AcDbEntity
  8
A.Engines
370
    13
100
AcDbLine
 10
1108.604390011604
 20
25.21012699638823
 30
0.0
 11
1108.604390011604
 21
55.21012699638823
 31
0.0
  0
ARC
  5
F88
330
1F
100
AcDbEntity
  8
A.Engines
370
    13
100
AcDbCircle
 10
1106.104390011604
 20
25.21012699638823
 30
0.0
 40
2.5
100
AcDbArc
 50
180.0
 51
0.0
  0
LINE
  5
F89
330
1F
100
AcDbEntity
  8
A.Engines
370
    13
100
AcDbLine
 10
1108.604390011604
 20
25.21012699638823
 30
0.0
 11
1108.604390011604
 21
23.71012699638823
 31
0.0
  0
LINE
  5
F8A
330
1F
100
AcDbEntity
  8
A.Engines
370
    13
100
AcDbLine
 10
1113.604390011604
 20
23.71012699638823
 30
0.0
 11
1113.604390011604
 21
22.21012699638823
 31
0.0
  0
LINE
  5
F8B
330
1F
100
AcDbEntity
  8
A.Engines
370
    13
100
AcDbLine
 10
1118.604390011604
 20
22.21012699638823
 30
0.0
 11
1118.604390011604
 21
20.71012699638823
 31
0.0
  0
ARC
  5
F8C
330
1F
100
AcDbEntity
  8
A.Engines
370
    13
100
AcDbCircle
 10
1111.104390011604
 20
23.71012699638823
 30
0.0
 40
2.5
100
AcDbArc
 50
180.0
 51
0.0
  0
ARC
  5
F8D
330
1F
100
AcDbEntity
  8
A.Engines
370
    13
100
AcDbCircle
 10
1116.104390011604
 20
22.21012699638823
 30
0.0
 40
2.5
100
AcDbArc
 50
180.0
 51
0.0
  0
ARC
  5
F8E
330
1F
100
AcDbEntity
  8
A.Engines
370
    13
100
AcDbCircle
 10
1121.104390011604
 20
20.71012699638823
 30
0.0
 40
2.5
100
AcDbArc
 50
180.0
 51
0.0
  0
LINE
  5
F8F
330
1F
100
AcDbEntity
  8
A.Engines
370
    13
100
AcDbLine
 10
1128.604390011604
 20
19.21012699638823
 30
0.0
 11
1128.604390011604
 21
17.71012699638823
 31
0.0
  0
LINE
  5
F90
330
1F
100
AcDbEntity
  8
A.Engines
370
    13
100
AcDbLine
 10
1133.604390011604
 20
17.71012699638823
 30
0.0
 11
1133.604390011604
 21
16.21012699638823
 31
0.0
  0
ARC
  5
F91
330
1F
100
AcDbEntity
  8
A.Engines
370
    13
100
AcDbCircle
 10
1126.104390011604
 20
19.21012699638823
 30
0.0
 40
2.5
100
AcDbArc
 50
180.0
 51
0.0
  0
ARC
  5
F92
330
1F
100
AcDbEntity
  8
A.Engines
370
    13
100
AcDbCircle
 10
1131.104390011604
 20
17.71012699638823
 30
0.0
 40
2.5
100
AcDbArc
 50
180.0
 51
0.0
  0
ARC
  5
F93
330
1F
100
AcDbEntity
  8
A.Engines
370
    13
100
AcDbCircle
 10
1136.104390011604
 20
16.21012699638823
 30
0.0
 40
2.5
100
AcDbArc
 50
180.0
 51
0.0
  0
ARC
  5
F94
330
1F
100
AcDbEntity
  8
A.Engines
370
    13
100
AcDbCircle
 10
1141.104390011604
 20
14.71012699638823
 30
0.0
 40
2.5
100
AcDbArc
 50
180.0
 51
0.0
  0
LINE
  5
F95
330
1F
100
AcDbEntity
  8
A.Engines
370
    13
100
AcDbLine
 10
1138.604390011604
 20
14.71012699638823
 30
0.0
 11
1138.604390011604
 21
16.21012699638823
 31
0.0
  0
LINE
  5
F96
330
1F
100
AcDbEntity
  8
A.Engines
370
    13
100
AcDbLine
 10
1123.604390011604
 20
19.21012699638823
 30
0.0
 11
1123.604390011604
 21
20.71012699638823
 31
0.0
  0
ARC
  5
F97
330
1F
100
AcDbEntity
  8
A.Engines
370
    13
100
AcDbCircle
 10
1106.104390011604
 20
55.21012699638823
 30
0.0
 40
2.5
100
AcDbArc
 50
0.0
 51
180.0
  0
LINE
  5
F98
330
1F
100
AcDbEntity
  8
A.Engines
370
    13
100
AcDbLine
 10
1108.604390011604
 20
55.21012699638823
 30
0.0
 11
1108.604390011604
 21
56.71012699638823
 31
0.0
  0
LINE
  5
F99
330
1F
100
AcDbEntity
  8
A.Engines
370
    13
100
AcDbLine
 10
1113.604390011604
 20
56.71012699638823
 30
0.0
 11
1113.604390011604
 21
58.21012699638823
 31
0.0
  0
LINE
  5
F9A
330
1F
100
AcDbEntity
  8
A.Engines
370
    13
100
AcDbLine
 10
1118.604390011604
 20
58.21012699638823
 30
0.0
 11
1118.604390011604
 21
59.71012699638823
 31
0.0
  0
ARC
  5
F9B
330
1F
100
AcDbEntity
  8
A.Engines
370
    13
100
AcDbCircle
 10
1111.104390011604
 20
56.71012699638823
 30
0.0
 40
2.5
100
AcDbArc
 50
0.0
 51
180.0
  0
ARC
  5
F9C
330
1F
100
AcDbEntity
  8
A.Engines
370
    13
100
AcDbCircle
 10
1116.104390011604
 20
58.21012699638823
 30
0.0
 40
2.5
100
AcDbArc
 50
0.0
 51
180.0
  0
ARC
  5
F9D
330
1F
100
AcDbEntity
  8
A.Engines
370
    13
100
AcDbCircle
 10
1121.104390011604
 20
59.71012699638823
 30
0.0
 40
2.5
100
AcDbArc
 50
0.0
 51
180.0
  0
LINE
  5
F9E
330
1F
100
AcDbEntity
  8
A.Engines
370
    13
100
AcDbLine
 10
1128.604390011604
 20
61.21012699638823
 30
0.0
 11
1128.604390011604
 21
62.71012699638823
 31
0.0
  0
LINE
  5
F9F
330
1F
100
AcDbEntity
  8
A.Engines
370
    13
100
AcDbLine
 10
1133.604390011604
 20
62.71012699638823
 30
0.0
 11
1133.604390011604
 21
64.21012699638823
 31
0.0
  0
ARC
  5
FA0
330
1F
100
AcDbEntity
  8
A.Engines
370
    13
100
AcDbCircle
 10
1126.104390011604
 20
61.21012699638823
 30
0.0
 40
2.5
100
AcDbArc
 50
0.0
 51
180.0
  0
ARC
  5
FA1
330
1F
100
AcDbEntity
  8
A.Engines
370
    13
100
AcDbCircle
 10
1131.104390011604
 20
62.71012699638823
 30
0.0
 40
2.5
100
AcDbArc
 50
0.0
 51
180.0
  0
ARC
  5
FA2
330
1F
100
AcDbEntity
  8
A.Engines
370
    13
100
AcDbCircle
 10
1136.104390011604
 20
64.21012699638823
 30
0.0
 40
2.5
100
AcDbArc
 50
0.0
 51
180.0
  0
ARC
  5
FA3
330
1F
100
AcDbEntity
  8
A.Engines
370
    13
100
AcDbCircle
 10
1141.104390011604
 20
65.71012699638823
 30
0.0
 40
2.5
100
AcDbArc
 50
0.0
 51
180.0
  0
LINE
  5
FA4
330
1F
100
AcDbEntity
  8
A.Engines
370
    13
100
AcDbLine
 10
1138.604390011604
 20
65.71012699638823
 30
0.0
 11
1138.604390011604
 21
64.21012699638823
 31
0.0
  0
LINE
  5
FA5
330
1F
100
AcDbEntity
  8
A.Engines
370
    13
100
AcDbLine
 10
1123.604390011604
 20
61.21012699638823
 30
0.0
 11
1123.604390011604
 21
59.71012699638823
 31
0.0
  0
LINE
  5
FA6
330
1F
100
AcDbEntity
  8
A.Engines
370
    13
100
AcDbLine
 10
1113.604390011604
 20
23.71012699638823
 30
0.0
 11
1113.604390011604
 21
56.71012699638823
 31
0.0
  0
LINE
  5
FA7
330
1F
100
AcDbEntity
  8
A.Engines
370
    13
100
AcDbLine
 10
1118.604390011604
 20
22.21012699638823
 30
0.0
 11
1118.604390011604
 21
58.21012699638823
 31
0.0
  0
LINE
  5
FA8
330
1F
100
AcDbEntity
  8
A.Engines
370
    13
100
AcDbLine
 10
1123.604390011604
 20
20.71012699638823
 30
0.0
 11
1123.604390011604
 21
59.71012699638823
 31
0.0
  0
LINE
  5
FA9
330
1F
100
AcDbEntity
  8
A.Engines
370
    13
100
AcDbLine
 10
1128.604390011604
 20
19.21012699638823
 30
0.0
 11
1128.604390011604
 21
61.21012699638823
 31
0.0
  0
LINE
  5
FAA
330
1F
100
AcDbEntity
  8
A.Engines
370
    13
100
AcDbLine
 10
1133.604390011604
 20
17.71012699638823
 30
0.0
 11
1133.604390011604
 21
62.71012699638823
 31
0.0
  0
LINE
  5
FAB
330
1F
100
AcDbEntity
  8
A.Engines
370
    13
100
AcDbLine
 10
1138.604390011604
 20
16.21012699638823
 30
0.0
 11
1138.604390011604
 21
64.21012699638823
 31
0.0
  0
LINE
  5
FAC
330
1F
100
AcDbEntity
  8
A.Engines
370
    13
100
AcDbLine
 10
1143.604390011604
 20
14.71012699638823
 30
0.0
 11
1143.604390011604
 21
65.71012699638823
 31
0.0
  0
LWPOLYLINE
  5
FAD
330
1F
100
AcDbEntity
  8
A.Engines
370
     9
100
AcDbPolyline
 90
        4
 70
     1
 43
0.0
 10
1064.604390011604
 20
50.21012699638823
 10
1103.604390011604
 20
50.21012699638823
 10
1103.604390011604
 20
45.21012699638823
 10
1064.604390011604
 20
45.21012699638823
  0
LWPOLYLINE
  5
FAE
330
1F
100
AcDbEntity
  8
A.Engines
370
     9
100
AcDbPolyline
 90
        4
 70
     1
 43
0.0
 10
1064.604390011604
 20
58.21012699638823
 10
1103.604390011604
 20
58.21012699638823
 10
1103.604390011604
 20
60.71012699638823
 10
1064.604390011604
 20
60.71012699638823
  0
LWPOLYLINE
  5
FAF
330
1F
100
AcDbEntity
  8
A.Engines
370
     9
100
AcDbPolyline
 90
        4
 70
     1
 43
0.0
 10
1064.604390011604
 20
64.21012699638823
 10
1103.604390011604
 20
64.21012699638823
 10
1103.604390011604
 20
65.71012699638823
 10
1064.604390011604
 20
65.71012699638823
  0
LWPOLYLINE
  5
FB0
330
1F
100
AcDbEntity
  8
A.Engines
370
     9
100
AcDbPolyline
 90
        4
 70
     1
 43
0.0
 10
1064.604390011604
 20
68.21012699638823
 10
1103.604390011604
 20
68.21012699638823
 10
1103.604390011604
 20
69.01012699638824
 10
1064.604390011604
 20
69.01012699638824
  0
LWPOLYLINE
  5
FB1
330
1F
100
AcDbEntity
  8
A.Engines
370
     9
100
AcDbPolyline
 90
        4
 70
     1
 43
0.0
 10
1064.604390011604
 20
30.21012699638823
 10
1103.604390011604
 20
30.21012699638823
 10
1103.604390011604
 20
35.21012699638823
 10
1064.604390011604
 20
35.21012699638823
  0
LWPOLYLINE
  5
FB2
330
1F
100
AcDbEntity
  8
A.Engines
370
     9
100
AcDbPolyline
 90
        4
 70
     1
 43
0.0
 10
1064.604390011604
 20
22.21012699638823
 10
1103.604390011604
 20
22.21012699638823
 10
1103.604390011604
 20
19.71012699638823
 10
1064.604390011604
 20
19.71012699638823
  0
LWPOLYLINE
  5
FB3
330
1F
100
AcDbEntity
  8
A.Engines
370
     9
100
AcDbPolyline
 90
        4
 70
     1
 43
0.0
 10
1064.604390011604
 20
16.21012699638823
 10
1103.604390011604
 20
16.21012699638823
 10
1103.604390011604
 20
14.71012699638823
 10
1064.604390011604
 20
14.71012699638823
  0
LWPOLYLINE
  5
FB4
330
1F
100
AcDbEntity
  8
A.Engines
370
     9
100
AcDbPolyline
 90
        4
 70
     1
 43
0.0
 10
1064.604390011604
 20
12.21012699638823
 10
1103.604390011604
 20
12.21012699638823
 10
1103.604390011604
 20
11.41012699638821
 10
1064.604390011604
 20
11.41012699638821
  0
LINE
  5
FB5
330
1F
100
AcDbEntity
  8
0
370
     5
100
AcDbLine
 10
1065.004390011604
 20
-78.76503055903453
 30
0.0
 11
1065.004390011604
 21
-97.76503055903464
 31
0.0
  0
LINE
  5
FB6
330
1F
100
AcDbEntity
  8
0
370
     5
100
AcDbLine
 10
1085.004390011604
 20
-96.76503055903453
 30
0.0
 11
1085.004390011604
 21
-77.76503055903464
 31
0.0
  0
LINE
  5
FB7
330
1F
100
AcDbEntity
  8
0
370
     5
100
AcDbLine
 10
1065.004390011604
 20
-78.76503055903464
 30
0.0
 11
1084.004390011604
 21
-97.76503055903464
 31
0.0
  0
LINE
  5
FB8
330
1F
100
AcDbEntity
  8
0
370
     5
100
AcDbLine
 10
1066.004390011604
 20
-77.76503055903464
 30
0.0
 11
1085.004390011604
 21
-96.76503055903464
 31
0.0
  0
LINE
  5
FB9
330
1F
100
AcDbEntity
  8
0
370
     5
100
AcDbLine
 10
1063.604390011604
 20
-77.76503055903464
 30
0.0
 11
1063.604390011604
 21
-97.76503055903464
 31
0.0
  0
LINE
  5
FBA
330
1F
100
AcDbEntity
  8
0
370
     5
100
AcDbLine
 10
1086.404390011604
 20
-97.76503055903464
 30
0.0
 11
1086.404390011604
 21
-77.76503055903464
 31
0.0
  0
LINE
  5
FBB
330
1F
100
AcDbEntity
  8
0
370
     5
100
AcDbLine
 10
1086.404390011604
 20
-77.76503055903464
 30
0.0
 11
1086.404390011604
 21
-76.36503055903466
 31
0.0
  0
LINE
  5
FBC
330
1F
100
AcDbEntity
  8
0
370
     5
100
AcDbLine
 10
1085.004390011604
 20
-76.36503055903466
 30
0.0
 11
1066.004390011604
 21
-76.36503055903466
 31
0.0
  0
LINE
  5
FBD
330
1F
100
AcDbEntity
  8
0
370
     5
100
AcDbLine
 10
1063.604390011604
 20
-76.36503055903466
 30
0.0
 11
1063.604390011604
 21
-77.76503055903464
 31
0.0
  0
LINE
  5
FBE
330
1F
100
AcDbEntity
  8
0
370
     5
100
AcDbLine
 10
1066.004390011604
 20
-77.76503055903464
 30
0.0
 11
1085.004390011604
 21
-77.76503055903464
 31
0.0
  0
LINE
  5
FBF
330
1F
100
AcDbEntity
  8
0
370
     5
100
AcDbLine
 10
1065.004390011604
 20
-75.36503055903478
 30
0.0
 11
1065.004390011604
 21
-56.36503055903466
 31
0.0
  0
LINE
  5
FC0
330
1F
100
AcDbEntity
  8
0
370
     5
100
AcDbLine
 10
1065.004390011604
 20
-56.36503055903466
 30
0.0
 11
1084.004390011604
 21
-56.36503055903466
 31
0.0
  0
LINE
  5
FC1
330
1F
100
AcDbEntity
  8
0
370
     5
100
AcDbLine
 10
1085.004390011604
 20
-57.36503055903478
 30
0.0
 11
1085.004390011604
 21
-76.36503055903466
 31
0.0
  0
LINE
  5
FC2
330
1F
100
AcDbEntity
  8
0
370
     5
100
AcDbLine
 10
1065.004390011604
 20
-75.36503055903466
 30
0.0
 11
1084.004390011604
 21
-56.36503055903466
 31
0.0
  0
LINE
  5
FC3
330
1F
100
AcDbEntity
  8
0
370
     5
100
AcDbLine
 10
1066.004390011604
 20
-76.36503055903466
 30
0.0
 11
1085.004390011604
 21
-57.36503055903466
 31
0.0
  0
LINE
  5
FC4
330
1F
100
AcDbEntity
  8
0
370
     5
100
AcDbLine
 10
1063.604390011604
 20
-76.36503055903466
 30
0.0
 11
1063.604390011604
 21
-56.36503055903466
 31
0.0
  0
LINE
  5
FC5
330
1F
100
AcDbEntity
  8
0
370
     5
100
AcDbLine
 10
1063.604390011604
 20
-56.36503055903466
 30
0.0
 11
1063.604390011604
 21
-54.96503055903457
 31
0.0
  0
LINE
  5
FC6
330
1F
100
AcDbEntity
  8
0
370
     5
100
AcDbLine
 10
1086.404390011604
 20
-54.96503055903469
 30
0.0
 11
1086.404390011604
 21
-76.36503055903466
 31
0.0
  0
LINE
  5
FC7
330
1F
100
AcDbEntity
  8
0
370
     5
100
AcDbLine
 10
1063.604390011604
 20
-56.36503055903466
 30
0.0
 11
1063.604390011604
 21
-54.96503055903457
 31
0.0
  0
LINE
  5
FC8
330
1F
100
AcDbEntity
  8
0
370
     5
100
AcDbLine
 10
1086.404390011604
 20
-54.96503055903457
 30
0.0
 11
1086.404390011604
 21
-76.36503055903466
 31
0.0
  0
LINE
  5
FC9
330
1F
100
AcDbEntity
  8
0
370
     5
100
AcDbLine
 10
1065.004390011604
 20
-35.96503055903457
 30
0.0
 11
1065.004390011604
 21
-54.96503055903457
 31
0.0
  0
LINE
  5
FCA
330
1F
100
AcDbEntity
  8
0
370
     5
100
AcDbLine
 10
1085.004390011604
 20
-53.96503055903457
 30
0.0
 11
1085.004390011604
 21
-34.96503055903457
 31
0.0
  0
LINE
  5
FCB
330
1F
100
AcDbEntity
  8
0
370
     5
100
AcDbLine
 10
1065.004390011604
 20
-35.96503055903457
 30
0.0
 11
1084.004390011604
 21
-54.96503055903457
 31
0.0
  0
LINE
  5
FCC
330
1F
100
AcDbEntity
  8
0
370
     5
100
AcDbLine
 10
1066.004390011604
 20
-34.96503055903457
 30
0.0
 11
1085.004390011604
 21
-53.96503055903457
 31
0.0
  0
LINE
  5
FCD
330
1F
100
AcDbEntity
  8
0
370
     5
100
AcDbLine
 10
1063.604390011604
 20
-34.96503055903457
 30
0.0
 11
1063.604390011604
 21
-54.96503055903457
 31
0.0
  0
LINE
  5
FCE
330
1F
100
AcDbEntity
  8
0
370
     5
100
AcDbLine
 10
1086.404390011604
 20
-54.96503055903457
 30
0.0
 11
1086.404390011604
 21
-34.96503055903457
 31
0.0
  0
LINE
  5
FCF
330
1F
100
AcDbEntity
  8
0
370
     5
100
AcDbLine
 10
1086.404390011604
 20
-34.96503055903457
 30
0.0
 11
1086.404390011604
 21
-33.56503055903471
 31
0.0
  0
LINE
  5
FD0
330
1F
100
AcDbEntity
  8
0
370
     5
100
AcDbLine
 10
1085.004390011604
 20
-33.56503055903471
 30
0.0
 11
1066.004390011604
 21
-33.56503055903471
 31
0.0
  0
LINE
  5
FD1
330
1F
100
AcDbEntity
  8
0
370
     5
100
AcDbLine
 10
1063.604390011604
 20
-33.56503055903471
 30
0.0
 11
1063.604390011604
 21
-34.96503055903457
 31
0.0
  0
LINE
  5
FD2
330
1F
100
AcDbEntity
  8
0
370
     5
100
AcDbLine
 10
1066.004390011604
 20
-34.96503055903457
 30
0.0
 11
1085.004390011604
 21
-34.96503055903457
 31
0.0
  0
LINE
  5
FD3
330
1F
100
AcDbEntity
  8
0
370
     5
100
AcDbLine
 10
1065.004390011604
 20
-32.56503055903471
 30
0.0
 11
1065.004390011604
 21
-13.56503055903471
 31
0.0
  0
LINE
  5
FD4
330
1F
100
AcDbEntity
  8
0
370
     5
100
AcDbLine
 10
1065.004390011604
 20
-13.56503055903471
 30
0.0
 11
1084.004390011604
 21
-13.56503055903471
 31
0.0
  0
LINE
  5
FD5
330
1F
100
AcDbEntity
  8
0
370
     5
100
AcDbLine
 10
1085.004390011604
 20
-14.56503055903471
 30
0.0
 11
1085.004390011604
 21
-33.56503055903471
 31
0.0
  0
LINE
  5
FD6
330
1F
100
AcDbEntity
  8
0
370
     5
100
AcDbLine
 10
1065.004390011604
 20
-32.56503055903471
 30
0.0
 11
1084.004390011604
 21
-13.56503055903471
 31
0.0
  0
LINE
  5
FD7
330
1F
100
AcDbEntity
  8
0
370
     5
100
AcDbLine
 10
1066.004390011604
 20
-33.56503055903471
 30
0.0
 11
1085.004390011604
 21
-14.56503055903471
 31
0.0
  0
LINE
  5
FD8
330
1F
100
AcDbEntity
  8
0
370
     5
100
AcDbLine
 10
1063.604390011604
 20
-33.56503055903471
 30
0.0
 11
1063.604390011604
 21
-13.5650305590346
 31
0.0
  0
LINE
  5
FD9
330
1F
100
AcDbEntity
  8
0
370
     5
100
AcDbLine
 10
1086.404390011604
 20
-12.16503055903468
 30
0.0
 11
1086.404390011604
 21
-33.56503055903471
 31
0.0
  0
LINE
  5
FDA
330
1F
100
AcDbEntity
  8
0
370
     5
100
AcDbLine
 10
1065.004390011604
 20
-54.96503055903457
 30
0.0
 11
1084.004390011604
 21
-54.96503055903457
 31
0.0
  0
LINE
  5
FDB
330
1F
100
AcDbEntity
  8
0
370
     5
100
AcDbLine
 10
1086.404390011604
 20
-12.16503055903462
 30
0.0
 11
1086.404390011604
 21
-33.5650305590346
 31
0.0
  0
LINE
  5
FDC
330
1F
100
AcDbEntity
  8
0
370
     5
100
AcDbLine
 10
1065.004390011604
 20
6.834969440965494
 30
0.0
 11
1065.004390011604
 21
-12.16503055903462
 31
0.0
  0
LINE
  5
FDD
330
1F
100
AcDbEntity
  8
0
370
     5
100
AcDbLine
 10
1085.004390011604
 20
-11.16503055903451
 30
0.0
 11
1085.004390011604
 21
7.834969440965381
 31
0.0
  0
LINE
  5
FDE
330
1F
100
AcDbEntity
  8
0
370
     5
100
AcDbLine
 10
1065.004390011604
 20
6.834969440965381
 30
0.0
 11
1084.004390011604
 21
-12.16503055903462
 31
0.0
  0
LINE
  5
FDF
330
1F
100
AcDbEntity
  8
0
370
     5
100
AcDbLine
 10
1066.004390011604
 20
7.834969440965381
 30
0.0
 11
1085.004390011604
 21
-11.16503055903462
 31
0.0
  0
LINE
  5
FE0
330
1F
100
AcDbEntity
  8
0
370
     5
100
AcDbLine
 10
1063.604390011604
 20
7.834969440965381
 30
0.0
 11
1063.604390011604
 21
-13.5650305590346
 31
0.0
  0
LINE
  5
FE1
330
1F
100
AcDbEntity
  8
0
370
     5
100
AcDbLine
 10
1086.404390011604
 20
-12.16503055903462
 30
0.0
 11
1086.404390011604
 21
7.834969440965381
 31
0.0
  0
LINE
  5
FE2
330
1F
100
AcDbEntity
  8
0
370
     5
100
AcDbLine
 10
1066.004390011604
 20
7.834969440965381
 30
0.0
 11
1085.004390011604
 21
7.834969440965381
 31
0.0
  0
LINE
  5
FE3
330
1F
100
AcDbEntity
  8
0
370
     5
100
AcDbLine
 10
1065.004390011604
 20
-12.16503055903462
 30
0.0
 11
1084.004390011604
 21
-12.16503055903462
 31
0.0
  0
LINE
  5
FE4
330
1F
100
AcDbEntity
  8
0
370
     5
100
AcDbLine
 10
1063.604390011604
 20
7.834969440965381
 30
0.0
 11
1063.604390011604
 21
9.234969440965358
 31
0.0
  0
LINE
  5
FE5
330
1F
100
AcDbEntity
  8
0
370
     5
100
AcDbLine
 10
1086.404390011604
 20
9.234969440965301
 30
0.0
 11
1086.404390011604
 21
7.834969440965381
 31
0.0
  0
LINE
  5
FE6
330
1F
100
AcDbEntity
  8
0
370
     5
100
AcDbLine
 10
1063.604390011604
 20
-97.76503055903464
 30
0.0
 11
1063.604390011604
 21
-99.16503055903462
 31
0.0
  0
LINE
  5
FE7
330
1F
100
AcDbEntity
  8
0
370
     5
100
AcDbLine
 10
1063.604390011604
 20
-99.16503055903462
 30
0.0
 11
1086.404390011604
 21
-99.16503055903462
 31
0.0
  0
LINE
  5
FE8
330
1F
100
AcDbEntity
  8
0
370
     5
100
AcDbLine
 10
1086.404390011604
 20
-99.16503055903462
 30
0.0
 11
1086.404390011604
 21
-97.76503055903464
 31
0.0
  0
LINE
  5
FE9
330
1F
100
AcDbEntity
  8
0
370
     5
100
AcDbLine
 10
1065.004390011604
 20
-97.76503055903464
 30
0.0
 11
1084.004390011604
 21
-97.76503055903464
 31
0.0
  0
LINE
  5
FEA
330
1F
100
AcDbEntity
  8
N.SolarArrays
370
    13
100
AcDbLine
 10
1082.504390011604
 20
-99.16503055903462
 30
0.0
 11
1082.504390011604
 21
-109.1650305590346
 31
0.0
  0
LINE
  5
FEB
330
1F
100
AcDbEntity
  8
N.SolarArrays
370
    13
100
AcDbLine
 10
1082.504390011604
 20
-109.1650305590346
 30
0.0
 11
1067.504390011604
 21
-109.1650305590346
 31
0.0
  0
LINE
  5
FEC
330
1F
100
AcDbEntity
  8
N.SolarArrays
370
    13
100
AcDbLine
 10
1067.504390011604
 20
-109.1650305590346
 30
0.0
 11
1067.504390011604
 21
-99.16503055903462
 31
0.0
  0
LINE
  5
FED
330
1F
100
AcDbEntity
  8
N.SolarArrays
370
    13
100
AcDbLine
 10
1080.004390011604
 20
-109.1650305590346
 30
0.0
 11
1080.004390011604
 21
-110.6650305590346
 31
0.0
  0
LINE
  5
FEE
330
1F
100
AcDbEntity
  8
N.SolarArrays
370
    13
100
AcDbLine
 10
1080.004390011604
 20
-110.6650305590346
 30
0.0
 11
1070.004390011604
 21
-110.6650305590346
 31
0.0
  0
LINE
  5
FEF
330
1F
100
AcDbEntity
  8
N.SolarArrays
370
    13
100
AcDbLine
 10
1070.004390011604
 20
-110.6650305590346
 30
0.0
 11
1070.004390011604
 21
-109.1650305590346
 31
0.0
  0
LINE
  5
FF0
330
1F
100
AcDbEntity
  8
N.SolarArrays
370
    13
100
AcDbLine
 10
1082.504390011604
 20
-120.6650305590346
 30
0.0
 11
1075.004390011604
 21
-120.6650305590345
 31
0.0
  0
LINE
  5
FF1
330
1F
100
AcDbEntity
  8
N.SolarArrays
370
    13
100
AcDbLine
 10
1085.004390011604
 20
-113.1650305590346
 30
0.0
 11
1085.004390011604
 21
-118.1650305590346
 31
0.0
  0
ARC
  5
FF2
330
1F
100
AcDbEntity
  8
N.SolarArrays
370
    13
100
AcDbCircle
 10
1082.504390011604
 20
-118.1650305590346
 30
0.0
 40
2.5
100
AcDbArc
 50
270.0
 51
0.0
  0
ARC
  5
FF3
330
1F
100
AcDbEntity
  8
N.SolarArrays
370
    13
100
AcDbCircle
 10
1082.504390011604
 20
-113.1650305590346
 30
0.0
 40
2.5
100
AcDbArc
 50
0.0
 51
90.00000000000001
  0
LINE
  5
FF4
330
1F
100
AcDbEntity
  8
N.SolarArrays
370
    13
100
AcDbLine
 10
1080.004390011604
 20
-110.6650305590346
 30
0.0
 11
1082.504390011604
 21
-110.6650305590346
 31
0.0
  0
LINE
  5
FF5
330
1F
100
AcDbEntity
  8
N.SolarArrays
370
    13
100
AcDbLine
 10
1067.504390011604
 20
-120.6650305590346
 30
0.0
 11
1075.004390011604
 21
-120.6650305590345
 31
0.0
  0
LINE
  5
FF6
330
1F
100
AcDbEntity
  8
N.SolarArrays
370
    13
100
AcDbLine
 10
1065.004390011604
 20
-113.1650305590346
 30
0.0
 11
1065.004390011604
 21
-118.1650305590346
 31
0.0
  0
ARC
  5
FF7
330
1F
100
AcDbEntity
  8
N.SolarArrays
370
    13
100
AcDbCircle
 10
1067.504390011604
 20
-118.1650305590346
 30
0.0
 40
2.5
100
AcDbArc
 50
180.0
 51
270.0
  0
ARC
  5
FF8
330
1F
100
AcDbEntity
  8
N.SolarArrays
370
    13
100
AcDbCircle
 10
1067.504390011604
 20
-113.1650305590346
 30
0.0
 40
2.5
100
AcDbArc
 50
90.00000000000001
 51
180.0
  0
LINE
  5
FF9
330
1F
100
AcDbEntity
  8
N.SolarArrays
370
    13
100
AcDbLine
 10
1070.004390011604
 20
-110.6650305590346
 30
0.0
 11
1067.504390011604
 21
-110.6650305590346
 31
0.0
  0
LINE
  5
FFA
330
1F
100
AcDbEntity
  8
N.SolarArrays
370
    13
100
AcDbLine
 10
1085.004390011604
 20
-118.1650305590346
 30
0.0
 11
1095.004390011604
 21
-118.1650305590346
 31
0.0
  0
LINE
  5
FFB
330
1F
100
AcDbEntity
  8
N.SolarArrays
370
    13
100
AcDbLine
 10
1095.004390011604
 20
-118.1650305590346
 30
0.0
 11
1095.004390011604
 21
-113.1650305590347
 31
0.0
  0
LINE
  5
FFC
330
1F
100
AcDbEntity
  8
N.SolarArrays
370
    13
100
AcDbLine
 10
1095.004390011604
 20
-113.1650305590347
 30
0.0
 11
1085.004390011604
 21
-113.1650305590347
 31
0.0
  0
LINE
  5
FFD
330
1F
100
AcDbEntity
  8
N.SolarArrays
370
    13
100
AcDbLine
 10
1095.004390011604
 20
-118.1650305590346
 30
0.0
 11
1095.004390011604
 21
-117.1650305590346
 31
0.0
  0
LINE
  5
FFE
330
1F
100
AcDbEntity
  8
N.SolarArrays
370
    13
100
AcDbLine
 10
1095.004390011604
 20
-117.1650305590346
 30
0.0
 11
1115.004390011604
 21
-117.1650305590346
 31
0.0
  0
LINE
  5
FFF
330
1F
100
AcDbEntity
  8
N.SolarArrays
370
    13
100
AcDbLine
 10
1115.004390011604
 20
-117.1650305590346
 30
0.0
 11
1115.004390011604
 21
-114.1650305590346
 31
0.0
  0
LINE
  5
1000
330
1F
100
AcDbEntity
  8
N.SolarArrays
370
    13
100
AcDbLine
 10
1115.004390011604
 20
-114.1650305590346
 30
0.0
 11
1095.004390011604
 21
-114.1650305590346
 31
0.0
  0
LINE
  5
1001
330
1F
100
AcDbEntity
  8
N.SolarArrays
370
    13
100
AcDbLine
 10
1115.004390011604
 20
-114.1650305590346
 30
0.0
 11
1115.004390011604
 21
-55.66503055903462
 31
0.0
  0
LINE
  5
1002
330
1F
100
AcDbEntity
  8
N.SolarArrays
370
    13
100
AcDbLine
 10
1119.004390011604
 20
-55.66503055903462
 30
0.0
 11
1119.004390011604
 21
-175.6650305590346
 31
0.0
  0
LINE
  5
1003
330
1F
100
AcDbEntity
  8
N.SolarArrays
370
    13
100
AcDbLine
 10
1115.004390011604
 20
-175.6650305590346
 30
0.0
 11
1115.004390011604
 21
-117.1650305590346
 31
0.0
  0
ARC
  5
1004
330
1F
100
AcDbEntity
  8
N.SolarArrays
370
    13
100
AcDbCircle
 10
1117.004390011604
 20
-175.6650305590346
 30
0.0
 40
2.0
100
AcDbArc
 50
180.0
 51
0.0
  0
ARC
  5
1005
330
1F
100
AcDbEntity
  8
N.SolarArrays
370
    13
100
AcDbCircle
 10
1117.004390011604
 20
-55.66503055903462
 30
0.0
 40
2.0
100
AcDbArc
 50
0.0
 51
180.0
  0
LWPOLYLINE
  5
1006
330
1F
100
AcDbEntity
  8
N.SolarArrays
370
    13
100
AcDbPolyline
 90
        4
 70
     1
 43
0.0
 10
1119.004390011604
 20
-175.6650305590346
 10
1369.004390011604
 20
-175.6650305590346
 10
1369.004390011604
 20
-55.66503055903462
 10
1119.004390011604
 20
-55.66503055903462
  0
LWPOLYLINE
  5
1007
330
1F
100
AcDbEntity
  8
N.SolarArrays
370
     9
100
AcDbPolyline
 90
        4
 70
     1
 43
0.0
 10
1121.504390011604
 20
-118.1650305590346
 10
1242.754390011604
 20
-118.1650305590346
 10
1242.754390011604
 20
-173.1650305590346
 10
1121.504390011604
 20
-173.1650305590346
  0
LWPOLYLINE
  5
1008
330
1F
100
AcDbEntity
  8
N.SolarArrays
370
     9
100
AcDbPolyline
 90
        4
 70
     1
 43
0.0
 10
1245.254390011604
 20
-118.1650305590346
 10
1366.504390011604
 20
-118.1650305590346
 10
1366.504390011604
 20
-173.1650305590346
 10
1245.254390011604
 20
-173.1650305590346
  0
LINE
  5
1009
330
1F
100
AcDbEntity
  8
N.SolarArrays
  6
DASHDOT
370
     5
100
AcDbLine
 10
1133.629390011604
 20
-173.1650305590346
 30
0.0
 11
1133.629390011604
 21
-118.1650305590346
 31
0.0
  0
LINE
  5
100A
330
1F
100
AcDbEntity
  8
N.SolarArrays
  6
DASHDOT
370
     5
100
AcDbLine
 10
1145.754390011604
 20
-118.1650305590346
 30
0.0
 11
1145.754390011604
 21
-173.1650305590346
 31
0.0
  0
LINE
  5
100B
330
1F
100
AcDbEntity
  8
N.SolarArrays
  6
DASHDOT
370
     5
100
AcDbLine
 10
1157.879390011604
 20
-173.1650305590346
 30
0.0
 11
1157.879390011604
 21
-118.1650305590346
 31
0.0
  0
LINE
  5
100C
330
1F
100
AcDbEntity
  8
N.SolarArrays
  6
DASHDOT
370
     5
100
AcDbLine
 10
1170.004390011604
 20
-118.1650305590346
 30
0.0
 11
1170.004390011604
 21
-173.1650305590346
 31
0.0
  0
LINE
  5
100D
330
1F
100
AcDbEntity
  8
N.SolarArrays
  6
DASHDOT
370
     5
100
AcDbLine
 10
1182.129390011604
 20
-173.1650305590346
 30
0.0
 11
1182.129390011604
 21
-118.1650305590346
 31
0.0
  0
LINE
  5
100E
330
1F
100
AcDbEntity
  8
N.SolarArrays
  6
DASHDOT
370
     5
100
AcDbLine
 10
1194.254390011604
 20
-118.1650305590346
 30
0.0
 11
1194.254390011604
 21
-173.1650305590346
 31
0.0
  0
LINE
  5
100F
330
1F
100
AcDbEntity
  8
N.SolarArrays
  6
DASHDOT
370
     5
100
AcDbLine
 10
1206.379390011604
 20
-173.1650305590346
 30
0.0
 11
1206.379390011604
 21
-118.1650305590346
 31
0.0
  0
LINE
  5
1010
330
1F
100
AcDbEntity
  8
N.SolarArrays
  6
DASHDOT
370
     5
100
AcDbLine
 10
1218.504390011604
 20
-118.1650305590346
 30
0.0
 11
1218.504390011604
 21
-173.1650305590346
 31
0.0
  0
LINE
  5
1011
330
1F
100
AcDbEntity
  8
N.SolarArrays
  6
DASHDOT
370
     5
100
AcDbLine
 10
1230.629390011604
 20
-173.1650305590346
 30
0.0
 11
1230.629390011604
 21
-118.1650305590346
 31
0.0
  0
LINE
  5
1012
330
1F
100
AcDbEntity
  8
N.SolarArrays
  6
DASHDOT
370
     5
100
AcDbLine
 10
1121.504390011604
 20
-168.1650305590346
 30
0.0
 11
1242.754390011604
 21
-168.1650305590346
 31
0.0
  0
LINE
  5
1013
330
1F
100
AcDbEntity
  8
N.SolarArrays
  6
DASHDOT
370
     5
100
AcDbLine
 10
1242.754390011604
 20
-163.1650305590346
 30
0.0
 11
1121.504390011604
 21
-163.1650305590346
 31
0.0
  0
LINE
  5
1014
330
1F
100
AcDbEntity
  8
N.SolarArrays
  6
DASHDOT
370
     5
100
AcDbLine
 10
1121.504390011604
 20
-158.1650305590346
 30
0.0
 11
1242.754390011604
 21
-158.1650305590346
 31
0.0
  0
LINE
  5
1015
330
1F
100
AcDbEntity
  8
N.SolarArrays
  6
DASHDOT
370
     5
100
AcDbLine
 10
1242.754390011604
 20
-153.1650305590346
 30
0.0
 11
1121.504390011604
 21
-153.1650305590346
 31
0.0
  0
LINE
  5
1016
330
1F
100
AcDbEntity
  8
N.SolarArrays
  6
DASHDOT
370
     5
100
AcDbLine
 10
1121.504390011604
 20
-148.1650305590346
 30
0.0
 11
1242.754390011604
 21
-148.1650305590346
 31
0.0
  0
LINE
  5
1017
330
1F
100
AcDbEntity
  8
N.SolarArrays
  6
DASHDOT
370
     5
100
AcDbLine
 10
1242.754390011604
 20
-143.1650305590346
 30
0.0
 11
1121.504390011604
 21
-143.1650305590346
 31
0.0
  0
LINE
  5
1018
330
1F
100
AcDbEntity
  8
N.SolarArrays
  6
DASHDOT
370
     5
100
AcDbLine
 10
1121.504390011604
 20
-138.1650305590346
 30
0.0
 11
1242.754390011604
 21
-138.1650305590346
 31
0.0
  0
LINE
  5
1019
330
1F
100
AcDbEntity
  8
N.SolarArrays
  6
DASHDOT
370
     5
100
AcDbLine
 10
1242.754390011604
 20
-133.1650305590346
 30
0.0
 11
1121.504390011604
 21
-133.1650305590346
 31
0.0
  0
LINE
  5
101A
330
1F
100
AcDbEntity
  8
N.SolarArrays
  6
DASHDOT
370
     5
100
AcDbLine
 10
1121.504390011604
 20
-128.1650305590346
 30
0.0
 11
1242.754390011604
 21
-128.1650305590346
 31
0.0
  0
LINE
  5
101B
330
1F
100
AcDbEntity
  8
N.SolarArrays
  6
DASHDOT
370
     5
100
AcDbLine
 10
1242.754390011604
 20
-123.1650305590346
 30
0.0
 11
1121.504390011604
 21
-123.1650305590346
 31
0.0
  0
LINE
  5
101C
330
1F
100
AcDbEntity
  8
N.SolarArrays
  6
DASHDOT
370
     5
100
AcDbLine
 10
1354.299463803057
 20
-173.1650305590346
 30
0.0
 11
1354.299463803057
 21
-118.1650305590346
 31
0.0
  0
LINE
  5
101D
330
1F
100
AcDbEntity
  8
N.SolarArrays
  6
DASHDOT
370
     5
100
AcDbLine
 10
1342.174463803057
 20
-118.1650305590346
 30
0.0
 11
1342.174463803057
 21
-173.1650305590346
 31
0.0
  0
LINE
  5
101E
330
1F
100
AcDbEntity
  8
N.SolarArrays
  6
DASHDOT
370
     5
100
AcDbLine
 10
1330.049463803057
 20
-173.1650305590346
 30
0.0
 11
1330.049463803057
 21
-118.1650305590346
 31
0.0
  0
LINE
  5
101F
330
1F
100
AcDbEntity
  8
N.SolarArrays
  6
DASHDOT
370
     5
100
AcDbLine
 10
1317.924463803057
 20
-118.1650305590346
 30
0.0
 11
1317.924463803057
 21
-173.1650305590346
 31
0.0
  0
LINE
  5
1020
330
1F
100
AcDbEntity
  8
N.SolarArrays
  6
DASHDOT
370
     5
100
AcDbLine
 10
1305.799463803057
 20
-173.1650305590346
 30
0.0
 11
1305.799463803057
 21
-118.1650305590346
 31
0.0
  0
LINE
  5
1021
330
1F
100
AcDbEntity
  8
N.SolarArrays
  6
DASHDOT
370
     5
100
AcDbLine
 10
1293.674463803057
 20
-118.1650305590346
 30
0.0
 11
1293.674463803057
 21
-173.1650305590346
 31
0.0
  0
LINE
  5
1022
330
1F
100
AcDbEntity
  8
N.SolarArrays
  6
DASHDOT
370
     5
100
AcDbLine
 10
1281.549463803057
 20
-173.1650305590346
 30
0.0
 11
1281.549463803057
 21
-118.1650305590346
 31
0.0
  0
LINE
  5
1023
330
1F
100
AcDbEntity
  8
N.SolarArrays
  6
DASHDOT
370
     5
100
AcDbLine
 10
1269.424463803057
 20
-118.1650305590346
 30
0.0
 11
1269.424463803057
 21
-173.1650305590346
 31
0.0
  0
LINE
  5
1024
330
1F
100
AcDbEntity
  8
N.SolarArrays
  6
DASHDOT
370
     5
100
AcDbLine
 10
1257.299463803057
 20
-173.1650305590346
 30
0.0
 11
1257.299463803057
 21
-118.1650305590346
 31
0.0
  0
LINE
  5
1025
330
1F
100
AcDbEntity
  8
N.SolarArrays
  6
DASHDOT
370
     5
100
AcDbLine
 10
1366.424463803057
 20
-168.1650305590346
 30
0.0
 11
1245.174463803057
 21
-168.1650305590346
 31
0.0
  0
LINE
  5
1026
330
1F
100
AcDbEntity
  8
N.SolarArrays
  6
DASHDOT
370
     5
100
AcDbLine
 10
1245.174463803057
 20
-163.1650305590346
 30
0.0
 11
1366.424463803057
 21
-163.1650305590346
 31
0.0
  0
LINE
  5
1027
330
1F
100
AcDbEntity
  8
N.SolarArrays
  6
DASHDOT
370
     5
100
AcDbLine
 10
1366.424463803057
 20
-158.1650305590346
 30
0.0
 11
1245.174463803057
 21
-158.1650305590346
 31
0.0
  0
LINE
  5
1028
330
1F
100
AcDbEntity
  8
N.SolarArrays
  6
DASHDOT
370
     5
100
AcDbLine
 10
1245.174463803057
 20
-153.1650305590346
 30
0.0
 11
1366.424463803057
 21
-153.1650305590346
 31
0.0
  0
LINE
  5
1029
330
1F
100
AcDbEntity
  8
N.SolarArrays
  6
DASHDOT
370
     5
100
AcDbLine
 10
1366.424463803057
 20
-148.1650305590346
 30
0.0
 11
1245.174463803057
 21
-148.1650305590346
 31
0.0
  0
LINE
  5
102A
330
1F
100
AcDbEntity
  8
N.SolarArrays
  6
DASHDOT
370
     5
100
AcDbLine
 10
1245.174463803057
 20
-143.1650305590346
 30
0.0
 11
1366.424463803057
 21
-143.1650305590346
 31
0.0
  0
LINE
  5
102B
330
1F
100
AcDbEntity
  8
N.SolarArrays
  6
DASHDOT
370
     5
100
AcDbLine
 10
1366.424463803057
 20
-138.1650305590346
 30
0.0
 11
1245.174463803057
 21
-138.1650305590346
 31
0.0
  0
LINE
  5
102C
330
1F
100
AcDbEntity
  8
N.SolarArrays
  6
DASHDOT
370
     5
100
AcDbLine
 10
1245.174463803057
 20
-133.1650305590346
 30
0.0
 11
1366.424463803057
 21
-133.1650305590346
 31
0.0
  0
LINE
  5
102D
330
1F
100
AcDbEntity
  8
N.SolarArrays
  6
DASHDOT
370
     5
100
AcDbLine
 10
1366.424463803057
 20
-128.1650305590346
 30
0.0
 11
1245.174463803057
 21
-128.1650305590346
 31
0.0
  0
LINE
  5
102E
330
1F
100
AcDbEntity
  8
N.SolarArrays
  6
DASHDOT
370
     5
100
AcDbLine
 10
1245.174463803057
 20
-123.1650305590346
 30
0.0
 11
1366.424463803057
 21
-123.1650305590346
 31
0.0
  0
LWPOLYLINE
  5
102F
330
1F
100
AcDbEntity
  8
N.SolarArrays
370
     9
100
AcDbPolyline
 90
        4
 70
     1
 43
0.0
 10
1121.504390011604
 20
-113.1650305590346
 10
1242.754390011604
 20
-113.1650305590346
 10
1242.754390011604
 20
-58.16503055903462
 10
1121.504390011604
 20
-58.16503055903462
  0
LWPOLYLINE
  5
1030
330
1F
100
AcDbEntity
  8
N.SolarArrays
370
     9
100
AcDbPolyline
 90
        4
 70
     1
 43
0.0
 10
1245.254390011604
 20
-113.1650305590346
 10
1366.504390011604
 20
-113.1650305590346
 10
1366.504390011604
 20
-58.16503055903462
 10
1245.254390011604
 20
-58.16503055903462
  0
LINE
  5
1031
330
1F
100
AcDbEntity
  8
N.SolarArrays
  6
DASHDOT
370
     5
100
AcDbLine
 10
1133.629390011604
 20
-58.16503055903462
 30
0.0
 11
1133.629390011604
 21
-113.1650305590346
 31
0.0
  0
LINE
  5
1032
330
1F
100
AcDbEntity
  8
N.SolarArrays
  6
DASHDOT
370
     5
100
AcDbLine
 10
1145.754390011604
 20
-113.1650305590346
 30
0.0
 11
1145.754390011604
 21
-58.16503055903462
 31
0.0
  0
LINE
  5
1033
330
1F
100
AcDbEntity
  8
N.SolarArrays
  6
DASHDOT
370
     5
100
AcDbLine
 10
1157.879390011604
 20
-58.16503055903462
 30
0.0
 11
1157.879390011604
 21
-113.1650305590346
 31
0.0
  0
LINE
  5
1034
330
1F
100
AcDbEntity
  8
N.SolarArrays
  6
DASHDOT
370
     5
100
AcDbLine
 10
1170.004390011604
 20
-113.1650305590346
 30
0.0
 11
1170.004390011604
 21
-58.16503055903462
 31
0.0
  0
LINE
  5
1035
330
1F
100
AcDbEntity
  8
N.SolarArrays
  6
DASHDOT
370
     5
100
AcDbLine
 10
1182.129390011604
 20
-58.16503055903462
 30
0.0
 11
1182.129390011604
 21
-113.1650305590346
 31
0.0
  0
LINE
  5
1036
330
1F
100
AcDbEntity
  8
N.SolarArrays
  6
DASHDOT
370
     5
100
AcDbLine
 10
1194.254390011604
 20
-113.1650305590346
 30
0.0
 11
1194.254390011604
 21
-58.16503055903462
 31
0.0
  0
LINE
  5
1037
330
1F
100
AcDbEntity
  8
N.SolarArrays
  6
DASHDOT
370
     5
100
AcDbLine
 10
1206.379390011604
 20
-58.16503055903462
 30
0.0
 11
1206.379390011604
 21
-113.1650305590346
 31
0.0
  0
LINE
  5
1038
330
1F
100
AcDbEntity
  8
N.SolarArrays
  6
DASHDOT
370
     5
100
AcDbLine
 10
1218.504390011604
 20
-113.1650305590346
 30
0.0
 11
1218.504390011604
 21
-58.16503055903462
 31
0.0
  0
LINE
  5
1039
330
1F
100
AcDbEntity
  8
N.SolarArrays
  6
DASHDOT
370
     5
100
AcDbLine
 10
1230.629390011604
 20
-58.16503055903462
 30
0.0
 11
1230.629390011604
 21
-113.1650305590346
 31
0.0
  0
LINE
  5
103A
330
1F
100
AcDbEntity
  8
N.SolarArrays
  6
DASHDOT
370
     5
100
AcDbLine
 10
1121.504390011604
 20
-63.16503055903462
 30
0.0
 11
1242.754390011604
 21
-63.16503055903462
 31
0.0
  0
LINE
  5
103B
330
1F
100
AcDbEntity
  8
N.SolarArrays
  6
DASHDOT
370
     5
100
AcDbLine
 10
1242.754390011604
 20
-68.16503055903462
 30
0.0
 11
1121.504390011604
 21
-68.16503055903462
 31
0.0
  0
LINE
  5
103C
330
1F
100
AcDbEntity
  8
N.SolarArrays
  6
DASHDOT
370
     5
100
AcDbLine
 10
1121.504390011604
 20
-73.16503055903462
 30
0.0
 11
1242.754390011604
 21
-73.16503055903462
 31
0.0
  0
LINE
  5
103D
330
1F
100
AcDbEntity
  8
N.SolarArrays
  6
DASHDOT
370
     5
100
AcDbLine
 10
1242.754390011604
 20
-78.16503055903462
 30
0.0
 11
1121.504390011604
 21
-78.16503055903462
 31
0.0
  0
LINE
  5
103E
330
1F
100
AcDbEntity
  8
N.SolarArrays
  6
DASHDOT
370
     5
100
AcDbLine
 10
1121.504390011604
 20
-83.16503055903462
 30
0.0
 11
1242.754390011604
 21
-83.16503055903462
 31
0.0
  0
LINE
  5
103F
330
1F
100
AcDbEntity
  8
N.SolarArrays
  6
DASHDOT
370
     5
100
AcDbLine
 10
1242.754390011604
 20
-88.16503055903462
 30
0.0
 11
1121.504390011604
 21
-88.16503055903462
 31
0.0
  0
LINE
  5
1040
330
1F
100
AcDbEntity
  8
N.SolarArrays
  6
DASHDOT
370
     5
100
AcDbLine
 10
1121.504390011604
 20
-93.16503055903462
 30
0.0
 11
1242.754390011604
 21
-93.16503055903462
 31
0.0
  0
LINE
  5
1041
330
1F
100
AcDbEntity
  8
N.SolarArrays
  6
DASHDOT
370
     5
100
AcDbLine
 10
1242.754390011604
 20
-98.16503055903462
 30
0.0
 11
1121.504390011604
 21
-98.16503055903462
 31
0.0
  0
LINE
  5
1042
330
1F
100
AcDbEntity
  8
N.SolarArrays
  6
DASHDOT
370
     5
100
AcDbLine
 10
1121.504390011604
 20
-103.1650305590346
 30
0.0
 11
1242.754390011604
 21
-103.1650305590346
 31
0.0
  0
LINE
  5
1043
330
1F
100
AcDbEntity
  8
N.SolarArrays
  6
DASHDOT
370
     5
100
AcDbLine
 10
1242.754390011604
 20
-108.1650305590346
 30
0.0
 11
1121.504390011604
 21
-108.1650305590346
 31
0.0
  0
LINE
  5
1044
330
1F
100
AcDbEntity
  8
N.SolarArrays
  6
DASHDOT
370
     5
100
AcDbLine
 10
1354.299463803057
 20
-58.16503055903462
 30
0.0
 11
1354.299463803057
 21
-113.1650305590346
 31
0.0
  0
LINE
  5
1045
330
1F
100
AcDbEntity
  8
N.SolarArrays
  6
DASHDOT
370
     5
100
AcDbLine
 10
1342.174463803057
 20
-113.1650305590346
 30
0.0
 11
1342.174463803057
 21
-58.16503055903462
 31
0.0
  0
LINE
  5
1046
330
1F
100
AcDbEntity
  8
N.SolarArrays
  6
DASHDOT
370
     5
100
AcDbLine
 10
1330.049463803057
 20
-58.16503055903462
 30
0.0
 11
1330.049463803057
 21
-113.1650305590346
 31
0.0
  0
LINE
  5
1047
330
1F
100
AcDbEntity
  8
N.SolarArrays
  6
DASHDOT
370
     5
100
AcDbLine
 10
1317.924463803057
 20
-113.1650305590346
 30
0.0
 11
1317.924463803057
 21
-58.16503055903462
 31
0.0
  0
LINE
  5
1048
330
1F
100
AcDbEntity
  8
N.SolarArrays
  6
DASHDOT
370
     5
100
AcDbLine
 10
1305.799463803057
 20
-58.16503055903462
 30
0.0
 11
1305.799463803057
 21
-113.1650305590346
 31
0.0
  0
LINE
  5
1049
330
1F
100
AcDbEntity
  8
N.SolarArrays
  6
DASHDOT
370
     5
100
AcDbLine
 10
1293.674463803057
 20
-113.1650305590346
 30
0.0
 11
1293.674463803057
 21
-58.16503055903462
 31
0.0
  0
LINE
  5
104A
330
1F
100
AcDbEntity
  8
N.SolarArrays
  6
DASHDOT
370
     5
100
AcDbLine
 10
1281.549463803057
 20
-58.16503055903462
 30
0.0
 11
1281.549463803057
 21
-113.1650305590346
 31
0.0
  0
LINE
  5
104B
330
1F
100
AcDbEntity
  8
N.SolarArrays
  6
DASHDOT
370
     5
100
AcDbLine
 10
1269.424463803057
 20
-113.1650305590346
 30
0.0
 11
1269.424463803057
 21
-58.16503055903462
 31
0.0
  0
LINE
  5
104C
330
1F
100
AcDbEntity
  8
N.SolarArrays
  6
DASHDOT
370
     5
100
AcDbLine
 10
1257.299463803057
 20
-58.16503055903462
 30
0.0
 11
1257.299463803057
 21
-113.1650305590346
 31
0.0
  0
LINE
  5
104D
330
1F
100
AcDbEntity
  8
N.SolarArrays
  6
DASHDOT
370
     5
100
AcDbLine
 10
1366.424463803057
 20
-63.16503055903462
 30
0.0
 11
1245.174463803057
 21
-63.16503055903462
 31
0.0
  0
LINE
  5
104E
330
1F
100
AcDbEntity
  8
N.SolarArrays
  6
DASHDOT
370
     5
100
AcDbLine
 10
1245.174463803057
 20
-68.16503055903462
 30
0.0
 11
1366.424463803057
 21
-68.16503055903462
 31
0.0
  0
LINE
  5
104F
330
1F
100
AcDbEntity
  8
N.SolarArrays
  6
DASHDOT
370
     5
100
AcDbLine
 10
1366.424463803057
 20
-73.16503055903462
 30
0.0
 11
1245.174463803057
 21
-73.16503055903462
 31
0.0
  0
LINE
  5
1050
330
1F
100
AcDbEntity
  8
N.SolarArrays
  6
DASHDOT
370
     5
100
AcDbLine
 10
1245.174463803057
 20
-78.16503055903462
 30
0.0
 11
1366.424463803057
 21
-78.16503055903462
 31
0.0
  0
LINE
  5
1051
330
1F
100
AcDbEntity
  8
N.SolarArrays
  6
DASHDOT
370
     5
100
AcDbLine
 10
1366.424463803057
 20
-83.16503055903462
 30
0.0
 11
1245.174463803057
 21
-83.16503055903462
 31
0.0
  0
LINE
  5
1052
330
1F
100
AcDbEntity
  8
N.SolarArrays
  6
DASHDOT
370
     5
100
AcDbLine
 10
1245.174463803057
 20
-88.16503055903462
 30
0.0
 11
1366.424463803057
 21
-88.16503055903462
 31
0.0
  0
LINE
  5
1053
330
1F
100
AcDbEntity
  8
N.SolarArrays
  6
DASHDOT
370
     5
100
AcDbLine
 10
1366.424463803057
 20
-93.16503055903462
 30
0.0
 11
1245.174463803057
 21
-93.16503055903462
 31
0.0
  0
LINE
  5
1054
330
1F
100
AcDbEntity
  8
N.SolarArrays
  6
DASHDOT
370
     5
100
AcDbLine
 10
1245.174463803057
 20
-98.16503055903462
 30
0.0
 11
1366.424463803057
 21
-98.16503055903462
 31
0.0
  0
LINE
  5
1055
330
1F
100
AcDbEntity
  8
N.SolarArrays
  6
DASHDOT
370
     5
100
AcDbLine
 10
1366.424463803057
 20
-103.1650305590346
 30
0.0
 11
1245.174463803057
 21
-103.1650305590346
 31
0.0
  0
LINE
  5
1056
330
1F
100
AcDbEntity
  8
N.SolarArrays
  6
DASHDOT
370
     5
100
AcDbLine
 10
1245.174463803057
 20
-108.1650305590346
 30
0.0
 11
1366.424463803057
 21
-108.1650305590346
 31
0.0
  0
LINE
  5
1057
330
1F
100
AcDbEntity
  8
N.SolarArrays
370
    13
100
AcDbLine
 10
1065.004390011604
 20
-118.1650305590346
 30
0.0
 11
1055.004390011604
 21
-118.1650305590346
 31
0.0
  0
LINE
  5
1058
330
1F
100
AcDbEntity
  8
N.SolarArrays
370
    13
100
AcDbLine
 10
1055.004390011604
 20
-118.1650305590346
 30
0.0
 11
1055.004390011604
 21
-113.1650305590347
 31
0.0
  0
LINE
  5
1059
330
1F
100
AcDbEntity
  8
N.SolarArrays
370
    13
100
AcDbLine
 10
1055.004390011604
 20
-113.1650305590347
 30
0.0
 11
1065.004390011604
 21
-113.1650305590347
 31
0.0
  0
LINE
  5
105A
330
1F
100
AcDbEntity
  8
N.SolarArrays
370
    13
100
AcDbLine
 10
1055.004390011604
 20
-118.1650305590346
 30
0.0
 11
1055.004390011604
 21
-117.1650305590346
 31
0.0
  0
LINE
  5
105B
330
1F
100
AcDbEntity
  8
N.SolarArrays
370
    13
100
AcDbLine
 10
1055.004390011604
 20
-117.1650305590346
 30
0.0
 11
1035.004390011604
 21
-117.1650305590346
 31
0.0
  0
LINE
  5
105C
330
1F
100
AcDbEntity
  8
N.SolarArrays
370
    13
100
AcDbLine
 10
1035.004390011604
 20
-117.1650305590346
 30
0.0
 11
1035.004390011604
 21
-114.1650305590346
 31
0.0
  0
LINE
  5
105D
330
1F
100
AcDbEntity
  8
N.SolarArrays
370
    13
100
AcDbLine
 10
1035.004390011604
 20
-114.1650305590346
 30
0.0
 11
1055.004390011604
 21
-114.1650305590346
 31
0.0
  0
LINE
  5
105E
330
1F
100
AcDbEntity
  8
N.SolarArrays
370
    13
100
AcDbLine
 10
1035.004390011604
 20
-114.1650305590346
 30
0.0
 11
1035.004390011604
 21
-55.66503055903462
 31
0.0
  0
LINE
  5
105F
330
1F
100
AcDbEntity
  8
N.SolarArrays
370
    13
100
AcDbLine
 10
1031.004390011604
 20
-55.66503055903462
 30
0.0
 11
1031.004390011604
 21
-175.6650305590346
 31
0.0
  0
LINE
  5
1060
330
1F
100
AcDbEntity
  8
N.SolarArrays
370
    13
100
AcDbLine
 10
1035.004390011604
 20
-175.6650305590346
 30
0.0
 11
1035.004390011604
 21
-117.1650305590346
 31
0.0
  0
ARC
  5
1061
330
1F
100
AcDbEntity
  8
N.SolarArrays
370
    13
100
AcDbCircle
 10
1033.004390011604
 20
-175.6650305590346
 30
0.0
 40
2.0
100
AcDbArc
 50
180.0
 51
0.0
  0
ARC
  5
1062
330
1F
100
AcDbEntity
  8
N.SolarArrays
370
    13
100
AcDbCircle
 10
1033.004390011604
 20
-55.66503055903462
 30
0.0
 40
2.0
100
AcDbArc
 50
0.0
 51
180.0
  0
LWPOLYLINE
  5
1063
330
1F
100
AcDbEntity
  8
N.SolarArrays
370
    13
100
AcDbPolyline
 90
        4
 70
     1
 43
0.0
 10
1031.004390011604
 20
-175.6650305590346
 10
781.0043900116043
 20
-175.6650305590346
 10
781.0043900116043
 20
-55.66503055903462
 10
1031.004390011604
 20
-55.66503055903462
  0
LWPOLYLINE
  5
1064
330
1F
100
AcDbEntity
  8
N.SolarArrays
370
     9
100
AcDbPolyline
 90
        4
 70
     1
 43
0.0
 10
1028.504390011604
 20
-118.1650305590346
 10
907.2543900116043
 20
-118.1650305590346
 10
907.2543900116043
 20
-173.1650305590346
 10
1028.504390011604
 20
-173.1650305590346
  0
LWPOLYLINE
  5
1065
330
1F
100
AcDbEntity
  8
N.SolarArrays
370
     9
100
AcDbPolyline
 90
        4
 70
     1
 43
0.0
 10
904.7543900116043
 20
-118.1650305590346
 10
783.5043900116043
 20
-118.1650305590346
 10
783.5043900116043
 20
-173.1650305590346
 10
904.7543900116043
 20
-173.1650305590346
  0
LINE
  5
1066
330
1F
100
AcDbEntity
  8
N.SolarArrays
  6
DASHDOT
370
     5
100
AcDbLine
 10
1016.379390011604
 20
-173.1650305590346
 30
0.0
 11
1016.379390011604
 21
-118.1650305590346
 31
0.0
  0
LINE
  5
1067
330
1F
100
AcDbEntity
  8
N.SolarArrays
  6
DASHDOT
370
     5
100
AcDbLine
 10
1004.254390011604
 20
-118.1650305590346
 30
0.0
 11
1004.254390011604
 21
-173.1650305590346
 31
0.0
  0
LINE
  5
1068
330
1F
100
AcDbEntity
  8
N.SolarArrays
  6
DASHDOT
370
     5
100
AcDbLine
 10
992.1293900116043
 20
-173.1650305590346
 30
0.0
 11
992.1293900116043
 21
-118.1650305590346
 31
0.0
  0
LINE
  5
1069
330
1F
100
AcDbEntity
  8
N.SolarArrays
  6
DASHDOT
370
     5
100
AcDbLine
 10
980.0043900116043
 20
-118.1650305590346
 30
0.0
 11
980.0043900116043
 21
-173.1650305590346
 31
0.0
  0
LINE
  5
106A
330
1F
100
AcDbEntity
  8
N.SolarArrays
  6
DASHDOT
370
     5
100
AcDbLine
 10
967.8793900116043
 20
-173.1650305590346
 30
0.0
 11
967.8793900116043
 21
-118.1650305590346
 31
0.0
  0
LINE
  5
106B
330
1F
100
AcDbEntity
  8
N.SolarArrays
  6
DASHDOT
370
     5
100
AcDbLine
 10
955.7543900116043
 20
-118.1650305590346
 30
0.0
 11
955.7543900116043
 21
-173.1650305590346
 31
0.0
  0
LINE
  5
106C
330
1F
100
AcDbEntity
  8
N.SolarArrays
  6
DASHDOT
370
     5
100
AcDbLine
 10
943.6293900116043
 20
-173.1650305590346
 30
0.0
 11
943.6293900116043
 21
-118.1650305590346
 31
0.0
  0
LINE
  5
106D
330
1F
100
AcDbEntity
  8
N.SolarArrays
  6
DASHDOT
370
     5
100
AcDbLine
 10
931.5043900116043
 20
-118.1650305590346
 30
0.0
 11
931.5043900116043
 21
-173.1650305590346
 31
0.0
  0
LINE
  5
106E
330
1F
100
AcDbEntity
  8
N.SolarArrays
  6
DASHDOT
370
     5
100
AcDbLine
 10
919.3793900116043
 20
-173.1650305590346
 30
0.0
 11
919.3793900116043
 21
-118.1650305590346
 31
0.0
  0
LINE
  5
106F
330
1F
100
AcDbEntity
  8
N.SolarArrays
  6
DASHDOT
370
     5
100
AcDbLine
 10
1028.504390011604
 20
-168.1650305590346
 30
0.0
 11
907.2543900116043
 21
-168.1650305590346
 31
0.0
  0
LINE
  5
1070
330
1F
100
AcDbEntity
  8
N.SolarArrays
  6
DASHDOT
370
     5
100
AcDbLine
 10
907.2543900116043
 20
-163.1650305590346
 30
0.0
 11
1028.504390011604
 21
-163.1650305590346
 31
0.0
  0
LINE
  5
1071
330
1F
100
AcDbEntity
  8
N.SolarArrays
  6
DASHDOT
370
     5
100
AcDbLine
 10
1028.504390011604
 20
-158.1650305590346
 30
0.0
 11
907.2543900116043
 21
-158.1650305590346
 31
0.0
  0
LINE
  5
1072
330
1F
100
AcDbEntity
  8
N.SolarArrays
  6
DASHDOT
370
     5
100
AcDbLine
 10
907.2543900116043
 20
-153.1650305590346
 30
0.0
 11
1028.504390011604
 21
-153.1650305590346
 31
0.0
  0
LINE
  5
1073
330
1F
100
AcDbEntity
  8
N.SolarArrays
  6
DASHDOT
370
     5
100
AcDbLine
 10
1028.504390011604
 20
-148.1650305590346
 30
0.0
 11
907.2543900116043
 21
-148.1650305590346
 31
0.0
  0
LINE
  5
1074
330
1F
100
AcDbEntity
  8
N.SolarArrays
  6
DASHDOT
370
     5
100
AcDbLine
 10
907.2543900116043
 20
-143.1650305590346
 30
0.0
 11
1028.504390011604
 21
-143.1650305590346
 31
0.0
  0
LINE
  5
1075
330
1F
100
AcDbEntity
  8
N.SolarArrays
  6
DASHDOT
370
     5
100
AcDbLine
 10
1028.504390011604
 20
-138.1650305590346
 30
0.0
 11
907.2543900116043
 21
-138.1650305590346
 31
0.0
  0
LINE
  5
1076
330
1F
100
AcDbEntity
  8
N.SolarArrays
  6
DASHDOT
370
     5
100
AcDbLine
 10
907.2543900116043
 20
-133.1650305590346
 30
0.0
 11
1028.504390011604
 21
-133.1650305590346
 31
0.0
  0
LINE
  5
1077
330
1F
100
AcDbEntity
  8
N.SolarArrays
  6
DASHDOT
370
     5
100
AcDbLine
 10
1028.504390011604
 20
-128.1650305590346
 30
0.0
 11
907.2543900116043
 21
-128.1650305590346
 31
0.0
  0
LINE
  5
1078
330
1F
100
AcDbEntity
  8
N.SolarArrays
  6
DASHDOT
370
     5
100
AcDbLine
 10
907.2543900116043
 20
-123.1650305590346
 30
0.0
 11
1028.504390011604
 21
-123.1650305590346
 31
0.0
  0
LINE
  5
1079
330
1F
100
AcDbEntity
  8
N.SolarArrays
  6
DASHDOT
370
     5
100
AcDbLine
 10
795.7093162201518
 20
-173.1650305590346
 30
0.0
 11
795.7093162201518
 21
-118.1650305590346
 31
0.0
  0
LINE
  5
107A
330
1F
100
AcDbEntity
  8
N.SolarArrays
  6
DASHDOT
370
     5
100
AcDbLine
 10
807.8343162201518
 20
-118.1650305590346
 30
0.0
 11
807.8343162201518
 21
-173.1650305590346
 31
0.0
  0
LINE
  5
107B
330
1F
100
AcDbEntity
  8
N.SolarArrays
  6
DASHDOT
370
     5
100
AcDbLine
 10
819.9593162201518
 20
-173.1650305590346
 30
0.0
 11
819.9593162201518
 21
-118.1650305590346
 31
0.0
  0
LINE
  5
107C
330
1F
100
AcDbEntity
  8
N.SolarArrays
  6
DASHDOT
370
     5
100
AcDbLine
 10
832.0843162201518
 20
-118.1650305590346
 30
0.0
 11
832.0843162201518
 21
-173.1650305590346
 31
0.0
  0
LINE
  5
107D
330
1F
100
AcDbEntity
  8
N.SolarArrays
  6
DASHDOT
370
     5
100
AcDbLine
 10
844.2093162201518
 20
-173.1650305590346
 30
0.0
 11
844.2093162201518
 21
-118.1650305590346
 31
0.0
  0
LINE
  5
107E
330
1F
100
AcDbEntity
  8
N.SolarArrays
  6
DASHDOT
370
     5
100
AcDbLine
 10
856.3343162201518
 20
-118.1650305590346
 30
0.0
 11
856.3343162201518
 21
-173.1650305590346
 31
0.0
  0
LINE
  5
107F
330
1F
100
AcDbEntity
  8
N.SolarArrays
  6
DASHDOT
370
     5
100
AcDbLine
 10
868.4593162201518
 20
-173.1650305590346
 30
0.0
 11
868.4593162201518
 21
-118.1650305590346
 31
0.0
  0
LINE
  5
1080
330
1F
100
AcDbEntity
  8
N.SolarArrays
  6
DASHDOT
370
     5
100
AcDbLine
 10
880.5843162201518
 20
-118.1650305590346
 30
0.0
 11
880.5843162201518
 21
-173.1650305590346
 31
0.0
  0
LINE
  5
1081
330
1F
100
AcDbEntity
  8
N.SolarArrays
  6
DASHDOT
370
     5
100
AcDbLine
 10
892.7093162201518
 20
-173.1650305590346
 30
0.0
 11
892.7093162201518
 21
-118.1650305590346
 31
0.0
  0
LINE
  5
1082
330
1F
100
AcDbEntity
  8
N.SolarArrays
  6
DASHDOT
370
     5
100
AcDbLine
 10
783.5843162201518
 20
-168.1650305590346
 30
0.0
 11
904.8343162201518
 21
-168.1650305590346
 31
0.0
  0
LINE
  5
1083
330
1F
100
AcDbEntity
  8
N.SolarArrays
  6
DASHDOT
370
     5
100
AcDbLine
 10
904.8343162201518
 20
-163.1650305590346
 30
0.0
 11
783.5843162201518
 21
-163.1650305590346
 31
0.0
  0
LINE
  5
1084
330
1F
100
AcDbEntity
  8
N.SolarArrays
  6
DASHDOT
370
     5
100
AcDbLine
 10
783.5843162201518
 20
-158.1650305590346
 30
0.0
 11
904.8343162201518
 21
-158.1650305590346
 31
0.0
  0
LINE
  5
1085
330
1F
100
AcDbEntity
  8
N.SolarArrays
  6
DASHDOT
370
     5
100
AcDbLine
 10
904.8343162201518
 20
-153.1650305590346
 30
0.0
 11
783.5843162201518
 21
-153.1650305590346
 31
0.0
  0
LINE
  5
1086
330
1F
100
AcDbEntity
  8
N.SolarArrays
  6
DASHDOT
370
     5
100
AcDbLine
 10
783.5843162201518
 20
-148.1650305590346
 30
0.0
 11
904.8343162201518
 21
-148.1650305590346
 31
0.0
  0
LINE
  5
1087
330
1F
100
AcDbEntity
  8
N.SolarArrays
  6
DASHDOT
370
     5
100
AcDbLine
 10
904.8343162201518
 20
-143.1650305590346
 30
0.0
 11
783.5843162201518
 21
-143.1650305590346
 31
0.0
  0
LINE
  5
1088
330
1F
100
AcDbEntity
  8
N.SolarArrays
  6
DASHDOT
370
     5
100
AcDbLine
 10
783.5843162201518
 20
-138.1650305590346
 30
0.0
 11
904.8343162201518
 21
-138.1650305590346
 31
0.0
  0
LINE
  5
1089
330
1F
100
AcDbEntity
  8
N.SolarArrays
  6
DASHDOT
370
     5
100
AcDbLine
 10
904.8343162201518
 20
-133.1650305590346
 30
0.0
 11
783.5843162201518
 21
-133.1650305590346
 31
0.0
  0
LINE
  5
108A
330
1F
100
AcDbEntity
  8
N.SolarArrays
  6
DASHDOT
370
     5
100
AcDbLine
 10
783.5843162201518
 20
-128.1650305590346
 30
0.0
 11
904.8343162201518
 21
-128.1650305590346
 31
0.0
  0
LINE
  5
108B
330
1F
100
AcDbEntity
  8
N.SolarArrays
  6
DASHDOT
370
     5
100
AcDbLine
 10
904.8343162201518
 20
-123.1650305590346
 30
0.0
 11
783.5843162201518
 21
-123.1650305590346
 31
0.0
  0
LWPOLYLINE
  5
108C
330
1F
100
AcDbEntity
  8
N.SolarArrays
370
     9
100
AcDbPolyline
 90
        4
 70
     1
 43
0.0
 10
1028.504390011604
 20
-113.1650305590346
 10
907.2543900116043
 20
-113.1650305590346
 10
907.2543900116043
 20
-58.16503055903462
 10
1028.504390011604
 20
-58.16503055903462
  0
LWPOLYLINE
  5
108D
330
1F
100
AcDbEntity
  8
N.SolarArrays
370
     9
100
AcDbPolyline
 90
        4
 70
     1
 43
0.0
 10
904.7543900116043
 20
-113.1650305590346
 10
783.5043900116043
 20
-113.1650305590346
 10
783.5043900116043
 20
-58.16503055903462
 10
904.7543900116043
 20
-58.16503055903462
  0
LINE
  5
108E
330
1F
100
AcDbEntity
  8
N.SolarArrays
  6
DASHDOT
370
     5
100
AcDbLine
 10
1016.379390011604
 20
-58.16503055903462
 30
0.0
 11
1016.379390011604
 21
-113.1650305590346
 31
0.0
  0
LINE
  5
108F
330
1F
100
AcDbEntity
  8
N.SolarArrays
  6
DASHDOT
370
     5
100
AcDbLine
 10
1004.254390011604
 20
-113.1650305590346
 30
0.0
 11
1004.254390011604
 21
-58.16503055903462
 31
0.0
  0
LINE
  5
1090
330
1F
100
AcDbEntity
  8
N.SolarArrays
  6
DASHDOT
370
     5
100
AcDbLine
 10
992.1293900116043
 20
-58.16503055903462
 30
0.0
 11
992.1293900116043
 21
-113.1650305590346
 31
0.0
  0
LINE
  5
1091
330
1F
100
AcDbEntity
  8
N.SolarArrays
  6
DASHDOT
370
     5
100
AcDbLine
 10
980.0043900116043
 20
-113.1650305590346
 30
0.0
 11
980.0043900116043
 21
-58.16503055903462
 31
0.0
  0
LINE
  5
1092
330
1F
100
AcDbEntity
  8
N.SolarArrays
  6
DASHDOT
370
     5
100
AcDbLine
 10
967.8793900116043
 20
-58.16503055903462
 30
0.0
 11
967.8793900116043
 21
-113.1650305590346
 31
0.0
  0
LINE
  5
1093
330
1F
100
AcDbEntity
  8
N.SolarArrays
  6
DASHDOT
370
     5
100
AcDbLine
 10
955.7543900116043
 20
-113.1650305590346
 30
0.0
 11
955.7543900116043
 21
-58.16503055903462
 31
0.0
  0
LINE
  5
1094
330
1F
100
AcDbEntity
  8
N.SolarArrays
  6
DASHDOT
370
     5
100
AcDbLine
 10
943.6293900116043
 20
-58.16503055903462
 30
0.0
 11
943.6293900116043
 21
-113.1650305590346
 31
0.0
  0
LINE
  5
1095
330
1F
100
AcDbEntity
  8
N.SolarArrays
  6
DASHDOT
370
     5
100
AcDbLine
 10
931.5043900116043
 20
-113.1650305590346
 30
0.0
 11
931.5043900116043
 21
-58.16503055903462
 31
0.0
  0
LINE
  5
1096
330
1F
100
AcDbEntity
  8
N.SolarArrays
  6
DASHDOT
370
     5
100
AcDbLine
 10
919.3793900116043
 20
-58.16503055903462
 30
0.0
 11
919.3793900116043
 21
-113.1650305590346
 31
0.0
  0
LINE
  5
1097
330
1F
100
AcDbEntity
  8
N.SolarArrays
  6
DASHDOT
370
     5
100
AcDbLine
 10
1028.504390011604
 20
-63.16503055903462
 30
0.0
 11
907.2543900116043
 21
-63.16503055903462
 31
0.0
  0
LINE
  5
1098
330
1F
100
AcDbEntity
  8
N.SolarArrays
  6
DASHDOT
370
     5
100
AcDbLine
 10
907.2543900116043
 20
-68.16503055903462
 30
0.0
 11
1028.504390011604
 21
-68.16503055903462
 31
0.0
  0
LINE
  5
1099
330
1F
100
AcDbEntity
  8
N.SolarArrays
  6
DASHDOT
370
     5
100
AcDbLine
 10
1028.504390011604
 20
-73.16503055903462
 30
0.0
 11
907.2543900116043
 21
-73.16503055903462
 31
0.0
  0
LINE
  5
109A
330
1F
100
AcDbEntity
  8
N.SolarArrays
  6
DASHDOT
370
     5
100
AcDbLine
 10
907.2543900116043
 20
-78.16503055903462
 30
0.0
 11
1028.504390011604
 21
-78.16503055903462
 31
0.0
  0
LINE
  5
109B
330
1F
100
AcDbEntity
  8
N.SolarArrays
  6
DASHDOT
370
     5
100
AcDbLine
 10
1028.504390011604
 20
-83.16503055903462
 30
0.0
 11
907.2543900116043
 21
-83.16503055903462
 31
0.0
  0
LINE
  5
109C
330
1F
100
AcDbEntity
  8
N.SolarArrays
  6
DASHDOT
370
     5
100
AcDbLine
 10
907.2543900116043
 20
-88.16503055903462
 30
0.0
 11
1028.504390011604
 21
-88.16503055903462
 31
0.0
  0
LINE
  5
109D
330
1F
100
AcDbEntity
  8
N.SolarArrays
  6
DASHDOT
370
     5
100
AcDbLine
 10
1028.504390011604
 20
-93.16503055903462
 30
0.0
 11
907.2543900116043
 21
-93.16503055903462
 31
0.0
  0
LINE
  5
109E
330
1F
100
AcDbEntity
  8
N.SolarArrays
  6
DASHDOT
370
     5
100
AcDbLine
 10
907.2543900116043
 20
-98.16503055903462
 30
0.0
 11
1028.504390011604
 21
-98.16503055903462
 31
0.0
  0
LINE
  5
109F
330
1F
100
AcDbEntity
  8
N.SolarArrays
  6
DASHDOT
370
     5
100
AcDbLine
 10
1028.504390011604
 20
-103.1650305590346
 30
0.0
 11
907.2543900116043
 21
-103.1650305590346
 31
0.0
  0
LINE
  5
10A0
330
1F
100
AcDbEntity
  8
N.SolarArrays
  6
DASHDOT
370
     5
100
AcDbLine
 10
907.2543900116043
 20
-108.1650305590346
 30
0.0
 11
1028.504390011604
 21
-108.1650305590346
 31
0.0
  0
LINE
  5
10A1
330
1F
100
AcDbEntity
  8
N.SolarArrays
  6
DASHDOT
370
     5
100
AcDbLine
 10
795.7093162201518
 20
-58.16503055903462
 30
0.0
 11
795.7093162201518
 21
-113.1650305590346
 31
0.0
  0
LINE
  5
10A2
330
1F
100
AcDbEntity
  8
N.SolarArrays
  6
DASHDOT
370
     5
100
AcDbLine
 10
807.8343162201518
 20
-113.1650305590346
 30
0.0
 11
807.8343162201518
 21
-58.16503055903462
 31
0.0
  0
LINE
  5
10A3
330
1F
100
AcDbEntity
  8
N.SolarArrays
  6
DASHDOT
370
     5
100
AcDbLine
 10
819.9593162201518
 20
-58.16503055903462
 30
0.0
 11
819.9593162201518
 21
-113.1650305590346
 31
0.0
  0
LINE
  5
10A4
330
1F
100
AcDbEntity
  8
N.SolarArrays
  6
DASHDOT
370
     5
100
AcDbLine
 10
832.0843162201518
 20
-113.1650305590346
 30
0.0
 11
832.0843162201518
 21
-58.16503055903462
 31
0.0
  0
LINE
  5
10A5
330
1F
100
AcDbEntity
  8
N.SolarArrays
  6
DASHDOT
370
     5
100
AcDbLine
 10
844.2093162201518
 20
-58.16503055903462
 30
0.0
 11
844.2093162201518
 21
-113.1650305590346
 31
0.0
  0
LINE
  5
10A6
330
1F
100
AcDbEntity
  8
N.SolarArrays
  6
DASHDOT
370
     5
100
AcDbLine
 10
856.3343162201518
 20
-113.1650305590346
 30
0.0
 11
856.3343162201518
 21
-58.16503055903462
 31
0.0
  0
LINE
  5
10A7
330
1F
100
AcDbEntity
  8
N.SolarArrays
  6
DASHDOT
370
     5
100
AcDbLine
 10
868.4593162201518
 20
-58.16503055903462
 30
0.0
 11
868.4593162201518
 21
-113.1650305590346
 31
0.0
  0
LINE
  5
10A8
330
1F
100
AcDbEntity
  8
N.SolarArrays
  6
DASHDOT
370
     5
100
AcDbLine
 10
880.5843162201518
 20
-113.1650305590346
 30
0.0
 11
880.5843162201518
 21
-58.16503055903462
 31
0.0
  0
LINE
  5
10A9
330
1F
100
AcDbEntity
  8
N.SolarArrays
  6
DASHDOT
370
     5
100
AcDbLine
 10
892.7093162201518
 20
-58.16503055903462
 30
0.0
 11
892.7093162201518
 21
-113.1650305590346
 31
0.0
  0
LINE
  5
10AA
330
1F
100
AcDbEntity
  8
N.SolarArrays
  6
DASHDOT
370
     5
100
AcDbLine
 10
783.5843162201518
 20
-63.16503055903462
 30
0.0
 11
904.8343162201518
 21
-63.16503055903462
 31
0.0
  0
LINE
  5
10AB
330
1F
100
AcDbEntity
  8
N.SolarArrays
  6
DASHDOT
370
     5
100
AcDbLine
 10
904.8343162201518
 20
-68.16503055903462
 30
0.0
 11
783.5843162201518
 21
-68.16503055903462
 31
0.0
  0
LINE
  5
10AC
330
1F
100
AcDbEntity
  8
N.SolarArrays
  6
DASHDOT
370
     5
100
AcDbLine
 10
783.5843162201518
 20
-73.16503055903462
 30
0.0
 11
904.8343162201518
 21
-73.16503055903462
 31
0.0
  0
LINE
  5
10AD
330
1F
100
AcDbEntity
  8
N.SolarArrays
  6
DASHDOT
370
     5
100
AcDbLine
 10
904.8343162201518
 20
-78.16503055903462
 30
0.0
 11
783.5843162201518
 21
-78.16503055903462
 31
0.0
  0
LINE
  5
10AE
330
1F
100
AcDbEntity
  8
N.SolarArrays
  6
DASHDOT
370
     5
100
AcDbLine
 10
783.5843162201518
 20
-83.16503055903462
 30
0.0
 11
904.8343162201518
 21
-83.16503055903462
 31
0.0
  0
LINE
  5
10AF
330
1F
100
AcDbEntity
  8
N.SolarArrays
  6
DASHDOT
370
     5
100
AcDbLine
 10
904.8343162201518
 20
-88.16503055903462
 30
0.0
 11
783.5843162201518
 21
-88.16503055903462
 31
0.0
  0
LINE
  5
10B0
330
1F
100
AcDbEntity
  8
N.SolarArrays
  6
DASHDOT
370
     5
100
AcDbLine
 10
783.5843162201518
 20
-93.16503055903462
 30
0.0
 11
904.8343162201518
 21
-93.16503055903462
 31
0.0
  0
LINE
  5
10B1
330
1F
100
AcDbEntity
  8
N.SolarArrays
  6
DASHDOT
370
     5
100
AcDbLine
 10
904.8343162201518
 20
-98.16503055903462
 30
0.0
 11
783.5843162201518
 21
-98.16503055903462
 31
0.0
  0
LINE
  5
10B2
330
1F
100
AcDbEntity
  8
N.SolarArrays
  6
DASHDOT
370
     5
100
AcDbLine
 10
783.5843162201518
 20
-103.1650305590346
 30
0.0
 11
904.8343162201518
 21
-103.1650305590346
 31
0.0
  0
LINE
  5
10B3
330
1F
100
AcDbEntity
  8
N.SolarArrays
  6
DASHDOT
370
     5
100
AcDbLine
 10
904.8343162201518
 20
-108.1650305590346
 30
0.0
 11
783.5843162201518
 21
-108.1650305590346
 31
0.0
  0
LINE
  5
1203
330
1F
100
AcDbEntity
  8
0
370
     5
100
AcDbLine
 10
1065.004390011604
 20
300.5852845518107
 30
0.0
 11
1065.004390011604
 21
319.5852845518108
 31
0.0
  0
LINE
  5
1204
330
1F
100
AcDbEntity
  8
0
370
     5
100
AcDbLine
 10
1065.004390011604
 20
319.5852845518108
 30
0.0
 11
1084.004390011604
 21
319.5852845518108
 31
0.0
  0
LINE
  5
1205
330
1F
100
AcDbEntity
  8
0
370
     5
100
AcDbLine
 10
1085.004390011604
 20
318.5852845518107
 30
0.0
 11
1085.004390011604
 21
299.5852845518108
 31
0.0
  0
LINE
  5
1206
330
1F
100
AcDbEntity
  8
0
370
     5
100
AcDbLine
 10
1065.004390011604
 20
300.5852845518108
 30
0.0
 11
1084.004390011604
 21
319.5852845518108
 31
0.0
  0
LINE
  5
1207
330
1F
100
AcDbEntity
  8
0
370
     5
100
AcDbLine
 10
1066.004390011604
 20
299.5852845518108
 30
0.0
 11
1085.004390011604
 21
318.5852845518108
 31
0.0
  0
LINE
  5
1208
330
1F
100
AcDbEntity
  8
0
370
     5
100
AcDbLine
 10
1063.604390011604
 20
299.5852845518108
 30
0.0
 11
1063.604390011604
 21
319.5852845518108
 31
0.0
  0
LINE
  5
1209
330
1F
100
AcDbEntity
  8
0
370
     5
100
AcDbLine
 10
1063.604390011604
 20
319.5852845518108
 30
0.0
 11
1063.604390011604
 21
320.9852845518108
 31
0.0
  0
LINE
  5
120A
330
1F
100
AcDbEntity
  8
0
370
     5
100
AcDbLine
 10
1086.404390011604
 20
320.9852845518108
 30
0.0
 11
1086.404390011604
 21
299.5852845518108
 31
0.0
  0
LINE
  5
120B
330
1F
100
AcDbEntity
  8
0
370
     5
100
AcDbLine
 10
1065.004390011604
 20
339.9852845518109
 30
0.0
 11
1065.004390011604
 21
320.9852845518108
 31
0.0
  0
LINE
  5
120C
330
1F
100
AcDbEntity
  8
0
370
     5
100
AcDbLine
 10
1085.004390011604
 20
321.9852845518109
 30
0.0
 11
1085.004390011604
 21
340.9852845518108
 31
0.0
  0
LINE
  5
120D
330
1F
100
AcDbEntity
  8
0
370
     5
100
AcDbLine
 10
1065.004390011604
 20
339.9852845518108
 30
0.0
 11
1084.004390011604
 21
320.9852845518108
 31
0.0
  0
LINE
  5
120E
330
1F
100
AcDbEntity
  8
0
370
     5
100
AcDbLine
 10
1066.004390011604
 20
340.9852845518108
 30
0.0
 11
1085.004390011604
 21
321.9852845518108
 31
0.0
  0
LINE
  5
120F
330
1F
100
AcDbEntity
  8
0
370
     5
100
AcDbLine
 10
1063.604390011604
 20
340.9852845518108
 30
0.0
 11
1063.604390011604
 21
320.9852845518108
 31
0.0
  0
LINE
  5
1210
330
1F
100
AcDbEntity
  8
0
370
     5
100
AcDbLine
 10
1065.004390011604
 20
320.9852845518108
 30
0.0
 11
1084.004390011604
 21
320.9852845518108
 31
0.0
  0
LINE
  5
1211
330
1F
100
AcDbEntity
  8
0
370
     5
100
AcDbLine
 10
1086.404390011604
 20
320.9852845518108
 30
0.0
 11
1086.404390011604
 21
340.9852845518108
 31
0.0
  0
LINE
  5
1212
330
1F
100
AcDbEntity
  8
0
370
     5
100
AcDbLine
 10
1086.404390011604
 20
340.9852845518108
 30
0.0
 11
1086.404390011604
 21
342.3852845518108
 31
0.0
  0
LINE
  5
1213
330
1F
100
AcDbEntity
  8
0
370
     5
100
AcDbLine
 10
1085.004390011604
 20
342.3852845518108
 30
0.0
 11
1066.004390011604
 21
342.3852845518108
 31
0.0
  0
LINE
  5
1214
330
1F
100
AcDbEntity
  8
0
370
     5
100
AcDbLine
 10
1063.604390011604
 20
342.3852845518108
 30
0.0
 11
1063.604390011604
 21
340.9852845518108
 31
0.0
  0
LINE
  5
1215
330
1F
100
AcDbEntity
  8
0
370
     5
100
AcDbLine
 10
1066.004390011604
 20
340.9852845518108
 30
0.0
 11
1085.004390011604
 21
340.9852845518108
 31
0.0
  0
LINE
  5
1216
330
1F
100
AcDbEntity
  8
0
370
     5
100
AcDbLine
 10
1065.004390011604
 20
343.3852845518107
 30
0.0
 11
1065.004390011604
 21
362.3852845518108
 31
0.0
  0
LINE
  5
1217
330
1F
100
AcDbEntity
  8
0
370
     5
100
AcDbLine
 10
1065.004390011604
 20
362.3852845518108
 30
0.0
 11
1084.004390011604
 21
362.3852845518108
 31
0.0
  0
LINE
  5
1218
330
1F
100
AcDbEntity
  8
0
370
     5
100
AcDbLine
 10
1085.004390011604
 20
361.3852845518107
 30
0.0
 11
1085.004390011604
 21
342.3852845518108
 31
0.0
  0
LINE
  5
1219
330
1F
100
AcDbEntity
  8
0
370
     5
100
AcDbLine
 10
1065.004390011604
 20
343.3852845518108
 30
0.0
 11
1084.004390011604
 21
362.3852845518108
 31
0.0
  0
LINE
  5
121A
330
1F
100
AcDbEntity
  8
0
370
     5
100
AcDbLine
 10
1066.004390011604
 20
342.3852845518108
 30
0.0
 11
1085.004390011604
 21
361.3852845518108
 31
0.0
  0
LINE
  5
121B
330
1F
100
AcDbEntity
  8
0
370
     5
100
AcDbLine
 10
1063.604390011604
 20
342.3852845518108
 30
0.0
 11
1063.604390011604
 21
362.3852845518109
 31
0.0
  0
LINE
  5
121C
330
1F
100
AcDbEntity
  8
0
370
     5
100
AcDbLine
 10
1063.604390011604
 20
362.3852845518109
 30
0.0
 11
1063.604390011604
 21
363.7852845518108
 31
0.0
  0
LINE
  5
121D
330
1F
100
AcDbEntity
  8
0
370
     5
100
AcDbLine
 10
1086.404390011604
 20
363.7852845518108
 30
0.0
 11
1086.404390011604
 21
342.3852845518108
 31
0.0
  0
LINE
  5
121E
330
1F
100
AcDbEntity
  8
0
370
     5
100
AcDbLine
 10
1063.604390011604
 20
362.3852845518109
 30
0.0
 11
1063.604390011604
 21
363.7852845518108
 31
0.0
  0
LINE
  5
121F
330
1F
100
AcDbEntity
  8
0
370
     5
100
AcDbLine
 10
1086.404390011604
 20
363.7852845518108
 30
0.0
 11
1086.404390011604
 21
342.3852845518109
 31
0.0
  0
LINE
  5
1220
330
1F
100
AcDbEntity
  8
0
370
     5
100
AcDbLine
 10
1065.004390011604
 20
382.7852845518109
 30
0.0
 11
1065.004390011604
 21
363.7852845518108
 31
0.0
  0
LINE
  5
1221
330
1F
100
AcDbEntity
  8
0
370
     5
100
AcDbLine
 10
1085.004390011604
 20
364.7852845518109
 30
0.0
 11
1085.004390011604
 21
383.7852845518108
 31
0.0
  0
LINE
  5
1222
330
1F
100
AcDbEntity
  8
0
370
     5
100
AcDbLine
 10
1065.004390011604
 20
382.7852845518108
 30
0.0
 11
1084.004390011604
 21
363.7852845518108
 31
0.0
  0
LINE
  5
1223
330
1F
100
AcDbEntity
  8
0
370
     5
100
AcDbLine
 10
1066.004390011604
 20
383.7852845518108
 30
0.0
 11
1085.004390011604
 21
364.7852845518108
 31
0.0
  0
LINE
  5
1224
330
1F
100
AcDbEntity
  8
0
370
     5
100
AcDbLine
 10
1063.604390011604
 20
383.7852845518108
 30
0.0
 11
1063.604390011604
 21
363.7852845518108
 31
0.0
  0
LINE
  5
1225
330
1F
100
AcDbEntity
  8
0
370
     5
100
AcDbLine
 10
1086.404390011604
 20
363.7852845518108
 30
0.0
 11
1086.404390011604
 21
383.7852845518108
 31
0.0
  0
LINE
  5
1226
330
1F
100
AcDbEntity
  8
0
370
     5
100
AcDbLine
 10
1086.404390011604
 20
383.7852845518108
 30
0.0
 11
1086.404390011604
 21
385.1852845518108
 31
0.0
  0
LINE
  5
1227
330
1F
100
AcDbEntity
  8
0
370
     5
100
AcDbLine
 10
1085.004390011604
 20
385.1852845518108
 30
0.0
 11
1066.004390011604
 21
385.1852845518108
 31
0.0
  0
LINE
  5
1228
330
1F
100
AcDbEntity
  8
0
370
     5
100
AcDbLine
 10
1063.604390011604
 20
385.1852845518108
 30
0.0
 11
1063.604390011604
 21
383.7852845518108
 31
0.0
  0
LINE
  5
1229
330
1F
100
AcDbEntity
  8
0
370
     5
100
AcDbLine
 10
1066.004390011604
 20
383.7852845518108
 30
0.0
 11
1085.004390011604
 21
383.7852845518108
 31
0.0
  0
LINE
  5
122A
330
1F
100
AcDbEntity
  8
0
370
     5
100
AcDbLine
 10
1065.004390011604
 20
386.1852845518107
 30
0.0
 11
1065.004390011604
 21
405.1852845518108
 31
0.0
  0
LINE
  5
122B
330
1F
100
AcDbEntity
  8
0
370
     5
100
AcDbLine
 10
1065.004390011604
 20
405.1852845518108
 30
0.0
 11
1084.004390011604
 21
405.1852845518108
 31
0.0
  0
LINE
  5
122C
330
1F
100
AcDbEntity
  8
0
370
     5
100
AcDbLine
 10
1085.004390011604
 20
404.1852845518107
 30
0.0
 11
1085.004390011604
 21
385.1852845518108
 31
0.0
  0
LINE
  5
122D
330
1F
100
AcDbEntity
  8
0
370
     5
100
AcDbLine
 10
1065.004390011604
 20
386.1852845518108
 30
0.0
 11
1084.004390011604
 21
405.1852845518108
 31
0.0
  0
LINE
  5
122E
330
1F
100
AcDbEntity
  8
0
370
     5
100
AcDbLine
 10
1066.004390011604
 20
385.1852845518108
 30
0.0
 11
1085.004390011604
 21
404.1852845518108
 31
0.0
  0
LINE
  5
122F
330
1F
100
AcDbEntity
  8
0
370
     5
100
AcDbLine
 10
1063.604390011604
 20
385.1852845518108
 30
0.0
 11
1063.604390011604
 21
405.1852845518109
 31
0.0
  0
LINE
  5
1230
330
1F
100
AcDbEntity
  8
0
370
     5
100
AcDbLine
 10
1086.404390011604
 20
406.5852845518108
 30
0.0
 11
1086.404390011604
 21
385.1852845518108
 31
0.0
  0
LINE
  5
1231
330
1F
100
AcDbEntity
  8
0
370
     5
100
AcDbLine
 10
1065.004390011604
 20
363.7852845518108
 30
0.0
 11
1084.004390011604
 21
363.7852845518108
 31
0.0
  0
LINE
  5
1232
330
1F
100
AcDbEntity
  8
0
370
     5
100
AcDbLine
 10
1086.404390011604
 20
406.5852845518108
 30
0.0
 11
1086.404390011604
 21
385.1852845518109
 31
0.0
  0
LINE
  5
1233
330
1F
100
AcDbEntity
  8
0
370
     5
100
AcDbLine
 10
1065.004390011604
 20
425.585284551811
 30
0.0
 11
1065.004390011604
 21
406.5852845518108
 31
0.0
  0
LINE
  5
1234
330
1F
100
AcDbEntity
  8
0
370
     5
100
AcDbLine
 10
1085.004390011604
 20
407.585284551811
 30
0.0
 11
1085.004390011604
 21
426.5852845518108
 31
0.0
  0
LINE
  5
1235
330
1F
100
AcDbEntity
  8
0
370
     5
100
AcDbLine
 10
1065.004390011604
 20
425.5852845518108
 30
0.0
 11
1084.004390011604
 21
406.5852845518108
 31
0.0
  0
LINE
  5
1236
330
1F
100
AcDbEntity
  8
0
370
     5
100
AcDbLine
 10
1066.004390011604
 20
426.5852845518108
 30
0.0
 11
1085.004390011604
 21
407.5852845518108
 31
0.0
  0
LINE
  5
1237
330
1F
100
AcDbEntity
  8
0
370
     5
100
AcDbLine
 10
1063.604390011604
 20
426.5852845518108
 30
0.0
 11
1063.604390011604
 21
405.1852845518109
 31
0.0
  0
LINE
  5
1238
330
1F
100
AcDbEntity
  8
0
370
     5
100
AcDbLine
 10
1086.404390011604
 20
406.5852845518108
 30
0.0
 11
1086.404390011604
 21
426.5852845518108
 31
0.0
  0
LINE
  5
1239
330
1F
100
AcDbEntity
  8
0
370
     5
100
AcDbLine
 10
1066.004390011604
 20
426.5852845518108
 30
0.0
 11
1085.004390011604
 21
426.5852845518108
 31
0.0
  0
LINE
  5
123A
330
1F
100
AcDbEntity
  8
0
370
     5
100
AcDbLine
 10
1063.604390011604
 20
426.5852845518108
 30
0.0
 11
1063.604390011604
 21
427.9852845518108
 31
0.0
  0
LINE
  5
123B
330
1F
100
AcDbEntity
  8
0
370
    13
100
AcDbLine
 10
1063.604390011604
 20
427.9852845518108
 30
0.0
 11
1086.404390011604
 21
427.9852845518108
 31
0.0
  0
LINE
  5
123C
330
1F
100
AcDbEntity
  8
0
370
     5
100
AcDbLine
 10
1086.404390011604
 20
427.9852845518108
 30
0.0
 11
1086.404390011604
 21
426.5852845518108
 31
0.0
  0
ELLIPSE
  5
123D
330
1F
100
AcDbEntity
  8
A.Engines
370
    13
100
AcDbEllipse
 10
1045.055830290103
 20
448.9604421072336
 30
0.0
 11
3.673940397442059E-15
 21
20.0
 31
0.0
210
0.0
220
0.0
230
1.0
 40
0.25
 41
1.570796326794897
 42
3.141592653589793
  0
ELLIPSE
  5
123E
330
1F
100
AcDbEntity
  8
A.Engines
370
    13
100
AcDbEllipse
 10
1046.121346412036
 20
433.845590558806
 30
0.0
 11
-19.54059380628908
 21
4.262064487735583
 31
0.0
210
0.0
220
0.0
230
1.0
 40
0.25
 41
1.570796326794897
 42
2.730075807522303
  0
LINE
  5
123F
330
1F
100
AcDbEntity
  8
A.Engines
370
    13
100
AcDbLine
 10
1040.055830290103
 20
448.9604421072336
 30
0.0
 11
1040.055830290103
 21
458.9604421072336
 31
0.0
  0
ELLIPSE
  5
1240
330
1F
100
AcDbEntity
  8
A.Engines
370
    13
100
AcDbEllipse
 10
1045.055830290103
 20
468.9604421072335
 30
0.0
 11
-3.673940397442059E-15
 21
-20.0
 31
0.0
210
0.0
220
0.0
230
-1.0
 40
0.25
 41
1.570796326794897
 42
3.141592653589793
  0
ELLIPSE
  5
1241
330
1F
100
AcDbEntity
  8
A.Engines
370
    13
100
AcDbEllipse
 10
1046.121346412036
 20
484.0752936556611
 30
0.0
 11
-19.54059380628908
 21
-4.262064487735576
 31
0.0
210
0.0
220
0.0
230
-1.0
 40
0.25
 41
1.570796326794897
 42
2.730075807522303
  0
LINE
  5
1242
330
1F
100
AcDbEntity
  8
A.Engines
370
    13
100
AcDbLine
 10
1040.055830290103
 20
468.9604421072335
 30
0.0
 11
1040.055830290103
 21
458.9604421072336
 31
0.0
  0
LINE
  5
1243
330
1F
100
AcDbEntity
  8
A.Engines
370
    13
100
AcDbLine
 10
1045.055830290103
 20
488.9604421072334
 30
0.0
 11
1045.055830290103
 21
428.9604421072337
 31
0.0
  0
LINE
  5
1244
330
1F
100
AcDbEntity
  8
A.Engines
370
    13
100
AcDbLine
 10
1063.604390011604
 20
489.9355996626563
 30
0.0
 11
1063.604390011604
 21
427.9852845518108
 31
0.0
  0
LINE
  5
1245
330
1F
100
AcDbEntity
  8
A.Engines
370
    13
100
AcDbLine
 10
1035.055830290103
 20
458.9604421072336
 30
0.0
 11
1035.055830290103
 21
473.9604421072336
 31
0.0
  0
LINE
  5
1246
330
1F
100
AcDbEntity
  8
A.Engines
370
    13
100
AcDbLine
 10
1035.055830290103
 20
473.9604421072336
 30
0.0
 11
1040.829123123241
 21
479.6449703799088
 31
0.0
  0
LINE
  5
1247
330
1F
100
AcDbEntity
  8
A.Engines
370
    13
100
AcDbLine
 10
1035.055830290103
 20
458.9604421072336
 30
0.0
 11
1035.055830290103
 21
443.9604421072336
 31
0.0
  0
LINE
  5
1248
330
1F
100
AcDbEntity
  8
A.Engines
370
    13
100
AcDbLine
 10
1035.055830290103
 20
443.9604421072336
 30
0.0
 11
1040.829123123241
 21
438.2759138345584
 31
0.0
  0
LWPOLYLINE
  5
1249
330
1F
100
AcDbEntity
  8
A.Engines
370
    13
100
AcDbPolyline
 90
        4
 70
     1
 43
0.0
 10
1063.604390011604
 20
489.9355996626563
 10
1103.604390011604
 20
489.9355996626563
 10
1103.604390011604
 20
427.9852845518108
 10
1063.604390011604
 20
427.9852845518108
  0
LINE
  5
124A
330
1F
100
AcDbEntity
  8
A.Engines
370
    13
100
AcDbLine
 10
1108.604390011604
 20
473.9604421072336
 30
0.0
 11
1108.604390011604
 21
443.9604421072336
 31
0.0
  0
ARC
  5
124B
330
1F
100
AcDbEntity
  8
A.Engines
370
    13
100
AcDbCircle
 10
1106.104390011604
 20
473.9604421072336
 30
0.0
 40
2.5
100
AcDbArc
 50
0.0
 51
180.0
  0
LINE
  5
124C
330
1F
100
AcDbEntity
  8
A.Engines
370
    13
100
AcDbLine
 10
1108.604390011604
 20
473.9604421072336
 30
0.0
 11
1108.604390011604
 21
475.4604421072336
 31
0.0
  0
LINE
  5
124D
330
1F
100
AcDbEntity
  8
A.Engines
370
    13
100
AcDbLine
 10
1113.604390011604
 20
475.4604421072336
 30
0.0
 11
1113.604390011604
 21
476.9604421072336
 31
0.0
  0
LINE
  5
124E
330
1F
100
AcDbEntity
  8
A.Engines
370
    13
100
AcDbLine
 10
1118.604390011604
 20
476.9604421072336
 30
0.0
 11
1118.604390011604
 21
478.4604421072336
 31
0.0
  0
ARC
  5
124F
330
1F
100
AcDbEntity
  8
A.Engines
370
    13
100
AcDbCircle
 10
1111.104390011604
 20
475.4604421072336
 30
0.0
 40
2.5
100
AcDbArc
 50
0.0
 51
180.0
  0
ARC
  5
1250
330
1F
100
AcDbEntity
  8
A.Engines
370
    13
100
AcDbCircle
 10
1116.104390011604
 20
476.9604421072336
 30
0.0
 40
2.5
100
AcDbArc
 50
0.0
 51
180.0
  0
ARC
  5
1251
330
1F
100
AcDbEntity
  8
A.Engines
370
    13
100
AcDbCircle
 10
1121.104390011604
 20
478.4604421072336
 30
0.0
 40
2.5
100
AcDbArc
 50
0.0
 51
180.0
  0
LINE
  5
1252
330
1F
100
AcDbEntity
  8
A.Engines
370
    13
100
AcDbLine
 10
1128.604390011604
 20
479.9604421072336
 30
0.0
 11
1128.604390011604
 21
481.4604421072336
 31
0.0
  0
LINE
  5
1253
330
1F
100
AcDbEntity
  8
A.Engines
370
    13
100
AcDbLine
 10
1133.604390011604
 20
481.4604421072336
 30
0.0
 11
1133.604390011604
 21
482.9604421072336
 31
0.0
  0
ARC
  5
1254
330
1F
100
AcDbEntity
  8
A.Engines
370
    13
100
AcDbCircle
 10
1126.104390011604
 20
479.9604421072336
 30
0.0
 40
2.5
100
AcDbArc
 50
0.0
 51
180.0
  0
ARC
  5
1255
330
1F
100
AcDbEntity
  8
A.Engines
370
    13
100
AcDbCircle
 10
1131.104390011604
 20
481.4604421072336
 30
0.0
 40
2.5
100
AcDbArc
 50
0.0
 51
180.0
  0
ARC
  5
1256
330
1F
100
AcDbEntity
  8
A.Engines
370
    13
100
AcDbCircle
 10
1136.104390011604
 20
482.9604421072336
 30
0.0
 40
2.5
100
AcDbArc
 50
0.0
 51
180.0
  0
ARC
  5
1257
330
1F
100
AcDbEntity
  8
A.Engines
370
    13
100
AcDbCircle
 10
1141.104390011604
 20
484.4604421072336
 30
0.0
 40
2.5
100
AcDbArc
 50
0.0
 51
180.0
  0
LINE
  5
1258
330
1F
100
AcDbEntity
  8
A.Engines
370
    13
100
AcDbLine
 10
1138.604390011604
 20
484.4604421072336
 30
0.0
 11
1138.604390011604
 21
482.9604421072336
 31
0.0
  0
LINE
  5
1259
330
1F
100
AcDbEntity
  8
A.Engines
370
    13
100
AcDbLine
 10
1123.604390011604
 20
479.9604421072336
 30
0.0
 11
1123.604390011604
 21
478.4604421072336
 31
0.0
  0
ARC
  5
125A
330
1F
100
AcDbEntity
  8
A.Engines
370
    13
100
AcDbCircle
 10
1106.104390011604
 20
443.9604421072336
 30
0.0
 40
2.5
100
AcDbArc
 50
180.0
 51
0.0
  0
LINE
  5
125B
330
1F
100
AcDbEntity
  8
A.Engines
370
    13
100
AcDbLine
 10
1108.604390011604
 20
443.9604421072336
 30
0.0
 11
1108.604390011604
 21
442.4604421072336
 31
0.0
  0
LINE
  5
125C
330
1F
100
AcDbEntity
  8
A.Engines
370
    13
100
AcDbLine
 10
1113.604390011604
 20
442.4604421072336
 30
0.0
 11
1113.604390011604
 21
440.9604421072336
 31
0.0
  0
LINE
  5
125D
330
1F
100
AcDbEntity
  8
A.Engines
370
    13
100
AcDbLine
 10
1118.604390011604
 20
440.9604421072336
 30
0.0
 11
1118.604390011604
 21
439.4604421072336
 31
0.0
  0
ARC
  5
125E
330
1F
100
AcDbEntity
  8
A.Engines
370
    13
100
AcDbCircle
 10
1111.104390011604
 20
442.4604421072336
 30
0.0
 40
2.5
100
AcDbArc
 50
180.0
 51
0.0
  0
ARC
  5
125F
330
1F
100
AcDbEntity
  8
A.Engines
370
    13
100
AcDbCircle
 10
1116.104390011604
 20
440.9604421072336
 30
0.0
 40
2.5
100
AcDbArc
 50
180.0
 51
0.0
  0
ARC
  5
1260
330
1F
100
AcDbEntity
  8
A.Engines
370
    13
100
AcDbCircle
 10
1121.104390011604
 20
439.4604421072336
 30
0.0
 40
2.5
100
AcDbArc
 50
180.0
 51
0.0
  0
LINE
  5
1261
330
1F
100
AcDbEntity
  8
A.Engines
370
    13
100
AcDbLine
 10
1128.604390011604
 20
437.9604421072336
 30
0.0
 11
1128.604390011604
 21
436.4604421072336
 31
0.0
  0
LINE
  5
1262
330
1F
100
AcDbEntity
  8
A.Engines
370
    13
100
AcDbLine
 10
1133.604390011604
 20
436.4604421072336
 30
0.0
 11
1133.604390011604
 21
434.9604421072336
 31
0.0
  0
ARC
  5
1263
330
1F
100
AcDbEntity
  8
A.Engines
370
    13
100
AcDbCircle
 10
1126.104390011604
 20
437.9604421072336
 30
0.0
 40
2.5
100
AcDbArc
 50
180.0
 51
0.0
  0
ARC
  5
1264
330
1F
100
AcDbEntity
  8
A.Engines
370
    13
100
AcDbCircle
 10
1131.104390011604
 20
436.4604421072336
 30
0.0
 40
2.5
100
AcDbArc
 50
180.0
 51
0.0
  0
ARC
  5
1265
330
1F
100
AcDbEntity
  8
A.Engines
370
    13
100
AcDbCircle
 10
1136.104390011604
 20
434.9604421072336
 30
0.0
 40
2.5
100
AcDbArc
 50
180.0
 51
0.0
  0
ARC
  5
1266
330
1F
100
AcDbEntity
  8
A.Engines
370
    13
100
AcDbCircle
 10
1141.104390011604
 20
433.4604421072336
 30
0.0
 40
2.5
100
AcDbArc
 50
180.0
 51
0.0
  0
LINE
  5
1267
330
1F
100
AcDbEntity
  8
A.Engines
370
    13
100
AcDbLine
 10
1138.604390011604
 20
433.4604421072336
 30
0.0
 11
1138.604390011604
 21
434.9604421072336
 31
0.0
  0
LINE
  5
1268
330
1F
100
AcDbEntity
  8
A.Engines
370
    13
100
AcDbLine
 10
1123.604390011604
 20
437.9604421072336
 30
0.0
 11
1123.604390011604
 21
439.4604421072336
 31
0.0
  0
LINE
  5
1269
330
1F
100
AcDbEntity
  8
A.Engines
370
    13
100
AcDbLine
 10
1113.604390011604
 20
475.4604421072336
 30
0.0
 11
1113.604390011604
 21
442.4604421072336
 31
0.0
  0
LINE
  5
126A
330
1F
100
AcDbEntity
  8
A.Engines
370
    13
100
AcDbLine
 10
1118.604390011604
 20
476.9604421072336
 30
0.0
 11
1118.604390011604
 21
440.9604421072336
 31
0.0
  0
LINE
  5
126B
330
1F
100
AcDbEntity
  8
A.Engines
370
    13
100
AcDbLine
 10
1123.604390011604
 20
478.4604421072336
 30
0.0
 11
1123.604390011604
 21
439.4604421072336
 31
0.0
  0
LINE
  5
126C
330
1F
100
AcDbEntity
  8
A.Engines
370
    13
100
AcDbLine
 10
1128.604390011604
 20
479.9604421072336
 30
0.0
 11
1128.604390011604
 21
437.9604421072336
 31
0.0
  0
LINE
  5
126D
330
1F
100
AcDbEntity
  8
A.Engines
370
    13
100
AcDbLine
 10
1133.604390011604
 20
481.4604421072336
 30
0.0
 11
1133.604390011604
 21
436.4604421072336
 31
0.0
  0
LINE
  5
126E
330
1F
100
AcDbEntity
  8
A.Engines
370
    13
100
AcDbLine
 10
1138.604390011604
 20
482.9604421072336
 30
0.0
 11
1138.604390011604
 21
434.9604421072336
 31
0.0
  0
LINE
  5
126F
330
1F
100
AcDbEntity
  8
A.Engines
370
    13
100
AcDbLine
 10
1143.604390011604
 20
484.4604421072336
 30
0.0
 11
1143.604390011604
 21
433.4604421072336
 31
0.0
  0
LWPOLYLINE
  5
1270
330
1F
100
AcDbEntity
  8
A.Engines
370
     9
100
AcDbPolyline
 90
        4
 70
     1
 43
0.0
 10
1064.604390011604
 20
448.9604421072336
 10
1103.604390011604
 20
448.9604421072336
 10
1103.604390011604
 20
453.9604421072336
 10
1064.604390011604
 20
453.9604421072336
  0
LWPOLYLINE
  5
1271
330
1F
100
AcDbEntity
  8
A.Engines
370
     9
100
AcDbPolyline
 90
        4
 70
     1
 43
0.0
 10
1064.604390011604
 20
440.9604421072336
 10
1103.604390011604
 20
440.9604421072336
 10
1103.604390011604
 20
438.4604421072336
 10
1064.604390011604
 20
438.4604421072336
  0
LWPOLYLINE
  5
1272
330
1F
100
AcDbEntity
  8
A.Engines
370
     9
100
AcDbPolyline
 90
        4
 70
     1
 43
0.0
 10
1064.604390011604
 20
434.9604421072336
 10
1103.604390011604
 20
434.9604421072336
 10
1103.604390011604
 20
433.4604421072336
 10
1064.604390011604
 20
433.4604421072336
  0
LWPOLYLINE
  5
1273
330
1F
100
AcDbEntity
  8
A.Engines
370
     9
100
AcDbPolyline
 90
        4
 70
     1
 43
0.0
 10
1064.604390011604
 20
430.9604421072336
 10
1103.604390011604
 20
430.9604421072336
 10
1103.604390011604
 20
430.1604421072336
 10
1064.604390011604
 20
430.1604421072336
  0
LWPOLYLINE
  5
1274
330
1F
100
AcDbEntity
  8
A.Engines
370
     9
100
AcDbPolyline
 90
        4
 70
     1
 43
0.0
 10
1064.604390011604
 20
468.9604421072336
 10
1103.604390011604
 20
468.9604421072336
 10
1103.604390011604
 20
463.9604421072336
 10
1064.604390011604
 20
463.9604421072336
  0
LWPOLYLINE
  5
1275
330
1F
100
AcDbEntity
  8
A.Engines
370
     9
100
AcDbPolyline
 90
        4
 70
     1
 43
0.0
 10
1064.604390011604
 20
476.9604421072336
 10
1103.604390011604
 20
476.9604421072336
 10
1103.604390011604
 20
479.4604421072336
 10
1064.604390011604
 20
479.4604421072336
  0
LWPOLYLINE
  5
1276
330
1F
100
AcDbEntity
  8
A.Engines
370
     9
100
AcDbPolyline
 90
        4
 70
     1
 43
0.0
 10
1064.604390011604
 20
482.9604421072336
 10
1103.604390011604
 20
482.9604421072336
 10
1103.604390011604
 20
484.4604421072336
 10
1064.604390011604
 20
484.4604421072336
  0
LWPOLYLINE
  5
1277
330
1F
100
AcDbEntity
  8
A.Engines
370
     9
100
AcDbPolyline
 90
        4
 70
     1
 43
0.0
 10
1064.604390011604
 20
486.9604421072336
 10
1103.604390011604
 20
486.9604421072336
 10
1103.604390011604
 20
487.7604421072336
 10
1064.604390011604
 20
487.7604421072336
  0
LINE
  5
1278
330
1F
100
AcDbEntity
  8
0
370
     5
100
AcDbLine
 10
1065.004390011604
 20
577.9355996626564
 30
0.0
 11
1065.004390011604
 21
596.9355996626564
 31
0.0
  0
LINE
  5
1279
330
1F
100
AcDbEntity
  8
0
370
     5
100
AcDbLine
 10
1085.004390011604
 20
595.9355996626564
 30
0.0
 11
1085.004390011604
 21
576.9355996626564
 31
0.0
  0
LINE
  5
127A
330
1F
100
AcDbEntity
  8
0
370
     5
100
AcDbLine
 10
1065.004390011604
 20
577.9355996626564
 30
0.0
 11
1084.004390011604
 21
596.9355996626564
 31
0.0
  0
LINE
  5
127B
330
1F
100
AcDbEntity
  8
0
370
     5
100
AcDbLine
 10
1066.004390011604
 20
576.9355996626564
 30
0.0
 11
1085.004390011604
 21
595.9355996626564
 31
0.0
  0
LINE
  5
127C
330
1F
100
AcDbEntity
  8
0
370
     5
100
AcDbLine
 10
1063.604390011604
 20
576.9355996626564
 30
0.0
 11
1063.604390011604
 21
596.9355996626564
 31
0.0
  0
LINE
  5
127D
330
1F
100
AcDbEntity
  8
0
370
     5
100
AcDbLine
 10
1086.404390011604
 20
596.9355996626564
 30
0.0
 11
1086.404390011604
 21
576.9355996626564
 31
0.0
  0
LINE
  5
127E
330
1F
100
AcDbEntity
  8
0
370
     5
100
AcDbLine
 10
1086.404390011604
 20
576.9355996626564
 30
0.0
 11
1086.404390011604
 21
575.5355996626565
 31
0.0
  0
LINE
  5
127F
330
1F
100
AcDbEntity
  8
0
370
     5
100
AcDbLine
 10
1085.004390011604
 20
575.5355996626565
 30
0.0
 11
1066.004390011604
 21
575.5355996626565
 31
0.0
  0
LINE
  5
1280
330
1F
100
AcDbEntity
  8
0
370
     5
100
AcDbLine
 10
1063.604390011604
 20
575.5355996626565
 30
0.0
 11
1063.604390011604
 21
576.9355996626564
 31
0.0
  0
LINE
  5
1281
330
1F
100
AcDbEntity
  8
0
370
     5
100
AcDbLine
 10
1066.004390011604
 20
576.9355996626564
 30
0.0
 11
1085.004390011604
 21
576.9355996626564
 31
0.0
  0
LINE
  5
1282
330
1F
100
AcDbEntity
  8
0
370
     5
100
AcDbLine
 10
1065.004390011604
 20
574.5355996626565
 30
0.0
 11
1065.004390011604
 21
555.5355996626565
 31
0.0
  0
LINE
  5
1283
330
1F
100
AcDbEntity
  8
0
370
     5
100
AcDbLine
 10
1065.004390011604
 20
555.5355996626565
 30
0.0
 11
1084.004390011604
 21
555.5355996626565
 31
0.0
  0
LINE
  5
1284
330
1F
100
AcDbEntity
  8
0
370
     5
100
AcDbLine
 10
1085.004390011604
 20
556.5355996626565
 30
0.0
 11
1085.004390011604
 21
575.5355996626565
 31
0.0
  0
LINE
  5
1285
330
1F
100
AcDbEntity
  8
0
370
     5
100
AcDbLine
 10
1065.004390011604
 20
574.5355996626565
 30
0.0
 11
1084.004390011604
 21
555.5355996626565
 31
0.0
  0
LINE
  5
1286
330
1F
100
AcDbEntity
  8
0
370
     5
100
AcDbLine
 10
1066.004390011604
 20
575.5355996626565
 30
0.0
 11
1085.004390011604
 21
556.5355996626565
 31
0.0
  0
LINE
  5
1287
330
1F
100
AcDbEntity
  8
0
370
     5
100
AcDbLine
 10
1063.604390011604
 20
575.5355996626565
 30
0.0
 11
1063.604390011604
 21
555.5355996626565
 31
0.0
  0
LINE
  5
1288
330
1F
100
AcDbEntity
  8
0
370
     5
100
AcDbLine
 10
1063.604390011604
 20
555.5355996626565
 30
0.0
 11
1063.604390011604
 21
554.1355996626564
 31
0.0
  0
LINE
  5
1289
330
1F
100
AcDbEntity
  8
0
370
     5
100
AcDbLine
 10
1086.404390011604
 20
554.1355996626564
 30
0.0
 11
1086.404390011604
 21
575.5355996626565
 31
0.0
  0
LINE
  5
128A
330
1F
100
AcDbEntity
  8
0
370
     5
100
AcDbLine
 10
1063.604390011604
 20
555.5355996626565
 30
0.0
 11
1063.604390011604
 21
554.1355996626564
 31
0.0
  0
LINE
  5
128B
330
1F
100
AcDbEntity
  8
0
370
     5
100
AcDbLine
 10
1086.404390011604
 20
554.1355996626564
 30
0.0
 11
1086.404390011604
 21
575.5355996626565
 31
0.0
  0
LINE
  5
128C
330
1F
100
AcDbEntity
  8
0
370
     5
100
AcDbLine
 10
1065.004390011604
 20
535.1355996626564
 30
0.0
 11
1065.004390011604
 21
554.1355996626564
 31
0.0
  0
LINE
  5
128D
330
1F
100
AcDbEntity
  8
0
370
     5
100
AcDbLine
 10
1085.004390011604
 20
553.1355996626564
 30
0.0
 11
1085.004390011604
 21
534.1355996626564
 31
0.0
  0
LINE
  5
128E
330
1F
100
AcDbEntity
  8
0
370
     5
100
AcDbLine
 10
1065.004390011604
 20
535.1355996626564
 30
0.0
 11
1084.004390011604
 21
554.1355996626564
 31
0.0
  0
LINE
  5
128F
330
1F
100
AcDbEntity
  8
0
370
     5
100
AcDbLine
 10
1066.004390011604
 20
534.1355996626564
 30
0.0
 11
1085.004390011604
 21
553.1355996626564
 31
0.0
  0
LINE
  5
1290
330
1F
100
AcDbEntity
  8
0
370
     5
100
AcDbLine
 10
1063.604390011604
 20
534.1355996626564
 30
0.0
 11
1063.604390011604
 21
554.1355996626564
 31
0.0
  0
LINE
  5
1291
330
1F
100
AcDbEntity
  8
0
370
     5
100
AcDbLine
 10
1086.404390011604
 20
554.1355996626564
 30
0.0
 11
1086.404390011604
 21
534.1355996626564
 31
0.0
  0
LINE
  5
1292
330
1F
100
AcDbEntity
  8
0
370
     5
100
AcDbLine
 10
1065.004390011604
 20
531.7355996626566
 30
0.0
 11
1065.004390011604
 21
512.7355996626566
 31
0.0
  0
LINE
  5
1293
330
1F
100
AcDbEntity
  8
0
370
     5
100
AcDbLine
 10
1065.004390011604
 20
512.7355996626566
 30
0.0
 11
1084.004390011604
 21
512.7355996626566
 31
0.0
  0
LINE
  5
1294
330
1F
100
AcDbEntity
  8
0
370
     5
100
AcDbLine
 10
1085.004390011604
 20
513.7355996626566
 30
0.0
 11
1085.004390011604
 21
532.7355996626566
 31
0.0
  0
LINE
  5
1295
330
1F
100
AcDbEntity
  8
0
370
     5
100
AcDbLine
 10
1065.004390011604
 20
531.7355996626566
 30
0.0
 11
1084.004390011604
 21
512.7355996626566
 31
0.0
  0
LINE
  5
1296
330
1F
100
AcDbEntity
  8
0
370
     5
100
AcDbLine
 10
1066.004390011604
 20
532.7355996626566
 30
0.0
 11
1085.004390011604
 21
513.7355996626566
 31
0.0
  0
LINE
  5
1297
330
1F
100
AcDbEntity
  8
0
370
     5
100
AcDbLine
 10
1063.604390011604
 20
532.7355996626566
 30
0.0
 11
1063.604390011604
 21
512.7355996626563
 31
0.0
  0
LINE
  5
1298
330
1F
100
AcDbEntity
  8
0
370
     5
100
AcDbLine
 10
1086.404390011604
 20
511.3355996626565
 30
0.0
 11
1086.404390011604
 21
532.7355996626566
 31
0.0
  0
LINE
  5
1299
330
1F
100
AcDbEntity
  8
0
370
     5
100
AcDbLine
 10
1065.004390011604
 20
554.1355996626564
 30
0.0
 11
1084.004390011604
 21
554.1355996626564
 31
0.0
  0
LINE
  5
129A
330
1F
100
AcDbEntity
  8
0
370
     5
100
AcDbLine
 10
1086.404390011604
 20
511.3355996626564
 30
0.0
 11
1086.404390011604
 21
532.7355996626563
 31
0.0
  0
LINE
  5
129B
330
1F
100
AcDbEntity
  8
0
370
     5
100
AcDbLine
 10
1065.004390011604
 20
492.3355996626563
 30
0.0
 11
1065.004390011604
 21
511.3355996626564
 31
0.0
  0
LINE
  5
129C
330
1F
100
AcDbEntity
  8
0
370
     5
100
AcDbLine
 10
1085.004390011604
 20
510.3355996626563
 30
0.0
 11
1085.004390011604
 21
491.3355996626564
 31
0.0
  0
LINE
  5
129D
330
1F
100
AcDbEntity
  8
0
370
     5
100
AcDbLine
 10
1065.004390011604
 20
492.3355996626564
 30
0.0
 11
1084.004390011604
 21
511.3355996626564
 31
0.0
  0
LINE
  5
129E
330
1F
100
AcDbEntity
  8
0
370
     5
100
AcDbLine
 10
1066.004390011604
 20
491.3355996626564
 30
0.0
 11
1085.004390011604
 21
510.3355996626564
 31
0.0
  0
LINE
  5
129F
330
1F
100
AcDbEntity
  8
0
370
     5
100
AcDbLine
 10
1063.604390011604
 20
491.3355996626564
 30
0.0
 11
1063.604390011604
 21
512.7355996626563
 31
0.0
  0
LINE
  5
12A0
330
1F
100
AcDbEntity
  8
0
370
     5
100
AcDbLine
 10
1086.404390011604
 20
511.3355996626564
 30
0.0
 11
1086.404390011604
 21
491.3355996626564
 31
0.0
  0
LINE
  5
12A1
330
1F
100
AcDbEntity
  8
0
370
     5
100
AcDbLine
 10
1066.004390011604
 20
491.3355996626564
 30
0.0
 11
1085.004390011604
 21
491.3355996626564
 31
0.0
  0
LINE
  5
12A2
330
1F
100
AcDbEntity
  8
0
370
     5
100
AcDbLine
 10
1065.004390011604
 20
511.3355996626564
 30
0.0
 11
1084.004390011604
 21
511.3355996626564
 31
0.0
  0
LINE
  5
12A3
330
1F
100
AcDbEntity
  8
0
370
     5
100
AcDbLine
 10
1063.604390011604
 20
491.3355996626564
 30
0.0
 11
1063.604390011604
 21
489.9355996626564
 31
0.0
  0
LINE
  5
12A4
330
1F
100
AcDbEntity
  8
0
370
     5
100
AcDbLine
 10
1086.404390011604
 20
489.9355996626565
 30
0.0
 11
1086.404390011604
 21
491.3355996626564
 31
0.0
  0
LINE
  5
12A5
330
1F
100
AcDbEntity
  8
0
370
     5
100
AcDbLine
 10
1063.604390011604
 20
596.9355996626564
 30
0.0
 11
1063.604390011604
 21
598.3355996626565
 31
0.0
  0
LINE
  5
12A6
330
1F
100
AcDbEntity
  8
0
370
     5
100
AcDbLine
 10
1063.604390011604
 20
598.3355996626565
 30
0.0
 11
1086.404390011604
 21
598.3355996626565
 31
0.0
  0
LINE
  5
12A7
330
1F
100
AcDbEntity
  8
0
370
     5
100
AcDbLine
 10
1086.404390011604
 20
598.3355996626565
 30
0.0
 11
1086.404390011604
 21
596.9355996626564
 31
0.0
  0
LINE
  5
12A8
330
1F
100
AcDbEntity
  8
0
370
     5
100
AcDbLine
 10
1065.004390011604
 20
596.9355996626564
 30
0.0
 11
1084.004390011604
 21
596.9355996626564
 31
0.0
  0
LINE
  5
12A9
330
1F
100
AcDbEntity
  8
N.SolarArrays
370
    13
100
AcDbLine
 10
1082.504390011604
 20
598.3355996626565
 30
0.0
 11
1082.504390011604
 21
608.3355996626565
 31
0.0
  0
LINE
  5
12AA
330
1F
100
AcDbEntity
  8
N.SolarArrays
370
    13
100
AcDbLine
 10
1082.504390011604
 20
608.3355996626565
 30
0.0
 11
1067.504390011604
 21
608.3355996626565
 31
0.0
  0
LINE
  5
12AB
330
1F
100
AcDbEntity
  8
N.SolarArrays
370
    13
100
AcDbLine
 10
1067.504390011604
 20
608.3355996626565
 30
0.0
 11
1067.504390011604
 21
598.3355996626565
 31
0.0
  0
LINE
  5
12AC
330
1F
100
AcDbEntity
  8
N.SolarArrays
370
    13
100
AcDbLine
 10
1080.004390011604
 20
608.3355996626565
 30
0.0
 11
1080.004390011604
 21
609.8355996626565
 31
0.0
  0
LINE
  5
12AD
330
1F
100
AcDbEntity
  8
N.SolarArrays
370
    13
100
AcDbLine
 10
1080.004390011604
 20
609.8355996626565
 30
0.0
 11
1070.004390011604
 21
609.8355996626565
 31
0.0
  0
LINE
  5
12AE
330
1F
100
AcDbEntity
  8
N.SolarArrays
370
    13
100
AcDbLine
 10
1070.004390011604
 20
609.8355996626565
 30
0.0
 11
1070.004390011604
 21
608.3355996626565
 31
0.0
  0
LINE
  5
12AF
330
1F
100
AcDbEntity
  8
N.SolarArrays
370
    13
100
AcDbLine
 10
1082.504390011604
 20
619.8355996626565
 30
0.0
 11
1075.004390011604
 21
619.8355996626563
 31
0.0
  0
LINE
  5
12B0
330
1F
100
AcDbEntity
  8
N.SolarArrays
370
    13
100
AcDbLine
 10
1085.004390011604
 20
612.3355996626565
 30
0.0
 11
1085.004390011604
 21
617.3355996626565
 31
0.0
  0
ARC
  5
12B1
330
1F
100
AcDbEntity
  8
N.SolarArrays
370
    13
100
AcDbCircle
 10
1082.504390011604
 20
617.3355996626565
 30
0.0
 40
2.5
100
AcDbArc
 50
0.0
 51
90.00000000000001
  0
ARC
  5
12B2
330
1F
100
AcDbEntity
  8
N.SolarArrays
370
    13
100
AcDbCircle
 10
1082.504390011604
 20
612.3355996626565
 30
0.0
 40
2.5
100
AcDbArc
 50
270.0
 51
0.0
  0
LINE
  5
12B3
330
1F
100
AcDbEntity
  8
N.SolarArrays
370
    13
100
AcDbLine
 10
1080.004390011604
 20
609.8355996626565
 30
0.0
 11
1082.504390011604
 21
609.8355996626565
 31
0.0
  0
LINE
  5
12B4
330
1F
100
AcDbEntity
  8
N.SolarArrays
370
    13
100
AcDbLine
 10
1067.504390011604
 20
619.8355996626565
 30
0.0
 11
1075.004390011604
 21
619.8355996626563
 31
0.0
  0
LINE
  5
12B5
330
1F
100
AcDbEntity
  8
N.SolarArrays
370
    13
100
AcDbLine
 10
1065.004390011604
 20
612.3355996626565
 30
0.0
 11
1065.004390011604
 21
617.3355996626565
 31
0.0
  0
ARC
  5
12B6
330
1F
100
AcDbEntity
  8
N.SolarArrays
370
    13
100
AcDbCircle
 10
1067.504390011604
 20
617.3355996626565
 30
0.0
 40
2.5
100
AcDbArc
 50
90.00000000000001
 51
180.0
  0
ARC
  5
12B7
330
1F
100
AcDbEntity
  8
N.SolarArrays
370
    13
100
AcDbCircle
 10
1067.504390011604
 20
612.3355996626565
 30
0.0
 40
2.5
100
AcDbArc
 50
180.0
 51
270.0
  0
LINE
  5
12B8
330
1F
100
AcDbEntity
  8
N.SolarArrays
370
    13
100
AcDbLine
 10
1070.004390011604
 20
609.8355996626565
 30
0.0
 11
1067.504390011604
 21
609.8355996626565
 31
0.0
  0
LINE
  5
12B9
330
1F
100
AcDbEntity
  8
N.SolarArrays
370
    13
100
AcDbLine
 10
1085.004390011604
 20
617.3355996626565
 30
0.0
 11
1095.004390011604
 21
617.3355996626565
 31
0.0
  0
LINE
  5
12BA
330
1F
100
AcDbEntity
  8
N.SolarArrays
370
    13
100
AcDbLine
 10
1095.004390011604
 20
617.3355996626565
 30
0.0
 11
1095.004390011604
 21
612.3355996626565
 31
0.0
  0
LINE
  5
12BB
330
1F
100
AcDbEntity
  8
N.SolarArrays
370
    13
100
AcDbLine
 10
1095.004390011604
 20
612.3355996626565
 30
0.0
 11
1085.004390011604
 21
612.3355996626565
 31
0.0
  0
LINE
  5
12BC
330
1F
100
AcDbEntity
  8
N.SolarArrays
370
    13
100
AcDbLine
 10
1095.004390011604
 20
617.3355996626565
 30
0.0
 11
1095.004390011604
 21
616.3355996626565
 31
0.0
  0
LINE
  5
12BD
330
1F
100
AcDbEntity
  8
N.SolarArrays
370
    13
100
AcDbLine
 10
1095.004390011604
 20
616.3355996626565
 30
0.0
 11
1115.004390011604
 21
616.3355996626565
 31
0.0
  0
LINE
  5
12BE
330
1F
100
AcDbEntity
  8
N.SolarArrays
370
    13
100
AcDbLine
 10
1115.004390011604
 20
616.3355996626565
 30
0.0
 11
1115.004390011604
 21
613.3355996626565
 31
0.0
  0
LINE
  5
12BF
330
1F
100
AcDbEntity
  8
N.SolarArrays
370
    13
100
AcDbLine
 10
1115.004390011604
 20
613.3355996626565
 30
0.0
 11
1095.004390011604
 21
613.3355996626565
 31
0.0
  0
LINE
  5
12C0
330
1F
100
AcDbEntity
  8
N.SolarArrays
370
    13
100
AcDbLine
 10
1115.004390011604
 20
613.3355996626565
 30
0.0
 11
1115.004390011604
 21
554.8355996626565
 31
0.0
  0
LINE
  5
12C1
330
1F
100
AcDbEntity
  8
N.SolarArrays
370
    13
100
AcDbLine
 10
1119.004390011604
 20
554.8355996626565
 30
0.0
 11
1119.004390011604
 21
674.8355996626565
 31
0.0
  0
LINE
  5
12C2
330
1F
100
AcDbEntity
  8
N.SolarArrays
370
    13
100
AcDbLine
 10
1115.004390011604
 20
674.8355996626565
 30
0.0
 11
1115.004390011604
 21
616.3355996626565
 31
0.0
  0
ARC
  5
12C3
330
1F
100
AcDbEntity
  8
N.SolarArrays
370
    13
100
AcDbCircle
 10
1117.004390011604
 20
674.8355996626565
 30
0.0
 40
2.0
100
AcDbArc
 50
0.0
 51
180.0
  0
ARC
  5
12C4
330
1F
100
AcDbEntity
  8
N.SolarArrays
370
    13
100
AcDbCircle
 10
1117.004390011604
 20
554.8355996626565
 30
0.0
 40
2.0
100
AcDbArc
 50
180.0
 51
0.0
  0
LWPOLYLINE
  5
12C5
330
1F
100
AcDbEntity
  8
N.SolarArrays
370
    13
100
AcDbPolyline
 90
        4
 70
     1
 43
0.0
 10
1119.004390011604
 20
674.8355996626565
 10
1369.004390011604
 20
674.8355996626565
 10
1369.004390011604
 20
554.8355996626565
 10
1119.004390011604
 20
554.8355996626565
  0
LWPOLYLINE
  5
12C6
330
1F
100
AcDbEntity
  8
N.SolarArrays
370
     9
100
AcDbPolyline
 90
        4
 70
     1
 43
0.0
 10
1121.504390011604
 20
617.3355996626565
 10
1242.754390011604
 20
617.3355996626565
 10
1242.754390011604
 20
672.3355996626565
 10
1121.504390011604
 20
672.3355996626565
  0
LWPOLYLINE
  5
12C7
330
1F
100
AcDbEntity
  8
N.SolarArrays
370
     9
100
AcDbPolyline
 90
        4
 70
     1
 43
0.0
 10
1245.254390011604
 20
617.3355996626565
 10
1366.504390011604
 20
617.3355996626565
 10
1366.504390011604
 20
672.3355996626565
 10
1245.254390011604
 20
672.3355996626565
  0
LINE
  5
12C8
330
1F
100
AcDbEntity
  8
N.SolarArrays
  6
DASHDOT
370
     5
100
AcDbLine
 10
1133.629390011604
 20
672.3355996626565
 30
0.0
 11
1133.629390011604
 21
617.3355996626565
 31
0.0
  0
LINE
  5
12C9
330
1F
100
AcDbEntity
  8
N.SolarArrays
  6
DASHDOT
370
     5
100
AcDbLine
 10
1145.754390011604
 20
617.3355996626565
 30
0.0
 11
1145.754390011604
 21
672.3355996626565
 31
0.0
  0
LINE
  5
12CA
330
1F
100
AcDbEntity
  8
N.SolarArrays
  6
DASHDOT
370
     5
100
AcDbLine
 10
1157.879390011604
 20
672.3355996626565
 30
0.0
 11
1157.879390011604
 21
617.3355996626565
 31
0.0
  0
LINE
  5
12CB
330
1F
100
AcDbEntity
  8
N.SolarArrays
  6
DASHDOT
370
     5
100
AcDbLine
 10
1170.004390011604
 20
617.3355996626565
 30
0.0
 11
1170.004390011604
 21
672.3355996626565
 31
0.0
  0
LINE
  5
12CC
330
1F
100
AcDbEntity
  8
N.SolarArrays
  6
DASHDOT
370
     5
100
AcDbLine
 10
1182.129390011604
 20
672.3355996626565
 30
0.0
 11
1182.129390011604
 21
617.3355996626565
 31
0.0
  0
LINE
  5
12CD
330
1F
100
AcDbEntity
  8
N.SolarArrays
  6
DASHDOT
370
     5
100
AcDbLine
 10
1194.254390011604
 20
617.3355996626565
 30
0.0
 11
1194.254390011604
 21
672.3355996626565
 31
0.0
  0
LINE
  5
12CE
330
1F
100
AcDbEntity
  8
N.SolarArrays
  6
DASHDOT
370
     5
100
AcDbLine
 10
1206.379390011604
 20
672.3355996626565
 30
0.0
 11
1206.379390011604
 21
617.3355996626565
 31
0.0
  0
LINE
  5
12CF
330
1F
100
AcDbEntity
  8
N.SolarArrays
  6
DASHDOT
370
     5
100
AcDbLine
 10
1218.504390011604
 20
617.3355996626565
 30
0.0
 11
1218.504390011604
 21
672.3355996626565
 31
0.0
  0
LINE
  5
12D0
330
1F
100
AcDbEntity
  8
N.SolarArrays
  6
DASHDOT
370
     5
100
AcDbLine
 10
1230.629390011604
 20
672.3355996626565
 30
0.0
 11
1230.629390011604
 21
617.3355996626565
 31
0.0
  0
LINE
  5
12D1
330
1F
100
AcDbEntity
  8
N.SolarArrays
  6
DASHDOT
370
     5
100
AcDbLine
 10
1121.504390011604
 20
667.3355996626565
 30
0.0
 11
1242.754390011604
 21
667.3355996626565
 31
0.0
  0
LINE
  5
12D2
330
1F
100
AcDbEntity
  8
N.SolarArrays
  6
DASHDOT
370
     5
100
AcDbLine
 10
1242.754390011604
 20
662.3355996626565
 30
0.0
 11
1121.504390011604
 21
662.3355996626565
 31
0.0
  0
LINE
  5
12D3
330
1F
100
AcDbEntity
  8
N.SolarArrays
  6
DASHDOT
370
     5
100
AcDbLine
 10
1121.504390011604
 20
657.3355996626565
 30
0.0
 11
1242.754390011604
 21
657.3355996626565
 31
0.0
  0
LINE
  5
12D4
330
1F
100
AcDbEntity
  8
N.SolarArrays
  6
DASHDOT
370
     5
100
AcDbLine
 10
1242.754390011604
 20
652.3355996626565
 30
0.0
 11
1121.504390011604
 21
652.3355996626565
 31
0.0
  0
LINE
  5
12D5
330
1F
100
AcDbEntity
  8
N.SolarArrays
  6
DASHDOT
370
     5
100
AcDbLine
 10
1121.504390011604
 20
647.3355996626565
 30
0.0
 11
1242.754390011604
 21
647.3355996626565
 31
0.0
  0
LINE
  5
12D6
330
1F
100
AcDbEntity
  8
N.SolarArrays
  6
DASHDOT
370
     5
100
AcDbLine
 10
1242.754390011604
 20
642.3355996626565
 30
0.0
 11
1121.504390011604
 21
642.3355996626565
 31
0.0
  0
LINE
  5
12D7
330
1F
100
AcDbEntity
  8
N.SolarArrays
  6
DASHDOT
370
     5
100
AcDbLine
 10
1121.504390011604
 20
637.3355996626565
 30
0.0
 11
1242.754390011604
 21
637.3355996626565
 31
0.0
  0
LINE
  5
12D8
330
1F
100
AcDbEntity
  8
N.SolarArrays
  6
DASHDOT
370
     5
100
AcDbLine
 10
1242.754390011604
 20
632.3355996626565
 30
0.0
 11
1121.504390011604
 21
632.3355996626565
 31
0.0
  0
LINE
  5
12D9
330
1F
100
AcDbEntity
  8
N.SolarArrays
  6
DASHDOT
370
     5
100
AcDbLine
 10
1121.504390011604
 20
627.3355996626565
 30
0.0
 11
1242.754390011604
 21
627.3355996626565
 31
0.0
  0
LINE
  5
12DA
330
1F
100
AcDbEntity
  8
N.SolarArrays
  6
DASHDOT
370
     5
100
AcDbLine
 10
1242.754390011604
 20
622.3355996626565
 30
0.0
 11
1121.504390011604
 21
622.3355996626565
 31
0.0
  0
LINE
  5
12DB
330
1F
100
AcDbEntity
  8
N.SolarArrays
  6
DASHDOT
370
     5
100
AcDbLine
 10
1354.299463803057
 20
672.3355996626565
 30
0.0
 11
1354.299463803057
 21
617.3355996626565
 31
0.0
  0
LINE
  5
12DC
330
1F
100
AcDbEntity
  8
N.SolarArrays
  6
DASHDOT
370
     5
100
AcDbLine
 10
1342.174463803057
 20
617.3355996626565
 30
0.0
 11
1342.174463803057
 21
672.3355996626565
 31
0.0
  0
LINE
  5
12DD
330
1F
100
AcDbEntity
  8
N.SolarArrays
  6
DASHDOT
370
     5
100
AcDbLine
 10
1330.049463803057
 20
672.3355996626565
 30
0.0
 11
1330.049463803057
 21
617.3355996626565
 31
0.0
  0
LINE
  5
12DE
330
1F
100
AcDbEntity
  8
N.SolarArrays
  6
DASHDOT
370
     5
100
AcDbLine
 10
1317.924463803057
 20
617.3355996626565
 30
0.0
 11
1317.924463803057
 21
672.3355996626565
 31
0.0
  0
LINE
  5
12DF
330
1F
100
AcDbEntity
  8
N.SolarArrays
  6
DASHDOT
370
     5
100
AcDbLine
 10
1305.799463803057
 20
672.3355996626565
 30
0.0
 11
1305.799463803057
 21
617.3355996626565
 31
0.0
  0
LINE
  5
12E0
330
1F
100
AcDbEntity
  8
N.SolarArrays
  6
DASHDOT
370
     5
100
AcDbLine
 10
1293.674463803057
 20
617.3355996626565
 30
0.0
 11
1293.674463803057
 21
672.3355996626565
 31
0.0
  0
LINE
  5
12E1
330
1F
100
AcDbEntity
  8
N.SolarArrays
  6
DASHDOT
370
     5
100
AcDbLine
 10
1281.549463803057
 20
672.3355996626565
 30
0.0
 11
1281.549463803057
 21
617.3355996626565
 31
0.0
  0
LINE
  5
12E2
330
1F
100
AcDbEntity
  8
N.SolarArrays
  6
DASHDOT
370
     5
100
AcDbLine
 10
1269.424463803057
 20
617.3355996626565
 30
0.0
 11
1269.424463803057
 21
672.3355996626565
 31
0.0
  0
LINE
  5
12E3
330
1F
100
AcDbEntity
  8
N.SolarArrays
  6
DASHDOT
370
     5
100
AcDbLine
 10
1257.299463803057
 20
672.3355996626565
 30
0.0
 11
1257.299463803057
 21
617.3355996626565
 31
0.0
  0
LINE
  5
12E4
330
1F
100
AcDbEntity
  8
N.SolarArrays
  6
DASHDOT
370
     5
100
AcDbLine
 10
1366.424463803057
 20
667.3355996626565
 30
0.0
 11
1245.174463803057
 21
667.3355996626565
 31
0.0
  0
LINE
  5
12E5
330
1F
100
AcDbEntity
  8
N.SolarArrays
  6
DASHDOT
370
     5
100
AcDbLine
 10
1245.174463803057
 20
662.3355996626565
 30
0.0
 11
1366.424463803057
 21
662.3355996626565
 31
0.0
  0
LINE
  5
12E6
330
1F
100
AcDbEntity
  8
N.SolarArrays
  6
DASHDOT
370
     5
100
AcDbLine
 10
1366.424463803057
 20
657.3355996626565
 30
0.0
 11
1245.174463803057
 21
657.3355996626565
 31
0.0
  0
LINE
  5
12E7
330
1F
100
AcDbEntity
  8
N.SolarArrays
  6
DASHDOT
370
     5
100
AcDbLine
 10
1245.174463803057
 20
652.3355996626565
 30
0.0
 11
1366.424463803057
 21
652.3355996626565
 31
0.0
  0
LINE
  5
12E8
330
1F
100
AcDbEntity
  8
N.SolarArrays
  6
DASHDOT
370
     5
100
AcDbLine
 10
1366.424463803057
 20
647.3355996626565
 30
0.0
 11
1245.174463803057
 21
647.3355996626565
 31
0.0
  0
LINE
  5
12E9
330
1F
100
AcDbEntity
  8
N.SolarArrays
  6
DASHDOT
370
     5
100
AcDbLine
 10
1245.174463803057
 20
642.3355996626565
 30
0.0
 11
1366.424463803057
 21
642.3355996626565
 31
0.0
  0
LINE
  5
12EA
330
1F
100
AcDbEntity
  8
N.SolarArrays
  6
DASHDOT
370
     5
100
AcDbLine
 10
1366.424463803057
 20
637.3355996626565
 30
0.0
 11
1245.174463803057
 21
637.3355996626565
 31
0.0
  0
LINE
  5
12EB
330
1F
100
AcDbEntity
  8
N.SolarArrays
  6
DASHDOT
370
     5
100
AcDbLine
 10
1245.174463803057
 20
632.3355996626565
 30
0.0
 11
1366.424463803057
 21
632.3355996626565
 31
0.0
  0
LINE
  5
12EC
330
1F
100
AcDbEntity
  8
N.SolarArrays
  6
DASHDOT
370
     5
100
AcDbLine
 10
1366.424463803057
 20
627.3355996626565
 30
0.0
 11
1245.174463803057
 21
627.3355996626565
 31
0.0
  0
LINE
  5
12ED
330
1F
100
AcDbEntity
  8
N.SolarArrays
  6
DASHDOT
370
     5
100
AcDbLine
 10
1245.174463803057
 20
622.3355996626565
 30
0.0
 11
1366.424463803057
 21
622.3355996626565
 31
0.0
  0
LWPOLYLINE
  5
12EE
330
1F
100
AcDbEntity
  8
N.SolarArrays
370
     9
100
AcDbPolyline
 90
        4
 70
     1
 43
0.0
 10
1121.504390011604
 20
612.3355996626565
 10
1242.754390011604
 20
612.3355996626565
 10
1242.754390011604
 20
557.3355996626565
 10
1121.504390011604
 20
557.3355996626565
  0
LWPOLYLINE
  5
12EF
330
1F
100
AcDbEntity
  8
N.SolarArrays
370
     9
100
AcDbPolyline
 90
        4
 70
     1
 43
0.0
 10
1245.254390011604
 20
612.3355996626565
 10
1366.504390011604
 20
612.3355996626565
 10
1366.504390011604
 20
557.3355996626565
 10
1245.254390011604
 20
557.3355996626565
  0
LINE
  5
12F0
330
1F
100
AcDbEntity
  8
N.SolarArrays
  6
DASHDOT
370
     5
100
AcDbLine
 10
1133.629390011604
 20
557.3355996626565
 30
0.0
 11
1133.629390011604
 21
612.3355996626565
 31
0.0
  0
LINE
  5
12F1
330
1F
100
AcDbEntity
  8
N.SolarArrays
  6
DASHDOT
370
     5
100
AcDbLine
 10
1145.754390011604
 20
612.3355996626565
 30
0.0
 11
1145.754390011604
 21
557.3355996626565
 31
0.0
  0
LINE
  5
12F2
330
1F
100
AcDbEntity
  8
N.SolarArrays
  6
DASHDOT
370
     5
100
AcDbLine
 10
1157.879390011604
 20
557.3355996626565
 30
0.0
 11
1157.879390011604
 21
612.3355996626565
 31
0.0
  0
LINE
  5
12F3
330
1F
100
AcDbEntity
  8
N.SolarArrays
  6
DASHDOT
370
     5
100
AcDbLine
 10
1170.004390011604
 20
612.3355996626565
 30
0.0
 11
1170.004390011604
 21
557.3355996626565
 31
0.0
  0
LINE
  5
12F4
330
1F
100
AcDbEntity
  8
N.SolarArrays
  6
DASHDOT
370
     5
100
AcDbLine
 10
1182.129390011604
 20
557.3355996626565
 30
0.0
 11
1182.129390011604
 21
612.3355996626565
 31
0.0
  0
LINE
  5
12F5
330
1F
100
AcDbEntity
  8
N.SolarArrays
  6
DASHDOT
370
     5
100
AcDbLine
 10
1194.254390011604
 20
612.3355996626565
 30
0.0
 11
1194.254390011604
 21
557.3355996626565
 31
0.0
  0
LINE
  5
12F6
330
1F
100
AcDbEntity
  8
N.SolarArrays
  6
DASHDOT
370
     5
100
AcDbLine
 10
1206.379390011604
 20
557.3355996626565
 30
0.0
 11
1206.379390011604
 21
612.3355996626565
 31
0.0
  0
LINE
  5
12F7
330
1F
100
AcDbEntity
  8
N.SolarArrays
  6
DASHDOT
370
     5
100
AcDbLine
 10
1218.504390011604
 20
612.3355996626565
 30
0.0
 11
1218.504390011604
 21
557.3355996626565
 31
0.0
  0
LINE
  5
12F8
330
1F
100
AcDbEntity
  8
N.SolarArrays
  6
DASHDOT
370
     5
100
AcDbLine
 10
1230.629390011604
 20
557.3355996626565
 30
0.0
 11
1230.629390011604
 21
612.3355996626565
 31
0.0
  0
LINE
  5
12F9
330
1F
100
AcDbEntity
  8
N.SolarArrays
  6
DASHDOT
370
     5
100
AcDbLine
 10
1121.504390011604
 20
562.3355996626565
 30
0.0
 11
1242.754390011604
 21
562.3355996626565
 31
0.0
  0
LINE
  5
12FA
330
1F
100
AcDbEntity
  8
N.SolarArrays
  6
DASHDOT
370
     5
100
AcDbLine
 10
1242.754390011604
 20
567.3355996626565
 30
0.0
 11
1121.504390011604
 21
567.3355996626565
 31
0.0
  0
LINE
  5
12FB
330
1F
100
AcDbEntity
  8
N.SolarArrays
  6
DASHDOT
370
     5
100
AcDbLine
 10
1121.504390011604
 20
572.3355996626565
 30
0.0
 11
1242.754390011604
 21
572.3355996626565
 31
0.0
  0
LINE
  5
12FC
330
1F
100
AcDbEntity
  8
N.SolarArrays
  6
DASHDOT
370
     5
100
AcDbLine
 10
1242.754390011604
 20
577.3355996626565
 30
0.0
 11
1121.504390011604
 21
577.3355996626565
 31
0.0
  0
LINE
  5
12FD
330
1F
100
AcDbEntity
  8
N.SolarArrays
  6
DASHDOT
370
     5
100
AcDbLine
 10
1121.504390011604
 20
582.3355996626565
 30
0.0
 11
1242.754390011604
 21
582.3355996626565
 31
0.0
  0
LINE
  5
12FE
330
1F
100
AcDbEntity
  8
N.SolarArrays
  6
DASHDOT
370
     5
100
AcDbLine
 10
1242.754390011604
 20
587.3355996626565
 30
0.0
 11
1121.504390011604
 21
587.3355996626565
 31
0.0
  0
LINE
  5
12FF
330
1F
100
AcDbEntity
  8
N.SolarArrays
  6
DASHDOT
370
     5
100
AcDbLine
 10
1121.504390011604
 20
592.3355996626565
 30
0.0
 11
1242.754390011604
 21
592.3355996626565
 31
0.0
  0
LINE
  5
1300
330
1F
100
AcDbEntity
  8
N.SolarArrays
  6
DASHDOT
370
     5
100
AcDbLine
 10
1242.754390011604
 20
597.3355996626565
 30
0.0
 11
1121.504390011604
 21
597.3355996626565
 31
0.0
  0
LINE
  5
1301
330
1F
100
AcDbEntity
  8
N.SolarArrays
  6
DASHDOT
370
     5
100
AcDbLine
 10
1121.504390011604
 20
602.3355996626565
 30
0.0
 11
1242.754390011604
 21
602.3355996626565
 31
0.0
  0
LINE
  5
1302
330
1F
100
AcDbEntity
  8
N.SolarArrays
  6
DASHDOT
370
     5
100
AcDbLine
 10
1242.754390011604
 20
607.3355996626565
 30
0.0
 11
1121.504390011604
 21
607.3355996626565
 31
0.0
  0
LINE
  5
1303
330
1F
100
AcDbEntity
  8
N.SolarArrays
  6
DASHDOT
370
     5
100
AcDbLine
 10
1354.299463803057
 20
557.3355996626565
 30
0.0
 11
1354.299463803057
 21
612.3355996626565
 31
0.0
  0
LINE
  5
1304
330
1F
100
AcDbEntity
  8
N.SolarArrays
  6
DASHDOT
370
     5
100
AcDbLine
 10
1342.174463803057
 20
612.3355996626565
 30
0.0
 11
1342.174463803057
 21
557.3355996626565
 31
0.0
  0
LINE
  5
1305
330
1F
100
AcDbEntity
  8
N.SolarArrays
  6
DASHDOT
370
     5
100
AcDbLine
 10
1330.049463803057
 20
557.3355996626565
 30
0.0
 11
1330.049463803057
 21
612.3355996626565
 31
0.0
  0
LINE
  5
1306
330
1F
100
AcDbEntity
  8
N.SolarArrays
  6
DASHDOT
370
     5
100
AcDbLine
 10
1317.924463803057
 20
612.3355996626565
 30
0.0
 11
1317.924463803057
 21
557.3355996626565
 31
0.0
  0
LINE
  5
1307
330
1F
100
AcDbEntity
  8
N.SolarArrays
  6
DASHDOT
370
     5
100
AcDbLine
 10
1305.799463803057
 20
557.3355996626565
 30
0.0
 11
1305.799463803057
 21
612.3355996626565
 31
0.0
  0
LINE
  5
1308
330
1F
100
AcDbEntity
  8
N.SolarArrays
  6
DASHDOT
370
     5
100
AcDbLine
 10
1293.674463803057
 20
612.3355996626565
 30
0.0
 11
1293.674463803057
 21
557.3355996626565
 31
0.0
  0
LINE
  5
1309
330
1F
100
AcDbEntity
  8
N.SolarArrays
  6
DASHDOT
370
     5
100
AcDbLine
 10
1281.549463803057
 20
557.3355996626565
 30
0.0
 11
1281.549463803057
 21
612.3355996626565
 31
0.0
  0
LINE
  5
130A
330
1F
100
AcDbEntity
  8
N.SolarArrays
  6
DASHDOT
370
     5
100
AcDbLine
 10
1269.424463803057
 20
612.3355996626565
 30
0.0
 11
1269.424463803057
 21
557.3355996626565
 31
0.0
  0
LINE
  5
130B
330
1F
100
AcDbEntity
  8
N.SolarArrays
  6
DASHDOT
370
     5
100
AcDbLine
 10
1257.299463803057
 20
557.3355996626565
 30
0.0
 11
1257.299463803057
 21
612.3355996626565
 31
0.0
  0
LINE
  5
130C
330
1F
100
AcDbEntity
  8
N.SolarArrays
  6
DASHDOT
370
     5
100
AcDbLine
 10
1366.424463803057
 20
562.3355996626565
 30
0.0
 11
1245.174463803057
 21
562.3355996626565
 31
0.0
  0
LINE
  5
130D
330
1F
100
AcDbEntity
  8
N.SolarArrays
  6
DASHDOT
370
     5
100
AcDbLine
 10
1245.174463803057
 20
567.3355996626565
 30
0.0
 11
1366.424463803057
 21
567.3355996626565
 31
0.0
  0
LINE
  5
130E
330
1F
100
AcDbEntity
  8
N.SolarArrays
  6
DASHDOT
370
     5
100
AcDbLine
 10
1366.424463803057
 20
572.3355996626565
 30
0.0
 11
1245.174463803057
 21
572.3355996626565
 31
0.0
  0
LINE
  5
130F
330
1F
100
AcDbEntity
  8
N.SolarArrays
  6
DASHDOT
370
     5
100
AcDbLine
 10
1245.174463803057
 20
577.3355996626565
 30
0.0
 11
1366.424463803057
 21
577.3355996626565
 31
0.0
  0
LINE
  5
1310
330
1F
100
AcDbEntity
  8
N.SolarArrays
  6
DASHDOT
370
     5
100
AcDbLine
 10
1366.424463803057
 20
582.3355996626565
 30
0.0
 11
1245.174463803057
 21
582.3355996626565
 31
0.0
  0
LINE
  5
1311
330
1F
100
AcDbEntity
  8
N.SolarArrays
  6
DASHDOT
370
     5
100
AcDbLine
 10
1245.174463803057
 20
587.3355996626565
 30
0.0
 11
1366.424463803057
 21
587.3355996626565
 31
0.0
  0
LINE
  5
1312
330
1F
100
AcDbEntity
  8
N.SolarArrays
  6
DASHDOT
370
     5
100
AcDbLine
 10
1366.424463803057
 20
592.3355996626565
 30
0.0
 11
1245.174463803057
 21
592.3355996626565
 31
0.0
  0
LINE
  5
1313
330
1F
100
AcDbEntity
  8
N.SolarArrays
  6
DASHDOT
370
     5
100
AcDbLine
 10
1245.174463803057
 20
597.3355996626565
 30
0.0
 11
1366.424463803057
 21
597.3355996626565
 31
0.0
  0
LINE
  5
1314
330
1F
100
AcDbEntity
  8
N.SolarArrays
  6
DASHDOT
370
     5
100
AcDbLine
 10
1366.424463803057
 20
602.3355996626565
 30
0.0
 11
1245.174463803057
 21
602.3355996626565
 31
0.0
  0
LINE
  5
1315
330
1F
100
AcDbEntity
  8
N.SolarArrays
  6
DASHDOT
370
     5
100
AcDbLine
 10
1245.174463803057
 20
607.3355996626565
 30
0.0
 11
1366.424463803057
 21
607.3355996626565
 31
0.0
  0
LINE
  5
1316
330
1F
100
AcDbEntity
  8
N.SolarArrays
370
    13
100
AcDbLine
 10
1065.004390011604
 20
617.3355996626565
 30
0.0
 11
1055.004390011604
 21
617.3355996626565
 31
0.0
  0
LINE
  5
1317
330
1F
100
AcDbEntity
  8
N.SolarArrays
370
    13
100
AcDbLine
 10
1055.004390011604
 20
617.3355996626565
 30
0.0
 11
1055.004390011604
 21
612.3355996626565
 31
0.0
  0
LINE
  5
1318
330
1F
100
AcDbEntity
  8
N.SolarArrays
370
    13
100
AcDbLine
 10
1055.004390011604
 20
612.3355996626565
 30
0.0
 11
1065.004390011604
 21
612.3355996626565
 31
0.0
  0
LINE
  5
1319
330
1F
100
AcDbEntity
  8
N.SolarArrays
370
    13
100
AcDbLine
 10
1055.004390011604
 20
617.3355996626565
 30
0.0
 11
1055.004390011604
 21
616.3355996626565
 31
0.0
  0
LINE
  5
131A
330
1F
100
AcDbEntity
  8
N.SolarArrays
370
    13
100
AcDbLine
 10
1055.004390011604
 20
616.3355996626565
 30
0.0
 11
1035.004390011604
 21
616.3355996626565
 31
0.0
  0
LINE
  5
131B
330
1F
100
AcDbEntity
  8
N.SolarArrays
370
    13
100
AcDbLine
 10
1035.004390011604
 20
616.3355996626565
 30
0.0
 11
1035.004390011604
 21
613.3355996626565
 31
0.0
  0
LINE
  5
131C
330
1F
100
AcDbEntity
  8
N.SolarArrays
370
    13
100
AcDbLine
 10
1035.004390011604
 20
613.3355996626565
 30
0.0
 11
1055.004390011604
 21
613.3355996626565
 31
0.0
  0
LINE
  5
131D
330
1F
100
AcDbEntity
  8
N.SolarArrays
370
    13
100
AcDbLine
 10
1035.004390011604
 20
613.3355996626565
 30
0.0
 11
1035.004390011604
 21
554.8355996626565
 31
0.0
  0
LINE
  5
131E
330
1F
100
AcDbEntity
  8
N.SolarArrays
370
    13
100
AcDbLine
 10
1031.004390011604
 20
554.8355996626565
 30
0.0
 11
1031.004390011604
 21
674.8355996626565
 31
0.0
  0
LINE
  5
131F
330
1F
100
AcDbEntity
  8
N.SolarArrays
370
    13
100
AcDbLine
 10
1035.004390011604
 20
674.8355996626565
 30
0.0
 11
1035.004390011604
 21
616.3355996626565
 31
0.0
  0
ARC
  5
1320
330
1F
100
AcDbEntity
  8
N.SolarArrays
370
    13
100
AcDbCircle
 10
1033.004390011604
 20
674.8355996626565
 30
0.0
 40
2.0
100
AcDbArc
 50
0.0
 51
180.0
  0
ARC
  5
1321
330
1F
100
AcDbEntity
  8
N.SolarArrays
370
    13
100
AcDbCircle
 10
1033.004390011604
 20
554.8355996626565
 30
0.0
 40
2.0
100
AcDbArc
 50
180.0
 51
0.0
  0
LWPOLYLINE
  5
1322
330
1F
100
AcDbEntity
  8
N.SolarArrays
370
    13
100
AcDbPolyline
 90
        4
 70
     1
 43
0.0
 10
1031.004390011604
 20
674.8355996626565
 10
781.0043900116043
 20
674.8355996626565
 10
781.0043900116043
 20
554.8355996626565
 10
1031.004390011604
 20
554.8355996626565
  0
LWPOLYLINE
  5
1323
330
1F
100
AcDbEntity
  8
N.SolarArrays
370
     9
100
AcDbPolyline
 90
        4
 70
     1
 43
0.0
 10
1028.504390011604
 20
617.3355996626565
 10
907.2543900116043
 20
617.3355996626565
 10
907.2543900116043
 20
672.3355996626565
 10
1028.504390011604
 20
672.3355996626565
  0
LWPOLYLINE
  5
1324
330
1F
100
AcDbEntity
  8
N.SolarArrays
370
     9
100
AcDbPolyline
 90
        4
 70
     1
 43
0.0
 10
904.7543900116043
 20
617.3355996626565
 10
783.5043900116043
 20
617.3355996626565
 10
783.5043900116043
 20
672.3355996626565
 10
904.7543900116043
 20
672.3355996626565
  0
LINE
  5
1325
330
1F
100
AcDbEntity
  8
N.SolarArrays
  6
DASHDOT
 48
5.0
370
     5
100
AcDbLine
 10
1016.379390011604
 20
672.3355996626565
 30
0.0
 11
1016.379390011604
 21
617.3355996626565
 31
0.0
  0
LINE
  5
1326
330
1F
100
AcDbEntity
  8
N.SolarArrays
  6
DASHDOT
 48
5.0
370
     5
100
AcDbLine
 10
1004.254390011604
 20
617.3355996626565
 30
0.0
 11
1004.254390011604
 21
672.3355996626565
 31
0.0
  0
LINE
  5
1327
330
1F
100
AcDbEntity
  8
N.SolarArrays
  6
DASHDOT
 48
5.0
370
     5
100
AcDbLine
 10
992.1293900116043
 20
672.3355996626565
 30
0.0
 11
992.1293900116043
 21
617.3355996626565
 31
0.0
  0
LINE
  5
1328
330
1F
100
AcDbEntity
  8
N.SolarArrays
  6
DASHDOT
 48
5.0
370
     5
100
AcDbLine
 10
980.0043900116043
 20
617.3355996626565
 30
0.0
 11
980.0043900116043
 21
672.3355996626565
 31
0.0
  0
LINE
  5
1329
330
1F
100
AcDbEntity
  8
N.SolarArrays
  6
DASHDOT
 48
5.0
370
     5
100
AcDbLine
 10
967.8793900116043
 20
672.3355996626565
 30
0.0
 11
967.8793900116043
 21
617.3355996626565
 31
0.0
  0
LINE
  5
132A
330
1F
100
AcDbEntity
  8
N.SolarArrays
  6
DASHDOT
 48
5.0
370
     5
100
AcDbLine
 10
955.7543900116043
 20
617.3355996626565
 30
0.0
 11
955.7543900116043
 21
672.3355996626565
 31
0.0
  0
LINE
  5
132B
330
1F
100
AcDbEntity
  8
N.SolarArrays
  6
DASHDOT
 48
5.0
370
     5
100
AcDbLine
 10
943.6293900116043
 20
672.3355996626565
 30
0.0
 11
943.6293900116043
 21
617.3355996626565
 31
0.0
  0
LINE
  5
132C
330
1F
100
AcDbEntity
  8
N.SolarArrays
  6
DASHDOT
 48
5.0
370
     5
100
AcDbLine
 10
931.5043900116043
 20
617.3355996626565
 30
0.0
 11
931.5043900116043
 21
672.3355996626565
 31
0.0
  0
LINE
  5
132D
330
1F
100
AcDbEntity
  8
N.SolarArrays
  6
DASHDOT
 48
5.0
370
     5
100
AcDbLine
 10
919.3793900116043
 20
672.3355996626565
 30
0.0
 11
919.3793900116043
 21
617.3355996626565
 31
0.0
  0
LINE
  5
132E
330
1F
100
AcDbEntity
  8
N.SolarArrays
  6
DASHDOT
 48
5.0
370
     5
100
AcDbLine
 10
1028.504390011604
 20
667.3355996626565
 30
0.0
 11
907.2543900116043
 21
667.3355996626565
 31
0.0
  0
LINE
  5
132F
330
1F
100
AcDbEntity
  8
N.SolarArrays
  6
DASHDOT
 48
5.0
370
     5
100
AcDbLine
 10
907.2543900116043
 20
662.3355996626565
 30
0.0
 11
1028.504390011604
 21
662.3355996626565
 31
0.0
  0
LINE
  5
1330
330
1F
100
AcDbEntity
  8
N.SolarArrays
  6
DASHDOT
 48
5.0
370
     5
100
AcDbLine
 10
1028.504390011604
 20
657.3355996626565
 30
0.0
 11
907.2543900116043
 21
657.3355996626565
 31
0.0
  0
LINE
  5
1331
330
1F
100
AcDbEntity
  8
N.SolarArrays
  6
DASHDOT
 48
5.0
370
     5
100
AcDbLine
 10
907.2543900116043
 20
652.3355996626565
 30
0.0
 11
1028.504390011604
 21
652.3355996626565
 31
0.0
  0
LINE
  5
1332
330
1F
100
AcDbEntity
  8
N.SolarArrays
  6
DASHDOT
 48
5.0
370
     5
100
AcDbLine
 10
1028.504390011604
 20
647.3355996626565
 30
0.0
 11
907.2543900116043
 21
647.3355996626565
 31
0.0
  0
LINE
  5
1333
330
1F
100
AcDbEntity
  8
N.SolarArrays
  6
DASHDOT
 48
5.0
370
     5
100
AcDbLine
 10
907.2543900116043
 20
642.3355996626565
 30
0.0
 11
1028.504390011604
 21
642.3355996626565
 31
0.0
  0
LINE
  5
1334
330
1F
100
AcDbEntity
  8
N.SolarArrays
  6
DASHDOT
 48
5.0
370
     5
100
AcDbLine
 10
1028.504390011604
 20
637.3355996626565
 30
0.0
 11
907.2543900116043
 21
637.3355996626565
 31
0.0
  0
LINE
  5
1335
330
1F
100
AcDbEntity
  8
N.SolarArrays
  6
DASHDOT
 48
5.0
370
     5
100
AcDbLine
 10
907.2543900116043
 20
632.3355996626565
 30
0.0
 11
1028.504390011604
 21
632.3355996626565
 31
0.0
  0
LINE
  5
1336
330
1F
100
AcDbEntity
  8
N.SolarArrays
  6
DASHDOT
 48
5.0
370
     5
100
AcDbLine
 10
1028.504390011604
 20
627.3355996626565
 30
0.0
 11
907.2543900116043
 21
627.3355996626565
 31
0.0
  0
LINE
  5
1337
330
1F
100
AcDbEntity
  8
N.SolarArrays
  6
DASHDOT
 48
5.0
370
     5
100
AcDbLine
 10
907.2543900116043
 20
622.3355996626565
 30
0.0
 11
1028.504390011604
 21
622.3355996626565
 31
0.0
  0
LINE
  5
1338
330
1F
100
AcDbEntity
  8
N.SolarArrays
  6
DASHDOT
 48
5.0
370
     5
100
AcDbLine
 10
795.7093162201518
 20
672.3355996626565
 30
0.0
 11
795.7093162201518
 21
617.3355996626565
 31
0.0
  0
LINE
  5
1339
330
1F
100
AcDbEntity
  8
N.SolarArrays
  6
DASHDOT
 48
5.0
370
     5
100
AcDbLine
 10
807.8343162201518
 20
617.3355996626565
 30
0.0
 11
807.8343162201518
 21
672.3355996626565
 31
0.0
  0
LINE
  5
133A
330
1F
100
AcDbEntity
  8
N.SolarArrays
  6
DASHDOT
 48
5.0
370
     5
100
AcDbLine
 10
819.9593162201518
 20
672.3355996626565
 30
0.0
 11
819.9593162201518
 21
617.3355996626565
 31
0.0
  0
LINE
  5
133B
330
1F
100
AcDbEntity
  8
N.SolarArrays
  6
DASHDOT
 48
5.0
370
     5
100
AcDbLine
 10
832.0843162201518
 20
617.3355996626565
 30
0.0
 11
832.0843162201518
 21
672.3355996626565
 31
0.0
  0
LINE
  5
133C
330
1F
100
AcDbEntity
  8
N.SolarArrays
  6
DASHDOT
 48
5.0
370
     5
100
AcDbLine
 10
844.2093162201518
 20
672.3355996626565
 30
0.0
 11
844.2093162201518
 21
617.3355996626565
 31
0.0
  0
LINE
  5
133D
330
1F
100
AcDbEntity
  8
N.SolarArrays
  6
DASHDOT
 48
5.0
370
     5
100
AcDbLine
 10
856.3343162201518
 20
617.3355996626565
 30
0.0
 11
856.3343162201518
 21
672.3355996626565
 31
0.0
  0
LINE
  5
133E
330
1F
100
AcDbEntity
  8
N.SolarArrays
  6
DASHDOT
 48
5.0
370
     5
100
AcDbLine
 10
868.4593162201518
 20
672.3355996626565
 30
0.0
 11
868.4593162201518
 21
617.3355996626565
 31
0.0
  0
LINE
  5
133F
330
1F
100
AcDbEntity
  8
N.SolarArrays
  6
DASHDOT
 48
5.0
370
     5
100
AcDbLine
 10
880.5843162201518
 20
617.3355996626565
 30
0.0
 11
880.5843162201518
 21
672.3355996626565
 31
0.0
  0
LINE
  5
1340
330
1F
100
AcDbEntity
  8
N.SolarArrays
  6
DASHDOT
 48
5.0
370
     5
100
AcDbLine
 10
892.7093162201518
 20
672.3355996626565
 30
0.0
 11
892.7093162201518
 21
617.3355996626565
 31
0.0
  0
LINE
  5
1341
330
1F
100
AcDbEntity
  8
N.SolarArrays
  6
DASHDOT
 48
5.0
370
     5
100
AcDbLine
 10
783.5843162201518
 20
667.3355996626565
 30
0.0
 11
904.8343162201518
 21
667.3355996626565
 31
0.0
  0
LINE
  5
1342
330
1F
100
AcDbEntity
  8
N.SolarArrays
  6
DASHDOT
 48
5.0
370
     5
100
AcDbLine
 10
904.8343162201518
 20
662.3355996626565
 30
0.0
 11
783.5843162201518
 21
662.3355996626565
 31
0.0
  0
LINE
  5
1343
330
1F
100
AcDbEntity
  8
N.SolarArrays
  6
DASHDOT
 48
5.0
370
     5
100
AcDbLine
 10
783.5843162201518
 20
657.3355996626565
 30
0.0
 11
904.8343162201518
 21
657.3355996626565
 31
0.0
  0
LINE
  5
1344
330
1F
100
AcDbEntity
  8
N.SolarArrays
  6
DASHDOT
 48
5.0
370
     5
100
AcDbLine
 10
904.8343162201518
 20
652.3355996626565
 30
0.0
 11
783.5843162201518
 21
652.3355996626565
 31
0.0
  0
LINE
  5
1345
330
1F
100
AcDbEntity
  8
N.SolarArrays
  6
DASHDOT
 48
5.0
370
     5
100
AcDbLine
 10
783.5843162201518
 20
647.3355996626565
 30
0.0
 11
904.8343162201518
 21
647.3355996626565
 31
0.0
  0
LINE
  5
1346
330
1F
100
AcDbEntity
  8
N.SolarArrays
  6
DASHDOT
 48
5.0
370
     5
100
AcDbLine
 10
904.8343162201518
 20
642.3355996626565
 30
0.0
 11
783.5843162201518
 21
642.3355996626565
 31
0.0
  0
LINE
  5
1347
330
1F
100
AcDbEntity
  8
N.SolarArrays
  6
DASHDOT
 48
5.0
370
     5
100
AcDbLine
 10
783.5843162201518
 20
637.3355996626565
 30
0.0
 11
904.8343162201518
 21
637.3355996626565
 31
0.0
  0
LINE
  5
1348
330
1F
100
AcDbEntity
  8
N.SolarArrays
  6
DASHDOT
 48
5.0
370
     5
100
AcDbLine
 10
904.8343162201518
 20
632.3355996626565
 30
0.0
 11
783.5843162201518
 21
632.3355996626565
 31
0.0
  0
LINE
  5
1349
330
1F
100
AcDbEntity
  8
N.SolarArrays
  6
DASHDOT
 48
5.0
370
     5
100
AcDbLine
 10
783.5843162201518
 20
627.3355996626565
 30
0.0
 11
904.8343162201518
 21
627.3355996626565
 31
0.0
  0
LINE
  5
134A
330
1F
100
AcDbEntity
  8
N.SolarArrays
  6
DASHDOT
 48
5.0
370
     5
100
AcDbLine
 10
904.8343162201518
 20
622.3355996626565
 30
0.0
 11
783.5843162201518
 21
622.3355996626565
 31
0.0
  0
LWPOLYLINE
  5
134B
330
1F
100
AcDbEntity
  8
N.SolarArrays
370
     9
100
AcDbPolyline
 90
        4
 70
     1
 43
0.0
 10
1028.504390011604
 20
612.3355996626565
 10
907.2543900116043
 20
612.3355996626565
 10
907.2543900116043
 20
557.3355996626565
 10
1028.504390011604
 20
557.3355996626565
  0
LWPOLYLINE
  5
134C
330
1F
100
AcDbEntity
  8
N.SolarArrays
370
     9
100
AcDbPolyline
 90
        4
 70
     1
 43
0.0
 10
904.7543900116043
 20
612.3355996626565
 10
783.5043900116043
 20
612.3355996626565
 10
783.5043900116043
 20
557.3355996626565
 10
904.7543900116043
 20
557.3355996626565
  0
LINE
  5
134D
330
1F
100
AcDbEntity
  8
N.SolarArrays
  6
DASHDOT
 48
5.0
370
     5
100
AcDbLine
 10
1016.379390011604
 20
557.3355996626565
 30
0.0
 11
1016.379390011604
 21
612.3355996626565
 31
0.0
  0
LINE
  5
134E
330
1F
100
AcDbEntity
  8
N.SolarArrays
  6
DASHDOT
 48
5.0
370
     5
100
AcDbLine
 10
1004.254390011604
 20
612.3355996626565
 30
0.0
 11
1004.254390011604
 21
557.3355996626565
 31
0.0
  0
LINE
  5
134F
330
1F
100
AcDbEntity
  8
N.SolarArrays
  6
DASHDOT
 48
5.0
370
     5
100
AcDbLine
 10
992.1293900116043
 20
557.3355996626565
 30
0.0
 11
992.1293900116043
 21
612.3355996626565
 31
0.0
  0
LINE
  5
1350
330
1F
100
AcDbEntity
  8
N.SolarArrays
  6
DASHDOT
 48
5.0
370
     5
100
AcDbLine
 10
980.0043900116043
 20
612.3355996626565
 30
0.0
 11
980.0043900116043
 21
557.3355996626565
 31
0.0
  0
LINE
  5
1351
330
1F
100
AcDbEntity
  8
N.SolarArrays
  6
DASHDOT
 48
5.0
370
     5
100
AcDbLine
 10
967.8793900116043
 20
557.3355996626565
 30
0.0
 11
967.8793900116043
 21
612.3355996626565
 31
0.0
  0
LINE
  5
1352
330
1F
100
AcDbEntity
  8
N.SolarArrays
  6
DASHDOT
 48
5.0
370
     5
100
AcDbLine
 10
955.7543900116043
 20
612.3355996626565
 30
0.0
 11
955.7543900116043
 21
557.3355996626565
 31
0.0
  0
LINE
  5
1353
330
1F
100
AcDbEntity
  8
N.SolarArrays
  6
DASHDOT
 48
5.0
370
     5
100
AcDbLine
 10
943.6293900116043
 20
557.3355996626565
 30
0.0
 11
943.6293900116043
 21
612.3355996626565
 31
0.0
  0
LINE
  5
1354
330
1F
100
AcDbEntity
  8
N.SolarArrays
  6
DASHDOT
 48
5.0
370
     5
100
AcDbLine
 10
931.5043900116043
 20
612.3355996626565
 30
0.0
 11
931.5043900116043
 21
557.3355996626565
 31
0.0
  0
LINE
  5
1355
330
1F
100
AcDbEntity
  8
N.SolarArrays
  6
DASHDOT
 48
5.0
370
     5
100
AcDbLine
 10
919.3793900116043
 20
557.3355996626565
 30
0.0
 11
919.3793900116043
 21
612.3355996626565
 31
0.0
  0
LINE
  5
1356
330
1F
100
AcDbEntity
  8
N.SolarArrays
  6
DASHDOT
 48
5.0
370
     5
100
AcDbLine
 10
1028.504390011604
 20
562.3355996626565
 30
0.0
 11
907.2543900116043
 21
562.3355996626565
 31
0.0
  0
LINE
  5
1357
330
1F
100
AcDbEntity
  8
N.SolarArrays
  6
DASHDOT
 48
5.0
370
     5
100
AcDbLine
 10
907.2543900116043
 20
567.3355996626565
 30
0.0
 11
1028.504390011604
 21
567.3355996626565
 31
0.0
  0
LINE
  5
1358
330
1F
100
AcDbEntity
  8
N.SolarArrays
  6
DASHDOT
 48
5.0
370
     5
100
AcDbLine
 10
1028.504390011604
 20
572.3355996626565
 30
0.0
 11
907.2543900116043
 21
572.3355996626565
 31
0.0
  0
LINE
  5
1359
330
1F
100
AcDbEntity
  8
N.SolarArrays
  6
DASHDOT
 48
5.0
370
     5
100
AcDbLine
 10
907.2543900116043
 20
577.3355996626565
 30
0.0
 11
1028.504390011604
 21
577.3355996626565
 31
0.0
  0
LINE
  5
135A
330
1F
100
AcDbEntity
  8
N.SolarArrays
  6
DASHDOT
 48
5.0
370
     5
100
AcDbLine
 10
1028.504390011604
 20
582.3355996626565
 30
0.0
 11
907.2543900116043
 21
582.3355996626565
 31
0.0
  0
LINE
  5
135B
330
1F
100
AcDbEntity
  8
N.SolarArrays
  6
DASHDOT
 48
5.0
370
     5
100
AcDbLine
 10
907.2543900116043
 20
587.3355996626565
 30
0.0
 11
1028.504390011604
 21
587.3355996626565
 31
0.0
  0
LINE
  5
135C
330
1F
100
AcDbEntity
  8
N.SolarArrays
  6
DASHDOT
 48
5.0
370
     5
100
AcDbLine
 10
1028.504390011604
 20
592.3355996626565
 30
0.0
 11
907.2543900116043
 21
592.3355996626565
 31
0.0
  0
LINE
  5
135D
330
1F
100
AcDbEntity
  8
N.SolarArrays
  6
DASHDOT
 48
5.0
370
     5
100
AcDbLine
 10
907.2543900116043
 20
597.3355996626565
 30
0.0
 11
1028.504390011604
 21
597.3355996626565
 31
0.0
  0
LINE
  5
135E
330
1F
100
AcDbEntity
  8
N.SolarArrays
  6
DASHDOT
 48
5.0
370
     5
100
AcDbLine
 10
1028.504390011604
 20
602.3355996626565
 30
0.0
 11
907.2543900116043
 21
602.3355996626565
 31
0.0
  0
LINE
  5
135F
330
1F
100
AcDbEntity
  8
N.SolarArrays
  6
DASHDOT
 48
5.0
370
     5
100
AcDbLine
 10
907.2543900116043
 20
607.3355996626565
 30
0.0
 11
1028.504390011604
 21
607.3355996626565
 31
0.0
  0
LINE
  5
1360
330
1F
100
AcDbEntity
  8
N.SolarArrays
  6
DASHDOT
 48
5.0
370
     5
100
AcDbLine
 10
795.7093162201518
 20
557.3355996626565
 30
0.0
 11
795.7093162201518
 21
612.3355996626565
 31
0.0
  0
LINE
  5
1361
330
1F
100
AcDbEntity
  8
N.SolarArrays
  6
DASHDOT
 48
5.0
370
     5
100
AcDbLine
 10
807.8343162201518
 20
612.3355996626565
 30
0.0
 11
807.8343162201518
 21
557.3355996626565
 31
0.0
  0
LINE
  5
1362
330
1F
100
AcDbEntity
  8
N.SolarArrays
  6
DASHDOT
 48
5.0
370
     5
100
AcDbLine
 10
819.9593162201518
 20
557.3355996626565
 30
0.0
 11
819.9593162201518
 21
612.3355996626565
 31
0.0
  0
LINE
  5
1363
330
1F
100
AcDbEntity
  8
N.SolarArrays
  6
DASHDOT
 48
5.0
370
     5
100
AcDbLine
 10
832.0843162201518
 20
612.3355996626565
 30
0.0
 11
832.0843162201518
 21
557.3355996626565
 31
0.0
  0
LINE
  5
1364
330
1F
100
AcDbEntity
  8
N.SolarArrays
  6
DASHDOT
 48
5.0
370
     5
100
AcDbLine
 10
844.2093162201518
 20
557.3355996626565
 30
0.0
 11
844.2093162201518
 21
612.3355996626565
 31
0.0
  0
LINE
  5
1365
330
1F
100
AcDbEntity
  8
N.SolarArrays
  6
DASHDOT
 48
5.0
370
     5
100
AcDbLine
 10
856.3343162201518
 20
612.3355996626565
 30
0.0
 11
856.3343162201518
 21
557.3355996626565
 31
0.0
  0
LINE
  5
1366
330
1F
100
AcDbEntity
  8
N.SolarArrays
  6
DASHDOT
 48
5.0
370
     5
100
AcDbLine
 10
868.4593162201518
 20
557.3355996626565
 30
0.0
 11
868.4593162201518
 21
612.3355996626565
 31
0.0
  0
LINE
  5
1367
330
1F
100
AcDbEntity
  8
N.SolarArrays
  6
DASHDOT
 48
5.0
370
     5
100
AcDbLine
 10
880.5843162201518
 20
612.3355996626565
 30
0.0
 11
880.5843162201518
 21
557.3355996626565
 31
0.0
  0
LINE
  5
1368
330
1F
100
AcDbEntity
  8
N.SolarArrays
  6
DASHDOT
 48
5.0
370
     5
100
AcDbLine
 10
892.7093162201518
 20
557.3355996626565
 30
0.0
 11
892.7093162201518
 21
612.3355996626565
 31
0.0
  0
LINE
  5
1369
330
1F
100
AcDbEntity
  8
N.SolarArrays
  6
DASHDOT
 48
5.0
370
     5
100
AcDbLine
 10
783.5843162201518
 20
562.3355996626565
 30
0.0
 11
904.8343162201518
 21
562.3355996626565
 31
0.0
  0
LINE
  5
136A
330
1F
100
AcDbEntity
  8
N.SolarArrays
  6
DASHDOT
 48
5.0
370
     5
100
AcDbLine
 10
904.8343162201518
 20
567.3355996626565
 30
0.0
 11
783.5843162201518
 21
567.3355996626565
 31
0.0
  0
LINE
  5
136B
330
1F
100
AcDbEntity
  8
N.SolarArrays
  6
DASHDOT
 48
5.0
370
     5
100
AcDbLine
 10
783.5843162201518
 20
572.3355996626565
 30
0.0
 11
904.8343162201518
 21
572.3355996626565
 31
0.0
  0
LINE
  5
136C
330
1F
100
AcDbEntity
  8
N.SolarArrays
  6
DASHDOT
 48
5.0
370
     5
100
AcDbLine
 10
904.8343162201518
 20
577.3355996626565
 30
0.0
 11
783.5843162201518
 21
577.3355996626565
 31
0.0
  0
LINE
  5
136D
330
1F
100
AcDbEntity
  8
N.SolarArrays
  6
DASHDOT
 48
5.0
370
     5
100
AcDbLine
 10
783.5843162201518
 20
582.3355996626565
 30
0.0
 11
904.8343162201518
 21
582.3355996626565
 31
0.0
  0
LINE
  5
136E
330
1F
100
AcDbEntity
  8
N.SolarArrays
  6
DASHDOT
 48
5.0
370
     5
100
AcDbLine
 10
904.8343162201518
 20
587.3355996626565
 30
0.0
 11
783.5843162201518
 21
587.3355996626565
 31
0.0
  0
LINE
  5
136F
330
1F
100
AcDbEntity
  8
N.SolarArrays
  6
DASHDOT
 48
5.0
370
     5
100
AcDbLine
 10
783.5843162201518
 20
592.3355996626565
 30
0.0
 11
904.8343162201518
 21
592.3355996626565
 31
0.0
  0
LINE
  5
1370
330
1F
100
AcDbEntity
  8
N.SolarArrays
  6
DASHDOT
 48
5.0
370
     5
100
AcDbLine
 10
904.8343162201518
 20
597.3355996626565
 30
0.0
 11
783.5843162201518
 21
597.3355996626565
 31
0.0
  0
LINE
  5
1371
330
1F
100
AcDbEntity
  8
N.SolarArrays
  6
DASHDOT
 48
5.0
370
     5
100
AcDbLine
 10
783.5843162201518
 20
602.3355996626565
 30
0.0
 11
904.8343162201518
 21
602.3355996626565
 31
0.0
  0
LINE
  5
1372
330
1F
100
AcDbEntity
  8
N.SolarArrays
  6
DASHDOT
 48
5.0
370
     5
100
AcDbLine
 10
904.8343162201518
 20
607.3355996626565
 30
0.0
 11
783.5843162201518
 21
607.3355996626565
 31
0.0
  0
ARC
  5
138F
330
1F
100
AcDbEntity
  8
D.Science
370
    13
100
AcDbCircle
 10
-434.9956099883957
 20
249.5852845518109
 30
0.0
 40
150.0
100
AcDbArc
 50
147.7690473644972
 51
212.2309526355028
  0
ARC
  5
1390
330
1F
100
AcDbEntity
  8
D.Science
370
    13
100
AcDbCircle
 10
-434.9956099883957
 20
249.5852845518109
 30
0.0
 40
150.0
100
AcDbArc
 50
327.7690473644972
 51
32.23095263550284
  0
LINE
  5
1391
330
1F
100
AcDbEntity
  8
D.Science
370
    13
100
AcDbLine
 10
-561.8813853928909
 20
329.5852845518109
 30
0.0
 11
-308.1098345839005
 21
329.5852845518109
 31
0.0
  0
LINE
  5
1392
330
1F
100
AcDbEntity
  8
D.Science
370
    13
100
AcDbLine
 10
-561.8813853928909
 20
169.5852845518109
 30
0.0
 11
-308.1098345839005
 21
169.5852845518109
 31
0.0
  0
LINE
  5
13A2
330
1F
100
AcDbEntity
  8
D.Science
370
     9
100
AcDbLine
 10
-484.9956099883957
 20
169.5852845518109
 30
0.0
 11
-484.9956099883957
 21
184.5852845518109
 31
0.0
  0
LINE
  5
13A3
330
1F
100
AcDbEntity
  8
D.Science
370
     9
100
AcDbLine
 10
-489.9956099883957
 20
189.5852845518109
 30
0.0
 11
-529.9956099883957
 21
189.5852845518109
 31
0.0
  0
LINE
  5
13A4
330
1F
100
AcDbEntity
  8
D.Science
370
     9
100
AcDbLine
 10
-534.9956099883957
 20
184.5852845518109
 30
0.0
 11
-534.9956099883957
 21
169.5852845518109
 31
0.0
  0
ARC
  5
13A5
330
1F
100
AcDbEntity
  8
D.Science
370
     9
100
AcDbCircle
 10
-529.9956099883957
 20
184.5852845518109
 30
0.0
 40
5.0
100
AcDbArc
 50
90.0
 51
180.0
  0
ARC
  5
13A6
330
1F
100
AcDbEntity
  8
D.Science
370
     9
100
AcDbCircle
 10
-489.9956099883957
 20
184.5852845518109
 30
0.0
 40
5.0
100
AcDbArc
 50
0.0
 51
90.0
  0
LINE
  5
13A7
330
1F
100
AcDbEntity
  8
D.Science
370
     9
100
AcDbLine
 10
-384.9956099883957
 20
169.5852845518109
 30
0.0
 11
-384.9956099883957
 21
184.5852845518109
 31
0.0
  0
LINE
  5
13A8
330
1F
100
AcDbEntity
  8
D.Science
370
     9
100
AcDbLine
 10
-379.9956099883957
 20
189.5852845518109
 30
0.0
 11
-339.9956099883957
 21
189.5852845518109
 31
0.0
  0
LINE
  5
13A9
330
1F
100
AcDbEntity
  8
D.Science
370
     9
100
AcDbLine
 10
-334.9956099883957
 20
184.5852845518109
 30
0.0
 11
-334.9956099883957
 21
169.5852845518109
 31
0.0
  0
ARC
  5
13AA
330
1F
100
AcDbEntity
  8
D.Science
370
     9
100
AcDbCircle
 10
-339.9956099883957
 20
184.5852845518109
 30
0.0
 40
5.0
100
AcDbArc
 50
0.0
 51
90.0
  0
ARC
  5
13AB
330
1F
100
AcDbEntity
  8
D.Science
370
     9
100
AcDbCircle
 10
-379.9956099883957
 20
184.5852845518109
 30
0.0
 40
5.0
100
AcDbArc
 50
90.0
 51
180.0
  0
LINE
  5
13AC
330
1F
100
AcDbEntity
  8
D.Science
370
    13
100
AcDbLine
 10
-561.8813853928909
 20
329.5852845518109
 30
0.0
 11
-561.8813853928909
 21
169.5852845518109
 31
0.0
  0
LINE
  5
13AD
330
1F
100
AcDbEntity
  8
D.Science
370
    13
100
AcDbLine
 10
-308.1098345839005
 20
329.5852845518109
 30
0.0
 11
-308.1098345839005
 21
169.5852845518109
 31
0.0
  0
LINE
  5
13AE
330
1F
100
AcDbEntity
  8
0
370
    13
100
AcDbLine
 10
-284.9956099883958
 20
229.5852845518109
 30
0.0
 11
-286.3349225152107
 21
229.5852845518109
 31
0.0
  0
LINE
  5
13AF
330
1F
100
AcDbEntity
  8
0
370
    13
100
AcDbLine
 10
-284.9956099883958
 20
269.5852845518109
 30
0.0
 11
-286.3349225152107
 21
269.5852845518109
 31
0.0
  0
LINE
  5
13BC
330
1F
100
AcDbEntity
  8
D.Science
370
    13
100
AcDbLine
 10
-561.8813853928909
 20
249.5852845518109
 30
0.0
 11
-308.1098345839005
 21
249.5852845518109
 31
0.0
  0
LINE
  5
13BE
330
1F
100
AcDbEntity
  8
0
370
    13
100
AcDbLine
 10
-599.9956099883957
 20
229.5852845518109
 30
0.0
 11
-599.9956099883957
 21
269.5852845518109
 31
0.0
  0
LINE
  5
13BF
330
1F
100
AcDbEntity
  8
0
370
    13
100
AcDbLine
 10
-599.9956099883957
 20
269.5852845518109
 30
0.0
 11
-594.9956099883957
 21
269.5852845518109
 31
0.0
  0
LINE
  5
13C0
330
1F
100
AcDbEntity
  8
0
370
    13
100
AcDbLine
 10
-594.9956099883957
 20
269.5852845518109
 30
0.0
 11
-594.9956099883957
 21
229.5852845518109
 31
0.0
  0
LINE
  5
13C1
330
1F
100
AcDbEntity
  8
0
370
    13
100
AcDbLine
 10
-594.9956099883957
 20
229.5852845518109
 30
0.0
 11
-599.9956099883957
 21
229.5852845518109
 31
0.0
  0
LWPOLYLINE
  5
13C2
330
1F
100
AcDbEntity
  8
0
370
    13
100
AcDbPolyline
 90
        4
 70
     1
 43
0.0
 10
-594.9956099883957
 20
269.5852845518109
 10
-589.9956099883957
 20
269.5852845518109
 10
-589.9956099883957
 20
254.5852845518109
 10
-594.9956099883957
 20
254.5852845518109
  0
LWPOLYLINE
  5
13C3
330
1F
100
AcDbEntity
  8
0
370
    13
100
AcDbPolyline
 90
        4
 70
     1
 43
0.0
 10
-594.9956099883957
 20
229.5852845518109
 10
-589.9956099883957
 20
229.5852845518109
 10
-589.9956099883957
 20
244.5852845518109
 10
-594.9956099883957
 20
244.5852845518109
  0
LINE
  5
13C4
330
1F
100
AcDbEntity
  8
0
370
    13
100
AcDbLine
 10
-589.9956099883957
 20
254.5852845518109
 30
0.0
 11
-589.9956099883957
 21
244.5852845518109
 31
0.0
  0
ARC
  5
13C5
330
1F
100
AcDbEntity
  8
0
370
    13
100
AcDbCircle
 10
-592.4956099883957
 20
262.0852845518109
 30
0.0
 40
9.013878188659973
100
AcDbArc
 50
56.30993247402134
 51
123.6900675259787
  0
LWPOLYLINE
  5
13C6
330
1F
100
AcDbEntity
  8
0
370
    13
100
AcDbPolyline
 90
        4
 70
     1
 43
0.0
 10
-589.9956099883957
 20
269.5852845518109
 10
-584.9956099883957
 20
269.5852845518109
 10
-584.9956099883957
 20
229.5852845518109
 10
-589.9956099883957
 20
229.5852845518109
  0
ARC
  5
13C7
330
1F
100
AcDbEntity
  8
0
370
    13
100
AcDbCircle
 10
-592.4956099883957
 20
237.0852845518109
 30
0.0
 40
9.013878188659973
100
AcDbArc
 50
236.3099324740213
 51
303.6900675259787
  0
LWPOLYLINE
  5
13C8
330
1F
100
AcDbEntity
  8
0
370
    13
100
AcDbPolyline
 90
        2
 70
     0
 43
0.0
 10
-584.9956099883957
 20
229.5852845518109
 10
-584.9956099883957
 20
269.5852845518109
  0
LINE
  5
13CC
330
1F
100
AcDbEntity
  8
0
370
    13
100
AcDbLine
 10
-584.9956099883957
 20
229.5852845518109
 30
0.0
 11
-583.6562974615807
 21
229.5852845518109
 31
0.0
  0
LINE
  5
13CD
330
1F
100
AcDbEntity
  8
0
370
    13
100
AcDbLine
 10
-584.9956099883957
 20
269.5852845518109
 30
0.0
 11
-583.6562974615807
 21
269.5852845518109
 31
0.0
  0
LINE
  5
1409
330
1F
100
AcDbEntity
  8
L1.Shuttle Outlines
370
    13
100
AcDbLine
 10
-219.9956099883958
 20
344.5852845518109
 30
0.0
 11
-129.9956099883958
 21
344.5852845518109
 31
0.0
  0
LINE
  5
140A
330
1F
100
AcDbEntity
  8
L1.Shuttle Outlines
370
    13
100
AcDbLine
 10
-129.9956099883958
 20
344.5852845518109
 30
0.0
 11
-129.9956099883958
 21
364.5852845518109
 31
0.0
  0
ARC
  5
140D
330
1F
100
AcDbEntity
  8
L.Shuttles
370
    13
100
AcDbCircle
 10
-139.9956099883958
 20
364.5852845518109
 30
0.0
 40
10.0
100
AcDbArc
 50
0.0
 51
30.20529868399538
  0
LINE
  5
140F
330
1F
100
AcDbEntity
  8
L1.Shuttle Outlines
370
    13
100
AcDbLine
 10
-174.9956099883958
 20
444.5852845518109
 30
0.0
 11
-131.3533271960561
 21
369.6162832734595
 31
0.0
  0
LINE
  5
1413
330
1F
100
AcDbEntity
  8
L.Shuttles
370
     9
100
AcDbLine
 10
-189.9956099883958
 20
344.5852845518109
 30
0.0
 11
-189.9956099883958
 21
494.5852845518109
 31
0.0
  0
LINE
  5
1422
330
1F
100
AcDbEntity
  8
L.Shuttles
370
     9
100
AcDbLine
 10
-249.9956099883958
 20
344.5852845518109
 30
0.0
 11
-249.9956099883958
 21
494.5852845518109
 31
0.0
  0
ELLIPSE
  5
1423
330
1F
100
AcDbEntity
  8
L1.Shuttle Outlines
370
    13
100
AcDbEllipse
 10
-219.9956099883958
 20
494.5852845518109
 30
0.0
 11
0.0
 21
-67.26812023536856
 31
0.0
210
0.0
220
0.0
230
1.0
 40
0.4459764877482998
 41
1.570796326794897
 42
4.71238898038469
  0
LINE
  5
1424
330
1F
100
AcDbEntity
  8
L1.Shuttle Outlines
370
    13
100
AcDbLine
 10
-189.9956099883958
 20
494.5852845518109
 30
0.0
 11
-174.9956099883958
 21
444.5852845518109
 31
0.0
  0
ARC
  5
142E
330
1F
100
AcDbEntity
  8
L.Shuttles
370
     9
100
AcDbCircle
 10
-219.9956099883958
 20
385.9882137427342
 30
0.0
 40
112.6646519025005
100
AcDbArc
 50
74.5571567518792
 51
105.4428432481208
  0
ARC
  5
142F
330
1F
100
AcDbEntity
  8
L.Shuttles
370
     9
100
AcDbCircle
 10
-219.9956099883958
 20
416.8624163497445
 30
0.0
 40
112.6646519025005
100
AcDbArc
 50
76.42884562320604
 51
103.571154376794
  0
LINE
  5
1432
330
1F
100
AcDbEntity
  8
L.Shuttles
370
     9
100
AcDbLine
 10
-182.0170484060736
 20
440.4978404641466
 30
0.0
 11
-138.374765613734
 21
365.5288391857952
 31
0.0
  0
LINE
  5
1433
330
1F
100
AcDbEntity
  8
L.Shuttles
370
     9
100
AcDbLine
 10
-137.0170484060736
 20
344.5852845518108
 30
0.0
 11
-137.0170484060736
 21
360.4978404641466
 31
0.0
  0
ARC
  5
1434
330
1F
100
AcDbEntity
  8
L.Shuttles
370
     9
100
AcDbCircle
 10
-147.0170484060736
 20
360.4978404641466
 30
0.0
 40
10.0
100
AcDbArc
 50
0.0
 51
30.20529868399537
  0
LINE
  5
1435
330
1F
100
AcDbEntity
  8
L.Shuttles
370
     9
100
AcDbLine
 10
-182.0170484060736
 20
440.4978404641466
 30
0.0
 11
-189.9956099883958
 21
494.5852845518109
 31
0.0
  0
LINE
  5
1438
330
1F
100
AcDbEntity
  8
L.Shuttles
370
     9
100
AcDbLine
 10
-179.9956099883958
 20
344.5852845518109
 30
0.0
 11
-179.9956099883958
 21
369.5852845518109
 31
0.0
  0
LINE
  5
1439
330
1F
100
AcDbEntity
  8
L.Shuttles
370
     9
100
AcDbLine
 10
-179.9956099883958
 20
369.5852845518109
 30
0.0
 11
-149.9956099883958
 21
369.5852845518109
 31
0.0
  0
LINE
  5
143A
330
1F
100
AcDbEntity
  8
L.Shuttles
370
     9
100
AcDbLine
 10
-149.9956099883958
 20
369.5852845518109
 30
0.0
 11
-149.9956099883958
 21
344.5852845518109
 31
0.0
  0
ARC
  5
143B
330
1F
100
AcDbEntity
  8
L.Shuttles
370
     9
100
AcDbCircle
 10
-164.9956099883958
 20
334.3508697876255
 30
0.0
 40
38.29443802662006
100
AcDbArc
 50
66.93956861071564
 51
113.0604313892844
  0
LINE
  5
1441
330
1F
100
AcDbEntity
  8
L1.Shuttle Outlines
370
     9
100
AcDbLine
 10
-164.9956099883958
 20
329.5852845518109
 30
0.0
 11
-154.9956099883958
 21
329.5852845518109
 31
0.0
  0
ARC
  5
1448
330
1F
100
AcDbEntity
  8
L1.Shuttle Outlines
370
     9
100
AcDbCircle
 10
-181.2257261765762
 20
329.1752458224174
 30
0.0
 40
26.23332092978414
100
AcDbArc
 50
0.895595545042418
 51
35.97430210080179
  0
LINE
  5
144A
330
1F
100
AcDbEntity
  8
L1.Shuttle Outlines
370
     9
100
AcDbLine
 10
-164.9956099883958
 20
329.5852845518109
 30
0.0
 11
-174.9956099883958
 21
329.5852845518109
 31
0.0
  0
ARC
  5
144B
330
1F
100
AcDbEntity
  8
L1.Shuttle Outlines
370
     9
100
AcDbCircle
 10
-148.7654938002153
 20
329.1752458224174
 30
0.0
 40
26.23332092978414
100
AcDbArc
 50
144.0256978991985
 51
179.1044044549576
  0
ARC
  5
144C
330
1F
100
AcDbEntity
  8
L.Shuttles
370
     9
100
AcDbCircle
 10
-164.9956099883958
 20
288.4790497526619
 30
0.0
 40
49.75087858339719
100
AcDbArc
 50
79.97912772809097
 51
100.0208722719085
  0
ARC
  5
144E
330
1F
100
AcDbEntity
  8
L.Shuttles
370
     9
100
AcDbCircle
 10
-164.9328471727982
 20
290.5490540171888
 30
0.0
 40
50.68000744069282
100
AcDbArc
 50
81.7513571883354
 51
98.40311548881373
  0
ARC
  5
144F
330
1F
100
AcDbEntity
  8
L.Shuttles
370
     9
100
AcDbCircle
 10
-164.9956099883962
 20
276.0796618611542
 30
0.0
 40
59.15313431395657
100
AcDbArc
 50
80.79445447721864
 51
99.20554552278055
  0
LINE
  5
1460
330
1F
100
AcDbEntity
  8
L.Shuttles
370
     9
100
AcDbLine
 10
-240.3931661154838
 20
507.0852845518108
 30
0.0
 11
-240.3931661154838
 21
512.0852845518109
 31
0.0
  0
ARC
  5
1461
330
1F
100
AcDbEntity
  8
L.Shuttles
370
     9
100
AcDbCircle
 10
-219.9956099883958
 20
480.4110889944727
 30
0.0
 40
37.67379673144466
100
AcDbArc
 50
57.21926494580663
 51
122.7807350541934
  0
LINE
  5
1463
330
1F
100
AcDbEntity
  8
L.Shuttles
370
     9
100
AcDbLine
 10
-240.3931661154838
 20
507.0852845518108
 30
0.0
 11
-232.8931661154838
 21
507.0852845518108
 31
0.0
  0
LINE
  5
1464
330
1F
100
AcDbEntity
  8
L.Shuttles
370
     9
100
AcDbLine
 10
-232.8931661154838
 20
507.0852845518108
 30
0.0
 11
-232.8931661154838
 21
510.8083771125026
 31
0.0
  0
LINE
  5
1465
330
1F
100
AcDbEntity
  8
L.Shuttles
370
     9
100
AcDbLine
 10
-199.5980538613077
 20
507.0852845518108
 30
0.0
 11
-199.5980538613077
 21
512.0852845518109
 31
0.0
  0
LINE
  5
1466
330
1F
100
AcDbEntity
  8
L.Shuttles
370
     9
100
AcDbLine
 10
-199.5980538613077
 20
507.0852845518108
 30
0.0
 11
-207.0980538613077
 21
507.0852845518108
 31
0.0
  0
LINE
  5
1467
330
1F
100
AcDbEntity
  8
L.Shuttles
370
     9
100
AcDbLine
 10
-207.0980538613077
 20
507.0852845518108
 30
0.0
 11
-207.0980538613077
 21
510.8083771125026
 31
0.0
  0
ARC
  5
1469
330
1F
100
AcDbEntity
  8
L.Shuttles
370
     9
100
AcDbCircle
 10
-219.9956099883958
 20
475.4110889944727
 30
0.0
 40
37.67379673144466
100
AcDbArc
 50
69.97999676410853
 51
110.0200032358914
  0
LINE
  5
146C
330
1F
100
AcDbEntity
  8
L1.Shuttle Outlines
370
    13
100
AcDbLine
 10
-219.9956099883958
 20
344.5852845518109
 30
0.0
 11
-309.9956099883958
 21
344.5852845518109
 31
0.0
  0
LINE
  5
146D
330
1F
100
AcDbEntity
  8
L1.Shuttle Outlines
370
    13
100
AcDbLine
 10
-309.9956099883958
 20
344.5852845518109
 30
0.0
 11
-309.9956099883958
 21
364.5852845518109
 31
0.0
  0
ARC
  5
146E
330
1F
100
AcDbEntity
  8
L1.Shuttle Outlines
370
    13
100
AcDbCircle
 10
-299.9956099883958
 20
364.5852845518109
 30
0.0
 40
10.0
100
AcDbArc
 50
149.7947013160039
 51
180.0
  0
LINE
  5
146F
330
1F
100
AcDbEntity
  8
L1.Shuttle Outlines
370
    13
100
AcDbLine
 10
-264.9956099883958
 20
444.5852845518109
 30
0.0
 11
-308.6378927807354
 21
369.6162832734595
 31
0.0
  0
LINE
  5
1470
330
1F
100
AcDbEntity
  8
L.Shuttles
370
     9
100
AcDbLine
 10
-257.9741715707179
 20
440.4978404641466
 30
0.0
 11
-301.6164543630575
 21
365.5288391857952
 31
0.0
  0
LINE
  5
1471
330
1F
100
AcDbEntity
  8
L1.Shuttle Outlines
370
    13
100
AcDbLine
 10
-249.9956099883958
 20
494.5852845518109
 30
0.0
 11
-264.9956099883958
 21
444.5852845518109
 31
0.0
  0
LINE
  5
1472
330
1F
100
AcDbEntity
  8
L.Shuttles
370
     9
100
AcDbLine
 10
-302.9741715707179
 20
344.5852845518108
 30
0.0
 11
-302.9741715707179
 21
360.4978404641466
 31
0.0
  0
ARC
  5
1473
330
1F
100
AcDbEntity
  8
L.Shuttles
370
     9
100
AcDbCircle
 10
-292.9741715707179
 20
360.4978404641466
 30
0.0
 40
10.0
100
AcDbArc
 50
149.7947013160039
 51
180.0
  0
LINE
  5
1474
330
1F
100
AcDbEntity
  8
L.Shuttles
370
     9
100
AcDbLine
 10
-257.9741715707179
 20
440.4978404641466
 30
0.0
 11
-249.9956099883958
 21
494.5852845518109
 31
0.0
  0
LINE
  5
1475
330
1F
100
AcDbEntity
  8
L.Shuttles
370
     9
100
AcDbLine
 10
-259.9956099883958
 20
344.5852845518109
 30
0.0
 11
-259.9956099883958
 21
369.5852845518109
 31
0.0
  0
LINE
  5
1476
330
1F
100
AcDbEntity
  8
L.Shuttles
370
     9
100
AcDbLine
 10
-259.9956099883958
 20
369.5852845518109
 30
0.0
 11
-289.9956099883958
 21
369.5852845518109
 31
0.0
  0
LINE
  5
1477
330
1F
100
AcDbEntity
  8
L.Shuttles
370
     9
100
AcDbLine
 10
-289.9956099883958
 20
369.5852845518109
 30
0.0
 11
-289.9956099883958
 21
344.5852845518109
 31
0.0
  0
ARC
  5
1478
330
1F
100
AcDbEntity
  8
L.Shuttles
370
     9
100
AcDbCircle
 10
-274.9956099883958
 20
334.3508697876255
 30
0.0
 40
38.29443802662006
100
AcDbArc
 50
66.93956861071479
 51
113.0604313892852
  0
LINE
  5
1479
330
1F
100
AcDbEntity
  8
L1.Shuttle Outlines
370
     9
100
AcDbLine
 10
-274.9956099883958
 20
329.5852845518109
 30
0.0
 11
-284.9956099883958
 21
329.5852845518109
 31
0.0
  0
ARC
  5
147A
330
1F
100
AcDbEntity
  8
L1.Shuttle Outlines
370
     9
100
AcDbCircle
 10
-258.7654938002153
 20
329.1752458224174
 30
0.0
 40
26.23332092978414
100
AcDbArc
 50
144.0256978991985
 51
179.1044044549576
  0
LINE
  5
147B
330
1F
100
AcDbEntity
  8
L1.Shuttle Outlines
370
     9
100
AcDbLine
 10
-274.9956099883958
 20
329.5852845518109
 30
0.0
 11
-264.9956099883958
 21
329.5852845518109
 31
0.0
  0
ARC
  5
147C
330
1F
100
AcDbEntity
  8
L1.Shuttle Outlines
370
     9
100
AcDbCircle
 10
-291.2257261765762
 20
329.1752458224174
 30
0.0
 40
26.23332092978414
100
AcDbArc
 50
0.8955955450424505
 51
35.97430210080139
  0
ARC
  5
147D
330
1F
100
AcDbEntity
  8
L.Shuttles
370
     9
100
AcDbCircle
 10
-274.9956099883957
 20
288.4790497526619
 30
0.0
 40
49.75087858339719
100
AcDbArc
 50
79.97912772809042
 51
100.0208722719096
  0
ARC
  5
147E
330
1F
100
AcDbEntity
  8
L.Shuttles
370
     9
100
AcDbCircle
 10
-275.0583728039933
 20
290.5490540171888
 30
0.0
 40
50.68000744069282
100
AcDbArc
 50
81.59688451118645
 51
98.24864281166542
  0
ARC
  5
147F
330
1F
100
AcDbEntity
  8
L.Shuttles
370
     9
100
AcDbCircle
 10
-274.9956099883954
 20
276.0796618611542
 30
0.0
 40
59.15313431395657
100
AcDbArc
 50
80.79445447722014
 51
99.2055455227799
  0
ARC
  5
1481
330
1F
100
AcDbEntity
  8
0
370
    13
100
AcDbCircle
 10
-207.4956099883958
 20
167.0852845518109
 30
0.0
 40
2.5
100
AcDbArc
 50
270.0
 51
90.00000000000001
  0
ARC
  5
1482
330
1F
100
AcDbEntity
  8
0
370
    13
100
AcDbCircle
 10
-207.4956099883958
 20
172.0852845518109
 30
0.0
 40
2.5
100
AcDbArc
 50
270.0
 51
90.00000000000001
  0
ARC
  5
1483
330
1F
100
AcDbEntity
  8
0
370
    13
100
AcDbCircle
 10
-207.4956099883958
 20
177.0852845518109
 30
0.0
 40
2.5
100
AcDbArc
 50
270.0
 51
90.00000000000001
  0
ARC
  5
1484
330
1F
100
AcDbEntity
  8
0
370
    13
100
AcDbCircle
 10
-207.4956099883958
 20
182.0852845518109
 30
0.0
 40
2.5
100
AcDbArc
 50
270.0
 51
90.00000000000001
  0
ARC
  5
1485
330
1F
100
AcDbEntity
  8
0
370
    13
100
AcDbCircle
 10
-232.4956099883958
 20
167.0852845518109
 30
0.0
 40
2.5
100
AcDbArc
 50
90.00000000000001
 51
270.0
  0
ARC
  5
1486
330
1F
100
AcDbEntity
  8
0
370
    13
100
AcDbCircle
 10
-232.4956099883958
 20
172.0852845518109
 30
0.0
 40
2.5
100
AcDbArc
 50
90.00000000000001
 51
270.0
  0
ARC
  5
1487
330
1F
100
AcDbEntity
  8
0
370
    13
100
AcDbCircle
 10
-232.4956099883958
 20
177.0852845518109
 30
0.0
 40
2.5
100
AcDbArc
 50
90.00000000000001
 51
270.0
  0
ARC
  5
1488
330
1F
100
AcDbEntity
  8
0
370
    13
100
AcDbCircle
 10
-232.4956099883958
 20
182.0852845518109
 30
0.0
 40
2.5
100
AcDbArc
 50
90.00000000000001
 51
270.0
  0
ARC
  5
1489
330
1F
100
AcDbEntity
  8
0
370
    13
100
AcDbCircle
 10
-207.4956099883958
 20
157.0852845518109
 30
0.0
 40
2.5
100
AcDbArc
 50
270.0
 51
90.00000000000001
  0
ARC
  5
148A
330
1F
100
AcDbEntity
  8
0
370
    13
100
AcDbCircle
 10
-207.4956099883958
 20
162.0852845518109
 30
0.0
 40
2.5
100
AcDbArc
 50
270.0
 51
90.00000000000001
  0
ARC
  5
148B
330
1F
100
AcDbEntity
  8
0
370
    13
100
AcDbCircle
 10
-232.4956099883958
 20
157.0852845518109
 30
0.0
 40
2.5
100
AcDbArc
 50
90.00000000000001
 51
270.0
  0
ARC
  5
148C
330
1F
100
AcDbEntity
  8
0
370
    13
100
AcDbCircle
 10
-232.4956099883958
 20
162.0852845518109
 30
0.0
 40
2.5
100
AcDbArc
 50
90.00000000000001
 51
270.0
  0
LINE
  5
148D
330
1F
100
AcDbEntity
  8
0
370
    13
100
AcDbLine
 10
-232.4956099883958
 20
154.5852845518109
 30
0.0
 11
-207.4956099883958
 21
154.5852845518109
 31
0.0
  0
LINE
  5
148E
330
1F
100
AcDbEntity
  8
0
370
    13
100
AcDbLine
 10
-232.4956099883958
 20
159.5852845518109
 30
0.0
 11
-207.4956099883958
 21
159.5852845518109
 31
0.0
  0
LINE
  5
148F
330
1F
100
AcDbEntity
  8
0
370
    13
100
AcDbLine
 10
-232.4956099883958
 20
164.5852845518109
 30
0.0
 11
-207.4956099883958
 21
164.5852845518109
 31
0.0
  0
LINE
  5
1490
330
1F
100
AcDbEntity
  8
0
370
    13
100
AcDbLine
 10
-232.4956099883958
 20
169.5852845518109
 30
0.0
 11
-207.4956099883958
 21
169.5852845518109
 31
0.0
  0
LINE
  5
1491
330
1F
100
AcDbEntity
  8
0
370
    13
100
AcDbLine
 10
-232.4956099883958
 20
174.5852845518109
 30
0.0
 11
-207.4956099883958
 21
174.5852845518109
 31
0.0
  0
LINE
  5
1492
330
1F
100
AcDbEntity
  8
0
370
    13
100
AcDbLine
 10
-232.4956099883958
 20
179.5852845518109
 30
0.0
 11
-207.4956099883958
 21
179.5852845518109
 31
0.0
  0
LINE
  5
1493
330
1F
100
AcDbEntity
  8
L1.Shuttle Outlines
370
    13
100
AcDbLine
 10
-219.9956099883958
 20
154.5852845518109
 30
0.0
 11
-129.9956099883958
 21
154.5852845518109
 31
0.0
  0
LINE
  5
1494
330
1F
100
AcDbEntity
  8
L1.Shuttle Outlines
370
    13
100
AcDbLine
 10
-129.9956099883958
 20
154.5852845518109
 30
0.0
 11
-129.9956099883958
 21
134.5852845518109
 31
0.0
  0
ARC
  5
1495
330
1F
100
AcDbEntity
  8
L1.Shuttle Outlines
370
    13
100
AcDbCircle
 10
-139.9956099883958
 20
134.5852845518109
 30
0.0
 40
10.0
100
AcDbArc
 50
329.794701316005
 51
0.0
  0
LINE
  5
1496
330
1F
100
AcDbEntity
  8
L1.Shuttle Outlines
370
    13
100
AcDbLine
 10
-174.9956099883958
 20
54.5852845518109
 30
0.0
 11
-131.3533271960561
 21
129.5542858301623
 31
0.0
  0
LINE
  5
1497
330
1F
100
AcDbEntity
  8
L.Shuttles
370
     9
100
AcDbLine
 10
-182.0170484060736
 20
58.67272863947522
 30
0.0
 11
-138.374765613734
 21
133.6417299178266
 31
0.0
  0
LINE
  5
1498
330
1F
100
AcDbEntity
  8
L.Shuttles
370
     9
100
AcDbLine
 10
-189.9956099883958
 20
154.5852845518109
 30
0.0
 11
-189.9956099883958
 21
4.585284551810901
 31
0.0
  0
LINE
  5
1499
330
1F
100
AcDbEntity
  8
L.Shuttles
370
     9
100
AcDbLine
 10
-249.9956099883958
 20
154.5852845518109
 30
0.0
 11
-249.9956099883958
 21
4.585284551810901
 31
0.0
  0
ELLIPSE
  5
149A
330
1F
100
AcDbEntity
  8
L1.Shuttle Outlines
370
    13
100
AcDbEllipse
 10
-219.9956099883958
 20
4.585284551810901
 30
0.0
 11
0.0
 21
67.26812023536856
 31
0.0
210
0.0
220
0.0
230
-1.0
 40
0.4459764877482998
 41
1.570796326794897
 42
4.71238898038469
  0
LINE
  5
149B
330
1F
100
AcDbEntity
  8
L1.Shuttle Outlines
370
    13
100
AcDbLine
 10
-189.9956099883958
 20
4.585284551810901
 30
0.0
 11
-174.9956099883958
 21
54.5852845518109
 31
0.0
  0
ARC
  5
149C
330
1F
100
AcDbEntity
  8
L.Shuttles
370
     9
100
AcDbCircle
 10
-219.9956099883958
 20
113.1823553608876
 30
0.0
 40
112.6646519025005
100
AcDbArc
 50
254.5571567518793
 51
285.4428432481207
  0
ARC
  5
149D
330
1F
100
AcDbEntity
  8
L.Shuttles
370
     9
100
AcDbCircle
 10
-219.9956099883958
 20
82.30815275387727
 30
0.0
 40
112.6646519025005
100
AcDbArc
 50
256.4288456232063
 51
283.5711543767936
  0
LINE
  5
149E
330
1F
100
AcDbEntity
  8
L.Shuttles
370
     9
100
AcDbLine
 10
-137.0170484060736
 20
154.585284551811
 30
0.0
 11
-137.0170484060736
 21
138.6727286394752
 31
0.0
  0
ARC
  5
149F
330
1F
100
AcDbEntity
  8
L.Shuttles
370
     9
100
AcDbCircle
 10
-147.0170484060736
 20
138.6727286394752
 30
0.0
 40
10.0
100
AcDbArc
 50
329.794701316005
 51
0.0
  0
LINE
  5
14A0
330
1F
100
AcDbEntity
  8
L.Shuttles
370
     9
100
AcDbLine
 10
-182.0170484060736
 20
58.67272863947522
 30
0.0
 11
-189.9956099883958
 21
4.585284551810901
 31
0.0
  0
LINE
  5
14A1
330
1F
100
AcDbEntity
  8
L.Shuttles
370
     9
100
AcDbLine
 10
-179.9956099883958
 20
154.5852845518109
 30
0.0
 11
-179.9956099883958
 21
129.5852845518109
 31
0.0
  0
LINE
  5
14A2
330
1F
100
AcDbEntity
  8
L.Shuttles
370
     9
100
AcDbLine
 10
-179.9956099883958
 20
129.5852845518109
 30
0.0
 11
-149.9956099883958
 21
129.5852845518109
 31
0.0
  0
LINE
  5
14A3
330
1F
100
AcDbEntity
  8
L.Shuttles
370
     9
100
AcDbLine
 10
-149.9956099883958
 20
129.5852845518109
 30
0.0
 11
-149.9956099883958
 21
154.5852845518109
 31
0.0
  0
ARC
  5
14A4
330
1F
100
AcDbEntity
  8
L.Shuttles
370
     9
100
AcDbCircle
 10
-164.9956099883958
 20
164.8196993159963
 30
0.0
 40
38.29443802662006
100
AcDbArc
 50
246.9395686107156
 51
293.0604313892844
  0
LINE
  5
14A5
330
1F
100
AcDbEntity
  8
L1.Shuttle Outlines
370
     9
100
AcDbLine
 10
-164.9956099883958
 20
169.5852845518109
 30
0.0
 11
-154.9956099883958
 21
169.5852845518109
 31
0.0
  0
ARC
  5
14A6
330
1F
100
AcDbEntity
  8
L1.Shuttle Outlines
370
     9
100
AcDbCircle
 10
-181.2257261765762
 20
169.9953232812044
 30
0.0
 40
26.23332092978414
100
AcDbArc
 50
324.0256978991993
 51
359.1044044549578
  0
LINE
  5
14A7
330
1F
100
AcDbEntity
  8
L1.Shuttle Outlines
370
     9
100
AcDbLine
 10
-164.9956099883958
 20
169.5852845518109
 30
0.0
 11
-174.9956099883958
 21
169.5852845518109
 31
0.0
  0
ARC
  5
14A8
330
1F
100
AcDbEntity
  8
L1.Shuttle Outlines
370
     9
100
AcDbCircle
 10
-148.7654938002153
 20
169.9953232812044
 30
0.0
 40
26.23332092978414
100
AcDbArc
 50
180.8955955450422
 51
215.9743021008006
  0
ARC
  5
14A9
330
1F
100
AcDbEntity
  8
L.Shuttles
370
     9
100
AcDbCircle
 10
-164.9956099883958
 20
210.6915193509599
 30
0.0
 40
49.75087858339719
100
AcDbArc
 50
259.9791277280914
 51
280.0208722719091
  0
ARC
  5
14AA
330
1F
100
AcDbEntity
  8
L.Shuttles
370
     9
100
AcDbCircle
 10
-164.9328471727982
 20
208.621515086433
 30
0.0
 40
50.68000744069282
100
AcDbArc
 50
261.5968845111861
 51
278.2486428116648
  0
ARC
  5
14AB
330
1F
100
AcDbEntity
  8
L.Shuttles
370
     9
100
AcDbCircle
 10
-164.9956099883962
 20
223.0909072424676
 30
0.0
 40
59.15313431395657
100
AcDbArc
 50
260.7944544772195
 51
279.2055455227813
  0
LINE
  5
14AC
330
1F
100
AcDbEntity
  8
L.Shuttles
370
     9
100
AcDbLine
 10
-240.3931661154838
 20
-7.914715448189042
 30
0.0
 11
-240.3931661154838
 21
-12.9147154481891
 31
0.0
  0
ARC
  5
14AD
330
1F
100
AcDbEntity
  8
L.Shuttles
370
     9
100
AcDbCircle
 10
-219.9956099883958
 20
18.75948010914908
 30
0.0
 40
37.67379673144466
100
AcDbArc
 50
237.2192649458063
 51
302.7807350541938
  0
LINE
  5
14AE
330
1F
100
AcDbEntity
  8
L.Shuttles
370
     9
100
AcDbLine
 10
-240.3931661154838
 20
-7.914715448189042
 30
0.0
 11
-232.8931661154838
 21
-7.914715448189042
 31
0.0
  0
LINE
  5
14AF
330
1F
100
AcDbEntity
  8
L.Shuttles
370
     9
100
AcDbLine
 10
-232.8931661154838
 20
-7.914715448189042
 30
0.0
 11
-232.8931661154838
 21
-11.63780800888082
 31
0.0
  0
LINE
  5
14B0
330
1F
100
AcDbEntity
  8
L.Shuttles
370
     9
100
AcDbLine
 10
-199.5980538613077
 20
-7.914715448189042
 30
0.0
 11
-199.5980538613077
 21
-12.9147154481891
 31
0.0
  0
LINE
  5
14B1
330
1F
100
AcDbEntity
  8
L.Shuttles
370
     9
100
AcDbLine
 10
-199.5980538613077
 20
-7.914715448189042
 30
0.0
 11
-207.0980538613077
 21
-7.914715448189042
 31
0.0
  0
LINE
  5
14B2
330
1F
100
AcDbEntity
  8
L.Shuttles
370
     9
100
AcDbLine
 10
-207.0980538613077
 20
-7.914715448189042
 30
0.0
 11
-207.0980538613077
 21
-11.63780800888082
 31
0.0
  0
ARC
  5
14B3
330
1F
100
AcDbEntity
  8
L.Shuttles
370
     9
100
AcDbCircle
 10
-219.9956099883958
 20
23.75948010914914
 30
0.0
 40
37.67379673144466
100
AcDbArc
 50
249.9799967641091
 51
290.0200032358909
  0
LINE
  5
14B4
330
1F
100
AcDbEntity
  8
L1.Shuttle Outlines
370
    13
100
AcDbLine
 10
-219.9956099883958
 20
154.5852845518109
 30
0.0
 11
-309.9956099883958
 21
154.5852845518109
 31
0.0
  0
LINE
  5
14B5
330
1F
100
AcDbEntity
  8
L1.Shuttle Outlines
370
    13
100
AcDbLine
 10
-309.9956099883958
 20
154.5852845518109
 30
0.0
 11
-309.9956099883958
 21
134.5852845518109
 31
0.0
  0
ARC
  5
14B6
330
1F
100
AcDbEntity
  8
L1.Shuttle Outlines
370
    13
100
AcDbCircle
 10
-299.9956099883958
 20
134.5852845518109
 30
0.0
 40
10.0
100
AcDbArc
 50
180.0
 51
210.2052986839951
  0
LINE
  5
14B7
330
1F
100
AcDbEntity
  8
L1.Shuttle Outlines
370
    13
100
AcDbLine
 10
-264.9956099883958
 20
54.5852845518109
 30
0.0
 11
-308.6378927807354
 21
129.5542858301623
 31
0.0
  0
LINE
  5
14B8
330
1F
100
AcDbEntity
  8
L.Shuttles
370
     9
100
AcDbLine
 10
-257.9741715707179
 20
58.67272863947522
 30
0.0
 11
-301.6164543630575
 21
133.6417299178266
 31
0.0
  0
LINE
  5
14B9
330
1F
100
AcDbEntity
  8
L1.Shuttle Outlines
370
    13
100
AcDbLine
 10
-249.9956099883958
 20
4.585284551810901
 30
0.0
 11
-264.9956099883958
 21
54.5852845518109
 31
0.0
  0
LINE
  5
14BA
330
1F
100
AcDbEntity
  8
L.Shuttles
370
     9
100
AcDbLine
 10
-302.9741715707179
 20
154.585284551811
 30
0.0
 11
-302.9741715707179
 21
138.6727286394752
 31
0.0
  0
ARC
  5
14BB
330
1F
100
AcDbEntity
  8
L.Shuttles
370
     9
100
AcDbCircle
 10
-292.9741715707179
 20
138.6727286394752
 30
0.0
 40
10.0
100
AcDbArc
 50
180.0
 51
210.2052986839951
  0
LINE
  5
14BC
330
1F
100
AcDbEntity
  8
L.Shuttles
370
     9
100
AcDbLine
 10
-257.9741715707179
 20
58.67272863947522
 30
0.0
 11
-249.9956099883958
 21
4.585284551810901
 31
0.0
  0
LINE
  5
14BD
330
1F
100
AcDbEntity
  8
L.Shuttles
370
     9
100
AcDbLine
 10
-259.9956099883958
 20
154.5852845518109
 30
0.0
 11
-259.9956099883958
 21
129.5852845518109
 31
0.0
  0
LINE
  5
14BE
330
1F
100
AcDbEntity
  8
L.Shuttles
370
     9
100
AcDbLine
 10
-259.9956099883958
 20
129.5852845518109
 30
0.0
 11
-289.9956099883958
 21
129.5852845518109
 31
0.0
  0
LINE
  5
14BF
330
1F
100
AcDbEntity
  8
L.Shuttles
370
     9
100
AcDbLine
 10
-289.9956099883958
 20
129.5852845518109
 30
0.0
 11
-289.9956099883958
 21
154.5852845518109
 31
0.0
  0
ARC
  5
14C0
330
1F
100
AcDbEntity
  8
L.Shuttles
370
     9
100
AcDbCircle
 10
-274.9956099883958
 20
164.8196993159963
 30
0.0
 40
38.29443802662006
100
AcDbArc
 50
246.9395686107148
 51
293.0604313892852
  0
LINE
  5
14C1
330
1F
100
AcDbEntity
  8
L1.Shuttle Outlines
370
     9
100
AcDbLine
 10
-274.9956099883958
 20
169.5852845518109
 30
0.0
 11
-284.9956099883958
 21
169.5852845518109
 31
0.0
  0
ARC
  5
14C2
330
1F
100
AcDbEntity
  8
L1.Shuttle Outlines
370
     9
100
AcDbCircle
 10
-258.7654938002153
 20
169.9953232812044
 30
0.0
 40
26.23332092978414
100
AcDbArc
 50
180.8955955450422
 51
215.9743021008006
  0
LINE
  5
14C3
330
1F
100
AcDbEntity
  8
L1.Shuttle Outlines
370
     9
100
AcDbLine
 10
-274.9956099883958
 20
169.5852845518109
 30
0.0
 11
-264.9956099883958
 21
169.5852845518109
 31
0.0
  0
ARC
  5
14C4
330
1F
100
AcDbEntity
  8
L1.Shuttle Outlines
370
     9
100
AcDbCircle
 10
-291.2257261765762
 20
169.9953232812044
 30
0.0
 40
26.23332092978414
100
AcDbArc
 50
324.0256978991994
 51
359.1044044549578
  0
ARC
  5
14C5
330
1F
100
AcDbEntity
  8
L.Shuttles
370
     9
100
AcDbCircle
 10
-274.9956099883957
 20
210.6915193509599
 30
0.0
 40
49.75087858339719
100
AcDbArc
 50
259.9791277280903
 51
280.0208722719096
  0
ARC
  5
14C6
330
1F
100
AcDbEntity
  8
L.Shuttles
370
     9
100
AcDbCircle
 10
-275.0583728039933
 20
208.621515086433
 30
0.0
 40
50.68000744069282
100
AcDbArc
 50
261.7513571883345
 51
278.4031154888137
  0
ARC
  5
14C7
330
1F
100
AcDbEntity
  8
L.Shuttles
370
     9
100
AcDbCircle
 10
-274.9956099883954
 20
223.0909072424676
 30
0.0
 40
59.15313431395657
100
AcDbArc
 50
260.7944544772202
 51
279.2055455227798
  0
LINE
  5
1526
330
1F
100
AcDbEntity
  8
C.Bridge
370
    13
100
AcDbLine
 10
-599.9956099883957
 20
249.5852845518109
 30
0.0
 11
-599.9956099883957
 21
299.5852845518109
 31
0.0
  0
LINE
  5
1528
330
1F
100
AcDbEntity
  8
C.Bridge
370
    13
100
AcDbLine
 10
-599.9956099883957
 20
249.5852845518109
 30
0.0
 11
-599.9956099883957
 21
199.5852845518109
 31
0.0
  0
LINE
  5
152E
330
1F
100
AcDbEntity
  8
C.Bridge
370
    13
100
AcDbLine
 10
-619.9956099883957
 20
329.5852845518109
 30
0.0
 11
-619.9956099883957
 21
169.5852845518109
 31
0.0
  0
ARC
  5
1531
330
1F
100
AcDbEntity
  8
C.Bridge
370
    13
100
AcDbCircle
 10
-643.0763545946267
 20
292.5314548143237
 30
0.0
 40
43.65440493000398
100
AcDbArc
 50
9.298817784670492
 51
58.08131726728897
  0
ARC
  5
1532
330
1F
100
AcDbEntity
  8
C.Bridge
370
    13
100
AcDbCircle
 10
-643.0763545946267
 20
206.6391142892981
 30
0.0
 40
43.65440493000398
100
AcDbArc
 50
301.9186827327113
 51
350.7011822153281
  0
LINE
  5
1535
330
1F
100
AcDbEntity
  8
C.Bridge
370
    13
100
AcDbLine
 10
-639.9956099883957
 20
249.5852845518109
 30
0.0
 11
-639.9956099883957
 21
349.5852845518109
 31
0.0
  0
LINE
  5
1537
330
1F
100
AcDbEntity
  8
C.Bridge
370
    13
100
AcDbLine
 10
-639.9956099883957
 20
349.5852845518109
 30
0.0
 11
-619.9956099883957
 21
329.5852845518109
 31
0.0
  0
LINE
  5
1538
330
1F
100
AcDbEntity
  8
C.Bridge
370
    13
100
AcDbLine
 10
-639.9956099883957
 20
249.5852845518109
 30
0.0
 11
-639.9956099883957
 21
149.5852845518109
 31
0.0
  0
LINE
  5
1539
330
1F
100
AcDbEntity
  8
C.Bridge
370
    13
100
AcDbLine
 10
-639.9956099883957
 20
149.5852845518109
 30
0.0
 11
-619.9956099883957
 21
169.5852845518109
 31
0.0
  0
ELLIPSE
  5
153B
330
1F
100
AcDbEntity
  8
C.Bridge
370
    13
100
AcDbEllipse
 10
-639.9956099883957
 20
249.5852845518109
 30
0.0
 11
250.0
 21
0.0
 31
0.0
210
0.0
220
0.0
230
1.0
 40
0.4
 41
1.570796326794897
 42
4.71238898038469
  0
ELLIPSE
  5
1542
330
1F
100
AcDbEntity
  8
C.Bridge
370
     9
100
AcDbEllipse
 10
-639.9956099883957
 20
249.5852845515437
 30
0.0
 11
230.0
 21
0.0
 31
0.0
210
0.0
220
0.0
230
1.0
 40
0.3695652173913043
 41
1.570796326794897
 42
2.625117512742936
  0
ARC
  5
155F
330
1F
100
AcDbEntity
  8
C.Bridge
370
    13
100
AcDbCircle
 10
-778.993311983578
 20
247.4155881144001
 30
0.0
 40
75.29936233346935
100
AcDbArc
 50
144.1086679359859
 51
178.3488351888619
  0
ARC
  5
1561
330
1F
100
AcDbEntity
  8
C.Bridge
370
    13
100
AcDbCircle
 10
-778.993311983578
 20
251.7549809892218
 30
0.0
 40
75.29936233346935
100
AcDbArc
 50
181.6511648111498
 51
215.891332064013
  0
ELLIPSE
  5
1562
330
1F
100
AcDbEntity
  8
C.Bridge
370
     9
100
AcDbEllipse
 10
-639.9956099883957
 20
249.5852845520781
 30
0.0
 11
230.0
 21
0.0
 31
0.0
210
0.0
220
0.0
230
-1.0
 40
0.3695652173913043
 41
1.570796326794897
 42
2.625117512742936
  0
ARC
  5
1564
330
1F
100
AcDbEntity
  8
C.Bridge
370
     5
100
AcDbCircle
 10
-791.6983164033418
 20
249.5852845518032
 30
0.0
 40
45.0
100
AcDbArc
 50
120.0
 51
180.0
  0
ARC
  5
1565
330
1F
100
AcDbEntity
  8
C.Bridge
370
     5
100
AcDbCircle
 10
-791.6983164033418
 20
249.5852845518033
 30
0.0
 40
34.99999999999997
100
AcDbArc
 50
117.0026660433279
 51
180.0
  0
ARC
  5
1566
330
1F
100
AcDbEntity
  8
C.Bridge
370
     5
100
AcDbCircle
 10
-816.6980229189068
 20
279.7368614540126
 30
0.0
 40
9.166966882300578
100
AcDbArc
 50
6.469691988825808
 51
74.17581839566691
  0
ARC
  5
156B
330
1F
100
AcDbEntity
  8
C.Bridge
370
     5
100
AcDbCircle
 10
-791.6983164033418
 20
249.5852845518033
 30
0.0
 40
45.0
100
AcDbArc
 50
180.0
 51
239.9999999999994
  0
ARC
  5
156C
330
1F
100
AcDbEntity
  8
C.Bridge
370
     5
100
AcDbCircle
 10
-791.6983164033418
 20
249.5852845518033
 30
0.0
 40
34.99999999999997
100
AcDbArc
 50
180.0
 51
242.9973339566714
  0
ARC
  5
156D
330
1F
100
AcDbEntity
  8
C.Bridge
370
     5
100
AcDbCircle
 10
-816.6980229189068
 20
219.433707649594
 30
0.0
 40
9.166966882300578
100
AcDbArc
 50
285.8241816043326
 51
353.5303080111729
  0
ELLIPSE
  5
156E
330
1F
100
AcDbEntity
  8
C.Bridge
370
     5
100
AcDbEllipse
 10
-639.9956099883957
 20
237.5852845515437
 30
0.0
 11
230.0
 21
0.0
 31
0.0
210
0.0
220
0.0
230
1.0
 40
0.3695652173913043
 41
1.815504108566458
 42
2.2978501841217
  0
ELLIPSE
  5
156F
330
1F
100
AcDbEntity
  8
C.Bridge
370
     5
100
AcDbEllipse
 10
-639.9956099883957
 20
227.5852845515437
 30
0.0
 11
230.0
 21
0.0
 31
0.0
210
0.0
220
0.0
230
1.0
 40
0.3695652173913043
 41
1.811165958766311
 42
2.281086818453041
  0
ARC
  5
1570
330
1F
100
AcDbEntity
  8
C.Bridge
370
     5
100
AcDbCircle
 10
-707.8993742099079
 20
313.8595742378694
 30
0.0
 40
13.66511551288262
100
AcDbArc
 50
344.2117877506995
 51
26.95093702776832
  0
ARC
  5
1574
330
1F
100
AcDbEntity
  8
C.Bridge
370
     5
100
AcDbCircle
 10
-781.2668978779003
 20
299.8120122638211
 30
0.0
 40
11.67349199192281
100
AcDbArc
 50
173.7057395760135
 51
221.8085891210519
  0
ELLIPSE
  5
1575
330
1F
100
AcDbEntity
  8
C.Bridge
370
     5
100
AcDbEllipse
 10
-639.9956099883957
 20
261.5852845520782
 30
0.0
 11
230.0
 21
0.0
 31
0.0
210
0.0
220
0.0
230
-1.0
 40
0.3695652173913043
 41
1.815504108566458
 42
2.2978501841217
  0
ELLIPSE
  5
1576
330
1F
100
AcDbEntity
  8
C.Bridge
370
     5
100
AcDbEllipse
 10
-639.9956099883957
 20
271.5852845520782
 30
0.0
 11
230.0
 21
0.0
 31
0.0
210
0.0
220
0.0
230
-1.0
 40
0.3695652173913043
 41
1.811165958766311
 42
2.281086818453041
  0
ARC
  5
1577
330
1F
100
AcDbEntity
  8
C.Bridge
370
     5
100
AcDbCircle
 10
-707.8993742099079
 20
185.3109948657524
 30
0.0
 40
13.66511551288262
100
AcDbArc
 50
333.0490629722312
 51
15.78821224929921
  0
ARC
  5
1578
330
1F
100
AcDbEntity
  8
C.Bridge
370
     5
100
AcDbCircle
 10
-781.2668978779003
 20
199.3585568398007
 30
0.0
 40
11.67349199192281
100
AcDbArc
 50
138.1914108789471
 51
186.294260423988
  0
LINE
  5
158A
330
1F
100
AcDbEntity
  8
D.Science
370
     9
100
AcDbLine
 10
-489.9956099883957
 20
293.2045552237232
 30
0.0
 11
-529.9956099883957
 21
293.2045552237232
 31
0.0
  0
LINE
  5
158B
330
1F
100
AcDbEntity
  8
D.Science
370
     9
100
AcDbLine
 10
-534.9956099883957
 20
298.2045552237232
 30
0.0
 11
-534.9956099883957
 21
329.5852845518109
 31
0.0
  0
ARC
  5
158C
330
1F
100
AcDbEntity
  8
D.Science
370
     9
100
AcDbCircle
 10
-529.9956099883957
 20
298.2045552237232
 30
0.0
 40
5.0
100
AcDbArc
 50
180.0
 51
270.0
  0
LINE
  5
158F
330
1F
100
AcDbEntity
  8
D.Science
370
     9
100
AcDbLine
 10
-379.9956099883957
 20
293.2045552237232
 30
0.0
 11
-339.9956099883957
 21
293.2045552237232
 31
0.0
  0
ARC
  5
1591
330
1F
100
AcDbEntity
  8
D.Science
370
     9
100
AcDbCircle
 10
-339.9956099883957
 20
298.2045552237232
 30
0.0
 40
5.0
100
AcDbArc
 50
270.0
 51
0.000000000000007
  0
LINE
  5
1592
330
1F
100
AcDbEntity
  8
D.Science
370
     9
100
AcDbLine
 10
-334.9956099883957
 20
298.2045552237232
 30
0.0
 11
-334.9956099883957
 21
329.5852845518109
 31
0.0
  0
LINE
  5
1593
330
1F
100
AcDbEntity
  8
D.Science
370
     9
100
AcDbLine
 10
-489.9956099883957
 20
293.2045552237232
 30
0.0
 11
-379.9956099883957
 21
293.2045552237232
 31
0.0
  0
LINE
  5
1652
330
1F
100
AcDbEntity
  8
M.Radiators
  6
DOT
370
     5
100
AcDbLine
 10
445.2043900116042
 20
523.785284551811
 30
0.0
 11
445.2043900116042
 21
383.7852845518109
 31
0.0
  0
LINE
  5
1654
330
1F
100
AcDbEntity
  8
M.Radiators
  6
DOT
370
     5
100
AcDbLine
 10
481.8043900116043
 20
523.785284551811
 30
0.0
 11
481.8043900116043
 21
383.7852845518109
 31
0.0
  0
LINE
  5
1655
330
1F
100
AcDbEntity
  8
M.Radiators
  6
DOT
370
     5
100
AcDbLine
 10
518.4043900116043
 20
523.785284551811
 30
0.0
 11
518.4043900116043
 21
383.7852845518109
 31
0.0
  0
LINE
  5
1656
330
1F
100
AcDbEntity
  8
M.Radiators
  6
DOT
370
     5
100
AcDbLine
 10
555.0043900116043
 20
523.785284551811
 30
0.0
 11
555.0043900116043
 21
383.7852845518109
 31
0.0
  0
LINE
  5
1657
330
1F
100
AcDbEntity
  8
M.Radiators
  6
DOT
370
     5
100
AcDbLine
 10
591.6043900116043
 20
523.785284551811
 30
0.0
 11
591.6043900116043
 21
383.7852845518109
 31
0.0
  0
LINE
  5
1658
330
1F
100
AcDbEntity
  8
M.Radiators
  6
DOT
370
     5
100
AcDbLine
 10
628.2043900116043
 20
523.785284551811
 30
0.0
 11
628.2043900116043
 21
383.7852845518109
 31
0.0
  0
LINE
  5
1659
330
1F
100
AcDbEntity
  8
M.Radiators
  6
DOT
370
     5
100
AcDbLine
 10
664.8043900116044
 20
523.785284551811
 30
0.0
 11
664.8043900116044
 21
383.7852845518109
 31
0.0
  0
LINE
  5
165C
330
1F
100
AcDbEntity
  8
M.Radiators
  6
DOT
370
     5
100
AcDbLine
 10
408.6043900116042
 20
495.7852845518109
 30
0.0
 11
701.4043900116042
 21
495.7852845518109
 31
0.0
  0
LINE
  5
165E
330
1F
100
AcDbEntity
  8
M.Radiators
  6
DOT
370
     5
100
AcDbLine
 10
408.6043900116042
 20
467.7852845518109
 30
0.0
 11
701.4043900116042
 21
467.7852845518109
 31
0.0
  0
LINE
  5
165F
330
1F
100
AcDbEntity
  8
M.Radiators
  6
DOT
370
     5
100
AcDbLine
 10
408.6043900116042
 20
439.7852845518109
 30
0.0
 11
701.4043900116042
 21
439.7852845518109
 31
0.0
  0
LINE
  5
1660
330
1F
100
AcDbEntity
  8
M.Radiators
  6
DOT
370
     5
100
AcDbLine
 10
408.6043900116042
 20
411.7852845518109
 30
0.0
 11
701.4043900116042
 21
411.7852845518109
 31
0.0
  0
LINE
  5
1671
330
1F
100
AcDbEntity
  8
M.Radiators
  6
DOT
370
     5
100
AcDbLine
 10
445.2043900116042
 20
-24.61471544818914
 30
0.0
 11
445.2043900116042
 21
115.3852845518109
 31
0.0
  0
LINE
  5
1672
330
1F
100
AcDbEntity
  8
M.Radiators
  6
DOT
370
     5
100
AcDbLine
 10
481.8043900116043
 20
-24.61471544818914
 30
0.0
 11
481.8043900116043
 21
115.3852845518109
 31
0.0
  0
LINE
  5
1673
330
1F
100
AcDbEntity
  8
M.Radiators
  6
DOT
370
     5
100
AcDbLine
 10
518.4043900116043
 20
-24.61471544818914
 30
0.0
 11
518.4043900116043
 21
115.3852845518109
 31
0.0
  0
LINE
  5
1674
330
1F
100
AcDbEntity
  8
M.Radiators
  6
DOT
370
     5
100
AcDbLine
 10
555.0043900116043
 20
-24.61471544818914
 30
0.0
 11
555.0043900116043
 21
115.3852845518109
 31
0.0
  0
LINE
  5
1675
330
1F
100
AcDbEntity
  8
M.Radiators
  6
DOT
370
     5
100
AcDbLine
 10
591.6043900116043
 20
-24.61471544818914
 30
0.0
 11
591.6043900116043
 21
115.3852845518109
 31
0.0
  0
LINE
  5
1676
330
1F
100
AcDbEntity
  8
M.Radiators
  6
DOT
370
     5
100
AcDbLine
 10
628.2043900116043
 20
-24.61471544818914
 30
0.0
 11
628.2043900116043
 21
115.3852845518109
 31
0.0
  0
LINE
  5
1677
330
1F
100
AcDbEntity
  8
M.Radiators
  6
DOT
370
     5
100
AcDbLine
 10
664.8043900116044
 20
-24.61471544818914
 30
0.0
 11
664.8043900116044
 21
115.3852845518109
 31
0.0
  0
LINE
  5
1678
330
1F
100
AcDbEntity
  8
M.Radiators
  6
DOT
370
     5
100
AcDbLine
 10
408.6043900116042
 20
3.385284551810855
 30
0.0
 11
701.4043900116042
 21
3.385284551810855
 31
0.0
  0
LINE
  5
1679
330
1F
100
AcDbEntity
  8
M.Radiators
  6
DOT
370
     5
100
AcDbLine
 10
408.6043900116042
 20
31.38528455181086
 30
0.0
 11
701.4043900116042
 21
31.38528455181086
 31
0.0
  0
LINE
  5
167A
330
1F
100
AcDbEntity
  8
M.Radiators
  6
DOT
370
     5
100
AcDbLine
 10
408.6043900116042
 20
59.38528455181086
 30
0.0
 11
701.4043900116042
 21
59.38528455181086
 31
0.0
  0
LINE
  5
167B
330
1F
100
AcDbEntity
  8
M.Radiators
  6
DOT
370
     5
100
AcDbLine
 10
408.6043900116042
 20
87.38528455181086
 30
0.0
 11
701.4043900116042
 21
87.38528455181086
 31
0.0
  0
LINE
  5
17B3
330
1F
100
AcDbEntity
  8
Z.Box
  6
DASHED
 62
   254
 48
50.0
370
     5
100
AcDbLine
 10
-929.9956099883957
 20
749.5852845515436
 30
0.0
 11
1410.004390011604
 21
749.5852845515437
 31
0.0
  0
LINE
  5
17B4
330
1F
100
AcDbEntity
  8
Z.Box
  6
DASHED
 62
   254
 48
50.0
370
     5
100
AcDbLine
 10
1410.004390011604
 20
749.5852845515437
 30
0.0
 11
1410.004390011604
 21
-250.4147154484563
 31
0.0
  0
LINE
  5
17B6
330
1F
100
AcDbEntity
  8
Z.Box
  6
DASHED
 62
   254
 48
50.0
370
     5
100
AcDbLine
 10
1410.004390011604
 20
-250.4147154484563
 30
0.0
 11
-929.9956099883957
 21
-250.414715448456
 31
0.0
  0
LINE
  5
17B7
330
1F
100
AcDbEntity
  8
Z.Box
  6
DASHED
 62
   254
 48
50.0
370
     5
100
AcDbLine
 10
-929.9956099883957
 20
-250.414715448456
 30
0.0
 11
-929.9956099883957
 21
749.5852845515436
 31
0.0
  0
LINE
  5
17BA
330
1F
100
AcDbEntity
  8
Z.Box
  6
DASHED
 62
   254
 48
50.0
370
     5
100
AcDbLine
 10
-773.9956099883957
 20
749.5852845515436
 30
0.0
 11
-773.9956099883959
 21
-250.414715448456
 31
0.0
  0
LINE
  5
17BB
330
1F
100
AcDbEntity
  8
Z.Box
  6
DASHED
 62
   254
 48
50.0
370
     5
100
AcDbLine
 10
-617.9956099883957
 20
749.5852845515436
 30
0.0
 11
-617.9956099883959
 21
-250.414715448456
 31
0.0
  0
LINE
  5
17BD
330
1F
100
AcDbEntity
  8
Z.Box
  6
DASHED
 62
   254
 48
50.0
370
     5
100
AcDbLine
 10
-461.9956099883958
 20
749.5852845515436
 30
0.0
 11
-461.995609988396
 21
-250.414715448456
 31
0.0
  0
LINE
  5
17BE
330
1F
100
AcDbEntity
  8
Z.Box
  6
DASHED
 62
   254
 48
50.0
370
     5
100
AcDbLine
 10
-305.9956099883958
 20
749.5852845515436
 30
0.0
 11
-305.995609988396
 21
-250.414715448456
 31
0.0
  0
LINE
  5
17C0
330
1F
100
AcDbEntity
  8
Z.Box
  6
DASHED
 62
   254
 48
50.0
370
     5
100
AcDbLine
 10
6.004390011604301
 20
749.5852845515436
 30
0.0
 11
6.004390011604073
 21
-250.414715448456
 31
0.0
  0
LINE
  5
17C1
330
1F
100
AcDbEntity
  8
Z.Box
  6
DASHED
 62
   254
 48
50.0
370
     5
100
AcDbLine
 10
162.0043900116043
 20
749.5852845515436
 30
0.0
 11
162.0043900116041
 21
-250.414715448456
 31
0.0
  0
LINE
  5
17C2
330
1F
100
AcDbEntity
  8
Z.Box
  6
DASHED
 62
   254
 48
50.0
370
     5
100
AcDbLine
 10
318.0043900116042
 20
749.5852845515436
 30
0.0
 11
318.004390011604
 21
-250.414715448456
 31
0.0
  0
LINE
  5
17C3
330
1F
100
AcDbEntity
  8
Z.Box
  6
DASHED
 62
   254
 48
50.0
370
     5
100
AcDbLine
 10
474.0043900116042
 20
749.5852845515436
 30
0.0
 11
474.004390011604
 21
-250.414715448456
 31
0.0
  0
LINE
  5
17C4
330
1F
100
AcDbEntity
  8
Z.Box
  6
DASHED
 62
   254
 48
50.0
370
     5
100
AcDbLine
 10
-149.9956099883958
 20
749.5852845515436
 30
0.0
 11
-149.995609988396
 21
-250.414715448456
 31
0.0
  0
LINE
  5
17C5
330
1F
100
AcDbEntity
  8
Z.Box
  6
DASHED
 62
   254
 48
50.0
370
     5
100
AcDbLine
 10
630.0043900116043
 20
749.5852845515436
 30
0.0
 11
630.0043900116041
 21
-250.414715448456
 31
0.0
  0
LINE
  5
17C6
330
1F
100
AcDbEntity
  8
Z.Box
  6
DASHED
 62
   254
 48
50.0
370
     5
100
AcDbLine
 10
786.0043900116043
 20
749.5852845515436
 30
0.0
 11
786.0043900116041
 21
-250.414715448456
 31
0.0
  0
LINE
  5
17C7
330
1F
100
AcDbEntity
  8
Z.Box
  6
DASHED
 62
   254
 48
50.0
370
     5
100
AcDbLine
 10
942.0043900116043
 20
749.5852845515436
 30
0.0
 11
942.0043900116041
 21
-250.414715448456
 31
0.0
  0
LINE
  5
17C8
330
1F
100
AcDbEntity
  8
Z.Box
  6
DASHED
 62
   254
 48
50.0
370
     5
100
AcDbLine
 10
1098.004390011604
 20
749.5852845515436
 30
0.0
 11
1098.004390011604
 21
-250.414715448456
 31
0.0
  0
LINE
  5
17C9
330
1F
100
AcDbEntity
  8
Z.Box
  6
DASHED
 62
   254
 48
50.0
370
     5
100
AcDbLine
 10
1254.004390011604
 20
749.5852845515436
 30
0.0
 11
1254.004390011604
 21
-250.414715448456
 31
0.0
  0
LINE
  5
17D5
330
1F
100
AcDbEntity
  8
Z.Box
  6
DASHED
 62
   254
 48
50.0
370
     5
100
AcDbLine
 10
-929.9956099883957
 20
649.5852845515436
 30
0.0
 11
1410.004390011604
 21
649.5852845515436
 31
0.0
  0
LINE
  5
17D6
330
1F
100
AcDbEntity
  8
Z.Box
  6
DASHED
 62
   254
 48
50.0
370
     5
100
AcDbLine
 10
-929.9956099883957
 20
549.5852845515436
 30
0.0
 11
1410.004390011604
 21
549.5852845515436
 31
0.0
  0
LINE
  5
17D7
330
1F
100
AcDbEntity
  8
Z.Box
  6
DASHED
 62
   254
 48
50.0
370
     5
100
AcDbLine
 10
-929.9956099883957
 20
349.5852845515436
 30
0.0
 11
1410.004390011604
 21
349.5852845515436
 31
0.0
  0
LINE
  5
17D8
330
1F
100
AcDbEntity
  8
Z.Box
  6
DASHED
 62
   254
 48
50.0
370
     5
100
AcDbLine
 10
-929.9956099883957
 20
449.5852845515436
 30
0.0
 11
1410.004390011604
 21
449.5852845515436
 31
0.0
  0
LINE
  5
17D9
330
1F
100
AcDbEntity
  8
Z.Box
  6
DASHED
 62
   254
 48
50.0
370
     5
100
AcDbLine
 10
-929.9956099883957
 20
249.5852845515436
 30
0.0
 11
1410.004390011604
 21
249.5852845515436
 31
0.0
  0
LINE
  5
17DA
330
1F
100
AcDbEntity
  8
Z.Box
  6
DASHED
 62
   254
 48
50.0
370
     5
100
AcDbLine
 10
-929.9956099883957
 20
149.5852845515436
 30
0.0
 11
1410.004390011604
 21
149.5852845515436
 31
0.0
  0
LINE
  5
17DB
330
1F
100
AcDbEntity
  8
Z.Box
  6
DASHED
 62
   254
 48
50.0
370
     5
100
AcDbLine
 10
-929.9956099883957
 20
-50.41471544845638
 30
0.0
 11
1410.004390011604
 21
-50.41471544845638
 31
0.0
  0
LINE
  5
17DC
330
1F
100
AcDbEntity
  8
Z.Box
  6
DASHED
 62
   254
 48
50.0
370
     5
100
AcDbLine
 10
-929.9956099883957
 20
49.58528455154362
 30
0.0
 11
1410.004390011604
 21
49.58528455154362
 31
0.0
  0
LINE
  5
17DE
330
1F
100
AcDbEntity
  8
Z.Box
  6
DASHED
 62
   254
 48
50.0
370
     5
100
AcDbLine
 10
-929.9956099883957
 20
-150.4147154484564
 30
0.0
 11
1410.004390011604
 21
-150.4147154484564
 31
0.0
  0
VIEWPORT
  5
863
102
{ACAD_XDICTIONARY
360
864
102
}
330
363
100
AcDbEntity
 67
     1
  8
0
100
AcDbViewport
 10
214.9224965542805
 20
142.3068829864217
 30
0.0
 40
638.2932980352384
 41
264.0082748456606
 68
     2
 69
     1
 12
214.9224965542805
 22
142.3068829864217
 13
0.0
 23
0.0
 14
0.5
 24
0.5
 15
0.5
 25
0.5
 16
0.0
 26
0.0
 36
1.0
 17
0.0
 27
0.0
 37
0.0
 42
50.0
 43
0.0
 44
0.0
 45
264.0082748456606
 50
0.0
 51
0.0
 72
  1000
 90
   819232
  1

281
     0
 71
     1
 74
     0
110
0.0
120
0.0
130
0.0
111
1.0
121
0.0
131
0.0
112
0.0
122
1.0
132
0.0
 79
     0
146
0.0
170
     0
  0
VIEWPORT
  5
867
102
{ACAD_XDICTIONARY
360
868
102
}
330
363
100
AcDbEntity
 67
     1
  8
0
100
AcDbViewport
 10
128.5
 20
97.5
 30
0.0
 40
205.6
 41
156.0
 68
     1
 69
     2
 12
260.8830640183082
 22
279.2600442138737
 13
0.0
 23
0.0
 14
10.0
 24
10.0
 15
10.0
 25
10.0
 16
0.0
 26
0.0
 36
1.0
 17
0.0
 27
0.0
 37
0.0
 42
50.0
 43
0.0
 44
0.0
 45
1767.392884119101
 50
0.0
 51
0.0
 72
  1000
 90
   819808
  1

281
     0
 71
     1
 74
     0
110
0.0
120
0.0
130
0.0
111
1.0
121
0.0
131
0.0
112
0.0
122
1.0
132
0.0
 79
     0
146
0.0
170
     0
  0
ENDSEC
  0
SECTION
  2
OBJECTS
  0
DICTIONARY
  5
C
330
0
100
AcDbDictionary
281
     1
  3
ACAD_CIP_PREVIOUS_PRODUCT_INFO
350
216
  3
ACAD_COLOR
350
6B
  3
ACAD_DETAILVIEWSTYLE
350
21B
  3
ACAD_GROUP
350
D
  3
ACAD_IMAGE_DICT
350
6B5
  3
ACAD_IMAGE_VARS
350
6B7
  3
ACAD_LAST_SAVED_VERSION_INFO
350
4D3
  3
ACAD_LAYOUT
350
1A
  3
ACAD_MATERIAL
350
6A
  3
ACAD_MLEADERSTYLE
350
12D
  3
ACAD_MLINESTYLE
350
17
  3
ACAD_PLOTSETTINGS
350
19
  3
ACAD_PLOTSTYLENAME
350
E
  3
ACAD_SCALELIST
350
10C
  3
ACAD_SECTIONVIEWSTYLE
350
219
  3
ACAD_TABLESTYLE
350
7E
  3
ACAD_VISUALSTYLE
350
EF
  3
ACDB_RECOMPOSE_DATA
350
189F
  3
AcDbVariableDictionary
350
5E
  3
AcDsDecomposeData
350
18A0
  0
DICTIONARY
  5
1841
330
8
100
AcDbDictionary
280
     1
281
     1
  3
ACAD_XREC_ROUNDTRIP
360
1842
  0
DICTIONARY
  5
1FF
330
2
100
AcDbDictionary
280
     1
281
     1
  3
ACAD_LAYERSTATES
360
200
  0
DICTIONARY
  5
1CE
330
1F
100
AcDbDictionary
280
     1
281
     1
  3
ACAD_SORTENTS
360
541
  0
DICTIONARY
  5
694
330
692
100
AcDbDictionary
280
     1
281
     1
  3
ACAD_SORTENTS
360
695
  0
DICTIONARY
  5
914
330
912
100
AcDbDictionary
280
     1
281
     1
  3
ACAD_SORTENTS
360
915
  0
DICTIONARY
  5
B1D
330
AE8
100
AcDbDictionary
280
     1
281
     1
  3
ACAD_SORTENTS
360
B1E
  0
DICTIONARY
  5
10D0
330
10CF
100
AcDbDictionary
280
     1
281
     1
  3
ACAD_XREC_ROUNDTRIP
360
183F
  3
ASDK_XREC_ANNOTATION_SCALE_INFO
360
10D1
  0
DICTIONARY
  5
10D4
330
10D3
100
AcDbDictionary
280
     1
281
     1
  3
ACAD_XREC_ROUNDTRIP
360
1840
  3
ASDK_XREC_ANNOTATION_SCALE_INFO
360
10D5
  0
DICTIONARY
  5
864
330
863
100
AcDbDictionary
280
     1
281
     1
  3
ACAD_XREC_ROUNDTRIP
360
183D
  3
ASDK_XREC_ANNOTATION_SCALE_INFO
360
865
  0
DICTIONARY
  5
868
330
867
100
AcDbDictionary
280
     1
281
     1
  3
ACAD_XREC_ROUNDTRIP
360
183E
  3
ASDK_XREC_ANNOTATION_SCALE_INFO
360
869
  0
XRECORD
  5
216
102
{ACAD_REACTORS
330
C
102
}
330
C
100
AcDbXrecord
280
     1
300

300

300

  0
DICTIONARY
  5
6B
102
{ACAD_REACTORS
330
C
102
}
330
C
100
AcDbDictionary
281
     1
  0
DICTIONARY
  5
21B
102
{ACAD_REACTORS
330
C
102
}
330
C
100
AcDbDictionary
281
     1
  3
Imperial24
350
27C
  3
Metric50
350
21C
  0
DICTIONARY
  5
D
102
{ACAD_REACTORS
330
C
102
}
330
C
100
AcDbDictionary
281
     1
  0
DICTIONARY
  5
6B5
102
{ACAD_REACTORS
330
C
102
}
330
C
100
AcDbDictionary
281
     1
  3
Picture2
350
6B6
  0
RASTERVARIABLES
  5
6B7
102
{ACAD_REACTORS
330
C
102
}
330
C
100
AcDbRasterVariables
 90
        0
 70
     1
 71
     1
 72
     1
  0
XRECORD
  5
4D3
102
{ACAD_REACTORS
330
C
102
}
330
C
100
AcDbXrecord
280
     1
300
{77C17615-A045-A043-82F0-EF006315DD69}
301

302
{77C17615-A045-A043-82F0-EF006315DD69}
303
/acad/workingDir/SpaceStationAurora.dwg
  0
DICTIONARY
  5
1A
102
{ACAD_REACTORS
330
C
102
}
330
C
100
AcDbDictionary
281
     1
  3
Layout1
350
364
  3
Layout2
350
369
  3
Model
350
22
  0
DICTIONARY
  5
6A
102
{ACAD_REACTORS
330
C
102
}
330
C
100
AcDbDictionary
281
     1
  3
ByBlock
350
ED
  3
ByLayer
350
EC
  3
Global
350
EE
  0
DICTIONARY
  5
12D
102
{ACAD_REACTORS
330
C
102
}
330
C
100
AcDbDictionary
281
     1
  3
Annotative
350
13B
  3
ML_0.5
350
2D9
  3
ML_10
350
2DA
  3
ML_100
350
3D6
  3
ML_2.5
350
3D4
  3
ML_25
350
2DC
  3
ML_3
350
2DB
  3
ML_5
350
2D8
  3
ML_50
350
3D5
  3
ML_7
350
3CB
  3
Standard
350
12E
  0
DICTIONARY
  5
17
102
{ACAD_REACTORS
330
C
102
}
330
C
100
AcDbDictionary
281
     1
  3
Standard
350
18
  0
DICTIONARY
  5
19
102
{ACAD_REACTORS
330
C
102
}
330
C
100
AcDbDictionary
281
     1
  0
ACDBDICTIONARYWDFLT
  5
E
102
{ACAD_REACTORS
330
C
102
}
330
C
100
AcDbDictionary
281
     1
  3
Normal
350
F
100
AcDbDictionaryWithDefault
340
F
  0
DICTIONARY
  5
10C
102
{ACAD_REACTORS
330
C
102
}
330
C
100
AcDbDictionary
281
     1
  3
A0
350
10D
  3
A1
350
1BE
  3
A2
350
1BF
  3
A3
350
1C0
  3
A4
350
1C1
  3
A5
350
1C2
  3
A6
350
1C3
  3
A7
350
1C4
  3
A8
350
1C5
  3
A9
350
1C6
  3
B0
350
1C7
  3
B1
350
1C8
  3
B2
350
1C9
  3
B3
350
1CA
  3
B4
350
1CB
  3
B5
350
1CC
  3
B6
350
1CD
  0
DICTIONARY
  5
219
102
{ACAD_REACTORS
330
C
102
}
330
C
100
AcDbDictionary
281
     1
  3
Imperial24
350
27A
  3
Metric50
350
21A
  0
DICTIONARY
  5
7E
102
{ACAD_REACTORS
330
C
102
}
330
C
100
AcDbDictionary
281
     1
  3
Standard
350
7F
  0
DICTIONARY
  5
EF
102
{ACAD_REACTORS
330
C
102
}
330
C
100
AcDbDictionary
281
     1
  3
2dWireframe
350
F5
  3
Basic
350
F4
  3
Brighten
350
FB
  3
ColorChange
350
FF
  3
Conceptual
350
F8
  3
Dim
350
FA
  3
EdgeColorOff
350
1E6
  3
Facepattern
350
FE
  3
Flat
350
F0
  3
FlatWithEdges
350
F1
  3
Gouraud
350
F2
  3
GouraudWithEdges
350
F3
  3
Hidden
350
F7
  3
JitterOff
350
1E4
  3
Linepattern
350
FD
  3
OverhangOff
350
1E5
  3
Realistic
350
F9
  3
Shaded
350
1F3
  3
Shaded with edges
350
1F2
  3
Shades of Gray
350
1EF
  3
Sketchy
350
1F0
  3
Thicken
350
FC
  3
Wireframe
350
F6
  3
X-Ray
350
1F1
  0
XRECORD
  5
189F
102
{ACAD_REACTORS
330
C
102
}
330
C
100
AcDbXrecord
280
     1
 90
        1
330
7F
  0
DICTIONARY
  5
5E
102
{ACAD_REACTORS
330
C
102
}
330
C
100
AcDbDictionary
281
     1
  3
CANNOSCALE
350
146
  3
CENTEREXE
350
259
  3
CENTERLTYPEFILE
350
25A
  3
CMLEADERSTYLE
350
145
  3
CTABLESTYLE
350
84
  3
CVIEWDETAILSTYLE
350
227
  3
CVIEWSECTIONSTYLE
350
228
  3
DIMASSOC
350
5F
  3
HIDETEXT
350
63
  3
LAYEREVAL
350
1AE
  3
LAYERNOTIFY
350
1AF
  3
MLEADERSCALE
350
43C
  3
MSLTSCALE
350
1843
  3
XCLIPFRAME
350
1844
  0
DICTIONARY
  5
18A0
102
{ACAD_REACTORS
330
C
102
}
330
C
100
AcDbDictionary
281
     1
  3
AcDsRecords
350
18A1
  3
AcDsSchemas
350
18A2
1001
ACAD
1070
     2
  0
XRECORD
  5
1842
102
{ACAD_REACTORS
330
1841
102
}
330
1841
100
AcDbXrecord
280
     1
102
VTR_0.000_0.000_1.000_1.000_VISUALSTYLE
340
F5
102
VTR_0.000_0.000_1.000_1.000_GRIDDISPLAY
 70
     3
102
VTR_0.000_0.000_1.000_1.000_GRIDMAJOR
 70
     5
102
VTR_0.000_0.000_1.000_1.000_DEFAULTLIGHTING
280
     1
102
VTR_0.000_0.000_1.000_1.000_DEFAULTLIGHTINGTYPE
 70
     1
102
VTR_0.000_0.000_1.000_1.000_BRIGHTNESS
141
0.0
102
VTR_0.000_0.000_1.000_1.000_CONTRAST
142
0.0
  0
DICTIONARY
  5
200
102
{ACAD_REACTORS
330
1FF
102
}
330
1FF
100
AcDbDictionary
281
     1
  0
SORTENTSTABLE
  5
541
102
{ACAD_REACTORS
330
1CE
102
}
330
1CE
100
AcDbSortentsTable
330
1F
331
51E
  5
532
331
52A
  5
589
331
52C
  5
59D
331
52E
  5
59E
331
52F
  5
59F
331
531
  5
5A0
331
532
  5
5A7
331
534
  5
5A8
331
535
  5
5A9
331
540
  5
545
331
542
  5
52F
331
543
  5
536
331
544
  5
528
331
545
  5
542
331
546
  5
52A
331
59D
  5
546
331
59E
  5
530
331
59F
  5
51E
331
5A0
  5
535
331
5A7
  5
540
331
5A8
  5
52B
331
5A9
  5
544
331
5AA
  5
529
331
63C
  5
63E
331
63E
  5
63C
331
64B
  5
64C
331
64C
  5
64D
331
64D
  5
64E
331
64E
  5
657
331
657
  5
64B
331
741
  5
742
331
742
  5
75F
331
75F
  5
760
331
760
  5
761
331
761
  5
762
331
762
  5
763
331
763
  5
764
331
764
  5
765
331
765
  5
766
331
766
  5
767
331
767
  5
768
331
768
  5
769
331
769
  5
76A
331
76A
  5
76B
331
76B
  5
76C
331
76C
  5
76D
331
76D
  5
76E
331
76E
  5
76F
331
76F
  5
770
331
770
  5
771
331
771
  5
772
331
772
  5
773
331
773
  5
774
331
774
  5
775
331
775
  5
776
331
776
  5
777
331
777
  5
778
331
778
  5
779
331
779
  5
77A
331
77A
  5
77C
331
77C
  5
77D
331
77D
  5
77E
331
77E
  5
77F
331
77F
  5
780
331
780
  5
781
331
781
  5
782
331
782
  5
783
331
783
  5
784
331
784
  5
785
331
785
  5
786
331
786
  5
787
331
787
  5
788
331
788
  5
789
331
789
  5
794
331
794
  5
795
331
795
  5
796
331
796
  5
798
331
798
  5
741
331
7A5
  5
7C4
331
A5B
  5
A5D
331
A5E
  5
A5F
331
A5F
  5
A5B
331
B7D
  5
B7F
331
B7F
  5
B80
331
B80
  5
B7D
331
BB9
  5
BBE
331
BBB
  5
BC1
331
BBD
  5
BC7
331
BBF
  5
BC8
331
BC1
  5
BC9
331
BC3
  5
BCB
331
BC7
  5
BC3
331
BC8
  5
BCA
331
BC9
  5
BBD
331
BCA
  5
BBB
331
BCB
  5
BB9
331
1413
  5
1422
331
1422
  5
1423
331
1423
  5
1424
331
1424
  5
1426
331
142E
  5
142F
331
142F
  5
1432
331
1432
  5
1412
331
1570
  5
1572
  0
SORTENTSTABLE
  5
695
102
{ACAD_REACTORS
330
694
102
}
330
694
100
AcDbSortentsTable
330
692
  0
SORTENTSTABLE
  5
915
102
{ACAD_REACTORS
330
914
102
}
330
914
100
AcDbSortentsTable
330
912
  0
SORTENTSTABLE
  5
B1E
102
{ACAD_REACTORS
330
B1D
102
}
330
B1D
100
AcDbSortentsTable
330
AE8
  0
XRECORD
  5
183F
102
{ACAD_REACTORS
330
10D0
102
}
330
10D0
100
AcDbXrecord
280
     1
102
VISUALSTYLE
340
F5
102
GRIDDISPLAY
 70
     3
102
GRIDMAJOR
 70
     5
102
DEFAULTLIGHTING
280
     1
102
DEFAULTLIGHTINGTYPE
 70
     1
102
BRIGHTNESS
141
0.0
102
CONTRAST
142
0.0
  0
XRECORD
  5
10D1
102
{ACAD_REACTORS
330
10D0
102
}
330
10D0
100
AcDbXrecord
280
     1
 90
        1
340
10D
  0
XRECORD
  5
1840
102
{ACAD_REACTORS
330
10D4
102
}
330
10D4
100
AcDbXrecord
280
     1
102
VISUALSTYLE
340
F5
102
GRIDDISPLAY
 70
     3
102
GRIDMAJOR
 70
     5
102
DEFAULTLIGHTING
280
     1
102
DEFAULTLIGHTINGTYPE
 70
     1
102
BRIGHTNESS
141
0.0
102
CONTRAST
142
0.0
  0
XRECORD
  5
10D5
102
{ACAD_REACTORS
330
10D4
102
}
330
10D4
100
AcDbXrecord
280
     1
 90
        1
340
10D
  0
XRECORD
  5
183D
102
{ACAD_REACTORS
330
864
102
}
330
864
100
AcDbXrecord
280
     1
102
VISUALSTYLE
340
F5
102
GRIDDISPLAY
 70
     3
102
GRIDMAJOR
 70
     5
102
DEFAULTLIGHTING
280
     1
102
DEFAULTLIGHTINGTYPE
 70
     1
102
BRIGHTNESS
141
0.0
102
CONTRAST
142
0.0
  0
XRECORD
  5
865
102
{ACAD_REACTORS
330
864
102
}
330
864
100
AcDbXrecord
280
     1
 90
        1
340
10D
  0
XRECORD
  5
183E
102
{ACAD_REACTORS
330
868
102
}
330
868
100
AcDbXrecord
280
     1
102
VISUALSTYLE
340
F5
102
GRIDDISPLAY
 70
     3
102
GRIDMAJOR
 70
     5
102
DEFAULTLIGHTING
280
     1
102
DEFAULTLIGHTINGTYPE
 70
     1
102
BRIGHTNESS
141
0.0
102
CONTRAST
142
0.0
  0
XRECORD
  5
869
102
{ACAD_REACTORS
330
868
102
}
330
868
100
AcDbXrecord
280
     1
 90
        1
340
10D
  0
ACDBDETAILVIEWSTYLE
  5
27C
102
{ACAD_REACTORS
330
21B
102
}
102
{ACAD_XDICTIONARY
360
1845
102
}
330
21B
100
AcDbModelDocViewStyle
 70
     0
  3
Imperial24
290
     0
100
AcDbDetailViewStyle
 70
     0
 71
     0
 90
        3
 71
     1
340
11
 62
   256
 40
0.24
340
0
 62
   256
 40
0.24
300

 40
0.36
280
     3
 71
     2
340
16
 90
       25
 62
   256
 71
     3
340
11
 62
   256
 40
0.24
 90
        1
 40
0.75
 90
        1
300
%<\AcVar ViewType \f "%tc1">% %<\AcVar ViewDetailId>%\PSCALE %<\AcVar ViewScale \f "%sn">%
 71
     4
340
16
 90
       25
 62
   256
340
16
 90
       25
 62
   256
280
     0
  0
ACDBDETAILVIEWSTYLE
  5
21C
102
{ACAD_REACTORS
330
21B
102
}
102
{ACAD_XDICTIONARY
360
1847
102
}
330
21B
100
AcDbModelDocViewStyle
 70
     0
  3
Metric50
290
     0
100
AcDbDetailViewStyle
 70
     0
 71
     0
 90
        3
 71
     1
340
11
 62
   256
 40
5.0
340
0
 62
   256
 40
5.0
300

 40
0.0
280
     1
 71
     2
340
16
 90
       25
 62
   256
 71
     3
340
11
 62
   256
 40
5.0
 90
        0
 40
15.0
 90
        1
300
%<\AcVar ViewDetailId>% (%<\AcVar ViewScale \f "%sn">%)
 71
     4
340
16
 90
       25
 62
   256
340
16
 90
       25
 62
   256
280
     0
  0
IMAGEDEF
  5
6B6
102
{ACAD_REACTORS
330
6B5
102
}
330
6B5
100
AcDbRasterImageDef
 90
        0
  1
./Picture2.png
 10
57.0
 20
56.0
 11
0.2646202699126753
 21
0.2646202699126753
280
     1
281
     2
  0
LAYOUT
  5
364
102
{ACAD_REACTORS
330
1A
102
}
102
{ACAD_XDICTIONARY
360
1849
102
}
330
1A
100
AcDbPlotSettings
  1

  2
none_device
  4
ISO_A4_(210.00_x_297.00_MM)
  6

 40
7.5
 41
20.0
 42
7.5
 43
20.0
 44
210.0
 45
297.0
 46
0.0
 47
0.0
 48
0.0
 49
0.0
140
0.0
141
0.0
142
1.0
143
1.0
 70
   688
 72
     1
 73
     1
 74
     5
  7

 75
    16
 76
     0
 77
     2
 78
   300
147
1.0
148
0.0
149
0.0
100
AcDbLayout
  1
Layout1
 70
     1
 71
     1
 10
-20.0
 20
-7.5
 11
277.0
 21
202.5
 12
0.0
 22
0.0
 32
0.0
 14
25.69999999999999
 24
19.5
 34
0.0
 15
231.3
 25
175.5
 35
0.0
146
0.0
 13
0.0
 23
0.0
 33
0.0
 16
1.0
 26
0.0
 36
0.0
 17
0.0
 27
1.0
 37
0.0
 76
     0
330
363
331
867
1001
ACAD_PSEXT
1000
None
1000
None
1000
Not applicable
1000
The layout will not be plotted unless a new plotter configuration name is selected.
1070
     0
  0
LAYOUT
  5
369
102
{ACAD_REACTORS
330
1A
102
}
102
{ACAD_XDICTIONARY
360
184B
102
}
330
1A
100
AcDbPlotSettings
  1

  2
none_device
  4
ISO_A4_(210.00_x_297.00_MM)
  6

 40
7.5
 41
20.0
 42
7.5
 43
20.0
 44
210.0
 45
297.0
 46
0.0
 47
0.0
 48
0.0
 49
0.0
140
0.0
141
0.0
142
1.0
143
1.0
 70
   688
 72
     1
 73
     1
 74
     5
  7

 75
    16
 76
     0
 77
     2
 78
   300
147
1.0
148
0.0
149
0.0
100
AcDbLayout
  1
Layout2
 70
     1
 71
     2
 10
-20.0
 20
-7.5
 11
277.0
 21
202.5
 12
0.0
 22
0.0
 32
0.0
 14
25.69999999999999
 24
19.5
 34
0.0
 15
231.3
 25
175.5
 35
0.0
146
0.0
 13
0.0
 23
0.0
 33
0.0
 16
1.0
 26
0.0
 36
0.0
 17
0.0
 27
1.0
 37
0.0
 76
     0
330
368
331
10CF
1001
ACAD_PSEXT
1000
None
1000
None
1000
Not applicable
1000
The layout will not be plotted unless a new plotter configuration name is selected.
1070
     0
  0
LAYOUT
  5
22
102
{ACAD_REACTORS
330
1A
102
}
102
{ACAD_XDICTIONARY
360
184D
102
}
330
1A
100
AcDbPlotSettings
  1

  2
none_device
  4
ISO_A4_(210.00_x_297.00_MM)
  6

 40
7.5
 41
20.0
 42
7.5
 43
20.0
 44
210.0
 45
297.0
 46
11.54999923706055
 47
-13.65000009536743
 48
0.0
 49
0.0
140
0.0
141
0.0
142
1.0
143
8.704084754739808
 70
 11952
 72
     1
 73
     0
 74
     0
  7

 75
     0
 76
     0
 77
     2
 78
   300
147
0.1148885871608098
148
0.0
149
0.0
100
AcDbLayout
  1
Model
 70
     1
 71
     0
 10
0.0
 20
0.0
 11
12.0
 21
9.0
 12
0.0
 22
0.0
 32
0.0
 14
0.0
 24
0.0
 34
0.0
 15
0.0
 25
0.0
 35
0.0
146
0.0
 13
0.0
 23
0.0
 33
0.0
 16
1.0
 26
0.0
 36
0.0
 17
0.0
 27
1.0
 37
0.0
 76
     0
330
1F
331
EA
1001
ACAD_PSEXT
1000
None
1000
None
1000
Not applicable
1000
The layout will not be plotted unless a new plotter configuration name is selected.
1070
     0
  0
MATERIAL
  5
ED
102
{ACAD_REACTORS
330
6A
102
}
102
{ACAD_XDICTIONARY
360
1F9
102
}
330
6A
100
AcDbMaterial
  1
ByBlock
 73
     2
 78
     2
172
     2
176
     2
270
     2
274
     2
  0
MATERIAL
  5
EC
102
{ACAD_REACTORS
330
6A
102
}
102
{ACAD_XDICTIONARY
360
1F7
102
}
330
6A
100
AcDbMaterial
  1
ByLayer
 73
     2
 78
     2
172
     2
176
     2
270
     2
274
     2
  0
MATERIAL
  5
EE
102
{ACAD_REACTORS
330
6A
102
}
102
{ACAD_XDICTIONARY
360
173
102
}
330
6A
100
AcDbMaterial
  1
Global
 73
     2
 43
0.0007999999797903
 43
0.0
 43
0.0
 43
0.0
 43
0.0
 43
0.0007999999797903
 43
0.0
 43
0.0
 43
0.0
 43
0.0
 43
1.0
 43
0.0
 43
0.0
 43
0.0
 43
0.0
 43
1.0
 78
     2
172
     2
 49
0.0007999999797903
 49
0.0
 49
0.0
 49
0.0
 49
0.0
 49
0.0007999999797903
 49
0.0
 49
0.0
 49
0.0
 49
0.0
 49
1.0
 49
0.0
 49
0.0
 49
0.0
 49
0.0
 49
1.0
176
     2
142
0.0007999999797903
142
0.0
142
0.0
142
0.0
142
0.0
142
0.0007999999797903
142
0.0
142
0.0
142
0.0
142
0.0
142
1.0
142
0.0
142
0.0
142
0.0
142
0.0
142
1.0
270
     2
144
0.0007999999797903
144
0.0
144
0.0
144
0.0
144
0.0
144
0.0007999999797903
144
0.0
144
0.0
144
0.0
144
0.0
144
1.0
144
0.0
144
0.0
144
0.0
144
0.0
144
1.0
274
     2
1001
ACAD
1070
    -1
1070
     3
1070
     0
1000

1071
        0
1070
     0
  0
MLEADERSTYLE
  5
13B
102
{ACAD_REACTORS
330
12D
102
}
102
{ACAD_XDICTIONARY
360
1852
102
}
330
12D
100
AcDbMLeaderStyle
170
     2
171
     1
172
     0
 90
        2
 40
0.0
 41
0.0
173
     1
 91
-1056964608
340
14
 92
       -2
290
     1
 42
2.0
291
     1
 43
8.0
  3
Standard
341
0
 44
4.0
300

342
11
174
     1
178
     1
175
     1
176
     0
 93
-1056964608
 45
4.0
292
     0
297
     0
 46
4.0
343
0
 94
-1056964608
 47
1.0
 49
1.0
140
1.0
293
     1
141
0.0
294
     1
177
     0
142
1.0
295
     0
296
     1
143
3.75
1001
ACAD_MLEADERVER
1070
     2
  0
MLEADERSTYLE
  5
2D9
102
{ACAD_REACTORS
330
12D
102
}
102
{ACAD_XDICTIONARY
360
1854
102
}
330
12D
100
AcDbMLeaderStyle
170
     2
171
     1
172
     0
 90
        2
 40
0.0
 41
0.0
173
     1
 91
-1056964608
340
14
 92
       -2
290
     1
 42
0.09
291
     1
 43
0.36
  3
Standard
341
0
 44
0.18
300

342
11
174
     1
178
     1
175
     1
176
     0
 93
-1056964608
 45
0.25
292
     0
297
     0
 46
0.18
343
0
 94
-1056964608
 47
1.0
 49
1.0
140
1.0
293
     1
141
0.0
294
     1
177
     0
142
2.0
295
     0
296
     0
143
0.125
1001
ACAD_MLEADERVER
1070
     2
  0
MLEADERSTYLE
  5
2DA
102
{ACAD_REACTORS
330
12D
102
}
102
{ACAD_XDICTIONARY
360
1856
102
}
330
12D
100
AcDbMLeaderStyle
170
     2
171
     1
172
     0
 90
        2
 40
0.0
 41
0.0
173
     1
 91
-1056964608
340
0
 92
       -2
290
     1
 42
0.09
291
     1
 43
0.36
  3
Standard
341
0
 44
0.2
300

342
11
174
     1
178
     1
175
     1
176
     0
 93
-1056964608
 45
0.25
292
     0
297
     0
 46
0.18
343
3CC
 94
-1056964608
 47
1.0
 49
1.0
140
1.0
293
     1
141
0.0
294
     1
177
     0
142
40.0
295
     0
296
     0
143
0.125
1001
ACAD_MLEADERVER
1070
     2
  0
MLEADERSTYLE
  5
3D6
102
{ACAD_REACTORS
330
12D
102
}
102
{ACAD_XDICTIONARY
360
1858
102
}
330
12D
100
AcDbMLeaderStyle
170
     2
171
     1
172
     0
 90
        2
 40
0.0
 41
0.0
173
     1
 91
-1056964608
340
0
 92
       -2
290
     1
 42
2.5
291
     1
 43
9.0
  3
Standard
341
0
 44
4.5
300

342
11
174
     1
178
     1
175
     1
176
     0
 93
-1056964608
 45
5.0
292
     0
297
     0
 46
0.18
343
3CC
 94
-1056964608
 47
1.0
 49
1.0
140
1.0
293
     1
141
0.0
294
     1
177
     0
142
400.0
295
     1
296
     0
143
3.5
1001
ACAD_MLEADERVER
1070
     2
  0
MLEADERSTYLE
  5
3D4
102
{ACAD_REACTORS
330
12D
102
}
102
{ACAD_XDICTIONARY
360
185A
102
}
330
12D
100
AcDbMLeaderStyle
170
     2
171
     1
172
     0
 90
        2
 40
0.0
 41
0.0
173
     1
 91
-1056964608
340
0
 92
       -2
290
     1
 42
0.09
291
     1
 43
0.36
  3
Standard
341
0
 44
0.18
300

342
11
174
     1
178
     1
175
     1
176
     0
 93
-1056964608
 45
0.25
292
     0
297
     0
 46
0.18
343
3CC
 94
-1056964608
 47
1.0
 49
1.0
140
1.0
293
     1
141
0.0
294
     1
177
     0
142
10.0
295
     0
296
     0
143
0.125
1001
ACAD_MLEADERVER
1070
     2
  0
MLEADERSTYLE
  5
2DC
102
{ACAD_REACTORS
330
12D
102
}
102
{ACAD_XDICTIONARY
360
185C
102
}
330
12D
100
AcDbMLeaderStyle
170
     2
171
     1
172
     0
 90
        2
 40
0.0
 41
0.0
173
     1
 91
-1056964608
340
0
 92
       -2
290
     1
 42
0.09
291
     1
 43
0.36
  3
Standard
341
0
 44
0.18
300

342
11
174
     1
178
     1
175
     1
176
     0
 93
-1056964608
 45
0.25
292
     0
297
     0
 46
0.18
343
3CC
 94
-1056964608
 47
1.0
 49
1.0
140
1.0
293
     1
141
0.0
294
     1
177
     0
142
100.0
295
     0
296
     0
143
0.125
1001
ACAD_MLEADERVER
1070
     2
  0
MLEADERSTYLE
  5
2DB
102
{ACAD_REACTORS
330
12D
102
}
102
{ACAD_XDICTIONARY
360
185E
102
}
330
12D
100
AcDbMLeaderStyle
170
     2
171
     1
172
     0
 90
        2
 40
0.0
 41
0.0
173
     1
 91
-1056964608
340
0
 92
       -2
290
     1
 42
0.09
291
     1
 43
0.36
  3
Standard
341
0
 44
0.18
300

342
11
174
     1
178
     1
175
     1
176
     0
 93
-1056964608
 45
0.25
292
     0
297
     0
 46
0.18
343
3CC
 94
-1056964608
 47
1.0
 49
1.0
140
1.0
293
     1
141
0.0
294
     1
177
     0
142
12.0
295
     0
296
     0
143
0.125
1001
ACAD_MLEADERVER
1070
     2
  0
MLEADERSTYLE
  5
2D8
102
{ACAD_REACTORS
330
12D
102
}
102
{ACAD_XDICTIONARY
360
1860
102
}
330
12D
100
AcDbMLeaderStyle
170
     2
171
     1
172
     0
 90
        2
 40
0.0
 41
0.0
173
     1
 91
-1056964608
340
0
 92
       -2
290
     1
 42
2.5
291
     1
 43
9.0
  3
Standard
341
0
 44
4.5
300

342
11
174
     1
178
     1
175
     1
176
     0
 93
-1056964608
 45
5.0
292
     0
297
     0
 46
0.18
343
3CC
 94
-1056964608
 47
1.0
 49
1.0
140
1.0
293
     1
141
0.0
294
     1
177
     0
142
1.0
295
     0
296
     0
143
3.5
1001
ACAD_MLEADERVER
1070
     2
  0
MLEADERSTYLE
  5
3D5
102
{ACAD_REACTORS
330
12D
102
}
102
{ACAD_XDICTIONARY
360
1862
102
}
330
12D
100
AcDbMLeaderStyle
170
     2
171
     1
172
     0
 90
        2
 40
0.0
 41
0.0
173
     1
 91
-1056964608
340
0
 92
       -2
290
     1
 42
2.5
291
     1
 43
9.0
  3
Standard
341
0
 44
4.5
300

342
11
174
     1
178
     1
175
     1
176
     0
 93
-1056964608
 45
5.0
292
     0
297
     0
 46
0.18
343
3CC
 94
-1056964608
 47
1.0
 49
1.0
140
1.0
293
     1
141
0.0
294
     1
177
     0
142
200.0
295
     0
296
     0
143
3.5
1001
ACAD_MLEADERVER
1070
     2
  0
MLEADERSTYLE
  5
3CB
102
{ACAD_REACTORS
330
12D
102
}
102
{ACAD_XDICTIONARY
360
1864
102
}
330
12D
100
AcDbMLeaderStyle
170
     2
171
     1
172
     0
 90
        2
 40
0.0
 41
0.0
173
     1
 91
-1056964608
340
0
 92
       -2
290
     1
 42
0.09
291
     1
 43
0.36
  3
Standard
341
0
 44
0.18
300

342
11
174
     1
178
     1
175
     1
176
     0
 93
-1056964608
 45
0.25
292
     0
297
     0
 46
0.18
343
3CC
 94
-1056964608
 47
1.0
 49
1.0
140
1.0
293
     1
141
0.0
294
     1
177
     0
142
28.0
295
     0
296
     0
143
0.125
1001
ACAD_MLEADERVER
1070
     2
  0
MLEADERSTYLE
  5
12E
102
{ACAD_REACTORS
330
12D
102
}
102
{ACAD_XDICTIONARY
360
1866
102
}
330
12D
100
AcDbMLeaderStyle
170
     2
171
     1
172
     0
 90
        2
 40
0.0
 41
0.0
173
     1
 91
-1056964608
340
14
 92
       -2
290
     1
 42
2.0
291
     1
 43
8.0
  3
Standard
341
0
 44
4.0
300

342
11
174
     1
178
     1
175
     1
176
     0
 93
-1056964608
 45
4.0
292
     0
297
     0
 46
4.0
343
0
 94
-1056964608
 47
1.0
 49
1.0
140
1.0
293
     1
141
0.0
294
     1
177
     0
142
1.0
295
     0
296
     0
143
3.75
1001
ACAD_MLEADERVER
1070
     2
  0
MLINESTYLE
  5
18
102
{ACAD_REACTORS
330
17
102
}
330
17
100
AcDbMlineStyle
  2
STANDARD
 70
     0
  3

 62
   256
 51
90.0
 52
90.0
 71
     2
 49
0.5
 62
   256
  6
BYLAYER
 49
-0.5
 62
   256
  6
BYLAYER
  0
ACDBPLACEHOLDER
  5
F
102
{ACAD_REACTORS
330
E
102
}
330
E
  0
SCALE
  5
10D
102
{ACAD_REACTORS
330
10C
102
}
330
10C
100
AcDbScale
 70
     0
300
1:1
140
1.0
141
1.0
290
     1
  0
SCALE
  5
1BE
102
{ACAD_REACTORS
330
10C
102
}
330
10C
100
AcDbScale
 70
     0
300
1:2
140
1.0
141
2.0
290
     0
  0
SCALE
  5
1BF
102
{ACAD_REACTORS
330
10C
102
}
330
10C
100
AcDbScale
 70
     0
300
1:4
140
1.0
141
4.0
290
     0
  0
SCALE
  5
1C0
102
{ACAD_REACTORS
330
10C
102
}
330
10C
100
AcDbScale
 70
     0
300
1:5
140
1.0
141
5.0
290
     0
  0
SCALE
  5
1C1
102
{ACAD_REACTORS
330
10C
102
}
330
10C
100
AcDbScale
 70
     0
300
1:8
140
1.0
141
8.0
290
     0
  0
SCALE
  5
1C2
102
{ACAD_REACTORS
330
10C
102
}
330
10C
100
AcDbScale
 70
     0
300
1:10
140
1.0
141
10.0
290
     0
  0
SCALE
  5
1C3
102
{ACAD_REACTORS
330
10C
102
}
330
10C
100
AcDbScale
 70
     0
300
1:16
140
1.0
141
16.0
290
     0
  0
SCALE
  5
1C4
102
{ACAD_REACTORS
330
10C
102
}
330
10C
100
AcDbScale
 70
     0
300
1:20
140
1.0
141
20.0
290
     0
  0
SCALE
  5
1C5
102
{ACAD_REACTORS
330
10C
102
}
330
10C
100
AcDbScale
 70
     0
300
1:30
140
1.0
141
30.0
290
     0
  0
SCALE
  5
1C6
102
{ACAD_REACTORS
330
10C
102
}
330
10C
100
AcDbScale
 70
     0
300
1:40
140
1.0
141
40.0
290
     0
  0
SCALE
  5
1C7
102
{ACAD_REACTORS
330
10C
102
}
330
10C
100
AcDbScale
 70
     0
300
1:50
140
1.0
141
50.0
290
     0
  0
SCALE
  5
1C8
102
{ACAD_REACTORS
330
10C
102
}
330
10C
100
AcDbScale
 70
     0
300
1:100
140
1.0
141
100.0
290
     0
  0
SCALE
  5
1C9
102
{ACAD_REACTORS
330
10C
102
}
330
10C
100
AcDbScale
 70
     0
300
2:1
140
2.0
141
1.0
290
     0
  0
SCALE
  5
1CA
102
{ACAD_REACTORS
330
10C
102
}
330
10C
100
AcDbScale
 70
     0
300
4:1
140
4.0
141
1.0
290
     0
  0
SCALE
  5
1CB
102
{ACAD_REACTORS
330
10C
102
}
330
10C
100
AcDbScale
 70
     0
300
8:1
140
8.0
141
1.0
290
     0
  0
SCALE
  5
1CC
102
{ACAD_REACTORS
330
10C
102
}
330
10C
100
AcDbScale
 70
     0
300
10:1
140
10.0
141
1.0
290
     0
  0
SCALE
  5
1CD
102
{ACAD_REACTORS
330
10C
102
}
330
10C
100
AcDbScale
 70
     0
300
100:1
140
100.0
141
1.0
290
     0
  0
ACDBSECTIONVIEWSTYLE
  5
27A
102
{ACAD_REACTORS
330
219
102
}
102
{ACAD_XDICTIONARY
360
1868
102
}
330
219
100
AcDbModelDocViewStyle
 70
     0
  3
Imperial24
290
     0
100
AcDbSectionViewStyle
 70
     0
 71
     0
 90
       78
 71
     1
340
11
 62
   256
 40
0.24
340
0
340
0
 62
   256
 40
0.24
300
I, O, Q, S, X, Z
 40
0.48
 90
        3
 40
0.18
 90
        1
 71
     2
340
16
 90
       25
 62
   256
340
16
 90
       50
 62
   256
 40
0.24
 40
0.0
 40
0.24
 71
     3
340
11
 62
   256
 40
0.24
 90
        1
 40
0.75
 90
        1
300
%<\AcVar ViewType \f "%tc1">% %<\AcVar ViewSectionStartId>%-%<\AcVar ViewSectionEndId>%\PSCALE %<\AcVar ViewScale \f "%sn">%
 71
     4
 62
   256
 62
   257
300
ANSI31
 40
1.0
 90
        0
290
     0
290
     0
 90
        6
 40
0.0
 40
1.570796326794897
 40
0.2617993877991494
 40
1.308996938995747
 40
-0.2617993877991494
 40
1.832595714594046
  0
ACDBSECTIONVIEWSTYLE
  5
21A
102
{ACAD_REACTORS
330
219
102
}
102
{ACAD_XDICTIONARY
360
186A
102
}
330
219
100
AcDbModelDocViewStyle
 70
     0
  3
Metric50
290
     0
100
AcDbSectionViewStyle
 70
     0
 71
     0
 90
      102
 71
     1
340
11
 62
   256
 40
5.0
340
0
340
0
 62
   256
 40
5.0
300
I, O, Q, S, X, Z
 40
10.0
 90
        0
 40
2.5
 90
        0
 71
     2
340
16
 90
       25
 62
   256
340
16
 90
       50
 62
   256
 40
5.0
 40
2.5
 40
5.0
 71
     3
340
11
 62
   256
 40
5.0
 90
        0
 40
15.0
 90
        1
300
%<\AcVar ViewSectionStartId>%-%<\AcVar ViewSectionEndId>% (%<\AcVar ViewScale \f "%sn">%)
 71
     4
 62
   256
 62
   257
300
ANSI31
 40
1.0
 90
        0
290
     0
290
     0
 90
        6
 40
0.0
 40
1.570796326794897
 40
0.2617993877991494
 40
1.308996938995747
 40
-0.2617993877991494
 40
1.832595714594046
  0
TABLESTYLE
  5
7F
102
{ACAD_REACTORS
330
7E
102
}
102
{ACAD_XDICTIONARY
360
186C
102
}
330
7E
100
AcDbTableStyle
  3
Standard
 70
     0
 71
     0
 40
1.5
 41
1.5
280
     0
281
     0
  7
Standard
140
4.5
170
     2
 62
     0
 63
   257
283
     0
274
    -2
284
     1
 64
     0
275
    -2
285
     1
 65
     0
276
    -2
286
     1
 66
     0
277
    -2
287
     1
 67
     0
278
    -2
288
     1
 68
     0
279
    -2
289
     1
 69
     0
  7
Standard
140
6.0
170
     5
 62
     0
 63
   257
283
     0
274
    -2
284
     1
 64
     0
275
    -2
285
     1
 65
     0
276
    -2
286
     1
 66
     0
277
    -2
287
     1
 67
     0
278
    -2
288
     1
 68
     0
279
    -2
289
     1
 69
     0
  7
Standard
140
4.5
170
     5
 62
     0
 63
   257
283
     0
274
    -2
284
     1
 64
     0
275
    -2
285
     1
 65
     0
276
    -2
286
     1
 66
     0
277
    -2
287
     1
 67
     0
278
    -2
288
     1
 68
     0
279
    -2
289
     1
 69
     0
  0
VISUALSTYLE
  5
F5
102
{ACAD_REACTORS
330
EF
102
}
102
{ACAD_XDICTIONARY
360
186F
102
}
330
EF
100
AcDbVisualStyle
  2
2dWireframe
 70
     4
 71
     0
 72
     2
 73
     1
 90
        0
 40
0.6
 41
30.0
 62
     5
 63
     7
421
 16777215
 74
     1
 91
        4
 64
     7
 65
   257
 75
     1
175
     1
 42
1.0
 92
        0
 66
   257
 43
1.0
 76
     1
 77
     6
 78
     2
 67
     7
 79
     5
170
     0
171
     0
290
     0
174
     0
 93
        1
 44
0.0
173
     0
291
     0
 45
0.0
1001
ACAD
1000
AcDbSavedByObjectVersion
1070
     0
  0
VISUALSTYLE
  5
F4
102
{ACAD_REACTORS
330
EF
102
}
102
{ACAD_XDICTIONARY
360
1871
102
}
330
EF
100
AcDbVisualStyle
  2
Basic
 70
     7
 71
     1
 72
     0
 73
     1
 90
        0
 40
0.6
 41
30.0
 62
     5
 63
     7
421
 16777215
 74
     0
 91
        4
 64
     7
 65
   257
 75
     1
175
     1
 42
1.0
 92
        8
 66
     7
 43
1.0
 76
     1
 77
     6
 78
     2
 67
     7
 79
     5
170
     0
171
     0
290
     0
174
     0
 93
        1
 44
0.0
173
     0
291
     1
 45
0.0
1001
ACAD
1000
AcDbSavedByObjectVersion
1070
     0
  0
VISUALSTYLE
  5
FB
102
{ACAD_REACTORS
330
EF
102
}
102
{ACAD_XDICTIONARY
360
1873
102
}
330
EF
100
AcDbVisualStyle
  2
Brighten
 70
    12
 71
     2
 72
     2
 73
     1
 90
        0
 40
0.6
 41
30.0
 62
     5
 63
     7
421
 16777215
 74
     1
 91
        4
 64
     7
 65
   257
 75
     1
175
     1
 42
1.0
 92
        8
 66
     7
 43
1.0
 76
     1
 77
     6
 78
     2
 67
     7
 79
     5
170
     0
171
     0
290
     0
174
     0
 93
        1
 44
50.0
173
     0
291
     1
 45
0.0
1001
ACAD
1000
AcDbSavedByObjectVersion
1070
     0
  0
VISUALSTYLE
  5
FF
102
{ACAD_REACTORS
330
EF
102
}
102
{ACAD_XDICTIONARY
360
1875
102
}
330
EF
100
AcDbVisualStyle
  2
ColorChange
 70
    16
 71
     2
 72
     2
 73
     3
 90
        0
 40
0.6
 41
30.0
 62
     5
 63
     8
421
  8421504
 74
     1
 91
        4
 64
     7
 65
   257
 75
     1
175
     1
 42
1.0
 92
        8
 66
     8
424
  8421504
 43
1.0
 76
     1
 77
     6
 78
     2
 67
     7
 79
     5
170
     0
171
     0
290
     0
174
     0
 93
        1
 44
0.0
173
     0
291
     1
 45
0.0
1001
ACAD
1000
AcDbSavedByObjectVersion
1070
     0
  0
VISUALSTYLE
  5
F8
102
{ACAD_REACTORS
330
EF
102
}
102
{ACAD_XDICTIONARY
360
1877
102
}
330
EF
100
AcDbVisualStyle
  2
Conceptual
 70
     9
 71
     3
 72
     2
 73
     1
 90
        0
 40
0.6
 41
30.0
 62
     5
 63
     7
421
 16777215
 74
     2
 91
        2
 64
     7
 65
   257
 75
     1
175
     1
 42
40.0
 92
        8
 66
     7
 43
1.0
 76
     1
 77
     6
 78
     2
 67
     7
 79
     3
170
     0
171
     0
290
     0
174
     0
 93
        1
 44
0.0
173
     0
291
     0
 45
0.0
1001
ACAD
1000
AcDbSavedByObjectVersion
1070
     0
  0
VISUALSTYLE
  5
FA
102
{ACAD_REACTORS
330
EF
102
}
102
{ACAD_XDICTIONARY
360
1879
102
}
330
EF
100
AcDbVisualStyle
  2
Dim
 70
    11
 71
     2
 72
     2
 73
     1
 90
        0
 40
0.6
 41
30.0
 62
     5
 63
     7
421
 16777215
 74
     1
 91
        4
 64
     7
 65
   257
 75
     1
175
     1
 42
1.0
 92
        8
 66
     7
 43
1.0
 76
     1
 77
     6
 78
     2
 67
     7
 79
     5
170
     0
171
     0
290
     0
174
     0
 93
        1
 44
-50.0
173
     0
291
     1
 45
0.0
1001
ACAD
1000
AcDbSavedByObjectVersion
1070
     0
  0
VISUALSTYLE
  5
1E6
102
{ACAD_REACTORS
330
EF
102
}
102
{ACAD_XDICTIONARY
360
187B
102
}
330
EF
100
AcDbVisualStyle
  2
EdgeColorOff
 70
    22
 71
     2
 72
     2
 73
     0
 90
        0
 40
0.6
 41
30.0
 62
     5
 63
     7
421
 16777215
 74
     1
 91
        4
 64
     7
 65
   257
 75
     1
175
     1
 42
1.0
 92
        8
 66
     7
 43
1.0
 76
     1
 77
     6
 78
     2
 67
     7
 79
     5
170
     0
171
     0
290
     0
174
     0
 93
        1
 44
0.0
173
     0
291
     1
 45
0.0
1001
ACAD
1000
AcDbSavedByObjectVersion
1070
     0
  0
VISUALSTYLE
  5
FE
102
{ACAD_REACTORS
330
EF
102
}
102
{ACAD_XDICTIONARY
360
187D
102
}
330
EF
100
AcDbVisualStyle
  2
Facepattern
 70
    15
 71
     2
 72
     2
 73
     1
 90
        0
 40
0.6
 41
30.0
 62
     5
 63
     7
421
 16777215
 74
     1
 91
        4
 64
     7
 65
   257
 75
     1
175
     1
 42
1.0
 92
        8
 66
     7
 43
1.0
 76
     1
 77
     6
 78
     2
 67
     7
 79
     5
170
     0
171
     0
290
     0
174
     0
 93
        1
 44
0.0
173
     0
291
     1
 45
0.0
1001
ACAD
1000
AcDbSavedByObjectVersion
1070
     0
  0
VISUALSTYLE
  5
F0
102
{ACAD_REACTORS
330
EF
102
}
102
{ACAD_XDICTIONARY
360
187F
102
}
330
EF
100
AcDbVisualStyle
  2
Flat
 70
     0
 71
     2
 72
     1
 73
     1
 90
        2
 40
0.6
 41
30.0
 62
     5
 63
     7
421
 16777215
 74
     0
 91
        0
 64
     7
 65
   257
 75
     1
175
     1
 42
1.0
 92
        8
 66
     7
 43
1.0
 76
     1
 77
     6
 78
     2
 67
     7
 79
     5
170
     0
171
     0
290
     0
174
     0
 93
       13
 44
0.0
173
     0
291
     1
 45
0.0
1001
ACAD
1000
AcDbSavedByObjectVersion
1070
     0
  0
VISUALSTYLE
  5
F1
102
{ACAD_REACTORS
330
EF
102
}
102
{ACAD_XDICTIONARY
360
1881
102
}
330
EF
100
AcDbVisualStyle
  2
FlatWithEdges
 70
     1
 71
     2
 72
     1
 73
     1
 90
        2
 40
0.6
 41
30.0
 62
     5
 63
     7
421
 16777215
 74
     1
 91
        0
 64
     7
 65
   257
 75
     1
175
     1
 42
1.0
 92
        0
 66
   257
 43
1.0
 76
     1
 77
     6
 78
     2
 67
     7
 79
     5
170
     0
171
     0
290
     0
174
     0
 93
       13
 44
0.0
173
     0
291
     1
 45
0.0
1001
ACAD
1000
AcDbSavedByObjectVersion
1070
     0
  0
VISUALSTYLE
  5
F2
102
{ACAD_REACTORS
330
EF
102
}
102
{ACAD_XDICTIONARY
360
1883
102
}
330
EF
100
AcDbVisualStyle
  2
Gouraud
 70
     2
 71
     2
 72
     2
 73
     1
 90
        2
 40
0.6
 41
30.0
 62
     5
 63
     7
421
 16777215
 74
     0
 91
        0
 64
     7
 65
   257
 75
     1
175
     1
 42
1.0
 92
        0
 66
     7
 43
1.0
 76
     1
 77
     6
 78
     2
 67
     7
 79
     5
170
     0
171
     0
290
     0
174
     0
 93
       13
 44
0.0
173
     0
291
     1
 45
0.0
1001
ACAD
1000
AcDbSavedByObjectVersion
1070
     0
  0
VISUALSTYLE
  5
F3
102
{ACAD_REACTORS
330
EF
102
}
102
{ACAD_XDICTIONARY
360
1885
102
}
330
EF
100
AcDbVisualStyle
  2
GouraudWithEdges
 70
     3
 71
     2
 72
     2
 73
     1
 90
        2
 40
0.6
 41
30.0
 62
     5
 63
     7
421
 16777215
 74
     1
 91
        0
 64
     7
 65
   257
 75
     1
175
     1
 42
1.0
 92
        0
 66
   257
 43
1.0
 76
     1
 77
     6
 78
     2
 67
     7
 79
     5
170
     0
171
     0
290
     0
174
     0
 93
       13
 44
0.0
173
     0
291
     1
 45
0.0
1001
ACAD
1000
AcDbSavedByObjectVersion
1070
     0
  0
VISUALSTYLE
  5
F7
102
{ACAD_REACTORS
330
EF
102
}
102
{ACAD_XDICTIONARY
360
1887
102
}
330
EF
100
AcDbVisualStyle
  2
Hidden
 70
     6
 71
     1
 72
     2
 73
     2
 90
        0
 40
0.6
 41
30.0
 62
     5
 63
     7
421
 16777215
 74
     2
 91
        2
 64
     7
 65
   257
 75
     2
175
     1
 42
40.0
 92
        0
 66
   257
 43
1.0
 76
     1
 77
     6
 78
     2
 67
     7
 79
     3
170
     0
171
     0
290
     0
174
     0
 93
        1
 44
0.0
173
     0
291
     0
 45
0.0
1001
ACAD
1000
AcDbSavedByObjectVersion
1070
     0
  0
VISUALSTYLE
  5
1E4
102
{ACAD_REACTORS
330
EF
102
}
102
{ACAD_XDICTIONARY
360
1889
102
}
330
EF
100
AcDbVisualStyle
  2
JitterOff
 70
    20
 71
     2
 72
     2
 73
     0
 90
        0
 40
0.6
 41
30.0
 62
     5
 63
     7
421
 16777215
 74
     1
 91
        4
 64
     7
 65
   257
 75
     1
175
     1
 42
1.0
 92
       10
 66
     7
 43
1.0
 76
     1
 77
     6
 78
     2
 67
     7
 79
     5
170
     0
171
     0
290
     0
174
     0
 93
        1
 44
0.0
173
     0
291
     1
 45
0.0
1001
ACAD
1000
AcDbSavedByObjectVersion
1070
     0
  0
VISUALSTYLE
  5
FD
102
{ACAD_REACTORS
330
EF
102
}
102
{ACAD_XDICTIONARY
360
188B
102
}
330
EF
100
AcDbVisualStyle
  2
Linepattern
 70
    14
 71
     2
 72
     2
 73
     1
 90
        0
 40
0.6
 41
30.0
 62
     5
 63
     7
421
 16777215
 74
     1
 91
        4
 64
     7
 65
   257
 75
     7
175
     7
 42
1.0
 92
        8
 66
     7
 43
1.0
 76
     1
 77
     6
 78
     2
 67
     7
 79
     5
170
     0
171
     0
290
     0
174
     0
 93
        1
 44
0.0
173
     0
291
     1
 45
0.0
1001
ACAD
1000
AcDbSavedByObjectVersion
1070
     0
  0
VISUALSTYLE
  5
1E5
102
{ACAD_REACTORS
330
EF
102
}
102
{ACAD_XDICTIONARY
360
188D
102
}
330
EF
100
AcDbVisualStyle
  2
OverhangOff
 70
    21
 71
     2
 72
     2
 73
     0
 90
        0
 40
0.6
 41
30.0
 62
     5
 63
     7
421
 16777215
 74
     1
 91
        4
 64
     7
 65
   257
 75
     1
175
     1
 42
1.0
 92
        9
 66
     7
 43
1.0
 76
     1
 77
     6
 78
     2
 67
     7
 79
     5
170
     0
171
     0
290
     0
174
     0
 93
        1
 44
0.0
173
     0
291
     1
 45
0.0
1001
ACAD
1000
AcDbSavedByObjectVersion
1070
     0
  0
VISUALSTYLE
  5
F9
102
{ACAD_REACTORS
330
EF
102
}
102
{ACAD_XDICTIONARY
360
188F
102
}
330
EF
100
AcDbVisualStyle
  2
Realistic
 70
     8
 71
     2
 72
     3
 73
     0
 90
        2
 40
0.6
 41
30.0
 62
     5
 63
     7
421
 16777215
 74
     0
 91
        0
 64
     7
 65
   257
 75
     1
175
     1
 42
1.0
 92
        8
 66
   257
 43
1.0
 76
     1
 77
     6
 78
     2
 67
     7
 79
     3
170
     0
171
     0
290
     0
174
     0
 93
       13
 44
0.0
173
     0
291
     0
 45
0.0
1001
ACAD
1000
AcDbSavedByObjectVersion
1070
     0
  0
VISUALSTYLE
  5
1F3
102
{ACAD_REACTORS
330
EF
102
}
102
{ACAD_XDICTIONARY
360
1891
102
}
330
EF
100
AcDbVisualStyle
  2
Shaded
 70
    27
 71
     2
 72
     2
 73
     1
 90
        2
 40
0.6
 41
30.0
 62
     5
 63
     7
421
 16777215
 74
     0
 91
        4
 64
     7
 65
   257
 75
     1
175
     1
 42
1.0
 92
        8
 66
   257
 43
1.0
 76
     1
 77
     6
 78
     2
 67
     8
425
  7895160
 79
     3
170
     0
171
     0
290
     0
174
     0
 93
        5
 44
0.0
173
     0
291
     0
 45
0.0
1001
ACAD
1000
AcDbSavedByObjectVersion
1070
     0
  0
VISUALSTYLE
  5
1F2
102
{ACAD_REACTORS
330
EF
102
}
102
{ACAD_XDICTIONARY
360
1893
102
}
330
EF
100
AcDbVisualStyle
  2
Shaded with edges
 70
    26
 71
     2
 72
     2
 73
     1
 90
        2
 40
0.6
 41
30.0
 62
     5
 63
     7
421
 16777215
 74
     1
 91
        2
 64
     7
 65
   257
 75
     2
175
     1
 42
1.0
 92
        8
 66
   257
 43
1.0
 76
     1
 77
     6
 78
     2
 67
     7
 79
     3
170
     0
171
     0
290
     0
174
     0
 93
        5
 44
0.0
173
     0
291
     0
 45
0.0
1001
ACAD
1000
AcDbSavedByObjectVersion
1070
     0
  0
VISUALSTYLE
  5
1EF
102
{ACAD_REACTORS
330
EF
102
}
102
{ACAD_XDICTIONARY
360
1895
102
}
330
EF
100
AcDbVisualStyle
  2
Shades of Gray
 70
    23
 71
     2
 72
     2
 73
     3
 90
        0
 40
0.6
 41
30.0
 62
     5
 63
     7
421
 16777215
 74
     2
 91
        2
 64
     7
 65
     7
 75
     1
175
     1
 42
40.0
 92
        8
 66
     7
 43
1.0
 76
     1
 77
     6
 78
     2
 67
     7
 79
     3
170
     0
171
     0
290
     0
174
     0
 93
        1
 44
0.0
173
     0
291
     0
 45
0.0
1001
ACAD
1000
AcDbSavedByObjectVersion
1070
     0
  0
VISUALSTYLE
  5
1F0
102
{ACAD_REACTORS
330
EF
102
}
102
{ACAD_XDICTIONARY
360
1897
102
}
330
EF
100
AcDbVisualStyle
  2
Sketchy
 70
    24
 71
     1
 72
     2
 73
     2
 90
        0
 40
0.6
 41
30.0
 62
     5
 63
     7
421
 16777215
 74
     2
 91
        2
 64
     7
 65
     7
 75
     1
175
     1
 42
40.0
 92
       11
 66
     7
 43
1.0
 76
     1
 77
     6
 78
     2
 67
     7
 79
     6
170
     0
171
     0
290
     0
174
     0
 93
        1
 44
0.0
173
     0
291
     0
 45
0.0
1001
ACAD
1000
AcDbSavedByObjectVersion
1070
     0
  0
VISUALSTYLE
  5
FC
102
{ACAD_REACTORS
330
EF
102
}
102
{ACAD_XDICTIONARY
360
1899
102
}
330
EF
100
AcDbVisualStyle
  2
Thicken
 70
    13
 71
     2
 72
     2
 73
     1
 90
        0
 40
0.6
 41
30.0
 62
     5
 63
     7
421
 16777215
 74
     1
 91
        4
 64
     7
 65
   257
 75
     1
175
     1
 42
1.0
 92
       12
 66
     7
 43
1.0
 76
     1
 77
     6
 78
     2
 67
     7
 79
     5
170
     0
171
     0
290
     0
174
     0
 93
        1
 44
0.0
173
     0
291
     1
 45
0.0
1001
ACAD
1000
AcDbSavedByObjectVersion
1070
     0
  0
VISUALSTYLE
  5
F6
102
{ACAD_REACTORS
330
EF
102
}
102
{ACAD_XDICTIONARY
360
189B
102
}
330
EF
100
AcDbVisualStyle
  2
Wireframe
 70
     5
 71
     0
 72
     2
 73
     0
 90
        0
 40
0.6
 41
30.0
 62
     5
 63
     7
421
 16777215
 74
     1
 91
        4
 64
     7
 65
   257
 75
     1
175
     1
 42
1.0
 92
        0
 66
   257
 43
1.0
 76
     1
 77
     6
 78
     2
 67
     7
 79
     3
170
     0
171
     0
290
     0
174
     0
 93
        1
 44
0.0
173
     0
291
     0
 45
0.0
1001
ACAD
1000
AcDbSavedByObjectVersion
1070
     0
  0
VISUALSTYLE
  5
1F1
102
{ACAD_REACTORS
330
EF
102
}
102
{ACAD_XDICTIONARY
360
189D
102
}
330
EF
100
AcDbVisualStyle
  2
X-Ray
 70
    25
 71
     2
 72
     2
 73
     1
 90
        1
 40
0.5
 41
30.0
 62
     5
 63
     7
421
 16777215
 74
     1
 91
        0
 64
     7
 65
   257
 75
     1
175
     1
 42
1.0
 92
        8
 66
     7
 43
1.0
 76
     1
 77
     6
 78
     2
 67
     7
 79
     3
170
     0
171
     0
290
     0
174
     0
 93
       13
 44
0.0
173
     0
291
     0
 45
0.0
1001
ACAD
1000
AcDbSavedByObjectVersion
1070
     0
  0
DICTIONARYVAR
  5
146
102
{ACAD_REACTORS
330
5E
102
}
330
5E
100
DictionaryVariables
280
     0
  1
1:1
  0
DICTIONARYVAR
  5
259
102
{ACAD_REACTORS
330
5E
102
}
330
5E
100
DictionaryVariables
280
     0
  1
3.500000
  0
DICTIONARYVAR
  5
25A
102
{ACAD_REACTORS
330
5E
102
}
330
5E
100
DictionaryVariables
280
     0
  1
acadiso.lin
  0
DICTIONARYVAR
  5
145
102
{ACAD_REACTORS
330
5E
102
}
330
5E
100
DictionaryVariables
280
     0
  1
ML_3
  0
DICTIONARYVAR
  5
84
102
{ACAD_REACTORS
330
5E
102
}
330
5E
100
DictionaryVariables
280
     0
  1
Standard
  0
DICTIONARYVAR
  5
227
102
{ACAD_REACTORS
330
5E
102
}
330
5E
100
DictionaryVariables
280
     0
  1
Metric50
  0
DICTIONARYVAR
  5
228
102
{ACAD_REACTORS
330
5E
102
}
330
5E
100
DictionaryVariables
280
     0
  1
Metric50
  0
DICTIONARYVAR
  5
5F
102
{ACAD_REACTORS
330
5E
102
}
330
5E
100
DictionaryVariables
280
     0
  1
2
  0
DICTIONARYVAR
  5
63
102
{ACAD_REACTORS
330
5E
102
}
330
5E
100
DictionaryVariables
280
     0
  1
1
  0
DICTIONARYVAR
  5
1AE
102
{ACAD_REACTORS
330
5E
102
}
330
5E
100
DictionaryVariables
280
     0
  1
0
  0
DICTIONARYVAR
  5
1AF
102
{ACAD_REACTORS
330
5E
102
}
330
5E
100
DictionaryVariables
280
     0
  1
0
  0
DICTIONARYVAR
  5
43C
102
{ACAD_REACTORS
330
5E
102
}
330
5E
100
DictionaryVariables
280
     0
  1
12.000000
  0
DICTIONARYVAR
  5
1843
102
{ACAD_REACTORS
330
5E
102
}
330
5E
100
DictionaryVariables
280
     0
  1
1
  0
DICTIONARYVAR
  5
1844
102
{ACAD_REACTORS
330
5E
102
}
330
5E
100
DictionaryVariables
280
     0
  1
2
  0
DICTIONARY
  5
18A1
102
{ACAD_REACTORS
330
18A0
102
}
330
18A0
100
AcDbDictionary
281
     1
  0
DICTIONARY
  5
18A2
102
{ACAD_REACTORS
330
18A0
102
}
330
18A0
100
AcDbDictionary
281
     1
  3
8796086774176
350
18A3
  3
8796086774192
350
18A4
  3
8796086774208
350
18A5
  3
8796086774224
350
18A6
  3
8796086774240
350
18A7
  3
8796086774256
350
18A8
  0
DICTIONARY
  5
1845
330
27C
100
AcDbDictionary
280
     1
281
     1
  3
ACAD_XREC_ROUNDTRIP
360
1846
  0
DICTIONARY
  5
1847
330
21C
100
AcDbDictionary
280
     1
281
     1
  3
ACAD_XREC_ROUNDTRIP
360
1848
  0
DICTIONARY
  5
1849
330
364
100
AcDbDictionary
280
     1
281
     1
  3
ADSK_XREC_LAYOUTTHUMBNAIL
360
184A
  0
DICTIONARY
  5
184B
330
369
100
AcDbDictionary
280
     1
281
     1
  3
ADSK_XREC_LAYOUTTHUMBNAIL
360
184C
  0
DICTIONARY
  5
184D
330
22
100
AcDbDictionary
280
     1
281
     1
  3
ADSK_XREC_LAYOUTTHUMBNAIL
360
184E
  0
DICTIONARY
  5
1F9
330
ED
100
AcDbDictionary
280
     1
281
     1
  3
ACAD_XREC_ROUNDTRIP
360
184F
  3
FBXASSET
360
1FA
  0
DICTIONARY
  5
1F7
330
EC
100
AcDbDictionary
280
     1
281
     1
  3
ACAD_XREC_ROUNDTRIP
360
1850
  3
FBXASSET
360
1F8
  0
DICTIONARY
  5
173
330
EE
100
AcDbDictionary
280
     1
281
     1
  3
ACAD_XREC_ROUNDTRIP
360
1851
  3
FBXASSET
360
1FB
  0
DICTIONARY
  5
1852
330
13B
100
AcDbDictionary
280
     1
281
     1
  3
ACAD_XREC_ROUNDTRIP
360
1853
  0
DICTIONARY
  5
1854
330
2D9
100
AcDbDictionary
280
     1
281
     1
  3
ACAD_XREC_ROUNDTRIP
360
1855
  0
DICTIONARY
  5
1856
330
2DA
100
AcDbDictionary
280
     1
281
     1
  3
ACAD_XREC_ROUNDTRIP
360
1857
  0
DICTIONARY
  5
1858
330
3D6
100
AcDbDictionary
280
     1
281
     1
  3
ACAD_XREC_ROUNDTRIP
360
1859
  0
DICTIONARY
  5
185A
330
3D4
100
AcDbDictionary
280
     1
281
     1
  3
ACAD_XREC_ROUNDTRIP
360
185B
  0
DICTIONARY
  5
185C
330
2DC
100
AcDbDictionary
280
     1
281
     1
  3
ACAD_XREC_ROUNDTRIP
360
185D
  0
DICTIONARY
  5
185E
330
2DB
100
AcDbDictionary
280
     1
281
     1
  3
ACAD_XREC_ROUNDTRIP
360
185F
  0
DICTIONARY
  5
1860
330
2D8
100
AcDbDictionary
280
     1
281
     1
  3
ACAD_XREC_ROUNDTRIP
360
1861
  0
DICTIONARY
  5
1862
330
3D5
100
AcDbDictionary
280
     1
281
     1
  3
ACAD_XREC_ROUNDTRIP
360
1863
  0
DICTIONARY
  5
1864
330
3CB
100
AcDbDictionary
280
     1
281
     1
  3
ACAD_XREC_ROUNDTRIP
360
1865
  0
DICTIONARY
  5
1866
330
12E
100
AcDbDictionary
280
     1
281
     1
  3
ACAD_XREC_ROUNDTRIP
360
1867
  0
DICTIONARY
  5
1868
330
27A
100
AcDbDictionary
280
     1
281
     1
  3
ACAD_XREC_ROUNDTRIP
360
1869
  0
DICTIONARY
  5
186A
330
21A
100
AcDbDictionary
280
     1
281
     1
  3
ACAD_XREC_ROUNDTRIP
360
186B
  0
DICTIONARY
  5
186C
330
7F
100
AcDbDictionary
280
     1
281
     1
  3
ACAD_ROUNDTRIP_2008_TABLESTYLE_CELLSTYLEMAP
360
186E
  3
ACAD_XREC_ROUNDTRIP
360
186D
  0
DICTIONARY
  5
186F
330
F5
100
AcDbDictionary
280
     1
281
     1
  3
ACAD_XREC_ROUNDTRIP
360
1870
  0
DICTIONARY
  5
1871
330
F4
100
AcDbDictionary
280
     1
281
     1
  3
ACAD_XREC_ROUNDTRIP
360
1872
  0
DICTIONARY
  5
1873
330
FB
100
AcDbDictionary
280
     1
281
     1
  3
ACAD_XREC_ROUNDTRIP
360
1874
  0
DICTIONARY
  5
1875
330
FF
100
AcDbDictionary
280
     1
281
     1
  3
ACAD_XREC_ROUNDTRIP
360
1876
  0
DICTIONARY
  5
1877
330
F8
100
AcDbDictionary
280
     1
281
     1
  3
ACAD_XREC_ROUNDTRIP
360
1878
  0
DICTIONARY
  5
1879
330
FA
100
AcDbDictionary
280
     1
281
     1
  3
ACAD_XREC_ROUNDTRIP
360
187A
  0
DICTIONARY
  5
187B
330
1E6
100
AcDbDictionary
280
     1
281
     1
  3
ACAD_XREC_ROUNDTRIP
360
187C
  0
DICTIONARY
  5
187D
330
FE
100
AcDbDictionary
280
     1
281
     1
  3
ACAD_XREC_ROUNDTRIP
360
187E
  0
DICTIONARY
  5
187F
330
F0
100
AcDbDictionary
280
     1
281
     1
  3
ACAD_XREC_ROUNDTRIP
360
1880
  0
DICTIONARY
  5
1881
330
F1
100
AcDbDictionary
280
     1
281
     1
  3
ACAD_XREC_ROUNDTRIP
360
1882
  0
DICTIONARY
  5
1883
330
F2
100
AcDbDictionary
280
     1
281
     1
  3
ACAD_XREC_ROUNDTRIP
360
1884
  0
DICTIONARY
  5
1885
330
F3
100
AcDbDictionary
280
     1
281
     1
  3
ACAD_XREC_ROUNDTRIP
360
1886
  0
DICTIONARY
  5
1887
330
F7
100
AcDbDictionary
280
     1
281
     1
  3
ACAD_XREC_ROUNDTRIP
360
1888
  0
DICTIONARY
  5
1889
330
1E4
100
AcDbDictionary
280
     1
281
     1
  3
ACAD_XREC_ROUNDTRIP
360
188A
  0
DICTIONARY
  5
188B
330
FD
100
AcDbDictionary
280
     1
281
     1
  3
ACAD_XREC_ROUNDTRIP
360
188C
  0
DICTIONARY
  5
188D
330
1E5
100
AcDbDictionary
280
     1
281
     1
  3
ACAD_XREC_ROUNDTRIP
360
188E
  0
DICTIONARY
  5
188F
330
F9
100
AcDbDictionary
280
     1
281
     1
  3
ACAD_XREC_ROUNDTRIP
360
1890
  0
DICTIONARY
  5
1891
330
1F3
100
AcDbDictionary
280
     1
281
     1
  3
ACAD_XREC_ROUNDTRIP
360
1892
  0
DICTIONARY
  5
1893
330
1F2
100
AcDbDictionary
280
     1
281
     1
  3
ACAD_XREC_ROUNDTRIP
360
1894
  0
DICTIONARY
  5
1895
330
1EF
100
AcDbDictionary
280
     1
281
     1
  3
ACAD_XREC_ROUNDTRIP
360
1896
  0
DICTIONARY
  5
1897
330
1F0
100
AcDbDictionary
280
     1
281
     1
  3
ACAD_XREC_ROUNDTRIP
360
1898
  0
DICTIONARY
  5
1899
330
FC
100
AcDbDictionary
280
     1
281
     1
  3
ACAD_XREC_ROUNDTRIP
360
189A
  0
DICTIONARY
  5
189B
330
F6
100
AcDbDictionary
280
     1
281
     1
  3
ACAD_XREC_ROUNDTRIP
360
189C
  0
DICTIONARY
  5
189D
330
1F1
100
AcDbDictionary
280
     1
281
     1
  3
ACAD_XREC_ROUNDTRIP
360
189E
  0
XRECORD
  5
18A3
102
{ACAD_REACTORS
330
18A2
102
}
330
18A2
100
AcDbXrecord
280
     1
  1
AcDb_Thumbnail_Schema
102
{ATTRRECORD
341
18A5
  2
AcDbDs::TreatedAsObjectData
280
     1
291
     1
102
ATTRRECORD}
102
{ATTRRECORD
341
18A6
  2
AcDbDs::Legacy
280
     1
291
     1
102
ATTRRECORD}
  2
AcDbDs::ID
280
    10
 91
        8
102
{ATTRRECORD
341
18A7
  2
AcDs:Indexable
280
     1
291
     1
102
ATTRRECORD}
102
{ATTRRECORD
341
18A8
  2
AcDbDs::HandleAttribute
280
     7
282
     1
102
ATTRRECORD}
  2
Thumbnail_Data
280
    15
 91
        0
  0
XRECORD
  5
18A4
102
{ACAD_REACTORS
330
18A2
102
}
330
18A2
100
AcDbXrecord
280
     1
  1
AcDb3DSolid_ASM_Data
102
{ATTRRECORD
341
18A5
  2
AcDbDs::TreatedAsObjectData
280
     1
291
     1
102
ATTRRECORD}
102
{ATTRRECORD
341
18A6
  2
AcDbDs::Legacy
280
     1
291
     1
102
ATTRRECORD}
  2
AcDbDs::ID
280
    10
 91
        8
102
{ATTRRECORD
341
18A7
  2
AcDs:Indexable
280
     1
291
     1
102
ATTRRECORD}
102
{ATTRRECORD
341
18A8
  2
AcDbDs::HandleAttribute
280
     7
282
     1
102
ATTRRECORD}
  2
ASM_Data
280
    15
 91
        0
  0
XRECORD
  5
18A5
102
{ACAD_REACTORS
330
18A2
102
}
330
18A2
100
AcDbXrecord
280
     1
  1
AcDbDs::TreatedAsObjectDataSchema
  2
AcDbDs::TreatedAsObjectData
280
     1
 91
        0
  0
XRECORD
  5
18A6
102
{ACAD_REACTORS
330
18A2
102
}
330
18A2
100
AcDbXrecord
280
     1
  1
AcDbDs::LegacySchema
  2
AcDbDs::Legacy
280
     1
 91
        0
  0
XRECORD
  5
18A7
102
{ACAD_REACTORS
330
18A2
102
}
330
18A2
100
AcDbXrecord
280
     1
  1
AcDbDs::IndexedPropertySchema
  2
AcDs:Indexable
280
     1
 91
        0
  0
XRECORD
  5
18A8
102
{ACAD_REACTORS
330
18A2
102
}
330
18A2
100
AcDbXrecord
280
     1
  1
AcDbDs::HandleAttributeSchema
  2
AcDbDs::HandleAttribute
280
     7
 91
        1
284
     1
  0
XRECORD
  5
1846
102
{ACAD_REACTORS
330
1845
102
}
330
1845
100
AcDbXrecord
280
     1
102
DISPLAYNAME
  1
Imperial24
102
FLAGS
 90
        0
  0
XRECORD
  5
1848
102
{ACAD_REACTORS
330
1847
102
}
330
1847
100
AcDbXrecord
280
     1
102
DISPLAYNAME
  1
Metric50
102
FLAGS
 90
        0
  0
XRECORD
  5
184A
102
{ACAD_REACTORS
330
1849
102
}
330
1849
100
AcDbXrecord
280
     1
310
2800000000010000B5000000010008000000000000B5000000000000000000000000000000000000FFFFFF00FFFFFF00FFFFFF000000000000000000000000000000000000000000000000000000000000000000330000006600000099000000CC000000FF00000000330000333300006633000099330000CC330000FF3300
310
0000660000336600006666000099660000CC660000FF66000000990000339900006699000099990000CC990000FF99000000CC000033CC000066CC000099CC0000CCCC0000FFCC000000FF000033FF000066FF000099FF0000CCFF0000FFFF000000003300330033006600330099003300CC003300FF003300003333003333
310
33006633330099333300CC333300FF33330000663300336633006666330099663300CC663300FF66330000993300339933006699330099993300CC993300FF99330000CC330033CC330066CC330099CC3300CCCC3300FFCC330000FF330033FF330066FF330099FF3300CCFF3300FFFF330000006600330066006600660099
310
006600CC006600FF00660000336600333366006633660099336600CC336600FF33660000666600336666006666660099666600CC666600FF66660000996600339966006699660099996600CC996600FF99660000CC660033CC660066CC660099CC6600CCCC6600FFCC660000FF660033FF660066FF660099FF6600CCFF6600
310
FFFF660000009900330099006600990099009900CC009900FF00990000339900333399006633990099339900CC339900FF33990000669900336699006666990099669900CC669900FF66990000999900339999006699990099999900CC999900FF99990000CC990033CC990066CC990099CC9900CCCC9900FFCC990000FF99
310
0033FF990066FF990099FF9900CCFF9900FFFF99000000CC003300CC006600CC009900CC00CC00CC00FF00CC000033CC003333CC006633CC009933CC00CC33CC00FF33CC000066CC003366CC006666CC009966CC00CC66CC00FF66CC000099CC003399CC006699CC009999CC00CC99CC00FF99CC0000CCCC0033CCCC0066CC
310
CC0099CCCC00CCCCCC00FFCCCC0000FFCC0033FFCC0066FFCC0099FFCC00CCFFCC00FFFFCC000000FF003300FF006600FF009900FF00CC00FF00FF00FF000033FF003333FF006633FF009933FF00CC33FF00FF33FF000066FF003366FF006666FF009966FF00CC66FF00FF66FF000099FF003399FF006699FF009999FF00CC
310
99FF00FF99FF0000CCFF0033CCFF0066CCFF0099CCFF00CCCCFF00FFCCFF0000FFFF0033FFFF0066FFFF0099FFFF00CCFFFF00FFFFFF00000000000D0D0D001A1A1A00282828003535350043434300505050005D5D5D006B6B6B00787878008686860093939300A1A1A100AEAEAE00BBBBBB00C9C9C900D6D6D600E4E4E400
310
F1F1F100FFFFFF0000000000000000000000000000000000000000000000000000000000000000000000000000000000ECECECECECECECECECECECECECECECECECECECECECECECECECECECECECECECECECECECECECECECECECECECECECECECECECECECECECECECECECECECECECECECECECECECECECECECECECECECECECECEC
310
ECECECECECECECECECECECECECECECECECECECECECECECECECECECECECECECECECECECECECECECECECECECECECECECECECECECECECECECECECECECECECECECECECECECECECECECECECECECECECECECECECECECECECECECECECECECECECECECECECECECECECECECECECECECECECECECECECECECECECECECECECECECECECECEC
310
ECECECECECECECECECECECECECECECECECECECECECECECECECECECECECECECECECECECECECECECECECECECECECECECECECECECECECECECECECECECECECECECECECECECECECECECECECECECECECECECECECECECECECECECECECECECECECECECECECECECECECECECECECECECECECECECECECECECECECECECECECECECECECECEC
310
ECECECECECECECECECECECECECECECECECECECECECECECECECECECECECECECECECECECECECECECECECECECECECECECECECECECECECECECECECECECECECECECECECECECECECECECECECECECECECECECECECECECECECECECECECECECECECECECECECECECECECECECECECECECECECECECECECECECECECECECECECECECECECECEC
310
ECECECECECECECECECECECECECECECECECECECECECECECECECECECECECECECECECECECECECECECECECECECECECECECECECECECECEC0000000000000000000000000000000000000000000000000000000000000000000000000000000000000000000000000000000000000000000000000000000000000000000000000000
310
00000000000000000000000000000000000000000000000000000000000000000000000000000000000000000000000000000000000000000000000000000000000000000000000000000000000000000000000000000000000000000000000000000000000000000000000000000000000000000000000000000000000000
310
000000000000000000000000000000000000000000000000000000000000000000000000000000000000000000000000000000ECECECEC000000000000000000000000000000000000000000000000000000000000000000000000000000000000000000000000000000000000000000000000000000000000000000000000
310
00000000000000000000000000000000000000000000000000000000000000000000000000000000000000000000000000000000000000000000000000000000000000000000000000000000000000000000000000000000000000000000000000000000000000000000000000000000000000000000000000000000000000
310
0000000000000000000000000000000000000000000000000000000000000000000000000000000000000000000000000000000000ECECECEC00000000000000000000000000000000000000000000000000000000000000000000000000000000000000000000000000000000000000000000000000000000000000000000
310
00000000000000000000000000000000000000000000000000000000000000000000000000000000000000000000000000000000000000000000000000000000000000000000000000000000000000000000000000000000000000000000000000000000000000000000000000000000000000000000000000000000000000
310
00000000000000000000000000000000000000000000000000000000000000000000000000000000000000000000000000000000000000ECECECEC0000000000000000000000000000000000000000000000000000000000000000000000000000000000000000000000000000000000000000000000000000000000000000
310
00000000000000000000000000000000000000000000000000000000000000000000000000000000000000000000000000000000000000000000000000000000000000000000000000000000000000000000000000000000000000000000000000000000000000000000000000000000000000000000000000000000000000
310
000000000000000000000000000000000000000000000000000000000000000000000000000000000000000000000000000000000000000000ECECECEC000000000000000000000000000000000000000000000000000000000000000000000000000000000000000000000000000000000000000000000000000000000000
310
00000000000000000000000000000000000000000000000000000000000000000000000000000000000000000000000000000000000000000000000000000000000000000000000000000000000000000000000000000000000000000000000000000000000000000000000000000000000000000000000000000000000000
310
0000000000000000000000000000000000000000000000000000000000000000000000000000000000000000000000000000000000000000000000ECECECEC00000000000000000000000000000000E2E2E2E20000E2E2E2E20000E2E2E2E20000E2E2E2E20000E2E2E2E20000E2E2E2E20000E2E2E2E20000E2E2E2E20000
310
E2E2E2E20000E2E2E2E20000E2E2E2E20000E2E2E2E20000E2E2E2E20000E2E2E2E20000E2E2E2E20000E2E2E2E20000E2E2E2E20000E2E2E2E20000E2E2E2E20000E2E2E2E20000E2E2E2E20000E2E2E2E20000E2E2E2E20000E2E2E2E20000E2E2E2E20000E2E2E2E20000E2E2E2E20000E2E2E2E20000E2E2E2E20000E2
310
E2E2E20000E2E2E2E20000E2E2E2E20000E2E2E2E20000E2E2E2E20000E2E2E2E20000E2E2E2E20000E2E2E2E200000000000000000000000000000000ECECECEC00000000000000000000000000000000E2000000000000000000000000000000000000000000000000000000000000000000000000000000000000000000
310
00000000000000000000000000000000000000000000000000000000000000000000000000000000000000000000000000000000000000000000000000000000000000000000000000000000000000000000000000000000000000000000000000000000000000000000000000000000000000000000000000000000000000
310
000000000000000000000000000000000000000000000000000000000000000000000000000000000000000000000000000000000000000000000000000000ECECECEC00000000000000000000000000000000E200000000000000000000000000000000000000000000000000000000000000000000000000000000000000
310
00000000000000000000000000000000000000000000000000000000000000000000000000000000000000000000000000000000000000000000000000000000000000000000000000000000000000000000000000000000000000000000000000000000000000000000000000000000000000000000000000000000000000
310
0000000000000000000000000000000000000000000000000000000000000000000000000000000000000000000000000000000000000000000000000000000000ECECECEC00000000000000000000000000000000000000000000000000000000000000000000000000000000000000000000000000000000000000000000
310
00000000000000000000000000000000000000000000000000000000000000000000000000000000000000000000000000000000000000000000000000000000000000000000000000000000000000000000000000000000000000000000000000000000000000000000000000000000000000000000000000000000000000
310
0000000000000000000000000000000000000000000000000000000000000000000000000000000000000000000000000000E200000000000000000000000000000000ECECECEC0000000000000000000000000000000000000000000000000000000000000000000000000000000000000000000000000000000000000000
310
00000000000000000000000000000000000000000000000000000000000000000000000000000000000000000000000000000000000000000000000000000000000000000000000000000000000000000000000000000000000000000000000000000000000000000000000000000000000000000000000000000000000000
310
00000000000000000000000000000000000000000000000000000000000000000000000000000000000000000000000000000000E200000000000000000000000000000000ECECECEC00000000000000000000000000000000E200000000000000000000000000000000000000000000000000000000000000000000000000
310
00000000000000000000000000000000000000000000000000000000000000000000000000000000000000000000000000000000000000000000000000000000000000000000000000000000000000000000000000000000000000000000000000000000000000000000000000000000000000000000000000000000000000
310
000000000000000000000000000000000000000000000000000000000000000000000000000000000000000000000000000000000000E200000000000000000000000000000000ECECECEC00000000000000000000000000000000E20000000000000000000000000000000000000000000000000000000000000000000000
310
00000000000000000000000000000000000000000000000000000000000000000000000000000000000000000000000000000000000000000000000000000000000000000000000000000000000000000000000000000000000000000000000000000000000000000000000000000000000000000000000000000000000000
310
0000000000000000000000000000000000000000000000000000000000000000000000000000000000000000000000000000000000000000E200000000000000000000000000000000ECECECEC00000000000000000000000000000000E2000000000000000000000000000000000000000000000000000000000000000000
310
00000000000000000000000000000000000000000000000000000000000000000000000000000000000000000000000000000000000000000000000000000000000000000000000000000000000000000000000000000000000000000000000000000000000000000000000000000000000000000000000000000000000000
310
000000000000000000000000000000000000000000000000000000000000000000000000000000000000000000000000000000000000000000000000000000000000000000000000000000ECECECEC00000000000000000000000000000000E200000000000000000000000000000000000000000000000000000000000000
310
00000000000000000000000000000000000000000000000000000000000000000000000000000000000000000000000000000000000000000000000000000000000000000000000000000000000000000000000000000000000000000000000000000000000000000000000000000000000000000000000000000000000000
310
0000000000000000000000000000000000000000000000000000000000000000000000000000000000000000000000000000000000000000000000000000000000000000000000000000000000ECECECEC00000000000000000000000000000000000000000000000000000000000000000000000000000000000000000000
310
00000000000000000000000000000000000000000000000000000000000000000000000000000000000000000000000000000000000000000000000000000000000000000000000000000000000000000000000000000000000000000000000000000000000000000000000000000000000000000000000000000000000000
310
0000000000000000000000000000000000000000000000000000000000000000000000000000000000000000000000000000000000000000000000000000E200000000000000000000000000000000ECECECEC0000000000000000000000000000000000000000000000000000000000000000000000000000000000000000
310
00000000000000000000000000000000000000000000000000000000000000000000000000000000000000000000000000000000000000000000000000000000000000000000000000000000000000000000000000000000000000000000000000000000000000000000000000000000000000000000000000000000000000
310
00000000000000000000000000000000000000000000000000000000000000000000000000000000000000000000000000000000000000000000000000000000E200000000000000000000000000000000ECECECEC00000000000000000000000000000000E200000000000000000000000000000000000000000000000000
310
00000000000000000000000000000000000000000000000000000000000000000000000000000000000000000000000000000000000000000000000000000000000000000000000000000000000000000000000000000000000000000000000000000000000000000000000000000000000000000000000000000000000000
310
000000000000000000000000000000000000000000000000000000000000000000000000000000000000000000000000000000000000000000000000000000000000E200000000000000000000000000000000ECECECEC00000000000000000000000000000000E20000000000000000000000000000000000000000000000
310
00000000000000000000000000000000000000000000000000000000000000000000000000000000000000000000000000000000000000000000000000000000000000000000000000000000000000000000000000000000000000000000000000000000000000000000000000000000000000000000000000000000000000
310
0000000000000000000000000000000000000000000000000000000000000000000000000000000000000000000000000000000000000000000000000000000000000000E200000000000000000000000000000000ECECECEC00000000000000000000000000000000E2000000000000000000000000000000000000000000
310
00000000000000000000000000000000000000000000000000000000000000000000000000000000000000000000000000000000000000000000000000000000000000000000000000000000000000000000000000000000000000000000000000000000000000000000000000000000000000000000000000000000000000
310
000000000000000000000000000000000000000000000000000000000000000000000000000000000000000000000000000000000000000000000000000000000000000000000000000000000000000000000000000000ECECECEC00000000000000000000000000000000E200000000000000000000000000000000000000
310
00000000000000000000000000000000000000000000000000000000000000000000000000000000000000000000000000000000000000000000000000000000000000000000000000000000000000000000000000000000000000000000000000000000000000000000000000000000000000000000000000000000000000
310
0000000000000000000000000000000000000000000000000000000000000000000000000000000000000000000000000000000000000000000000000000000000000000000000000000000000000000000000000000000000ECECECEC00000000000000000000000000000000000000000000000000000000000000000000
310
00000000000000000000000000000000000000000000000000000000000000000000000000000000000000000000000000000000000000000000000000000000000000000000000000000000000000000000000000000000000000000000000000000000000000000000000000000000000000000000000000000000000000
310
0000000000000000000000000000000000000000000000000000000000000000000000000000000000000000000000000000000000000000000000000000000000000000000000000000E200000000000000000000000000000000ECECECEC0000000000000000000000000000000000000000000000000000000000000000
310
000000000000E2E2E2E2E2E2E2E2E2E2E2E2E2E2E2E2E2E2E2E2E2E2E2E2E2E2E2E2E2E2E2E2E2E2E2E2E2E2E2E2E2E2E2E2E2E2E2E2E2E2E2E2E2E2E2E2E2E2E2E2E2E2E2E2E2E2E2E2E2E2E2E2E2E2E2E2E2E2E2E2E2E2E2E2E2E2E2E2E2E2E2E2E2E2E2E2E2E2E2E2E2E2E2E2E2E2E2E2E2E2E2E2E2E2E2E2E2E2E2E2E2
310
E2E2E2E2E2E2E2E2E2E2E2E2E2E2E2E2E2E2E2E2E2E2E2E2E2E2E2E2E2E2E2E2E2E2E2E2E2E2E2E2E2E2E2E2E2E2E2E2E2E2E2E2E2E2E2000000000000000000000000000000000000000000E200000000000000000000000000000000ECECECEC00000000000000000000000000000000E200000000000000000000000000
310
0000000000000000E200000000000000000000000000000000000000000000000000000000000000000000000000000000000000000000000000000000000000000000000000000000000000000000000000000000000000000000000000000000000000000000000000000000000000000000000000000000000000000000
310
0000000000000000000000000000000000000000000000000000000000000000000000000000000000000000000000000000000000000000E2000000000000000000000000000000000000000000E200000000000000000000000000000000ECECECEC00000000000000000000000000000000E20000000000000000000000
310
00000000000000000000E20000000000000000000000000000000000000000000000000000000000000000000000000000000000000000000000000000000000000000000000000000000000000000000000000000000000000000000000000000000000000000000000000000000000000000000000000000000000000000
310
00000000000000000000000000000000000000000000000000000000000000000000000000000000000000000000000000000000000000000000E2000000000000000000000000000000000000000000E200000000000000000000000000000000ECECECEC00000000000000000000000000000000E2000000000000000000
310
000000000000000000000000E2000000000000000000000000000000000000000000000000000000000000000000000000000000000000000000000000000000000000000000000000000000000000000000000000000000000000000000000000000000000000000000000000000000000000000000000000000000000000
310
000000000000000000000000000000000000000000000000000000000000000000000000000000000000000000000000000000000000000000000000E20000000000000000000000000000000000000000000000000000000000000000000000000000ECECECEC00000000000000000000000000000000E200000000000000
310
0000000000000000000000000000E200000000000000000000000000000000000000000000000000000000000000000000000000000000000000000000000000000000000000000000000000000000000000000000000000000000000000000000000000000000000000000000000000000000000000000000000000000000
310
0000000000000000000000000000000000000000000000000000000000000000000000000000000000000000000000000000000000000000000000000000E20000000000000000000000000000000000000000000000000000000000000000000000000000ECECECEC00000000000000000000000000000000000000000000
310
00000000000000000000000000000000E20000000000000000000000000000000000000000000000000000000000000000000000000000000000000000000000000000000000000000000000000000000000000000000000000000000000000000000000000000000000000000000000000000000000000000000000000000
310
00000000000000000000000000000000000000000000000000000000000000000000000000000000000000000000000000000000000000000000000000000000E2000000000000000000000000000000000000000000E200000000000000000000000000000000ECECECEC0000000000000000000000000000000000000000
310
000000000000000000000000000000000000E2000000000000000000000000000000000000000000000000000000000000000000000000000000000000000000000000000000000000000000000000000000000000000000000000000000000000000000000000000000000000000000000000000000000000000000000000
310
000000000000000000000000000000000000000000000000000000000000000000000000000000000000000000000000000000000000000000000000000000000000E2000000000000000000000000000000000000000000E200000000000000000000000000000000ECECECEC00000000000000000000000000000000E200
310
0000000000000000000000000000000000000000E200000000000000000000000000000000000000000000000000000000000000000000000000000000000000000000000000000000000000000000000000000000000000000000000000000000000000000000000000000000000000000000000000000000000000000000
310
0000000000000000000000000000000000000000000000000000000000000000000000000000000000000000000000000000000000000000000000000000000000000000E2000000000000000000000000000000000000000000E200000000000000000000000000000000ECECECEC00000000000000000000000000000000
310
E2000000000000000000000000000000000000000000E20000000000000000000000000000000000000000000000000000000000000000000000000000000000000000000000000000000000000000000000000000000000000000000000000000000000000000000000000000000000000000000000000000000000000000
310
00000000000000000000000000000000000000000000000000000000000000000000000000000000000000000000000000000000000000000000000000000000000000000000E2000000000000000000000000000000000000000000E200000000000000000000000000000000ECECECEC0000000000000000000000000000
310
0000E2000000000000000000000000000000000000000000E2000000000000000000000000000000000000000000000000000000000000000000000000000000000000000000000000000000000000000000000000000000000000000000000000000000000000000000000000000000000000000000000000000000000000
310
000000000000000000000000000000000000000000000000000000000000000000000000000000000000000000000000000000000000000000000000000000000000000000000000E20000000000000000000000000000000000000000000000000000000000000000000000000000ECECECEC000000000000000000000000
310
00000000E2000000000000000000000000000000000000000000E200000000000000000000000000000000000000000000000000000000000000000000000000000000000000000000000000000000000000000000000000000000000000000000000000000000000000000000000000000000000000000000000000000000
310
0000000000000000000000000000000000000000000000000000000000000000000000000000000000000000000000000000000000000000000000000000000000000000000000000000E20000000000000000000000000000000000000000000000000000000000000000000000000000ECECECEC00000000000000000000
310
00000000000000000000000000000000000000000000000000000000E20000000000000000000000000000000000000000000000000000000000000000000000000000000000000000000000000000000000000000000000000000000000000000000000000000000000000000000000000000000000000000000000000000
310
00000000000000000000000000000000000000000000000000000000000000000000000000000000000000000000000000000000000000000000000000000000000000000000000000000000E2000000000000000000000000000000000000000000E200000000000000000000000000000000ECECECEC0000000000000000
310
000000000000000000000000000000000000000000000000000000000000E2000000000000000000000000000000000000000000000000000000000000000000000000000000000000000000000000000000000000000000000000000000000000000000000000000000000000000000000000000000000000000000000000
310
000000000000000000000000000000000000000000000000000000000000000000000000000000000000000000000000000000000000000000000000000000000000000000000000000000000000E2000000000000000000000000000000000000000000E200000000000000000000000000000000ECECECEC000000000000
310
00000000000000000000E2000000000000000000000000000000000000000000E200000000000000000000000000000000000000000000000000000000000000000000000000000000000000000000000000000000000000000000000000000000000000000000000000000000000000000000000000000000000000000000
310
0000000000000000000000000000000000000000000000000000000000000000000000000000000000000000000000000000000000000000000000000000000000000000000000000000000000000000E2000000000000000000000000000000000000000000E200000000000000000000000000000000ECECECEC00000000
310
000000000000000000000000E2000000000000000000000000000000000000000000E20000000000000000000000000000000000000000000000000000000000000000000000000000000000000000000000000000000000000000000000000000000000000000000000000000000000000000000000000000000000000000
310
00000000000000000000000000000000000000000000000000000000000000000000000000000000000000000000000000000000000000000000000000000000000000000000000000000000000000000000E2000000000000000000000000000000000000000000E200000000000000000000000000000000ECECECEC0000
310
0000000000000000000000000000E2000000000000000000000000000000000000000000E2000000000000000000000000000000000000000000000000000000000000000000000000000000000000000000000000000000000000000000000000000000000000000000000000000000000000000000000000000000000000
310
000000000000000000000000000000000000000000000000000000000000000000000000000000000000000000000000000000000000000000000000000000000000000000000000000000000000000000000000E20000000000000000000000000000000000000000000000000000000000000000000000000000ECECECEC
310
00000000000000000000000000000000E2000000000000000000000000000000000000000000E200000000000000000000000000000000000000000000000000000000000000000000000000000000000000000000000000000000000000000000000000000000000000000000000000000000000000000000000000000000
310
0000000000000000000000000000000000000000000000000000000000000000000000000000000000000000000000000000000000000000000000000000000000000000000000000000000000000000000000000000E20000000000000000000000000000000000000000000000000000000000000000000000000000ECEC
310
ECEC0000000000000000000000000000000000000000000000000000000000000000000000000000E20000000000000000000000000000000000000000000000000000000000000000000000000000000000000000000000000000000000000000000000000000000000000000000000000000000000000000000000000000
310
00000000000000000000000000000000000000000000000000000000000000000000000000000000000000000000000000000000000000000000000000000000000000000000000000000000000000000000000000000000E2000000000000000000000000000000000000000000E200000000000000000000000000000000
310
ECECECEC0000000000000000000000000000000000000000000000000000000000000000000000000000E2000000000000000000000000000000000000000000000000000000000000000000000000000000000000000000000000000000000000000000000000000000000000000000000000000000000000000000000000
310
000000000000000000000000000000000000000000000000000000000000000000000000000000000000000000000000000000000000000000000000000000000000000000000000000000000000000000000000000000000000E2000000000000000000000000000000000000000000E20000000000000000000000000000
310
0000ECECECEC00000000000000000000000000000000E2000000000000000000000000000000000000000000E200000000000000000000000000000000000000000000000000000000000000000000000000000000000000000000000000000000000000000000000000000000000000000000000000000000000000000000
310
0000000000000000000000000000000000000000000000000000000000000000000000000000000000000000000000000000000000000000000000000000000000000000000000000000000000000000000000000000000000000000E2000000000000000000000000000000000000000000E2000000000000000000000000
310
00000000ECECECEC00000000000000000000000000000000E2000000000000000000000000000000000000000000E20000000000000000000000000000000000000000000000000000000000000000000000000000000000000000000000000000000000000000000000000000000000000000000000000000000000000000
310
00000000000000000000000000000000000000000000000000000000000000000000000000000000000000000000000000000000000000000000000000000000000000000000000000000000000000000000000000000000000000000000E2000000000000000000000000000000000000000000E200000000000000000000
310
000000000000ECECECEC00000000000000000000000000000000E2000000000000000000000000000000000000000000E2000000000000000000000000000000000000000000000000000000000000000000000000000000000000000000000000000000000000000000000000000000000000000000000000000000000000
310
000000000000000000000000000000000000000000000000000000000000000000000000000000000000000000000000000000000000000000000000000000000000000000000000000000000000000000000000000000000000000000000000E2000000000000000000000000000000000000000000000000000000000000
310
0000000000000000ECECECEC00000000000000000000000000000000E2000000000000000000000000000000000000000000E200000000000000000000000000000000000000000000000000000000000000000000000000000000000000000000000000000000000000000000000000000000000000000000000000000000
310
0000000000000000000000000000000000000000000000000000000000000000000000000000000000000000000000000000000000000000000000000000000000000000000000000000000000000000000000000000000000000000000000000000E200000000000000000000000000000000000000000000000000000000
310
00000000000000000000ECECECEC0000000000000000000000000000000000000000000000000000000000000000000000000000E20000000000000000000000000000000000000000000000000000000000000000000000000000000000000000000000000000000000000000000000000000000000000000000000000000
310
00000000000000000000000000000000000000000000000000000000000000000000000000000000000000000000000000000000000000000000000000000000000000000000000000000000000000000000000000000000000000000000000000000000E2000000000000000000000000000000000000000000E200000000
310
000000000000000000000000ECECECEC0000000000000000000000000000000000000000000000000000000000000000000000000000E2000000000000000000000000000000000000000000000000000000000000000000000000000000000000000000000000000000000000000000000000000000000000000000000000
310
000000000000000000000000000000000000000000000000000000000000000000000000000000000000000000000000000000000000000000000000000000000000000000000000000000000000000000000000000000000000000000000000000000000000E2000000000000000000000000000000000000000000E20000
310
0000000000000000000000000000ECECECEC00000000000000000000000000000000E2000000000000000000000000000000000000000000E200000000000000000000000000000000000000000000000000000000000000000000000000000000000000000000000000000000000000000000000000000000000000000000
310
0000000000000000000000000000000000000000000000000000000000000000000000000000000000000000000000000000000000000000000000000000000000000000000000000000000000000000000000000000000000000000000000000000000000000000E2000000000000000000000000000000000000000000E2
310
00000000000000000000000000000000ECECECEC00000000000000000000000000000000E2000000000000000000000000000000000000000000E20000000000000000000000000000000000000000000000000000000000000000000000000000000000000000000000000000000000000000000000000000000000000000
310
00000000000000000000000000000000000000000000000000000000000000000000000000000000000000000000000000000000000000000000000000000000000000000000000000000000000000000000000000000000000000000000000000000000000000000000E20000000000000000000000000000000000000000
310
00E200000000000000000000000000000000ECECECEC00000000000000000000000000000000E2000000000000000000000000000000000000000000E2000000000000000000000000000000000000000000000000000000000000000000000000000000000000000000000000000000000000000000000000000000000000
310
000000000000000000000000000000000000000000000000000000000000000000000000000000000000000000000000000000000000000000000000000000000000000000000000000000000000000000000000000000000000000000000000000000000000000000000000E2000000000000000000000000000000000000
310
0000000000000000000000000000000000000000ECECECEC00000000000000000000000000000000E2000000000000000000000000000000000000000000E200000000000000000000000000000000000000000000000000000000000000000000000000000000000000000000000000000000000000000000000000000000
310
0000000000000000000000000000000000000000000000000000000000000000000000000000000000000000000000000000000000000000000000000000000000000000000000000000000000000000000000000000000000000000000000000000000000000000000000000000E200000000000000000000000000000000
310
00000000000000000000000000000000000000000000ECECECEC0000000000000000000000000000000000000000000000000000000000000000000000000000E20000000000000000000000000000000000000000000000000000000000000000000000000000000000000000000000000000000000000000000000000000
310
00000000000000000000000000000000000000000000000000000000000000000000000000000000000000000000000000000000000000000000000000000000000000000000E2E2E2E2E2E2E2E2E2E2E2E2E2E2E20000000000000000000000E2E2E2E2E2E2E2E2E2E2E2E2E2E2E200E20000000000000000000000000000
310
00000000000000E200000000000000000000000000000000ECECECEC0000000000000000000000000000000000000000000000000000000000000000000000000000E2000000000000000000000000000000000000000000000000000000000000000000000000000000000000000000000000000000000000000000000000
310
0000000000000000000000000000000000000000000000000000000000000000000000000000000000000000000000000000000000000000000000000000000000000000E2E2E2E2E2E2E2E2E2E2E2E2E2E2E2E2E2E2E20000000000000000E2E2E2E2E2E2E2E2E2E2E2E2E2E2E2E2E2E200E2000000000000000000000000
310
000000000000000000E200000000000000000000000000000000ECECECEC00000000000000000000000000000000E2000000000000000000000000000000000000000000E200000000000000000000000000000000000000000000000000000000000000000000000000000000000000000000000000000000000000000000
310
00000000000000000000000000000000000000000000000000000000000000000000000000000000000000000000000000000000000000000000000000000000000000000000E2000000E2E2E2E2E2E2E2E2E2E2E2E2E2E2E20000000000000000E20000E2E2E2E2E2E2E2E2E2E2E2E2E2E2E200E200000000000000000000
310
0000000000000000000000E200000000000000000000000000000000ECECECEC00000000000000000000000000000000E2000000000000000000000000000000000000000000E20000000000000000000000000000000000000000000000000000000000000000000000000000000000000000000000000000000000000000
310
0000000000000000000000000000000000000000000000000000000000000000000000000000000000000000000000000000000000000000000000000000000000000000000000E200000000000000000000000000000000000000000000000000E2E200000000000000000000000000000000000000E20000000000000000
310
00000000000000000000000000E200000000000000000000000000000000ECECECEC00000000000000000000000000000000E2000000000000000000000000000000000000000000E2000000000000000000000000000000000000000000000000000000000000000000000000000000000000000000000000000000000000
310
000000000000000000000000000000000000000000000000000000000000000000000000000000000000000000000000000000000000000000000000000000000000000000000000E2E2E2E2E2E2E2E2E2E2E2E2E2E2E2E2E2E2E2E20000000000E2E2E2E2E2E2E2E2E2E2E2E2E2E2E2E2E2E2E2E2000000E2000000000000
310
0000000000000000000000000000000000000000000000000000000000000000ECECECEC00000000000000000000000000000000E2000000000000000000000000000000000000000000E200000000000000000000000000000000000000000000000000000000000000000000000000000000000000000000000000000000
310
0000000000000000000000000000000000000000000000000000000000000000000000000000000000000000000000000000000000000000000000000000000000000000000000000000E2E2E2E2E2E2E2E2E2E2E2E2E2E2E2E2E2E2E2E20000000000E2E2E2E2E2E2E2E2E2E2E2E2E2E2E2E2E2E2E2E2000000E200000000
310
00000000000000000000000000000000000000000000000000000000000000000000ECECECEC0000000000000000000000000000000000000000000000000000000000000000000000000000E20000000000000000000000000000000000000000000000000000000000000000000000000000000000000000000000000000
310
0000000000000000000000000000000000000000000000000000000000000000000000000000000000000000E2E2E2E2E2E2E2E2E20000000000000000000000000000000000000000000000E2E2E2E2E2E2E2E2E2E2E2E2E2E2E2E2E2E2E2E20000000000E2E2E2E2E2E2E2E2E2E2E2E2E2E2E2E2E2E2E2E2000000E20000
310
00000000000000000000000000000000000000E200000000000000000000000000000000ECECECEC0000000000000000000000000000000000000000000000000000000000000000000000000000E2000000000000000000000000000000000000000000000000000000000000000000000000000000000000000000000000
310
00000000000000000000000000000000000000000000000000000000000000000000000000000000000000000000E2E2E2E2E2E2E2E2E20000000000000000000000000000000000000000000000E2E2E2E2E2E2E2E2E2E2E2E2E2E2E2E2E2E2E2E20000000000E2E2E2E2E2E2E2E2E2E2E2E2E2E2E2E2E2E2E2E2000000E2
310
000000000000000000000000000000000000000000E200000000000000000000000000000000ECECECEC00000000000000000000000000000000E2000000000000000000000000000000000000000000E200000000000000000000000000000000000000000000000000000000000000000000000000000000000000000000
310
000000000000000000000000000000000000000000000000000000000000000000000000000000000000000000E2E2E2E2E2E2E2E2E2E2E2E20000000000000000000000000000000000000000000000E2E2E2E2E2E2E2E2E2E2E2E2E2E2E2E2E2E2E2E2E2E2E2E2E2E2E2E2E2E2E2E2E2E2E2E2E2E2E2E2E2E2E2E2E20000
310
00E2000000000000000000000000000000000000000000E200000000000000000000000000000000ECECECEC00000000000000000000000000000000E2000000000000000000000000000000000000000000E20000000000000000000000000000000000000000000000000000000000000000000000000000000000000000
310
000000000000000000000000000000000000000000000000000000000000000000000000000000000000000000E2E2000000E2E2E2E2E2E2E2E2E20000000000000000000000000000000000000000000000E2E2E2E2E2E2E2E2E2E2E2E2E2E2E2E2E2E2E2E2E2E2E2E200E2E2E2E2E2E2E2E2E2E2E2E2E2E2E2E2E2E2E2E2
310
000000E2000000000000000000000000000000000000000000E200000000000000000000000000000000ECECECEC00000000000000000000000000000000E2000000000000000000000000000000000000000000E2000000000000000000000000000000000000000000000000000000000000000000000000000000000000
310
000000000000000000000000000000000000000000000000000000000000000000000000000000000000000000E2E2000000000000000000000000000000E2E2E2E2E2E2E2E2E2E2E2E200000000000000000000E2E2E2E2E2E2E2E2E2E2E2E2E2E2E2E2E2E2E2E200E2E2E200E2E2E2E2E2E2E2E2E2E2E2E2E2E2E2E2E2E2
310
E2E2000000E20000000000000000000000000000000000000000000000000000000000000000000000000000ECECECEC00000000000000000000000000000000E2000000000000000000000000000000000000000000E200000000000000000000000000000000000000000000000000000000000000000000000000000000
310
000000000000000000000000000000000000000000000000000000000000000000000000000000000000000000E2E2E2E2E2E2E2E2E200000000000000000000E2E2E2E2E2E2E2E2E2E2E2E200000000000000000000E2E2E2E2E2E2E2E2E2E2E2E2E2E2E2E2E2E2E2E200E2E2E200E2E2E2E2E2E2E2E2E2E2E2E2E2E2E2E2
310
E2E2E2E2000000E20000000000000000000000000000000000000000000000000000000000000000000000000000ECECECEC0000000000000000000000000000000000000000000000000000000000000000000000000000E20000000000000000000000000000000000000000000000000000000000000000000000000000
310
000000000000000000000000E200000000000000000000000000000000000000000000000000000000000000000000E2E2E2E2E2E2E2E2E2E2000000000000E2E2E2E2E2E2E2E2E2E2E2E2E2E2E200000000000000000000E2E2E2E2E2E2E2E2E2E2E2E2E2E2E2E2E2E2E2E200E2E2E200E2E2E2E2E2E2E2E2E2E2E2E2E2E2
310
E2E2E2E2E2E2000000E2000000000000000000000000000000000000000000E200000000000000000000000000000000ECECECEC0000000000000000000000000000000000000000000000000000000000000000000000000000E2000000000000000000000000000000000000000000000000000000000000000000000000
310
00000000000000000000000000E200E2000000000000000000000000000000000000000000000000000000000000000000E2E2000000000000E2E20000000000E2000000E2E2E2E2E2E2E2E2E2E2E2E200000000000000000000E2E2E2E2E2E2E2E2E2E2E2E2E2E2E2E2E2E2E2E200E2E2E200E2E2E2E2E2E2E2E2E2E2E2E2
310
E2E2E2E2E2E2E2E2000000E2000000000000000000000000000000000000000000E200000000000000000000000000000000ECECECEC00000000000000000000000000000000E2000000000000000000000000000000000000000000E200000000000000000000000000000000000000000000000000000000000000000000
310
000000000000000000000000000000E20000E20000000000000000000000000000000000000000000000000000000000000000E2E2E2E2E2E2E2E2E2E200000000E20000000000000000000000000000000000000000000000000000000000000000000000000000000000000000000000E2E2E20000000000000000000000
310
00000000000000000000000000E2000000000000000000000000000000000000000000E200000000000000000000000000000000ECECECEC00000000000000000000000000000000E2000000000000000000000000000000000000000000E20000000000000000000000000000000000000000000000000000000000000000
310
00000000000000000000000000000000E2E2E2E2E20000000000000000000000000000000000000000000000000000000000000000E20000000000000000E20000E2E2E2E2E2E2E2E2E2E2E2E2E2E2E2E2E2E2E2E2E2E2E2E20000000000000000000000000000000000000000000000000000E2E2E2000000000000000000
310
000000000000000000000000000000E2000000000000000000000000000000000000000000E200000000000000000000000000000000ECECECEC00000000000000000000000000000000E2000000000000000000000000000000000000000000E2000000000000000000000000000000000000000000000000000000000000
310
000000000000000000000000000000000000E2E2E2E2E2E2000000000000E2E2E2E2E2E2E2E2E2E2000000000000000000000000000000E2E2E2E2E2E2E2E2E2E20000E2E200E20000E20000E20000E200E20000E20000E20000E20000000000000000000000000000000000000000000000000000E2E2E200000000000000
310
0000000000000000000000000000000000E20000000000000000000000000000000000000000000000000000000000000000000000000000ECECECEC00000000000000000000000000000000E2000000000000000000000000000000000000000000E200000000000000000000000000000000000000000000000000000000
310
0000000000000000000000000000000000000000E2E2E2E2E2E2E2E200000000E2E2E2E2E2E2E2E2E2E2000000000000000000000000000000E20000000000000000E20000E2E2E2E2E2E2E2E2E2E2E2E2E2E2E2E2E2E2E2E2E2E2E2E20000000000000000000000000000000000000000000000000000E2E2E20000000000
310
00000000000000000000000000000000000000E20000000000000000000000000000000000000000000000000000000000000000000000000000ECECECEC0000000000000000000000000000000000000000000000000000000000000000000000000000E20000000000000000000000000000000000000000000000000000
310
00000000000000000000000000000000000000000000E2E2E2E2E2E20000E2E2E2E2E2E2E2E2E2E2E2E2E2E2000000000000000000000000000000E2E200E2E2E2E2E2E2E20000E2E200E20000E20000E20000E200E20000E20000E20000E200000000000000000000000000000000000000000000000000E2E2E2E2E200E2
310
E20000000000000000000000000000000000000000E2000000000000000000000000000000000000000000E200000000000000000000000000000000ECECECEC0000000000000000000000000000000000000000000000000000000000000000000000000000E2000000000000000000000000000000000000000000000000
310
000000000000000000000000000000000000000000000000E200000000E2E20000000000E2E2E2E2E2E2E2E2E2E2000000000000000000000000000000E2E200E20000E2E200E20000E2E2E2E2E2E2E2E2E2E2E2E2E2E2E2E2E2E2E2E2E2E2E2E2000000000000000000000000000000000000000000000000E2E2E2E2E2E2
310
E2E2E20000000000000000000000000000000000000000E2000000000000000000000000000000000000000000E200000000000000000000000000000000ECECECEC00000000000000000000000000000000E2000000000000000000000000000000000000000000E200000000000000000000000000000000000000000000
310
00000000000000000000000000000000000000000000000000E2E200000000E2E2000000000000000000000000000000000000000000000000000000000000E2E200E20000E2E200E20000E2E200E20000E20000E20000E200E20000E20000E20000E2000000000000000000000000000000000000000000000000E2E2E2E2
310
E2E2E2E2E20000000000000000000000000000000000000000E2000000000000000000000000000000000000000000E200000000000000000000000000000000ECECECEC00000000000000000000000000000000E2000000000000000000000000000000000000000000E20000000000000000000000000000000000000000
310
000000000000000000000000000000000000000000000000000000E2E200000000E2E2000000000000000000000000000000000000000000000000000000000000E2E200E20000E2E200E20000E2E200E20000E20000E20000E200E20000E20000E20000E2000000000000000000000000000000000000000000000000E2E2
310
E2E2E2E2E2E2E20000000000000000000000000000000000000000E2000000000000000000000000000000000000000000E200000000000000000000000000000000ECECECEC00000000000000000000000000000000E2000000000000000000000000000000000000000000E2000000000000000000000000000000000000
310
0000000000000000000000000000000000000000000000000000000000E2E200000000E2E2E20000000000000000000000000000000000000000000000000000000000E2E200E20000E2E200E20000E2E2E2E2E2E2E2E2E2E2E2E2E2E2E2E2E2E2E2E2E2E2E2E2000000000000000000000000000000000000000000000000
310
E2E2E2E2E2E2E2E2E20000000000000000000000000000000000000000E20000000000000000000000000000000000000000000000000000000000000000000000000000ECECECEC00000000000000000000000000000000E2000000000000000000000000000000000000000000E200000000000000000000000000000000
310
000000000000000000000000000000000000000000000000000000000000E200E200000000E2E2E20000000000000000000000000000000000000000000000000000000000E2E200E2E2E2E2E2E2E20000E2E200E20000E20000E20000E200E20000E20000E20000E2000000000000E2E2E2E2E2E2E2E2E200000000000000
310
00000000E2E2E2E2E200000000E2E2E2E2E2E2E2E2E2E2E200000000000000E20000000000000000000000000000000000000000000000000000000000000000000000000000ECECECEC0000000000000000000000000000000000000000000000000000000000000000000000000000E20000000000000000000000000000
310
0000000000000000000000000000000000000000000000000000000000000000E200E200000000E200E2E200000000000000000000000000000000000000000000000000000000E20000000000000000E20000E2E2E2E2E2E2E2E2E2E2E2E2E2E2E2E2E2E2E2E2E2E2E2E2000000E2E2E2E2E2E2E2E2E2E2E2E20000000000
310
000000000000E2E2E200E2E2000000E2E2E2E2E2E2E2E2E2E2E200000000000000E2000000000000000000000000000000000000000000E200000000000000000000000000000000ECECECEC0000000000000000000000000000000000000000000000000000000000000000000000000000E2000000000000000000000000
310
000000000000000000000000000000000000000000000000000000000000000000E20000E200000000E200E2E200000000000000000000000000000000000000000000000000000000E20000000000000000E20000E2E200E20000E20000E20000E200E20000E20000E20000E20000E2000000E2E2E2E2E2E2E2E2E2000000
310
0000000000000000E2E2E2000000E2E2E2E2E2E2E2E2E2E2E2E2E2E200000000000000E2000000000000000000000000000000000000000000E200000000000000000000000000000000ECECECEC00000000000000000000000000000000E2000000000000000000000000000000000000000000E200000000000000000000
310
00000000000000000000000000000000000000000000000000000000000000000000E2E20000E200000000E20000E2E2000000E2E2E2E2E2E2E2E2E2E2E2E2E2E2E2000000000000000000E2E2E2E2E2E2E2E2E2E20000E2E2E2E2E2E2E2E2E2E2E2E2E2E2E2E2E2E2E2E2E2E2E2E200E20000000000000000000000000000
310
00000000000000000000E2E2E2000000000000E2E2E2E2E2E2E2E2E2E2E200000000000000E2000000000000000000000000000000000000000000E200000000000000000000000000000000ECECECEC00000000000000000000000000000000E2000000000000000000000000000000000000000000E20000000000000000
310
0000000000000000000000000000000000000000000000000000000000000000000000E2E2E2E2E2E200000000E2E2E2E2E20000E200E2E2000000000000000000E2E200E200000000000000000000E2E2E2E2E2E2000000000000000000000000000000E2E2E2000000000000000000E2E200000000000000000000000000
310
000000000000000000000000E2E2E2000000000000000000000000000000000000000000000000E2000000000000000000000000000000000000000000E200000000000000000000000000000000ECECECEC00000000000000000000000000000000E2000000000000000000000000000000000000000000E2000000000000
310
00000000000000000000000000E20000000000000000000000000000000000000000000000E2E2E200E2E200000000E20000E2E20000E2E2E2E2E2E2E2E2E2E2E2E2E2E2E2E2E20000000000000000000000E2E2E2E200000000000000000000000000000000E2E2E20000000000000000E2000000000000000000E2E2E2E2
310
E2E2000000000000000000000000E2E2E2000000000000000000000000000000000000000000000000E20000000000000000000000000000000000000000000000000000000000000000000000000000ECECECEC00000000000000000000000000000000E2000000000000000000000000000000000000000000E200000000
310
00000000000000E2E2E2E2E2E2E2E2E2E200000000000000000000000000000000000000000000E2E2E2E2E2E2E2E2E2E2E2E2E2E2E20000E200E2E2000000000000000000E2E200E20000000000000000000000E2E2E20000000000000000000000000000000000E2E2E200000000000000E200000000000000000000E2E2
310
0000E2E2000000000000000000000000E2E2E2000000000000000000000000000000000000000000000000E20000000000000000000000000000000000000000000000000000000000000000000000000000ECECECEC0000000000000000000000000000000000000000000000000000000000000000000000000000E20000
310
000000000000E2E2E20000E2E2E2E2E2E2E2E2000000E2E2E2E2E2E2E2E2E2E2E2E2E2E2E2E2E2E2E2E2E2E2E2E200E2E2E200E2E2E2000000E20000E200E200000000000000E200E20000E20000000000000000E2E2E2E2E2E2E2E20000000000000000000000000000E2E2E2000000000000E200000000E2E2E2E2E2E2E2
310
E2E2E2E2E2E2E2E2E2E2E2E2E20000000000E2E2E2000000000000000000000000000000000000000000000000E2000000000000000000000000000000000000000000E200000000000000000000000000000000ECECECEC0000000000000000000000000000000000000000000000000000000000000000000000000000E2
310
000000000000E2E2E2E2E2E2E200E2E2000000E2E2000000E200E2E2E2E2E2E20000000000E2E2E2E2E2E200E2000000E2E2E2E2E200000000E2E200E20000E2E2E2E2E2E2E2E2E2E2E20000E200E2E200000000E2E2E20000E2E200E200E2E200000000E2E2E2E2E2E2E2E2E2E2E2E2E2E2E2E2E2E2E2000000E200E2E2E2
310
E2E2E20000000000E2E2E2E2E2E2E2E200000000E2E2E2000000000000000000000000000000000000000000000000E2000000000000000000000000000000000000000000E200000000000000000000000000000000ECECECEC00000000000000000000000000000000E20000000000000000000000000000000000000000
310
00E200000000E2E2E2E2E2E2E2E2E2E20000000000E2E2E2E200E20000E20000E200000000000000E20000E20000E200000000E2E2E2E2000000E2E2E200E200E2E2E2E2E2E2E2E2E2E2E2E2E200E200E2E2E2000000E2E2E2E2E2E2E2E200E2E200000000E2E2E2000000E2E2E2E2E2E2E2E2E20000E200E2000000E20000
310
E20000E200000000000000E20000E200E2E2000000E2E2E2E200000000E2E2E2E2E2E2E2E2E2E2E2000000000000000000E2000000000000000000000000000000000000000000E200000000000000000000000000000000ECECECEC00000000000000000000000000000000E2000000000000000000000000000000000000
310
000000E2000000E2E2E20000E2E2000000000000000000E2E2E2E2E2E200000000000000000000000000000000000000E2E20000E2E20000E2E20000E2E2E200E200E2E2000000000000000000E2E200E200E2E2E20000E2E200E2E200000000E2E2E2E2000000E2E2E2000000E200E2000000E200E20000E200E2E200E2E2
310
000000000000000000000000000000000000E200E200E2E20000E2E2000000E2000000000000000000E2E20000000000000000E2000000000000000000000000000000000000000000E200000000000000000000000000000000ECECECEC00000000000000000000000000000000E200000000000000000000000000000000
310
0000000000E20000E2E2E2E2E2000000000000000000000000E2E200E2E2E200000000000000000000000000000000000000E2E2E2E2E200000000E2E2E200E2E200E200E200E200000000000000E200E200E200E2E200E2E2E200E20000E2E2E2E200E200E200E2E200E2E2000000E2E2E2E2E2E2E2E2E20000E200E2E2E2
310
E2E2000000000000000000000000000000000000E200E2E2E200000000E2E2E2E2E2000000000000000000E2E20000000000000000E20000000000000000000000000000000000000000000000000000000000000000000000000000ECECECEC00000000000000000000000000000000E20000000000000000000000000000
310
00000000000000E20000E2E2E2E200000000000000000000000000E2E2E2E2E2E200000000000000000000000000000000000000E2E2E2E2000000000000E2E2E2E2E200E20000E2E2E2E2E2E2E2E2E2E2E20000E200E2E2E2E2E2E2E2E200E2E2E2E2E200E2E2E2E2E2E2E2E2E20000000000000000000000000000E200E2
310
E2E2E2E2000000000000000000000000000000000000E200E2E2E20000000000E2E2E2E20000E2E20000E2E200E2E20000000000000000E20000000000000000000000000000000000000000000000000000000000000000000000000000ECECECEC0000000000000000000000000000000000000000000000000000000000
310
000000000000000000E200E200E2E2E200000000000000000000000000E2E200E2E2E2E2E2E2E2E2E2E2E2E2E2E2E2E2E2E2E2E2E2E2E2E2E200000000000000E2E200E2E200E2000000000000000000000000000000E200E2E200E2E2E2E2E200E2E200E2E200E2E2E2E2E2E200E2E20000000000000000000000000000E2
310
00E2E2E2E2E2000000000000000000000000000000000000E200E2E200000000000000E2E2E200E2E2E200E2E2E200E2E20000000000000000E2000000000000000000000000000000000000000000E200000000000000000000000000000000ECECECEC000000000000000000000000000000000000000000000000000000
310
0000000000000000000000E20000E2E2E2E200000000000000000000000000E2E2E2E2E2E200000000000000000000000000000000000000E2E2E2E2E200000000E2E2E2E2E2E200E20000E2E2E2E2E2E2E2E2E2E2E20000E200E2E2E2E2E2E200E200E2E2E2E2E200E200E2E2E2E2E2E2E200000000000000000000000000
310
00E200E2E2E2E2E2000000000000000000000000000000000000E200E2E2E200000000E2E2E2E2E20000E2E20000E2E200E2E20000000000000000E2000000000000000000000000000000000000000000E200000000000000000000000000000000ECECECEC00000000000000000000000000000000E20000000000000000
310
00000000000000000000000000E20000E2E2E200E2000000000000000000000000E2E200E2E2E20000E200000000000000000000000000E20000E2E2E200E2E20000E2E200E2E2E2E200E200E2E2E200000000000000E2E2E200E200E2E2E2E200E200E2E200E2E2E20000E200E2E200E2E2E2E2000000E2E2E2E2E2E2E2E2
310
E20000E200E2E2E2E2E2000000000000000000000000000000000000E200E2E2E2E20000E2E200E2E2E2000000000000000000E2E20000000000000000E2000000000000000000000000000000000000000000E200000000000000000000000000000000ECECECEC00000000000000000000000000000000E2000000000000
310
000000000000000000000000000000E2000000E2E2E2E200E2E2E2E2E2000000000000E2E2E2E2E2E200E2E2E2E2E2E2E2E2E2E2E2E2E2E2E2E2E200E2E2000000E200E2E2000000E2E2E200E200E2E2E200000000000000E2E2E200E200E2E2E20000E2E2E2E2E200000000E200E2E2000000E2E2E2000000E200E2000000
310
E200E20000E200E20000E2E2000000000000000000000000000000000000E200E20000E20000E200000000E2000000000000000000E2E20000000000000000E2000000000000000000000000000000000000000000E200000000000000000000000000000000ECECECEC00000000000000000000000000000000E200000000
310
0000000000000000000000000000000000E200000000E200E2E2E2E2E2E2E2E2E2E2000000E2E2E2E200E20000E200000000000000000000000000E2E200E2000000E2E2E2E2E200000000E2E200E20000E2E2E2E2E2E2E2E2E2E2E20000E200E2E2000000E2E2E2E2E2E2E2E2E200E200E200000000E2E2E2E2E2E2E2E2E2
310
E2E2E2E2E2E2E2E2E2E2000000E20000E2E2E2E200000000000000E2E2E2E200E2E2000000E2E2E2E200000000E2E2E2E2E2E2E2E2E2E2E2000000000000000000E20000000000000000000000000000000000000000000000000000000000000000000000000000ECECECEC00000000000000000000000000000000E20000
310
00000000000000000000000000000000000000E20000000000E2E200E2E2E2E2E2E2E2E2000000E2E2000000E20000E20000000000000000000000000000E200E200000000E2E2E2E2000000000000E2000000E2E2E2E2E2E2E2E2E2E2E2000000E2000000000000E2E2E20000E2E200E200E2000000000000000000000000
310
00E2E2E20000000000000000000000E200E200E2E2E2E20000000000E200E2E2E2E2E2E200000000E2E2E2000000000000E20000000000000000000000000000000000E20000000000000000000000000000000000000000000000000000000000000000000000000000ECECECEC0000000000000000000000000000000000
310
000000000000000000000000000000000000000000E200000000000000E2E2E2E20000E2E2E2E2E2E2E2E2000000E2E2E2E2E2E2E2E2E2E2E2E2E2E2E2E2E2E2E2E2E2E2E2E200E2E2E200E2E2E200000000E200E2E2E200000000000000E2E2E200E2000000000000000000E2E2E2E2E2E2E2E20000000000000000000000
310
000000E2E2E20000000000000000000000E2E2E2E2E2E2E2E2E2E2E2E2E2E2E2E2E2E2E2E20000000000E2E2E2000000000000E20000000000000000000000000000000000E2000000000000000000000000000000000000000000E200000000000000000000000000000000ECECECEC000000000000000000000000000000
310
0000000000000000000000000000000000000000000000E2000000000000000000E200E2E2E2E2E2E2E2E2E2000000000000E200000000000000000000000000000000E2E2E2E2E2E2E2E2E2E2E2E2E2E2E20000E200E2E2E200000000000000E2E2E200E20000000000000000000000E2E2E2E20000000000000000000000
310
0000000000E2E2E2000000000000000000000000E2E200000000E2E2E2E2E2E2000000000000000000000000E2E2E2000000000000E20000000000000000000000000000000000E2000000000000000000000000000000000000000000E200000000000000000000000000000000ECECECEC00000000000000000000000000
310
000000E2000000000000000000000000000000000000000000E2000000000000000000E200000000000000000000000000000000E200000000000000000000000000000000E2E2E2E2E2E200000000E2E2E2E2E20000E2E200E2E2E2E2E2E2E2E2E2E2E200E2E20000000000000000000000E2E2E2E2000000000000000000
310
00000000000000E2E2E200000000000000000000000000E20000000000E2E2E2E2E2000000000000000000000000E2E2E200000000000000E2000000E2E2E2E2E2E2E2000000000000E2000000000000000000000000000000000000000000E200000000000000000000000000000000ECECECEC0000000000000000000000
310
0000000000E2000000000000000000000000000000000000000000E2000000000000000000E200000000000000000000000000000000E20000000000000000000000000000000000E2E2E2E2E200000000E2E2E2E2E20000E200E20000000000000000000000E200E2000000000000000000E2E200E2E200E2E2000000E2E2
310
E2E2E2E2E2E2E2E2E2E2E2E2E2E2E2E2E2E2E2E2E2E200000000E2000000000000000000000000000000000000000000E2E2E200000000000000E2000000E2E2E2E2E2E2E2000000000000E2000000000000000000000000000000000000000000E200000000000000000000000000000000ECECECEC000000000000000000
310
00000000000000E2000000000000000000000000000000000000000000E200000000000000000000E200000000000000000000000000000000E20000E2E2E2E2E2E2E2E2E2E20000000000E20000E200000000E200E2E200000000E2E2E2E2E2E2E2E2E2E2E2E2E2E2E2000000000000000000E2E2E2E2E2E2E2E2E2E20000
310
E2E2E2E2E2E2E2E2E2E2E2E2E2E2E2E2E2E2E2E2E2E2E2E200000000E2000000E2E2E2E2E2E2E2E2E2E2E2E2E2E200000000E2E2E200000000000000E2E2E2E2E2E2E2E2E2E2E2000000000000E20000000000000000000000000000000000000000000000000000000000000000000000000000ECECECEC00000000000000
310
000000000000000000E2000000000000000000000000000000000000000000E200000000000000000000E2000000E2E2E2E2E2E2E2000000000000E20000E2E2E2E2E2E2E2E2E2E20000000000E2E200E200000000E200E2E200000000E2E200000000000000000000000000000000000000000000E20000000000000000E2
310
0000E2E200E20000E20000E20000E200E20000E20000E20000E20000000000E20000E2E2E2E2E2E2E2E2E2E2E2E2E2E200000000E2E2E20000000000000000000000E2E2E2E2E2E2E2000000000000E20000000000000000000000000000000000000000000000000000000000000000000000000000ECECECEC0000000000
310
000000000000000000000000000000000000000000000000000000000000000000E200000000000000000000E2E2E2E2E2E2E2E2E2E2E2000000000000E2E2E2E2E2E2E2E2E2E2E2E2E2000000000000E200E200000000E2E2E2000000000000E200000000000000000000000000000000000000000000E200000000000000
310
00E20000E2E2E2E2E2E2E2E2E2E2E2E2E2E2E2E2E2E2E2E2E2E2E2E20000000000E2E2E2E2E2E2E2E2E2E2E2E2E2E2E2E2E200000000E200E2000000000000000000000000000000000000000000000000E2000000000000000000000000000000000000000000E200000000000000000000000000000000ECECECEC000000
310
0000000000000000000000000000000000000000000000000000000000000000000000E20000000000000000000000000000E2E2E2E2E2E2E2000000000000000000E2E2E2E2E2E2E2E2E2E2000000000000E2E2E200000000E2E2E2000000000000E200000000000000000000000000000000000000000000E2E200E2E2E2
310
E2E2E2E20000E2E200E20000E20000E20000E200E20000E20000E20000E20000000000000000E2E2E2E2E2E2E2E2E2E2E2E2E2E2000000E2E2E2E2E20000000000000000000000000000000000000000000000E2000000000000000000000000000000000000000000E200000000000000000000000000000000ECECECEC00
310
000000000000000000000000000000E2000000000000000000000000000000000000000000E20000000000000000000000000000E2E2E2E2E2E2E20000000000000000000000000000000000000000000000000000E2E200000000E2E20000000000000000E20000E2E2E2E2E2E2E2E2E2E2E2E2E2E2E200000000E2E200E2
310
0000E2E200E20000E2E2E2E2E2E2E2E2E2E2E2E2E2E2E2E2E2E2E2E2E2E2E2E2000000000000000000000000000000000000000000000000E2E2E2E2E2E2E2E2E20000000000000000000000000000000000000000E2000000000000000000000000000000000000000000E200000000000000000000000000000000ECECEC
310
EC00000000000000000000000000000000E2000000000000000000000000000000000000000000E20000000000000000000000000000000000000000000000000000000000000000000000000000000000000000000000E2E200000000E2E20000000000000000E20000E2E2E2E2E2E2E2E2E2E2E2E2E2E2E200000000E2E2
310
00E20000E2E200E20000E2E200E20000E20000E20000E200E20000E20000E20000E2000000000000000000000000000000000000000000000000E2E2E2E2E2E2E2E2E20000000000000000000000000000000000000000E2000000000000000000000000000000000000000000E200000000000000000000000000000000EC
310
ECECEC00000000000000000000000000000000E2000000000000000000000000000000000000000000E2000000000000000000000000000000000000000000000000000000000000000000000000000000000000000000000000E200000000E2E20000000000000000E2E2E2E2E2E2E2E2E2E2E2E2E2E2E2E2E2E200000000
310
E2E200E20000E2E200E20000E2E2E2E2E2E2E2E2E2E2E2E2E2E2E2E2E2E2E2E2E2E2E2E2000000000000000000000000000000000000000000000000E2E2E2E2E2E2E2E2E20000000000000000000000000000000000000000E200000000000000000000000000000000000000000000000000000000000000000000000000
310
00ECECECEC00000000000000000000000000000000E2000000000000000000000000000000000000000000E2000000000000000000000000000000000000000000000000000000000000000000000000000000000000000000000000E200000000E2000000000000000000000000E2E2E2E2E2E2E2E2E2E2E2E2E2E2E20000
310
0000E2E200E2E2E2E2E2E2E20000E2E200E20000E20000E20000E200E20000E20000E20000E2000000000000000000000000000000000000000000000000E2E2E2E2E2E2E2E2E20000000000000000000000000000000000000000E20000000000000000000000000000000000000000000000000000000000000000000000
310
000000ECECECEC0000000000000000000000000000000000000000000000000000000000000000000000000000E2000000000000000000000000000000000000000000000000000000000000000000000000000000000000000000000000E2E2E2E2E2E2000000000000000000000000000000000000000000000000000000
310
00000000E20000000000000000E20000E2E2E2E2E2E2E2E2E2E2E2E2E2E2E2E2E2E2E2E2E2E2E2E200000000000000000000000000000000000000000000000000E2E2E2E2E2E200000000000000000000000000000000000000000000E2000000000000000000000000000000000000000000E20000000000000000000000
310
0000000000ECECECEC0000000000000000000000000000000000000000000000000000000000000000000000000000E2000000000000000000000000000000000000000000000000000000000000000000000000000000000000000000000000E2E2E2E2E20000000000000000000000000000000000000000000000000000
310
000000000000E20000000000000000E20000E2E200E20000E20000E20000E200E20000E20000E20000E20000000000000000000000000000000000000000000000000000E2E2E2E2E2E2000000E2E2E2E2E2E2E2E2E2E2E200000000000000E2000000000000000000000000000000000000000000E2000000000000000000
310
00000000000000ECECECEC00000000000000000000000000000000E2000000000000000000000000000000000000000000E2000000000000000000000000000000000000000000000000000000000000000000000000000000000000000000000000E2E2E2E2E2000000000000000000000000000000000000000000000000
310
0000000000000000E2E2E2E2E2E2E2E2E2E20000E2E2E2E2E2E2E2E2E2E2E2E2E2E2E2E2E2E2E2E2E2E2E2E20000000000000000000000000000000000000000000000000000E2E2E2000000E2E2E2E2E2E2E2E2E2E2E2E2E2E200000000000000E2000000000000000000000000000000000000000000E200000000000000
310
000000000000000000ECECECEC00000000000000000000000000000000E2000000000000000000000000000000000000000000E2000000000000000000000000000000000000000000000000000000000000000000000000000000000000000000000000E2000000E200000000000000000000000000000000000000000000
310
00000000000000000000E2E2E2E2E2E2E2E2E2E20000E2E2E2E2E2E2E2E2E2E2E2E2E2E2E2E2E2E2E2E2E2E2E2E20000000000000000000000000000000000000000000000000000E2E2E2000000000000E2E2E2E2E2E2E2E2E2E2E200000000000000E2000000000000000000000000000000000000000000E20000000000
310
0000000000000000000000ECECECEC00000000000000000000000000000000E2000000000000000000000000000000000000000000E200000000000000000000000000000000000000000000000000000000000000000000000000000000000000000000000000E200E2E2E200000000000000000000000000000000000000
310
000000000000000000000000E20000000000000000E200000000E20000000000000000000000000000000000000000000000000000000000000000000000000000000000000000000000E2E2E2000000000000000000000000000000000000000000000000E200000000000000000000000000000000000000000000000000
310
00000000000000000000000000ECECECEC00000000000000000000000000000000E2000000000000000000000000000000000000000000E20000000000000000000000000000000000000000000000000000000000000000000000000000000000000000000000000000E20000E20000000000000000000000000000000000
310
0000000000000000000000000000E2E2E2E2E2E2E2E2E2E20000000000E2000000E2E2E2E2E2E2E2E2E2E2E2E200000000000000000000E2E2E2E2E2E2E2E2E2E2E2E2E2E2E2E2E2E2E2E200E2E2E200E2E2E2E2E2E2E2E2E2E2E2E2E2E2E2E2E2E2E2E2000000E20000000000000000000000000000000000000000000000
310
000000000000000000000000000000ECECECEC0000000000000000000000000000000000000000000000000000000000000000000000000000E20000000000000000000000000000000000000000000000000000000000000000000000000000000000000000000000000000000000E2000000000000000000000000000000
310
00000000000000000000000000000000E2E20000000000E2E200000000000000E2E2E2E2E2E2E2E2E2E2E2E2E2E2E200000000000000000000E2E2E2E2E2E2E2E2E2E2E2E2E2E2E2E2E2E2E2E200E2E2E200E2E2E2E2E2E2E2E2E2E2E2E2E2E2E2E2E2E2E2E2000000E2000000000000000000000000000000000000000000
310
E200000000000000000000000000000000ECECECEC0000000000000000000000000000000000000000000000000000000000000000000000000000E2000000000000000000000000000000000000000000000000000000000000000000000000000000000000000000000000000000000000E20000E2E2E2E2E2E2E2E2E2E2
310
E2000000000000000000000000000000000000E2E2E2E2E2E2E20000000000000000000000E2E2E2E2E2E2E2E2E2E2E2E200000000000000000000E2E2E2E2E2E2E2E2E2E2E2E2E2E2E2E2E2E2E2E200E2E2E200E2E2E2E2E2E2E2E2E2E2E2E2E2E2E2E2E2E2E2E2000000E200000000000000000000000000000000000000
310
0000E200000000000000000000000000000000ECECECEC00000000000000000000000000000000E2000000000000000000000000000000000000000000E2000000000000000000000000000000000000000000000000000000000000000000000000000000000000000000000000000000000000E20000E2E2E2E2E2E2E2E2
310
E2E2E200000000000000000000000000000000000000E20000000000000000000000000000000000000000000000000000000000000000000000000000E2E2E2E2E2E2E2E2E2E2E2E2E2E2E2E2E2E2E2E200E2E2E200E2E2E2E2E2E2E2E2E2E2E2E2E2E2E2E2E2E2E2E2000000E20000000000000000000000000000000000
310
00000000E200000000000000000000000000000000ECECECEC00000000000000000000000000000000E2000000000000000000000000000000000000000000E2000000000000000000000000000000000000000000000000000000000000000000000000000000000000000000000000000000000000E2E2E2E2E2E2E2E2E2
310
E2E2E2E2E200000000000000000000000000000000000000E20000000000000000000000000000000000000000000000000000000000000000000000000000E2E2E2E2E2E2E2E2E2E2E2E2E2E2E2E2E2E2E2E2E2E2E2E2E2E2E2E2E2E2E2E2E2E2E2E2E2E2E2E2E2E2E2E2E2000000E2000000000000000000000000000000
310
000000000000E200000000000000000000000000000000ECECECEC00000000000000000000000000000000E2000000000000000000000000000000000000000000E2000000000000000000000000000000000000000000000000000000000000000000000000000000000000000000000000000000000000000000E2E2E2E2
310
E2E2E2E2E2E2E200000000000000000000000000000000000000E20000000000000000000000000000000000000000000000000000000000000000000000000000E2E2E2E2E2E2E2E2E2E2E2E2E2E2E2E2E2E2E2E200E2E20000E2E2E2E2E2E2E2E2E2E2E2E2E2E2E2E2E2E2E2E2000000E200000000000000000000000000
310
00000000000000000000000000000000000000000000000000ECECECEC00000000000000000000000000000000E2000000000000000000000000000000000000000000E20000000000000000000000000000000000000000000000000000000000000000000000000000000000000000000000000000000000000000000000
310
0000000000000000000000000000000000000000000000000000000000E200000000000000000000000000000000000000000000000000000000000000000000000000E2E2E2E2E2E2E2E2E2E2E2E2E2E2E2E2E2E2E2E20000000000E2E2E2E2E2E2E2E2E2E2E2E2E2E2E2E2E2E2E2E2000000E20000000000000000000000
310
000000000000000000000000000000000000000000000000000000ECECECEC0000000000000000000000000000000000000000000000000000000000000000000000000000E2000000000000000000000000000000000000000000000000000000000000000000000000000000000000000000000000000000000000000000
310
00000000000000000000000000000000000000000000000000000000000000E20000E2E2E2E2E2E2E2E2E2E2E2E2E2E2E2E2E2000000000000000000000000000000000000E2E2E2E2E2E2E2E2E2E2E2E2E2E2E2E2E2E2E2E20000000000E2E2E2E2E2E2E2E2E2E2E2E2E2E2E2E2E2E2E2E2000000E2000000000000000000
310
000000000000000000000000E200000000000000000000000000000000ECECECEC0000000000000000000000000000000000000000000000000000000000000000000000000000E200000000000000000000000000000000000000000000000000000000000000000000000000000000000000000000000000000000000000
310
000000000000000000000000000000000000000000000000000000000000000000E2E2E2E2E2E2E2E2E2E2E2E2E2E2E2E2E2E2E2E2000000000000000000000000000000000000E2E2E2E2E2E2E2E2E2E2E2E2E2E2E2E2E2E2E2E20000000000E2E2E2E2E2E2E2E2E2E2E2E2E2E2E2E2E2E2E2E2000000E200000000000000
310
0000000000000000000000000000E200000000000000000000000000000000ECECECEC00000000000000000000000000000000E2000000000000000000000000000000000000000000E20000000000000000000000000000000000000000000000000000000000000000000000000000000000000000000000000000000000
310
0000000000000000000000000000000000000000000000000000000000000000000000000000E2E2E2E2E2E2E2E2E2E2E2E2E2E2E2E2E2000000000000000000000000000000000000E2E2E2E2E2E2E2E2E2E2E2E2E2E2E2E2E2E2E2E20000000000E2E2E2E2E2E2E2E2E2E2E2E2E2E2E2E2E2E2E2E2000000E20000000000
310
00000000000000000000000000000000E200000000000000000000000000000000ECECECEC00000000000000000000000000000000E2000000000000000000000000000000000000000000E2000000000000000000000000000000000000000000000000000000000000000000000000000000000000000000000000000000
310
00000000000000000000000000000000000000000000000000000000000000000000000000000000000000000000000000000000000000000000000000000000000000000000000000000000E2000000000000000000000000000000000000000000000000E2E20000000000000000000000000000000000000000E2000000
310
000000000000000000000000000000000000E200000000000000000000000000000000ECECECEC00000000000000000000000000000000E2000000000000000000000000000000000000000000E200000000000000000000000000000000000000000000000000000000000000000000000000000000000000000000000000
310
000000000000000000000000000000000000000000000000000000000000000000000000000000000000000000000000000000000000000000000000000000000000000000000000000000000000E200000000000000000000000000000000000000000000000000E20000000000000000000000000000000000000000E200
310
00000000000000000000000000000000000000000000000000000000000000000000000000ECECECEC00000000000000000000000000000000E2000000000000000000000000000000000000000000E20000000000000000000000000000000000000000000000000000000000000000000000000000000000000000000000
310
0000000000000000000000000000000000000000000000000000000000000000000000000000000000000000000000000000000000000000000000000000000000000000000000000000000000000000E200000000000000000000000000000000000000000000000000E20000000000000000000000000000000000000000
310
E20000000000000000000000000000000000000000000000000000000000000000000000000000ECECECEC0000000000000000000000000000000000000000000000000000000000000000000000000000E2000000000000000000000000000000000000000000000000000000000000000000000000000000000000000000
310
0000000000000000000000000000000000000000000000000000000000000000000000000000000000000000000000000000000000000000000000000000000000000000000000000000000000000000000000E200000000000000000000000000000000000000000000000000E20000000000000000000000000000000000
310
0000E2000000000000000000000000000000000000000000E200000000000000000000000000000000ECECECEC0000000000000000000000000000000000000000000000000000000000000000000000000000E200000000000000000000000000000000000000000000000000000000000000000000000000000000000000
310
00000000000000000000000000000000000000000000000000000000000000000000000000000000000000000000000000000000000000000000000000000000000000000000000000000000000000000000000000E2000000E2E2E2E2E2E2E2E2E2E2E2E2E2E2E200000000000000E20000E2E2E2E2E2E2E2E2E2E2E2E2E2
310
E2E20000E2000000000000000000000000000000000000000000E200000000000000000000000000000000ECECECEC00000000000000000000000000000000E2000000000000000000000000000000000000000000E20000000000000000000000000000000000000000000000000000000000000000000000000000000000
310
000000000000000000000000000000000000000000000000000000000000000000000000000000000000000000000000000000000000000000000000000000000000000000000000000000000000000000000000000000E2E2E2E2E2E2E2E2E2E2E2E2E2E2E2E2E2E2E200000000000000E2E2E2E2E2E2E2E2E2E2E2E2E2E2
310
E2E2E2E20000E2000000000000000000000000000000000000000000E200000000000000000000000000000000ECECECEC00000000000000000000000000000000E2000000000000000000000000000000000000000000E2000000000000000000000000000000000000000000000000000000000000000000000000000000
310
000000000000000000000000000000000000000000000000000000000000000000000000000000000000000000000000000000000000000000000000000000000000000000000000000000000000000000000000000000000000000000E2E2E2E2E2E2E2E2E2E2E2E2E2E2E200000000000000000000E2E2E2E2E2E2E2E2E2
310
E2E2E2E2E2E20000E2000000000000000000000000000000000000000000E200000000000000000000000000000000ECECECEC00000000000000000000000000000000E2000000000000000000000000000000000000000000E200000000000000000000000000000000000000000000000000000000000000000000000000
310
00000000000000000000000000000000000000000000000000000000000000000000000000000000000000000000000000000000000000000000000000000000000000000000000000000000000000000000000000000000000000000000000000000000000000000000000000000000000000000000000000000000000000
310
00000000000000000000E20000000000000000000000000000000000000000000000000000000000000000000000000000ECECECEC00000000000000000000000000000000E2000000000000000000000000000000000000000000E20000000000000000000000000000000000000000000000000000000000000000000000
310
00000000000000000000000000000000000000000000000000000000000000000000000000000000000000000000000000000000000000000000000000000000000000000000000000000000000000000000000000000000000000000000000000000000000000000000000000000000000000000000000000000000000000
310
000000000000000000000000E20000000000000000000000000000000000000000000000000000000000000000000000000000ECECECEC0000000000000000000000000000000000000000000000000000000000000000000000000000E2000000000000000000000000000000000000000000000000000000000000000000
310
00000000000000000000000000000000000000000000000000000000000000000000000000000000000000000000000000000000000000000000000000000000000000000000000000000000000000000000000000000000000000000000000000000000000000000000000000000000000000000000000000000000000000
310
0000000000000000000000000000E2000000000000000000000000000000000000000000E200000000000000000000000000000000ECECECEC0000000000000000000000000000000000000000000000000000000000000000000000000000E200000000000000000000000000000000000000000000000000000000000000
310
00000000000000000000000000000000000000000000000000000000000000000000000000000000000000000000000000000000000000000000000000000000000000000000000000000000000000000000000000000000000000000000000000000000000000000000000000000000000000000000000000000000000000
310
00000000000000000000000000000000E2000000000000000000000000000000000000000000E200000000000000000000000000000000ECECECEC00000000000000000000000000000000E2000000000000000000000000000000000000000000E20000000000000000000000000000000000000000000000000000000000
310
00000000000000000000000000000000000000000000000000000000000000000000000000000000000000000000000000000000000000000000000000000000000000000000000000000000000000000000000000000000000000000000000000000000000000000000000000000000000000000000000000000000000000
310
000000000000000000000000000000000000E2000000000000000000000000000000000000000000E200000000000000000000000000000000ECECECEC00000000000000000000000000000000E2000000000000000000000000000000000000000000E2000000000000000000000000000000000000000000000000000000
310
00000000000000000000000000000000000000000000000000000000000000000000000000000000000000000000000000000000000000000000000000000000000000000000000000000000000000000000000000000000000000000000000000000000000000000000000000000000000000000000000000000000000000
310
0000000000000000000000000000000000000000E2000000000000000000000000000000000000000000E200000000000000000000000000000000ECECECEC00000000000000000000000000000000E2000000000000000000000000000000000000000000E200000000000000000000000000000000000000000000000000
310
00000000000000000000000000000000000000000000000000000000000000000000000000000000000000000000000000000000000000000000000000000000000000000000000000000000000000000000000000000000000000000000000000000000000000000000000000000000000000000000000000000000000000
310
00000000000000000000000000000000000000000000E20000000000000000000000000000000000000000000000000000000000000000000000000000ECECECEC00000000000000000000000000000000E2000000000000000000000000000000000000000000E20000000000000000000000000000000000000000000000
310
00000000000000000000000000000000000000000000000000000000000000000000000000000000000000000000000000000000000000000000000000000000000000000000000000000000000000000000000000000000000000000000000000000000000000000000000000000000000000000000000000000000000000
310
000000000000000000000000000000000000000000000000E20000000000000000000000000000000000000000000000000000000000000000000000000000ECECECEC0000000000000000000000000000000000000000000000000000000000000000000000000000E2000000000000000000000000000000000000000000
310
00000000000000000000000000000000000000000000000000000000000000000000000000000000000000000000000000000000000000000000000000000000000000000000000000000000000000000000000000000000000000000000000000000000000000000000000000000000000000000000000000000000000000
310
0000000000000000000000000000000000000000000000000000E2000000000000000000000000000000000000000000E200000000000000000000000000000000ECECECEC0000000000000000000000000000000000000000000000000000000000000000000000000000E200000000000000000000000000000000000000
310
00000000000000000000000000000000000000000000000000000000000000000000000000000000000000000000000000000000000000000000000000000000000000000000000000000000000000000000000000000000000000000000000000000000000000000000000000000000000000000000000000000000000000
310
00000000000000000000000000000000000000000000000000000000E2000000000000000000000000000000000000000000E200000000000000000000000000000000ECECECEC00000000000000000000000000000000E2000000000000000000000000000000000000000000E20000000000000000000000000000000000
310
00000000000000000000000000000000000000000000000000000000000000000000000000000000000000000000000000000000000000000000000000000000000000000000000000000000000000000000000000000000000000000000000000000000000000000000000000000000000000000000000000000000000000
310
000000000000000000000000000000000000000000000000000000000000E2000000000000000000000000000000000000000000E200000000000000000000000000000000ECECECEC00000000000000000000000000000000E2000000000000000000000000000000000000000000E2000000000000000000000000000000
310
00000000000000000000000000000000000000000000000000000000000000000000000000000000000000000000000000000000000000000000000000000000000000000000000000000000000000000000000000000000000000000000000000000000000000000000000000000000000000000000000000000000000000
310
0000000000000000000000000000000000000000000000000000000000000000E2000000000000000000000000000000000000000000E200000000000000000000000000000000ECECECEC00000000000000000000000000000000E2000000000000000000000000000000000000000000E200000000000000000000000000
310
00000000000000000000000000000000000000000000000000000000000000000000000000000000000000000000000000000000000000000000000000000000000000000000000000000000000000000000000000000000000000000000000000000000000000000000000000000000000000000000000000000000000000
310
00000000000000000000000000000000000000000000000000000000000000000000E20000000000000000000000000000000000000000000000000000000000000000000000000000ECECECEC00000000000000000000000000000000E2000000000000000000000000000000000000000000E20000000000000000000000
310
00000000000000000000000000000000000000000000000000000000000000000000000000000000000000000000000000000000000000000000000000000000000000000000000000000000000000000000000000000000000000000000000000000000000000000000000000000000000000000000000000000000000000
310
000000000000000000000000000000000000000000000000000000000000000000000000E20000000000000000000000000000000000000000000000000000000000000000000000000000ECECECEC0000000000000000000000000000000000000000000000000000000000000000000000000000E2000000000000000000
310
00000000000000000000000000000000000000000000000000000000000000000000000000000000000000000000000000000000000000000000000000000000000000000000000000000000000000000000000000000000000000000000000000000000000000000000000000000000000000000000000000000000000000
310
0000000000000000000000000000000000000000000000000000000000000000000000000000E2000000000000000000000000000000000000000000E200000000000000000000000000000000ECECECEC0000000000000000000000000000000000000000000000000000000000000000000000000000E200000000000000
310
00000000000000000000000000000000000000000000000000000000000000000000000000000000000000000000000000000000000000000000000000000000000000000000000000000000000000000000000000000000000000000000000000000000000000000000000000000000000000000000000000000000000000
310
00000000000000000000000000000000000000000000000000000000000000000000000000000000E2000000000000000000000000000000000000000000E200000000000000000000000000000000ECECECEC00000000000000000000000000000000E2000000000000000000000000000000000000000000E20000000000
310
00000000000000000000000000000000000000000000000000000000000000000000000000000000000000000000000000000000000000000000000000000000000000000000000000000000000000000000000000000000000000000000000000000000000000000000000000000000000000000000000000000000000000
310
000000000000000000000000000000000000000000000000000000000000000000000000000000000000E2000000000000000000000000000000000000000000E200000000000000000000000000000000ECECECEC00000000000000000000000000000000E2000000000000000000000000000000000000000000E2000000
310
00000000000000000000000000000000000000000000000000000000000000000000000000000000000000000000000000000000000000000000000000000000000000000000000000000000000000000000000000000000000000000000000000000000000000000000000000000000000000000000000000000000000000
310
0000000000000000000000000000000000000000000000000000000000000000000000000000000000000000E2000000000000000000000000000000000000000000E200000000000000000000000000000000ECECECEC00000000000000000000000000000000E2000000000000000000000000000000000000000000E200
310
00000000000000000000000000000000000000000000000000000000000000000000000000000000000000000000000000000000000000000000000000000000000000000000000000000000000000000000000000000000000000000000000000000000000000000000000000000000000000000000000000000000000000
310
00000000000000000000000000000000000000000000000000000000000000000000000000000000000000000000E20000000000000000000000000000000000000000000000000000000000000000000000000000ECECECEC00000000000000000000000000000000E2000000000000000000000000000000000000000000
310
E2000000000000000000000000000000000000000000000000000000000000000000000000000000000000000000000000000000000000000000000000000000000000000000000000000000000000000000000000000000000000000000000000000000000000000000000000000000000000000000000000000000000000
310
000000000000000000000000000000000000000000000000000000000000000000000000000000000000000000000000E20000000000000000000000000000000000000000000000000000000000000000000000000000ECECECEC000000000000000000000000000000000000000000000000000000000000000000000000
310
0000E200000000000000000000000000000000000000000000000000000000000000000000000000000000000000000000000000000000000000000000000000000000000000000000000000000000000000000000000000000000000000000000000000000000000000000000000000000000000000000000000000000000
310
0000000000000000000000000000000000000000000000000000000000000000000000000000000000000000000000000000E2000000000000000000000000000000000000000000E200000000000000000000000000000000ECECECEC00000000000000000000000000000000000000000000000000000000000000000000
310
00000000E20000000000000000000000000000000000000000000000000000000000000000000000000000000000000000000000000000000000000000000000000000000000000000000000000000000000000000000000000000000000000000000000000000000000000000000000000000000000000000000000000000
310
00000000000000000000000000000000000000000000000000000000000000000000000000000000000000000000000000000000E2000000000000000000000000000000000000000000E200000000000000000000000000000000ECECECEC00000000000000000000000000000000E2000000000000000000000000000000
310
000000000000E2000000000000000000000000000000000000000000000000000000000000000000000000000000000000000000000000000000000000000000000000000000000000000000000000000000000000000000000000000000000000000000000000000000000000000000000000000000000000000000000000
310
000000000000000000000000000000000000000000000000000000000000000000000000000000000000000000000000000000000000E2000000000000000000000000000000000000000000E200000000000000000000000000000000ECECECEC00000000000000000000000000000000E200000000000000000000000000
310
0000000000000000E200000000000000000000000000000000000000000000000000000000000000000000000000000000000000000000000000000000000000000000000000000000000000000000000000000000000000000000000000000000000000000000000000000000000000000000000000000000000000000000
310
0000000000000000000000000000000000000000000000000000000000000000000000000000000000000000000000000000000000000000E2000000000000000000000000000000000000000000E200000000000000000000000000000000ECECECEC00000000000000000000000000000000E20000000000000000000000
310
00000000000000000000E20000000000000000000000000000000000000000000000000000000000000000000000000000000000000000000000000000000000000000000000000000000000000000000000000000000000000000000000000000000000000000000000000000000000000000000000000000000000000000
310
00000000000000000000000000000000000000000000000000000000000000000000000000000000000000000000000000000000000000000000E20000000000000000000000000000000000000000000000000000000000000000000000000000ECECECEC00000000000000000000000000000000E2000000000000000000
310
000000000000000000000000E2000000000000000000000000000000000000000000000000000000000000000000000000000000000000000000000000000000000000000000000000000000000000000000000000000000000000000000000000000000000000000000000000000000000000000000000000000000000000
310
000000000000000000000000000000000000000000000000000000000000000000000000000000000000000000000000000000000000000000000000E20000000000000000000000000000000000000000000000000000000000000000000000000000ECECECEC000000000000000000000000000000000000000000000000
310
0000000000000000000000000000E200000000000000000000000000000000000000000000000000000000000000000000000000000000000000000000000000000000000000000000000000000000000000000000000000000000000000000000000000000000000000000000000000000000000000000000000000000000
310
0000000000000000000000000000000000000000000000000000000000000000000000000000000000000000000000000000000000000000000000000000E2000000000000000000000000000000000000000000E200000000000000000000000000000000ECECECEC00000000000000000000000000000000000000000000
310
00000000000000000000000000000000E20000000000000000000000000000000000000000000000000000000000000000000000000000000000000000000000000000000000000000000000000000000000000000000000000000000000000000000000000000000000000000000000000000000000000000000000000000
310
00000000000000000000000000000000000000000000000000000000000000000000000000000000000000000000000000000000000000000000000000000000E2000000000000000000000000000000000000000000E200000000000000000000000000000000ECECECEC00000000000000000000000000000000E2000000
310
000000000000000000000000000000000000E2000000000000000000000000000000000000000000000000000000000000000000000000000000000000000000000000000000000000000000000000000000000000000000000000000000000000000000000000000000000000000000000000000000000000000000000000
310
000000000000000000000000000000000000000000000000000000000000000000000000000000000000000000000000000000000000000000000000000000000000E2000000000000000000000000000000000000000000E200000000000000000000000000000000ECECECEC00000000000000000000000000000000E200
310
0000000000000000000000000000000000000000E2E2E2E2E2E2E2E2E2E2E2E2E2E2E2E2E2E2E2E2E2E2E2E2E2E2E2E2E2E2E2E2E2E2E2E2E2E2E2E2E2E2E2E2E2E2E2E2E2E2E2E2E2E2E2E2E2E2E2E2E2E2E2E2E2E2E2E2E2E2E2E2E2E2E2E2E2E2E2E2E2E2E2E2E2E2E2E2E2E2E2E2E2E2E2E2E2E2E2E2E2E2E2E2E2E2E2
310
E2E2E2E2E2E2E2E2E2E2E2E2E2E2E2E2E2E2E2E2E2E2E2E2E2E2E2E2E2E2E2E2E2E2E2E2E2E2E2E2E2E2E2E2E2E2E2E2E2E2E2E2E2E2E2E2E2E2E2E2E2E2E2E2E2E2E2E2E2000000000000000000000000000000000000000000E200000000000000000000000000000000ECECECEC00000000000000000000000000000000
310
E2000000000000000000000000000000000000000000000000000000000000000000000000000000000000000000000000000000000000000000000000000000000000000000000000000000000000000000000000000000000000000000000000000000000000000000000000000000000000000000000000000000000000
310
00000000000000000000000000000000000000000000000000000000000000000000000000000000000000000000000000000000000000000000000000000000000000000000000000000000000000000000000000000000000000000000000000000000000000000000000000ECECECEC0000000000000000000000000000
310
0000E200000000000000000000000000000000000000000000000000000000000000000000000000000000000000000000000000000000000000000000000000000000000000000000000000000000000000000000000000000000000000000000000000000000000000000000000000000000000000000000000000000000
310
000000000000000000000000000000000000000000000000000000000000000000000000000000000000000000000000000000000000000000000000000000000000000000000000000000000000000000000000000000000000000000000000000000000000000000000000000000ECECECEC000000000000000000000000
310
00000000000000000000000000000000000000000000000000000000000000000000000000000000000000000000000000000000000000000000000000000000000000000000000000000000000000000000000000000000000000000000000000000000000000000000000000000000000000000000000000000000000000
310
000000000000000000000000000000000000000000000000000000000000000000000000000000000000000000000000000000000000000000000000000000000000000000000000000000000000000000000000000000000000000000000000E200000000000000000000000000000000ECECECEC00000000000000000000
310
00000000000000000000000000000000000000000000000000000000000000000000000000000000000000000000000000000000000000000000000000000000000000000000000000000000000000000000000000000000000000000000000000000000000000000000000000000000000000000000000000000000000000
310
0000000000000000000000000000000000000000000000000000000000000000000000000000000000000000000000000000000000000000000000000000000000000000000000000000000000000000000000000000000000000000000000000000E200000000000000000000000000000000ECECECEC0000000000000000
310
0000000000000000E200000000000000000000000000000000000000000000000000000000000000000000000000000000000000000000000000000000000000000000000000000000000000000000000000000000000000000000000000000000000000000000000000000000000000000000000000000000000000000000
310
00000000000000000000000000000000000000000000000000000000000000000000000000000000000000000000000000000000000000000000000000000000000000000000000000000000000000000000000000000000000000000000000000000000E200000000000000000000000000000000ECECECEC000000000000
310
00000000000000000000E20000000000000000000000000000000000000000000000000000000000000000000000000000000000000000000000000000000000000000000000000000000000000000000000000000000000000000000000000000000000000000000000000000000000000000000000000000000000000000
310
000000000000000000000000000000000000000000000000000000000000000000000000000000000000000000000000000000000000000000000000000000000000000000000000000000000000000000000000000000000000000000000000000000000000E200000000000000000000000000000000ECECECEC00000000
310
000000000000000000000000E2000000000000000000000000000000000000000000000000000000000000000000000000000000000000000000000000000000000000000000000000000000000000000000000000000000000000000000000000000000000000000000000000000000000000000000000000000000000000
310
00000000000000000000000000000000000000000000000000000000000000000000000000000000000000000000000000000000000000000000000000000000000000000000000000000000000000000000000000000000000000000000000000000000000000000000000000000000000000000000000000ECECECEC0000
310
0000000000000000000000000000E200000000000000000000000000000000000000000000000000000000000000000000000000000000000000000000000000000000000000000000000000000000000000000000000000000000000000000000000000000000000000000000000000000000000000000000000000000000
310
000000000000000000000000000000000000000000000000000000000000000000000000000000000000000000000000000000000000000000000000000000000000000000000000000000000000000000000000000000000000000000000000000000000000000000000000000000000000000000000000000000ECECECEC
310
00000000000000000000000000000000000000000000000000000000000000000000000000000000000000000000000000000000000000000000000000000000000000000000000000000000000000000000000000000000000000000000000000000000000000000000000000000000000000000000000000000000000000
310
000000000000000000000000000000000000000000000000000000000000000000000000000000000000000000000000000000000000000000000000000000000000000000000000000000000000000000000000000000000000000000000000000000000000000000000000E200000000000000000000000000000000ECEC
310
ECEC0000000000000000000000000000000000000000000000000000000000000000000000000000000000000000000000000000000000000000000000000000000000000000000000000000000000000000000000000000000000000000000000000000000000000000000000000000000000000000000000000000000000
310
0000000000000000000000000000000000000000000000000000000000000000000000000000000000000000000000000000000000000000000000000000000000000000000000000000000000000000000000000000000000000000000000000000000000000000000000000000E200000000000000000000000000000000
310
ECECECEC00000000000000000000000000000000E200000000000000000000000000000000000000000000000000000000000000000000000000000000000000000000000000000000000000000000000000000000000000000000000000000000000000000000000000000000000000000000000000000000000000000000
310
00000000000000000000000000000000000000000000000000000000000000000000000000000000000000000000000000000000000000000000000000000000000000000000000000000000000000000000000000000000000000000000000000000000000000000000000000000000E20000000000000000000000000000
310
0000ECECECEC00000000000000000000000000000000E20000000000000000000000000000000000000000000000000000000000000000000000000000000000000000000000000000000000000000000000000000000000000000000000000000000000000000000000000000000000000000000000000000000000000000
310
000000000000000000000000000000000000000000000000000000000000000000000000000000000000000000000000000000000000000000000000000000000000000000000000000000000000000000000000000000000000000000000000000000000000000000000000000000000000E2000000000000000000000000
310
00000000ECECECEC00000000000000000000000000000000E2000000000000000000000000000000000000000000000000000000000000000000000000000000000000000000000000000000000000000000000000000000000000000000000000000000000000000000000000000000000000000000000000000000000000
310
00000000000000000000000000000000000000000000000000000000000000000000000000000000000000000000000000000000000000000000000000000000000000000000000000000000000000000000000000000000000000000000000000000000000000000000000000000000000000000000000000000000000000
310
000000000000ECECECEC00000000000000000000000000000000E200000000000000000000000000000000000000000000000000000000000000000000000000000000000000000000000000000000000000000000000000000000000000000000000000000000000000000000000000000000000000000000000000000000
310
00000000000000000000000000000000000000000000000000000000000000000000000000000000000000000000000000000000000000000000000000000000000000000000000000000000000000000000000000000000000000000000000000000000000000000000000000000000000000000000000000000000000000
310
0000000000000000ECECECEC00000000000000000000000000000000000000000000000000000000000000000000000000000000000000000000000000000000000000000000000000000000000000000000000000000000000000000000000000000000000000000000000000000000000000000000000000000000000000
310
000000000000000000000000000000000000000000000000000000000000000000000000000000000000000000000000000000000000000000000000000000000000000000000000000000000000000000000000000000000000000000000000000000000000000000000000000000000000000000000000E2000000000000
310
00000000000000000000ECECECEC0000000000000000000000000000000000E2E2E2E20000E2E2E2E20000E2E2E2E20000E2E2E2E20000E2E2E2E20000E2E2E2E20000E2E2E2E20000E2E2E2E20000E2E2E2E20000E2E2E2E20000E2E2E2E20000E2E2E2E20000E2E2E2E20000E2E2E2E20000E2E2E2E20000E2E2E2E20000
310
E2E2E2E20000E2E2E2E20000E2E2E2E20000E2E2E2E20000E2E2E2E20000E2E2E2E20000E2E2E2E20000E2E2E2E20000E2E2E2E20000E2E2E2E20000E2E2E2E20000E2E2E2E20000E2E2E2E20000E2E2E2E20000E2E2E2E20000E2E2E2E20000E2E2E2E20000E2E2E2E20000E2E2E2E20000E2E2E2E20000E2E2E200000000
310
000000000000000000000000ECECECEC000000000000000000000000000000000000000000000000000000000000000000000000000000000000000000000000000000000000000000000000000000000000000000000000000000000000000000000000000000000000000000000000000000000000000000000000000000
310
00000000000000000000000000000000000000000000000000000000000000000000000000000000000000000000000000000000000000000000000000000000000000000000000000000000000000000000000000000000000000000000000000000000000000000000000000000000000000000000000000000000000000
310
0000000000000000000000000000ECECECEC00000000000000000000000000000000000000000000000000000000000000000000000000000000000000000000000000000000000000000000000000000000000000000000000000000000000000000000000000000000000000000000000000000000000000000000000000
310
00000000000000000000000000000000000000000000000000000000000000000000000000000000000000000000000000000000000000000000000000000000000000000000000000000000000000000000000000000000000000000000000000000000000000000000000000000000000000000000000000000000000000
310
00000000000000000000000000000000ECECECEC0000000000000000000000000000000000000000000000000000000000000000000000000000000000000000000000000000000000000000000000000000000000000000000000000000000000000000000000000000000000000000000000000000000000000000000000
310
00000000000000000000000000000000000000000000000000000000000000000000000000000000000000000000000000000000000000000000000000000000000000000000000000000000000000000000000000000000000000000000000000000000000000000000000000000000000000000000000000000000000000
310
000000000000000000000000000000000000ECECECEC000000000000000000000000000000000000000000000000000000000000000000000000000000000000000000000000000000000000000000000000000000000000000000000000000000000000000000000000000000000000000000000000000000000000000000
310
00000000000000000000000000000000000000000000000000000000000000000000000000000000000000000000000000000000000000000000000000000000000000000000000000000000000000000000000000000000000000000000000000000000000000000000000000000000000000000000000000000000000000
310
0000000000000000000000000000000000000000ECECECEC00000000000000000000000000000000000000000000000000000000000000000000000000000000000000000000000000000000000000000000000000000000000000000000000000000000000000000000000000000000000000000000000000000000000000
310
00000000000000000000000000000000000000000000000000000000000000000000000000000000000000000000000000000000000000000000000000000000000000000000000000000000000000000000000000000000000000000000000000000000000000000000000000000000000000000000000000000000000000
310
00000000000000000000000000000000000000000000ECECECECECECECECECECECECECECECECECECECECECECECECECECECECECECECECECECECECECECECECECECECECECECECECECECECECECECECECECECECECECECECECECECECECECECECECECECECECECECECECECECECECECECECECECECECECECECECECECECECECECECECECEC
310
ECECECECECECECECECECECECECECECECECECECECECECECECECECECECECECECECECECECECECECECECECECECECECECECECECECECECECECECECECECECECECECECECECECECECECECECECECECECECECECECECECECECECECECECECECECECECECECECECECECECECECECECECECECECECECECECECECECECECECECECECECECECECECECEC
310
ECECECECECECECECECECECECECECECECECECECECECECECECECECECECECECECECECECECECECECECECECECECECECECECECECECECECECECECECECECECECECECECECECECECECECECECECECECECECECECECECECECECECECECECECECECECECECECECECECECECECECECECECECECECECECECECECECECECECECECECECECECECECECECEC
310
ECECECECECECECECECECECECECECECECECECECECECECECECECECECECECECECECECECECECECECECECECECECECECECECECECECECECECECECECECECECECECECECECECECECECECECECECECECECECECECECECECECECECECECECECECECECECECECECECECECECECECECECECECECECECECECECECECECECECECECECECECECECECECECEC
310
ECECECECECECECECECECECECECECECECECECECECECECECECECECECECEC
  0
XRECORD
  5
184C
102
{ACAD_REACTORS
330
184B
102
}
330
184B
100
AcDbXrecord
280
     1
310
2800000000010000B5000000010008000000000000B5000000000000000000000000000000000000FFFFFF00FFFFFF00FFFFFF000000000000000000000000000000000000000000000000000000000000000000330000006600000099000000CC000000FF00000000330000333300006633000099330000CC330000FF3300
310
0000660000336600006666000099660000CC660000FF66000000990000339900006699000099990000CC990000FF99000000CC000033CC000066CC000099CC0000CCCC0000FFCC000000FF000033FF000066FF000099FF0000CCFF0000FFFF000000003300330033006600330099003300CC003300FF003300003333003333
310
33006633330099333300CC333300FF33330000663300336633006666330099663300CC663300FF66330000993300339933006699330099993300CC993300FF99330000CC330033CC330066CC330099CC3300CCCC3300FFCC330000FF330033FF330066FF330099FF3300CCFF3300FFFF330000006600330066006600660099
310
006600CC006600FF00660000336600333366006633660099336600CC336600FF33660000666600336666006666660099666600CC666600FF66660000996600339966006699660099996600CC996600FF99660000CC660033CC660066CC660099CC6600CCCC6600FFCC660000FF660033FF660066FF660099FF6600CCFF6600
310
FFFF660000009900330099006600990099009900CC009900FF00990000339900333399006633990099339900CC339900FF33990000669900336699006666990099669900CC669900FF66990000999900339999006699990099999900CC999900FF99990000CC990033CC990066CC990099CC9900CCCC9900FFCC990000FF99
310
0033FF990066FF990099FF9900CCFF9900FFFF99000000CC003300CC006600CC009900CC00CC00CC00FF00CC000033CC003333CC006633CC009933CC00CC33CC00FF33CC000066CC003366CC006666CC009966CC00CC66CC00FF66CC000099CC003399CC006699CC009999CC00CC99CC00FF99CC0000CCCC0033CCCC0066CC
310
CC0099CCCC00CCCCCC00FFCCCC0000FFCC0033FFCC0066FFCC0099FFCC00CCFFCC00FFFFCC000000FF003300FF006600FF009900FF00CC00FF00FF00FF000033FF003333FF006633FF009933FF00CC33FF00FF33FF000066FF003366FF006666FF009966FF00CC66FF00FF66FF000099FF003399FF006699FF009999FF00CC
310
99FF00FF99FF0000CCFF0033CCFF0066CCFF0099CCFF00CCCCFF00FFCCFF0000FFFF0033FFFF0066FFFF0099FFFF00CCFFFF00FFFFFF00000000000D0D0D001A1A1A00282828003535350043434300505050005D5D5D006B6B6B00787878008686860093939300A1A1A100AEAEAE00BBBBBB00C9C9C900D6D6D600E4E4E400
310
F1F1F100FFFFFF0000000000000000000000000000000000000000000000000000000000000000000000000000000000ECECECECECECECECECECECECECECECECECECECECECECECECECECECECECECECECECECECECECECECECECECECECECECECECECECECECECECECECECECECECECECECECECECECECECECECECECECECECECECEC
310
ECECECECECECECECECECECECECECECECECECECECECECECECECECECECECECECECECECECECECECECECECECECECECECECECECECECECECECECECECECECECECECECECECECECECECECECECECECECECECECECECECECECECECECECECECECECECECECECECECECECECECECECECECECECECECECECECECECECECECECECECECECECECECECEC
310
ECECECECECECECECECECECECECECECECECECECECECECECECECECECECECECECECECECECECECECECECECECECECECECECECECECECECECECECECECECECECECECECECECECECECECECECECECECECECECECECECECECECECECECECECECECECECECECECECECECECECECECECECECECECECECECECECECECECECECECECECECECECECECECEC
310
ECECECECECECECECECECECECECECECECECECECECECECECECECECECECECECECECECECECECECECECECECECECECECECECECECECECECECECECECECECECECECECECECECECECECECECECECECECECECECECECECECECECECECECECECECECECECECECECECECECECECECECECECECECECECECECECECECECECECECECECECECECECECECECEC
310
ECECECECECECECECECECECECECECECECECECECECECECECECECECECECECECECECECECECECECECECECECECECECECECECECECECECEC000000000000000000000000000000000000000000000000000000000000000000000000000000000000000000000000000000000000000000000000000000000000000000000000000000
310
00000000000000000000000000000000000000000000000000000000000000000000000000000000000000000000000000000000000000000000000000000000000000000000000000000000000000000000000000000000000000000000000000000000000000000000000000000000000000000000000000000000000000
310
000000000000000000000000000000000000000000000000000000000000000000000000000000000000000000000000000000ECECEC00000000000000000000000000000000000000000000000000000000000000000000000000000000000000000000000000000000000000000000000000000000000000000000000000
310
00000000000000000000000000000000000000000000000000000000000000000000000000000000000000000000000000000000000000000000000000000000000000000000000000000000000000000000000000000000000000000000000000000000000000000000000000000000000000000000000000000000000000
310
0000000000000000000000000000000000000000000000000000000000000000000000000000000000000000000000000000000000ECECEC0000000000000000000000000000000000000000000000000000000000000000000000000000000000000000000000000000000000000000000000000000000000000000000000
310
00000000000000000000000000000000000000000000000000000000000000000000000000000000000000000000000000000000000000000000000000000000000000000000000000000000000000000000000000000000000000000000000000000000000000000000000000000000000000000000000000000000000000
310
00000000000000000000000000000000000000000000000000000000000000000000000000000000000000000000000000000000000000ECECEC000000000000000000000000000000000000000000000000000000000000000000000000000000000000000000000000000000000000000000000000000000000000000000
310
00000000000000000000000000000000000000000000000000000000000000000000000000000000000000000000000000000000000000000000000000000000000000000000000000000000000000000000000000000000000000000000000000000000000000000000000000000000000000000000000000000000000000
310
000000000000000000000000000000000000000000000000000000000000000000000000000000000000000000000000000000000000000000ECECEC00000000000000000000000000000000000000000000000000000000000000000000000000000000000000000000000000000000000000000000000000000000000000
310
00000000000000000000000000000000000000000000000000000000000000000000000000000000000000000000000000000000000000000000000000000000000000000000000000000000000000000000000000000000000000000000000000000000000000000000000000000000000000000000000000000000000000
310
0000000000000000000000000000000000000000000000000000000000000000000000000000000000000000000000000000000000000000000000ECECEC00000000000000000000000000000000E2E2E2E20000E2E2E2E20000E2E2E2E20000E2E2E2E20000E2E2E2E20000E2E2E2E20000E2E2E2E20000E2E2E2E20000E2
310
E2E2E20000E2E2E2E20000E2E2E2E20000E2E2E2E20000E2E2E2E20000E2E2E2E20000E2E2E2E20000E2E2E2E20000E2E2E2E20000E2E2E2E20000E2E2E2E20000E2E2E2E20000E2E2E2E20000E2E2E2E20000E2E2E2E20000E2E2E2E20000E2E2E2E20000E2E2E2E20000E2E2E2E20000E2E2E2E20000E2E2E2E20000E2E2
310
E2E20000E2E2E2E20000E2E2E2E20000E2E2E2E20000E2E2E2E20000E2E2E2E20000E2E2E2E20000E2E2E2E20000000000000000000000000000000000ECECEC00000000000000000000000000000000E200000000000000000000000000000000000000000000000000000000000000000000000000000000000000000000
310
00000000000000000000000000000000000000000000000000000000000000000000000000000000000000000000000000000000000000000000000000000000000000000000000000000000000000000000000000000000000000000000000000000000000000000000000000000000000000000000000000000000000000
310
000000000000000000000000000000000000000000000000000000000000000000000000000000000000000000000000000000000000000000000000000000ECECEC00000000000000000000000000000000E20000000000000000000000000000000000000000000000000000000000000000000000000000000000000000
310
00000000000000000000000000000000000000000000000000000000000000000000000000000000000000000000000000000000000000000000000000000000000000000000000000000000000000000000000000000000000000000000000000000000000000000000000000000000000000000000000000000000000000
310
000000000000000000000000000000000000000000000000000000000000000000000000000000000000000000000000E200000000000000000000000000000000ECECEC00000000000000000000000000000000E2000000000000000000000000000000000000000000000000000000000000000000000000000000000000
310
00000000000000000000000000000000000000000000000000000000000000000000000000000000000000000000000000000000000000000000000000000000000000000000000000000000000000000000000000000000000000000000000000000000000000000000000000000000000000000000000000000000000000
310
0000000000000000000000000000000000000000000000000000000000000000000000000000000000000000000000000000E200000000000000000000000000000000ECECEC00000000000000000000000000000000E200000000000000000000000000000000000000000000000000000000000000000000000000000000
310
00000000000000000000000000000000000000000000000000000000000000000000000000000000000000000000000000000000000000000000000000000000000000000000000000000000000000000000000000000000000000000000000000000000000000000000000000000000000000000000000000000000000000
310
00000000000000000000000000000000000000000000000000000000000000000000000000000000000000000000000000000000E200000000000000000000000000000000ECECEC00000000000000000000000000000000000000000000000000000000000000000000000000000000000000000000000000000000000000
310
00000000000000000000000000000000000000000000000000000000000000000000000000000000000000000000000000000000000000000000000000000000000000000000000000000000000000000000000000000000000000000000000000000000000000000000000000000000000000000000000000000000000000
310
000000000000000000000000000000000000000000000000000000000000000000000000000000000000000000000000000000000000E200000000000000000000000000000000ECECEC0000000000000000000000000000000000000000000000000000000000000000000000000000000000000000000000000000000000
310
00000000000000000000000000000000000000000000000000000000000000000000000000000000000000000000000000000000000000000000000000000000000000000000000000000000000000000000000000000000000000000000000000000000000000000000000000000000000000000000000000000000000000
310
00000000000000000000000000000000000000000000000000000000000000000000000000000000000000000000000000000000000000000000000000000000000000000000000000ECECEC00000000000000000000000000000000E200000000000000000000000000000000000000000000000000000000000000000000
310
00000000000000000000000000000000000000000000000000000000000000000000000000000000000000000000000000000000000000000000000000000000000000000000000000000000000000000000000000000000000000000000000000000000000000000000000000000000000000000000000000000000000000
310
000000000000000000000000000000000000000000000000000000000000000000000000000000000000000000000000000000000000000000000000000000000000000000000000000000ECECEC00000000000000000000000000000000E20000000000000000000000000000000000000000000000000000000000000000
310
00000000000000000000000000000000000000000000000000000000000000000000000000000000000000000000000000000000000000000000000000000000000000000000000000000000000000000000000000000000000000000000000000000000000000000000000000000000000000000000000000000000000000
310
000000000000000000000000000000000000000000000000000000000000000000000000000000000000000000000000000000000000000000000000E200000000000000000000000000000000ECECEC00000000000000000000000000000000E2000000000000000000000000000000000000000000000000000000000000
310
00000000000000000000000000000000000000000000000000000000000000000000000000000000000000000000000000000000000000000000000000000000000000000000000000000000000000000000000000000000000000000000000000000000000000000000000000000000000000000000000000000000000000
310
0000000000000000000000000000000000000000000000000000000000000000000000000000000000000000000000000000000000000000000000000000E200000000000000000000000000000000ECECEC00000000000000000000000000000000E200000000000000000000000000000000000000000000000000000000
310
00000000000000000000000000000000000000000000000000000000000000000000000000000000000000000000000000000000000000000000000000000000000000000000000000000000000000000000000000000000000000000000000000000000000000000000000000000000000000000000000000000000000000
310
00000000000000000000000000000000000000000000000000000000000000000000000000000000000000000000000000000000000000000000000000000000E200000000000000000000000000000000ECECEC00000000000000000000000000000000000000000000000000000000000000000000000000000000000000
310
00000000000000000000000000000000000000000000000000000000000000000000000000000000000000000000000000000000000000000000000000000000000000000000000000000000000000000000000000000000000000000000000000000000000000000000000000000000000000000000000000000000000000
310
000000000000000000000000000000000000000000000000000000000000000000000000000000000000000000000000000000000000000000000000000000000000E200000000000000000000000000000000ECECEC0000000000000000000000000000000000000000000000000000000000000000000000000000000000
310
00000000000000000000000000000000000000000000000000000000000000000000000000000000000000000000000000000000000000000000000000000000000000000000000000000000000000000000000000000000000000000000000000000000000000000000000000000000000000000000000000000000000000
310
00000000000000000000000000000000000000000000000000000000000000000000000000000000000000000000000000000000000000000000000000000000000000000000000000000000000000000000000000ECECEC00000000000000000000000000000000E200000000000000000000000000000000000000000000
310
00000000000000000000000000000000000000000000000000000000000000000000000000000000000000000000000000000000000000000000000000000000000000000000000000000000000000000000000000000000000000000000000000000000000000000000000000000000000000000000000000000000000000
310
000000000000000000000000000000000000000000000000000000000000000000000000000000000000000000000000000000000000000000000000000000000000000000000000000000000000000000000000000000ECECEC00000000000000000000000000000000E20000000000000000000000000000000000000000
310
00000000000000000000000000000000000000000000000000000000000000000000000000000000000000000000000000000000000000000000000000000000000000000000000000000000000000000000000000000000000000000000000000000000000000000000000000000000000000000000000000000000000000
310
000000000000000000000000000000000000000000000000000000000000000000000000000000000000000000000000000000000000000000000000000000000000000000000000E200000000000000000000000000000000ECECEC00000000000000000000000000000000E2000000000000000000000000000000000000
310
00000000000000000000000000000000000000000000000000000000000000000000000000000000000000000000000000000000000000000000000000000000000000000000000000000000000000000000000000000000000000000000000000000000000000000000000000000000000000000000000000000000000000
310
0000000000000000000000000000000000000000000000000000000000000000000000000000000000000000000000000000000000000000000000000000000000000000000000000000E200000000000000000000000000000000ECECEC00000000000000000000000000000000E200000000000000000000000000000000
310
0000000000E2E2E2E2E2E2E2E2E2E2E2E2E2E2E2E2E2E2E2E2E2E2E2E2E2E2E2E2E2E2E2E2E2E2E2E2E2E2E2E2E2E2E2E2E2E2E2E2E2E2E2E2E2E2E2E2E2E2E2E2E2E2E2E2E2E2E2E2E2E2E2E2E2E2E2E2E2E2E2E2E2E2E2E2E2E2E2E2E2E2E2E2E2E2E2E2E2E2E2E2E2E2E2E2E2E2E2E2E2E2E2E2E2E2E2E2E2E2E2E2E2E2
310
E2E2E2E2E2E2E2E2E2E2E2E2E2E2E2E2E2E2E2E2E2E2E2E2E2E2E2E2E2E2E2E2E2E2E2E2E2E2E2E2E2E2E2E2E2E2E2E2E2E2E2E2E2E2E2000000000000000000000000000000000000000000E200000000000000000000000000000000ECECEC00000000000000000000000000000000000000000000000000000000000000
310
00000000000000E20000000000000000000000000000000000000000000000000000000000000000000000000000000000000000000000000000000000000000000000000000000000000000000000000000000000000000000000000000000000000000000000000000000000000000000000000000000000000000000000
310
0000000000000000000000000000000000000000000000000000000000000000000000000000000000000000000000000000000000000000E2000000000000000000000000000000000000000000E200000000000000000000000000000000ECECEC0000000000000000000000000000000000000000000000000000000000
310
000000000000000000E2000000000000000000000000000000000000000000000000000000000000000000000000000000000000000000000000000000000000000000000000000000000000000000000000000000000000000000000000000000000000000000000000000000000000000000000000000000000000000000
310
00000000000000000000000000000000000000000000000000000000000000000000000000000000000000000000000000000000000000000000E20000000000000000000000000000000000000000000000000000000000000000000000000000ECECEC00000000000000000000000000000000E200000000000000000000
310
0000000000000000000000E200000000000000000000000000000000000000000000000000000000000000000000000000000000000000000000000000000000000000000000000000000000000000000000000000000000000000000000000000000000000000000000000000000000000000000000000000000000000000
310
000000000000000000000000000000000000000000000000000000000000000000000000000000000000000000000000000000000000000000000000E20000000000000000000000000000000000000000000000000000000000000000000000000000ECECEC00000000000000000000000000000000E20000000000000000
310
00000000000000000000000000E20000000000000000000000000000000000000000000000000000000000000000000000000000000000000000000000000000000000000000000000000000000000000000000000000000000000000000000000000000000000000000000000000000000000000000000000000000000000
310
0000000000000000000000000000000000000000000000000000000000000000000000000000000000000000000000000000000000000000000000000000E2000000000000000000000000000000000000000000E200000000000000000000000000000000ECECEC00000000000000000000000000000000E2000000000000
310
000000000000000000000000000000E2000000000000000000000000000000000000000000000000000000000000000000000000000000000000000000000000000000000000000000000000000000000000000000000000000000000000000000000000000000000000000000000000000000000000000000000000000000
310
00000000000000000000000000000000000000000000000000000000000000000000000000000000000000000000000000000000000000000000000000000000E2000000000000000000000000000000000000000000E200000000000000000000000000000000ECECEC00000000000000000000000000000000E200000000
310
0000000000000000000000000000000000E200000000000000000000000000000000000000000000000000000000000000000000000000000000000000000000000000000000000000000000000000000000000000000000000000000000000000000000000000000000000000000000000000000000000000000000000000
310
000000000000000000000000000000000000000000000000000000000000000000000000000000000000000000000000000000000000000000000000000000000000E2000000000000000000000000000000000000000000E200000000000000000000000000000000ECECEC00000000000000000000000000000000000000
310
00000000000000000000000000000000000000E20000000000000000000000000000000000000000000000000000000000000000000000000000000000000000000000000000000000000000000000000000000000000000000000000000000000000000000000000000000000000000000000000000000000000000000000
310
0000000000000000000000000000000000000000000000000000000000000000000000000000000000000000000000000000000000000000000000000000000000000000E2000000000000000000000000000000000000000000E200000000000000000000000000000000ECECEC0000000000000000000000000000000000
310
000000000000000000000000000000000000000000E2000000000000000000000000000000000000000000000000000000000000000000000000000000000000000000000000000000000000000000000000000000000000000000000000000000000000000000000000000000000000000000000000000000000000000000
310
00000000000000000000000000000000000000000000000000000000000000000000000000000000000000000000000000000000000000000000000000000000000000000000E20000000000000000000000000000000000000000000000000000000000000000000000000000ECECEC000000000000000000000000000000
310
00E2000000000000000000000000000000000000000000E200000000000000000000000000000000000000000000000000000000000000000000000000000000000000000000000000000000000000000000000000000000000000000000000000000000000000000000000000000000000000000000000000000000000000
310
000000000000000000000000000000000000000000000000000000000000000000000000000000000000000000000000000000000000000000000000000000000000000000000000E20000000000000000000000000000000000000000000000000000000000000000000000000000ECECEC00000000000000000000000000
310
000000E2000000000000000000000000000000000000000000E20000000000000000000000000000000000000000000000000000000000000000000000000000000000000000000000000000000000000000000000000000000000000000000000000000000000000000000000000000000000000000000000000000000000
310
0000000000000000000000000000000000000000000000000000000000000000000000000000000000000000000000000000000000000000000000000000000000000000000000000000E2000000000000000000000000000000000000000000E200000000000000000000000000000000ECECEC0000000000000000000000
310
0000000000E2000000000000000000000000000000000000000000E2000000000000000000000000000000000000000000000000000000000000000000000000000000000000000000000000000000000000000000000000000000000000000000000000000000000000000000000000000000000000000000000000000000
310
00000000000000000000000000000000000000000000000000000000000000000000000000000000000000000000000000000000000000000000000000000000000000000000000000000000E2000000000000000000000000000000000000000000E200000000000000000000000000000000ECECEC000000000000000000
310
00000000000000E2000000000000000000000000000000000000000000E200000000000000000000000000000000000000000000000000000000000000000000000000000000000000000000000000000000000000000000000000000000000000000000000000000000000000000000000000000000000000000000000000
310
000000000000000000000000000000000000000000000000000000000000000000000000000000000000000000000000000000000000000000000000000000000000000000000000000000000000E2000000000000000000000000000000000000000000E200000000000000000000000000000000ECECEC00000000000000
310
00000000000000000000000000000000000000000000000000000000000000E20000000000000000000000000000000000000000000000000000000000000000000000000000000000000000000000000000000000000000000000000000000000000000000000000000000000000000000000000000000000000000000000
310
0000000000000000000000000000000000000000000000000000000000000000000000000000000000000000000000000000000000000000000000000000000000000000000000000000000000000000E2000000000000000000000000000000000000000000E200000000000000000000000000000000ECECEC0000000000
310
000000000000000000000000000000000000000000000000000000000000000000E2000000000000000000000000000000000000000000000000000000000000000000000000000000000000000000000000000000000000000000000000000000000000000000000000000000000000000000000000000000000000000000
310
00000000000000000000000000000000000000000000000000000000000000000000000000000000000000000000000000000000000000000000000000000000000000000000000000000000000000000000E20000000000000000000000000000000000000000000000000000000000000000000000000000ECECEC000000
310
00000000000000000000000000E2000000000000000000000000000000000000000000E200000000000000000000000000000000000000000000000000000000000000000000000000000000000000000000000000000000000000000000000000000000000000000000000000000000000000000000000000000000000000
310
000000000000000000000000000000000000000000000000000000000000000000000000000000000000000000000000000000000000000000000000000000000000000000000000000000000000000000000000E20000000000000000000000000000000000000000000000000000000000000000000000000000ECECEC00
310
000000000000000000000000000000E2000000000000000000000000000000000000000000E20000000000000000000000000000000000000000000000000000000000000000000000000000000000000000000000000000000000000000000000000000000000000000000000000000000000000000000000000000000000
310
0000000000000000000000000000000000000000000000000000000000000000000000000000000000000000000000000000000000000000000000000000000000000000000000000000000000000000000000000000E2000000000000000000000000000000000000000000E200000000000000000000000000000000ECEC
310
EC00000000000000000000000000000000E2000000000000000000000000000000000000000000E2000000000000000000000000000000000000000000000000000000000000000000000000000000000000000000000000000000000000000000000000000000000000000000000000000000000000000000000000000000
310
00000000000000000000000000000000000000000000000000000000000000000000000000000000000000000000000000000000000000000000000000000000000000000000000000000000000000000000000000000000E2000000000000000000000000000000000000000000E200000000000000000000000000000000
310
ECECEC00000000000000000000000000000000E2000000000000000000000000000000000000000000E200000000000000000000000000000000000000000000000000000000000000000000000000000000000000000000000000000000000000000000000000000000000000000000000000000000000000000000000000
310
000000000000000000000000000000000000000000000000000000000000000000000000000000000000000000000000000000000000000000000000000000000000000000000000000000000000000000000000000000000000E2000000000000000000000000000000000000000000E20000000000000000000000000000
310
0000ECECEC0000000000000000000000000000000000000000000000000000000000000000000000000000E20000000000000000000000000000000000000000000000000000000000000000000000000000000000000000000000000000000000000000000000000000000000000000000000000000000000000000000000
310
0000000000000000000000000000000000000000000000000000000000000000000000000000000000000000000000000000000000000000000000000000000000000000000000000000000000000000000000000000000000000000E2000000000000000000000000000000000000000000E2000000000000000000000000
310
00000000ECECEC0000000000000000000000000000000000000000000000000000000000000000000000000000E2000000000000000000000000000000000000000000000000000000000000000000000000000000000000000000000000000000000000000000000000000000000000000000000000000000000000000000
310
00000000000000000000000000000000000000000000000000000000000000000000000000000000000000000000000000000000000000000000000000000000000000000000000000000000000000000000000000000000000000000000E20000000000000000000000000000000000000000000000000000000000000000
310
000000000000ECECEC00000000000000000000000000000000E2000000000000000000000000000000000000000000E200000000000000000000000000000000000000000000000000000000000000000000000000000000000000000000000000000000000000000000000000000000000000000000000000000000000000
310
000000000000000000000000000000000000000000000000000000000000000000000000000000000000000000000000000000000000000000000000000000000000000000000000000000000000000000000000000000000000000000000000E2000000000000000000000000000000000000000000000000000000000000
310
0000000000000000ECECEC00000000000000000000000000000000E2000000000000000000000000000000000000000000E20000000000000000000000000000000000000000000000000000000000000000000000000000000000000000000000000000000000000000000000000000000000000000000000000000000000
310
0000000000000000000000000000000000000000000000000000000000000000000000E2E2E2E2E2E2E2E2E2E2E2E2E2E2E2E2E2E2E2E2E2E2E2E2E2E2E2E20000000000000000E2E2E2E2E2E2E2E2E2E2E2E2E2E2E2E2E2E2E2E2E2E2E2E2E2E2E2E2000000000000000000000000000000000000000000E2000000000000
310
00000000000000000000ECECEC00000000000000000000000000000000E2000000000000000000000000000000000000000000E2000000000000000000000000000000000000000000000000000000000000000000000000000000000000000000000000000000000000000000000000000000000000000000000000000000
310
00000000000000000000000000000000000000000000000000000000000000000000000000E2E2E2E2E2E2E2E2E2E2E2E2E2E2E2E2E2E2E2E2E2E2E2E2E2E2E2E20000000000000000E2E2E2E2E2E2E2E2E2E2E2E2E2E2E2E2E2E2E2E2E2E2E2E2E2E2E2E2000000000000000000000000000000000000000000E200000000
310
000000000000000000000000ECECEC00000000000000000000000000000000E2000000000000000000000000000000000000000000E200000000000000000000000000000000000000000000000000000000000000000000000000000000000000000000000000000000000000000000000000000000000000000000000000
310
000000000000000000000000000000000000000000000000000000000000000000000000000000E2E2E2E2E2E2E2E2E2E2E2E2E2E2E2E2E2E2E2E2E2E2E2E2E2E2E2E20000000000000000E2E2E2E2E2E2E2E2E2E2E2E2E2E2E2E2E2E2E2E2E2E2E2E2E2E2E2E2000000000000000000000000000000000000000000E20000
310
0000000000000000000000000000ECECEC0000000000000000000000000000000000000000000000000000000000000000000000000000E20000000000000000000000000000000000000000000000000000000000000000000000000000000000000000000000000000000000000000000000000000000000000000000000
310
0000000000000000000000000000000000000000000000000000000000000000000000000000000000E2E2E2E2E2E2E2E2E2E2E2E2E2E2E2E2E2E2E2E2E2E2E2E2E2E2E2E20000000000000000E2E2E2E2E2E2E2E2E2E2E2E2E2E2E2E2E2E2E2E2E2E2E2E2E2E2E2E2000000000000000000000000000000000000000000E2
310
00000000000000000000000000000000ECECEC0000000000000000000000000000000000000000000000000000000000000000000000000000E2000000000000000000000000000000000000000000000000000000000000000000000000000000000000000000000000000000000000000000000000000000000000000000
310
00000000000000000000000000000000000000000000000000000000000000000000000000000000000000E2E2E2E2E2E2E2E2E2E2E2E2E2E2E2E2E2E2E2E2E2E2E2E2E2E2E2E20000000000000000E2E2E2E2E2E2E2E2E2E2E2E2E2E2E2E2E2E2E2E2E2E2E2E2E2E2E2E20000000000000000000000000000000000000000
310
000000000000000000000000000000000000ECECEC00000000000000000000000000000000E2000000000000000000000000000000000000000000E200000000000000000000000000000000000000000000000000000000000000000000000000000000000000000000000000000000000000000000000000000000000000
310
000000000000000000000000000000000000000000000000000000000000000000000000000000000000000000E2E2E2E2E2E2E2E2E2E2E2E2E2E2E2E2E2E2E2E2E2E2E2E2E2E2E2E2000000E2E2000000E2E2E2E2E2E2E2E2E2E2E2E2E2E2E2E2E2E2E2E2E2E2E2E2E2E2E2E2000000000000000000000000000000000000
310
0000000000000000000000000000000000000000ECECEC00000000000000000000000000000000E2000000000000000000000000000000000000000000E20000000000000000000000000000000000000000000000000000000000000000000000000000000000000000000000000000000000000000000000000000000000
310
0000000000000000000000000000000000000000000000000000000000000000000000000000000000000000000000E2E2E2E2E2E2E2E2E2E2E2E2E2E2E2E2E2E2E2E2E2E2E2E2E2E2E2E200E2E2E2E2E2E200E2E2E2E2E2E2E2E2E2E2E2E2E2E2E2E2E2E2E2E2E2E2E2E2E2E2E2E200000000000000000000000000000000
310
0000000000E200000000000000000000000000000000ECECEC00000000000000000000000000000000E2000000000000000000000000000000000000000000E2000000000000000000000000000000000000000000000000000000000000000000000000000000000000000000000000000000000000000000000000000000
310
00000000000000000000000000000000000000000000000000000000000000000000000000000000000000000000000000E2E2E2E2E2E2E2E2E2E2E2E2E2E2E2E2E2E2E2E2E2E2E2E2E2E2E2E2E2E2E2E2E2E2E2E2E2E2E2E2E2E2E2E2E2E2E2E2E2E2E2E2E2E2E2E2E2E2E2E2E2E2E2E20000000000000000000000000000
310
00000000000000E200000000000000000000000000000000ECECEC00000000000000000000000000000000E2000000000000000000000000000000000000000000E200000000000000000000000000000000000000000000000000000000000000000000000000000000000000000000000000000000000000000000000000
310
000000000000000000000000000000000000000000000000000000000000000000000000000000000000000000000000000000E2E2E2E2E2E2E2E2E2E2E2E2E2E2E2E2E2E2E2E2E2E2E2E2E2E2E2E20000E2E2E2E20000E2E2E2E2E2E2E2E2E2E2E2E2E2E2E2E2E2E2E2E2E2E2E2E2E2E2E2E2000000000000000000000000
310
000000000000000000E200000000000000000000000000000000ECECEC0000000000000000000000000000000000000000000000000000000000000000000000000000E20000000000000000000000000000000000000000000000000000000000000000000000000000000000000000000000000000000000000000000000
310
0000000000000000000000000000000000000000000000000000000000000000000000000000000000000000000000000000000000E2E2E2E2E2E2E2E2E2E2E2E2E2E2E2E2E2E2E2E2E2E2E2E2E2E2E2E20000E2E2E2E20000E2E2E2E2E2E2E2E2E2E2E2E2E2E2E2E2E2E2E2E2E2E2E2E2E2E2E2E200000000000000000000
310
0000000000000000000000E200000000000000000000000000000000ECECEC0000000000000000000000000000000000000000000000000000000000000000000000000000E2000000000000000000000000000000000000000000000000000000000000000000000000000000000000000000000000000000000000000000
310
E2E2E2E2E2E2E2E2E2E2000000000000000000000000000000000000000000000000000000000000000000000000000000000000000000E2E2E2E2E2E2E2E2E2E2E2E2E2E2E2E2E2E2E2E2E2E2E2E2E2E2E2E20000E2E2E2E20000E2E2E2E2E2E2E2E2E2E2E2E2E2E2E2E2E2E2E2E2E2E2E2E2E2E2E2E20000000000000000
310
000000000000000000000000000000000000000000000000000000000000ECECEC00000000000000000000000000000000E2000000000000000000000000000000000000000000E200000000000000000000000000000000000000000000000000000000000000000000000000000000000000000000000000000000000000
310
00E200000000000000000000E20000000000000000000000000000000000000000000000000000000000000000000000000000000000000000E2E2E2E2E2E2E2E2E2E2E2E2E2E2E2E2E2E2E2E2E2E2E2E2E2E2E2E20000E2E2E2E20000E2E2E2E2E2E2E2E2E2E2E2E2E2E2E2E2E2E2E2E2E2E2E2E2E2E2E2E2000000000000
310
0000000000000000000000000000000000000000000000000000000000000000ECECEC00000000000000000000000000000000E2000000000000000000000000000000000000000000E20000000000000000000000000000000000000000000000000000000000000000000000000000000000000000000000000000000000
310
0000E2E2E2E2E2E2E2E2E2E2E2E2E2E200000000000000000000000000000000000000000000000000000000000000000000000000000000000000E2E2E2E2E2E2E2E2E2E2E2E2E2E2E2E2E2E2E2E2E2E2E2E2E2E2E2E20000E2E2E2E20000E2E2E2E2E2E2E2E2E2E2E2E2E2E2E2E2E2E2E2E2E2E2E2E2E2E2E2E200000000
310
0000000000000000000000000000000000E200000000000000000000000000000000ECECEC00000000000000000000000000000000E2000000000000000000000000000000000000000000E2000000000000000000000000000000000000000000000000000000000000000000000000000000000000000000000000000000
310
00000000E2E200000000000000000000E2E200000000000000000000000000000000000000000000000000000000000000000000000000000000000000E2E2E2E2E2E2E2E2E2E2E2E2E2E2E2E2E2E2E2E2E2E2E2E2E2E2E2E20000E2E2E2E20000E2E2E2E2E2E2E2E2E2E2E2E2E2E2E2E2E2E2E2E2E2E2E2E2E2E2E2E20000
310
00000000000000000000000000000000000000E200000000000000000000000000000000ECECEC00000000000000000000000000000000E2000000000000000000000000000000000000000000E200000000000000000000000000000000000000000000000000000000000000000000000000000000000000000000000000
310
000000000000E2E200000000000000000000E2E200000000000000000000000000000000000000000000000000000000000000000000000000000000000000000000000000000000000000000000000000000000000000000000000000E2E2E2E20000000000000000000000000000000000000000000000000000000000E2
310
000000000000000000000000000000000000000000E200000000000000000000000000000000ECECEC0000000000000000000000000000000000000000000000000000000000000000000000000000E20000000000000000000000000000000000000000000000000000000000000000000000000000000000000000000000
310
0000000000000000E2E2E2E2E2E2E2E2E2E2E2E2E2E200000000000000000000000000000000000000000000000000000000000000000000000000000000000000000000000000000000000000000000000000000000000000000000000000E2E2E2E200000000000000000000000000000000000000000000000000000000
310
00E2000000000000000000000000000000000000000000E200000000000000000000000000000000ECECEC0000000000000000000000000000000000000000000000000000000000000000000000000000E2000000000000000000000000000000000000000000000000000000000000000000000000000000000000000000
310
00000000000000000000E2000000000000000000000000E2000000E2E2E2E2E2E2E2E2E2E2E2E2E2E2E2E2E2E2E2E2E2E2E2E2E2E2E2E2E2E2E2E2E200000000000000000000000000000000000000000000000000000000000000000000000000E2E2E2E20000000000000000000000000000000000000000000000000000
310
000000E20000000000000000000000000000000000000000000000000000000000000000000000000000ECECEC00000000000000000000000000000000E2000000000000000000000000000000000000000000E200000000000000000000000000000000000000000000000000000000000000000000000000000000000000
310
000000000000000000000000E2E2E2E2E2E2E2E2E2E2E2E2E2E2000000E2E2E2E2E2E2E2E2E2E2E2E2E2E2E2E2E2E2E2E2E2E2E2E2E2E2E2E2E2E2E2E2E200000000000000000000000000000000000000000000000000000000000000000000000000E2E2E2E2000000000000000000000000000000000000000000000000
310
0000000000E20000000000000000000000000000000000000000000000000000000000000000000000000000ECECEC00000000000000000000000000000000E2000000000000000000000000000000000000000000E20000000000000000000000000000000000000000000000000000000000000000000000000000000000
310
0000000000000000000000000000E2000000000000000000000000E2000000E2E2E2E2E2E2E2E2E2E2E2E2E2E2E2E2E2E2E2E2E2E2E2E2E2E2E2E2E2E2E2E2E200000000000000000000000000000000000000000000000000000000000000000000000000E2E2E2E200000000000000000000000000000000000000000000
310
00000000000000E2000000000000000000000000000000000000000000E200000000000000000000000000000000ECECEC00000000000000000000000000000000E2000000000000000000000000000000000000000000E2000000000000000000000000000000000000000000000000000000000000000000000000000000
310
00000000000000000000000000000000E2000000000000000000000000E2000000E2E2E2E2E2E2E2E2E2E2E2E2E2E2E2E2E2E2E2E2E2E2E2E2E2E2E2E2E2E2E2E2E200000000000000000000000000000000000000000000000000000000000000000000000000E2E2E2E200000000E2000000000000000000000000000000
310
000000000000000000E2000000000000000000000000000000000000000000E200000000000000000000000000000000ECECEC00000000000000000000000000000000E2000000000000000000000000000000000000000000E200000000000000000000000000000000000000000000000000000000000000000000000000
310
000000000000000000000000000000000000E2E2E200E2E2E2E2E2E200E2E2E2000000E2E2E2E2E2E2E2E2E2E2E2E2E2E2E2E2E2E2E2E2E2E2E2E2E2E2E2E2E2E2E2E2E20000000000000000000000000000000000000000000000000000000000000000000000E2E2E2E2E2E2E2E2E2E2E2E2000000000000000000000000
310
0000000000000000000000E2000000000000000000000000000000000000000000E200000000000000000000000000000000ECECEC0000000000000000000000000000000000000000000000000000000000000000000000000000E20000000000000000000000000000000000000000000000000000000000000000000000
310
0000000000000000000000000000000000000000E200E200E200000000E200E200E2000000E2E2E2E2E2E2E2E2E2E2E2E2E2E2E2E2E2E2E2E2E2E2E2E2E2E2E2E2E2E2E2E2E20000000000000000000000000000000000000000000000000000000000000000000000E200E2E2E2E2E2E2E2E2E2E200000000000000000000
310
00000000000000000000000000E2000000000000000000000000000000000000000000E200000000000000000000000000000000ECECEC0000000000000000000000000000000000000000000000000000000000000000000000000000E2000000000000000000000000000000000000000000000000000000000000000000
310
00000000000000000000000000000000000000000000E200E200E200000000E200E200E2000000E2E2E2E2E2E2E2E2E2E2E2E2E2E2E2E2E2E2E2E2E2E2E2E2E2E2E2E2E2E2E2E2E200000000000000000000000000000000000000000000000000000000000000000000E2E200E2E2E2E2E2E2E2E2E2E20000000000000000
310
000000000000000000000000000000E20000000000000000000000000000000000000000000000000000000000000000000000000000ECECEC00000000000000000000000000000000E2000000000000000000000000000000000000000000E200000000000000000000000000000000000000000000000000000000000000
310
000000000000000000000000000000000000000000000000E200E200E200000000E200E200E2000000E2E2E2E2E2E2E2E2E2E2E2E2E2E2E2E2E2E2E2E2E2E2E2E2E2E2E2E2E2E2E2E2E200000000000000000000000000000000000000000000000000000000000000000000E2E200E2E2E2E2E2E2E2E2E2E2000000000000
310
0000000000000000000000000000000000E20000000000000000000000000000000000000000000000000000000000000000000000000000ECECEC00000000000000000000000000000000E2000000000000000000000000000000000000000000E20000000000000000000000000000000000000000000000000000000000
310
0000000000000000000000000000000000000000000000000000E200E200E200000000E200E200E2000000E2E2E2E2E2E2E2E2E2E2E2E2E2E2E2E2E2E2E2E2E2E2E2E2E2E2E2E2E2E2E2E2E200000000000000000000000000000000000000000000000000000000000000000000E2E200E2E2E2E2E2E2E2E2E2E200000000
310
00000000000000000000000000000000000000E2000000000000000000000000000000000000000000E200000000000000000000000000000000ECECEC00000000000000000000000000000000E2000000000000000000000000000000000000000000E2000000000000000000000000000000000000000000000000000000
310
00000000000000000000000000000000000000000000000000000000E200E200E200000000E200E200E2000000E2E2E2E2E2E2E2E2E2E2E2E2E2E2E2E2E2E2E2E2E2E2E2E2E2E2E2E2E2E2E2E2E200000000000000000000000000000000000000000000000000000000000000000000E2E200E2E2E2E2E2E2E2E2E2E20000
310
000000000000000000000000000000000000000000E2000000000000000000000000000000000000000000E200000000000000000000000000000000ECECEC00000000000000000000000000000000E2000000000000000000000000000000000000000000E200000000000000000000000000000000000000000000000000
310
000000000000000000000000000000000000000000000000000000000000E200E200E200000000E200E200E2000000E2E2E2E2E2E2E2E2E2E2E2E2E2E2E2E2E2E2E2E2E2E2E2E2E2E2E2E2E2E2E2E2E20000000000000000000000000000000000000000000000000000000000000000000000E2E2E2E2E2E2E2E2E2E2E2E2
310
0000000000000000000000000000000000000000000000E2000000000000000000000000000000000000000000E200000000000000000000000000000000ECECEC0000000000000000000000000000000000000000000000000000000000000000000000000000E20000000000000000000000000000000000000000000000
310
0000000000000000000000000000000000000000000000000000000000000000E2E2E200E2E2E2E2E2E200E2E2E2000000E2E2E2E2E2E2E2E2E2E2E2E2E2E2E2E2E2E2E2E2E2E2E2E2E2E2E2E2E2E2E2E2E200000000000000000000000000000000000000000000000000000000000000000000000000E2E2E2E200000000
310
E2000000000000000000000000000000000000000000000000E2000000000000000000000000000000000000000000E200000000000000000000000000000000ECECEC0000000000000000000000000000000000000000000000000000000000000000000000000000E2000000000000000000000000000000000000000000
310
00000000000000000000000000000000000000000000000000000000000000000000E2000000000000000000000000E2000000E2E2E2E2E2E2E2E2E2E2E2E2E2E2E2E2E2E2E2E2E2E2E2E2E2E2E2E2E2E2E2E2E200000000000000000000000000000000000000000000000000000000000000000000000000E2E2E2E20000
310
000000000000000000000000000000000000000000000000000000E20000000000000000000000000000000000000000000000000000000000000000000000000000ECECEC00000000000000000000000000000000E2000000000000000000000000000000000000000000E200000000000000000000000000000000000000
310
000000000000000000000000000000000000000000000000000000000000000000000000E2000000000000000000000000E2000000E2E2E2E2E2E2E2E2E2E2E2E2E2E2E2E2E2E2E2E2E2E2E2E2E2E2E2E2E2E2E2E2E200000000000000000000000000000000000000000000000000000000000000000000000000E2E2E2E2
310
0000000000000000000000000000000000000000000000000000000000E20000000000000000000000000000000000000000000000000000000000000000000000000000ECECEC00000000000000000000000000000000E2000000000000000000000000000000000000000000E20000000000000000000000000000000000
310
0000000000000000000000000000000000000000000000000000000000000000000000000000E2000000000000000000000000E2000000E2E2E2E2E2E2E2E2E2E2E2E2E2E2E2E2E2E2E2E2E2E2E2E2E2E2E2E2E2E2E2E2E200000000000000000000000000000000000000000000000000000000000000000000000000E2E2
310
E2E20000000000000000000000000000000000000000000000000000000000E2000000000000000000000000000000000000000000E200000000000000000000000000000000ECECEC00000000000000000000000000000000E2000000000000000000000000000000000000000000E2000000000000000000000000000000
310
000000000000E2E2E2E2E2E2E2E2E2E2E2E2E2E2E2E2E2E2E2E2E2E2000000000000000000000000E2E2E2E2E2E2E2E2E2E2E2E2E2E2000000E2E2E2E2E2E2E2E2E2E2E2E2E2E2E2E2E2E2E2E2E2E2E2E2E2E2E2E2E2E2E2E2E200000000000000000000000000000000000000000000000000000000000000000000000000
310
E2E2E2E20000000000000000000000000000000000000000000000000000000000E2000000000000000000000000000000000000000000E200000000000000000000000000000000ECECEC00000000000000000000000000000000E2000000000000000000000000000000000000000000E200000000000000000000000000
310
0000000000000000E20000000000000000000000000000000000000000E200000000000000000000000000E2E200000000000000E2E20000000000000000000000000000000000000000E2E2E2E200000000000000000000000000000000000000000000000000000000000000000000000000000000000000000000000000
310
0000E2E2E2E20000000000000000000000000000000000000000000000000000000000E2000000000000000000000000000000000000000000E200000000000000000000000000000000ECECEC0000000000000000000000000000000000000000000000000000000000000000000000000000E20000000000000000000000
310
00000000000000000000E20000E2E2E2E2E2E2E2E2E2E2E2E2E2E2E2E20000E2000000000000000000000000000000E2E2E2E2E2E2E200000000000000000000000000000000000000000000E2E2E2E2000000000000000000000000000000000000000000000000000000E2E2E2E2E2E2E200000000000000000000000000
310
00000000E2E2E2E20000000000000000000000000000000000000000000000000000000000E2000000000000000000000000000000000000000000E200000000000000000000000000000000ECECEC0000000000000000000000000000000000000000000000000000000000000000000000000000E2000000000000000000
310
000000000000000000000000E200E2E20000000000000000000000000000E2E200E200000000000000000000000000000000E2E2E2E2E2E200000000000000000000000000000000000000000000E2E2E2E2000000000000000000000000000000000000000000000000000000E2E2E2E2E2E2000000000000000000000000
310
000000000000E2E2E2E20000000000000000000000000000000000000000000000000000000000E20000000000000000000000000000000000000000000000000000000000000000000000000000ECECEC00000000000000000000000000000000E2000000000000000000000000000000000000000000E200000000000000
310
0000000000000000000000000000E200E200000000000000000000000000000000E200E200000000000000000000000000000000E2E2E2E2E20000000000000000000000000000000000000000000000E2E2E2E20000000000000000000000000000000000000000000000000000E2E2E2E2E2E2E2E2000000000000000000
310
0000000000000000E2E2E2E20000000000000000000000000000000000000000000000000000000000E20000000000000000000000000000000000000000000000000000000000000000000000000000ECECEC00000000000000000000000000000000E2000000000000000000000000000000000000000000E20000000000
310
000000000000000000000000000000E2E200E200000000000000000000000000000000E200E2E200000000000000000000000000E2E200E2E2E200E2E2000000000000000000000000000000000000000000E2E2E2E20000000000000000000000000000000000000000000000000000E2000000000000E200000000000000
310
00000000000000000000E2E2E2E20000000000000000000000000000000000000000000000000000000000E2000000000000000000000000000000000000000000E200000000000000000000000000000000ECECEC00000000000000000000000000000000E2000000000000000000000000000000000000000000E2000000
310
00000000000000000000000000000000E2000000E200000000000000000000000000000000E2000000E200000000000000000000E2E2E2E2E200E2E2E2E2E2E2E200000000000000000000000000000000000000E2E2E2E200000000000000000000000000000000E2E2E2E2E2E2E2E2E2E2E2E2E2E2E2E2E2E2E2E2E2E2E2
310
E2E2E2E2E200000000000000E2E2E2E20000000000000000000000000000000000000000000000000000000000E2000000000000000000000000000000000000000000E200000000000000000000000000000000ECECEC00000000000000000000000000000000E2000000000000000000000000000000000000000000E200
310
000000E2E2E2E2E2000000000000000000E200000000E2E2E2E2E2E2E2E2E2E2E2E2E2E2E2E2E2E200000000E20000000000000000E2E2E200000000E2E2000000E2E2E2000000000000000000000000000000000000E2E2E2E200000000000000000000000000000000E2E200E200E200E2E2E20000000000000000E2E2E2
310
0000E2E2E200E200000000000000E2E2E2E20000000000000000000000000000000000000000000000000000000000E2000000000000000000000000000000000000000000E200000000000000000000000000000000ECECEC0000000000000000000000000000000000000000000000000000000000000000000000000000
310
E200000000E2E2E2E2E2E20000000000E2E2E2E20000E200E2E2E2E2E2E2E2E2E2E2E2E2E2E2E2E2E2E200E20000E2E2E2000000000000E200E200000000E2E200000000E2E2E2000000000000E2E2E2E2E2E2E2E2E2E2E2E2E2E2E2E2E2E2E2E2E2E2E2E2E2E20000000000E2E20000E2E2E2E2E200000000000000000000
310
E2E2E2E2E2E20000E2E2000000000000E2E2E2E20000000000000000000000000000000000000000000000000000000000E2000000000000000000000000000000000000000000E200000000000000000000000000000000ECECEC000000000000000000000000000000000000000000000000000000000000000000000000
310
0000E200000000E2E2E2E2E2000000000000E200E2000000E200E200000000000000000000000000000000E200E20000E200E2E200000000E2E2E2E2E200E2E2E2E2E20000E2E2E2E2000000000000E200E200000000E2E2E2E2E2E2E2E2E2E2E2E200000000E200E2E200000000E200000000000000000000000000000000
310
00000000000000000000E2E20000000000E2E2E2E2E2E20000000000E2E2E2E2E2E2E2E2E2E2E2E2E2E2000000000000000000E20000000000000000000000000000000000000000000000000000000000000000000000000000ECECEC00000000000000000000000000000000E20000000000000000000000000000000000
310
00000000E200000000E2000000E20000000000E2E200E2000000E200E200000000000000000000000000000000E200E20000E200E2E2000000E2E2000000E2E20000000000E2E2E20000E2E200000000E2E200E200000000E200000000000000000000E200000000E200E2E200000000E20000000000000000000000000000
310
000000000000000000000000E2E20000000000E200000000E20000000000E2000000000000000000000000E2E20000000000000000E20000000000000000000000000000000000000000000000000000000000000000000000000000ECECEC00000000000000000000000000000000E2000000000000000000000000000000
310
000000000000E2000000E20000000000E200000000E2E200E2000000E200E200000000000000000000000000000000E200E20000E200E200E20000E2E2000000E2000000E2E20000E2000000E2E200000000E2E200E200000000E2E2E2E2E2E2E2E2E2E2E2E200000000E200E200E2000000E2000000000000000000000000
310
0000000000000000000000000000E2E200000000E2000000000000E2000000E2E2000000000000000000000000E200E200000000000000E2000000000000000000000000000000000000000000E200000000000000000000000000000000ECECEC00000000000000000000000000000000E200000000000000000000000000
310
0000000000000000E2E2E2E200000000000000E2E2E2E200E200E2000000E200E2E2E2E2E2E2E2E2E2E2E2E2E2E2E2E2E2E200E20000E200E200E2E2E2E2E20000E20000E2E2E2E2E2E200E2000000E2E2E2E2E200E200E20000000000000000000000000000000000000000E200E200E2E2E200E200000000000000000000
310
00000000000000000000000000000000E200E2E2E2E20000000000000000E2E2E2E2E2000000000000000000000000E200E200000000000000E2000000000000000000000000000000000000000000E200000000000000000000000000000000ECECEC00000000000000000000000000000000E20000000000000000000000
310
00000000000000000000E2E2E2000000000000000000E2E2E200E200E2000000E20000000000000000000000000000000000000000E20000E200E200E2E2E2E2E2E2E2E20000E2E2E2E2E20000E2E2E2E2E2E2E2E2E200E200E20000000000000000000000000000000000000000E200E200E2E2E2E2E20000000000000000
310
000000000000000000000000000000000000E200E2E2E200000000000000000000E2E2E2E2000000E2E200000000E2E200E200E200000000000000E2000000000000000000000000000000000000000000E200000000000000000000000000000000ECECEC0000000000000000000000000000000000000000000000000000
310
000000000000000000000000E2E2E200000000000000000000E2E200E200E2000000E20000000000000000000000000000000000000000E20000E200E200E2E2E2E2000000E20000E2E200E2E2E200E200000000E2E2E2E200E200E20000000000000000000000000000000000000000E200E200E2E2E2E2E2000000000000
310
0000000000000000000000000000000000000000E200E2E2E200000000000000000000E2E2E2E20000E2E2E2000000E2E2E200E200E200000000000000E2000000000000000000000000000000000000000000E200000000000000000000000000000000ECECEC000000000000000000000000000000000000000000000000
310
0000000000000000000000000000E2E2E2000000000000000000E2E2E200E200E2000000E20000000000000000000000000000000000000000E20000E200E200E2E2E2E2E2E2E2E20000E2E2E2E2E20000E2E2E2E2E2E2E2E2E200E200E20000000000000000000000000000000000000000E200E200E2E2E2E2E200000000
310
00000000000000000000000000000000000000000000E200E2E2E200000000000000000000E2E2E2E2000000E2E200000000E2E200E200E200000000000000E20000000000000000000000000000000000000000000000000000000000000000000000000000ECECEC00000000000000000000000000000000E20000000000
310
00000000000000000000000000000000E2E2E2E200000000000000E2E2E2E200E200E2000000E200E2E2E2E2E2E2E2E2E2E2E2E2E2E2E2E2E2E200E20000E200E200E2E2E2E2E20000E20000E2E2E2E2E2E200E2000000E2E2E2E2E200E200E20000000000000000000000000000000000000000E200E200E2E2E200E20000
310
000000000000000000000000000000000000000000000000E200E2E2E2E20000000000000000E2E2E2E2E2000000000000000000000000E200E200000000000000E20000000000000000000000000000000000000000000000000000000000000000000000000000ECECEC00000000000000000000000000000000E2000000
310
000000000000000000000000000000000000E2000000E20000000000E200000000E2E200E2000000E200E200000000000000000000000000000000E200E20000E200E200E20000E2E2000000E2000000E2E20000E2000000E2E200000000E2E200E200000000E2E2E2E2E2E2E2E2E2E2E2E200000000E200E200E2000000E2
310
0000000000000000000000000000000000000000000000000000E2E200000000E2000000000000E2000000E2E2000000000000000000000000E200E200000000000000E2000000000000000000000000000000000000000000E200000000000000000000000000000000ECECEC00000000000000000000000000000000E200
310
0000000000000000000000000000000000000000E200000000E2000000E20000000000E2E200E2000000E200E200000000000000000000000000000000E200E20000E200E2E2000000E2E2000000E2E20000000000E2E2E20000E2E200000000E2E200E200000000E200000000000000000000E200000000E200E2E2000000
310
00E20000000000000000000000000000000000000000000000000000E2E20000000000E200000000E20000000000E2000000000000000000000000E2E20000000000000000E2000000000000000000000000000000000000000000E200000000000000000000000000000000ECECEC00000000000000000000000000000000
310
E2000000000000000000000000000000000000000000E200000000E2E2E2E2E2000000000000E200E2000000E200E200000000000000000000000000000000E200E20000E200E2E200000000E2E2E2E2E200E2E2E2E2E20000E2E2E2E2000000000000E200E200000000E2E2E2E2E2E2E2E2E2E2E2E200000000E200E2E200
310
000000E20000000000000000000000000000000000000000000000000000E2E20000000000E2E2E2E2E2E20000000000E2E2E2E2E2E2E2E2E2E2E2E2E2E2000000000000000000E2000000000000000000000000000000000000000000E200000000000000000000000000000000ECECEC0000000000000000000000000000
310
000000000000000000000000000000000000000000000000E200000000E2E2E2E2E2E20000000000E2E2E2E20000E200E2E2E2E2E2E2E2E2E2E2E2E2E2E2E2E2E2E200E20000E2E2E2000000000000E200E200000000E2E200000000E2E2E2000000000000E2E2E2E2E2E2E2E2E2E2E2E2E2E2E2E2E2E2E2E2E2E2E2E2E2E2
310
0000000000E2E20000E2E2E2E2E200000000000000000000E2E2E2E2E2E20000E2E2000000000000E2E2E2E20000000000000000000000000000000000000000000000000000000000E2000000000000000000000000000000000000000000E200000000000000000000000000000000ECECEC000000000000000000000000
310
0000000000000000000000000000000000000000000000000000E200000000E2E2E2E2E2E20000000000000000E200000000E2E2E2E2E2E2E2E2E2E2E2E2E2E2E2E2E2E200000000E20000000000000000E2E2E200000000E2E2000000E2E2E2000000000000000000000000000000000000E2E2E2E2000000000000000000
310
00000000000000E2E200E200E200E2E2E20000000000000000E2E2E20000E2E2E200E200000000000000E2E2E2E20000000000000000000000000000000000000000000000000000000000E20000000000000000000000000000000000000000000000000000000000000000000000000000ECECEC00000000000000000000
310
000000000000E2000000000000000000000000000000000000000000E200000000E2E2E2E2E2E2000000000000000000E2000000E200000000000000000000000000000000E2000000E200000000000000000000E200E2E20000E2E200E2E200E200000000000000000000000000000000000000E2E2E2E200000000000000
310
000000000000000000E2E2E2E2E2E2E2E2E2E2E2E2E2E2E2E2E2E2E2E2E2E2E2E2E2E2E2E200000000000000E2E2E2E20000000000000000000000000000000000000000000000000000000000E20000000000000000000000000000000000000000000000000000000000000000000000000000ECECEC0000000000000000
310
0000000000000000E2000000000000000000000000000000000000000000E200000000E2E2E2E2E2E200000000000000000000E2E200E200000000000000000000000000000000E200E2E2000000000000000000000000E2E200E2E2E2E2E200E2E20000000000000000000000000000000000000000E2E2E2E20000000000
310
000000000000000000000000000000000000000000E2000000000000E20000000000000000000000000000000000E2E2E2E20000000000000000000000000000000000000000000000000000000000E2000000000000000000000000000000000000000000E200000000000000000000000000000000ECECEC000000000000
310
00000000000000000000E2000000000000000000000000000000000000000000E200000000E2E2E2E2E2E20000000000000000000000E200E200000000000000000000000000000000E200E2000000000000000000000000000000E2E2E2E2E2E2E200000000000000000000000000000000000000000000E2E2E2E2000000
310
0000000000000000000000000000000000000000000000E2E2E2E2E2E2E2E20000000000000000000000000000000000E2E2E2E20000000000000000000000000000000000000000000000000000000000E2000000000000000000000000000000000000000000E200000000000000000000000000000000ECECEC00000000
310
000000000000000000000000E2000000000000000000000000000000000000000000E20000000000E20000E2000000000000000000000000E200E2E20000000000000000000000000000E2E200E200000000000000000000000000000000E2E2E2E2E2E200000000000000000000000000000000000000000000E2E2E2E200
310
0000000000000000000000000000000000000000000000000000E2E2E2E2E2E2000000000000000000000000000000000000E2E2E2E20000000000000000000000000000000000000000000000000000000000E2000000000000000000000000000000000000000000E200000000000000000000000000000000ECECEC0000
310
000000000000000000000000000000000000000000000000000000000000000000000000E2000000000000000000000000000000000000000000E20000E2E2E2E2E2E2E2E2E2E2E2E2E2E2E2E20000E200000000000000000000000000000000E2E2E2E2E2E200000000000000000000000000000000000000000000E2E2E2
310
E2000000000000000000000000000000000000000000000000000000E2E2E2E2E2E2E20000000000000000000000000000000000E2E2E2E20000000000000000000000000000000000000000000000000000000000E2000000000000000000000000000000000000000000E200000000000000000000000000000000ECECEC
310
0000000000000000000000000000000000000000000000000000000000000000000000000000E2000000000000000000000000000000000000000000E20000000000000000000000000000000000000000E20000000000000000000000000000E2E2000000000000E2E20000000000000000000000000000000000000000E2
310
E2E2E2000000000000000000000000000000000000000000000000000000000000000000000000000000000000000000000000000000E2E2E2E20000000000000000000000000000000000000000000000000000000000E20000000000000000000000000000000000000000000000000000000000000000000000000000EC
310
ECEC00000000000000000000000000000000E2000000000000000000000000000000000000000000E2000000000000000000000000000000000000000000E2E2E2E2E2E2E2E2E2E2E2E2E2E2E2E2E2E2E2E2E2E2000000000000000000000000E2E2E2E2E2E2E2E2E2E2E2E2E2E2000000E2E2E2E2E2E2E2E2E2E2E2E2E2E2
310
E2E2E2E2E2E2E2E2E2E2E2E2E2E2E2E2E2E2E200000000000000000000000000000000000000000000000000000000000000000000000000E2E2E2E20000000000000000000000000000000000000000000000000000000000E200000000000000000000000000000000000000000000000000000000000000000000000000
310
00ECECEC00000000000000000000000000000000E2000000000000000000000000000000000000000000E200000000000000000000000000000000000000000000000000000000000000000000000000000000000000000000000000000000000000E2000000000000000000000000E2000000E2E2E2E2E2E2E2E2E2E2E2E2
310
E2E2E2E2E2E2E2E2E2E2E2E2E2E2E2E2E2E2E2E2E200000000000000000000000000000000000000000000000000000000000000000000000000E2E2E2E20000000000000000000000000000000000000000000000000000000000E2000000000000000000000000000000000000000000E200000000000000000000000000
310
000000ECECEC00000000000000000000000000000000E2000000000000000000000000000000000000000000E200000000000000000000000000000000000000000000000000000000000000000000000000000000000000000000000000000000000000E2000000000000000000000000E2000000E2E2E2E2E2E2E2E2E2E2
310
E2E2E2E2E2E2E2E2E2E2E2E2E2E2E2E2E2E2E2E2E2E2E200000000000000000000000000000000000000000000000000000000000000000000000000E2E2E2E20000000000000000000000000000000000000000000000000000000000E2000000000000000000000000000000000000000000E20000000000000000000000
310
0000000000ECECEC00000000000000000000000000000000E2000000000000000000000000000000000000000000E200000000000000000000000000000000000000000000000000000000000000000000000000000000000000000000000000000000000000E2000000000000000000000000E2000000E2E2E2E2E2E2E2E2
310
E2E2E2E2E2E2E2E2E2E2E2E2E2E2E2E2E2E2E2E2E2E2E2E2E200000000000000000000000000000000000000000000000000000000000000000000000000E2E2E2E20000000000000000000000000000000000000000000000000000000000E2000000000000000000000000000000000000000000E2000000000000000000
310
00000000000000ECECEC0000000000000000000000000000000000000000000000000000000000000000000000000000E200000000000000000000000000000000000000000000000000000000000000000000000000000000000000000000000000000000000000E2E2E200E2E2E2E2E2E200E2E2E2000000E2E2E2E2E2E2
310
E2E2E2E2E2E2E2E2E2E2E2E2E2E2E2E2E2E2E2E2E2E2E2E2E2E2E200000000000000000000000000000000000000000000000000000000000000000000000000E2E2E2E200000000E2000000000000000000000000000000000000000000000000E2000000000000000000000000000000000000000000E200000000000000
310
000000000000000000ECECEC0000000000000000000000000000000000000000000000000000000000000000000000000000E200000000000000000000000000000000000000000000000000000000000000000000000000000000000000000000000000000000000000E200E200E200000000E200E200E2000000E2E2E2E2
310
E2E2E2E2E2E2E2E2E2E2E2E2E2E2E2E2E2E2E2E2E2E2E2E2E2E2E2E2E20000000000000000000000000000000000000000000000000000000000000000000000E2E2E2E2E2E2E2E2E2E2E2E20000000000000000000000000000000000000000000000E2000000000000000000000000000000000000000000000000000000
310
0000000000000000000000ECECEC00000000000000000000000000000000E2000000000000000000000000000000000000000000E200000000000000000000000000000000000000000000000000000000000000000000000000000000000000000000000000000000000000E200E200E200000000E200E200E2000000E2E2
310
E2E2E2E2E2E2E2E2E2E2E2E2E2E2E2E2E2E2E2E2E2E2E2E2E2E2E2E2E2E2E200000000000000000000000000000000000000000000000000000000000000000000E2E200E2E2E2E2E2E2E2E2E2E20000000000000000000000000000000000000000000000E200000000000000000000000000000000000000000000000000
310
00000000000000000000000000ECECEC00000000000000000000000000000000E2000000000000000000000000000000000000000000E200000000000000000000000000000000000000000000000000000000000000000000000000000000000000000000000000000000000000E200E200E200000000E200E200E2000000
310
E2E2E2E2E2E2E2E2E2E2E2E2E2E2E2E2E2E2E2E2E2E2E2E2E2E2E2E2E2E2E2E2E200000000000000000000000000000000000000000000000000000000000000000000E2E200E2E2E2E2E2E2E2E2E2E20000000000000000000000000000000000000000000000E2000000000000000000000000000000000000000000E200
310
000000000000000000000000000000ECECEC00000000000000000000000000000000E2000000000000000000000000000000000000000000E200000000000000000000000000000000000000000000000000000000000000000000000000000000000000000000000000000000000000E200E200E200000000E200E200E200
310
0000E2E2E2E2E2E2E2E2E2E2E2E2E2E2E2E2E2E2E2E2E2E2E2E2E2E2E2E2E2E2E2E2E200000000000000000000000000000000000000000000000000000000000000000000E2E200E2E2E2E2E2E2E2E2E2E20000000000000000000000000000000000000000000000E2000000000000000000000000000000000000000000
310
E200000000000000000000000000000000ECECEC00000000000000000000000000000000E2000000000000000000000000000000000000000000E200000000000000000000000000000000000000000000000000000000000000000000000000000000000000000000000000000000000000E200E200E200000000E200E200
310
E2000000E2E2E2E2E2E2E2E2E2E2E2E2E2E2E2E2E2E2E2E2E2E2E2E2E2E2E2E2E2E2E2E2E200000000000000000000000000000000000000000000000000000000000000000000E2E200E2E2E2E2E2E2E2E2E2E20000000000000000000000000000000000000000000000E200000000000000000000000000000000000000
310
0000E200000000000000000000000000000000ECECEC0000000000000000000000000000000000000000000000000000000000000000000000000000E200000000000000000000000000000000000000000000000000000000000000000000000000000000000000000000000000000000000000E200E200E200000000E200
310
E200E2000000E2E2E2E2E2E2E2E2E2E2E2E2E2E2E2E2E2E2E2E2E2E2E2E2E2E2E2E2E2E2E2E2E20000000000000000000000000000000000000000000000000000000000000000000000E200E2E2E2E2E2E2E2E2E2E20000000000000000000000000000000000000000000000E20000000000000000000000000000000000
310
00000000E200000000000000000000000000000000ECECEC0000000000000000000000000000000000000000000000000000000000000000000000000000E200000000000000000000000000000000000000000000000000000000000000000000000000000000000000000000000000000000000000E2E2E200E2E2E2E2E2
310
E200E2E2E2000000E2E2E2E2E2E2E2E2E2E2E2E2E2E2E2E2E2E2E2E2E2E2E2E2E2E2E2E2E2E2E2E2E20000000000000000000000000000000000000000000000000000000000000000000000E2E2E2E2E2E2E2E2E2E2E2E20000000000000000000000000000000000000000000000E2000000000000000000000000000000
310
0000000000000000000000000000000000000000000000ECECEC00000000000000000000000000000000E2000000000000000000000000000000000000000000E200000000000000000000000000000000000000000000000000000000000000000000000000000000000000000000000000000000000000E2000000000000
310
000000000000E2000000E2E2E2E2E2E2E2E2E2E2E2E2E2E2E2E2E2E2E2E2E2E2E2E2E2E2E2E2E2E2E2E2E200000000000000000000000000000000000000000000000000000000000000000000000000E2E2E2E200000000E2000000000000000000000000000000000000000000000000E200000000000000000000000000
310
00000000000000000000000000000000000000000000000000ECECEC00000000000000000000000000000000E2000000000000000000000000000000000000000000E200000000000000000000000000000000000000000000000000000000000000000000000000000000000000000000000000000000000000E200000000
310
0000000000000000E2000000E2E2E2E2E2E2E2E2E2E2E2E2E2E2E2E2E2E2E2E2E2E2E2E2E2E2E2E2E2E2E2E2E200000000000000000000000000000000000000000000000000000000000000000000000000E2E2E2E20000000000000000000000000000000000000000000000000000000000E20000000000000000000000
310
00000000000000000000E200000000000000000000000000000000ECECEC00000000000000000000000000000000E2000000000000000000000000000000000000000000E200000000000000000000000000000000000000000000000000000000000000000000000000000000000000000000000000000000000000E2E2E2
310
E2E2E2E2E2E2E2E2E2E2E2000000E2E2E2E2E2E2E2E2E2E2E2E2E2E2E2E2E2E2E2E2E2E2E2E2E2E2E2E2E2E2E2E2E200000000000000000000000000000000000000000000000000000000000000000000000000E2E2E2E20000000000000000000000000000000000000000000000000000000000E2000000000000000000
310
000000000000000000000000E200000000000000000000000000000000ECECEC00000000000000000000000000000000E2000000000000000000000000000000000000000000E200000000000000000000000000000000000000000000000000000000000000000000000000000000000000000000000000000000000000E2
310
000000000000000000000000E2000000E2E2E2E2E2E2E2E2E2E2E2E2E2E2E2E2E2E2E2E2E2E2E2E2E2E2E2E2E2E2E2E2E200000000000000000000000000000000000000000000000000000000000000000000000000E2E2E2E20000000000000000000000000000000000000000000000000000000000E200000000000000
310
0000000000000000000000000000E200000000000000000000000000000000ECECEC0000000000000000000000000000000000000000000000000000000000000000000000000000E2000000000000000000000000000000000000000000000000000000000000000000000000000000000000000000000000000000000000
310
00E2E2E2E2E2E2E2E2E2E2E2E2E2E200000000000000000000000000000000000000000000000000000000000000000000000000000000000000000000000000000000000000000000000000000000000000000000000000E2E2E2E20000000000000000000000000000000000000000000000000000000000E20000000000
310
00000000000000000000000000000000E200000000000000000000000000000000ECECEC0000000000000000000000000000000000000000000000000000000000000000000000000000E200000000000000000000000000000000000000000000000000000000000000000000000000000000000000000000000000000000
310
000000E2000000000000000000000000E200000000000000000000000000000000000000000000000000000000000000000000000000000000000000000000000000000000000000000000000000000000000000000000000000E2E2E2E20000000000000000000000000000000000000000000000000000000000E2000000
310
0000000000000000000000000000000000000000000000000000000000000000000000ECECEC00000000000000000000000000000000E2000000000000000000000000000000000000000000E20000000000000000000000000000000000000000000000000000000000000000000000000000000000000000000000000000
310
0000000000E2E2E2E2E2E2E2E2E2E2E2E2E2E200000000000000000000000000000000000000000000000000000000000000000000000000000000000000E2E2E2E2E2E2E2E2E2E2E2E2E2E2E2E2E2E2E2E2E2E2E2E2E2E2E2E20000E2E2E2E20000E2E2E2E2E2E2E2E2E2E2E2E2E2E2E2E2E2E2E2E2E2E2E2E2E2E2E2E200
310
00000000000000000000000000000000000000000000000000000000000000000000000000ECECEC00000000000000000000000000000000E2000000000000000000000000000000000000000000E2000000000000000000000000000000000000000000000000000000000000000000000000000000000000000000000000
310
00000000000000E2000000000000000000000000E200000000000000000000000000000000000000000000000000000000000000000000000000000000000000E2E2E2E2E2E2E2E2E2E2E2E2E2E2E2E2E2E2E2E2E2E2E2E2E2E2E2E20000E2E2E2E20000E2E2E2E2E2E2E2E2E2E2E2E2E2E2E2E2E2E2E2E2E2E2E2E2E2E2E2
310
E2000000000000000000000000000000000000000000E200000000000000000000000000000000ECECEC00000000000000000000000000000000E2000000000000000000000000000000000000000000E200000000000000000000000000000000000000000000000000000000000000000000000000000000000000000000
310
00000000000000000000E200000000000000000000E20000000000000000000000000000000000000000000000000000000000000000000000000000000000000000E2E2E2E2E2E2E2E2E2E2E2E2E2E2E2E2E2E2E2E2E2E2E2E2E2E2E2E20000E2E2E2E20000E2E2E2E2E2E2E2E2E2E2E2E2E2E2E2E2E2E2E2E2E2E2E2E2E2
310
E2E2E2000000000000000000000000000000000000000000E200000000000000000000000000000000ECECEC00000000000000000000000000000000E2000000000000000000000000000000000000000000E20000000000000000000000000000000000000000000000000000000000000000000000000000000000000000
310
00000000000000000000000000E2E2E2E2E2E2E2E2E2E2000000000000000000000000000000000000000000000000000000000000000000000000000000000000000000E2E2E2E2E2E2E2E2E2E2E2E2E2E2E2E2E2E2E2E2E2E2E2E2E2E2E2E20000E2E2E2E20000E2E2E2E2E2E2E2E2E2E2E2E2E2E2E2E2E2E2E2E2E2E2E2
310
E2E2E2E2E2000000000000000000000000000000000000000000E200000000000000000000000000000000ECECEC0000000000000000000000000000000000000000000000000000000000000000000000000000E2000000000000000000000000000000000000000000000000000000000000000000000000000000000000
310
00000000000000000000000000000000000000000000000000000000000000000000000000000000000000000000000000000000000000000000000000000000000000000000E2E2E2E2E2E2E2E2E2E2E2E2E2E2E2E2E2E2E2E2E2E2E2E2E2E2E2E20000E2E2E2E20000E2E2E2E2E2E2E2E2E2E2E2E2E2E2E2E2E2E2E2E2E2
310
E2E2E2E2E2E2E2000000000000000000000000000000000000000000E200000000000000000000000000000000ECECEC0000000000000000000000000000000000000000000000000000000000000000000000000000E200000000000000000000000000000000000000000000000000000000000000000000000000000000
310
000000000000000000000000000000000000000000000000000000000000000000000000000000000000000000000000000000000000000000000000000000000000000000000000E2E2E2E2E2E2E2E2E2E2E2E2E2E2E2E2E2E2E2E2E2E2E2E2E2E2E2E20000E2E2E2E20000E2E2E2E2E2E2E2E2E2E2E2E2E2E2E2E2E2E2E2
310
E2E2E2E2E2E2E2E2E20000000000000000000000000000000000000000000000000000000000000000000000000000ECECEC00000000000000000000000000000000E2000000000000000000000000000000000000000000E20000000000000000000000000000000000000000000000000000000000000000000000000000
310
0000000000000000000000000000000000000000000000000000000000000000000000000000000000000000000000000000000000000000000000000000000000000000000000000000E2E2E2E2E2E2E2E2E2E2E2E2E2E2E2E2E2E2E2E2E2E2E2E2E2E2E2E2E2E2E2E2E2E2E2E2E2E2E2E2E2E2E2E2E2E2E2E2E2E2E2E2E2
310
E2E2E2E2E2E2E2E2E2E2E20000000000000000000000000000000000000000000000000000000000000000000000000000ECECEC00000000000000000000000000000000E2000000000000000000000000000000000000000000E2000000000000000000000000000000000000000000000000000000000000000000000000
310
00000000000000000000000000000000000000000000000000000000000000000000000000000000000000000000000000000000000000000000000000000000000000000000000000000000E2E2E2E2E2E2E2E2E2E2E2E2E2E2E2E2E2E2E2E2E2E2E2E2E2E2E2E200E2E2E2E2E2E200E2E2E2E2E2E2E2E2E2E2E2E2E2E2E2
310
E2E2E2E2E2E2E2E2E2E2E2E2E2000000000000000000000000000000000000000000E200000000000000000000000000000000ECECEC00000000000000000000000000000000E2000000000000000000000000000000000000000000E200000000000000000000000000000000000000000000000000000000000000000000
310
000000000000000000000000000000000000000000000000000000000000000000000000000000000000000000000000000000000000000000000000000000000000000000000000000000000000E2E2E2E2E2E2E2E2E2E2E2E2E2E2E2E2E2E2E2E2E2E2E2E2E2E2E2E2000000E2E2000000E2E2E2E2E2E2E2E2E2E2E2E2E2
310
E2E2E2E2E2E2E2E2E2E2E2E2E2E2E2000000000000000000000000000000000000000000E200000000000000000000000000000000ECECEC00000000000000000000000000000000E2000000000000000000000000000000000000000000E20000000000000000000000000000000000000000000000000000000000000000
310
0000000000000000000000000000000000000000000000000000000000000000000000000000000000000000000000000000000000000000000000000000000000000000000000000000000000000000E2E2E2E2E2E2E2E2E2E2E2E2E2E2E2E2E2E2E2E2E2E2E2E2E2E2E2E20000000000000000E2E2E2E2E2E2E2E2E2E2E2
310
E2E2E2E2E2E2E2E2E2E2E2E2E2E2E2E2E2000000000000000000000000000000000000000000E200000000000000000000000000000000ECECEC0000000000000000000000000000000000000000000000000000000000000000000000000000E2000000000000000000000000000000000000000000000000000000000000
310
00000000000000000000000000000000000000000000000000000000000000000000000000000000000000000000000000000000000000000000000000000000000000000000000000000000000000000000E2E2E2E2E2E2E2E2E2E2E2E2E2E2E2E2E2E2E2E2E2E2E2E2E2E2E2E20000000000000000E2E2E2E2E2E2E2E2E2
310
E2E2E2E2E2E2E2E2E2E2E2E2E2E2E2E2E2E2E2000000000000000000000000000000000000000000E200000000000000000000000000000000ECECEC0000000000000000000000000000000000000000000000000000000000000000000000000000E200000000000000000000000000000000000000000000000000000000
310
000000000000000000000000000000000000000000000000000000000000000000000000000000000000000000000000000000000000000000000000000000000000000000000000000000000000000000000000E2E2E2E2E2E2E2E2E2E2E2E2E2E2E2E2E2E2E2E2E2E2E2E2E2E2E2E20000000000000000E2E2E2E2E2E2E2
310
E2E2E2E2E2E2E2E2E2E2E2E2E2E2E2E2E2E2E2E2E20000000000000000000000000000000000000000000000000000000000000000000000000000ECECEC00000000000000000000000000000000E2000000000000000000000000000000000000000000E20000000000000000000000000000000000000000000000000000
310
0000000000000000000000000000000000000000000000000000000000000000000000000000000000000000000000000000000000000000000000000000000000000000000000000000000000000000000000000000E2E2E2E2E2E2E2E2E2E2E2E2E2E2E2E2E2E2E2E2E2E2E2E2E2E2E2E20000000000000000E2E2E2E2E2
310
E2E2E2E2E2E2E2E2E2E2E2E2E2E2E2E2E2E2E2E2E2E2E20000000000000000000000000000000000000000000000000000000000000000000000000000ECECEC00000000000000000000000000000000E2000000000000000000000000000000000000000000E2000000000000000000000000000000000000000000000000
310
00000000000000000000000000000000000000000000000000000000000000000000000000000000000000000000000000000000000000000000000000000000000000000000000000000000000000000000000000000000E2E2E2E2E2E2E2E2E2E2E2E2E2E2E2E2E2E2E2E2E2E2E2E2E2E2E2E20000000000000000E2E2E2
310
E2E2E2E2E2E2E2E2E2E2E2E2E2E2E2E2E2E2E2E2E2E2E2E2E2000000000000000000000000000000000000000000E200000000000000000000000000000000ECECEC00000000000000000000000000000000E2000000000000000000000000000000000000000000E200000000000000000000000000000000000000000000
310
00000000000000000000000000000000000000000000000000000000000000000000000000000000000000000000000000000000000000000000000000000000000000000000000000000000000000000000000000000000000000000000000000000000000000000000000000000000000000000000000000000000000000
310
0000000000000000000000000000000000000000000000000000E2000000000000000000000000000000000000000000E200000000000000000000000000000000ECECEC00000000000000000000000000000000E2000000000000000000000000000000000000000000E20000000000000000000000000000000000000000
310
00000000000000000000000000000000000000000000000000000000000000000000000000000000000000000000000000000000000000000000000000000000000000000000000000000000000000000000000000000000000000000000000000000000000000000000000000000000000000000000000000000000000000
310
00000000000000000000000000000000000000000000000000000000E2000000000000000000000000000000000000000000E200000000000000000000000000000000ECECEC0000000000000000000000000000000000000000000000000000000000000000000000000000E2000000000000000000000000000000000000
310
00000000000000000000000000000000000000000000000000000000000000000000000000000000000000000000000000000000000000000000000000000000000000000000000000000000000000000000000000000000000000000000000000000000000000000000000000000000000000000000000000000000000000
310
000000000000000000000000000000000000000000000000000000000000E2000000000000000000000000000000000000000000E200000000000000000000000000000000ECECEC0000000000000000000000000000000000000000000000000000000000000000000000000000E200000000000000000000000000000000
310
00000000000000000000000000000000000000000000000000000000000000000000000000000000000000000000000000000000000000000000000000000000000000000000000000000000000000000000000000000000000000000000000000000000000000000000000000000000000000000000000000000000000000
310
0000000000000000000000000000000000000000000000000000000000000000E20000000000000000000000000000000000000000000000000000000000000000000000000000ECECEC00000000000000000000000000000000E2000000000000000000000000000000000000000000E20000000000000000000000000000
310
00000000000000000000000000000000000000000000000000000000000000000000000000000000000000000000000000000000000000000000000000000000000000000000000000000000000000000000000000000000000000000000000000000000000000000000000000000000000000000000000000000000000000
310
00000000000000000000000000000000000000000000000000000000000000000000E20000000000000000000000000000000000000000000000000000000000000000000000000000ECECEC00000000000000000000000000000000E2000000000000000000000000000000000000000000E2000000000000000000000000
310
00000000000000000000000000000000000000000000000000000000000000000000000000000000000000000000000000000000000000000000000000000000000000000000000000000000000000000000000000000000000000000000000000000000000000000000000000000000000000000000000000000000000000
310
000000000000000000000000000000000000000000000000000000000000000000000000E2000000000000000000000000000000000000000000E200000000000000000000000000000000ECECEC00000000000000000000000000000000E2000000000000000000000000000000000000000000E200000000000000000000
310
00000000000000000000000000000000000000000000000000000000000000000000000000000000000000000000000000000000000000000000000000000000000000000000000000000000000000000000000000000000000000000000000000000000000000000000000000000000000000000000000000000000000000
310
0000000000000000000000000000000000000000000000000000000000000000000000000000E2000000000000000000000000000000000000000000E200000000000000000000000000000000ECECEC00000000000000000000000000000000E2000000000000000000000000000000000000000000E20000000000000000
310
00000000000000000000000000000000000000000000000000000000000000000000000000000000000000000000000000000000000000000000000000000000000000000000000000000000000000000000000000000000000000000000000000000000000000000000000000000000000000000000000000000000000000
310
00000000000000000000000000000000000000000000000000000000000000000000000000000000E2000000000000000000000000000000000000000000E200000000000000000000000000000000ECECEC0000000000000000000000000000000000000000000000000000000000000000000000000000E2000000000000
310
00000000000000000000000000000000000000000000000000000000000000000000000000000000000000000000000000000000000000000000000000000000000000000000000000000000000000000000000000000000000000000000000000000000000000000000000000000000000000000000000000000000000000
310
000000000000000000000000000000000000000000000000000000000000000000000000000000000000E2000000000000000000000000000000000000000000E200000000000000000000000000000000ECECEC0000000000000000000000000000000000000000000000000000000000000000000000000000E200000000
310
00000000000000000000000000000000000000000000000000000000000000000000000000000000000000000000000000000000000000000000000000000000000000000000000000000000000000000000000000000000000000000000000000000000000000000000000000000000000000000000000000000000000000
310
0000000000000000000000000000000000000000000000000000000000000000000000000000000000000000E20000000000000000000000000000000000000000000000000000000000000000000000000000ECECEC00000000000000000000000000000000E2000000000000000000000000000000000000000000E20000
310
00000000000000000000000000000000000000000000000000000000000000000000000000000000000000000000000000000000000000000000000000000000000000000000000000000000000000000000000000000000000000000000000000000000000000000000000000000000000000000000000000000000000000
310
00000000000000000000000000000000000000000000000000000000000000000000000000000000000000000000E20000000000000000000000000000000000000000000000000000000000000000000000000000ECECEC00000000000000000000000000000000E2000000000000000000000000000000000000000000E2
310
00000000000000000000000000000000000000000000000000000000000000000000000000000000000000000000000000000000000000000000000000000000000000000000000000000000000000000000000000000000000000000000000000000000000000000000000000000000000000000000000000000000000000
310
000000000000000000000000000000000000000000000000000000000000000000000000000000000000000000000000E2000000000000000000000000000000000000000000E200000000000000000000000000000000ECECEC00000000000000000000000000000000E20000000000000000000000000000000000000000
310
00E20000000000000000000000000000000000000000000000000000000000000000000000000000000000000000000000000000000000000000000000000000000000000000000000000000000000000000000000000000000000000000000000000000000000000000000000000000000000000000000000000000000000
310
0000000000000000000000000000000000000000000000000000000000000000000000000000000000000000000000000000E2000000000000000000000000000000000000000000E200000000000000000000000000000000ECECEC00000000000000000000000000000000E2000000000000000000000000000000000000
310
000000E2000000000000000000000000000000000000000000000000000000000000000000000000000000000000000000000000000000000000000000000000000000000000000000000000000000000000000000000000000000000000000000000000000000000000000000000000000000000000000000000000000000
310
00000000000000000000000000000000000000000000000000000000000000000000000000000000000000000000000000000000E2000000000000000000000000000000000000000000E200000000000000000000000000000000ECECEC000000000000000000000000000000000000000000000000000000000000000000
310
0000000000E200000000000000000000000000000000000000000000000000000000000000000000000000000000000000000000000000000000000000000000000000000000000000000000000000000000000000000000000000000000000000000000000000000000000000000000000000000000000000000000000000
310
000000000000000000000000000000000000000000000000000000000000000000000000000000000000000000000000000000000000E2000000000000000000000000000000000000000000E200000000000000000000000000000000ECECEC00000000000000000000000000000000000000000000000000000000000000
310
00000000000000E20000000000000000000000000000000000000000000000000000000000000000000000000000000000000000000000000000000000000000000000000000000000000000000000000000000000000000000000000000000000000000000000000000000000000000000000000000000000000000000000
310
0000000000000000000000000000000000000000000000000000000000000000000000000000000000000000000000000000000000000000E20000000000000000000000000000000000000000000000000000000000000000000000000000ECECEC00000000000000000000000000000000E2000000000000000000000000
310
000000000000000000E2000000000000000000000000000000000000000000000000000000000000000000000000000000000000000000000000000000000000000000000000000000000000000000000000000000000000000000000000000000000000000000000000000000000000000000000000000000000000000000
310
00000000000000000000000000000000000000000000000000000000000000000000000000000000000000000000000000000000000000000000E20000000000000000000000000000000000000000000000000000000000000000000000000000ECECEC00000000000000000000000000000000E200000000000000000000
310
0000000000000000000000E200000000000000000000000000000000000000000000000000000000000000000000000000000000000000000000000000000000000000000000000000000000000000000000000000000000000000000000000000000000000000000000000000000000000000000000000000000000000000
310
000000000000000000000000000000000000000000000000000000000000000000000000000000000000000000000000000000000000000000000000E2000000000000000000000000000000000000000000E200000000000000000000000000000000ECECEC00000000000000000000000000000000E20000000000000000
310
00000000000000000000000000E20000000000000000000000000000000000000000000000000000000000000000000000000000000000000000000000000000000000000000000000000000000000000000000000000000000000000000000000000000000000000000000000000000000000000000000000000000000000
310
0000000000000000000000000000000000000000000000000000000000000000000000000000000000000000000000000000000000000000000000000000E2000000000000000000000000000000000000000000E200000000000000000000000000000000ECECEC00000000000000000000000000000000E2000000000000
310
000000000000000000000000000000E2000000000000000000000000000000000000000000000000000000000000000000000000000000000000000000000000000000000000000000000000000000000000000000000000000000000000000000000000000000000000000000000000000000000000000000000000000000
310
00000000000000000000000000000000000000000000000000000000000000000000000000000000000000000000000000000000000000000000000000000000E2000000000000000000000000000000000000000000E200000000000000000000000000000000ECECEC000000000000000000000000000000000000000000
310
0000000000000000000000000000000000E200000000000000000000000000000000000000000000000000000000000000000000000000000000000000000000000000000000000000000000000000000000000000000000000000000000000000000000000000000000000000000000000000000000000000000000000000
310
000000000000000000000000000000000000000000000000000000000000000000000000000000000000000000000000000000000000000000000000000000000000E2000000000000000000000000000000000000000000E200000000000000000000000000000000ECECEC00000000000000000000000000000000000000
310
00000000000000000000000000000000000000E2E2E2E2E2E2E2E2E2E2E2E2E2E2E2E2E2E2E2E2E2E2E2E2E2E2E2E2E2E2E2E2E2E2E2E2E2E2E2E2E2E2E2E2E2E2E2E2E2E2E2E2E2E2E2E2E2E2E2E2E2E2E2E2E2E2E2E2E2E2E2E2E2E2E2E2E2E2E2E2E2E2E2E2E2E2E2E2E2E2E2E2E2E2E2E2E2E2E2E2E2E2E2E2E2E2E2E2
310
E2E2E2E2E2E2E2E2E2E2E2E2E2E2E2E2E2E2E2E2E2E2E2E2E2E2E2E2E2E2E2E2E2E2E2E2E2E2E2E2E2E2E2E2E2E2E2E2E2E2E2E2E2E2E2E2E2E2E2E2E2E2E2E2E2E2E2E2E20000000000000000000000000000000000000000000000000000000000000000000000000000ECECEC00000000000000000000000000000000E2
310
00000000000000000000000000000000000000000000000000000000000000000000000000000000000000000000000000000000000000000000000000000000000000000000000000000000000000000000000000000000000000000000000000000000000000000000000000000000000000000000000000000000000000
310
00000000000000000000000000000000000000000000000000000000000000000000000000000000000000000000000000000000000000000000000000000000000000000000000000000000000000000000000000000000000000000000000000000000000000000000000000ECECEC000000000000000000000000000000
310
00E20000000000000000000000000000000000000000000000000000000000000000000000000000000000000000000000000000000000000000000000000000000000000000000000000000000000000000000000000000000000000000000000000000000000000000000000000000000000000000000000000000000000
310
00000000000000000000000000000000000000000000000000000000000000000000000000000000000000000000000000000000000000000000000000000000000000000000000000000000000000000000000000000000000000000000E200000000000000000000000000000000ECECEC00000000000000000000000000
310
000000E2000000000000000000000000000000000000000000000000000000000000000000000000000000000000000000000000000000000000000000000000000000000000000000000000000000000000000000000000000000000000000000000000000000000000000000000000000000000000000000000000000000
310
000000000000000000000000000000000000000000000000000000000000000000000000000000000000000000000000000000000000000000000000000000000000000000000000000000000000000000000000000000000000000000000000E200000000000000000000000000000000ECECEC0000000000000000000000
310
0000000000E200000000000000000000000000000000000000000000000000000000000000000000000000000000000000000000000000000000000000000000000000000000000000000000000000000000000000000000000000000000000000000000000000000000000000000000000000000000000000000000000000
310
0000000000000000000000000000000000000000000000000000000000000000000000000000000000000000000000000000000000000000000000000000000000000000000000000000000000000000000000000000000000000000000000000000E200000000000000000000000000000000ECECEC000000000000000000
310
00000000000000000000000000000000000000000000000000000000000000000000000000000000000000000000000000000000000000000000000000000000000000000000000000000000000000000000000000000000000000000000000000000000000000000000000000000000000000000000000000000000000000
310
00000000000000000000000000000000000000000000000000000000000000000000000000000000000000000000000000000000000000000000000000000000000000000000000000000000000000000000000000000000000000000000000000000000E200000000000000000000000000000000ECECEC00000000000000
310
00000000000000000000000000000000000000000000000000000000000000000000000000000000000000000000000000000000000000000000000000000000000000000000000000000000000000000000000000000000000000000000000000000000000000000000000000000000000000000000000000000000000000
310
0000000000000000000000000000000000000000000000000000000000000000000000000000000000000000000000000000000000000000000000000000000000000000000000000000000000000000000000000000000000000000000000000000000000000000000000000000000000000000000000ECECEC0000000000
310
0000000000000000000000E200000000000000000000000000000000000000000000000000000000000000000000000000000000000000000000000000000000000000000000000000000000000000000000000000000000000000000000000000000000000000000000000000000000000000000000000000000000000000
310
00000000000000000000000000000000000000000000000000000000000000000000000000000000000000000000000000000000000000000000000000000000000000000000000000000000000000000000000000000000000000000000000000000000000000000000000000000000000000000000000000ECECEC000000
310
00000000000000000000000000E20000000000000000000000000000000000000000000000000000000000000000000000000000000000000000000000000000000000000000000000000000000000000000000000000000000000000000000000000000000000000000000000000000000000000000000000000000000000
310
00000000000000000000000000000000000000000000000000000000000000000000000000000000000000000000000000000000000000000000000000000000000000000000000000000000000000000000000000000000000000000000000000000000000000000000E200000000000000000000000000000000ECECEC00
310
000000000000000000000000000000E2000000000000000000000000000000000000000000000000000000000000000000000000000000000000000000000000000000000000000000000000000000000000000000000000000000000000000000000000000000000000000000000000000000000000000000000000000000
310
000000000000000000000000000000000000000000000000000000000000000000000000000000000000000000000000000000000000000000000000000000000000000000000000000000000000000000000000000000000000000000000000000000000000000000000000E200000000000000000000000000000000ECEC
310
EC00000000000000000000000000000000E200000000000000000000000000000000000000000000000000000000000000000000000000000000000000000000000000000000000000000000000000000000000000000000000000000000000000000000000000000000000000000000000000000000000000000000000000
310
0000000000000000000000000000000000000000000000000000000000000000000000000000000000000000000000000000000000000000000000000000000000000000000000000000000000000000000000000000000000000000000000000000000000000000000000000000E200000000000000000000000000000000
310
ECECEC00000000000000000000000000000000000000000000000000000000000000000000000000000000000000000000000000000000000000000000000000000000000000000000000000000000000000000000000000000000000000000000000000000000000000000000000000000000000000000000000000000000
310
00000000000000000000000000000000000000000000000000000000000000000000000000000000000000000000000000000000000000000000000000000000000000000000000000000000000000000000000000000000000000000000000000000000000000000000000000000000E20000000000000000000000000000
310
0000ECECEC0000000000000000000000000000000000000000000000000000000000000000000000000000000000000000000000000000000000000000000000000000000000000000000000000000000000000000000000000000000000000000000000000000000000000000000000000000000000000000000000000000
310
00000000000000000000000000000000000000000000000000000000000000000000000000000000000000000000000000000000000000000000000000000000000000000000000000000000000000000000000000000000000000000000000000000000000000000000000000000000000000000000000000000000000000
310
00000000ECECEC00000000000000000000000000000000E200000000000000000000000000000000000000000000000000000000000000000000000000000000000000000000000000000000000000000000000000000000000000000000000000000000000000000000000000000000000000000000000000000000000000
310
00000000000000000000000000000000000000000000000000000000000000000000000000000000000000000000000000000000000000000000000000000000000000000000000000000000000000000000000000000000000000000000000000000000000000000000000000000000000000000000000000000000000000
310
000000000000ECECEC00000000000000000000000000000000E20000000000000000000000000000000000000000000000000000000000000000000000000000000000000000000000000000000000000000000000000000000000000000000000000000000000000000000000000000000000000000000000000000000000
310
00000000000000000000000000000000000000000000000000000000000000000000000000000000000000000000000000000000000000000000000000000000000000000000000000000000000000000000000000000000000000000000000000000000000000000000000000000000000000000000E20000000000000000
310
0000000000000000ECECEC00000000000000000000000000000000E2000000000000000000000000000000000000000000000000000000000000000000000000000000000000000000000000000000000000000000000000000000000000000000000000000000000000000000000000000000000000000000000000000000
310
000000000000000000000000000000000000000000000000000000000000000000000000000000000000000000000000000000000000000000000000000000000000000000000000000000000000000000000000000000000000000000000000000000000000000000000000000000000000000000000000E2000000000000
310
00000000000000000000ECECEC00000000000000000000000000000000E20000E2E2E2E20000E2E2E2E20000E2E2E2E20000E2E2E2E20000E2E2E2E20000E2E2E2E20000E2E2E2E20000E2E2E2E20000E2E2E2E20000E2E2E2E20000E2E2E2E20000E2E2E2E20000E2E2E2E20000E2E2E2E20000E2E2E2E20000E2E2E2E200
310
00E2E2E2E20000E2E2E2E20000E2E2E2E20000E2E2E2E20000E2E2E2E20000E2E2E2E20000E2E2E2E20000E2E2E2E20000E2E2E2E20000E2E2E2E20000E2E2E2E20000E2E2E2E20000E2E2E2E20000E2E2E2E20000E2E2E2E20000E2E2E2E20000E2E2E2E20000E2E2E2E20000E2E2E2E20000E2E2E2E20000E2E200000000
310
000000000000000000000000ECECEC00000000000000000000000000000000000000000000000000000000000000000000000000000000000000000000000000000000000000000000000000000000000000000000000000000000000000000000000000000000000000000000000000000000000000000000000000000000
310
00000000000000000000000000000000000000000000000000000000000000000000000000000000000000000000000000000000000000000000000000000000000000000000000000000000000000000000000000000000000000000000000000000000000000000000000000000000000000000000000000000000000000
310
0000000000000000000000000000ECECEC0000000000000000000000000000000000000000000000000000000000000000000000000000000000000000000000000000000000000000000000000000000000000000000000000000000000000000000000000000000000000000000000000000000000000000000000000000
310
00000000000000000000000000000000000000000000000000000000000000000000000000000000000000000000000000000000000000000000000000000000000000000000000000000000000000000000000000000000000000000000000000000000000000000000000000000000000000000000000000000000000000
310
00000000000000000000000000000000ECECEC000000000000000000000000000000000000000000000000000000000000000000000000000000000000000000000000000000000000000000000000000000000000000000000000000000000000000000000000000000000000000000000000000000000000000000000000
310
00000000000000000000000000000000000000000000000000000000000000000000000000000000000000000000000000000000000000000000000000000000000000000000000000000000000000000000000000000000000000000000000000000000000000000000000000000000000000000000000000000000000000
310
000000000000000000000000000000000000ECECEC00000000000000000000000000000000000000000000000000000000000000000000000000000000000000000000000000000000000000000000000000000000000000000000000000000000000000000000000000000000000000000000000000000000000000000000
310
00000000000000000000000000000000000000000000000000000000000000000000000000000000000000000000000000000000000000000000000000000000000000000000000000000000000000000000000000000000000000000000000000000000000000000000000000000000000000000000000000000000000000
310
0000000000000000000000000000000000000000ECECEC0000000000000000000000000000000000000000000000000000000000000000000000000000000000000000000000000000000000000000000000000000000000000000000000000000000000000000000000000000000000000000000000000000000000000000
310
00000000000000000000000000000000000000000000000000000000000000000000000000000000000000000000000000000000000000000000000000000000000000000000000000000000000000000000000000000000000000000000000000000000000000000000000000000000000000000000000000000000000000
310
00000000000000000000000000000000000000000000ECECECECECECECECECECECECECECECECECECECECECECECECECECECECECECECECECECECECECECECECECECECECECECECECECECECECECECECECECECECECECECECECECECECECECECECECECECECECECECECECECECECECECECECECECECECECECECECECECECECECECECECECEC
310
ECECECECECECECECECECECECECECECECECECECECECECECECECECECECECECECECECECECECECECECECECECECECECECECECECECECECECECECECECECECECECECECECECECECECECECECECECECECECECECECECECECECECECECECECECECECECECECECECECECECECECECECECECECECECECECECECECECECECECECECECECECECECECECEC
310
ECECECECECECECECECECECECECECECECECECECECECECECECECECECECECECECECECECECECECECECECECECECECECECECECECECECECECECECECECECECECECECECECECECECECECECECECECECECECECECECECECECECECECECECECECECECECECECECECECECECECECECECECECECECECECECECECECECECECECECECECECECECECECECEC
310
ECECECECECECECECECECECECECECECECECECECECECECECECECECECECECECECECECECECECECECECECECECECECECECECECECECECECECECECECECECECECECECECECECECECECECECECECECECECECECECECECECECECECECECECECECECECECECECECECECECECECECECECECECECECECECECECECECECECECECECECECECECECECECECEC
310
ECECECECECECECECECECECECECECECECECECECECECECECECECECECECEC
  0
XRECORD
  5
184E
102
{ACAD_REACTORS
330
184D
102
}
330
184D
100
AcDbXrecord
280
     1
310
2800000000010000690000000100080000000000006900000000000000000000000000000000000030282100FFFFFF00302821000000000000000000000000000000000000000000000000000000000000000000330000006600000099000000CC000000FF00000000330000333300006633000099330000CC330000FF3300
310
0000660000336600006666000099660000CC660000FF66000000990000339900006699000099990000CC990000FF99000000CC000033CC000066CC000099CC0000CCCC0000FFCC000000FF000033FF000066FF000099FF0000CCFF0000FFFF000000003300330033006600330099003300CC003300FF003300003333003333
310
33006633330099333300CC333300FF33330000663300336633006666330099663300CC663300FF66330000993300339933006699330099993300CC993300FF99330000CC330033CC330066CC330099CC3300CCCC3300FFCC330000FF330033FF330066FF330099FF3300CCFF3300FFFF330000006600330066006600660099
310
006600CC006600FF00660000336600333366006633660099336600CC336600FF33660000666600336666006666660099666600CC666600FF66660000996600339966006699660099996600CC996600FF99660000CC660033CC660066CC660099CC6600CCCC6600FFCC660000FF660033FF660066FF660099FF6600CCFF6600
310
FFFF660000009900330099006600990099009900CC009900FF00990000339900333399006633990099339900CC339900FF33990000669900336699006666990099669900CC669900FF66990000999900339999006699990099999900CC999900FF99990000CC990033CC990066CC990099CC9900CCCC9900FFCC990000FF99
310
0033FF990066FF990099FF9900CCFF9900FFFF99000000CC003300CC006600CC009900CC00CC00CC00FF00CC000033CC003333CC006633CC009933CC00CC33CC00FF33CC000066CC003366CC006666CC009966CC00CC66CC00FF66CC000099CC003399CC006699CC009999CC00CC99CC00FF99CC0000CCCC0033CCCC0066CC
310
CC0099CCCC00CCCCCC00FFCCCC0000FFCC0033FFCC0066FFCC0099FFCC00CCFFCC00FFFFCC000000FF003300FF006600FF009900FF00CC00FF00FF00FF000033FF003333FF006633FF009933FF00CC33FF00FF33FF000066FF003366FF006666FF009966FF00CC66FF00FF66FF000099FF003399FF006699FF009999FF00CC
310
99FF00FF99FF0000CCFF0033CCFF0066CCFF0099CCFF00CCCCFF00FFCCFF0000FFFF0033FFFF0066FFFF0099FFFF00CCFFFF00FFFFFF00000000000D0D0D001A1A1A00282828003535350043434300505050005D5D5D006B6B6B00787878008686860093939300A1A1A100AEAEAE00BBBBBB00C9C9C900D6D6D600E4E4E400
310
F1F1F100FFFFFF00000000000000000000000000000000000000000000000000000000000000000000000000000000000000000000F1F1F100F1F1F100F1F1F1F1F1F1F1F1F1F1F1F1F1F1F1F1F1F1F1F1F1F1F1F1F1F1F1F1F1F1F1F1F1F1F1F1F1F100F1F1F100F1F1F100F1F1F1F1F1F1F1F1F1F1F1F1F1F1F1F1F1F1F1
310
F1F1F1F1F1F1F1F1F1F1F1F1F1F1F1F1F1F1F100F1F1F100F1F1F100F1F1F100F1F1F1F1F1F1F1F1F1F1F1F1F1F1F1F1F1F1F1F1F1F1F1F1F1F1F1F1F1F1F1F1F1F100F1F1F100F1F1F100F1F1F100F1F1F1F1F1F1F1F1F1F1F1F1F1F1F1F1F1F1F1F1F1F1F1F1F1F1F1F1F1F1F1F1F1F1F1F1F1F100F1F1F100F1F1F100F1
310
F1F1F1F1F1F1F1F1F1F1F1F1F1F1F1F1F1F1F1F1F1F1F1F1F1F1F1F1F1F1F1F1F1F1F1F1F100F1F1F100F1F1F100000000000000000000F100000000000000000000000000000000F1000000000000000000000000000000F1000000000000000000000000000000F1000000000000000000000000000000F1000000000000
310
00000000000000000000F1000000000000000000000000000000F1000000000000000000000000000000F100000000000000000000000000000000F1000000000000000000000000000000F1000000000000000000000000000000F100000000000000000000000000000000F1000000000000000000000000000000F10000
310
00000000000000000000000000F1000000000000000000000000000000F100000000000000000000000000000000F100000000000000000000F100000000000000000000000000000000F1000000000000000000000000000000F1000000000000000000000000000000F1000000000000000000000000000000F100000000
310
000000000000000000000000F1000000000000000000000000000000F1000000000000000000000000000000F100000000000000000000000000000000F1000000000000000000000000000000F1000000000000000000000000000000F100000000000000000000000000000000F1000000000000000000000000000000F1
310
000000000000000000000000000000F1000000000000000000000000000000F100000000000000000000000000000000F100000000000000000000F100000000000000000000000000000000F1000000000000000000000000000000F1000000000000000000000000000000F1000000000000000000000000000000F10000
310
0000000000000000000000000000F1000000000000000000000000000000F1000000000000000000000000000000F100000000000000000000000000000000F1000000000000000000000000000000F1000000000000000000000000000000F100000000000000000000000000000000F10000000000000000000000000000
310
00F1000000000000000000000000000000F1000000000000000000000000000000F100000000000000000000000000000000F100000000000000000000F100000000000000000000000000000000F1000000000000000000000000000000F1000000000000000000000000000000F1000000000000000000000000000000F1
310
00000000000000000000000000000000F1000000000000000000000000000000F1000000000000000000000000000000F100000000000000000000000000000000F1000000000000000000000000000000F1000000000000000000000000000000F100000000000000000000000000000000F1000000000000000000000000
310
000000F1000000000000000000000000000000F1000000000000000000000000000000F100000000000000000000000000000000F100000000000000000000F100000000000000000000000000000000F1000000000000000000000000000000F1000000000000000000000000000000F10000000000000000000000000000
310
00F100000000000000000000000000000000F1000000000000000000000000000000F1000000000000000000000000000000F100000000000000000000000000000000F1000000000000000000000000000000F1000000000000000000000000000000F100000000000000000000000000000000F100000000000000000000
310
0000000000F1000000000000000000000000000000F1000000000000000000000000000000F100000000000000000000000000000000F100000000000000000000F100000000000000000000000000000000F1000000000000000000000000000000F1000000000000000000000000000000F1000000000000000000000000
310
000000F100000000000000000000000000000000F1000000000000000000000000000000F1000000000000000000000000000000F100000000000000000000000000000000F1000000000000000000000000000000F1000000000000000000000000000000F100000000000000000000000000000000F10000000000000000
310
00000000000000F1000000000000000000000000000000F1000000000000000000000000000000F100000000000000000000000000000000F100000000000000000000F100000000000000000000000000000000F1000000000000000000000000000000F1000000000000000000000000000000F100000000000000000000
310
0000000000F100000000000000000000000000000000F1000000000000000000000000000000F1000000000000000000000000000000F100000000000000000000000000000000F1000000000000000000000000000000F1000000000000000000000000000000F100000000000000000000000000000000F1000000000000
310
000000000000000000F1000000000000000000000000000000F1000000000000000000000000000000F100000000000000000000000000000000F100000000000000000000F100000000000000000000000000000000F1000000000000000000000000000000F1000000000000000000000000000000F10000000000000000
310
00000000000000F100000000000000000000000000000000F1000000000000000000000000000000F1000000000000000000000000000000F100000000000000000000000000000000F1000000000000000000000000000000F1000000000000000000000000000000F10000000000000000000000000000005EF15E5E5E5E
310
5E5E5E5E5E5E5E5E5E5E5EF15E5E5E5E5E5E5E5E5E5E0000000000F1005E5E5E5E5E5E5E5E5E5E5E5E5E5EF15E5E5E5E5E5E5E5E5E5E5E5E00000000F100000000000000000000F100000000000000000000000000000000F1000000000000000000000000000000F1000000000000000000000000000000F1000000000000
310
000000000000000000F100000000000000000000000000000000F1000000000000000000000000000000F1000000000000000000000000000000F100000000000000000000000000000000F1000000000000000000000000000000F1000000000000000000000000000000F10000000000000000000000000000005EF15E5E
310
5E5E5E5E5E5E5E5E5E5E5E5E5EF15E5E5E5E5E5E5E5E5E5E0000000000F1005E5E5E5E5E5E5E5E5E5E5E5E5E5EF15E5E5E5E5E5E5E5E5E5E5E5E00000000F100000000000000000000F100000000000000000000000000000000F1000000000000000000000000000000F1000000000000000000000000000000F100000000
310
0000000000000000000000F100000000000000000000000000000000F1000000000000000000000000000000F1000000000000000000000000000000F100000000000000000000000000000000F1000000000000000000000000000000F1000000000000000000000000000000F10000000000000000000000000000005EF1
310
5E5E5E5E5E5E5E5E5E5E5E5E5E5E5EF15E5E5E5E5E5E5E5E5E5E0000000000F1005E5E5E5E5E5E5E5E5E5E5E5E5E5EF15E5E5E5E5E5E5E5E5E5E5E5E00000000F100000000000000000000F1F1F100F1F1F100F1F1F1F1F1F1F1F1F1F1F1F1F1F1F1F1F1F1F1F1F1F1F1F1F1F1F1F1F1F1F1F1F1F1F1F1F1F100F1F1F100F1
310
F1F100F1F1F1F1F1F1F1F1F1F1F1F1F1F1F1F1F1F1F1F1F1F1F1F1F1F1F1F1F1F1F1F1F1F1F1F1F1F100F1F1F100F1F1F100F1F1F100F1F1F1F1F1F1F1F1F1F1F1F1F1F1F1F1F1F1F1F1F1F1F1F1F1F1F1F1F1F1F1F1F1F100F1F1F100F1F1F100F1F1F100F1F1F1F1F1F1F1F1F1F1F1F1F1F1F1F1F1F1F1F1F1F1F1F1F1F1
310
F1F1F1F1F1F1F1F1F1F1F1F15EF1F1F15EF1F1F15EF1F1F1F1F1F1F1F1F1F1F1F1F1F1F1F1F1F1F1F1F1F1F1F1F1F1F1F1F1F1F1F1F1F1F1F1F1F15EF1F1F100F1F1F100000000000000000000F100000000000000000000000000000000F1000000000000000000000000000000F1000000000000000000000000000000F1
310
000000000000000000000000000000F100000000000000000000000000000000F1000000000000000000000000000000F1000000000000000000000000000000F100000000000000000000000000000000F1000000000000000000000000000000F1000000000000000000000000000000F100000000000000000000000000
310
00005EF15E5E5E5E5E5E5E5E5E5E5E5E5E5E5EF15E5E5E5E5E5E5E5E5E5E0000000000F1005E5E5E5E5E5E5E5E5E5E5E5E5E5EF15E5E5E5E5E5E5E5E5E5E5E5E00000000F100000000000000000000F100000000000000000000000000000000F1000000000000000000000000000000F10000000000000000000000000000
310
00F1000000000000000000000000000000F100000000000000000000000000000000F1000000000000000000000000000000F1000000000000000000000000000000F100000000000000000000000000000000F1000000000000000000000000000000F1000000000000000000000000000000F10000000000000000000000
310
000000005EF15E5E5E5E5E5E5E5E5E5E5E5E5E5E5EF15E5E5E5E5E5E5E5E5E5E00005E005EF1005E5E5E5E5E5E5E5E5E5E5E5E5E5EF15E5E5E5E5E5E5E5E5E5E5E5E00000000F100000000000000000000F100000000000000000000000000000000F1000000000000000000000000000000F1000000000000000000000000
310
000000F1000000000000000000000000000000F100000000000000000000000000000000F1000000000000000000000000000000F1000000000000000000000000000000F100000000000000000000000000000000F1000000000000000000000000000000F1000000000000000000000000000000F1000000000000000000
310
0000000000005EF15E5E5E5E5E5E5E5E5E5E5E5E5E5E5EF15E5E5E5E5E5E5E5E5E5E5E5E5E5E5EF15E5E5E5E5E5E5E5E5E5E5E5E5E5E5EF15E5E5E5E5E5E5E5E5E5E5E5E00000000F100000000000000000000F100000000000000000000000000000000F1000000000000000000000000000000F100000000000000000000
310
0000000000F1000000000000000000000000000000F100000000000000000000000000000000F1000000000000000000000000000000F1000000000000000000000000000000F100000000000000000000000000000000F1000000000000000000000000000000F1000000000000000000000000000000F100000000000000
310
00000000000000005EF15E5E5E5E5E5E5E5E5E5E5E5E5E5E5EF15E5E5E5E5E5E5E5E5E5E5E5E5E5E5EF15E5E5E5E5E5E5E5E5E5E5E5E5E5E5EF15E5E5E5E5E5E5E5E5E5E5E5E00000000F100000000000000000000F100000000000000000000000000000000F1000000000000000000000000000000F10000000000000000
310
00000000000000F1000000000000000000000000000000F100000000000000000000000000000000F1000000000000000000000000000000F1000000000000000000000000000000F100000000000000000000000000000000F1000000000000000000000000000000F1000000000000000000000000000000F10000000000
310
000000000000000000005EF15E5E5E5E5E5E5E5E5E5E5E5E5E5E5EF15E5E5E5E5E5E5E5E5E5E00005EF55EF1005E5E5E5E5E5E5E5E5E5E5E5E5E5EF15E5E5E5E5E5E5E5E5E5E5E5E00000000F100000000000000000000F100000000000000000000000000000000F1000000000000000000000000000000F1000000000000
310
000000000000000000F1000000000000000000000000000000F100000000000000000000000000000000F1000000000000000000000000000000F1000000000000000000000000000000F1000000000000000000000C0C0C0C0C0CF10C0C00000000000000000000000000F1000000000000000000000000000000F1000000
310
0000000000000000000000005EF15E5E5E5E5E5E5E5E5E5E5E5E5E5E5EF15E5E5E5E5E5E5E5E5E5E0000F5F5F5F1005E5E5E5E5E5E5E5E5E5E5E5E5E5EF15E5E5E5E5E5E5E5E5E5E5E5E00000000F100000000000000000000F100000000000000000000000000000000F1000000000000000000000000000000F100000000
310
0000000000000000000000F1000000000000000000000000000000F100000000000000000000000000000000F1000000000000000000000000000000F1000000000000000000000000000000F1000000000000000000000C0000000000F1000C00000000000000000000000000F1000000000000000000000000000000F100
310
00000000000000000000000000005EF15E5E5E5E5E5E5E5E5E5E5E5E5E5E5EF15E5E5E5E5E5E5E5E5E5E0000F5F5F5F1005E5E5E5E5E5E5E5E5E5E5E5E5E5EF15E5E5E5E5E5E5E5E5E5E5E5E00000000F100000000000000000000F100000000000000000000000000000000F1000000000000000000000000000000F10000
310
00000000000000000000000000F1000000000000000000000000000000F100000000000000000000000000000000F1000000000000000000000000000000F1000000000000000000000000000000F10000000000000000000C000000000000F100000C000000000000000000000000F1000000000000000000000000000000
310
F10000000000000000000000000000005EF15E5E5E5E5E5E5E5E5E5E5E5E5E5E5EF15E5E5E5E5E5E5E5E5E5E0000F5F5F5F1005E5E5E5E5E5E5E5E5E5E5E5E5E5EF15E5E5E5E5E5E5E5E5E5E5E5E00000000F100000000000000000000F100000000000000000000000000000000F1000000000000000000000000000000F1
310
000000000000000000000000000000F1000000000000000000000000000000F100000000000000003400000000000000F1000000000000000000000000000000F1000000000000000000000000000000F1000000000000000C0C0C0C0C0C0C0C0CF10C0C0C0C0000000000000000000000F100000000000000000000000000
310
0000F10000000000000000000000000000005EF15E5E5E5E5E5E5E5E5E5E5E5E5E5E5EF15E5E5E5E5E5E5E5E5E5E0000F5F5F5F1005E5E5E5E5E5E5E5E5E5E5E5E5E5EF15E5E5E5E5E5E5E5E5E5E5E5E00000000F100000000000000000000F1F1F100F1F1F100F1F1F1F1F1F1F1F1F1F1F1F1F1F1F1F1F1F1F1F1F1F1F1F1
310
F1F1F1F1F1F1F1F1F1F1F1F1F1F100F1F1F100F1F1F100F1F1F1F1F1F1F1F1F1F1F1F1F1F1F1F1F1F1F1F1F1F1F1F1F1F1F1F1F1F1F1F1F1F1F1F1F1F100F1F1F100F1F1F100F1F1F100F1F1F1F1F1F1F1F1F1F1F1F1F1F1F1F1F1F1F1F1F1F1F1F1F1F1F1F1F1F1F1F1F1F100F1F1F100F1F1F100F1F1F100F1F1F1F1F1F1
310
F1F1F1F1F1F1F1F1F1F1F1F1F1F1F1F1F1F1F1F1F1F1F1F1F1F1F1F1F1F1F1F15EF1F1F15EF1F1F15EF1F1F1F1F1F1F1F1F1F1F1F1F1F1F1F1F1F1F1F1F1F1F1F1F1F1F1F1F1F1F1F1F1F1F1F1F1F15EF1F1F100F1F1F100000000000000000000F100000000000000000000000000000000F1000000000000000000000000
310
000000F1000000000000000000000000000000F1000000000000000000000000000000F100000000000034000000003400000000F1000000000000000000000000000000F1000000000000000000000000000000F1000000000000000C000C000000000000F100000C0C0000000000000000000000F1000000000000000000
310
000000000000F100000000000000000000000000000000F1000000000000000000000000000000F1000000000000000000000000F5F5F5F1000000000000000000000000000000F100000000000000000000000000000000F10000000000000000000000000000000000000000000000000000000000000000000000000000
310
000000000000000000000000000000000000000000000000000000000000000000000000000000000000000034000000003400000000000000000000000000000000000000000000000000000000000000000000000000000000000000000C000C0C0C0C0C0C0C0C0C0C0C0C00000000616161616161616161616161616161
310
616161616161616161616161616161616100000000000000000000000000000000000000000000000000000000000000000000000000F5F5F50000000000000000000000000000000000000000000000000000000000000000000000000000000000000000F100000000000000000000000000000000F10000000000000000
310
00000000000000F1000000000000000000000000000000F1000000000000000000000000000000F100000000003434343434343400000000F1000000000000000000000000000000F1000000000000000000000000000000F1000000000000000C0000000000000000F10000000C0000000061616161616161F16161616161
310
61616161616161616161F161616161616161610000000000000000F1000000000000000000000000000000F1000000000000000000000000F5F5F5F1000000000000000000000000000000F100000000000000000000000000000000F100000000000000000000F100000000000000000000000000000000F1000000000000
310
000000000000000000F1000000000000000000000000000000F1000000000000000000000000000000F100000000003434343434343400000000F1000000000000000000000000000000F1000000000000000000000000000000F1000000000000000C000C0C0C0C0C0C0CF10C0C0C0C0000000061000000610000F1610000
310
006100006100000061000000F100000061000000610000000000000000F1000000000000000000000000000000F1000000000000000000000000F5F5F5F1000000000000000000000000000000F100000000000000000000000000000000F100000000000000000000F100000000000000000000000000000000F100000000
310
0000000000000000000000F1000000000000000000000000000000F1000000000000000000000000000000F100000000003400343434003400000000F1000000000000000000000000000000F1000000000000000000000000000000F1000000000000000C0000000000000000F10000000C0000000061000000610000F161
310
0000006100006100000061000000F100000061000000610000000000000000F1000000000000000000000000000000F1000000000000000000000000F5F5F5F1000000000000000000000000000000F100000000000000000000000000000000F1000000000000000000000000000000000000000000000000000000000000
310
0000000000000000000000000000000000000000000000000000000000000000000000000000000000000000000000000000003434343434343434000000000000000000000000000000000000000000000000000000000000000000000000000000000000000C0000000000000000000000000C0000000061616161616161
310
6161616161616161616161616161616161616161616161616100000000000000000000000000000000000000000000000000000000000000000000002E00F5F5F52E2E002E2E2E0000000000000000000000000000000000000000000000000000000000000000000000000000F100000000000000000000000000000000F1
310
000000000000000000000000000000F1000000000000000000000000000000F1000000000000000000000000000000F100000000003400000000000034000000F1000000000000000000000000000000F1000000000000000000000000000000F1000000000000000C0C0C0C0C0C0C0C0CF1000C0C0C000000006100000061
310
0000F1610000006100006100000061000000F100000061000000610000000000000000F1000000000000000000000000000000F10000000000000000002E2E2E2E2E2EF12E2E2E2E2E2E000000000000000000F100000000000000000000000000000000F100000000000000000000F1000000000000000000000000000000
310
00F1000000000000000000000000000000F1000000000000000000000000000000F1000000000000000000000000000000F100000000003400000000000034000000F1000000000000000000000000000000F1000000000000000000000000000000F1000000000000000C00000C0C00000000F1000C000C00000000610000
310
00610000F1610000006100006100000061000000F100000061000000610000000000000000F1000000000000000000000000000000F10000000000000000002E2E002E2E2EF12E2E2E2E2E00000000000000000000F100000000000000000000000000000000F100000000000000000000F100000000000000000000000000
310
000000F1000000000000000000000000000000F1000000000000000000000000000000F1000000000000000000000000000000F100000000343400000000000034340000F1000000000000000000000000000000F1000000000000000000000000000000F1000000000000000C00000C0C00000000F1000C000C0000000061
310
616161616161F1616161616161616161616161616161F161616161616161610000000000000000F1000000000000000000000000000000F10000000000000000002E2E002E2E2EF12E2E2E2E2E00000000000000000000F100000000000000000000000000000000F100000000000000000000F1F1F100F1F1F100F1F1F1F1
310
F1F1F1F1F1F1F1F1F1F1F1F1F1F1F1F1F1F1F1F1F1F1F1F1F1F1F1F1F1F1F1F1F1F100F1F1F100F1F1F100F1F1F1F1F1F1F1F1F1F1F1F1F1F1F1F1F1F1F1F1F1F1F1F1F1F1F1F1F1F1F1F1F1F1F1F1F1F100F1F1F100F1F1F100F1F1F100F1F1F1F1F1F1F1F1F1F1F1F1F1F1F1F1F1F1F1F1F1F1F1F1F1F1F1F1F1F1F1F1F1
310
F161F1F1F161F1F1F161F1F1F161F1F1F1F1F1F1F1F1F1F1F1F1F1F1F1F1F1F1F1F1F1F1F1F1F1F1F1F1F1F1F1F1F1F1F1F1F1F100F1F1F100F1F1F100F1F1F1F1F1F1F1F1F1F1F1F1F1F1F1F1F1F1F1F1F1F1F1F1F1F1F1F1F1F1F1F1F1F1F1F1F1F100F1F1F100F1F1F100000000000000000000F1000000000000000000
310
00000000000000F1000000000000000000000000000000F1000000000000000000000000000000F1000000000000000000000000000000F100000000343400000000000034340000F1000000000000000000000000000000F1000000000000000000000000000000F1000000000000000C00000C0C00000000F1000C000C00
310
00000061616161616161F1616161616161616161616161616161F161616161616161610000000000000000F1000000000000000000000000000000F10000000000000000002E2E002E2E2EF12E2E2E2E2E00000000000000000000F100000000000000000000000000000000F100000000000000000000F100000000000000
310
000000000000000000F1000000000000000000000000000000F1000000000000000000000000000000F1000000000000000000000000000000F100000034343400000000000034343400F1000000000000000000000000000000F1000000000000000000000000000000F1000000000000000C00000C0C00000000F1000C00
310
0C0000000061000000610000F1610000006100006100000061000000F100000061000000610000000000000000F1000000000000000000000000000000F10000000000000000002E2E2E2E2E2EF12E2E2E2E2E2E000000000000000000F100000000000000000000000000000000F100000000000000000000F10000000000
310
0000000000000000000000F1000000000000000000000000000000F1000000000000000000000000000000F1000000000000000000000000000000F100000034003400000000000034343400F1000000000000000000000000000000F1000000000000000000000000000000F1000000000000000C0C0C0C0C0C0C0C0CF100
310
0C0C0C0000000061000000610000F1610000006100006100000061000000F100000061000000610000000000000000F1000000000000000000000000000000F1000000000000000000002E002E2E2EF12E002E2E2E00000000000000000000F100000000000000000000000000000000F100000000000000000000F1000000
310
00000000000000000000000000F1000000000000000000000000000000F1000000000000000000000000000000F1000000000000000000000000000000F100003434003400000000000034003434F1000000000000000000000000000000F1000000000000000000000000000000F1000000000000000C0000000000000000
310
F10000000C0000000061616161616161F1616161616161616161616161616161F161616161616161610000000000000000F1000000000000000000000000000000F1000000000000000000000000F5F5F5F1000000000000000000000000000000F100000000000000000000000000000000F100000000000000000000F100
310
000000000000000000000000000000F1000000000000000000000000000000F1000000000000000000000000000000F1000000000000000000000000000000F100003400003400000000000034000034F1000000000000000000000000000000F1000000000000000000000000000000F1000000000000000C000000000000
310
0000F10000000C0000000061000000610000F1610000006100006100000061000000F100000061000000610000000000000000F1000000000000000000000000000000F1000000000000000000000000F5F5F5F1000000000000000000000000000000F100000000000000000000000000000000F100000000000000000000
310
F100000000000000000000000000000000F1000000000000000000000000000000F1000000000000000000000000000000F1000000000000000000000000000000F100343400003400000000000034000034F1000000000000000000000000000000F1000000000000000000000000000000F1000000000000000C00000000
310
00000000F10000000C0000000061000000610000F1610000006100006100000061000000F100000061000000610000000000000000F1000000000000000000000000000000F1000000000000000000000000F5F5F5F1000000000000000000000000000000F100000000000000000000000000000000F10000000000000000
310
0000F100000000000000000000000000000000F1000000000000000000000000000000F1000000000000000000000000000000F1000000000000000000000000000000F134340000003400000000000034000000F1340000000000000000000000000000F1000000000000000000000000000000F1000000000000000C0C0C
310
0C0C0C0C0C0CF10C0C0C0C0000000061616161616161F1616161616161616161616161616161F161616161616161610000000000000000F1000000000000000000000000000000F1000000000000000000000000F5F5F5F1000000000000000000000000000000F100000000000000000000000000000000F1000000000000
310
00000000F100000000000000000000000000000000F1000000000000000000000000000000F1000000000000000000000000000000F1000000000000000000000000000000F134340000003400000000000034000000F13434000000000C0C0C0C0C0C0C0C0CF10C0C0C0C0C0C0C0C0C0C0C00000000F10000000000000000
310
000C0C0000000000F1000C0C000000000061616161616161F1616161616161616161616161616161F161616161616161610000000000000000F1000000000000000000000000000000F1000000000000000000000000F5F5F5F1000000000000000000000000000000F100000000000000000000000000000000F100000000
310
000000000000F100000000000000000000000000000000F1000000000000000000000000000000F1000000000000000000000000000000F1000000000000000000000000000000F134343434343400000000000034343434F13434000000000C0000000000000000F1000000000000000000000C00000000F1000000000000
310
00000000000C0CF5F5F5F10C0000000000000000000000000000F1000000000000F5F5F5F50000000000F100000000000000000000000000000000F1000000000000000000000000000000F1000000000000000000000000F5F5F5F1000000000000000000000000000000F100000000000000000000000000000000F10000
310
0000000000000000F100000000000000000000000000000000F1000000000000000000000000000000F1000000000000000000000000000000F1000000000000000000000000000000F134340000343400F50000F50034340000F13434000000000C000C0C0C0C0C0C0CF10C0C0C0C0C0C0C0C0C000C00000000F100000000
310
00000000000000F5F5F5F5F5F1000000000000000000000000000000F1000000000000F5F5F5F50000000000F100000000000000000000000000000000F10000000B0B0B0B0B0B0B0000000000F1000000000000000000000000F5F5F5F1000000000000000000000000000000F100000000000000000000000000000000F1
310
00000000000000000000F1F1F100F1F1F100F1F1F1F1F1F1F1F1F1F1F1F1F1F1F1F1F1F1F1F1F1F1F1F1F1F1F1F1F1F1F1F1F1F1F1F1F1F100F1F1F100F1F1F100F1F1F1F1F1F1F1F1F1F1F1F1F1F1F1F1F1F1F1F1F1F1F1F1F1F1F1F1F1F1F1F1F1F1F1F1F1F100F1F1F100F1F1F100F1F1F100F1F1F1F1F1F1F1F1F1F1F1
310
F1F1F1F1F1F1F1F1F1F1F1F1F1F1F1F1F1F1F1F1F1F1F100F1F1F100F1F1F100F1F1F100F1F1F1F1F1F1F1F1F1F1F1F1F1F1F1F1F1F1F1F1F1F1F1F1F1F1F1F1F1F1F1F1F1F1F1F1F1F100F1F1F100F1F1F100F1F1F1F1F1F1F1F1F1F1F1F1F1F1F1F1F1F1F1F1F1F1F1F1F1F1F1F1F1F1F1F1F1F1F1F1F1F100F1F1F100F1
310
F1F100000000000000000000F100000000000000000000000000000000F10B0B0B0B0000000000000000000B0BF1000000000000000000000000000000F1000000000000000000000000000000F1000034343400F5F5F5F5F5F500343434F100000000000C0C000C000000000000F100000000000000000C000C0C000000F1
310
00000000000000000000F5F500F5F5F5F1F5F500000000000000000000000000F1000000000000F5F5F5F50000000000F100000000000000000000000000000000F10000000B00000000000B0000000000F1000000000000000000000000F5F5F5F1000000000000000000000000000000F100000000000000000000000000
310
000000F100000000000000000000F100000000000000000000000000000B0BF100000000000B0B0B0B0B0B0B0B0B00F100000000000B0B0B0B0B0B0B0B0B0BF10B0B0B0B0B0B0B0B0B0B0B0B0B0B0BF1000034343400F5F5F5F5F5F500343434F1000000000C0000000C000000000000F100000000000000000C0000000C00
310
00F10000000000000000F5F5F5F5F5F5F500F1F5F5F5F50000000000000000000000F1000000000000F5F5F5F50000000000F1000000000000000000000B0B0B0B0B0BF10B0B0B0B0B0B0B0B0B0B0B0B0B0B0BF10B0B0B0B0B00000000000000F5F5F5F1000000000000000000000000000000F10000000000000000000000
310
0000000000F100000000000000000000F100000000000000000000000B0B0B0000F10B0B0B0B0B000B0B00000000000B0BF100000000000B000B0B0B000B000B00F1000000000000000B000B000B0B0B00F1000000000000F5F5F5F5F5F500000000F10000000C000000000C0C0C0C0C0C0CF10C0C0C0C0C0C0C0C0C000000
310
000C00F100000000000000F5F5F5000000F5F500F10000F5F5F500000000000000000000F1000000000000F5F5F5F50000000000F1000000000000000000000B000B0B0B00F10B0B0B00000000000000000B0B0B00F1000B000B0B00000000000000F5F5F5F1000000000000000000000000000000F1000000000000000000
310
00000000000000F100000000000000000000F10000000000000000000B0B00000B0B0BF10B0B0B0B0B0B0B0B00000000000B00F100000000000B00000B0B0B0B0B0000F100000000000000000B0B0B0B0B0000F10B0000000000F5F5F5F5F5F500000000F10C0C0C0C00000C000C0C0C0C0C0C0CF10C0C0C0C0C0C0C0C0C00
310
0C00000C0CF10C000000000000F5F500000000F5F500F10000F500F5F50000000000E2E2E2E2F1E2E2E2E2E2E2F5E2F5F5E2E2E2E2E2F1E2E2E2E2E200000000000B00000B0B0BF10B0B000000000000000000000B0B0BF10B0000000B00000000000000F5F5F5F1000000000000000000000000000000F100000000000000
310
000000000000000000F100000000000000000000F1000000000000000B0B00000B0B000B0BF10B0B0B0B0B00000000000000000B00F10B0B00000B0B000000000000000000F1000000000000000000000000000000F10B0000000000F5F5F5F5F5F500000000F10C000C0000000C000C000000000000F10000000000000000
310
0C000C0000000CF10C0C00000000F5F5F5F50000F5F5F5F5F100F5F5F5F5F50000000000E200E200F10000E2E2E2E2E2E2E2E2E2E2E2E200F10000E200E2E20000000B0B0000000000F1000000000000000000000000000000F1000000000B000000000000F5F5F5F5F100000000002E2E2E2E2E2E2E2E2E2EF12E2E2E0000
310
0000000000000000000000F100000000000000000000F10000000000000B00000B0B0B00000B0BF1000000000000000000000000000B00F1000B00000B0B000000000000000000F1000000000000000000000000000000F10B0000000000F500000000F500000000F10C000C0000000C000C000000000000F1000000000000
310
00000C000C0000000CF10C0C000000F5F50000F5F5F500000000F1F5F5000000F5F5000000E2E200E200F10000E200000000000000000000E200F10000E200E2E20000000B0B0000000000F1000000000000000000000000000000F1000000000B000000000000F5000000F100000000002E000000000000000000F100002E
310
2E000000000000000000000000F100000000000000000000F100000000000B0000000B0B000B0B0000F1000000000000000000000000000B00F1000B00000B0B000000000000000000F1000000000000000000000000000000F10B00000000F5000000000000F5000000F10C000C0000000C000C000000000000F100000000
310
000000000C000C0000000CF10C000C0000F5F5000000F5000000F500F100F5000000F5F5000000E2E200E200F10000E2E2E2E2E2E2E2E2E2E2E2E200F10000E200E200E200000B0B0000000000F1000000000000000000000000000000F1000000000B0000000000F500000000F1F50000002E2E000000000000000000F100
310
002E002E0000000000000000000000F1000000000000000000000000000000000B00000B00000B0B00000000000000000000000000000000000B000B000BF5000B0B000000000000000000000000000000000000000000000000000B00F5F5F5F50000000000000000F5F50C000C000C0000000C000C0C0C0C0C0C0C0C0C0C
310
0C0C0C0C0C0C0C000C0000000C000C000CF5F5F5F50000F50000F5F5F5F5F50000F5000000F5F5F5E200E200E20000000000000000000000000000000000000000E200E200E2F5F50B0B00000000000000000000000000000000000000000000000000000B0BF5F5F5F500000000000000F5F5F5F52E000000000000000000
310
0000002E002E00000000000000000000000000000000000000000000F1000000000B0000000B00000B00000000F1000000000000000000000000000B00F1000BF5F5000B000000000000000000F1000000000000000000000000000000F1000BF5F5000000000000000000F5F5F5F10C000C0000000C0000000000000000F1
310
000000000000000000000C0000000CF10C00F5F5F5F5F5F5F5F50000F5F5F5F5F10000F5F5F5F5F5F5F5F500E200E200F1000000000000000000000000000000F10000E200E200E2E20B000B0000000000F1000000000000000000000000000000F1000000000B0BF5F5F5000000000000F10000F5F52E2E0000002E2E0000
310
0000F12E002E002E0000000000000000000000F100000000000000000000F1F1F100F1F1F100F1F1F1F1F1F1F1F1F1F1F1F1F1F1F1F1F1F1F1F1F1F1F1F1F1F1F1F1F1F1F1F1F1F1F1F1F1F10BF1F1F10BF1F1F10BF1F1F1F1F1F1F1F1F1F1F1F1F1F1F1F1F1F1F1F1F1F1F1F1F1F1F1F1F1F1F1F1F1F1F1F1F1F100F1F1F1
310
00F1F1F100F1F1F100F1F1F1F1F1F1F1F1F1F1F1F1F1F1F1F1F1F1F1F1F1F1F1F1F1F1F1F1F1F1F1F1F1F1F5F1F1F100F1F1F100F1F1F100F1F1F1F1F1F1F1F1F1F1F1F1F1F1F1F1F1F1F1F1F1F1F1F1F1F1F1F1F1F1F1F1F1F1F1F1F1F100F1F1F100F1F1F100F1F1F1F1F1F1F1F1F1F1F1F1F1F1F1F1F1F1F1F1F1F1F1F1
310
F1F1F1F1F1F1F1F1F1F1F1F1F1F100F1F1F100F1F1F100000000000000000000F1000000000B0000000B00000B00000000F1000000000000000000000000000B00F1000BF5F5000B000000000000000000F1000000000000000000000000000000F1000BF5F5000000000000000000F5F5F5F10C000C0000000C0000000000
310
000000F1000000000000000000000C0000000CF10C00F5F5F5F5F5F5F5F50000F5F5F5F5F10000F5F5F5F5F5F5F5F500E200E200F1000000000000000000000000000000F10000E200E200E2E20B000B0000000000F1000000000000000000000000000000F1000000000B0BF5F5F5000000000000F10000F5F52E2E000000
310
2E2E00000000F12E002E002E0000000000000000000000F1000000000000000000000000000000000B00000B00000B0000000000000000000000000000000000000B000B000BF5000B0B000000000000000000000000000000000000000000000000000B00F5F5F5F50000000000000000F5F50C000C000C0000000C000C0C
310
0C0C0C0C0C0C0C0C0C0C0C0C0C0C0C000C0000000C000C000CF5F5F5F50000F50000F5F5F5F5F50000F5000000F5F5F5E200E200E20000000000000000000000000000000000000000E200E200E2E2F50B0B00000000000000000000000000000000000000000000000000000B0BF5F5F5F500000000000000F5F5F5F52E00
310
00000000000000000000002E002E00000000000000000000000000000000000000000000F100000000000B0000000B0B000B0B0000F1000000000000000000000000000B00F1000B00000B0B000000000000000000F1000000000000000000000000000000F10B00000000F5000000000000F5000000F10C000C0000000C00
310
0C000000000000F100000000000000000C000C0000000CF10C000C0000F5F5000000F5000000F500F100F5000000F5F5000000E2E200E200F10000E2E2E2E2E2E2E2E2E2E2E2E200F10000E200E200E200000B0B0000000000F1000000000000000000000000000000F1000000000B0000000000F500000000F1F50000002E
310
2E000000000000000000F100002E002E0000000000000000000000F100000000000000000000F10000000000000B00000B000B00000B0BF1000000000000000000000000000B00F1000B00000B0B00000B0B0B0B0B0B0BF10B0B0B0B0B0B0B0B0B0B0B0B0B0000F10B0000000000F500000000F500000000F10C000C000000
310
0C000C000000000000F100000000000000000C000C0000000CF10C0C000000F5F50000F5F5F500000000F1F5F5000000F5F5000000E2E200E200F10000E200000000000000000000E200F10000E200E2E20000000B0B0000000000F1000000000000000000000000000000F1000000000B000000000000F5000000F1000000
310
00002E000000000000000000F100002E2E000000000000000000000000F100000000000000000000F1000000000000000B0B000B0B00000B00F10B0B0B0B0B00000000000000000B00F10B0B00000B0B000B0B0B0000000000F100000000000000000000000B0B0B00F10B0000000000F5F5F5F5F5F500000000F10C000C00
310
00000C000C000000000000F100000000000000000C000C0000000CF10C0C00000000F5F5F5F50000F5F5F5F5F100F5F5F5F5F50000000000E200E200F10000E2E2E2E2E2E2E2E2E2E2E2E200F10000E200E2E20000000B0B0000000000F1000000000000000000000000000000F1000000000B000000000000F5F5F5F5F100
310
000000002E2E2E2E2E2E2E2E2E2EF12E2E2E00000000000000000000000000F100000000000000000000F10000000000000000000B0B000B0B0B0BF10B0B0B0B0B0B0B0B00000000000B00F100000000000B00000B000000000000F10000000000000000000000000B0000F10B0000000000F5F5F5F5F5F500000000F10C0C
310
0C0C00000C000C0C0C0C0C0C0CF10C0C0C0C0C0C0C0C0C000C00000C0CF10C000000000000F5F500000000F5F500F10000F500F5F50000000000E2E2E2E2F1E2E2E2E2E2E2F5E2F5F5E2E2E2E2E2F1E2E2E2E2E200000000000B00000B0B0BF10B0B000000000000000000000B0B0BF10B0000000B00000000000000F5F5F5
310
F1000000000000000000000000000000F100000000000000000000000000000000F100000000000000000000F100000000000000000000000B0B0B0000F10B0B0B0B00000B0B00000000000B0BF100000000000B00000B000000000000F10000000000000000000000000B0000F1000000000000F5F5F5F5F5F500000000F1
310
0000000C000000000C0C0C0C0C0C0CF10C0C0C0C0C0C0C0C0C000000000C00F100000000000000F5F5F5000000F5F500F10000F5F5F500000000000000000000F1000000000000F5F5F5F50000000000F1000000000000000000000B000B0B0B00F10B0B0B00000000000000000B0B0B00F1000B000B0B00000000000000F5
310
F5F5F1000000000000000000000000000000F100000000000000000000000000000000F100000000000000000000F100000000000000000000000000000B0BF1000000000B0B0B0B0B0B0B0B0B0B00F100000000000B0B0B0B0B0B0B0B0B0BF10B0B0B0B0B0B0B0B0B0B0B0B0B0B0BF1000034343400F5F5F5F5F5F5003434
310
34F1000000000C0000000C000000000000F100000000000000000C0000000C0000F10000000000000000F500F5F500F5F500F1F5F500F50000000000000000000000F1000000000000F5F5F5F50000000000F1000000000000000000000B0B0B0B0B0BF10B0B0B0B0B0B0B0B0B0B0B0B0B0B0BF10B0B0B0B0B000000000000
310
00F5F5F5F1000000000000000000000000000000F100000000000000000000000000000000F100000000000000000000F100000000000000000000000000000000F10B0B0B000000000000000000000B0BF1000000000000000000000000000000F1000000000000000000000000000000F1000034343400F5F5F5F5F5F500
310
343434F100000000000C0C000C000000000000F100000000000000000C000C0C000000F1000000000000000000F5F500F5F5F5F5F100F5F5000000000000000000000000F1000000000000F5F5F5F50000000000F100000000000000000000000000000000F10000000B00000000000B0000000000F1000000000000000000
310
000000F5F5F5F1000000000000000000000000000000F100000000000000000000000000000000F100000000000000000000F1F1F100F1F1F100F1F1F1F1F1F1F1F1F1F1F1F1F1F1F1F1F1F1F1F1F1F1F1F1F1F1F1F1F1F1F1F1F1F1F1F1F1F100F1F1F100F1F1F100F1F1F1F1F1F1F1F1F1F1F1F1F1F1F1F1F1F1F1F1F1F1
310
F1F1F1F1F1F1F1F1F1F1F1F1F1F1F1F100F1F1F100F1F1F100F1F1F100F1F1F1F1F1F1F1F1F1F1F1F1F1F1F1F1F1F1F1F1F1F1F1F1F1F1F1F1F1F1F1F1F1F100F1F1F100F1F1F100F1F1F100F1F1F1F1F1F1F1F1F1F1F1F1F1F1F1F1F1F1F1F1F1F1F1F1F1F1F1F1F1F1F1F1F1F1F1F1F1F100F1F1F100F1F1F100F1F1F1F1
310
F1F1F1F1F1F1F1F1F1F1F1F1F1F1F1F1F1F1F1F1F1F1F1F1F1F1F1F1F1F1F1F1F1F100F1F1F100F1F1F100000000000000000000F100000000000000000000000000000000F1000000000000000000000000000000F1000000000000000000000000000000F1000000000000000000000000000000F134340000343400F500
310
00F50034340000F13434000000000C000C0C0C0C0C0C0CF10C0C0C0C0C0C0C0C0C000C00000000F10000000000000000000000F5F5F5F5F5F1000000000000000000000000000000F1000000000000F5F5F5F50000000000F100000000000000000000000000000000F10000000B0B0B0B0B0B0B0000000000F10000000000
310
00000000000000F5F5F5F1000000000000000000000000000000F100000000000000000000000000000000F100000000000000000000F100000000000000000000000000000000F1000000000000000000000000000000F1000000000000000000000000000000F1000000000000000000000000000000F134343434343400
310
000000000034343434F13434000000000C0000000000000000F1000000000000000000000C00000000F100000000000000000000000C0CF5F5F5F1000000000000000000000000000000F1000000000000F5F5F5F50000000000F100000000000000000000000000000000F10000000B00000000000B0000000000F1000000
310
000000000000000000F5F5F5F1000000000000000000000000000000F100000000000000000000000000000000F100000000000000000000F100000000000000000000000000000000F1000000000000000000000000000000F1000000000000000000000000000000F1000000000000000000000000000000F13434000000
310
3400000000000034000000F13434000000000C0C0C0C0C0C0C0C0CF10C0C0C0C0C0C0C0C0C0C0C00000000F10000000000000000000C0C0000000000F10C0C00000000000061616161616161F1616161616161616161616161616161F161616161616161610000000000000000F1000000000000000000000000000000F100
310
0000000000000000000000F5F5F5F1000000000000000000000000000000F100000000000000000000000000000000F100000000000000000000F100000000000000000000000000000000F1000000000000000000000000000000F1000000000000000000000000000000F1000000000000000000000000000000F1343400
310
00003400000000000034000000F1340000000000000000000000000000F1000000000000000000000000000000F1000000000000000C0C0C0C0C0C0C0C0CF10C0C0C0C0000000061616161616161F1616161616161616161616161616161F161616161616161610000000000000000F1000000000000000000000000000000
310
F1000000000000000000000000F5F5F5F1000000000000000000000000000000F100000000000000000000000000000000F100000000000000000000F100000000000000000000000000000000F1000000000000000000000000000000F1000000000000000000000000000000F1000000000000000000000000000000F100
310
343400003400000000000034000034F1000000000000000000000000000000F1000000000000000000000000000000F1000000000000000C0000000000000000F10000000C0000000061000000610000F1610000006100006100000061000000F100000061000000610000000000000000F100000000000000000000000000
310
0000F1000000000000000000000000F5F5F5F1000000000000000000000000000000F100000000000000000000000000000000F100000000000000000000F100000000000000000000000000000000F1000000000000000000000000000000F1000000000000000000000000000000F1000000000000000000000000000000
310
F100003400003400000000000034000034F1000000000000000000000000000000F1000000000000000000000000000000F1000000000000000C0000000000000000F10000000C0000000061000000610000F1610000006100006100000061000000F100000061000000610000000000000000F10000000000000000000000
310
00000000F1000000000000000000000000F5F5F5F1000000000000000000000000000000F100000000000000000000000000000000F100000000000000000000F100000000000000000000000000000000F1000000000000000000000000000000F1000000000000000000000000000000F100000000000000000000000000
310
0000F100003434003400000000000034003434F1000000000000000000000000000000F1000000000000000000000000000000F1000000000000000C0000000000000000F10000000C0000000061616161616161F1616161616161616161616161616161F161616161616161610000000000000000F1000000000000000000
310
000000000000F1000000000000000000000000F5F5F5F1000000000000000000000000000000F100000000000000000000000000000000F100000000000000000000F100000000000000000000000000000000F1000000000000000000000000000000F1000000000000000000000000000000F10000000000000000000000
310
00000000F100000034003400000000000034343400F1000000000000000000000000000000F1000000000000000000000000000000F1000000000000000C0C0C0C0C0C0C0C0CF1000C0C0C0000000061000000610000F1610000006100006100000061000000F100000061000000610000000000000000F100000000000000
310
0000000000000000F1000000000000000000002E002E2E2EF12E002E2E2E00000000000000000000F100000000000000000000000000000000F100000000000000000000F100000000000000000000000000000000F1000000000000000000000000000000F1000000000000000000000000000000F1000000000000000000
310
000000000000F100000034343400000000000034343400F1000000000000000000000000000000F1000000000000000000000000000000F1000000000000000C00000C0C00000000F1000C000C0000000061000000610000F1610000006100006100000061000000F100000061000000610000000000000000F10000000000
310
00000000000000000000F10000000000000000002E2E2E2E2E2EF12E2E2E2E2E2E000000000000000000F100000000000000000000000000000000F100000000000000000000F100000000000000000000000000000000F1000000000000000000000000000000F1000000000000000000000000000000F100000000000000
310
0000000000000000F100000000343400000000000034340000F1000000000000000000000000000000F1000000000000000000000000000000F1000000000000000C00000C0C00000000F1000C000C0000000061616161616161F1616161616161616161616161616161F161616161616161610000000000000000F1000000
310
000000000000000000000000F10000000000000000002E2E002E2E2EF12E2E2E2E2E00000000000000000000F100000000000000000000000000000000F100000000000000000000F1F1F100F1F1F100F1F1F1F1F1F1F1F1F1F1F1F1F1F1F1F1F1F1F1F1F1F1F1F1F1F1F1F1F1F1F1F1F1F1F1F1F1F100F1F1F100F1F1F100
310
F1F1F1F1F1F1F1F1F1F1F1F1F1F1F1F1F1F1F1F1F1F1F1F1F1F1F1F1F1F1F1F1F1F1F1F1F1F100F1F1F100F1F1F100F1F1F100F1F1F1F1F1F1F1F1F1F1F1F1F1F1F1F1F1F1F1F1F1F1F1F1F1F1F1F1F1F1F1F1F1F161F1F1F161F1F1F161F1F1F161F1F1F1F1F1F1F1F1F1F1F1F1F1F1F1F1F1F1F1F1F1F1F1F1F1F1F1F1F1
310
F1F1F1F1F1F1F1F1F100F1F1F100F1F1F100F1F1F1F1F1F1F1F1F1F1F1F1F1F1F1F1F1F1F1F1F1F1F1F1F1F1F1F1F1F1F1F1F1F1F1F1F1F100F1F1F100F1F1F100000000000000000000F100000000000000000000000000000000F1000000000000000000000000000000F1000000000000000000000000000000F1000000
310
000000000000000000000000F100000000343400000000000034340000F1000000000000000000000000000000F1000000000000000000000000000000F1000000000000000C00000C0C00000000F1000C000C0000000061616161616161F1616161616161616161616161616161F161616161616161610000000000000000
310
F1000000000000000000000000000000F10000000000000000002E2E002E2E2EF12E2E2E2E2E00000000000000000000F100000000000000000000000000000000F100000000000000000000F100000000000000000000000000000000F1000000000000000000000000000000F1000000000000000000000000000000F100
310
0000000000000000000000000000F100000000003400000000000034000000F1000000000000000000000000000000F1000000000000000000000000000000F1000000000000000C00000C0C00000000F1000C000C0000000061000000610000F1610000006100006100000061000000F10000006100000061000000000000
310
0000F1000000000000000000000000000000F10000000000000000002E2E002E2E2EF12E2E2E2E2E00000000000000000000F100000000000000000000000000000000F100000000000000000000F100000000000000000000000000000000F1000000000000000000000000000000F1000000000000000000000000000000
310
F1000000000000000000000000000000F100000000003400000000000034000000F1000000000000000000000000000000F1000000000000000000000000000000F1000000000000000C0C0C0C0C0C0C0C0CF1000C0C0C0000000061000000610000F1610000006100006100000061000000F1000000610000006100000000
310
00000000F1000000000000000000000000000000F10000000000000000002E2E2E2E2E2EF12E2E2E2E2E2E000000000000000000F100000000000000000000000000000000F1000000000000000000000000000000000000000000000000000000000000000000000000000000000000000000000000000000000000000000
310
0000000000000000000000000000000000000000000000003434343434343434000000000000000000000000000000000000000000000000000000000000000000000000000000000000000C0000000000000000000000000C0000000061616161616161616161616161616161616161616161616161616161616161610000
310
0000000000000000000000000000000000000000000000000000000000000000002E00F5F5F52E2E002E2E2E0000000000000000000000000000000000000000000000000000000000000000000000000000F100000000000000000000000000000000F1000000000000000000000000000000F10000000000000000000000
310
00000000F1000000000000000000000000000000F100000000003400343434003400000000F1000000000000000000000000000000F1000000000000000000000000000000F1000000000000000C0000000000000000F10000000C0000000061000000610000F1610000006100006100000061000000F10000006100000061
310
0000000000000000F1000000000000000000000000000000F1000000000000000000000000F5F5F5F1000000000000000000000000000000F100000000000000000000000000000000F100000000000000000000F100000000000000000000000000000000F1000000000000000000000000000000F1000000000000000000
310
000000000000F1000000000000000000000000000000F100000000003434343434343400000000F1000000000000000000000000000000F1000000000000000000000000000000F1000000000000000C000C0C0C0C0C0C0CF10C0C0C0C0000000061000000610000F1610000006100006100000061000000F1000000610000
310
00610000000000000000F1000000000000000000000000000000F1000000000000000000000000F5F5F5F1000000000000000000000000000000F100000000000000000000000000000000F100000000000000000000F100000000000000000000000000000000F1000000000000000000000000000000F100000000000000
310
0000000000000000F1000000000000000000000000000000F100000000003434343434343400000000F1000000000000000000000000000000F1000000000000000000000000000000F1000000000000000C0000000000000000F10000000C0000000061616161616161F1616161616161616161616161616161F161616161
310
616161610000000000000000F1000000000000000000000000000000F1000000000000000000000000F5F5F5F1000000000000000000000000000000F100000000000000000000000000000000F100000000000000000000000000000000000000000000000000000000000000000000000000000000000000000000000000
310
00000000000000000000000000000000000000000000000000000000000000003400000000003400000000000000000000000000000000000000000000000000000000000000000000000000000000000000000C000C0C0C0C0C0C0C0C0C0C0C0C000000006161616161616161616161616161616161616161616161616161
310
61616161616100000000000000000000000000000000000000000000000000000000000000000000000000F500F50000000000000000000000000000000000000000000000000000000000000000000000000000000000000000F100000000000000000000000000000000F1000000000000000000000000000000F1000000
310
000000000000000000000000F1000000000000000000000000000000F100000000000034000000003400000000F1000000000000000000000000000000F1000000000000000000000000000000F1000000000000000C0000000000000000F10000000C0000000000000000000000F1000000000000000000000000000000F1
310
00000000000000000000000000000000F1000000000000000000000000000000F1000000000000000000000000F5F5F5F1000000000000000000000000000000F100000000000000000000000000000000F100000000000000000000F1F1F100F1F1F100F1F1F1F1F1F1F1F1F1F1F1F1F1F1F1F1F1F1F1F1F1F1F1F1F1F1F1
310
F1F1F1F1F1F1F1F1F1F1F100F1F1F100F1F1F100F1F1F1F1F1F1F1F1F1F1F1F1F1F1F1F1F1F1F1F1F1F1F1F1F1F1F1F1F1F1F1F1F1F1F1F1F1F100F1F1F100F1F1F100F1F1F100F1F1F1F1F1F1F1F1F1F1F1F1F1F1F1F1F1F1F1F1F1F1F1F1F1F1F1F1F1F1F1F1F1F100F1F1F100F1F1F100F1F1F100F1F1F1F1F1F1F1F1F1
310
F1F1F1F1F1F1F1F1F1F1F1F1F1F1F1F1F1F1F1F1F1F1F1F1F1F1F1F1F15EF1F1F15EF1F1F15EF1F1F1F1F1F1F1F1F1F1F1F1F1F1F1F1F1F1F1F1F1F1F1F1F1F1F1F1F1F1F1F1F1F1F1F1F1F15EF1F1F100F1F1F100000000000000000000F100000000000000000000000000000000F1000000000000000000000000000000
310
F1000000000000000000000000000000F1000000000000000000000000000000F100000000000000003434000000000000F1000000000000000000000000000000F1000000000000000000000000000000F1000000000000000C0C00000000000000F10000000C0000000000000000000000F1000000000000000000000000
310
000000F10000000000000000000000000000005EF15E5E5E5E5E5E5E5E5E5E5E5E5E5E5EF15E5E5E5E5E5E5E5E5E5E0000F5F5F5F1005E5E5E5E5E5E5E5E5E5E5E5E5E5EF15E5E5E5E5E5E5E5E5E5E5E5E00000000F100000000000000000000F100000000000000000000000000000000F100000000000000000000000000
310
0000F1000000000000000000000000000000F1000000000000000000000000000000F100000000000000000000000000000000F1000000000000000000000000000000F1000000000000000000000000000000F10000000000000000000C000000000000F100000C000000000000000000000000F100000000000000000000
310
0000000000F10000000000000000000000000000005EF15E5E5E5E5E5E5E5E5E5E5E5E5E5E5EF15E5E5E5E5E5E5E5E5E5E0000F5F5F5F1005E5E5E5E5E5E5E5E5E5E5E5E5E5EF15E5E5E5E5E5E5E5E5E5E5E5E00000000F100000000000000000000F100000000000000000000000000000000F10000000000000000000000
310
00000000F1000000000000000000000000000000F1000000000000000000000000000000F100000000000000000000000000000000F1000000000000000000000000000000F1000000000000000000000000000000F1000000000000000000000C0000000000F1000C00000000000000000000000000F10000000000000000
310
00000000000000F10000000000000000000000000000005EF15E5E5E5E5E5E5E5E5E5E5E5E5E5E5EF15E5E5E5E5E5E5E5E5E5E0000F5F5F5F1005E5E5E5E5E5E5E5E5E5E5E5E5E5EF15E5E5E5E5E5E5E5E5E5E5E5E00000000F100000000000000000000F100000000000000000000000000000000F1000000000000000000
310
000000000000F1000000000000000000000000000000F1000000000000000000000000000000F100000000000000000000000000000000F1000000000000000000000000000000F1000000000000000000000000000000F1000000000000000000000C0C0C0C0C0CF10C0C00000000000000000000000000F1000000000000
310
000000000000000000F10000000000000000000000000000005EF15E5E5E5E5E5E5E5E5E5E5E5E5E5E5EF15E5E5E5E5E5E5E5E5E5E0000F5F5F5F1005E5E5E5E5E5E5E5E5E5E5E5E5E5EF15E5E5E5E5E5E5E5E5E5E5E5E00000000F100000000000000000000F100000000000000000000000000000000F100000000000000
310
0000000000000000F1000000000000000000000000000000F1000000000000000000000000000000F100000000000000000000000000000000F1000000000000000000000000000000F1000000000000000000000000000000F100000000000000000000000000000000F1000000000000000000000000000000F100000000
310
0000000000000000000000F10000000000000000000000000000005EF15E5E5E5E5E5E5E5E5E5E5E5E5E5E5EF15E5E5E5E5E5E5E5E5E5E00005EF55EF1005E5E5E5E5E5E5E5E5E5E5E5E5E5EF15E5E5E5E5E5E5E5E5E5E5E5E00000000F100000000000000000000F100000000000000000000000000000000F10000000000
310
00000000000000000000F1000000000000000000000000000000F1000000000000000000000000000000F100000000000000000000000000000000F1000000000000000000000000000000F1000000000000000000000000000000F100000000000000000000000000000000F1000000000000000000000000000000F10000
310
00000000000000000000000000F10000000000000000000000000000005EF15E5E5E5E5E5E5E5E5E5E5E5E5E5E5EF15E5E5E5E5E5E5E5E5E5E5E5E5E5E5EF15E5E5E5E5E5E5E5E5E5E5E5E5E5E5EF15E5E5E5E5E5E5E5E5E5E5E5E00000000F100000000000000000000F100000000000000000000000000000000F1000000
310
000000000000000000000000F1000000000000000000000000000000F1000000000000000000000000000000F100000000000000000000000000000000F1000000000000000000000000000000F1000000000000000000000000000000F100000000000000000000000000000000F1000000000000000000000000000000F1
310
000000000000000000000000000000F10000000000000000000000000000005EF15E5E5E5E5E5E5E5E5E5E5E5E5E5E5EF15E5E5E5E5E5E5E5E5E5E5E5E5E5E5EF15E5E5E5E5E5E5E5E5E5E5E5E5E5E5EF15E5E5E5E5E5E5E5E5E5E5E5E00000000F100000000000000000000F100000000000000000000000000000000F100
310
0000000000000000000000000000F1000000000000000000000000000000F1000000000000000000000000000000F100000000000000000000000000000000F1000000000000000000000000000000F1000000000000000000000000000000F100000000000000000000000000000000F10000000000000000000000000000
310
00F1000000000000000000000000000000F10000000000000000000000000000005EF15E5E5E5E5E5E5E5E5E5E5E5E5E5E5EF15E5E5E5E5E5E5E5E5E5E00005E005EF1005E5E5E5E5E5E5E5E5E5E5E5E5E5EF15E5E5E5E5E5E5E5E5E5E5E5E00000000F100000000000000000000F100000000000000000000000000000000
310
F1000000000000000000000000000000F1000000000000000000000000000000F1000000000000000000000000000000F100000000000000000000000000000000F1000000000000000000000000000000F1000000000000000000000000000000F100000000000000000000000000000000F1000000000000000000000000
310
000000F1000000000000000000000000000000F10000000000000000000000000000005EF15E5E5E5E5E5E5E5E5E5E5E5E5E5E5EF15E5E5E5E5E5E5E5E5E5E0000000000F1005E5E5E5E5E5E5E5E5E5E5E5E5E5EF15E5E5E5E5E5E5E5E5E5E5E5E00000000F100000000000000000000F1F1F100F1F1F100F1F1F1F1F1F1F1
310
F1F1F1F1F1F1F1F1F1F1F1F1F1F1F1F1F1F1F1F1F1F1F1F1F1F1F1F1F1F1F100F1F1F100F1F1F100F1F1F1F1F1F1F1F1F1F1F1F1F1F1F1F1F1F1F1F1F1F1F1F1F1F1F1F1F1F1F1F1F1F1F1F1F1F100F1F1F100F1F1F100F1F1F100F1F1F1F1F1F1F1F1F1F1F1F1F1F1F1F1F1F1F1F1F1F1F1F1F1F1F1F1F1F1F1F1F1F100F1
310
F1F100F1F1F100F1F1F100F1F1F1F1F1F1F1F1F1F1F1F1F1F1F1F1F1F1F1F1F1F1F1F1F1F1F1F1F1F1F1F1F1F1F1F1F1F15EF1F1F15EF1F1F15EF1F1F1F1F1F1F1F1F1F1F1F1F1F1F1F1F1F1F1F1F1F1F1F1F1F1F1F1F1F1F1F1F1F1F1F1F1F15EF1F1F100F1F1F100000000000000000000F1000000000000000000000000
310
00000000F1000000000000000000000000000000F1000000000000000000000000000000F1000000000000000000000000000000F100000000000000000000000000000000F1000000000000000000000000000000F1000000000000000000000000000000F100000000000000000000000000000000F10000000000000000
310
00000000000000F1000000000000000000000000000000F10000000000000000000000000000005EF15E5E5E5E5E5E5E5E5E5E5E5E5E5E5EF15E5E5E5E5E5E5E5E5E5E0000000000F1005E5E5E5E5E5E5E5E5E5E5E5E5E5EF15E5E5E5E5E5E5E5E5E5E5E5E00000000F100000000000000000000F100000000000000000000
310
000000000000F1000000000000000000000000000000F1000000000000000000000000000000F1000000000000000000000000000000F100000000000000000000000000000000F1000000000000000000000000000000F1000000000000000000000000000000F100000000000000000000000000000000F1000000000000
310
000000000000000000F1000000000000000000000000000000F10000000000000000000000000000005EF15E5E5E5E5E5E5E5E5E5E5E5E5E5E5EF15E5E5E5E5E5E5E5E5E5E0000000000F1005E5E5E5E5E5E5E5E5E5E5E5E5E5EF15E5E5E5E5E5E5E5E5E5E5E5E00000000F100000000000000000000F10000000000000000
310
0000000000000000F1000000000000000000000000000000F1000000000000000000000000000000F1000000000000000000000000000000F100000000000000000000000000000000F1000000000000000000000000000000F1000000000000000000000000000000F100000000000000000000000000000000F100000000
310
0000000000000000000000F1000000000000000000000000000000F10000000000000000000000000000005EF15E5E5E5E5E5E5E5E5E5E5E5E5E5E5EF15E5E5E5E5E5E5E5E5E5E0000000000F1005E5E5E5E5E5E5E5E5E5E5E5E5E5EF15E5E5E5E5E5E5E5E5E5E5E5E00000000F100000000000000000000F1000000000000
310
00000000000000000000F1000000000000000000000000000000F1000000000000000000000000000000F1000000000000000000000000000000F100000000000000000000000000000000F1000000000000000000000000000000F1000000000000000000000000000000F100000000000000000000000000000000F10000
310
00000000000000000000000000F1000000000000000000000000000000F100000000000000000000000000000000F1000000000000000000000000000000F1000000000000000000000000000000F1000000000000000000000000000000F100000000000000000000000000000000F100000000000000000000F100000000
310
000000000000000000000000F1000000000000000000000000000000F1000000000000000000000000000000F1000000000000000000000000000000F100000000000000000000000000000000F1000000000000000000000000000000F1000000000000000000000000000000F100000000000000000000000000000000F1
310
000000000000000000000000000000F1000000000000000000000000000000F100000000000000000000000000000000F1000000000000000000000000000000F1000000000000000000000000000000F1000000000000000000000000000000F100000000000000000000000000000000F100000000000000000000F10000
310
0000000000000000000000000000F1000000000000000000000000000000F1000000000000000000000000000000F1000000000000000000000000000000F100000000000000000000000000000000F1000000000000000000000000000000F1000000000000000000000000000000F1000000000000000000000000000000
310
00F1000000000000000000000000000000F1000000000000000000000000000000F100000000000000000000000000000000F1000000000000000000000000000000F1000000000000000000000000000000F1000000000000000000000000000000F100000000000000000000000000000000F100000000000000000000F1
310
00000000000000000000000000000000F1000000000000000000000000000000F1000000000000000000000000000000F1000000000000000000000000000000F100000000000000000000000000000000F1000000000000000000000000000000F1000000000000000000000000000000F100000000000000000000000000
310
000000F1000000000000000000000000000000F1000000000000000000000000000000F100000000000000000000000000000000F1000000000000000000000000000000F1000000000000000000000000000000F1000000000000000000000000000000F100000000000000000000000000000000F1000000000000000000
310
00F100000000000000000000000000000000F1000000000000000000000000000000F1000000000000000000000000000000F1000000000000000000000000000000F100000000000000000000000000000000F1000000000000000000000000000000F1000000000000000000000000000000F10000000000000000000000
310
0000000000F1000000000000000000000000000000F1000000000000000000000000000000F100000000000000000000000000000000F1000000000000000000000000000000F1000000000000000000000000000000F1000000000000000000000000000000F100000000000000000000000000000000F100000000000000
310
000000F100000000000000000000000000000000F1000000000000000000000000000000F1000000000000000000000000000000F1000000000000000000000000000000F100000000000000000000000000000000F1000000000000000000000000000000F1000000000000000000000000000000F1000000000000000000
310
00000000000000F1000000000000000000000000000000F1000000000000000000000000000000F100000000000000000000000000000000F1000000000000000000000000000000F1000000000000000000000000000000F1000000000000000000000000000000F100000000000000000000000000000000F10000000000
310
0000000000F100000000000000000000000000000000F1000000000000000000000000000000F1000000000000000000000000000000F1000000000000000000000000000000F100000000000000000000000000000000F1000000000000000000000000000000F1000000000000000000000000000000F100000000000000
310
000000000000000000F1000000000000000000000000000000F1000000000000000000000000000000F100000000000000000000000000000000F1000000000000000000000000000000F1000000000000000000000000000000F1000000000000000000000000000000F100000000000000000000000000000000F1000000
310
00000000000000F1F1F100F1F1F100F1F1F1F1F1F1F1F1F1F1F1F1F1F1F1F1F1F1F1F1F1F1F1F1F1F1F1F1F1F1F1F1F1F1F1F1F1F100F1F1F100F1F1F100F1F1F1F1F1F1F1F1F1F1F1F1F1F1F1F1F1F1F1F1F1F1F1F1F1F1F1F1F1F1F1F1F1F1F1F1F1F100F1F1F100F1F1F100F1F1F100F1F1F1F1F1F1F1F1F1F1F1F1F1F1
310
F1F1F1F1F1F1F1F1F1F1F1F1F1F1F1F1F1F1F1F100F1F1F100F1F1F100F1F1F100F1F1F1F1F1F1F1F1F1F1F1F1F1F1F1F1F1F1F1F1F1F1F1F1F1F1F1F1F1F1F1F1F1F1F1F1F1F100F1F1F100F1F1F100F1F1F1F1F1F1F1F1F1F1F1F1F1F1F1F1F1F1F1F1F1F1F1F1F1F1F1F1F1F1F1F1F1F1F1F1F1F100F1F1F100F1F1F100
310
00000000
  0
XRECORD
  5
184F
102
{ACAD_REACTORS
330
1F9
102
}
330
1F9
100
AcDbXrecord
280
     1
102
MATERIAL
148
0.0
149
0.0
149
0.0
 93
        0
 94
       63
282
     0
 72
     1
 77
     1
171
     1
175
     1
179
     1
273
     0
  0
XRECORD
  5
1FA
102
{ACAD_REACTORS
330
1F9
102
}
330
1F9
100
AcDbXrecord
280
     1
 70
     1
 90
429727718
  1
D62C5603-E3A1-4AEA-B7FB-FE5D8D0755AF
310
504B03040A0000080000CC70623B3DEE336E79000000790000001B0000006175746F6465736B2D64657369676E2D7061636B6167652E786D6C3C3F786D6C2076657273696F6E3D22312E302220656E636F64696E673D227574662D3822203F3E3C666F726D6174733E3C666F726D61743E687474703A2F2F736368656D612E
310
6175746F6465736B2E636F6D2F64657369676E2D7061636B6167652F323030393C2F666F726D61743E3C2F666F726D6174733E504B0304140006080800CC70623BD486FD9CA0000000F4000000130000005B436F6E74656E745F54797065735D2E786D6C7D8EC10E82300C865F65E91D8A1E8C310C0EEA1BF002731658846E
310
D98AC1B77784ABF1D8FE5FBFBF75BBCE937A534CCEB38643598122B6FEE978D0B0485F9C41B54DDD7D022595594E1A469170414C76A4D9A4D207E29CF43ECE46F218070CC6BECC4078ACAA135ACF422C856C0E68EA1BF5669944DDD7BCDE7B1F8E415D77AECB980613C2E4AC91FC167A2B244592486606FC29C8FD7F045B9A
310
EF7053A7E60B504B0304140006080800CC70623B853B8169EB0000007C01000008000000636F72652E786D6C8D90416EC3201045AF62CDB6C206821CC7C244919D9CA01740401C94182C03558F5F9C3852BBEB6A467FFE9B197D7EFC9E1EC5975982F5AE035262288C535E5B377690E21535501C055FBC8FBF6C503839990E
310
5619041F179FE64D52DE45E362569DD7661365082642A11EB9E920A89B99642953CC8E702F67A9EE7234257977194EC9EAE275C4EABCCF5EAD5940D4AC6F0E35A568B8F43562CD7046CD199FD07E60174276A7BE677B5EADB0E0D14EEFFB6A31321A0D82627C4084204C3F096B71DD52F6819B16635EADF63F509AF53FA164
310
5DDCD1EDDD17164090FCC8732078B56691CB33A85CD7DCC40F504B0304140006080800CC70623B55019EA25F0000007C00000007000000636E782E786D6C4DCB3B0E80201045D1AD90E915ED2CF8AC45050C11660C8261F98AB1B07AC9C97D42D718D865D3E909258CFD00CCE24AC6E326A164D74DC0B4128928FF32603847
310
2BA13128B1252AC747C6BAB984FC68F0B87FE8960A5C09FE86CFB69FBA01504B0304140006080800CC70623BDBABAAF470010000D40300000C0000006662782F636F72652E786D6CC553D16E823014FD95A6AF4B694182CC941A83FA05FB810A9511A125A5257EFE2E82712ECEB8A7F100CD39F7F69E734AF9FADC366850B6
310
AF8DCE7018308C942E4C59EB2AC3DE1D498AD15A706B8CFB56869196ADCAF00863C12B6B7C374385D14E6907A836A59A41D9F7CA615434B0C8705F7CAA5606D23BA8E84F41278B93AC54100640439DE0BDB320004D43C63716C7C399D30917DCFBBA9CD9BA8469F5B156168B24CED3F7248AC8769F27244EB73B92EED8862C
310
B7F13E0C179B3C8F979C8ECD82BBBABDAA2BAC924E9558448CBD9330242CFA08E3154B5651FCC6D215639C8EE5774DBE2B5F6CF2B5768B68963BB5F5588420E442FC700B1139D4CB01F450C1E918227C2E09DF070D8140C84E1E9AAB8F1340832A9CB13130A5F1376A908D57309505ECF2A0DF179C4E9D30F5B239B87E3823
310
7A79C6F31DE1A8A5AEC08474B03C7837EAE4938639B44E5932B833D2C6B6B279CDC613877FA26EE21F4A2A4C63EC7F29A2F301D1F9F7A0E37D145F504B0304140006080800CC70623B9C113CC27E0000009D0000000B0000006662782F636E782E786D6C4DCCDF0A83201C86E15B91DFB94BFB330DD428C8FB886521330DA7
310
6397BF1A1DECE883878F57749FCDA1B7892F1BBC047A23808C7F84D9FA55424E0BE6803A256208E9EF06C84F9B91703228B1C690F78B66B34CD9A5439DF5CF0BFBF65E35BCA1B8D6A5C6F540381E886698B5741C695F9503EBA150A2F8958E3DC3EA0B504B0304140006080800CC70623B7DF2F77C2A010000120200003100
310
00006662782F41393633353835312D344632462D344230382D423046372D3739314545314133324237412F636F72652E786D6C8D51DB8EC22014FC15C2939B0D2DB4B45643319AE817EC0F6041255A68B86CFCFC856D4D76DF7CE190393373060EDB3DC707F856CE6B6B7A480A0C81328395DA5C7B18C3057510EC3873D686
310
3F34088C18550F330C39BB3A1BA7051AAC09CA84841A2BD5020AEF55806078A44B0FFD7053A328440C89E1EFC52486BBB8AA8214A99D789CF9E05200300FC927E4FB4D5B375D43103D5527440FB843077C5AA3F5861C8F645F5787F59E95B390B318B55CE45AA638FAA2957BD7248B390B7A7CC51F9C124149C82B8C378810
310
84AB2F42B7B8DD56F413775B8C5999E9FF4471926F8AA236A1AE96B8B3CC434E5839373893369E1FAF30EA395917409EB7F26AF8801C171837A4A6AC9C89E9F9C9B1A58BA30FD6A5EF5DDDCF894B9AD9B6A59C957943A9FCAE2FD5BC4DFE03504B0304140006080800CC70623BAD7543B64E01000033030000300000006662
310
782F41393633353835312D344632462D344230382D423046372D3739314545314133324237412F636E782E786D6CD593CD6EC32010845F0571AD6CE3D48AD20813A9873E410FBD12D82434182C7EAAE6EDBB2424CD25871E7B41D6EC30B3FA84F9E67BB2E40B4234DE8DB46F1925E094D7C6ED479AD3AE5951B2113C789FEE
310
6C943839C1488B4C05DF079FE72A69D8C96C13AAD6B8631503449F83828872B949AC57D26200B826A308D316B4064D6E46FCDA41C05550DC9E483A00797BFD207EFB092A45DE9514C1BBD22178396BD39D891265658C238DEA00936C654E5E433CB65A26D9F6EDB5EBC14EBF49A45CB856E66048291F6939A9A81BB5C89177
310
38143CA680F4AA299D66A042CEB3354A2684DC9D8D178FE0D9B8B41CAAD720F880EE7EF93C0C18769E099ECC04D5A102C8049A8A05632F4DDF376CF1DE0F6BB65C2F8627B65A33C6BB62177CEBBDAD973006829F89F22E814B54F4BC2BE347F8AA8F681390B50FA73F804400B5F542E796F19FF974E7F78DB802FE05E20750
310
4B0304140006080800CC70623BE75B7789680500003C100000340000006662782F41393633353835312D344632462D344230382D423046372D3739314545314133324237412F6F626A656374732E786D6CAD575B8F9B3818FD2B887D06C22499CB8AA1CA655245D5B455A356FB305264C061D8018C6C3393D95FBFC7600890
310
A4CD5EF210B0B1BFEBF98E3F7B1FF6596ABC522E1296DF9BAE3D320D9A872C4AF2F8DE2CE5CEBA358D0FBEC719939D65A691938CDE9B6ADAF4BD98B3B2D05311DD91329583D9D5FC0F438434A7A611A644887B5384CF34233629258BA878B12322891DEFF6B66BD70BFB62634E8AE781D082709A4B588AF91C528CDA28B73F
310
1C998EEF39EABBEFA97FBD6A7C7E9553F9D3D79FE442923C3C523610337627CB87ABE99D359D4CC6D6E4FACAB5E6ABF9D2726FC6A3C5F56271377BB88362213924694B38DD99FE47C48627A1E7D49F5A8BB5E1A74C0A599ED3B0F21F1E56366B89112D681E218F0915D0D6F17AD41FBA2A369DCF6335D62ABBD39779D5DDD1
310
11D4D8DE3CBB96B2E04FB8202E41051754A1AA8E8F76B4C6DFE810B580B1547F4B84911149794252234D024EF8BBE963A95AE27B3D310A9D5C215C7960FAEE415ED75694C6AFB17BCACA5D99A60A9AA65F217B0BFC53292ACB92BF283FAD0D3621576592CB5BED907C2FA8E9DF794E35E97BEA31BED21FEB401ABB94C44839
310
DCACBF0E1C5DA8DA5B2F4DFFD32AD86F543D9E565E7056502E157C00AD2671CD534549AB752FCA9CDA00677A313F04E51B22FF19E57B300579E3C97EB29F682D92935CEC18CF901B7B54FD8C51F362B56FC72FE0B3C1EAE335EDCCBF5AEC39ADB17DC238973F804BA5E6F6BFE7AF1FB32E523BE9F3BD571418E3631DCA4D48
310
5250CF639223210A9446CA30052EDF057BD35F8329C1ECD84552BF0DC8D18BE7BCE23BFE6BD960AB4A7DE79923A103BEBD80F911CBAA2C60DB19B01CF164A5583B772EE6D3FFA56666CBCDA74DC97724A48F9A58967497E489C4D979006FD7A05E227A1EBDD0F737C623387A9C844D3709995625106D157315F8B8392CD4E0
310
A0B9A720C4BE9829CEF37EA1E13111214D53925356365ADA634861B52519DD27A00AEB808EAF0628E6F435519D446F45CF2C9CF5214F0A15B2F6D06B79DA3EE3CBF7F56780D2F4E7EF73A0F5E5B02A38D07DC852C6B7C1FBB6664213E0C39E3EBA7FF4E1AD23EA2829407C85E586727488B751B2DB9502BC7B228A3FD68B6E
310
A65A22397E690AA8D158D7E404EC8CDA235CC3B7D1898680131CEC2CDF2638C65196279577750F15884AEE19F94199155B92B13297978469D4F8D358DF0AEF7631E28DC8F0D9F437D5D39A83B2231A1D52D543813A824EF8D44BCFF2FA6A31BD1E8DAD87F1CCB526B3879935BF59CDADD5C37479BB1CDD4CA7B3556B516589
310
EF352754B706114D9C885EC9131DE6EFEB43D99AFE2391C2F958179413D7CFEF6B1B6DB1E7600F00DE6E5C67454A339A4BA2E0FBA85ED26F045D454F463DBFCE484C2F90F2E5E3666003662ED8F755951A7D1BECD5B30B550B2785C8E7320B7292A4838DDA71BBC863ED7613CAF659337A3354231D4FF4A182A54904C2898C
310
98B28C4AD0CE056CCF332A80986E571EE9DBC305BB5FEB7E509220A58D25CF042D712A806AC0AD0C657FDEF80D2D9CEAA2EE4D1C76F60BFE74219A06527D6F82DF6412526107381E55E353090704D085B52408A8913C4ED159D79BDA71BB4BC506F4831350EB6F975CD22D69BF7AC49B91A2C0A9DDA3D5CA36AD20FC478E37
310
E61844E2352865EBCB61A275A65283CAAA9DD27703B4102F5AF51EF5F573B75CBB5AD38BC845F7A49F82A0966A49C2E3EA5EA0ECD326CD965F1DB402C6FA8B51A4658C5C5E2EC9E214602E55810345408596591009A82E7E7FFACA19EEA299B14A0081A705CB3296EBC14CDF658DCD336EA6D1136881AAEB87B81AB9EE53D5
310
F5EB8BC8362082DA24122F98680A4E7930C01A0079749CEA14382A0783E5EBA5A10F8C098456A03D6A4AEB6BB881E2513747552A5DB22C7EDAF83BD5528081A365F7FF06504B0304140006080000CC70623B000000000000000000000000350000006662782F41393633353835312D344632462D344230382D423046372D37
310
39314545314133324237412F76657274696365732E62696E504B0304140006080800CC70623BF270F1330600000004000000360000006662782F41393633353835312D344632462D344230382D423046372D3739314545314133324237412F747269616E676C65732E62696E636660600000504B0304140006080000CC7062
310
3B000000000000000000000000370000006662782F41393633353835312D344632462D344230382D423046372D3739314545314133324237412F617474726962757465732E62696E504B0304140006080800CC70623B08DA0BD19000000041010000360000006662782F41393633353835312D344632462D344230382D4230
310
46372D3739314545314133324237412F6469726563746F72792E786D6C858F410AC3201045AF22B36F53E9A60B35CBEEBAE80D244E44489C6234F4F835464A48035D0DF398FF9F8AF63D0E6CC63039F212F8F9020C7D47C6792B21C5FE7403D62A1188E2E60C98D7234A5830286103A55745067B9D86B8A3CF9C7F90C11DE6
310
07FB144396D7B6A82D282E9A152AD114D5EF2CB866EEE831B8EEA07A7BB5A8D7D61A2BAAEB7FD5F70921FF497D00504B0304140006080800CC70623BEDD1DC58FD000000A00100003B0000006662782F41393633353835312D344632462D344230382D423046372D3739314545314133324237412F7265736F75726365732F
310
636F72652E786D6C8D504B6E833010BD0A9A6D65B00922041947112427E8052C33A156828DFCA97AFC9A40A576D7CDCCE87D344F8F9FBFE667F689CE6B6B3A6039850C8DB2A336530731DC4903D95970676DF82583CCC8193B5861107C72362E3BA4AC096842428D1D7107A5F7182053CF7474E0D507CE32973124857FE48B
310
540F3961CEF244279DE03EB81420DB9EAC1384436FA353E879B1B182C7A8C75DA3C7F453DF353A1075D537A7BA6464B8F535A99AE14A9A2BBD90E350DD183B5CFABE3AF262350B1EF4FC9351399401471025A527C218A1E53BAB5A5AB765F5469B96525EACF23FA6B88CFF34456DC2A1DCE36E360F82A5202F42F062ED2BAD
310
579969AFDD8A6F504B010214000A0000080000CC70623B3DEE336E79000000790000001B00000000000000000000000000000000006175746F6465736B2D64657369676E2D7061636B6167652E786D6C504B01021400140006080800CC70623BD486FD9CA0000000F40000001300000000000000000000000000B20000005B
310
436F6E74656E745F54797065735D2E786D6C504B01021400140006080800CC70623B853B8169EB0000007C010000080000000000000000000000000083010000636F72652E786D6C504B01021400140006080800CC70623B55019EA25F0000007C000000070000000000000000000000000094020000636E782E786D6C504B
310
01021400140006080800CC70623BDBABAAF470010000D40300000C00000000000000000000000000180300006662782F636F72652E786D6C504B01021400140006080800CC70623B9C113CC27E0000009D0000000B00000000000000000000000000B20400006662782F636E782E786D6C504B01021400140006080800CC70
310
623B7DF2F77C2A010000120200003100000000000000000000000000590500006662782F41393633353835312D344632462D344230382D423046372D3739314545314133324237412F636F72652E786D6C504B01021400140006080800CC70623BAD7543B64E010000330300003000000000000000000000000000D2060000
310
6662782F41393633353835312D344632462D344230382D423046372D3739314545314133324237412F636E782E786D6C504B01021400140006080800CC70623BE75B7789680500003C10000034000000000000000000000000006E0800006662782F41393633353835312D344632462D344230382D423046372D3739314545
310
314133324237412F6F626A656374732E786D6C504B01021400140006080000CC70623B0000000000000000000000003500000000000000000000000000280E00006662782F41393633353835312D344632462D344230382D423046372D3739314545314133324237412F76657274696365732E62696E504B01021400140006
310
080800CC70623BF270F133060000000400000036000000000000000000000000007B0E00006662782F41393633353835312D344632462D344230382D423046372D3739314545314133324237412F747269616E676C65732E62696E504B01021400140006080000CC70623B0000000000000000000000003700000000000000
310
000000000000D50E00006662782F41393633353835312D344632462D344230382D423046372D3739314545314133324237412F617474726962757465732E62696E504B01021400140006080800CC70623B08DA0BD1900000004101000036000000000000000000000000002A0F00006662782F41393633353835312D344632
310
462D344230382D423046372D3739314545314133324237412F6469726563746F72792E786D6C504B01021400140006080800CC70623BEDD1DC58FD000000A00100003B000000000000000000000000000E1000006662782F41393633353835312D344632462D344230382D423046372D3739314545314133324237412F7265
310
736F75726365732F636F72652E786D6C504B0506000000000E000E0080040000641100000000
  0
XRECORD
  5
1850
102
{ACAD_REACTORS
330
1F7
102
}
330
1F7
100
AcDbXrecord
280
     1
102
MATERIAL
148
0.0
149
0.0
149
0.0
 93
        0
 94
       63
282
     0
 72
     1
 77
     1
171
     1
175
     1
179
     1
273
     0
  0
XRECORD
  5
1F8
102
{ACAD_REACTORS
330
1F7
102
}
330
1F7
100
AcDbXrecord
280
     1
 70
     1
 90
429727718
  1
30362254-06B7-45E0-A893-8CFA70E3D6BC
310
504B03040A0000080000CC70623B3DEE336E79000000790000001B0000006175746F6465736B2D64657369676E2D7061636B6167652E786D6C3C3F786D6C2076657273696F6E3D22312E302220656E636F64696E673D227574662D3822203F3E3C666F726D6174733E3C666F726D61743E687474703A2F2F736368656D612E
310
6175746F6465736B2E636F6D2F64657369676E2D7061636B6167652F323030393C2F666F726D61743E3C2F666F726D6174733E504B0304140006080800CC70623BD486FD9CA0000000F4000000130000005B436F6E74656E745F54797065735D2E786D6C7D8EC10E82300C865F65E91D8A1E8C310C0EEA1BF002731658846E
310
D98AC1B77784ABF1D8FE5FBFBF75BBCE937A534CCEB38643598122B6FEE978D0B0485F9C41B54DDD7D022595594E1A469170414C76A4D9A4D207E29CF43ECE46F218070CC6BECC4078ACAA135ACF422C856C0E68EA1BF5669944DDD7BCDE7B1F8E415D77AECB980613C2E4AC91FC167A2B244592486606FC29C8FD7F045B9A
310
EF7053A7E60B504B0304140006080800CC70623B1EC5D7A3EB0000007C01000008000000636F72652E786D6C8D90416EC3201045AF82665B6103C6756C6122AB4D4ED00B204C5C94182C03558F5F9C3852BBEB6A467FFE9B197D71FC9E6FE8CBACC17AD7032D0820E3B41FAD9B7A48F1820F808E52ACDEC75F36404ECDA687
310
4D0629A6D5A76597B477D1B89855E747B38B2A041301E95B6E7A08FAD3CCAA50296647B8168BD2573599823EBB0CA76447F43862C7BCCF5EAC59410E4DDD9C7973C2755553CCCFA4C603E3040F1565ED3B1FDE4E432BCA0D9622DAF9795FAF464533826484B498524CD807E51D79ED187F21878E10516EF63F505AC67F42C9
310
BA58B1FDDD071640D2FCC87D2045B96591CB3DA85CB7DCE40F504B0304140006080800CC70623B55019EA25F0000007C00000007000000636E782E786D6C4DCB3B0E80201045D1AD90E915ED2CF8AC45050C11660C8261F98AB1B07AC9C97D42D718D865D3E909258CFD00CCE24AC6E326A164D74DC0B4128928FF32603847
310
2BA13128B1252AC747C6BAB984FC68F0B87FE8960A5C09FE86CFB69FBA01504B0304140006080800CC70623B8C9102E971010000D40300000C0000006662782F636F72652E786D6CC5535B6E833010BC8AE5DF0A6C08340F1947A84D4ED00B38C6A128602363A31CBFCB234A53A551FA553EC09AD9F5CE8C31DB9E9B1AF5CA
310
7695D1198E428A91D2D214952E33ECDD315861B4E5CC1AE3BE9561A445A3323CC098B3D21ADFCE9034DA29ED00D5A6503328BA4E398C640D8B0C77F253352214DE4145770A5B214FA2546114020D759C75CE8200340D19DE981F0F6746269C33EFAB6266AB02A655C74A59CCF365BADC27CB5D902ED22848F6340DF238A141
310
BE88E2F57B92BFEDF23523433367AE6A2EEAA455C2A902F398D2751045018D3FA264435F3771F242571B4A1919CA6F9A7C5B3CD9E42BED16F12C776AEB308F40C848FC700B1139D4891EF410CEC810227CC6846F8386402064270EF5C5C709A05E49676C024C61FC95EA45ED154CA5211D1FF4FB8291A913A68E9B83EBBB33
310
E2A7673CDE118E5AE8124C0807CB8377834E366998436B950D7A7746DAD846D4CFD978E0F04FD455FC5D49D2D4C6FE9722321F10997F0F32DC47FE05504B0304140006080800CC70623BFFEA85907E0000009D0000000B0000006662782F636E782E786D6C4DCCD10A83201886E15B91FFDC95D95A811AB6F23E625948A6C3
310
E9D8E5AF46073BFAE0E1E365ED67B3E8ADC3CB78C7815C7240DA3DFC64DCC221C519D7805AC182F7F1EF06C88D9BE6703008B6049F9E274D7A1E938DBB5AE3D6131B2589BA0D3D965551E0B2EA732C9B9A624AAEB41E3A557677029960D9AFB4EF11165F504B0304140006080800CC70623B4FEEA4082C0100001202000031
310
0000006662782F39464131463745442D413632322D343644302D413938332D3331353338454246344243312F636F72652E786D6C8D515B6EC32010BC0AE2AB55850DD871ED0813254D72825EC00192A2C460F1A872FC42ED48ED5F7E00CDCECCCEB26C731F6FE05B39AFADE921293004CA082BB5B9F43086336A21D870E6AC
310
0D7F68109861543DCC30E4ECE26C9C164858139409093556AA051CBC570102714B8F1E7AF1A5C6A11862480C7F2DA6415C878B2A4891CA89C7990F2E050073937C42DE1DB7E4F87ED8A36D4329AA9B3D46DBAEAD504556557BD81DEBDD0761E52CE42C462D17B996298E3E6BE59E35C962CE821E1FF18553435012728A7187
310
0841987E927A8D9B35ADDF70BBC6989599FE4F1427F9A4286A132ABAC49D651EF234CD5CE04CDA78BA3DC2A8FB645D00B9DF8B57E215725C60BCA2A463E54C4CE327C7A65E1C7DB02E7DEFCBF594B864C5CA6CDBD49C957943E9FA5D5FBAF336F90F504B0304140006080800CC70623BAD7543B64E01000033030000300000
310
006662782F39464131463745442D413632322D343644302D413938332D3331353338454246344243312F636E782E786D6CD593CD6EC32010845F0571AD6CE3D48AD20813A9873E410FBD12D82434182C7EAAE6EDBB2424CD25871E7B41D6EC30B3FA84F9E67BB2E40B4234DE8DB46F1925E094D7C6ED479AD3AE5951B2113C
310
789FEE6C943839C1488B4C05DF079FE72A69D8C96C13AAD6B8631503449F83828872B949AC57D26200B826A308D316B4064D6E46FCDA41C05550DC9E483A00797BFD207EFB092A45DE9514C1BBD22178396BD39D891265658C238DEA00936C654E5E433CB65A26D9F6EDB5EBC14EBF49A45CB856E66048291F6939A9A81BB5
310
C8917738143CA680F4AA299D66A042CEB3354A2684DC9D8D178FE0D9B8B41CAAD720F880EE7EF93C0C18769E099ECC04D5A102C8049A8A05632F4DDF376CF1DE0F6BB65C2F8627B65A33C6BB62177CEBBDAD973006829F89F22E814B54F4BC2BE347F8AA8F681390B50FA73F804400B5F542E796F19FF974E7F78DB802FE05
310
E207504B0304140006080800CC70623B16AB87BA640500003C100000340000006662782F39464131463745442D413632322D343644302D413938332D3331353338454246344243312F6F626A656374732E786D6CAD575B6FA33818FD2B887DE6924B3BED8A326A92B68A663B534DD4D13E548A0C38942D60649B369D5FBFC7
310
600890A493BDE42160637FD7F31D7FF63E6FB3D478A55C242CBF3247B66B1A340F5994E4F19559CA8D75611A9F7D8F33263BCB4C232719BD32D5B4E97B316765A1A722BA21652A07B3B7B33F0D11D29C9A46981221AE4C113ED38CD8A4942CA2E2C58E882476BCD9DA23BB5ED8171B73523C0F841684D35CC252CCE79062D4
310
468DFA43D7747CCF51DF7D4FFDEB5593E3AB9CCA9FBEFE241792E4E19EB28198C968BAB8199F5D5A67D3E9C49A9E8F47D6EC76B6B0469F26EEFC7C3EBFBCBEB98462213924694B38DD98FE1D62C393D073EA4FADC5DAF04326852CCF6958F90F0F2B9BB5C48816348F90C7840A68EB78EDF68723159BCEE7891A6B95DDE9D3
310
BCEAEEE8086A6C6F9E5D4B59F0175C10A7A0820BAA5055C7473B5AE3CFDD452D602CD5DF12616444529E90D448938013FE6EFA58AA96F85E4F8C42275708571E98FE6827AF6B2B4AE3D7D83D64E5A64C53054DD3AF90BD06FEA9149565C94FCA0F6B834DC85599E4F2423B24DF0B6AFA979E534DFA9E7A4CC6FA631D486393
310
921829879BF5D781A373557BCB85E97FB90DB62B558F8795179C15944B051F40AB495CF35451D26A4727654E6D8033BD98EF82F21D91FF8AF2DD9982BCF1643BDD4EB516C9492E368C67C88DED563FC36D5EACF66DFF057C3658BDBFA69DF9578B3DA735B64F18C7F20770A9D45CFCF7FCF563D6456A277DBEF78A02637CA2
310
43B90A490AEAB94F72244481D24819A6C0E59B606BFA4B3025981DBB48EAB701D97BF19C577CC77F2D1B6C55A9EF3C732474C0B727303F625995056C3B02963D9EAC146BE78EC5FCEC7FA999EBC5EACBAAE41B12D27B4D2C0BBA49F244E2ECDC81B76B502F113D8F5EE8FB1BE3111CDD4FC2AA9B844CAB1288B68AB90A7CDC
310
1C166AB0D3DC5310625FCC14E779BFD0709F8890A629C9292B1B2DED31A4B0DA928CEE135085754027E3018A397D4D5427D15BD1330B677DC8934285AC3DF45A9EB68FF8F2B8FC0A509AFEECFD0FF2DE25CC6047F7214B195F07EFEB9A094D800F7BFAE8FED187B78EA8A3A400F115961BCAD1215E47C966530AF0EE8128FE
310
58CEBB996A8964FFA529A046635D9353B0336A8F700DDF46271A024E70B0B37C9DE01847591E54DED53D54202AB947E4076556AC49C6CA5C9E1226B7F1A7B1BE15DEED62C41B91E1B3E9AFAAA735036547343A925075041DF0A9979E893B391F8FCFA6967B3EFB644DCF6E5CEBFAE272625DCC6FAF3FB93793C5F90CE1EF57
310
407342756B10D1C489E8953CD1617E5CEECAD6F4EF8914CE5D5D504E5C3F1F9736DA62CFC11E00BCDDB8CC8A9466349744C1F75EBDA4DF09BA8A9E8C7A7E9991989E20E5DBDD6A6003664ED8F7A04A8DBE0DF6EAD9B9AA858342E47399053949D2C146EDB85DE4B176BB0965FBAC19BD19AA918E27FA50C1D22402E144464C
310
59462568E704B6E71915404CB72B8FF4EDE184DDAF753F284990D2C6926782963815403548A70C657FDEF80D2D9CEAA2AE4C1C76F60BFE74219A06527D6582DF6412526107381E55E353090704D085B52408D0933C4ED159D79BDA71BB4BC506F4831350EB6F979CD22D69BF7AC49B91A2C0A9DDA3D5CA36AD20FC478E37E6
310
1844E2352865EBCB6EA275A652E3836BE04EFB400BF1A2556F515F1FBB35B2AB35BD889C744FFA1004B5544B121E57F70215746DD2F5E2C1412B602CBF19455AC6C8E5E9922C4E01E65215385004546899059180EAFCF7A707CE7017CD8CDB0410789AB32C63B91E5CEBBBACB17AC6CD347A022D5075FD106377347AAABA7E
310
7D11590744509B44E205134DC1290F06580320F78E537D3D73540E06CB970B431F185308AD40BBD794D6D77003C5A36E8EAA54BA64597CD8F83BD552A080A365F7FF06504B0304140006080000CC70623B000000000000000000000000350000006662782F39464131463745442D413632322D343644302D413938332D3331
310
353338454246344243312F76657274696365732E62696E504B0304140006080800CC70623BF270F1330600000004000000360000006662782F39464131463745442D413632322D343644302D413938332D3331353338454246344243312F747269616E676C65732E62696E636660600000504B0304140006080000CC70623B
310
000000000000000000000000370000006662782F39464131463745442D413632322D343644302D413938332D3331353338454246344243312F617474726962757465732E62696E504B0304140006080800CC70623B08DA0BD19000000041010000360000006662782F39464131463745442D413632322D343644302D413938
310
332D3331353338454246344243312F6469726563746F72792E786D6C858F410AC3201045AF22B36F53E9A60B35CBEEBAE80D244E44489C6234F4F835464A48035D0DF398FF9F8AF63D0E6CC63039F212F8F9020C7D47C6792B21C5FE7403D62A1188E2E60C98D7234A5830286103A55745067B9D86B8A3CF9C7F90C11DE607
310
FB144396D7B6A82D282E9A152AD114D5EF2CB866EEE831B8EEA07A7BB5A8D7D61A2BAAEB7FD5F70921FF497D00504B0304140006080800CC70623B0D6EF93BFE000000A00100003B0000006662782F39464131463745442D413632322D343644302D413938332D3331353338454246344243312F7265736F75726365732F63
310
6F72652E786D6C8D50596E833010BD0A9ADFCA60B334011947A8694ED00B586642AC041B79A97AFC9A40A5F6AF3F33A3B7689E1E3F7DCD8FEC139DD7D6F4C0720A191A65476DA61E62B892236427C19DB5E1970C322367EC618541F0C9D9B8EC90B226A009093576C41D94DE63804C3DD2D18357379C652E63480A7FCF17A9
310
EE72C29CE5894E3AC17D702940B63D59270887DE46A7D0F36263058F518FBB468FE9A7BE6A7420864373B8D4873369AA8691FA421B3294352543C5CAF65C0F6FEF43CB8BD52C78D0F34F46E550061C419494B6843142CB0F5677F4B52BEB177AEC28E5C52AFF638ACBF84F53D42654E51E77B379102C05791282176B5F693D
310
CB4C7BED567C03504B010214000A0000080000CC70623B3DEE336E79000000790000001B00000000000000000000000000000000006175746F6465736B2D64657369676E2D7061636B6167652E786D6C504B01021400140006080800CC70623BD486FD9CA0000000F40000001300000000000000000000000000B20000005B
310
436F6E74656E745F54797065735D2E786D6C504B01021400140006080800CC70623B1EC5D7A3EB0000007C010000080000000000000000000000000083010000636F72652E786D6C504B01021400140006080800CC70623B55019EA25F0000007C000000070000000000000000000000000094020000636E782E786D6C504B
310
01021400140006080800CC70623B8C9102E971010000D40300000C00000000000000000000000000180300006662782F636F72652E786D6C504B01021400140006080800CC70623BFFEA85907E0000009D0000000B00000000000000000000000000B30400006662782F636E782E786D6C504B01021400140006080800CC70
310
623B4FEEA4082C0100001202000031000000000000000000000000005A0500006662782F39464131463745442D413632322D343644302D413938332D3331353338454246344243312F636F72652E786D6C504B01021400140006080800CC70623BAD7543B64E010000330300003000000000000000000000000000D5060000
310
6662782F39464131463745442D413632322D343644302D413938332D3331353338454246344243312F636E782E786D6C504B01021400140006080800CC70623B16AB87BA640500003C1000003400000000000000000000000000710800006662782F39464131463745442D413632322D343644302D413938332D3331353338
310
454246344243312F6F626A656374732E786D6C504B01021400140006080000CC70623B0000000000000000000000003500000000000000000000000000270E00006662782F39464131463745442D413632322D343644302D413938332D3331353338454246344243312F76657274696365732E62696E504B01021400140006
310
080800CC70623BF270F133060000000400000036000000000000000000000000007A0E00006662782F39464131463745442D413632322D343644302D413938332D3331353338454246344243312F747269616E676C65732E62696E504B01021400140006080000CC70623B0000000000000000000000003700000000000000
310
000000000000D40E00006662782F39464131463745442D413632322D343644302D413938332D3331353338454246344243312F617474726962757465732E62696E504B01021400140006080800CC70623B08DA0BD190000000410100003600000000000000000000000000290F00006662782F39464131463745442D413632
310
322D343644302D413938332D3331353338454246344243312F6469726563746F72792E786D6C504B01021400140006080800CC70623B0D6EF93BFE000000A00100003B000000000000000000000000000D1000006662782F39464131463745442D413632322D343644302D413938332D3331353338454246344243312F7265
310
736F75726365732F636F72652E786D6C504B0506000000000E000E0080040000641100000000
  0
XRECORD
  5
1851
102
{ACAD_REACTORS
330
173
102
}
330
173
100
AcDbXrecord
280
     1
102
MATERIAL
148
0.0
149
0.0
149
0.0
 93
        0
 94
       63
282
     0
 72
     1
 77
     1
171
     1
175
     1
179
     1
273
     0
  0
XRECORD
  5
1FB
102
{ACAD_REACTORS
330
173
102
}
330
173
100
AcDbXrecord
280
     1
 70
     0
 90
1673772943
  1
ECE7A1D2-D628-4531-984C-D00F80459256
310
504B03040A0000080000CC70623B3DEE336E79000000790000001B0000006175746F6465736B2D64657369676E2D7061636B6167652E786D6C3C3F786D6C2076657273696F6E3D22312E302220656E636F64696E673D227574662D3822203F3E3C666F726D6174733E3C666F726D61743E687474703A2F2F736368656D612E
310
6175746F6465736B2E636F6D2F64657369676E2D7061636B6167652F323030393C2F666F726D61743E3C2F666F726D6174733E504B0304140006080800CC70623BD486FD9CA0000000F4000000130000005B436F6E74656E745F54797065735D2E786D6C7D8EC10E82300C865F65E91D8A1E8C310C0EEA1BF002731658846E
310
D98AC1B77784ABF1D8FE5FBFBF75BBCE937A534CCEB38643598122B6FEE978D0B0485F9C41B54DDD7D022595594E1A469170414C76A4D9A4D207E29CF43ECE46F218070CC6BECC4078ACAA135ACF422C856C0E68EA1BF5669944DDD7BCDE7B1F8E415D77AECB980613C2E4AC91FC167A2B244592486606FC29C8FD7F045B9A
310
EF7053A7E60B504B0304140006080800CC70623BD9DDAED0EC0000007C01000008000000636F72652E786D6C8D90416EC3201045AF82665B61836D9CD8C2444DD39CA01740405C94182C03558F5F9C3852BBEB6A467FFE9B197D7EF89E6EE8CB2CC17A37002D0820E394D7D68D03A478C17B4007C117EFE32F1B20272733C0
310
2A83E0E3E2D3BC49CABB685CCCAAF3DA6CA20CC14440EA969B0182FA34932C648AD911AEC52CD5558EA6A0CF2EC329598D1E47ACCEFBECC59A050463A7EA5833865FEBDD0E37353BE3EE8DBDE3F6786A48D375FBF6CC78B9C282473B3DEFABC5C86834888A900E538A49F5419B9EB47DD5BC907D4F082F57FB1F28CDFA9F50
310
B22ED6D5F6EE030B20687EE43E10BC5CB3C8E51E54AE6B6EE207504B0304140006080800CC70623B55019EA25F0000007C00000007000000636E782E786D6C4DCB3B0E80201045D1AD90E915ED2CF8AC45050C11660C8261F98AB1B07AC9C97D42D718D865D3E909258CFD00CCE24AC6E326A164D74DC0B4128928FF326038
310
472BA13128B1252AC747C6BAB984FC68F0B87FE8960A5C09FE86CFB69FBA01504B0304140006080800CC70623BA24EB22D72010000D40300000C0000006662782F636F72652E786D6CC5535B6E833010BC8AE5DF0A6C5E49888CA3A6694ED00B38E05014B091B1518EDFE511A5A9D228FD2A1F60CDEC7A67C6986DCE4D8D7A
310
69BA4AAB0C073EC548AA5C17952A33ECECD15B61B4E1CC686DBF9561A44423333CC098B3D268D7CE50AE9595CA02AA74216750749DB418E5352C32DCE59FB211BE70162ABA93DF8AFC244AE9073ED050C759670D0840D390E18DF9F1706664C23973AE2A66B62A605A75ACA4C13C4976E1364A12EF355A2EBD384AF65EFA96
310
BC7B8BED2EA6719AAE16FB8491A199335B351775B991C2CA02F390D2D40B028F861F41BCA68B7518BFD0D59A524686F29B26D7164F36B94AD9289CE54E6D1DE6010819891F6E21228B3AD1831EC219194284CF98F06DD01008846CC5A1BEF83801D4CBDC6A1303536877A57A513B0953A94FC707FDBE6064EA84A9E3E6E0FA
310
EE8CF0E9198F7784A316AA0413C2C2F2E0ECA0934D1AE6D05A69BCDE9E91D2A611F573361E38FC1375157F5752AE6B6DFE4B11990F88CCBF0719EE23FF02504B0304140006080800CC70623B408A7D3B7C0000009D0000000B0000006662782F636E782E786D6C4DCCD10A83201886E15B91FFDC552A92A0064DBC8F581632
310
D3703A76F9ABD1C18E3E78F878E5F0D9027ABBFCF2292AE86E2D20171F69F6715550CB827B40839639A5F2770314A7CD293819B45C73AAFB45B35BA61ACAA1C1C7E7855C58C15BC331339661262CC762340413D68D77DA5B42298546CBE6573AF60CEB2F504B0304140006080800CC70623B449FB9BD290100001202000031
310
0000006662782F36394639363044362D344446342D343946362D394244322D3234314243333846323333332F636F72652E786D6C8D515B6EC32010BC0AE22B55850D98B871848994463E412FE002495162B07854397EA176A4F62F3F2C9A9D991D587EB84F37F0AD7D30CEF6905418026DA553C65E7A98E219ED203808EE9D
310
8B7F6810D871D23D2C3014FCE25D9A57483A1BB58D19B54EE9151C43D0110279CB971E06F9A5A7B11A53CC8C70ADE6515EC78BAE4895DB992778883E0700CB907242D17643D7E2538BD869608875438BBAE38922CAC8F1BDD90DB4691A5E2F42C153326A951B95E398B3D1FE599322163C9AE9115F7A3D46ADA0A018778810
310
84E907617BDCEE297BC5BB3DC6BC2EF47FA234AB2745C9D8D8D035EE220B50105E2F0DC1954B9FB747187D9F9D8FA0CCDB042D5FA0C015C65B42DF78BD10F3F3B363CB56C7109DCFDFBBB97E662ED92EB62D13BC2E1BCAE5777DB9966D8A1F504B0304140006080800CC70623BAD7543B64E01000033030000300000006662
310
782F36394639363044362D344446342D343946362D394244322D3234314243333846323333332F636E782E786D6CD593CD6EC32010845F0571AD6CE3D48AD20813A9873E410FBD12D82434182C7EAAE6EDBB2424CD25871E7B41D6EC30B3FA84F9E67BB2E40B4234DE8DB46F1925E094D7C6ED479AD3AE5951B2113C789FEE
310
6C943839C1488B4C05DF079FE72A69D8C96C13AAD6B8631503449F83828872B949AC57D26200B826A308D316B4064D6E46FCDA41C05550DC9E483A00797BFD207EFB092A45DE9514C1BBD22178396BD39D891265658C238DEA00936C654E5E433CB65A26D9F6EDB5EBC14EBF49A45CB856E66048291F6939A9A81BB5C89177
310
38143CA680F4AA299D66A042CEB3354A2684DC9D8D178FE0D9B8B41CAAD720F880EE7EF93C0C18769E099ECC04D5A102C8049A8A05632F4DDF376CF1DE0F6BB65C2F8627B65A33C6BB62177CEBBDAD973006829F89F22E814B54F4BC2BE347F8AA8F681390B50FA73F804400B5F542E796F19FF974E7F78DB802FE05E20750
310
4B0304140006080800CC70623B8D05915C650500003B100000340000006662782F36394639363044362D344446342D343946362D394244322D3234314243333846323333332F6F626A656374732E786D6CAD575B6FA33814FE2B887D06429276DA1565D4266D158D3A339A6846FB502932E050B66023DB74D2FDF5FB190C01
310
9276B2973C046C8ECFF53B17071F77456EBD502133CEAE6CDF9DD81665314F32965ED995DA3A17B6F5310C04E7AA47665B8C14F4CAD6DB7618A48257A5D94AE89654B91AEDDEDDFC61C998326A5B714EA4BCB265FC440BE2924AF184CA6737218AB8E976E7FA6E4338649B0A523E8D98964450A6A029F619B8588D52FE7039
310
B1BD30F0F4F730D0FF866AF6369557DB33949F31A9088B0F848DD8CCFCF9F2767A76E99CCDE733677E3EF59D9BBB9BA5E37F984D16E78BC5E5F5ED25044B25C0C96822E8D60EEFE11B91C581D77CEA34368A1F5329E68CD1B8B61F16D63A1B8E092D294B10C78C4A48EB593D192E7DED9BDEE7995E1B91FDEDD3ACEA9FE831
310
6A756F9F7D4D79F4274C90A7A04248AA51D5F8C718DAE06FB2F75AC4796EBE65D22A88A22223B995679120E2D50E41AA49C260C046A35368846B0BECD0DFF3EBEB8AD4F835768F69B9ADF25C43D30E6B646F807FAA64AD59F61715C7A54127C4AACA98BA3006A9D792DAE165E0D59B61A01FB3A9F9D838D2DAE62445C86166
310
F37564E842E7DE6A69879FEEA2DD5AE7E371E1A5E025154AC307D06A03D73EB5978C58FFA4C8E9033066E0F3BD53BEC1F39F91BE7B55103791EDE6BBB991A2046172CB4581D8B893FA674DDA17A77B3B7C413D1B511FD2743BFF8A38F03A658705E3ADF8015C3A3417FF3D7E439FF591DA0B5F18BC20C1B8981957AE6392A3
310
F43C640C01D1A0B4728E2DD4F26DB4B3C3152A252A3B4E913CEC1C72F012782FF88EFF8637AA552DBEF76408E8A8DE9E50F9E1CB3A2DA0DB1B6039A893B56063DC5B3E3FFB5F72E67AB9FEB4AEC496C4F4C1149625DD662C53E89D7BF0F6151A046260D1337DFDC94502430F83B0EE07A130A224BCAD7DAE1D9FB6CD422FF6
310
920702629C4BB9AE79C12F243C6432A6794E18E5552BA56B431AAB5D91317302B2B071E86C3A42B1A02F999E24061403B5D0EB639195DA655DD3EBEAB4FB862DDF579F014AD0E73C22F99E28DA57FB98E75C6CA2D74D53086D600F4786E0FE3144B771A8A7B900F03594DB8A633CBC49B2EDB69228BB479CF863B5E807AAAB
310
23872F6DFEB4129B949CA33823F58830E86D65621E10047D9DB34D862E8EAC3C2ABC2F7B2C40D67CDFE01F5545B92105AF983AC54D93D69E56FB8E797F88913F898A9FEC705D3F9D1B54EC8426FB500D40A03BD0119B06E1B95DDC7EB8F6975367793EBD70E66733DFB9BC982F9CE564727731999F5D4ECFCE3B8D6A4DC2A0
310
6D50FD148437D110834A64C6CDDF57FBACB5C307A2A477DFE4939736CFEF2B175371E0E10CF0DD1D5C15654E0BCA14D1E87DD02FF93782A162C0A3D95F1524A52770F972BF1EE9809D13CE7DD599467F8ECE9ADD85CE85A34CD45355448C64F9E8A031DC2D596ACC6E5DD93D9B82DE2EF5CAF81363A8E47996A0DE24564A79
310
4115AACE09C55E14540231FDA13C319787134EBF34E3A022514E5B4D9E0826E25C02D5805B15ABE1BEF51B26383D445DD9E875EE33FE4C22DA16427D65A3BCA92CA6D28DD01DF5DC53330704308475351050232CCD31583787BA75774AFB06E5070DD0C8EF484E19968C5D83BA5B90B244D31E54D55A372320FE4786B7EA58
310
44E135AA5467CB7EA333A61683CC6A8C3257034C10CF46F40EF9F5BE59BE5BD30C3C72D235E95D10345C1D45445A5F0BB47E46A5EBE5570F9380B5FA629579952296A773720405982B9DE04011506178964401AA8BDF1FBF0A8EAB6861DD6580C0E38217056766716DAEB2D6FA0917D3E4116581EADB879C4E7CFFB11EFACD
310
3D641311495D92C8676CB409A72D18610D803CE8A626049E8EC1887CB5B44CC39883690DDA8399B4B9855B481E7D71D4A9D22F96E5BB73BF5793020C02137BF837504B0304140006080000CC70623B000000000000000000000000350000006662782F36394639363044362D344446342D343946362D394244322D32343142
310
43333846323333332F76657274696365732E62696E504B0304140006080800CC70623BF270F1330600000004000000360000006662782F36394639363044362D344446342D343946362D394244322D3234314243333846323333332F747269616E676C65732E62696E636660600000504B0304140006080000CC70623B0000
310
00000000000000000000370000006662782F36394639363044362D344446342D343946362D394244322D3234314243333846323333332F617474726962757465732E62696E504B0304140006080800CC70623B08DA0BD19000000041010000360000006662782F36394639363044362D344446342D343946362D394244322D
310
3234314243333846323333332F6469726563746F72792E786D6C858F410AC3201045AF22B36F53E9A60B35CBEEBAE80D244E44489C6234F4F835464A48035D0DF398FF9F8AF63D0E6CC63039F212F8F9020C7D47C6792B21C5FE7403D62A1188E2E60C98D7234A5830286103A55745067B9D86B8A3CF9C7F90C11DE607FB14
310
4396D7B6A82D282E9A152AD114D5EF2CB866EEE831B8EEA07A7BB5A8D7D61A2BAAEB7FD5F70921FF497D00504B0304140006080800CC70623BCA768048FE000000A00100003B0000006662782F36394639363044362D344446342D343946362D394244322D3234314243333846323333332F7265736F75726365732F636F72
310
652E786D6C8D50596E833010BD0A9ADFCA60D600328E9AA639412F609909B1126CE4A5EAF16B0295DABFFECC8CDEA2797AECF8353F924FB44E193D409E5248504B332A3D0D10FC95B4901C39B3C6F85F3248B49871801506CE266BC2B243D2688FDA47549B11775038871E12F988C7004EDE7016A9083E2ADC3D5D84BC8B09
310
D33C8D74D471E6BC8D0192EDC93A815B742658898E651BCB59086ADC356A8C3FD555A1055ED7E7E254D615792D0F075295F585746FF53B694EE78A565DD736979A65AB9933AFE69F8CD2A2F038022F28ED489E135A7CE4554F9BBEA85E68DB53CAB255FEC71496F19FA6A0B42F8B3DEE6673C0F318E4497096AD7DC5F52C33
310
EEB55BFE0D504B010214000A0000080000CC70623B3DEE336E79000000790000001B00000000000000000000000000000000006175746F6465736B2D64657369676E2D7061636B6167652E786D6C504B01021400140006080800CC70623BD486FD9CA0000000F40000001300000000000000000000000000B20000005B436F
310
6E74656E745F54797065735D2E786D6C504B01021400140006080800CC70623BD9DDAED0EC0000007C010000080000000000000000000000000083010000636F72652E786D6C504B01021400140006080800CC70623B55019EA25F0000007C000000070000000000000000000000000095020000636E782E786D6C504B0102
310
1400140006080800CC70623BA24EB22D72010000D40300000C00000000000000000000000000190300006662782F636F72652E786D6C504B01021400140006080800CC70623B408A7D3B7C0000009D0000000B00000000000000000000000000B50400006662782F636E782E786D6C504B01021400140006080800CC70623B
310
449FB9BD290100001202000031000000000000000000000000005A0500006662782F36394639363044362D344446342D343946362D394244322D3234314243333846323333332F636F72652E786D6C504B01021400140006080800CC70623BAD7543B64E010000330300003000000000000000000000000000D20600006662
310
782F36394639363044362D344446342D343946362D394244322D3234314243333846323333332F636E782E786D6C504B01021400140006080800CC70623B8D05915C650500003B10000034000000000000000000000000006E0800006662782F36394639363044362D344446342D343946362D394244322D32343142433338
310
46323333332F6F626A656374732E786D6C504B01021400140006080000CC70623B0000000000000000000000003500000000000000000000000000250E00006662782F36394639363044362D344446342D343946362D394244322D3234314243333846323333332F76657274696365732E62696E504B010214001400060808
310
00CC70623BF270F13306000000040000003600000000000000000000000000780E00006662782F36394639363044362D344446342D343946362D394244322D3234314243333846323333332F747269616E676C65732E62696E504B01021400140006080000CC70623B00000000000000000000000037000000000000000000
310
00000000D20E00006662782F36394639363044362D344446342D343946362D394244322D3234314243333846323333332F617474726962757465732E62696E504B01021400140006080800CC70623B08DA0BD190000000410100003600000000000000000000000000270F00006662782F36394639363044362D344446342D
310
343946362D394244322D3234314243333846323333332F6469726563746F72792E786D6C504B01021400140006080800CC70623BCA768048FE000000A00100003B000000000000000000000000000B1000006662782F36394639363044362D344446342D343946362D394244322D3234314243333846323333332F7265736F
310
75726365732F636F72652E786D6C504B0506000000000E000E0080040000621100000000
  0
XRECORD
  5
1853
102
{ACAD_REACTORS
330
1852
102
}
330
1852
100
AcDbXrecord
280
     1
102
ACAD_ROUNDTRIP_2010_MLEADER_STYLE
  0
XRECORD
  5
1855
102
{ACAD_REACTORS
330
1854
102
}
330
1854
100
AcDbXrecord
280
     1
102
ACAD_ROUNDTRIP_2010_MLEADER_STYLE
  0
XRECORD
  5
1857
102
{ACAD_REACTORS
330
1856
102
}
330
1856
100
AcDbXrecord
280
     1
102
ACAD_ROUNDTRIP_2010_MLEADER_STYLE
  0
XRECORD
  5
1859
102
{ACAD_REACTORS
330
1858
102
}
330
1858
100
AcDbXrecord
280
     1
102
ACAD_ROUNDTRIP_2012_MLEADER_STYLE
298
     1
  0
XRECORD
  5
185B
102
{ACAD_REACTORS
330
185A
102
}
330
185A
100
AcDbXrecord
280
     1
102
ACAD_ROUNDTRIP_2010_MLEADER_STYLE
  0
XRECORD
  5
185D
102
{ACAD_REACTORS
330
185C
102
}
330
185C
100
AcDbXrecord
280
     1
102
ACAD_ROUNDTRIP_2010_MLEADER_STYLE
  0
XRECORD
  5
185F
102
{ACAD_REACTORS
330
185E
102
}
330
185E
100
AcDbXrecord
280
     1
102
ACAD_ROUNDTRIP_2010_MLEADER_STYLE
  0
XRECORD
  5
1861
102
{ACAD_REACTORS
330
1860
102
}
330
1860
100
AcDbXrecord
280
     1
102
ACAD_ROUNDTRIP_2012_MLEADER_STYLE
298
     1
  0
XRECORD
  5
1863
102
{ACAD_REACTORS
330
1862
102
}
330
1862
100
AcDbXrecord
280
     1
102
ACAD_ROUNDTRIP_2012_MLEADER_STYLE
298
     1
  0
XRECORD
  5
1865
102
{ACAD_REACTORS
330
1864
102
}
330
1864
100
AcDbXrecord
280
     1
102
ACAD_ROUNDTRIP_2010_MLEADER_STYLE
  0
XRECORD
  5
1867
102
{ACAD_REACTORS
330
1866
102
}
330
1866
100
AcDbXrecord
280
     1
102
ACAD_ROUNDTRIP_2010_MLEADER_STYLE
  0
XRECORD
  5
1869
102
{ACAD_REACTORS
330
1868
102
}
330
1868
100
AcDbXrecord
280
     1
102
DISPLAYNAME
  1
Imperial24
102
FLAGS
 90
        0
  0
XRECORD
  5
186B
102
{ACAD_REACTORS
330
186A
102
}
330
186A
100
AcDbXrecord
280
     1
102
DISPLAYNAME
  1
Metric50
102
FLAGS
 90
        0
  0
CELLSTYLEMAP
  5
186E
102
{ACAD_REACTORS
330
186C
102
}
330
186C
100
AcDbCellStyleMap
 90
        3
300
CELLSTYLE
  1
TABLEFORMAT_BEGIN
 90
        5
170
     1
 91
        0
 92
    32768
 62
   257
 93
        1
300
CONTENTFORMAT
  1
CONTENTFORMAT_BEGIN
 90
        0
 91
        0
 92
      512
 93
        0
300

 40
0.0
140
1.0
 94
        5
 62
     0
340
11
144
6.0
309
CONTENTFORMAT_END
171
     1
301
MARGIN
  1
CELLMARGIN_BEGIN
 40
1.5
 40
1.5
 40
1.5
 40
1.5
 40
4.5
 40
4.5
309
CELLMARGIN_END
 94
        6
 95
        1
302
GRIDFORMAT
  1
GRIDFORMAT_BEGIN
 90
        0
 91
        1
 62
     0
 92
       -2
340
14
 93
        0
 40
1.125
309
GRIDFORMAT_END
 95
        2
302
GRIDFORMAT
  1
GRIDFORMAT_BEGIN
 90
        0
 91
        1
 62
     0
 92
       -2
340
14
 93
        0
 40
1.125
309
GRIDFORMAT_END
 95
        4
302
GRIDFORMAT
  1
GRIDFORMAT_BEGIN
 90
        0
 91
        1
 62
     0
 92
       -2
340
14
 93
        0
 40
1.125
309
GRIDFORMAT_END
 95
        8
302
GRIDFORMAT
  1
GRIDFORMAT_BEGIN
 90
        0
 91
        1
 62
     0
 92
       -2
340
14
 93
        0
 40
1.125
309
GRIDFORMAT_END
 95
       16
302
GRIDFORMAT
  1
GRIDFORMAT_BEGIN
 90
        0
 91
        1
 62
     0
 92
       -2
340
14
 93
        0
 40
1.125
309
GRIDFORMAT_END
 95
       32
302
GRIDFORMAT
  1
GRIDFORMAT_BEGIN
 90
        0
 91
        1
 62
     0
 92
       -2
340
14
 93
        0
 40
1.125
309
GRIDFORMAT_END
309
TABLEFORMAT_END
  1
CELLSTYLE_BEGIN
 90
        1
 91
        1
300
_TITLE
309
CELLSTYLE_END
300
CELLSTYLE
  1
TABLEFORMAT_BEGIN
 90
        5
170
     1
 91
        0
 92
        0
 62
   257
 93
        1
300
CONTENTFORMAT
  1
CONTENTFORMAT_BEGIN
 90
        0
 91
        0
 92
      512
 93
        0
300

 40
0.0
140
1.0
 94
        5
 62
     0
340
11
144
4.5
309
CONTENTFORMAT_END
171
     1
301
MARGIN
  1
CELLMARGIN_BEGIN
 40
1.5
 40
1.5
 40
1.5
 40
1.5
 40
4.5
 40
4.5
309
CELLMARGIN_END
 94
        6
 95
        1
302
GRIDFORMAT
  1
GRIDFORMAT_BEGIN
 90
        0
 91
        1
 62
     0
 92
       -2
340
14
 93
        0
 40
1.125
309
GRIDFORMAT_END
 95
        2
302
GRIDFORMAT
  1
GRIDFORMAT_BEGIN
 90
        0
 91
        1
 62
     0
 92
       -2
340
14
 93
        0
 40
1.125
309
GRIDFORMAT_END
 95
        4
302
GRIDFORMAT
  1
GRIDFORMAT_BEGIN
 90
        0
 91
        1
 62
     0
 92
       -2
340
14
 93
        0
 40
1.125
309
GRIDFORMAT_END
 95
        8
302
GRIDFORMAT
  1
GRIDFORMAT_BEGIN
 90
        0
 91
        1
 62
     0
 92
       -2
340
14
 93
        0
 40
1.125
309
GRIDFORMAT_END
 95
       16
302
GRIDFORMAT
  1
GRIDFORMAT_BEGIN
 90
        0
 91
        1
 62
     0
 92
       -2
340
14
 93
        0
 40
1.125
309
GRIDFORMAT_END
 95
       32
302
GRIDFORMAT
  1
GRIDFORMAT_BEGIN
 90
        0
 91
        1
 62
     0
 92
       -2
340
14
 93
        0
 40
1.125
309
GRIDFORMAT_END
309
TABLEFORMAT_END
  1
CELLSTYLE_BEGIN
 90
        2
 91
        1
300
_HEADER
309
CELLSTYLE_END
300
CELLSTYLE
  1
TABLEFORMAT_BEGIN
 90
        5
170
     1
 91
        0
 92
        0
 62
   257
 93
        1
300
CONTENTFORMAT
  1
CONTENTFORMAT_BEGIN
 90
        0
 91
        0
 92
      512
 93
        0
300

 40
0.0
140
1.0
 94
        2
 62
     0
340
11
144
4.5
309
CONTENTFORMAT_END
171
     1
301
MARGIN
  1
CELLMARGIN_BEGIN
 40
1.5
 40
1.5
 40
1.5
 40
1.5
 40
4.5
 40
4.5
309
CELLMARGIN_END
 94
        6
 95
        1
302
GRIDFORMAT
  1
GRIDFORMAT_BEGIN
 90
        0
 91
        1
 62
     0
 92
       -2
340
14
 93
        0
 40
1.125
309
GRIDFORMAT_END
 95
        2
302
GRIDFORMAT
  1
GRIDFORMAT_BEGIN
 90
        0
 91
        1
 62
     0
 92
       -2
340
14
 93
        0
 40
1.125
309
GRIDFORMAT_END
 95
        4
302
GRIDFORMAT
  1
GRIDFORMAT_BEGIN
 90
        0
 91
        1
 62
     0
 92
       -2
340
14
 93
        0
 40
1.125
309
GRIDFORMAT_END
 95
        8
302
GRIDFORMAT
  1
GRIDFORMAT_BEGIN
 90
        0
 91
        1
 62
     0
 92
       -2
340
14
 93
        0
 40
1.125
309
GRIDFORMAT_END
 95
       16
302
GRIDFORMAT
  1
GRIDFORMAT_BEGIN
 90
        0
 91
        1
 62
     0
 92
       -2
340
14
 93
        0
 40
1.125
309
GRIDFORMAT_END
 95
       32
302
GRIDFORMAT
  1
GRIDFORMAT_BEGIN
 90
        0
 91
        1
 62
     0
 92
       -2
340
14
 93
        0
 40
1.125
309
GRIDFORMAT_END
309
TABLEFORMAT_END
  1
CELLSTYLE_BEGIN
 90
        3
 91
        2
300
_DATA
309
CELLSTYLE_END
  0
XRECORD
  5
186D
102
{ACAD_REACTORS
330
186C
102
}
330
186C
100
AcDbXrecord
280
     1
102
ACAD_ROUNDTRIP_PRE2007_TABLESTYLE
 90
      512
 91
        0
  1

 92
      512
 93
        0
  2

 94
      512
 95
        0
  3

  0
XRECORD
  5
1870
102
{ACAD_REACTORS
330
186F
102
}
330
186F
100
AcDbXrecord
280
     1
102
RTVSPropertyOp0
 70
     1
102
RTVSPropertyOp1
 70
     1
102
RTVSPropertyOp2
 70
     1
102
RTVSPropertyOp3
 70
     1
102
RTVSPropertyOp4
 70
     1
102
RTVSPropertyOp5
 70
     1
102
RTVSPropertyOp6
 70
     1
102
RTVSPropertyOp7
 70
     1
102
RTVSPropertyOp8
 70
     1
102
RTVSPropertyOp9
 70
     1
102
RTVSPropertyOp10
 70
     1
102
RTVSPropertyOp11
 70
     1
102
RTVSPropertyOp12
 70
     1
102
RTVSPropertyOp13
 70
     1
102
RTVSPropertyOp14
 70
     1
102
RTVSPropertyOp15
 70
     1
102
RTVSPropertyOp16
 70
     1
102
RTVSPropertyOp17
 70
     1
102
RTVSPropertyOp18
 70
     1
102
RTVSPropertyOp19
 70
     1
102
RTVSPropertyOp20
 70
     1
102
RTVSPropertyOp21
 70
     1
102
RTVSPropertyOp22
 70
     1
102
RTVSPropertyOp23
 70
     1
102
RTVSPropertyOp24
 70
     1
102
RTVSPropertyOp25
 70
     1
102
RTVSPropertyOp26
 70
     1
102
RTVSPropertyOp27
 70
     1
102
RTVSPropertyOp28
 70
     1
102
RTVSPropertyOp29
 70
     1
102
RTVSPropertyOp30
 70
     1
102
RTVSPropertyOp31
 70
     1
102
RTVSPropertyOp32
 70
     1
102
RTVSPropertyOp33
 70
     1
102
RTVSPropertyOp34
 70
     1
102
RTVSPropertyOp35
 70
     1
102
RTVSPropertyOp36
 70
     1
102
RTVSPropertyOp37
 70
     1
102
RTVSPropertyOp38
 70
     1
102
RTVSPropertyOp39
 70
     1
102
RTVSPropertyOp40
 70
     1
102
RTVSPropertyOp41
 70
     1
102
RTVSPropertyOp42
 70
     1
102
RTVSPropertyOp43
 70
     1
102
RTVSPropertyOp44
 70
     1
102
RTVSPropertyOp45
 70
     1
102
RTVSPropertyOp46
 70
     1
102
RTVSPropertyOp47
 70
     1
102
RTVSPropertyOp48
 70
     1
102
RTVSPropertyOp49
 70
     1
102
RTVSPropertyOp50
 70
     1
102
RTVSPropertyOp51
 70
     0
102
RTVSPropertyOp52
 70
     0
102
RTVSPropertyOp53
 70
     1
102
RTVSPropertyOp54
 70
     1
102
RTVSPropertyOp55
 70
     1
102
RTVSPropertyOp56
 70
     1
102
RTVSPropertyOp57
 70
     1
102
RTVSPost2010Prop28
280
     1
102
RTVSPost2010PropOp28
 70
     1
102
RTVSPost2010Prop29
280
     1
102
RTVSPost2010PropOp29
 70
     1
102
RTVSPost2010Prop30
280
     0
102
RTVSPost2010PropOp30
 70
     1
102
RTVSPost2010Prop31
280
     0
102
RTVSPost2010PropOp31
 70
     1
102
RTVSPost2010Prop32
280
     0
102
RTVSPost2010PropOp32
 70
     1
102
RTVSPost2010Prop33
280
     0
102
RTVSPost2010PropOp33
 70
     1
102
RTVSPost2010Prop34
280
     0
102
RTVSPost2010PropOp34
 70
     1
102
RTVSPost2010Prop35
280
     0
102
RTVSPost2010PropOp35
 70
     1
102
RTVSPost2010Prop36
280
     0
102
RTVSPost2010PropOp36
 70
     1
102
RTVSPost2010Prop37
 90
       50
102
RTVSPost2010PropOp37
 70
     1
102
RTVSPost2010Prop38
140
0.0
102
RTVSPost2010PropOp38
 70
     1
102
RTVSPost2010Prop39
140
1.0
102
RTVSPost2010PropOp39
 70
     1
102
RTVSPost2010Prop40
 90
        0
102
RTVSPost2010PropOp40
 70
     1
102
RTVSPost2010Prop41ColorIndex
 90
       18
102
RTVSPost2010Prop41ColorRGB
 90
        0
102
RTVSPost2010PropOp41
 70
     1
102
RTVSPost2010Prop42
 90
       50
102
RTVSPost2010PropOp42
 70
     1
102
RTVSPost2010Prop43
 90
        3
102
RTVSPost2010PropOp43
 70
     1
102
RTVSPost2010Prop44ColorIndex
 90
        5
102
RTVSPost2010Prop44ColorRGB
 90
      255
102
RTVSPost2010PropOp44
 70
     1
102
RTVSPost2010Prop45
280
     0
102
RTVSPost2010PropOp45
 70
     1
102
RTVSPost2010Prop46
 90
       50
102
RTVSPost2010PropOp46
 70
     1
102
RTVSPost2010Prop47
 90
       50
102
RTVSPost2010PropOp47
 70
     1
102
RTVSPost2010Prop48
 90
       50
102
RTVSPost2010PropOp48
 70
     1
102
RTVSPost2010Prop49
280
     0
102
RTVSPost2010PropOp49
 70
     1
102
RTVSPost2010Prop50
 90
       50
102
RTVSPost2010PropOp50
 70
     1
102
RTVSPost2010Prop51ColorIndex
 90
      256
102
RTVSPost2010Prop51ColorRGB
 90
-16777216
102
RTVSPost2010PropOp51
 70
     0
102
RTVSPost2010Prop52
140
1.0
102
RTVSPost2010PropOp52
 70
     0
102
RTVSPost2010Prop53
 90
        2
102
RTVSPost2010PropOp53
 70
     1
102
RTVSPost2010Prop54
  1
strokes_ogs.tif
102
RTVSPost2010PropOp54
 70
     1
102
RTVSPost2010Prop55
280
     0
102
RTVSPost2010PropOp55
 70
     1
102
RTVSPost2010Prop56
140
1.0
102
RTVSPost2010PropOp56
 70
     1
102
RTVSPost2010Prop57
140
1.0
102
RTVSPost2010PropOp57
 70
     1
  0
XRECORD
  5
1872
102
{ACAD_REACTORS
330
1871
102
}
330
1871
100
AcDbXrecord
280
     1
102
RTVSPropertyOp0
 70
     1
102
RTVSPropertyOp1
 70
     1
102
RTVSPropertyOp2
 70
     1
102
RTVSPropertyOp3
 70
     1
102
RTVSPropertyOp4
 70
     1
102
RTVSPropertyOp5
 70
     1
102
RTVSPropertyOp6
 70
     1
102
RTVSPropertyOp7
 70
     1
102
RTVSPropertyOp8
 70
     1
102
RTVSPropertyOp9
 70
     1
102
RTVSPropertyOp10
 70
     1
102
RTVSPropertyOp11
 70
     1
102
RTVSPropertyOp12
 70
     1
102
RTVSPropertyOp13
 70
     1
102
RTVSPropertyOp14
 70
     1
102
RTVSPropertyOp15
 70
     1
102
RTVSPropertyOp16
 70
     1
102
RTVSPropertyOp17
 70
     1
102
RTVSPropertyOp18
 70
     1
102
RTVSPropertyOp19
 70
     1
102
RTVSPropertyOp20
 70
     1
102
RTVSPropertyOp21
 70
     1
102
RTVSPropertyOp22
 70
     1
102
RTVSPropertyOp23
 70
     1
102
RTVSPropertyOp24
 70
     1
102
RTVSPropertyOp25
 70
     1
102
RTVSPropertyOp26
 70
     1
102
RTVSPropertyOp27
 70
     1
102
RTVSPropertyOp28
 70
     1
102
RTVSPropertyOp29
 70
     1
102
RTVSPropertyOp30
 70
     1
102
RTVSPropertyOp31
 70
     1
102
RTVSPropertyOp32
 70
     1
102
RTVSPropertyOp33
 70
     1
102
RTVSPropertyOp34
 70
     1
102
RTVSPropertyOp35
 70
     1
102
RTVSPropertyOp36
 70
     1
102
RTVSPropertyOp37
 70
     1
102
RTVSPropertyOp38
 70
     1
102
RTVSPropertyOp39
 70
     1
102
RTVSPropertyOp40
 70
     1
102
RTVSPropertyOp41
 70
     1
102
RTVSPropertyOp42
 70
     1
102
RTVSPropertyOp43
 70
     1
102
RTVSPropertyOp44
 70
     1
102
RTVSPropertyOp45
 70
     1
102
RTVSPropertyOp46
 70
     1
102
RTVSPropertyOp47
 70
     1
102
RTVSPropertyOp48
 70
     1
102
RTVSPropertyOp49
 70
     1
102
RTVSPropertyOp50
 70
     1
102
RTVSPropertyOp51
 70
     0
102
RTVSPropertyOp52
 70
     0
102
RTVSPropertyOp53
 70
     1
102
RTVSPropertyOp54
 70
     1
102
RTVSPropertyOp55
 70
     1
102
RTVSPropertyOp56
 70
     1
102
RTVSPropertyOp57
 70
     1
102
RTVSPost2010Prop28
280
     0
102
RTVSPost2010PropOp28
 70
     1
102
RTVSPost2010Prop29
280
     1
102
RTVSPost2010PropOp29
 70
     1
102
RTVSPost2010Prop30
280
     1
102
RTVSPost2010PropOp30
 70
     1
102
RTVSPost2010Prop31
280
     0
102
RTVSPost2010PropOp31
 70
     1
102
RTVSPost2010Prop32
280
     0
102
RTVSPost2010PropOp32
 70
     1
102
RTVSPost2010Prop33
280
     0
102
RTVSPost2010PropOp33
 70
     1
102
RTVSPost2010Prop34
280
     0
102
RTVSPost2010PropOp34
 70
     1
102
RTVSPost2010Prop35
280
     0
102
RTVSPost2010PropOp35
 70
     1
102
RTVSPost2010Prop36
280
     0
102
RTVSPost2010PropOp36
 70
     1
102
RTVSPost2010Prop37
 90
       50
102
RTVSPost2010PropOp37
 70
     1
102
RTVSPost2010Prop38
140
0.0
102
RTVSPost2010PropOp38
 70
     1
102
RTVSPost2010Prop39
140
1.0
102
RTVSPost2010PropOp39
 70
     1
102
RTVSPost2010Prop40
 90
        0
102
RTVSPost2010PropOp40
 70
     1
102
RTVSPost2010Prop41ColorIndex
 90
       18
102
RTVSPost2010Prop41ColorRGB
 90
        0
102
RTVSPost2010PropOp41
 70
     1
102
RTVSPost2010Prop42
 90
       50
102
RTVSPost2010PropOp42
 70
     1
102
RTVSPost2010Prop43
 90
        3
102
RTVSPost2010PropOp43
 70
     1
102
RTVSPost2010Prop44ColorIndex
 90
        5
102
RTVSPost2010Prop44ColorRGB
 90
      255
102
RTVSPost2010PropOp44
 70
     1
102
RTVSPost2010Prop45
280
     0
102
RTVSPost2010PropOp45
 70
     1
102
RTVSPost2010Prop46
 90
       50
102
RTVSPost2010PropOp46
 70
     1
102
RTVSPost2010Prop47
 90
       50
102
RTVSPost2010PropOp47
 70
     1
102
RTVSPost2010Prop48
 90
       50
102
RTVSPost2010PropOp48
 70
     1
102
RTVSPost2010Prop49
280
     0
102
RTVSPost2010PropOp49
 70
     1
102
RTVSPost2010Prop50
 90
       50
102
RTVSPost2010PropOp50
 70
     1
102
RTVSPost2010Prop51ColorIndex
 90
      256
102
RTVSPost2010Prop51ColorRGB
 90
-16777216
102
RTVSPost2010PropOp51
 70
     0
102
RTVSPost2010Prop52
140
1.0
102
RTVSPost2010PropOp52
 70
     0
102
RTVSPost2010Prop53
 90
        2
102
RTVSPost2010PropOp53
 70
     1
102
RTVSPost2010Prop54
  1
strokes_ogs.tif
102
RTVSPost2010PropOp54
 70
     1
102
RTVSPost2010Prop55
280
     0
102
RTVSPost2010PropOp55
 70
     1
102
RTVSPost2010Prop56
140
1.0
102
RTVSPost2010PropOp56
 70
     1
102
RTVSPost2010Prop57
140
1.0
102
RTVSPost2010PropOp57
 70
     1
  0
XRECORD
  5
1874
102
{ACAD_REACTORS
330
1873
102
}
330
1873
100
AcDbXrecord
280
     1
102
RTVSPropertyOp0
 70
     1
102
RTVSPropertyOp1
 70
     1
102
RTVSPropertyOp2
 70
     1
102
RTVSPropertyOp3
 70
     1
102
RTVSPropertyOp4
 70
     1
102
RTVSPropertyOp5
 70
     1
102
RTVSPropertyOp6
 70
     1
102
RTVSPropertyOp7
 70
     1
102
RTVSPropertyOp8
 70
     1
102
RTVSPropertyOp9
 70
     1
102
RTVSPropertyOp10
 70
     1
102
RTVSPropertyOp11
 70
     1
102
RTVSPropertyOp12
 70
     1
102
RTVSPropertyOp13
 70
     1
102
RTVSPropertyOp14
 70
     1
102
RTVSPropertyOp15
 70
     1
102
RTVSPropertyOp16
 70
     1
102
RTVSPropertyOp17
 70
     1
102
RTVSPropertyOp18
 70
     1
102
RTVSPropertyOp19
 70
     1
102
RTVSPropertyOp20
 70
     1
102
RTVSPropertyOp21
 70
     1
102
RTVSPropertyOp22
 70
     1
102
RTVSPropertyOp23
 70
     1
102
RTVSPropertyOp24
 70
     1
102
RTVSPropertyOp25
 70
     1
102
RTVSPropertyOp26
 70
     1
102
RTVSPropertyOp27
 70
     1
102
RTVSPropertyOp28
 70
     1
102
RTVSPropertyOp29
 70
     1
102
RTVSPropertyOp30
 70
     1
102
RTVSPropertyOp31
 70
     1
102
RTVSPropertyOp32
 70
     1
102
RTVSPropertyOp33
 70
     1
102
RTVSPropertyOp34
 70
     1
102
RTVSPropertyOp35
 70
     1
102
RTVSPropertyOp36
 70
     1
102
RTVSPropertyOp37
 70
     1
102
RTVSPropertyOp38
 70
     1
102
RTVSPropertyOp39
 70
     1
102
RTVSPropertyOp40
 70
     1
102
RTVSPropertyOp41
 70
     1
102
RTVSPropertyOp42
 70
     1
102
RTVSPropertyOp43
 70
     1
102
RTVSPropertyOp44
 70
     1
102
RTVSPropertyOp45
 70
     1
102
RTVSPropertyOp46
 70
     1
102
RTVSPropertyOp47
 70
     1
102
RTVSPropertyOp48
 70
     1
102
RTVSPropertyOp49
 70
     1
102
RTVSPropertyOp50
 70
     1
102
RTVSPropertyOp51
 70
     0
102
RTVSPropertyOp52
 70
     0
102
RTVSPropertyOp53
 70
     1
102
RTVSPropertyOp54
 70
     1
102
RTVSPropertyOp55
 70
     1
102
RTVSPropertyOp56
 70
     1
102
RTVSPropertyOp57
 70
     1
102
RTVSPost2010Prop28
280
     0
102
RTVSPost2010PropOp28
 70
     1
102
RTVSPost2010Prop29
280
     1
102
RTVSPost2010PropOp29
 70
     1
102
RTVSPost2010Prop30
280
     1
102
RTVSPost2010PropOp30
 70
     1
102
RTVSPost2010Prop31
280
     0
102
RTVSPost2010PropOp31
 70
     1
102
RTVSPost2010Prop32
280
     0
102
RTVSPost2010PropOp32
 70
     1
102
RTVSPost2010Prop33
280
     0
102
RTVSPost2010PropOp33
 70
     1
102
RTVSPost2010Prop34
280
     0
102
RTVSPost2010PropOp34
 70
     1
102
RTVSPost2010Prop35
280
     0
102
RTVSPost2010PropOp35
 70
     1
102
RTVSPost2010Prop36
280
     0
102
RTVSPost2010PropOp36
 70
     1
102
RTVSPost2010Prop37
 90
       50
102
RTVSPost2010PropOp37
 70
     1
102
RTVSPost2010Prop38
140
0.0
102
RTVSPost2010PropOp38
 70
     1
102
RTVSPost2010Prop39
140
1.0
102
RTVSPost2010PropOp39
 70
     1
102
RTVSPost2010Prop40
 90
        0
102
RTVSPost2010PropOp40
 70
     1
102
RTVSPost2010Prop41ColorIndex
 90
       18
102
RTVSPost2010Prop41ColorRGB
 90
        0
102
RTVSPost2010PropOp41
 70
     1
102
RTVSPost2010Prop42
 90
       50
102
RTVSPost2010PropOp42
 70
     1
102
RTVSPost2010Prop43
 90
        3
102
RTVSPost2010PropOp43
 70
     1
102
RTVSPost2010Prop44ColorIndex
 90
        5
102
RTVSPost2010Prop44ColorRGB
 90
      255
102
RTVSPost2010PropOp44
 70
     1
102
RTVSPost2010Prop45
280
     0
102
RTVSPost2010PropOp45
 70
     1
102
RTVSPost2010Prop46
 90
       50
102
RTVSPost2010PropOp46
 70
     1
102
RTVSPost2010Prop47
 90
       50
102
RTVSPost2010PropOp47
 70
     1
102
RTVSPost2010Prop48
 90
       50
102
RTVSPost2010PropOp48
 70
     1
102
RTVSPost2010Prop49
280
     0
102
RTVSPost2010PropOp49
 70
     1
102
RTVSPost2010Prop50
 90
       50
102
RTVSPost2010PropOp50
 70
     1
102
RTVSPost2010Prop51ColorIndex
 90
      256
102
RTVSPost2010Prop51ColorRGB
 90
-16777216
102
RTVSPost2010PropOp51
 70
     0
102
RTVSPost2010Prop52
140
1.0
102
RTVSPost2010PropOp52
 70
     0
102
RTVSPost2010Prop53
 90
        2
102
RTVSPost2010PropOp53
 70
     1
102
RTVSPost2010Prop54
  1
strokes_ogs.tif
102
RTVSPost2010PropOp54
 70
     1
102
RTVSPost2010Prop55
280
     0
102
RTVSPost2010PropOp55
 70
     1
102
RTVSPost2010Prop56
140
1.0
102
RTVSPost2010PropOp56
 70
     1
102
RTVSPost2010Prop57
140
1.0
102
RTVSPost2010PropOp57
 70
     1
  0
XRECORD
  5
1876
102
{ACAD_REACTORS
330
1875
102
}
330
1875
100
AcDbXrecord
280
     1
102
RTVSPropertyOp0
 70
     1
102
RTVSPropertyOp1
 70
     1
102
RTVSPropertyOp2
 70
     1
102
RTVSPropertyOp3
 70
     1
102
RTVSPropertyOp4
 70
     1
102
RTVSPropertyOp5
 70
     1
102
RTVSPropertyOp6
 70
     1
102
RTVSPropertyOp7
 70
     1
102
RTVSPropertyOp8
 70
     1
102
RTVSPropertyOp9
 70
     1
102
RTVSPropertyOp10
 70
     1
102
RTVSPropertyOp11
 70
     1
102
RTVSPropertyOp12
 70
     1
102
RTVSPropertyOp13
 70
     1
102
RTVSPropertyOp14
 70
     1
102
RTVSPropertyOp15
 70
     1
102
RTVSPropertyOp16
 70
     1
102
RTVSPropertyOp17
 70
     1
102
RTVSPropertyOp18
 70
     1
102
RTVSPropertyOp19
 70
     1
102
RTVSPropertyOp20
 70
     1
102
RTVSPropertyOp21
 70
     1
102
RTVSPropertyOp22
 70
     1
102
RTVSPropertyOp23
 70
     1
102
RTVSPropertyOp24
 70
     1
102
RTVSPropertyOp25
 70
     1
102
RTVSPropertyOp26
 70
     1
102
RTVSPropertyOp27
 70
     1
102
RTVSPropertyOp28
 70
     1
102
RTVSPropertyOp29
 70
     1
102
RTVSPropertyOp30
 70
     1
102
RTVSPropertyOp31
 70
     1
102
RTVSPropertyOp32
 70
     1
102
RTVSPropertyOp33
 70
     1
102
RTVSPropertyOp34
 70
     1
102
RTVSPropertyOp35
 70
     1
102
RTVSPropertyOp36
 70
     1
102
RTVSPropertyOp37
 70
     1
102
RTVSPropertyOp38
 70
     1
102
RTVSPropertyOp39
 70
     1
102
RTVSPropertyOp40
 70
     1
102
RTVSPropertyOp41
 70
     1
102
RTVSPropertyOp42
 70
     1
102
RTVSPropertyOp43
 70
     1
102
RTVSPropertyOp44
 70
     1
102
RTVSPropertyOp45
 70
     1
102
RTVSPropertyOp46
 70
     1
102
RTVSPropertyOp47
 70
     1
102
RTVSPropertyOp48
 70
     1
102
RTVSPropertyOp49
 70
     1
102
RTVSPropertyOp50
 70
     1
102
RTVSPropertyOp51
 70
     0
102
RTVSPropertyOp52
 70
     0
102
RTVSPropertyOp53
 70
     1
102
RTVSPropertyOp54
 70
     1
102
RTVSPropertyOp55
 70
     1
102
RTVSPropertyOp56
 70
     1
102
RTVSPropertyOp57
 70
     1
102
RTVSPost2010Prop28
280
     0
102
RTVSPost2010PropOp28
 70
     1
102
RTVSPost2010Prop29
280
     1
102
RTVSPost2010PropOp29
 70
     1
102
RTVSPost2010Prop30
280
     1
102
RTVSPost2010PropOp30
 70
     1
102
RTVSPost2010Prop31
280
     0
102
RTVSPost2010PropOp31
 70
     1
102
RTVSPost2010Prop32
280
     0
102
RTVSPost2010PropOp32
 70
     1
102
RTVSPost2010Prop33
280
     0
102
RTVSPost2010PropOp33
 70
     1
102
RTVSPost2010Prop34
280
     0
102
RTVSPost2010PropOp34
 70
     1
102
RTVSPost2010Prop35
280
     0
102
RTVSPost2010PropOp35
 70
     1
102
RTVSPost2010Prop36
280
     0
102
RTVSPost2010PropOp36
 70
     1
102
RTVSPost2010Prop37
 90
       50
102
RTVSPost2010PropOp37
 70
     1
102
RTVSPost2010Prop38
140
0.0
102
RTVSPost2010PropOp38
 70
     1
102
RTVSPost2010Prop39
140
1.0
102
RTVSPost2010PropOp39
 70
     1
102
RTVSPost2010Prop40
 90
        0
102
RTVSPost2010PropOp40
 70
     1
102
RTVSPost2010Prop41ColorIndex
 90
       18
102
RTVSPost2010Prop41ColorRGB
 90
        0
102
RTVSPost2010PropOp41
 70
     1
102
RTVSPost2010Prop42
 90
       50
102
RTVSPost2010PropOp42
 70
     1
102
RTVSPost2010Prop43
 90
        3
102
RTVSPost2010PropOp43
 70
     1
102
RTVSPost2010Prop44ColorIndex
 90
        5
102
RTVSPost2010Prop44ColorRGB
 90
      255
102
RTVSPost2010PropOp44
 70
     1
102
RTVSPost2010Prop45
280
     0
102
RTVSPost2010PropOp45
 70
     1
102
RTVSPost2010Prop46
 90
       50
102
RTVSPost2010PropOp46
 70
     1
102
RTVSPost2010Prop47
 90
       50
102
RTVSPost2010PropOp47
 70
     1
102
RTVSPost2010Prop48
 90
       50
102
RTVSPost2010PropOp48
 70
     1
102
RTVSPost2010Prop49
280
     0
102
RTVSPost2010PropOp49
 70
     1
102
RTVSPost2010Prop50
 90
       50
102
RTVSPost2010PropOp50
 70
     1
102
RTVSPost2010Prop51ColorIndex
 90
      256
102
RTVSPost2010Prop51ColorRGB
 90
-16777216
102
RTVSPost2010PropOp51
 70
     0
102
RTVSPost2010Prop52
140
1.0
102
RTVSPost2010PropOp52
 70
     0
102
RTVSPost2010Prop53
 90
        2
102
RTVSPost2010PropOp53
 70
     1
102
RTVSPost2010Prop54
  1
strokes_ogs.tif
102
RTVSPost2010PropOp54
 70
     1
102
RTVSPost2010Prop55
280
     0
102
RTVSPost2010PropOp55
 70
     1
102
RTVSPost2010Prop56
140
1.0
102
RTVSPost2010PropOp56
 70
     1
102
RTVSPost2010Prop57
140
1.0
102
RTVSPost2010PropOp57
 70
     1
  0
XRECORD
  5
1878
102
{ACAD_REACTORS
330
1877
102
}
330
1877
100
AcDbXrecord
280
     1
102
RTVSPropertyOp0
 70
     1
102
RTVSPropertyOp1
 70
     1
102
RTVSPropertyOp2
 70
     1
102
RTVSPropertyOp3
 70
     1
102
RTVSPropertyOp4
 70
     1
102
RTVSPropertyOp5
 70
     1
102
RTVSPropertyOp6
 70
     1
102
RTVSPropertyOp7
 70
     1
102
RTVSPropertyOp8
 70
     1
102
RTVSPropertyOp9
 70
     1
102
RTVSPropertyOp10
 70
     1
102
RTVSPropertyOp11
 70
     1
102
RTVSPropertyOp12
 70
     1
102
RTVSPropertyOp13
 70
     1
102
RTVSPropertyOp14
 70
     1
102
RTVSPropertyOp15
 70
     1
102
RTVSPropertyOp16
 70
     1
102
RTVSPropertyOp17
 70
     1
102
RTVSPropertyOp18
 70
     1
102
RTVSPropertyOp19
 70
     1
102
RTVSPropertyOp20
 70
     1
102
RTVSPropertyOp21
 70
     1
102
RTVSPropertyOp22
 70
     1
102
RTVSPropertyOp23
 70
     1
102
RTVSPropertyOp24
 70
     1
102
RTVSPropertyOp25
 70
     1
102
RTVSPropertyOp26
 70
     1
102
RTVSPropertyOp27
 70
     1
102
RTVSPropertyOp28
 70
     1
102
RTVSPropertyOp29
 70
     1
102
RTVSPropertyOp30
 70
     1
102
RTVSPropertyOp31
 70
     1
102
RTVSPropertyOp32
 70
     1
102
RTVSPropertyOp33
 70
     1
102
RTVSPropertyOp34
 70
     1
102
RTVSPropertyOp35
 70
     1
102
RTVSPropertyOp36
 70
     1
102
RTVSPropertyOp37
 70
     1
102
RTVSPropertyOp38
 70
     1
102
RTVSPropertyOp39
 70
     1
102
RTVSPropertyOp40
 70
     1
102
RTVSPropertyOp41
 70
     1
102
RTVSPropertyOp42
 70
     1
102
RTVSPropertyOp43
 70
     1
102
RTVSPropertyOp44
 70
     1
102
RTVSPropertyOp45
 70
     1
102
RTVSPropertyOp46
 70
     1
102
RTVSPropertyOp47
 70
     1
102
RTVSPropertyOp48
 70
     1
102
RTVSPropertyOp49
 70
     1
102
RTVSPropertyOp50
 70
     1
102
RTVSPropertyOp51
 70
     0
102
RTVSPropertyOp52
 70
     0
102
RTVSPropertyOp53
 70
     1
102
RTVSPropertyOp54
 70
     1
102
RTVSPropertyOp55
 70
     1
102
RTVSPropertyOp56
 70
     1
102
RTVSPropertyOp57
 70
     1
102
RTVSPost2010Prop28
280
     0
102
RTVSPost2010PropOp28
 70
     1
102
RTVSPost2010Prop29
280
     1
102
RTVSPost2010PropOp29
 70
     1
102
RTVSPost2010Prop30
280
     1
102
RTVSPost2010PropOp30
 70
     1
102
RTVSPost2010Prop31
280
     0
102
RTVSPost2010PropOp31
 70
     1
102
RTVSPost2010Prop32
280
     0
102
RTVSPost2010PropOp32
 70
     1
102
RTVSPost2010Prop33
280
     0
102
RTVSPost2010PropOp33
 70
     1
102
RTVSPost2010Prop34
280
     0
102
RTVSPost2010PropOp34
 70
     1
102
RTVSPost2010Prop35
280
     0
102
RTVSPost2010PropOp35
 70
     1
102
RTVSPost2010Prop36
280
     0
102
RTVSPost2010PropOp36
 70
     1
102
RTVSPost2010Prop37
 90
       50
102
RTVSPost2010PropOp37
 70
     1
102
RTVSPost2010Prop38
140
0.0
102
RTVSPost2010PropOp38
 70
     1
102
RTVSPost2010Prop39
140
1.0
102
RTVSPost2010PropOp39
 70
     1
102
RTVSPost2010Prop40
 90
        0
102
RTVSPost2010PropOp40
 70
     1
102
RTVSPost2010Prop41ColorIndex
 90
       18
102
RTVSPost2010Prop41ColorRGB
 90
        0
102
RTVSPost2010PropOp41
 70
     1
102
RTVSPost2010Prop42
 90
       50
102
RTVSPost2010PropOp42
 70
     1
102
RTVSPost2010Prop43
 90
        3
102
RTVSPost2010PropOp43
 70
     1
102
RTVSPost2010Prop44ColorIndex
 90
        5
102
RTVSPost2010Prop44ColorRGB
 90
      255
102
RTVSPost2010PropOp44
 70
     1
102
RTVSPost2010Prop45
280
     0
102
RTVSPost2010PropOp45
 70
     1
102
RTVSPost2010Prop46
 90
       50
102
RTVSPost2010PropOp46
 70
     1
102
RTVSPost2010Prop47
 90
       50
102
RTVSPost2010PropOp47
 70
     1
102
RTVSPost2010Prop48
 90
       50
102
RTVSPost2010PropOp48
 70
     1
102
RTVSPost2010Prop49
280
     0
102
RTVSPost2010PropOp49
 70
     1
102
RTVSPost2010Prop50
 90
       50
102
RTVSPost2010PropOp50
 70
     1
102
RTVSPost2010Prop51ColorIndex
 90
      256
102
RTVSPost2010Prop51ColorRGB
 90
-16777216
102
RTVSPost2010PropOp51
 70
     0
102
RTVSPost2010Prop52
140
1.0
102
RTVSPost2010PropOp52
 70
     0
102
RTVSPost2010Prop53
 90
        2
102
RTVSPost2010PropOp53
 70
     1
102
RTVSPost2010Prop54
  1
strokes_ogs.tif
102
RTVSPost2010PropOp54
 70
     1
102
RTVSPost2010Prop55
280
     0
102
RTVSPost2010PropOp55
 70
     1
102
RTVSPost2010Prop56
140
1.0
102
RTVSPost2010PropOp56
 70
     1
102
RTVSPost2010Prop57
140
1.0
102
RTVSPost2010PropOp57
 70
     1
  0
XRECORD
  5
187A
102
{ACAD_REACTORS
330
1879
102
}
330
1879
100
AcDbXrecord
280
     1
102
RTVSPropertyOp0
 70
     1
102
RTVSPropertyOp1
 70
     1
102
RTVSPropertyOp2
 70
     1
102
RTVSPropertyOp3
 70
     1
102
RTVSPropertyOp4
 70
     1
102
RTVSPropertyOp5
 70
     1
102
RTVSPropertyOp6
 70
     1
102
RTVSPropertyOp7
 70
     1
102
RTVSPropertyOp8
 70
     1
102
RTVSPropertyOp9
 70
     1
102
RTVSPropertyOp10
 70
     1
102
RTVSPropertyOp11
 70
     1
102
RTVSPropertyOp12
 70
     1
102
RTVSPropertyOp13
 70
     1
102
RTVSPropertyOp14
 70
     1
102
RTVSPropertyOp15
 70
     1
102
RTVSPropertyOp16
 70
     1
102
RTVSPropertyOp17
 70
     1
102
RTVSPropertyOp18
 70
     1
102
RTVSPropertyOp19
 70
     1
102
RTVSPropertyOp20
 70
     1
102
RTVSPropertyOp21
 70
     1
102
RTVSPropertyOp22
 70
     1
102
RTVSPropertyOp23
 70
     1
102
RTVSPropertyOp24
 70
     1
102
RTVSPropertyOp25
 70
     1
102
RTVSPropertyOp26
 70
     1
102
RTVSPropertyOp27
 70
     1
102
RTVSPropertyOp28
 70
     1
102
RTVSPropertyOp29
 70
     1
102
RTVSPropertyOp30
 70
     1
102
RTVSPropertyOp31
 70
     1
102
RTVSPropertyOp32
 70
     1
102
RTVSPropertyOp33
 70
     1
102
RTVSPropertyOp34
 70
     1
102
RTVSPropertyOp35
 70
     1
102
RTVSPropertyOp36
 70
     1
102
RTVSPropertyOp37
 70
     1
102
RTVSPropertyOp38
 70
     1
102
RTVSPropertyOp39
 70
     1
102
RTVSPropertyOp40
 70
     1
102
RTVSPropertyOp41
 70
     1
102
RTVSPropertyOp42
 70
     1
102
RTVSPropertyOp43
 70
     1
102
RTVSPropertyOp44
 70
     1
102
RTVSPropertyOp45
 70
     1
102
RTVSPropertyOp46
 70
     1
102
RTVSPropertyOp47
 70
     1
102
RTVSPropertyOp48
 70
     1
102
RTVSPropertyOp49
 70
     1
102
RTVSPropertyOp50
 70
     1
102
RTVSPropertyOp51
 70
     0
102
RTVSPropertyOp52
 70
     0
102
RTVSPropertyOp53
 70
     1
102
RTVSPropertyOp54
 70
     1
102
RTVSPropertyOp55
 70
     1
102
RTVSPropertyOp56
 70
     1
102
RTVSPropertyOp57
 70
     1
102
RTVSPost2010Prop28
280
     0
102
RTVSPost2010PropOp28
 70
     1
102
RTVSPost2010Prop29
280
     1
102
RTVSPost2010PropOp29
 70
     1
102
RTVSPost2010Prop30
280
     1
102
RTVSPost2010PropOp30
 70
     1
102
RTVSPost2010Prop31
280
     0
102
RTVSPost2010PropOp31
 70
     1
102
RTVSPost2010Prop32
280
     0
102
RTVSPost2010PropOp32
 70
     1
102
RTVSPost2010Prop33
280
     0
102
RTVSPost2010PropOp33
 70
     1
102
RTVSPost2010Prop34
280
     0
102
RTVSPost2010PropOp34
 70
     1
102
RTVSPost2010Prop35
280
     0
102
RTVSPost2010PropOp35
 70
     1
102
RTVSPost2010Prop36
280
     0
102
RTVSPost2010PropOp36
 70
     1
102
RTVSPost2010Prop37
 90
       50
102
RTVSPost2010PropOp37
 70
     1
102
RTVSPost2010Prop38
140
0.0
102
RTVSPost2010PropOp38
 70
     1
102
RTVSPost2010Prop39
140
1.0
102
RTVSPost2010PropOp39
 70
     1
102
RTVSPost2010Prop40
 90
        0
102
RTVSPost2010PropOp40
 70
     1
102
RTVSPost2010Prop41ColorIndex
 90
       18
102
RTVSPost2010Prop41ColorRGB
 90
        0
102
RTVSPost2010PropOp41
 70
     1
102
RTVSPost2010Prop42
 90
       50
102
RTVSPost2010PropOp42
 70
     1
102
RTVSPost2010Prop43
 90
        3
102
RTVSPost2010PropOp43
 70
     1
102
RTVSPost2010Prop44ColorIndex
 90
        5
102
RTVSPost2010Prop44ColorRGB
 90
      255
102
RTVSPost2010PropOp44
 70
     1
102
RTVSPost2010Prop45
280
     0
102
RTVSPost2010PropOp45
 70
     1
102
RTVSPost2010Prop46
 90
       50
102
RTVSPost2010PropOp46
 70
     1
102
RTVSPost2010Prop47
 90
       50
102
RTVSPost2010PropOp47
 70
     1
102
RTVSPost2010Prop48
 90
       50
102
RTVSPost2010PropOp48
 70
     1
102
RTVSPost2010Prop49
280
     0
102
RTVSPost2010PropOp49
 70
     1
102
RTVSPost2010Prop50
 90
       50
102
RTVSPost2010PropOp50
 70
     1
102
RTVSPost2010Prop51ColorIndex
 90
      256
102
RTVSPost2010Prop51ColorRGB
 90
-16777216
102
RTVSPost2010PropOp51
 70
     0
102
RTVSPost2010Prop52
140
1.0
102
RTVSPost2010PropOp52
 70
     0
102
RTVSPost2010Prop53
 90
        2
102
RTVSPost2010PropOp53
 70
     1
102
RTVSPost2010Prop54
  1
strokes_ogs.tif
102
RTVSPost2010PropOp54
 70
     1
102
RTVSPost2010Prop55
280
     0
102
RTVSPost2010PropOp55
 70
     1
102
RTVSPost2010Prop56
140
1.0
102
RTVSPost2010PropOp56
 70
     1
102
RTVSPost2010Prop57
140
1.0
102
RTVSPost2010PropOp57
 70
     1
  0
XRECORD
  5
187C
102
{ACAD_REACTORS
330
187B
102
}
330
187B
100
AcDbXrecord
280
     1
102
RTVSPropertyOp0
 70
     0
102
RTVSPropertyOp1
 70
     0
102
RTVSPropertyOp2
 70
     0
102
RTVSPropertyOp3
 70
     0
102
RTVSPropertyOp4
 70
     0
102
RTVSPropertyOp5
 70
     0
102
RTVSPropertyOp6
 70
     0
102
RTVSPropertyOp7
 70
     0
102
RTVSPropertyOp8
 70
     0
102
RTVSPropertyOp9
 70
     0
102
RTVSPropertyOp10
 70
     0
102
RTVSPropertyOp11
 70
     0
102
RTVSPropertyOp12
 70
     0
102
RTVSPropertyOp13
 70
     0
102
RTVSPropertyOp14
 70
     2
102
RTVSPropertyOp15
 70
     0
102
RTVSPropertyOp16
 70
     0
102
RTVSPropertyOp17
 70
     0
102
RTVSPropertyOp18
 70
     0
102
RTVSPropertyOp19
 70
     0
102
RTVSPropertyOp20
 70
     0
102
RTVSPropertyOp21
 70
     0
102
RTVSPropertyOp22
 70
     0
102
RTVSPropertyOp23
 70
     0
102
RTVSPropertyOp24
 70
     0
102
RTVSPropertyOp25
 70
     0
102
RTVSPropertyOp26
 70
     0
102
RTVSPropertyOp27
 70
     0
102
RTVSPropertyOp28
 70
     1
102
RTVSPropertyOp29
 70
     1
102
RTVSPropertyOp30
 70
     1
102
RTVSPropertyOp31
 70
     1
102
RTVSPropertyOp32
 70
     1
102
RTVSPropertyOp33
 70
     1
102
RTVSPropertyOp34
 70
     1
102
RTVSPropertyOp35
 70
     1
102
RTVSPropertyOp36
 70
     1
102
RTVSPropertyOp37
 70
     1
102
RTVSPropertyOp38
 70
     1
102
RTVSPropertyOp39
 70
     1
102
RTVSPropertyOp40
 70
     1
102
RTVSPropertyOp41
 70
     1
102
RTVSPropertyOp42
 70
     1
102
RTVSPropertyOp43
 70
     1
102
RTVSPropertyOp44
 70
     1
102
RTVSPropertyOp45
 70
     1
102
RTVSPropertyOp46
 70
     1
102
RTVSPropertyOp47
 70
     1
102
RTVSPropertyOp48
 70
     1
102
RTVSPropertyOp49
 70
     1
102
RTVSPropertyOp50
 70
     1
102
RTVSPropertyOp51
 70
     0
102
RTVSPropertyOp52
 70
     0
102
RTVSPropertyOp53
 70
     1
102
RTVSPropertyOp54
 70
     1
102
RTVSPropertyOp55
 70
     1
102
RTVSPropertyOp56
 70
     1
102
RTVSPropertyOp57
 70
     1
102
RTVSPost2010Prop28
280
     0
102
RTVSPost2010PropOp28
 70
     1
102
RTVSPost2010Prop29
280
     1
102
RTVSPost2010PropOp29
 70
     1
102
RTVSPost2010Prop30
280
     1
102
RTVSPost2010PropOp30
 70
     1
102
RTVSPost2010Prop31
280
     0
102
RTVSPost2010PropOp31
 70
     1
102
RTVSPost2010Prop32
280
     0
102
RTVSPost2010PropOp32
 70
     1
102
RTVSPost2010Prop33
280
     0
102
RTVSPost2010PropOp33
 70
     1
102
RTVSPost2010Prop34
280
     0
102
RTVSPost2010PropOp34
 70
     1
102
RTVSPost2010Prop35
280
     0
102
RTVSPost2010PropOp35
 70
     1
102
RTVSPost2010Prop36
280
     0
102
RTVSPost2010PropOp36
 70
     1
102
RTVSPost2010Prop37
 90
       50
102
RTVSPost2010PropOp37
 70
     1
102
RTVSPost2010Prop38
140
0.0
102
RTVSPost2010PropOp38
 70
     1
102
RTVSPost2010Prop39
140
1.0
102
RTVSPost2010PropOp39
 70
     1
102
RTVSPost2010Prop40
 90
        0
102
RTVSPost2010PropOp40
 70
     1
102
RTVSPost2010Prop41ColorIndex
 90
       18
102
RTVSPost2010Prop41ColorRGB
 90
        0
102
RTVSPost2010PropOp41
 70
     1
102
RTVSPost2010Prop42
 90
       50
102
RTVSPost2010PropOp42
 70
     1
102
RTVSPost2010Prop43
 90
        3
102
RTVSPost2010PropOp43
 70
     1
102
RTVSPost2010Prop44ColorIndex
 90
        5
102
RTVSPost2010Prop44ColorRGB
 90
      255
102
RTVSPost2010PropOp44
 70
     1
102
RTVSPost2010Prop45
280
     0
102
RTVSPost2010PropOp45
 70
     1
102
RTVSPost2010Prop46
 90
       50
102
RTVSPost2010PropOp46
 70
     1
102
RTVSPost2010Prop47
 90
       50
102
RTVSPost2010PropOp47
 70
     1
102
RTVSPost2010Prop48
 90
       50
102
RTVSPost2010PropOp48
 70
     1
102
RTVSPost2010Prop49
280
     0
102
RTVSPost2010PropOp49
 70
     1
102
RTVSPost2010Prop50
 90
       50
102
RTVSPost2010PropOp50
 70
     1
102
RTVSPost2010Prop51ColorIndex
 90
      256
102
RTVSPost2010Prop51ColorRGB
 90
-16777216
102
RTVSPost2010PropOp51
 70
     0
102
RTVSPost2010Prop52
140
1.0
102
RTVSPost2010PropOp52
 70
     0
102
RTVSPost2010Prop53
 90
        2
102
RTVSPost2010PropOp53
 70
     1
102
RTVSPost2010Prop54
  1
strokes_ogs.tif
102
RTVSPost2010PropOp54
 70
     1
102
RTVSPost2010Prop55
280
     0
102
RTVSPost2010PropOp55
 70
     1
102
RTVSPost2010Prop56
140
1.0
102
RTVSPost2010PropOp56
 70
     1
102
RTVSPost2010Prop57
140
1.0
102
RTVSPost2010PropOp57
 70
     1
  0
XRECORD
  5
187E
102
{ACAD_REACTORS
330
187D
102
}
330
187D
100
AcDbXrecord
280
     1
102
RTVSPropertyOp0
 70
     1
102
RTVSPropertyOp1
 70
     1
102
RTVSPropertyOp2
 70
     1
102
RTVSPropertyOp3
 70
     1
102
RTVSPropertyOp4
 70
     1
102
RTVSPropertyOp5
 70
     1
102
RTVSPropertyOp6
 70
     1
102
RTVSPropertyOp7
 70
     1
102
RTVSPropertyOp8
 70
     1
102
RTVSPropertyOp9
 70
     1
102
RTVSPropertyOp10
 70
     1
102
RTVSPropertyOp11
 70
     1
102
RTVSPropertyOp12
 70
     1
102
RTVSPropertyOp13
 70
     1
102
RTVSPropertyOp14
 70
     1
102
RTVSPropertyOp15
 70
     1
102
RTVSPropertyOp16
 70
     1
102
RTVSPropertyOp17
 70
     1
102
RTVSPropertyOp18
 70
     1
102
RTVSPropertyOp19
 70
     1
102
RTVSPropertyOp20
 70
     1
102
RTVSPropertyOp21
 70
     1
102
RTVSPropertyOp22
 70
     1
102
RTVSPropertyOp23
 70
     1
102
RTVSPropertyOp24
 70
     1
102
RTVSPropertyOp25
 70
     1
102
RTVSPropertyOp26
 70
     1
102
RTVSPropertyOp27
 70
     1
102
RTVSPropertyOp28
 70
     1
102
RTVSPropertyOp29
 70
     1
102
RTVSPropertyOp30
 70
     1
102
RTVSPropertyOp31
 70
     1
102
RTVSPropertyOp32
 70
     1
102
RTVSPropertyOp33
 70
     1
102
RTVSPropertyOp34
 70
     1
102
RTVSPropertyOp35
 70
     1
102
RTVSPropertyOp36
 70
     1
102
RTVSPropertyOp37
 70
     1
102
RTVSPropertyOp38
 70
     1
102
RTVSPropertyOp39
 70
     1
102
RTVSPropertyOp40
 70
     1
102
RTVSPropertyOp41
 70
     1
102
RTVSPropertyOp42
 70
     1
102
RTVSPropertyOp43
 70
     1
102
RTVSPropertyOp44
 70
     1
102
RTVSPropertyOp45
 70
     1
102
RTVSPropertyOp46
 70
     1
102
RTVSPropertyOp47
 70
     1
102
RTVSPropertyOp48
 70
     1
102
RTVSPropertyOp49
 70
     1
102
RTVSPropertyOp50
 70
     1
102
RTVSPropertyOp51
 70
     0
102
RTVSPropertyOp52
 70
     0
102
RTVSPropertyOp53
 70
     1
102
RTVSPropertyOp54
 70
     1
102
RTVSPropertyOp55
 70
     1
102
RTVSPropertyOp56
 70
     1
102
RTVSPropertyOp57
 70
     1
102
RTVSPost2010Prop28
280
     0
102
RTVSPost2010PropOp28
 70
     1
102
RTVSPost2010Prop29
280
     1
102
RTVSPost2010PropOp29
 70
     1
102
RTVSPost2010Prop30
280
     1
102
RTVSPost2010PropOp30
 70
     1
102
RTVSPost2010Prop31
280
     0
102
RTVSPost2010PropOp31
 70
     1
102
RTVSPost2010Prop32
280
     0
102
RTVSPost2010PropOp32
 70
     1
102
RTVSPost2010Prop33
280
     0
102
RTVSPost2010PropOp33
 70
     1
102
RTVSPost2010Prop34
280
     0
102
RTVSPost2010PropOp34
 70
     1
102
RTVSPost2010Prop35
280
     0
102
RTVSPost2010PropOp35
 70
     1
102
RTVSPost2010Prop36
280
     0
102
RTVSPost2010PropOp36
 70
     1
102
RTVSPost2010Prop37
 90
       50
102
RTVSPost2010PropOp37
 70
     1
102
RTVSPost2010Prop38
140
0.0
102
RTVSPost2010PropOp38
 70
     1
102
RTVSPost2010Prop39
140
1.0
102
RTVSPost2010PropOp39
 70
     1
102
RTVSPost2010Prop40
 90
        0
102
RTVSPost2010PropOp40
 70
     1
102
RTVSPost2010Prop41ColorIndex
 90
       18
102
RTVSPost2010Prop41ColorRGB
 90
        0
102
RTVSPost2010PropOp41
 70
     1
102
RTVSPost2010Prop42
 90
       50
102
RTVSPost2010PropOp42
 70
     1
102
RTVSPost2010Prop43
 90
        3
102
RTVSPost2010PropOp43
 70
     1
102
RTVSPost2010Prop44ColorIndex
 90
        5
102
RTVSPost2010Prop44ColorRGB
 90
      255
102
RTVSPost2010PropOp44
 70
     1
102
RTVSPost2010Prop45
280
     0
102
RTVSPost2010PropOp45
 70
     1
102
RTVSPost2010Prop46
 90
       50
102
RTVSPost2010PropOp46
 70
     1
102
RTVSPost2010Prop47
 90
       50
102
RTVSPost2010PropOp47
 70
     1
102
RTVSPost2010Prop48
 90
       50
102
RTVSPost2010PropOp48
 70
     1
102
RTVSPost2010Prop49
280
     0
102
RTVSPost2010PropOp49
 70
     1
102
RTVSPost2010Prop50
 90
       50
102
RTVSPost2010PropOp50
 70
     1
102
RTVSPost2010Prop51ColorIndex
 90
      256
102
RTVSPost2010Prop51ColorRGB
 90
-16777216
102
RTVSPost2010PropOp51
 70
     0
102
RTVSPost2010Prop52
140
1.0
102
RTVSPost2010PropOp52
 70
     0
102
RTVSPost2010Prop53
 90
        2
102
RTVSPost2010PropOp53
 70
     1
102
RTVSPost2010Prop54
  1
strokes_ogs.tif
102
RTVSPost2010PropOp54
 70
     1
102
RTVSPost2010Prop55
280
     0
102
RTVSPost2010PropOp55
 70
     1
102
RTVSPost2010Prop56
140
1.0
102
RTVSPost2010PropOp56
 70
     1
102
RTVSPost2010Prop57
140
1.0
102
RTVSPost2010PropOp57
 70
     1
  0
XRECORD
  5
1880
102
{ACAD_REACTORS
330
187F
102
}
330
187F
100
AcDbXrecord
280
     1
102
RTVSPropertyOp0
 70
     1
102
RTVSPropertyOp1
 70
     1
102
RTVSPropertyOp2
 70
     1
102
RTVSPropertyOp3
 70
     1
102
RTVSPropertyOp4
 70
     1
102
RTVSPropertyOp5
 70
     1
102
RTVSPropertyOp6
 70
     1
102
RTVSPropertyOp7
 70
     1
102
RTVSPropertyOp8
 70
     1
102
RTVSPropertyOp9
 70
     1
102
RTVSPropertyOp10
 70
     1
102
RTVSPropertyOp11
 70
     1
102
RTVSPropertyOp12
 70
     1
102
RTVSPropertyOp13
 70
     1
102
RTVSPropertyOp14
 70
     1
102
RTVSPropertyOp15
 70
     1
102
RTVSPropertyOp16
 70
     1
102
RTVSPropertyOp17
 70
     1
102
RTVSPropertyOp18
 70
     1
102
RTVSPropertyOp19
 70
     1
102
RTVSPropertyOp20
 70
     1
102
RTVSPropertyOp21
 70
     1
102
RTVSPropertyOp22
 70
     1
102
RTVSPropertyOp23
 70
     1
102
RTVSPropertyOp24
 70
     1
102
RTVSPropertyOp25
 70
     1
102
RTVSPropertyOp26
 70
     1
102
RTVSPropertyOp27
 70
     1
102
RTVSPropertyOp28
 70
     1
102
RTVSPropertyOp29
 70
     1
102
RTVSPropertyOp30
 70
     1
102
RTVSPropertyOp31
 70
     1
102
RTVSPropertyOp32
 70
     1
102
RTVSPropertyOp33
 70
     1
102
RTVSPropertyOp34
 70
     1
102
RTVSPropertyOp35
 70
     1
102
RTVSPropertyOp36
 70
     1
102
RTVSPropertyOp37
 70
     1
102
RTVSPropertyOp38
 70
     1
102
RTVSPropertyOp39
 70
     1
102
RTVSPropertyOp40
 70
     1
102
RTVSPropertyOp41
 70
     1
102
RTVSPropertyOp42
 70
     1
102
RTVSPropertyOp43
 70
     1
102
RTVSPropertyOp44
 70
     1
102
RTVSPropertyOp45
 70
     1
102
RTVSPropertyOp46
 70
     1
102
RTVSPropertyOp47
 70
     1
102
RTVSPropertyOp48
 70
     1
102
RTVSPropertyOp49
 70
     1
102
RTVSPropertyOp50
 70
     1
102
RTVSPropertyOp51
 70
     0
102
RTVSPropertyOp52
 70
     0
102
RTVSPropertyOp53
 70
     1
102
RTVSPropertyOp54
 70
     1
102
RTVSPropertyOp55
 70
     1
102
RTVSPropertyOp56
 70
     1
102
RTVSPropertyOp57
 70
     1
102
RTVSPost2010Prop28
280
     0
102
RTVSPost2010PropOp28
 70
     1
102
RTVSPost2010Prop29
280
     1
102
RTVSPost2010PropOp29
 70
     1
102
RTVSPost2010Prop30
280
     1
102
RTVSPost2010PropOp30
 70
     1
102
RTVSPost2010Prop31
280
     0
102
RTVSPost2010PropOp31
 70
     1
102
RTVSPost2010Prop32
280
     0
102
RTVSPost2010PropOp32
 70
     1
102
RTVSPost2010Prop33
280
     0
102
RTVSPost2010PropOp33
 70
     1
102
RTVSPost2010Prop34
280
     0
102
RTVSPost2010PropOp34
 70
     1
102
RTVSPost2010Prop35
280
     0
102
RTVSPost2010PropOp35
 70
     1
102
RTVSPost2010Prop36
280
     0
102
RTVSPost2010PropOp36
 70
     1
102
RTVSPost2010Prop37
 90
       50
102
RTVSPost2010PropOp37
 70
     1
102
RTVSPost2010Prop38
140
0.0
102
RTVSPost2010PropOp38
 70
     1
102
RTVSPost2010Prop39
140
1.0
102
RTVSPost2010PropOp39
 70
     1
102
RTVSPost2010Prop40
 90
        0
102
RTVSPost2010PropOp40
 70
     1
102
RTVSPost2010Prop41ColorIndex
 90
       18
102
RTVSPost2010Prop41ColorRGB
 90
        0
102
RTVSPost2010PropOp41
 70
     1
102
RTVSPost2010Prop42
 90
       50
102
RTVSPost2010PropOp42
 70
     1
102
RTVSPost2010Prop43
 90
        3
102
RTVSPost2010PropOp43
 70
     1
102
RTVSPost2010Prop44ColorIndex
 90
        5
102
RTVSPost2010Prop44ColorRGB
 90
      255
102
RTVSPost2010PropOp44
 70
     1
102
RTVSPost2010Prop45
280
     0
102
RTVSPost2010PropOp45
 70
     1
102
RTVSPost2010Prop46
 90
       50
102
RTVSPost2010PropOp46
 70
     1
102
RTVSPost2010Prop47
 90
       50
102
RTVSPost2010PropOp47
 70
     1
102
RTVSPost2010Prop48
 90
       50
102
RTVSPost2010PropOp48
 70
     1
102
RTVSPost2010Prop49
280
     0
102
RTVSPost2010PropOp49
 70
     1
102
RTVSPost2010Prop50
 90
       50
102
RTVSPost2010PropOp50
 70
     1
102
RTVSPost2010Prop51ColorIndex
 90
      256
102
RTVSPost2010Prop51ColorRGB
 90
-16777216
102
RTVSPost2010PropOp51
 70
     0
102
RTVSPost2010Prop52
140
1.0
102
RTVSPost2010PropOp52
 70
     0
102
RTVSPost2010Prop53
 90
        2
102
RTVSPost2010PropOp53
 70
     1
102
RTVSPost2010Prop54
  1
strokes_ogs.tif
102
RTVSPost2010PropOp54
 70
     1
102
RTVSPost2010Prop55
280
     0
102
RTVSPost2010PropOp55
 70
     1
102
RTVSPost2010Prop56
140
1.0
102
RTVSPost2010PropOp56
 70
     1
102
RTVSPost2010Prop57
140
1.0
102
RTVSPost2010PropOp57
 70
     1
  0
XRECORD
  5
1882
102
{ACAD_REACTORS
330
1881
102
}
330
1881
100
AcDbXrecord
280
     1
102
RTVSPropertyOp0
 70
     1
102
RTVSPropertyOp1
 70
     1
102
RTVSPropertyOp2
 70
     1
102
RTVSPropertyOp3
 70
     1
102
RTVSPropertyOp4
 70
     1
102
RTVSPropertyOp5
 70
     1
102
RTVSPropertyOp6
 70
     1
102
RTVSPropertyOp7
 70
     1
102
RTVSPropertyOp8
 70
     1
102
RTVSPropertyOp9
 70
     1
102
RTVSPropertyOp10
 70
     1
102
RTVSPropertyOp11
 70
     1
102
RTVSPropertyOp12
 70
     1
102
RTVSPropertyOp13
 70
     1
102
RTVSPropertyOp14
 70
     1
102
RTVSPropertyOp15
 70
     1
102
RTVSPropertyOp16
 70
     1
102
RTVSPropertyOp17
 70
     1
102
RTVSPropertyOp18
 70
     1
102
RTVSPropertyOp19
 70
     1
102
RTVSPropertyOp20
 70
     1
102
RTVSPropertyOp21
 70
     1
102
RTVSPropertyOp22
 70
     1
102
RTVSPropertyOp23
 70
     1
102
RTVSPropertyOp24
 70
     1
102
RTVSPropertyOp25
 70
     1
102
RTVSPropertyOp26
 70
     1
102
RTVSPropertyOp27
 70
     1
102
RTVSPropertyOp28
 70
     1
102
RTVSPropertyOp29
 70
     1
102
RTVSPropertyOp30
 70
     1
102
RTVSPropertyOp31
 70
     1
102
RTVSPropertyOp32
 70
     1
102
RTVSPropertyOp33
 70
     1
102
RTVSPropertyOp34
 70
     1
102
RTVSPropertyOp35
 70
     1
102
RTVSPropertyOp36
 70
     1
102
RTVSPropertyOp37
 70
     1
102
RTVSPropertyOp38
 70
     1
102
RTVSPropertyOp39
 70
     1
102
RTVSPropertyOp40
 70
     1
102
RTVSPropertyOp41
 70
     1
102
RTVSPropertyOp42
 70
     1
102
RTVSPropertyOp43
 70
     1
102
RTVSPropertyOp44
 70
     1
102
RTVSPropertyOp45
 70
     1
102
RTVSPropertyOp46
 70
     1
102
RTVSPropertyOp47
 70
     1
102
RTVSPropertyOp48
 70
     1
102
RTVSPropertyOp49
 70
     1
102
RTVSPropertyOp50
 70
     1
102
RTVSPropertyOp51
 70
     0
102
RTVSPropertyOp52
 70
     0
102
RTVSPropertyOp53
 70
     1
102
RTVSPropertyOp54
 70
     1
102
RTVSPropertyOp55
 70
     1
102
RTVSPropertyOp56
 70
     1
102
RTVSPropertyOp57
 70
     1
102
RTVSPost2010Prop28
280
     0
102
RTVSPost2010PropOp28
 70
     1
102
RTVSPost2010Prop29
280
     1
102
RTVSPost2010PropOp29
 70
     1
102
RTVSPost2010Prop30
280
     1
102
RTVSPost2010PropOp30
 70
     1
102
RTVSPost2010Prop31
280
     0
102
RTVSPost2010PropOp31
 70
     1
102
RTVSPost2010Prop32
280
     0
102
RTVSPost2010PropOp32
 70
     1
102
RTVSPost2010Prop33
280
     0
102
RTVSPost2010PropOp33
 70
     1
102
RTVSPost2010Prop34
280
     0
102
RTVSPost2010PropOp34
 70
     1
102
RTVSPost2010Prop35
280
     0
102
RTVSPost2010PropOp35
 70
     1
102
RTVSPost2010Prop36
280
     0
102
RTVSPost2010PropOp36
 70
     1
102
RTVSPost2010Prop37
 90
       50
102
RTVSPost2010PropOp37
 70
     1
102
RTVSPost2010Prop38
140
0.0
102
RTVSPost2010PropOp38
 70
     1
102
RTVSPost2010Prop39
140
1.0
102
RTVSPost2010PropOp39
 70
     1
102
RTVSPost2010Prop40
 90
        0
102
RTVSPost2010PropOp40
 70
     1
102
RTVSPost2010Prop41ColorIndex
 90
       18
102
RTVSPost2010Prop41ColorRGB
 90
        0
102
RTVSPost2010PropOp41
 70
     1
102
RTVSPost2010Prop42
 90
       50
102
RTVSPost2010PropOp42
 70
     1
102
RTVSPost2010Prop43
 90
        3
102
RTVSPost2010PropOp43
 70
     1
102
RTVSPost2010Prop44ColorIndex
 90
        5
102
RTVSPost2010Prop44ColorRGB
 90
      255
102
RTVSPost2010PropOp44
 70
     1
102
RTVSPost2010Prop45
280
     0
102
RTVSPost2010PropOp45
 70
     1
102
RTVSPost2010Prop46
 90
       50
102
RTVSPost2010PropOp46
 70
     1
102
RTVSPost2010Prop47
 90
       50
102
RTVSPost2010PropOp47
 70
     1
102
RTVSPost2010Prop48
 90
       50
102
RTVSPost2010PropOp48
 70
     1
102
RTVSPost2010Prop49
280
     0
102
RTVSPost2010PropOp49
 70
     1
102
RTVSPost2010Prop50
 90
       50
102
RTVSPost2010PropOp50
 70
     1
102
RTVSPost2010Prop51ColorIndex
 90
      256
102
RTVSPost2010Prop51ColorRGB
 90
-16777216
102
RTVSPost2010PropOp51
 70
     0
102
RTVSPost2010Prop52
140
1.0
102
RTVSPost2010PropOp52
 70
     0
102
RTVSPost2010Prop53
 90
        2
102
RTVSPost2010PropOp53
 70
     1
102
RTVSPost2010Prop54
  1
strokes_ogs.tif
102
RTVSPost2010PropOp54
 70
     1
102
RTVSPost2010Prop55
280
     0
102
RTVSPost2010PropOp55
 70
     1
102
RTVSPost2010Prop56
140
1.0
102
RTVSPost2010PropOp56
 70
     1
102
RTVSPost2010Prop57
140
1.0
102
RTVSPost2010PropOp57
 70
     1
  0
XRECORD
  5
1884
102
{ACAD_REACTORS
330
1883
102
}
330
1883
100
AcDbXrecord
280
     1
102
RTVSPropertyOp0
 70
     1
102
RTVSPropertyOp1
 70
     1
102
RTVSPropertyOp2
 70
     1
102
RTVSPropertyOp3
 70
     1
102
RTVSPropertyOp4
 70
     1
102
RTVSPropertyOp5
 70
     1
102
RTVSPropertyOp6
 70
     1
102
RTVSPropertyOp7
 70
     1
102
RTVSPropertyOp8
 70
     1
102
RTVSPropertyOp9
 70
     1
102
RTVSPropertyOp10
 70
     1
102
RTVSPropertyOp11
 70
     1
102
RTVSPropertyOp12
 70
     1
102
RTVSPropertyOp13
 70
     1
102
RTVSPropertyOp14
 70
     1
102
RTVSPropertyOp15
 70
     1
102
RTVSPropertyOp16
 70
     1
102
RTVSPropertyOp17
 70
     1
102
RTVSPropertyOp18
 70
     1
102
RTVSPropertyOp19
 70
     1
102
RTVSPropertyOp20
 70
     1
102
RTVSPropertyOp21
 70
     1
102
RTVSPropertyOp22
 70
     1
102
RTVSPropertyOp23
 70
     1
102
RTVSPropertyOp24
 70
     1
102
RTVSPropertyOp25
 70
     1
102
RTVSPropertyOp26
 70
     1
102
RTVSPropertyOp27
 70
     1
102
RTVSPropertyOp28
 70
     1
102
RTVSPropertyOp29
 70
     1
102
RTVSPropertyOp30
 70
     1
102
RTVSPropertyOp31
 70
     1
102
RTVSPropertyOp32
 70
     1
102
RTVSPropertyOp33
 70
     1
102
RTVSPropertyOp34
 70
     1
102
RTVSPropertyOp35
 70
     1
102
RTVSPropertyOp36
 70
     1
102
RTVSPropertyOp37
 70
     1
102
RTVSPropertyOp38
 70
     1
102
RTVSPropertyOp39
 70
     1
102
RTVSPropertyOp40
 70
     1
102
RTVSPropertyOp41
 70
     1
102
RTVSPropertyOp42
 70
     1
102
RTVSPropertyOp43
 70
     1
102
RTVSPropertyOp44
 70
     1
102
RTVSPropertyOp45
 70
     1
102
RTVSPropertyOp46
 70
     1
102
RTVSPropertyOp47
 70
     1
102
RTVSPropertyOp48
 70
     1
102
RTVSPropertyOp49
 70
     1
102
RTVSPropertyOp50
 70
     1
102
RTVSPropertyOp51
 70
     0
102
RTVSPropertyOp52
 70
     0
102
RTVSPropertyOp53
 70
     1
102
RTVSPropertyOp54
 70
     1
102
RTVSPropertyOp55
 70
     1
102
RTVSPropertyOp56
 70
     1
102
RTVSPropertyOp57
 70
     1
102
RTVSPost2010Prop28
280
     0
102
RTVSPost2010PropOp28
 70
     1
102
RTVSPost2010Prop29
280
     1
102
RTVSPost2010PropOp29
 70
     1
102
RTVSPost2010Prop30
280
     1
102
RTVSPost2010PropOp30
 70
     1
102
RTVSPost2010Prop31
280
     0
102
RTVSPost2010PropOp31
 70
     1
102
RTVSPost2010Prop32
280
     0
102
RTVSPost2010PropOp32
 70
     1
102
RTVSPost2010Prop33
280
     0
102
RTVSPost2010PropOp33
 70
     1
102
RTVSPost2010Prop34
280
     0
102
RTVSPost2010PropOp34
 70
     1
102
RTVSPost2010Prop35
280
     0
102
RTVSPost2010PropOp35
 70
     1
102
RTVSPost2010Prop36
280
     0
102
RTVSPost2010PropOp36
 70
     1
102
RTVSPost2010Prop37
 90
       50
102
RTVSPost2010PropOp37
 70
     1
102
RTVSPost2010Prop38
140
0.0
102
RTVSPost2010PropOp38
 70
     1
102
RTVSPost2010Prop39
140
1.0
102
RTVSPost2010PropOp39
 70
     1
102
RTVSPost2010Prop40
 90
        0
102
RTVSPost2010PropOp40
 70
     1
102
RTVSPost2010Prop41ColorIndex
 90
       18
102
RTVSPost2010Prop41ColorRGB
 90
        0
102
RTVSPost2010PropOp41
 70
     1
102
RTVSPost2010Prop42
 90
       50
102
RTVSPost2010PropOp42
 70
     1
102
RTVSPost2010Prop43
 90
        3
102
RTVSPost2010PropOp43
 70
     1
102
RTVSPost2010Prop44ColorIndex
 90
        5
102
RTVSPost2010Prop44ColorRGB
 90
      255
102
RTVSPost2010PropOp44
 70
     1
102
RTVSPost2010Prop45
280
     0
102
RTVSPost2010PropOp45
 70
     1
102
RTVSPost2010Prop46
 90
       50
102
RTVSPost2010PropOp46
 70
     1
102
RTVSPost2010Prop47
 90
       50
102
RTVSPost2010PropOp47
 70
     1
102
RTVSPost2010Prop48
 90
       50
102
RTVSPost2010PropOp48
 70
     1
102
RTVSPost2010Prop49
280
     0
102
RTVSPost2010PropOp49
 70
     1
102
RTVSPost2010Prop50
 90
       50
102
RTVSPost2010PropOp50
 70
     1
102
RTVSPost2010Prop51ColorIndex
 90
      256
102
RTVSPost2010Prop51ColorRGB
 90
-16777216
102
RTVSPost2010PropOp51
 70
     0
102
RTVSPost2010Prop52
140
1.0
102
RTVSPost2010PropOp52
 70
     0
102
RTVSPost2010Prop53
 90
        2
102
RTVSPost2010PropOp53
 70
     1
102
RTVSPost2010Prop54
  1
strokes_ogs.tif
102
RTVSPost2010PropOp54
 70
     1
102
RTVSPost2010Prop55
280
     0
102
RTVSPost2010PropOp55
 70
     1
102
RTVSPost2010Prop56
140
1.0
102
RTVSPost2010PropOp56
 70
     1
102
RTVSPost2010Prop57
140
1.0
102
RTVSPost2010PropOp57
 70
     1
  0
XRECORD
  5
1886
102
{ACAD_REACTORS
330
1885
102
}
330
1885
100
AcDbXrecord
280
     1
102
RTVSPropertyOp0
 70
     1
102
RTVSPropertyOp1
 70
     1
102
RTVSPropertyOp2
 70
     1
102
RTVSPropertyOp3
 70
     1
102
RTVSPropertyOp4
 70
     1
102
RTVSPropertyOp5
 70
     1
102
RTVSPropertyOp6
 70
     1
102
RTVSPropertyOp7
 70
     1
102
RTVSPropertyOp8
 70
     1
102
RTVSPropertyOp9
 70
     1
102
RTVSPropertyOp10
 70
     1
102
RTVSPropertyOp11
 70
     1
102
RTVSPropertyOp12
 70
     1
102
RTVSPropertyOp13
 70
     1
102
RTVSPropertyOp14
 70
     1
102
RTVSPropertyOp15
 70
     1
102
RTVSPropertyOp16
 70
     1
102
RTVSPropertyOp17
 70
     1
102
RTVSPropertyOp18
 70
     1
102
RTVSPropertyOp19
 70
     1
102
RTVSPropertyOp20
 70
     1
102
RTVSPropertyOp21
 70
     1
102
RTVSPropertyOp22
 70
     1
102
RTVSPropertyOp23
 70
     1
102
RTVSPropertyOp24
 70
     1
102
RTVSPropertyOp25
 70
     1
102
RTVSPropertyOp26
 70
     1
102
RTVSPropertyOp27
 70
     1
102
RTVSPropertyOp28
 70
     1
102
RTVSPropertyOp29
 70
     1
102
RTVSPropertyOp30
 70
     1
102
RTVSPropertyOp31
 70
     1
102
RTVSPropertyOp32
 70
     1
102
RTVSPropertyOp33
 70
     1
102
RTVSPropertyOp34
 70
     1
102
RTVSPropertyOp35
 70
     1
102
RTVSPropertyOp36
 70
     1
102
RTVSPropertyOp37
 70
     1
102
RTVSPropertyOp38
 70
     1
102
RTVSPropertyOp39
 70
     1
102
RTVSPropertyOp40
 70
     1
102
RTVSPropertyOp41
 70
     1
102
RTVSPropertyOp42
 70
     1
102
RTVSPropertyOp43
 70
     1
102
RTVSPropertyOp44
 70
     1
102
RTVSPropertyOp45
 70
     1
102
RTVSPropertyOp46
 70
     1
102
RTVSPropertyOp47
 70
     1
102
RTVSPropertyOp48
 70
     1
102
RTVSPropertyOp49
 70
     1
102
RTVSPropertyOp50
 70
     1
102
RTVSPropertyOp51
 70
     0
102
RTVSPropertyOp52
 70
     0
102
RTVSPropertyOp53
 70
     1
102
RTVSPropertyOp54
 70
     1
102
RTVSPropertyOp55
 70
     1
102
RTVSPropertyOp56
 70
     1
102
RTVSPropertyOp57
 70
     1
102
RTVSPost2010Prop28
280
     0
102
RTVSPost2010PropOp28
 70
     1
102
RTVSPost2010Prop29
280
     1
102
RTVSPost2010PropOp29
 70
     1
102
RTVSPost2010Prop30
280
     1
102
RTVSPost2010PropOp30
 70
     1
102
RTVSPost2010Prop31
280
     0
102
RTVSPost2010PropOp31
 70
     1
102
RTVSPost2010Prop32
280
     0
102
RTVSPost2010PropOp32
 70
     1
102
RTVSPost2010Prop33
280
     0
102
RTVSPost2010PropOp33
 70
     1
102
RTVSPost2010Prop34
280
     0
102
RTVSPost2010PropOp34
 70
     1
102
RTVSPost2010Prop35
280
     0
102
RTVSPost2010PropOp35
 70
     1
102
RTVSPost2010Prop36
280
     0
102
RTVSPost2010PropOp36
 70
     1
102
RTVSPost2010Prop37
 90
       50
102
RTVSPost2010PropOp37
 70
     1
102
RTVSPost2010Prop38
140
0.0
102
RTVSPost2010PropOp38
 70
     1
102
RTVSPost2010Prop39
140
1.0
102
RTVSPost2010PropOp39
 70
     1
102
RTVSPost2010Prop40
 90
        0
102
RTVSPost2010PropOp40
 70
     1
102
RTVSPost2010Prop41ColorIndex
 90
       18
102
RTVSPost2010Prop41ColorRGB
 90
        0
102
RTVSPost2010PropOp41
 70
     1
102
RTVSPost2010Prop42
 90
       50
102
RTVSPost2010PropOp42
 70
     1
102
RTVSPost2010Prop43
 90
        3
102
RTVSPost2010PropOp43
 70
     1
102
RTVSPost2010Prop44ColorIndex
 90
        5
102
RTVSPost2010Prop44ColorRGB
 90
      255
102
RTVSPost2010PropOp44
 70
     1
102
RTVSPost2010Prop45
280
     0
102
RTVSPost2010PropOp45
 70
     1
102
RTVSPost2010Prop46
 90
       50
102
RTVSPost2010PropOp46
 70
     1
102
RTVSPost2010Prop47
 90
       50
102
RTVSPost2010PropOp47
 70
     1
102
RTVSPost2010Prop48
 90
       50
102
RTVSPost2010PropOp48
 70
     1
102
RTVSPost2010Prop49
280
     0
102
RTVSPost2010PropOp49
 70
     1
102
RTVSPost2010Prop50
 90
       50
102
RTVSPost2010PropOp50
 70
     1
102
RTVSPost2010Prop51ColorIndex
 90
      256
102
RTVSPost2010Prop51ColorRGB
 90
-16777216
102
RTVSPost2010PropOp51
 70
     0
102
RTVSPost2010Prop52
140
1.0
102
RTVSPost2010PropOp52
 70
     0
102
RTVSPost2010Prop53
 90
        2
102
RTVSPost2010PropOp53
 70
     1
102
RTVSPost2010Prop54
  1
strokes_ogs.tif
102
RTVSPost2010PropOp54
 70
     1
102
RTVSPost2010Prop55
280
     0
102
RTVSPost2010PropOp55
 70
     1
102
RTVSPost2010Prop56
140
1.0
102
RTVSPost2010PropOp56
 70
     1
102
RTVSPost2010Prop57
140
1.0
102
RTVSPost2010PropOp57
 70
     1
  0
XRECORD
  5
1888
102
{ACAD_REACTORS
330
1887
102
}
330
1887
100
AcDbXrecord
280
     1
102
RTVSPropertyOp0
 70
     1
102
RTVSPropertyOp1
 70
     1
102
RTVSPropertyOp2
 70
     1
102
RTVSPropertyOp3
 70
     1
102
RTVSPropertyOp4
 70
     1
102
RTVSPropertyOp5
 70
     1
102
RTVSPropertyOp6
 70
     1
102
RTVSPropertyOp7
 70
     1
102
RTVSPropertyOp8
 70
     1
102
RTVSPropertyOp9
 70
     1
102
RTVSPropertyOp10
 70
     1
102
RTVSPropertyOp11
 70
     1
102
RTVSPropertyOp12
 70
     1
102
RTVSPropertyOp13
 70
     1
102
RTVSPropertyOp14
 70
     1
102
RTVSPropertyOp15
 70
     1
102
RTVSPropertyOp16
 70
     1
102
RTVSPropertyOp17
 70
     1
102
RTVSPropertyOp18
 70
     1
102
RTVSPropertyOp19
 70
     1
102
RTVSPropertyOp20
 70
     1
102
RTVSPropertyOp21
 70
     1
102
RTVSPropertyOp22
 70
     1
102
RTVSPropertyOp23
 70
     1
102
RTVSPropertyOp24
 70
     1
102
RTVSPropertyOp25
 70
     1
102
RTVSPropertyOp26
 70
     1
102
RTVSPropertyOp27
 70
     1
102
RTVSPropertyOp28
 70
     1
102
RTVSPropertyOp29
 70
     1
102
RTVSPropertyOp30
 70
     1
102
RTVSPropertyOp31
 70
     1
102
RTVSPropertyOp32
 70
     1
102
RTVSPropertyOp33
 70
     1
102
RTVSPropertyOp34
 70
     1
102
RTVSPropertyOp35
 70
     1
102
RTVSPropertyOp36
 70
     1
102
RTVSPropertyOp37
 70
     1
102
RTVSPropertyOp38
 70
     1
102
RTVSPropertyOp39
 70
     1
102
RTVSPropertyOp40
 70
     1
102
RTVSPropertyOp41
 70
     1
102
RTVSPropertyOp42
 70
     1
102
RTVSPropertyOp43
 70
     1
102
RTVSPropertyOp44
 70
     1
102
RTVSPropertyOp45
 70
     1
102
RTVSPropertyOp46
 70
     1
102
RTVSPropertyOp47
 70
     1
102
RTVSPropertyOp48
 70
     1
102
RTVSPropertyOp49
 70
     1
102
RTVSPropertyOp50
 70
     1
102
RTVSPropertyOp51
 70
     0
102
RTVSPropertyOp52
 70
     0
102
RTVSPropertyOp53
 70
     1
102
RTVSPropertyOp54
 70
     1
102
RTVSPropertyOp55
 70
     1
102
RTVSPropertyOp56
 70
     1
102
RTVSPropertyOp57
 70
     1
102
RTVSPost2010Prop28
280
     0
102
RTVSPost2010PropOp28
 70
     1
102
RTVSPost2010Prop29
280
     1
102
RTVSPost2010PropOp29
 70
     1
102
RTVSPost2010Prop30
280
     1
102
RTVSPost2010PropOp30
 70
     1
102
RTVSPost2010Prop31
280
     0
102
RTVSPost2010PropOp31
 70
     1
102
RTVSPost2010Prop32
280
     0
102
RTVSPost2010PropOp32
 70
     1
102
RTVSPost2010Prop33
280
     0
102
RTVSPost2010PropOp33
 70
     1
102
RTVSPost2010Prop34
280
     0
102
RTVSPost2010PropOp34
 70
     1
102
RTVSPost2010Prop35
280
     0
102
RTVSPost2010PropOp35
 70
     1
102
RTVSPost2010Prop36
280
     0
102
RTVSPost2010PropOp36
 70
     1
102
RTVSPost2010Prop37
 90
       50
102
RTVSPost2010PropOp37
 70
     1
102
RTVSPost2010Prop38
140
0.0
102
RTVSPost2010PropOp38
 70
     1
102
RTVSPost2010Prop39
140
1.0
102
RTVSPost2010PropOp39
 70
     1
102
RTVSPost2010Prop40
 90
        0
102
RTVSPost2010PropOp40
 70
     1
102
RTVSPost2010Prop41ColorIndex
 90
       18
102
RTVSPost2010Prop41ColorRGB
 90
        0
102
RTVSPost2010PropOp41
 70
     1
102
RTVSPost2010Prop42
 90
       50
102
RTVSPost2010PropOp42
 70
     1
102
RTVSPost2010Prop43
 90
        3
102
RTVSPost2010PropOp43
 70
     1
102
RTVSPost2010Prop44ColorIndex
 90
        5
102
RTVSPost2010Prop44ColorRGB
 90
      255
102
RTVSPost2010PropOp44
 70
     1
102
RTVSPost2010Prop45
280
     0
102
RTVSPost2010PropOp45
 70
     1
102
RTVSPost2010Prop46
 90
       50
102
RTVSPost2010PropOp46
 70
     1
102
RTVSPost2010Prop47
 90
       50
102
RTVSPost2010PropOp47
 70
     1
102
RTVSPost2010Prop48
 90
       50
102
RTVSPost2010PropOp48
 70
     1
102
RTVSPost2010Prop49
280
     0
102
RTVSPost2010PropOp49
 70
     1
102
RTVSPost2010Prop50
 90
       50
102
RTVSPost2010PropOp50
 70
     1
102
RTVSPost2010Prop51ColorIndex
 90
      256
102
RTVSPost2010Prop51ColorRGB
 90
-16777216
102
RTVSPost2010PropOp51
 70
     0
102
RTVSPost2010Prop52
140
1.0
102
RTVSPost2010PropOp52
 70
     0
102
RTVSPost2010Prop53
 90
        2
102
RTVSPost2010PropOp53
 70
     1
102
RTVSPost2010Prop54
  1
strokes_ogs.tif
102
RTVSPost2010PropOp54
 70
     1
102
RTVSPost2010Prop55
280
     0
102
RTVSPost2010PropOp55
 70
     1
102
RTVSPost2010Prop56
140
1.0
102
RTVSPost2010PropOp56
 70
     1
102
RTVSPost2010Prop57
140
1.0
102
RTVSPost2010PropOp57
 70
     1
  0
XRECORD
  5
188A
102
{ACAD_REACTORS
330
1889
102
}
330
1889
100
AcDbXrecord
280
     1
102
RTVSPropertyOp0
 70
     0
102
RTVSPropertyOp1
 70
     0
102
RTVSPropertyOp2
 70
     0
102
RTVSPropertyOp3
 70
     0
102
RTVSPropertyOp4
 70
     0
102
RTVSPropertyOp5
 70
     0
102
RTVSPropertyOp6
 70
     0
102
RTVSPropertyOp7
 70
     0
102
RTVSPropertyOp8
 70
     0
102
RTVSPropertyOp9
 70
     0
102
RTVSPropertyOp10
 70
     0
102
RTVSPropertyOp11
 70
     0
102
RTVSPropertyOp12
 70
     0
102
RTVSPropertyOp13
 70
     0
102
RTVSPropertyOp14
 70
     2
102
RTVSPropertyOp15
 70
     0
102
RTVSPropertyOp16
 70
     0
102
RTVSPropertyOp17
 70
     0
102
RTVSPropertyOp18
 70
     0
102
RTVSPropertyOp19
 70
     0
102
RTVSPropertyOp20
 70
     0
102
RTVSPropertyOp21
 70
     0
102
RTVSPropertyOp22
 70
     0
102
RTVSPropertyOp23
 70
     0
102
RTVSPropertyOp24
 70
     0
102
RTVSPropertyOp25
 70
     0
102
RTVSPropertyOp26
 70
     0
102
RTVSPropertyOp27
 70
     0
102
RTVSPropertyOp28
 70
     1
102
RTVSPropertyOp29
 70
     1
102
RTVSPropertyOp30
 70
     1
102
RTVSPropertyOp31
 70
     1
102
RTVSPropertyOp32
 70
     1
102
RTVSPropertyOp33
 70
     1
102
RTVSPropertyOp34
 70
     1
102
RTVSPropertyOp35
 70
     1
102
RTVSPropertyOp36
 70
     1
102
RTVSPropertyOp37
 70
     1
102
RTVSPropertyOp38
 70
     1
102
RTVSPropertyOp39
 70
     1
102
RTVSPropertyOp40
 70
     1
102
RTVSPropertyOp41
 70
     1
102
RTVSPropertyOp42
 70
     1
102
RTVSPropertyOp43
 70
     1
102
RTVSPropertyOp44
 70
     1
102
RTVSPropertyOp45
 70
     1
102
RTVSPropertyOp46
 70
     1
102
RTVSPropertyOp47
 70
     1
102
RTVSPropertyOp48
 70
     1
102
RTVSPropertyOp49
 70
     1
102
RTVSPropertyOp50
 70
     1
102
RTVSPropertyOp51
 70
     0
102
RTVSPropertyOp52
 70
     0
102
RTVSPropertyOp53
 70
     1
102
RTVSPropertyOp54
 70
     1
102
RTVSPropertyOp55
 70
     1
102
RTVSPropertyOp56
 70
     1
102
RTVSPropertyOp57
 70
     1
102
RTVSPost2010Prop28
280
     0
102
RTVSPost2010PropOp28
 70
     1
102
RTVSPost2010Prop29
280
     1
102
RTVSPost2010PropOp29
 70
     1
102
RTVSPost2010Prop30
280
     1
102
RTVSPost2010PropOp30
 70
     1
102
RTVSPost2010Prop31
280
     0
102
RTVSPost2010PropOp31
 70
     1
102
RTVSPost2010Prop32
280
     0
102
RTVSPost2010PropOp32
 70
     1
102
RTVSPost2010Prop33
280
     0
102
RTVSPost2010PropOp33
 70
     1
102
RTVSPost2010Prop34
280
     0
102
RTVSPost2010PropOp34
 70
     1
102
RTVSPost2010Prop35
280
     0
102
RTVSPost2010PropOp35
 70
     1
102
RTVSPost2010Prop36
280
     0
102
RTVSPost2010PropOp36
 70
     1
102
RTVSPost2010Prop37
 90
       50
102
RTVSPost2010PropOp37
 70
     1
102
RTVSPost2010Prop38
140
0.0
102
RTVSPost2010PropOp38
 70
     1
102
RTVSPost2010Prop39
140
1.0
102
RTVSPost2010PropOp39
 70
     1
102
RTVSPost2010Prop40
 90
        0
102
RTVSPost2010PropOp40
 70
     1
102
RTVSPost2010Prop41ColorIndex
 90
       18
102
RTVSPost2010Prop41ColorRGB
 90
        0
102
RTVSPost2010PropOp41
 70
     1
102
RTVSPost2010Prop42
 90
       50
102
RTVSPost2010PropOp42
 70
     1
102
RTVSPost2010Prop43
 90
        3
102
RTVSPost2010PropOp43
 70
     1
102
RTVSPost2010Prop44ColorIndex
 90
        5
102
RTVSPost2010Prop44ColorRGB
 90
      255
102
RTVSPost2010PropOp44
 70
     1
102
RTVSPost2010Prop45
280
     0
102
RTVSPost2010PropOp45
 70
     1
102
RTVSPost2010Prop46
 90
       50
102
RTVSPost2010PropOp46
 70
     1
102
RTVSPost2010Prop47
 90
       50
102
RTVSPost2010PropOp47
 70
     1
102
RTVSPost2010Prop48
 90
       50
102
RTVSPost2010PropOp48
 70
     1
102
RTVSPost2010Prop49
280
     0
102
RTVSPost2010PropOp49
 70
     1
102
RTVSPost2010Prop50
 90
       50
102
RTVSPost2010PropOp50
 70
     1
102
RTVSPost2010Prop51ColorIndex
 90
      256
102
RTVSPost2010Prop51ColorRGB
 90
-16777216
102
RTVSPost2010PropOp51
 70
     0
102
RTVSPost2010Prop52
140
1.0
102
RTVSPost2010PropOp52
 70
     0
102
RTVSPost2010Prop53
 90
        2
102
RTVSPost2010PropOp53
 70
     1
102
RTVSPost2010Prop54
  1
strokes_ogs.tif
102
RTVSPost2010PropOp54
 70
     1
102
RTVSPost2010Prop55
280
     0
102
RTVSPost2010PropOp55
 70
     1
102
RTVSPost2010Prop56
140
1.0
102
RTVSPost2010PropOp56
 70
     1
102
RTVSPost2010Prop57
140
1.0
102
RTVSPost2010PropOp57
 70
     1
  0
XRECORD
  5
188C
102
{ACAD_REACTORS
330
188B
102
}
330
188B
100
AcDbXrecord
280
     1
102
RTVSPropertyOp0
 70
     1
102
RTVSPropertyOp1
 70
     1
102
RTVSPropertyOp2
 70
     1
102
RTVSPropertyOp3
 70
     1
102
RTVSPropertyOp4
 70
     1
102
RTVSPropertyOp5
 70
     1
102
RTVSPropertyOp6
 70
     1
102
RTVSPropertyOp7
 70
     1
102
RTVSPropertyOp8
 70
     1
102
RTVSPropertyOp9
 70
     1
102
RTVSPropertyOp10
 70
     1
102
RTVSPropertyOp11
 70
     1
102
RTVSPropertyOp12
 70
     1
102
RTVSPropertyOp13
 70
     1
102
RTVSPropertyOp14
 70
     1
102
RTVSPropertyOp15
 70
     1
102
RTVSPropertyOp16
 70
     1
102
RTVSPropertyOp17
 70
     1
102
RTVSPropertyOp18
 70
     1
102
RTVSPropertyOp19
 70
     1
102
RTVSPropertyOp20
 70
     1
102
RTVSPropertyOp21
 70
     1
102
RTVSPropertyOp22
 70
     1
102
RTVSPropertyOp23
 70
     1
102
RTVSPropertyOp24
 70
     1
102
RTVSPropertyOp25
 70
     1
102
RTVSPropertyOp26
 70
     1
102
RTVSPropertyOp27
 70
     1
102
RTVSPropertyOp28
 70
     1
102
RTVSPropertyOp29
 70
     1
102
RTVSPropertyOp30
 70
     1
102
RTVSPropertyOp31
 70
     1
102
RTVSPropertyOp32
 70
     1
102
RTVSPropertyOp33
 70
     1
102
RTVSPropertyOp34
 70
     1
102
RTVSPropertyOp35
 70
     1
102
RTVSPropertyOp36
 70
     1
102
RTVSPropertyOp37
 70
     1
102
RTVSPropertyOp38
 70
     1
102
RTVSPropertyOp39
 70
     1
102
RTVSPropertyOp40
 70
     1
102
RTVSPropertyOp41
 70
     1
102
RTVSPropertyOp42
 70
     1
102
RTVSPropertyOp43
 70
     1
102
RTVSPropertyOp44
 70
     1
102
RTVSPropertyOp45
 70
     1
102
RTVSPropertyOp46
 70
     1
102
RTVSPropertyOp47
 70
     1
102
RTVSPropertyOp48
 70
     1
102
RTVSPropertyOp49
 70
     1
102
RTVSPropertyOp50
 70
     1
102
RTVSPropertyOp51
 70
     0
102
RTVSPropertyOp52
 70
     0
102
RTVSPropertyOp53
 70
     1
102
RTVSPropertyOp54
 70
     1
102
RTVSPropertyOp55
 70
     1
102
RTVSPropertyOp56
 70
     1
102
RTVSPropertyOp57
 70
     1
102
RTVSPost2010Prop28
280
     0
102
RTVSPost2010PropOp28
 70
     1
102
RTVSPost2010Prop29
280
     1
102
RTVSPost2010PropOp29
 70
     1
102
RTVSPost2010Prop30
280
     1
102
RTVSPost2010PropOp30
 70
     1
102
RTVSPost2010Prop31
280
     0
102
RTVSPost2010PropOp31
 70
     1
102
RTVSPost2010Prop32
280
     0
102
RTVSPost2010PropOp32
 70
     1
102
RTVSPost2010Prop33
280
     0
102
RTVSPost2010PropOp33
 70
     1
102
RTVSPost2010Prop34
280
     0
102
RTVSPost2010PropOp34
 70
     1
102
RTVSPost2010Prop35
280
     0
102
RTVSPost2010PropOp35
 70
     1
102
RTVSPost2010Prop36
280
     0
102
RTVSPost2010PropOp36
 70
     1
102
RTVSPost2010Prop37
 90
       50
102
RTVSPost2010PropOp37
 70
     1
102
RTVSPost2010Prop38
140
0.0
102
RTVSPost2010PropOp38
 70
     1
102
RTVSPost2010Prop39
140
1.0
102
RTVSPost2010PropOp39
 70
     1
102
RTVSPost2010Prop40
 90
        0
102
RTVSPost2010PropOp40
 70
     1
102
RTVSPost2010Prop41ColorIndex
 90
       18
102
RTVSPost2010Prop41ColorRGB
 90
        0
102
RTVSPost2010PropOp41
 70
     1
102
RTVSPost2010Prop42
 90
       50
102
RTVSPost2010PropOp42
 70
     1
102
RTVSPost2010Prop43
 90
        3
102
RTVSPost2010PropOp43
 70
     1
102
RTVSPost2010Prop44ColorIndex
 90
        5
102
RTVSPost2010Prop44ColorRGB
 90
      255
102
RTVSPost2010PropOp44
 70
     1
102
RTVSPost2010Prop45
280
     0
102
RTVSPost2010PropOp45
 70
     1
102
RTVSPost2010Prop46
 90
       50
102
RTVSPost2010PropOp46
 70
     1
102
RTVSPost2010Prop47
 90
       50
102
RTVSPost2010PropOp47
 70
     1
102
RTVSPost2010Prop48
 90
       50
102
RTVSPost2010PropOp48
 70
     1
102
RTVSPost2010Prop49
280
     0
102
RTVSPost2010PropOp49
 70
     1
102
RTVSPost2010Prop50
 90
       50
102
RTVSPost2010PropOp50
 70
     1
102
RTVSPost2010Prop51ColorIndex
 90
      256
102
RTVSPost2010Prop51ColorRGB
 90
-16777216
102
RTVSPost2010PropOp51
 70
     0
102
RTVSPost2010Prop52
140
1.0
102
RTVSPost2010PropOp52
 70
     0
102
RTVSPost2010Prop53
 90
        2
102
RTVSPost2010PropOp53
 70
     1
102
RTVSPost2010Prop54
  1
strokes_ogs.tif
102
RTVSPost2010PropOp54
 70
     1
102
RTVSPost2010Prop55
280
     0
102
RTVSPost2010PropOp55
 70
     1
102
RTVSPost2010Prop56
140
1.0
102
RTVSPost2010PropOp56
 70
     1
102
RTVSPost2010Prop57
140
1.0
102
RTVSPost2010PropOp57
 70
     1
  0
XRECORD
  5
188E
102
{ACAD_REACTORS
330
188D
102
}
330
188D
100
AcDbXrecord
280
     1
102
RTVSPropertyOp0
 70
     0
102
RTVSPropertyOp1
 70
     0
102
RTVSPropertyOp2
 70
     0
102
RTVSPropertyOp3
 70
     0
102
RTVSPropertyOp4
 70
     0
102
RTVSPropertyOp5
 70
     0
102
RTVSPropertyOp6
 70
     0
102
RTVSPropertyOp7
 70
     0
102
RTVSPropertyOp8
 70
     0
102
RTVSPropertyOp9
 70
     0
102
RTVSPropertyOp10
 70
     0
102
RTVSPropertyOp11
 70
     0
102
RTVSPropertyOp12
 70
     0
102
RTVSPropertyOp13
 70
     0
102
RTVSPropertyOp14
 70
     2
102
RTVSPropertyOp15
 70
     0
102
RTVSPropertyOp16
 70
     0
102
RTVSPropertyOp17
 70
     0
102
RTVSPropertyOp18
 70
     0
102
RTVSPropertyOp19
 70
     0
102
RTVSPropertyOp20
 70
     0
102
RTVSPropertyOp21
 70
     0
102
RTVSPropertyOp22
 70
     0
102
RTVSPropertyOp23
 70
     0
102
RTVSPropertyOp24
 70
     0
102
RTVSPropertyOp25
 70
     0
102
RTVSPropertyOp26
 70
     0
102
RTVSPropertyOp27
 70
     0
102
RTVSPropertyOp28
 70
     1
102
RTVSPropertyOp29
 70
     1
102
RTVSPropertyOp30
 70
     1
102
RTVSPropertyOp31
 70
     1
102
RTVSPropertyOp32
 70
     1
102
RTVSPropertyOp33
 70
     1
102
RTVSPropertyOp34
 70
     1
102
RTVSPropertyOp35
 70
     1
102
RTVSPropertyOp36
 70
     1
102
RTVSPropertyOp37
 70
     1
102
RTVSPropertyOp38
 70
     1
102
RTVSPropertyOp39
 70
     1
102
RTVSPropertyOp40
 70
     1
102
RTVSPropertyOp41
 70
     1
102
RTVSPropertyOp42
 70
     1
102
RTVSPropertyOp43
 70
     1
102
RTVSPropertyOp44
 70
     1
102
RTVSPropertyOp45
 70
     1
102
RTVSPropertyOp46
 70
     1
102
RTVSPropertyOp47
 70
     1
102
RTVSPropertyOp48
 70
     1
102
RTVSPropertyOp49
 70
     1
102
RTVSPropertyOp50
 70
     1
102
RTVSPropertyOp51
 70
     0
102
RTVSPropertyOp52
 70
     0
102
RTVSPropertyOp53
 70
     1
102
RTVSPropertyOp54
 70
     1
102
RTVSPropertyOp55
 70
     1
102
RTVSPropertyOp56
 70
     1
102
RTVSPropertyOp57
 70
     1
102
RTVSPost2010Prop28
280
     0
102
RTVSPost2010PropOp28
 70
     1
102
RTVSPost2010Prop29
280
     1
102
RTVSPost2010PropOp29
 70
     1
102
RTVSPost2010Prop30
280
     1
102
RTVSPost2010PropOp30
 70
     1
102
RTVSPost2010Prop31
280
     0
102
RTVSPost2010PropOp31
 70
     1
102
RTVSPost2010Prop32
280
     0
102
RTVSPost2010PropOp32
 70
     1
102
RTVSPost2010Prop33
280
     0
102
RTVSPost2010PropOp33
 70
     1
102
RTVSPost2010Prop34
280
     0
102
RTVSPost2010PropOp34
 70
     1
102
RTVSPost2010Prop35
280
     0
102
RTVSPost2010PropOp35
 70
     1
102
RTVSPost2010Prop36
280
     0
102
RTVSPost2010PropOp36
 70
     1
102
RTVSPost2010Prop37
 90
       50
102
RTVSPost2010PropOp37
 70
     1
102
RTVSPost2010Prop38
140
0.0
102
RTVSPost2010PropOp38
 70
     1
102
RTVSPost2010Prop39
140
1.0
102
RTVSPost2010PropOp39
 70
     1
102
RTVSPost2010Prop40
 90
        0
102
RTVSPost2010PropOp40
 70
     1
102
RTVSPost2010Prop41ColorIndex
 90
       18
102
RTVSPost2010Prop41ColorRGB
 90
        0
102
RTVSPost2010PropOp41
 70
     1
102
RTVSPost2010Prop42
 90
       50
102
RTVSPost2010PropOp42
 70
     1
102
RTVSPost2010Prop43
 90
        3
102
RTVSPost2010PropOp43
 70
     1
102
RTVSPost2010Prop44ColorIndex
 90
        5
102
RTVSPost2010Prop44ColorRGB
 90
      255
102
RTVSPost2010PropOp44
 70
     1
102
RTVSPost2010Prop45
280
     0
102
RTVSPost2010PropOp45
 70
     1
102
RTVSPost2010Prop46
 90
       50
102
RTVSPost2010PropOp46
 70
     1
102
RTVSPost2010Prop47
 90
       50
102
RTVSPost2010PropOp47
 70
     1
102
RTVSPost2010Prop48
 90
       50
102
RTVSPost2010PropOp48
 70
     1
102
RTVSPost2010Prop49
280
     0
102
RTVSPost2010PropOp49
 70
     1
102
RTVSPost2010Prop50
 90
       50
102
RTVSPost2010PropOp50
 70
     1
102
RTVSPost2010Prop51ColorIndex
 90
      256
102
RTVSPost2010Prop51ColorRGB
 90
-16777216
102
RTVSPost2010PropOp51
 70
     0
102
RTVSPost2010Prop52
140
1.0
102
RTVSPost2010PropOp52
 70
     0
102
RTVSPost2010Prop53
 90
        2
102
RTVSPost2010PropOp53
 70
     1
102
RTVSPost2010Prop54
  1
strokes_ogs.tif
102
RTVSPost2010PropOp54
 70
     1
102
RTVSPost2010Prop55
280
     0
102
RTVSPost2010PropOp55
 70
     1
102
RTVSPost2010Prop56
140
1.0
102
RTVSPost2010PropOp56
 70
     1
102
RTVSPost2010Prop57
140
1.0
102
RTVSPost2010PropOp57
 70
     1
  0
XRECORD
  5
1890
102
{ACAD_REACTORS
330
188F
102
}
330
188F
100
AcDbXrecord
280
     1
102
RTVSPropertyOp0
 70
     1
102
RTVSPropertyOp1
 70
     1
102
RTVSPropertyOp2
 70
     1
102
RTVSPropertyOp3
 70
     1
102
RTVSPropertyOp4
 70
     1
102
RTVSPropertyOp5
 70
     1
102
RTVSPropertyOp6
 70
     1
102
RTVSPropertyOp7
 70
     1
102
RTVSPropertyOp8
 70
     1
102
RTVSPropertyOp9
 70
     1
102
RTVSPropertyOp10
 70
     1
102
RTVSPropertyOp11
 70
     1
102
RTVSPropertyOp12
 70
     1
102
RTVSPropertyOp13
 70
     1
102
RTVSPropertyOp14
 70
     1
102
RTVSPropertyOp15
 70
     1
102
RTVSPropertyOp16
 70
     1
102
RTVSPropertyOp17
 70
     1
102
RTVSPropertyOp18
 70
     1
102
RTVSPropertyOp19
 70
     1
102
RTVSPropertyOp20
 70
     1
102
RTVSPropertyOp21
 70
     1
102
RTVSPropertyOp22
 70
     1
102
RTVSPropertyOp23
 70
     1
102
RTVSPropertyOp24
 70
     1
102
RTVSPropertyOp25
 70
     1
102
RTVSPropertyOp26
 70
     1
102
RTVSPropertyOp27
 70
     1
102
RTVSPropertyOp28
 70
     1
102
RTVSPropertyOp29
 70
     1
102
RTVSPropertyOp30
 70
     1
102
RTVSPropertyOp31
 70
     1
102
RTVSPropertyOp32
 70
     1
102
RTVSPropertyOp33
 70
     1
102
RTVSPropertyOp34
 70
     1
102
RTVSPropertyOp35
 70
     1
102
RTVSPropertyOp36
 70
     1
102
RTVSPropertyOp37
 70
     1
102
RTVSPropertyOp38
 70
     1
102
RTVSPropertyOp39
 70
     1
102
RTVSPropertyOp40
 70
     1
102
RTVSPropertyOp41
 70
     1
102
RTVSPropertyOp42
 70
     1
102
RTVSPropertyOp43
 70
     1
102
RTVSPropertyOp44
 70
     1
102
RTVSPropertyOp45
 70
     1
102
RTVSPropertyOp46
 70
     1
102
RTVSPropertyOp47
 70
     1
102
RTVSPropertyOp48
 70
     1
102
RTVSPropertyOp49
 70
     1
102
RTVSPropertyOp50
 70
     1
102
RTVSPropertyOp51
 70
     0
102
RTVSPropertyOp52
 70
     0
102
RTVSPropertyOp53
 70
     1
102
RTVSPropertyOp54
 70
     1
102
RTVSPropertyOp55
 70
     1
102
RTVSPropertyOp56
 70
     1
102
RTVSPropertyOp57
 70
     1
102
RTVSPost2010Prop28
280
     0
102
RTVSPost2010PropOp28
 70
     1
102
RTVSPost2010Prop29
280
     1
102
RTVSPost2010PropOp29
 70
     1
102
RTVSPost2010Prop30
280
     1
102
RTVSPost2010PropOp30
 70
     1
102
RTVSPost2010Prop31
280
     0
102
RTVSPost2010PropOp31
 70
     1
102
RTVSPost2010Prop32
280
     0
102
RTVSPost2010PropOp32
 70
     1
102
RTVSPost2010Prop33
280
     0
102
RTVSPost2010PropOp33
 70
     1
102
RTVSPost2010Prop34
280
     0
102
RTVSPost2010PropOp34
 70
     1
102
RTVSPost2010Prop35
280
     0
102
RTVSPost2010PropOp35
 70
     1
102
RTVSPost2010Prop36
280
     0
102
RTVSPost2010PropOp36
 70
     1
102
RTVSPost2010Prop37
 90
       50
102
RTVSPost2010PropOp37
 70
     1
102
RTVSPost2010Prop38
140
0.0
102
RTVSPost2010PropOp38
 70
     1
102
RTVSPost2010Prop39
140
1.0
102
RTVSPost2010PropOp39
 70
     1
102
RTVSPost2010Prop40
 90
        0
102
RTVSPost2010PropOp40
 70
     1
102
RTVSPost2010Prop41ColorIndex
 90
       18
102
RTVSPost2010Prop41ColorRGB
 90
        0
102
RTVSPost2010PropOp41
 70
     1
102
RTVSPost2010Prop42
 90
       50
102
RTVSPost2010PropOp42
 70
     1
102
RTVSPost2010Prop43
 90
        3
102
RTVSPost2010PropOp43
 70
     1
102
RTVSPost2010Prop44ColorIndex
 90
        5
102
RTVSPost2010Prop44ColorRGB
 90
      255
102
RTVSPost2010PropOp44
 70
     1
102
RTVSPost2010Prop45
280
     0
102
RTVSPost2010PropOp45
 70
     1
102
RTVSPost2010Prop46
 90
       50
102
RTVSPost2010PropOp46
 70
     1
102
RTVSPost2010Prop47
 90
       50
102
RTVSPost2010PropOp47
 70
     1
102
RTVSPost2010Prop48
 90
       50
102
RTVSPost2010PropOp48
 70
     1
102
RTVSPost2010Prop49
280
     0
102
RTVSPost2010PropOp49
 70
     1
102
RTVSPost2010Prop50
 90
       50
102
RTVSPost2010PropOp50
 70
     1
102
RTVSPost2010Prop51ColorIndex
 90
      256
102
RTVSPost2010Prop51ColorRGB
 90
-16777216
102
RTVSPost2010PropOp51
 70
     0
102
RTVSPost2010Prop52
140
1.0
102
RTVSPost2010PropOp52
 70
     0
102
RTVSPost2010Prop53
 90
        2
102
RTVSPost2010PropOp53
 70
     1
102
RTVSPost2010Prop54
  1
strokes_ogs.tif
102
RTVSPost2010PropOp54
 70
     1
102
RTVSPost2010Prop55
280
     0
102
RTVSPost2010PropOp55
 70
     1
102
RTVSPost2010Prop56
140
1.0
102
RTVSPost2010PropOp56
 70
     1
102
RTVSPost2010Prop57
140
1.0
102
RTVSPost2010PropOp57
 70
     1
  0
XRECORD
  5
1892
102
{ACAD_REACTORS
330
1891
102
}
330
1891
100
AcDbXrecord
280
     1
102
RTVSPropertyOp0
 70
     1
102
RTVSPropertyOp1
 70
     1
102
RTVSPropertyOp2
 70
     1
102
RTVSPropertyOp3
 70
     1
102
RTVSPropertyOp4
 70
     1
102
RTVSPropertyOp5
 70
     1
102
RTVSPropertyOp6
 70
     1
102
RTVSPropertyOp7
 70
     1
102
RTVSPropertyOp8
 70
     1
102
RTVSPropertyOp9
 70
     1
102
RTVSPropertyOp10
 70
     1
102
RTVSPropertyOp11
 70
     1
102
RTVSPropertyOp12
 70
     1
102
RTVSPropertyOp13
 70
     1
102
RTVSPropertyOp14
 70
     1
102
RTVSPropertyOp15
 70
     1
102
RTVSPropertyOp16
 70
     1
102
RTVSPropertyOp17
 70
     1
102
RTVSPropertyOp18
 70
     1
102
RTVSPropertyOp19
 70
     1
102
RTVSPropertyOp20
 70
     1
102
RTVSPropertyOp21
 70
     1
102
RTVSPropertyOp22
 70
     1
102
RTVSPropertyOp23
 70
     1
102
RTVSPropertyOp24
 70
     1
102
RTVSPropertyOp25
 70
     1
102
RTVSPropertyOp26
 70
     1
102
RTVSPropertyOp27
 70
     1
102
RTVSPropertyOp28
 70
     1
102
RTVSPropertyOp29
 70
     1
102
RTVSPropertyOp30
 70
     1
102
RTVSPropertyOp31
 70
     1
102
RTVSPropertyOp32
 70
     1
102
RTVSPropertyOp33
 70
     1
102
RTVSPropertyOp34
 70
     1
102
RTVSPropertyOp35
 70
     1
102
RTVSPropertyOp36
 70
     1
102
RTVSPropertyOp37
 70
     1
102
RTVSPropertyOp38
 70
     1
102
RTVSPropertyOp39
 70
     1
102
RTVSPropertyOp40
 70
     1
102
RTVSPropertyOp41
 70
     1
102
RTVSPropertyOp42
 70
     1
102
RTVSPropertyOp43
 70
     1
102
RTVSPropertyOp44
 70
     1
102
RTVSPropertyOp45
 70
     1
102
RTVSPropertyOp46
 70
     1
102
RTVSPropertyOp47
 70
     1
102
RTVSPropertyOp48
 70
     1
102
RTVSPropertyOp49
 70
     1
102
RTVSPropertyOp50
 70
     1
102
RTVSPropertyOp51
 70
     0
102
RTVSPropertyOp52
 70
     0
102
RTVSPropertyOp53
 70
     1
102
RTVSPropertyOp54
 70
     1
102
RTVSPropertyOp55
 70
     1
102
RTVSPropertyOp56
 70
     1
102
RTVSPropertyOp57
 70
     1
102
RTVSPost2010Prop28
280
     0
102
RTVSPost2010PropOp28
 70
     1
102
RTVSPost2010Prop29
280
     1
102
RTVSPost2010PropOp29
 70
     1
102
RTVSPost2010Prop30
280
     1
102
RTVSPost2010PropOp30
 70
     1
102
RTVSPost2010Prop31
280
     0
102
RTVSPost2010PropOp31
 70
     1
102
RTVSPost2010Prop32
280
     0
102
RTVSPost2010PropOp32
 70
     1
102
RTVSPost2010Prop33
280
     0
102
RTVSPost2010PropOp33
 70
     1
102
RTVSPost2010Prop34
280
     0
102
RTVSPost2010PropOp34
 70
     1
102
RTVSPost2010Prop35
280
     0
102
RTVSPost2010PropOp35
 70
     1
102
RTVSPost2010Prop36
280
     0
102
RTVSPost2010PropOp36
 70
     1
102
RTVSPost2010Prop37
 90
       50
102
RTVSPost2010PropOp37
 70
     1
102
RTVSPost2010Prop38
140
0.0
102
RTVSPost2010PropOp38
 70
     1
102
RTVSPost2010Prop39
140
1.0
102
RTVSPost2010PropOp39
 70
     1
102
RTVSPost2010Prop40
 90
        0
102
RTVSPost2010PropOp40
 70
     1
102
RTVSPost2010Prop41ColorIndex
 90
       18
102
RTVSPost2010Prop41ColorRGB
 90
        0
102
RTVSPost2010PropOp41
 70
     1
102
RTVSPost2010Prop42
 90
       50
102
RTVSPost2010PropOp42
 70
     1
102
RTVSPost2010Prop43
 90
        3
102
RTVSPost2010PropOp43
 70
     1
102
RTVSPost2010Prop44ColorIndex
 90
        5
102
RTVSPost2010Prop44ColorRGB
 90
      255
102
RTVSPost2010PropOp44
 70
     1
102
RTVSPost2010Prop45
280
     0
102
RTVSPost2010PropOp45
 70
     1
102
RTVSPost2010Prop46
 90
       50
102
RTVSPost2010PropOp46
 70
     1
102
RTVSPost2010Prop47
 90
       50
102
RTVSPost2010PropOp47
 70
     1
102
RTVSPost2010Prop48
 90
       50
102
RTVSPost2010PropOp48
 70
     1
102
RTVSPost2010Prop49
280
     0
102
RTVSPost2010PropOp49
 70
     1
102
RTVSPost2010Prop50
 90
       50
102
RTVSPost2010PropOp50
 70
     1
102
RTVSPost2010Prop51ColorIndex
 90
      256
102
RTVSPost2010Prop51ColorRGB
 90
-16777216
102
RTVSPost2010PropOp51
 70
     0
102
RTVSPost2010Prop52
140
1.0
102
RTVSPost2010PropOp52
 70
     0
102
RTVSPost2010Prop53
 90
        2
102
RTVSPost2010PropOp53
 70
     1
102
RTVSPost2010Prop54
  1
strokes_ogs.tif
102
RTVSPost2010PropOp54
 70
     1
102
RTVSPost2010Prop55
280
     0
102
RTVSPost2010PropOp55
 70
     1
102
RTVSPost2010Prop56
140
1.0
102
RTVSPost2010PropOp56
 70
     1
102
RTVSPost2010Prop57
140
1.0
102
RTVSPost2010PropOp57
 70
     1
  0
XRECORD
  5
1894
102
{ACAD_REACTORS
330
1893
102
}
330
1893
100
AcDbXrecord
280
     1
102
RTVSPropertyOp0
 70
     1
102
RTVSPropertyOp1
 70
     1
102
RTVSPropertyOp2
 70
     1
102
RTVSPropertyOp3
 70
     1
102
RTVSPropertyOp4
 70
     1
102
RTVSPropertyOp5
 70
     1
102
RTVSPropertyOp6
 70
     1
102
RTVSPropertyOp7
 70
     1
102
RTVSPropertyOp8
 70
     1
102
RTVSPropertyOp9
 70
     1
102
RTVSPropertyOp10
 70
     1
102
RTVSPropertyOp11
 70
     1
102
RTVSPropertyOp12
 70
     1
102
RTVSPropertyOp13
 70
     1
102
RTVSPropertyOp14
 70
     1
102
RTVSPropertyOp15
 70
     1
102
RTVSPropertyOp16
 70
     1
102
RTVSPropertyOp17
 70
     1
102
RTVSPropertyOp18
 70
     1
102
RTVSPropertyOp19
 70
     1
102
RTVSPropertyOp20
 70
     1
102
RTVSPropertyOp21
 70
     1
102
RTVSPropertyOp22
 70
     1
102
RTVSPropertyOp23
 70
     1
102
RTVSPropertyOp24
 70
     1
102
RTVSPropertyOp25
 70
     1
102
RTVSPropertyOp26
 70
     1
102
RTVSPropertyOp27
 70
     1
102
RTVSPropertyOp28
 70
     1
102
RTVSPropertyOp29
 70
     1
102
RTVSPropertyOp30
 70
     1
102
RTVSPropertyOp31
 70
     1
102
RTVSPropertyOp32
 70
     1
102
RTVSPropertyOp33
 70
     1
102
RTVSPropertyOp34
 70
     1
102
RTVSPropertyOp35
 70
     1
102
RTVSPropertyOp36
 70
     1
102
RTVSPropertyOp37
 70
     1
102
RTVSPropertyOp38
 70
     1
102
RTVSPropertyOp39
 70
     1
102
RTVSPropertyOp40
 70
     1
102
RTVSPropertyOp41
 70
     1
102
RTVSPropertyOp42
 70
     1
102
RTVSPropertyOp43
 70
     1
102
RTVSPropertyOp44
 70
     1
102
RTVSPropertyOp45
 70
     1
102
RTVSPropertyOp46
 70
     1
102
RTVSPropertyOp47
 70
     1
102
RTVSPropertyOp48
 70
     1
102
RTVSPropertyOp49
 70
     1
102
RTVSPropertyOp50
 70
     1
102
RTVSPropertyOp51
 70
     0
102
RTVSPropertyOp52
 70
     0
102
RTVSPropertyOp53
 70
     1
102
RTVSPropertyOp54
 70
     1
102
RTVSPropertyOp55
 70
     1
102
RTVSPropertyOp56
 70
     1
102
RTVSPropertyOp57
 70
     1
102
RTVSPost2010Prop28
280
     0
102
RTVSPost2010PropOp28
 70
     1
102
RTVSPost2010Prop29
280
     1
102
RTVSPost2010PropOp29
 70
     1
102
RTVSPost2010Prop30
280
     1
102
RTVSPost2010PropOp30
 70
     1
102
RTVSPost2010Prop31
280
     0
102
RTVSPost2010PropOp31
 70
     1
102
RTVSPost2010Prop32
280
     0
102
RTVSPost2010PropOp32
 70
     1
102
RTVSPost2010Prop33
280
     0
102
RTVSPost2010PropOp33
 70
     1
102
RTVSPost2010Prop34
280
     0
102
RTVSPost2010PropOp34
 70
     1
102
RTVSPost2010Prop35
280
     0
102
RTVSPost2010PropOp35
 70
     1
102
RTVSPost2010Prop36
280
     0
102
RTVSPost2010PropOp36
 70
     1
102
RTVSPost2010Prop37
 90
       50
102
RTVSPost2010PropOp37
 70
     1
102
RTVSPost2010Prop38
140
0.0
102
RTVSPost2010PropOp38
 70
     1
102
RTVSPost2010Prop39
140
1.0
102
RTVSPost2010PropOp39
 70
     1
102
RTVSPost2010Prop40
 90
        0
102
RTVSPost2010PropOp40
 70
     1
102
RTVSPost2010Prop41ColorIndex
 90
       18
102
RTVSPost2010Prop41ColorRGB
 90
        0
102
RTVSPost2010PropOp41
 70
     1
102
RTVSPost2010Prop42
 90
       50
102
RTVSPost2010PropOp42
 70
     1
102
RTVSPost2010Prop43
 90
        3
102
RTVSPost2010PropOp43
 70
     1
102
RTVSPost2010Prop44ColorIndex
 90
        5
102
RTVSPost2010Prop44ColorRGB
 90
      255
102
RTVSPost2010PropOp44
 70
     1
102
RTVSPost2010Prop45
280
     0
102
RTVSPost2010PropOp45
 70
     1
102
RTVSPost2010Prop46
 90
       50
102
RTVSPost2010PropOp46
 70
     1
102
RTVSPost2010Prop47
 90
       50
102
RTVSPost2010PropOp47
 70
     1
102
RTVSPost2010Prop48
 90
       50
102
RTVSPost2010PropOp48
 70
     1
102
RTVSPost2010Prop49
280
     0
102
RTVSPost2010PropOp49
 70
     1
102
RTVSPost2010Prop50
 90
       50
102
RTVSPost2010PropOp50
 70
     1
102
RTVSPost2010Prop51ColorIndex
 90
      256
102
RTVSPost2010Prop51ColorRGB
 90
-16777216
102
RTVSPost2010PropOp51
 70
     0
102
RTVSPost2010Prop52
140
1.0
102
RTVSPost2010PropOp52
 70
     0
102
RTVSPost2010Prop53
 90
        2
102
RTVSPost2010PropOp53
 70
     1
102
RTVSPost2010Prop54
  1
strokes_ogs.tif
102
RTVSPost2010PropOp54
 70
     1
102
RTVSPost2010Prop55
280
     0
102
RTVSPost2010PropOp55
 70
     1
102
RTVSPost2010Prop56
140
1.0
102
RTVSPost2010PropOp56
 70
     1
102
RTVSPost2010Prop57
140
1.0
102
RTVSPost2010PropOp57
 70
     1
  0
XRECORD
  5
1896
102
{ACAD_REACTORS
330
1895
102
}
330
1895
100
AcDbXrecord
280
     1
102
RTVSPropertyOp0
 70
     1
102
RTVSPropertyOp1
 70
     1
102
RTVSPropertyOp2
 70
     1
102
RTVSPropertyOp3
 70
     1
102
RTVSPropertyOp4
 70
     1
102
RTVSPropertyOp5
 70
     1
102
RTVSPropertyOp6
 70
     1
102
RTVSPropertyOp7
 70
     1
102
RTVSPropertyOp8
 70
     1
102
RTVSPropertyOp9
 70
     1
102
RTVSPropertyOp10
 70
     1
102
RTVSPropertyOp11
 70
     1
102
RTVSPropertyOp12
 70
     1
102
RTVSPropertyOp13
 70
     1
102
RTVSPropertyOp14
 70
     1
102
RTVSPropertyOp15
 70
     1
102
RTVSPropertyOp16
 70
     1
102
RTVSPropertyOp17
 70
     1
102
RTVSPropertyOp18
 70
     1
102
RTVSPropertyOp19
 70
     1
102
RTVSPropertyOp20
 70
     1
102
RTVSPropertyOp21
 70
     1
102
RTVSPropertyOp22
 70
     1
102
RTVSPropertyOp23
 70
     1
102
RTVSPropertyOp24
 70
     1
102
RTVSPropertyOp25
 70
     1
102
RTVSPropertyOp26
 70
     1
102
RTVSPropertyOp27
 70
     1
102
RTVSPropertyOp28
 70
     1
102
RTVSPropertyOp29
 70
     1
102
RTVSPropertyOp30
 70
     1
102
RTVSPropertyOp31
 70
     1
102
RTVSPropertyOp32
 70
     1
102
RTVSPropertyOp33
 70
     1
102
RTVSPropertyOp34
 70
     1
102
RTVSPropertyOp35
 70
     1
102
RTVSPropertyOp36
 70
     1
102
RTVSPropertyOp37
 70
     1
102
RTVSPropertyOp38
 70
     1
102
RTVSPropertyOp39
 70
     1
102
RTVSPropertyOp40
 70
     1
102
RTVSPropertyOp41
 70
     1
102
RTVSPropertyOp42
 70
     1
102
RTVSPropertyOp43
 70
     1
102
RTVSPropertyOp44
 70
     1
102
RTVSPropertyOp45
 70
     1
102
RTVSPropertyOp46
 70
     1
102
RTVSPropertyOp47
 70
     1
102
RTVSPropertyOp48
 70
     1
102
RTVSPropertyOp49
 70
     1
102
RTVSPropertyOp50
 70
     1
102
RTVSPropertyOp51
 70
     0
102
RTVSPropertyOp52
 70
     0
102
RTVSPropertyOp53
 70
     1
102
RTVSPropertyOp54
 70
     1
102
RTVSPropertyOp55
 70
     1
102
RTVSPropertyOp56
 70
     1
102
RTVSPropertyOp57
 70
     1
102
RTVSPost2010Prop28
280
     0
102
RTVSPost2010PropOp28
 70
     1
102
RTVSPost2010Prop29
280
     1
102
RTVSPost2010PropOp29
 70
     1
102
RTVSPost2010Prop30
280
     1
102
RTVSPost2010PropOp30
 70
     1
102
RTVSPost2010Prop31
280
     0
102
RTVSPost2010PropOp31
 70
     1
102
RTVSPost2010Prop32
280
     0
102
RTVSPost2010PropOp32
 70
     1
102
RTVSPost2010Prop33
280
     0
102
RTVSPost2010PropOp33
 70
     1
102
RTVSPost2010Prop34
280
     0
102
RTVSPost2010PropOp34
 70
     1
102
RTVSPost2010Prop35
280
     0
102
RTVSPost2010PropOp35
 70
     1
102
RTVSPost2010Prop36
280
     0
102
RTVSPost2010PropOp36
 70
     1
102
RTVSPost2010Prop37
 90
       50
102
RTVSPost2010PropOp37
 70
     1
102
RTVSPost2010Prop38
140
0.0
102
RTVSPost2010PropOp38
 70
     1
102
RTVSPost2010Prop39
140
1.0
102
RTVSPost2010PropOp39
 70
     1
102
RTVSPost2010Prop40
 90
        0
102
RTVSPost2010PropOp40
 70
     1
102
RTVSPost2010Prop41ColorIndex
 90
       18
102
RTVSPost2010Prop41ColorRGB
 90
        0
102
RTVSPost2010PropOp41
 70
     1
102
RTVSPost2010Prop42
 90
       50
102
RTVSPost2010PropOp42
 70
     1
102
RTVSPost2010Prop43
 90
        3
102
RTVSPost2010PropOp43
 70
     1
102
RTVSPost2010Prop44ColorIndex
 90
        5
102
RTVSPost2010Prop44ColorRGB
 90
      255
102
RTVSPost2010PropOp44
 70
     1
102
RTVSPost2010Prop45
280
     0
102
RTVSPost2010PropOp45
 70
     1
102
RTVSPost2010Prop46
 90
       50
102
RTVSPost2010PropOp46
 70
     1
102
RTVSPost2010Prop47
 90
       50
102
RTVSPost2010PropOp47
 70
     1
102
RTVSPost2010Prop48
 90
       50
102
RTVSPost2010PropOp48
 70
     1
102
RTVSPost2010Prop49
280
     0
102
RTVSPost2010PropOp49
 70
     1
102
RTVSPost2010Prop50
 90
       50
102
RTVSPost2010PropOp50
 70
     1
102
RTVSPost2010Prop51ColorIndex
 90
      256
102
RTVSPost2010Prop51ColorRGB
 90
-16777216
102
RTVSPost2010PropOp51
 70
     0
102
RTVSPost2010Prop52
140
1.0
102
RTVSPost2010PropOp52
 70
     0
102
RTVSPost2010Prop53
 90
        2
102
RTVSPost2010PropOp53
 70
     1
102
RTVSPost2010Prop54
  1
strokes_ogs.tif
102
RTVSPost2010PropOp54
 70
     1
102
RTVSPost2010Prop55
280
     0
102
RTVSPost2010PropOp55
 70
     1
102
RTVSPost2010Prop56
140
1.0
102
RTVSPost2010PropOp56
 70
     1
102
RTVSPost2010Prop57
140
1.0
102
RTVSPost2010PropOp57
 70
     1
  0
XRECORD
  5
1898
102
{ACAD_REACTORS
330
1897
102
}
330
1897
100
AcDbXrecord
280
     1
102
RTVSPropertyOp0
 70
     1
102
RTVSPropertyOp1
 70
     1
102
RTVSPropertyOp2
 70
     1
102
RTVSPropertyOp3
 70
     1
102
RTVSPropertyOp4
 70
     1
102
RTVSPropertyOp5
 70
     1
102
RTVSPropertyOp6
 70
     1
102
RTVSPropertyOp7
 70
     1
102
RTVSPropertyOp8
 70
     1
102
RTVSPropertyOp9
 70
     1
102
RTVSPropertyOp10
 70
     1
102
RTVSPropertyOp11
 70
     1
102
RTVSPropertyOp12
 70
     1
102
RTVSPropertyOp13
 70
     1
102
RTVSPropertyOp14
 70
     1
102
RTVSPropertyOp15
 70
     1
102
RTVSPropertyOp16
 70
     1
102
RTVSPropertyOp17
 70
     1
102
RTVSPropertyOp18
 70
     1
102
RTVSPropertyOp19
 70
     1
102
RTVSPropertyOp20
 70
     1
102
RTVSPropertyOp21
 70
     1
102
RTVSPropertyOp22
 70
     1
102
RTVSPropertyOp23
 70
     1
102
RTVSPropertyOp24
 70
     1
102
RTVSPropertyOp25
 70
     1
102
RTVSPropertyOp26
 70
     1
102
RTVSPropertyOp27
 70
     1
102
RTVSPropertyOp28
 70
     1
102
RTVSPropertyOp29
 70
     1
102
RTVSPropertyOp30
 70
     1
102
RTVSPropertyOp31
 70
     1
102
RTVSPropertyOp32
 70
     1
102
RTVSPropertyOp33
 70
     1
102
RTVSPropertyOp34
 70
     1
102
RTVSPropertyOp35
 70
     1
102
RTVSPropertyOp36
 70
     1
102
RTVSPropertyOp37
 70
     1
102
RTVSPropertyOp38
 70
     1
102
RTVSPropertyOp39
 70
     1
102
RTVSPropertyOp40
 70
     1
102
RTVSPropertyOp41
 70
     1
102
RTVSPropertyOp42
 70
     1
102
RTVSPropertyOp43
 70
     1
102
RTVSPropertyOp44
 70
     1
102
RTVSPropertyOp45
 70
     1
102
RTVSPropertyOp46
 70
     1
102
RTVSPropertyOp47
 70
     1
102
RTVSPropertyOp48
 70
     1
102
RTVSPropertyOp49
 70
     1
102
RTVSPropertyOp50
 70
     1
102
RTVSPropertyOp51
 70
     0
102
RTVSPropertyOp52
 70
     0
102
RTVSPropertyOp53
 70
     1
102
RTVSPropertyOp54
 70
     1
102
RTVSPropertyOp55
 70
     1
102
RTVSPropertyOp56
 70
     1
102
RTVSPropertyOp57
 70
     1
102
RTVSPost2010Prop28
280
     0
102
RTVSPost2010PropOp28
 70
     1
102
RTVSPost2010Prop29
280
     1
102
RTVSPost2010PropOp29
 70
     1
102
RTVSPost2010Prop30
280
     1
102
RTVSPost2010PropOp30
 70
     1
102
RTVSPost2010Prop31
280
     0
102
RTVSPost2010PropOp31
 70
     1
102
RTVSPost2010Prop32
280
     0
102
RTVSPost2010PropOp32
 70
     1
102
RTVSPost2010Prop33
280
     0
102
RTVSPost2010PropOp33
 70
     1
102
RTVSPost2010Prop34
280
     0
102
RTVSPost2010PropOp34
 70
     1
102
RTVSPost2010Prop35
280
     0
102
RTVSPost2010PropOp35
 70
     1
102
RTVSPost2010Prop36
280
     0
102
RTVSPost2010PropOp36
 70
     1
102
RTVSPost2010Prop37
 90
       50
102
RTVSPost2010PropOp37
 70
     1
102
RTVSPost2010Prop38
140
0.0
102
RTVSPost2010PropOp38
 70
     1
102
RTVSPost2010Prop39
140
1.0
102
RTVSPost2010PropOp39
 70
     1
102
RTVSPost2010Prop40
 90
        0
102
RTVSPost2010PropOp40
 70
     1
102
RTVSPost2010Prop41ColorIndex
 90
       18
102
RTVSPost2010Prop41ColorRGB
 90
        0
102
RTVSPost2010PropOp41
 70
     1
102
RTVSPost2010Prop42
 90
       50
102
RTVSPost2010PropOp42
 70
     1
102
RTVSPost2010Prop43
 90
        3
102
RTVSPost2010PropOp43
 70
     1
102
RTVSPost2010Prop44ColorIndex
 90
        5
102
RTVSPost2010Prop44ColorRGB
 90
      255
102
RTVSPost2010PropOp44
 70
     1
102
RTVSPost2010Prop45
280
     0
102
RTVSPost2010PropOp45
 70
     1
102
RTVSPost2010Prop46
 90
       50
102
RTVSPost2010PropOp46
 70
     1
102
RTVSPost2010Prop47
 90
       50
102
RTVSPost2010PropOp47
 70
     1
102
RTVSPost2010Prop48
 90
       50
102
RTVSPost2010PropOp48
 70
     1
102
RTVSPost2010Prop49
280
     0
102
RTVSPost2010PropOp49
 70
     1
102
RTVSPost2010Prop50
 90
       50
102
RTVSPost2010PropOp50
 70
     1
102
RTVSPost2010Prop51ColorIndex
 90
      256
102
RTVSPost2010Prop51ColorRGB
 90
-16777216
102
RTVSPost2010PropOp51
 70
     0
102
RTVSPost2010Prop52
140
1.0
102
RTVSPost2010PropOp52
 70
     0
102
RTVSPost2010Prop53
 90
        2
102
RTVSPost2010PropOp53
 70
     1
102
RTVSPost2010Prop54
  1
strokes_ogs.tif
102
RTVSPost2010PropOp54
 70
     1
102
RTVSPost2010Prop55
280
     0
102
RTVSPost2010PropOp55
 70
     1
102
RTVSPost2010Prop56
140
1.0
102
RTVSPost2010PropOp56
 70
     1
102
RTVSPost2010Prop57
140
1.0
102
RTVSPost2010PropOp57
 70
     1
  0
XRECORD
  5
189A
102
{ACAD_REACTORS
330
1899
102
}
330
1899
100
AcDbXrecord
280
     1
102
RTVSPropertyOp0
 70
     1
102
RTVSPropertyOp1
 70
     1
102
RTVSPropertyOp2
 70
     1
102
RTVSPropertyOp3
 70
     1
102
RTVSPropertyOp4
 70
     1
102
RTVSPropertyOp5
 70
     1
102
RTVSPropertyOp6
 70
     1
102
RTVSPropertyOp7
 70
     1
102
RTVSPropertyOp8
 70
     1
102
RTVSPropertyOp9
 70
     1
102
RTVSPropertyOp10
 70
     1
102
RTVSPropertyOp11
 70
     1
102
RTVSPropertyOp12
 70
     1
102
RTVSPropertyOp13
 70
     1
102
RTVSPropertyOp14
 70
     1
102
RTVSPropertyOp15
 70
     1
102
RTVSPropertyOp16
 70
     1
102
RTVSPropertyOp17
 70
     1
102
RTVSPropertyOp18
 70
     1
102
RTVSPropertyOp19
 70
     1
102
RTVSPropertyOp20
 70
     1
102
RTVSPropertyOp21
 70
     1
102
RTVSPropertyOp22
 70
     1
102
RTVSPropertyOp23
 70
     1
102
RTVSPropertyOp24
 70
     1
102
RTVSPropertyOp25
 70
     1
102
RTVSPropertyOp26
 70
     1
102
RTVSPropertyOp27
 70
     1
102
RTVSPropertyOp28
 70
     1
102
RTVSPropertyOp29
 70
     1
102
RTVSPropertyOp30
 70
     1
102
RTVSPropertyOp31
 70
     1
102
RTVSPropertyOp32
 70
     1
102
RTVSPropertyOp33
 70
     1
102
RTVSPropertyOp34
 70
     1
102
RTVSPropertyOp35
 70
     1
102
RTVSPropertyOp36
 70
     1
102
RTVSPropertyOp37
 70
     1
102
RTVSPropertyOp38
 70
     1
102
RTVSPropertyOp39
 70
     1
102
RTVSPropertyOp40
 70
     1
102
RTVSPropertyOp41
 70
     1
102
RTVSPropertyOp42
 70
     1
102
RTVSPropertyOp43
 70
     1
102
RTVSPropertyOp44
 70
     1
102
RTVSPropertyOp45
 70
     1
102
RTVSPropertyOp46
 70
     1
102
RTVSPropertyOp47
 70
     1
102
RTVSPropertyOp48
 70
     1
102
RTVSPropertyOp49
 70
     1
102
RTVSPropertyOp50
 70
     1
102
RTVSPropertyOp51
 70
     0
102
RTVSPropertyOp52
 70
     0
102
RTVSPropertyOp53
 70
     1
102
RTVSPropertyOp54
 70
     1
102
RTVSPropertyOp55
 70
     1
102
RTVSPropertyOp56
 70
     1
102
RTVSPropertyOp57
 70
     1
102
RTVSPost2010Prop28
280
     0
102
RTVSPost2010PropOp28
 70
     1
102
RTVSPost2010Prop29
280
     1
102
RTVSPost2010PropOp29
 70
     1
102
RTVSPost2010Prop30
280
     1
102
RTVSPost2010PropOp30
 70
     1
102
RTVSPost2010Prop31
280
     0
102
RTVSPost2010PropOp31
 70
     1
102
RTVSPost2010Prop32
280
     0
102
RTVSPost2010PropOp32
 70
     1
102
RTVSPost2010Prop33
280
     0
102
RTVSPost2010PropOp33
 70
     1
102
RTVSPost2010Prop34
280
     0
102
RTVSPost2010PropOp34
 70
     1
102
RTVSPost2010Prop35
280
     0
102
RTVSPost2010PropOp35
 70
     1
102
RTVSPost2010Prop36
280
     0
102
RTVSPost2010PropOp36
 70
     1
102
RTVSPost2010Prop37
 90
       50
102
RTVSPost2010PropOp37
 70
     1
102
RTVSPost2010Prop38
140
0.0
102
RTVSPost2010PropOp38
 70
     1
102
RTVSPost2010Prop39
140
1.0
102
RTVSPost2010PropOp39
 70
     1
102
RTVSPost2010Prop40
 90
        0
102
RTVSPost2010PropOp40
 70
     1
102
RTVSPost2010Prop41ColorIndex
 90
       18
102
RTVSPost2010Prop41ColorRGB
 90
        0
102
RTVSPost2010PropOp41
 70
     1
102
RTVSPost2010Prop42
 90
       50
102
RTVSPost2010PropOp42
 70
     1
102
RTVSPost2010Prop43
 90
        3
102
RTVSPost2010PropOp43
 70
     1
102
RTVSPost2010Prop44ColorIndex
 90
        5
102
RTVSPost2010Prop44ColorRGB
 90
      255
102
RTVSPost2010PropOp44
 70
     1
102
RTVSPost2010Prop45
280
     0
102
RTVSPost2010PropOp45
 70
     1
102
RTVSPost2010Prop46
 90
       50
102
RTVSPost2010PropOp46
 70
     1
102
RTVSPost2010Prop47
 90
       50
102
RTVSPost2010PropOp47
 70
     1
102
RTVSPost2010Prop48
 90
       50
102
RTVSPost2010PropOp48
 70
     1
102
RTVSPost2010Prop49
280
     0
102
RTVSPost2010PropOp49
 70
     1
102
RTVSPost2010Prop50
 90
       50
102
RTVSPost2010PropOp50
 70
     1
102
RTVSPost2010Prop51ColorIndex
 90
      256
102
RTVSPost2010Prop51ColorRGB
 90
-16777216
102
RTVSPost2010PropOp51
 70
     0
102
RTVSPost2010Prop52
140
1.0
102
RTVSPost2010PropOp52
 70
     0
102
RTVSPost2010Prop53
 90
        2
102
RTVSPost2010PropOp53
 70
     1
102
RTVSPost2010Prop54
  1
strokes_ogs.tif
102
RTVSPost2010PropOp54
 70
     1
102
RTVSPost2010Prop55
280
     0
102
RTVSPost2010PropOp55
 70
     1
102
RTVSPost2010Prop56
140
1.0
102
RTVSPost2010PropOp56
 70
     1
102
RTVSPost2010Prop57
140
1.0
102
RTVSPost2010PropOp57
 70
     1
  0
XRECORD
  5
189C
102
{ACAD_REACTORS
330
189B
102
}
330
189B
100
AcDbXrecord
280
     1
102
RTVSPropertyOp0
 70
     1
102
RTVSPropertyOp1
 70
     1
102
RTVSPropertyOp2
 70
     1
102
RTVSPropertyOp3
 70
     1
102
RTVSPropertyOp4
 70
     1
102
RTVSPropertyOp5
 70
     1
102
RTVSPropertyOp6
 70
     1
102
RTVSPropertyOp7
 70
     1
102
RTVSPropertyOp8
 70
     1
102
RTVSPropertyOp9
 70
     1
102
RTVSPropertyOp10
 70
     1
102
RTVSPropertyOp11
 70
     1
102
RTVSPropertyOp12
 70
     1
102
RTVSPropertyOp13
 70
     1
102
RTVSPropertyOp14
 70
     1
102
RTVSPropertyOp15
 70
     1
102
RTVSPropertyOp16
 70
     1
102
RTVSPropertyOp17
 70
     1
102
RTVSPropertyOp18
 70
     1
102
RTVSPropertyOp19
 70
     1
102
RTVSPropertyOp20
 70
     1
102
RTVSPropertyOp21
 70
     1
102
RTVSPropertyOp22
 70
     1
102
RTVSPropertyOp23
 70
     1
102
RTVSPropertyOp24
 70
     1
102
RTVSPropertyOp25
 70
     1
102
RTVSPropertyOp26
 70
     1
102
RTVSPropertyOp27
 70
     1
102
RTVSPropertyOp28
 70
     1
102
RTVSPropertyOp29
 70
     1
102
RTVSPropertyOp30
 70
     1
102
RTVSPropertyOp31
 70
     1
102
RTVSPropertyOp32
 70
     1
102
RTVSPropertyOp33
 70
     1
102
RTVSPropertyOp34
 70
     1
102
RTVSPropertyOp35
 70
     1
102
RTVSPropertyOp36
 70
     1
102
RTVSPropertyOp37
 70
     1
102
RTVSPropertyOp38
 70
     1
102
RTVSPropertyOp39
 70
     1
102
RTVSPropertyOp40
 70
     1
102
RTVSPropertyOp41
 70
     1
102
RTVSPropertyOp42
 70
     1
102
RTVSPropertyOp43
 70
     1
102
RTVSPropertyOp44
 70
     1
102
RTVSPropertyOp45
 70
     1
102
RTVSPropertyOp46
 70
     1
102
RTVSPropertyOp47
 70
     1
102
RTVSPropertyOp48
 70
     1
102
RTVSPropertyOp49
 70
     1
102
RTVSPropertyOp50
 70
     1
102
RTVSPropertyOp51
 70
     0
102
RTVSPropertyOp52
 70
     0
102
RTVSPropertyOp53
 70
     1
102
RTVSPropertyOp54
 70
     1
102
RTVSPropertyOp55
 70
     1
102
RTVSPropertyOp56
 70
     1
102
RTVSPropertyOp57
 70
     1
102
RTVSPost2010Prop28
280
     0
102
RTVSPost2010PropOp28
 70
     1
102
RTVSPost2010Prop29
280
     1
102
RTVSPost2010PropOp29
 70
     1
102
RTVSPost2010Prop30
280
     1
102
RTVSPost2010PropOp30
 70
     1
102
RTVSPost2010Prop31
280
     0
102
RTVSPost2010PropOp31
 70
     1
102
RTVSPost2010Prop32
280
     0
102
RTVSPost2010PropOp32
 70
     1
102
RTVSPost2010Prop33
280
     0
102
RTVSPost2010PropOp33
 70
     1
102
RTVSPost2010Prop34
280
     0
102
RTVSPost2010PropOp34
 70
     1
102
RTVSPost2010Prop35
280
     0
102
RTVSPost2010PropOp35
 70
     1
102
RTVSPost2010Prop36
280
     0
102
RTVSPost2010PropOp36
 70
     1
102
RTVSPost2010Prop37
 90
       50
102
RTVSPost2010PropOp37
 70
     1
102
RTVSPost2010Prop38
140
0.0
102
RTVSPost2010PropOp38
 70
     1
102
RTVSPost2010Prop39
140
1.0
102
RTVSPost2010PropOp39
 70
     1
102
RTVSPost2010Prop40
 90
        0
102
RTVSPost2010PropOp40
 70
     1
102
RTVSPost2010Prop41ColorIndex
 90
       18
102
RTVSPost2010Prop41ColorRGB
 90
        0
102
RTVSPost2010PropOp41
 70
     1
102
RTVSPost2010Prop42
 90
       50
102
RTVSPost2010PropOp42
 70
     1
102
RTVSPost2010Prop43
 90
        3
102
RTVSPost2010PropOp43
 70
     1
102
RTVSPost2010Prop44ColorIndex
 90
        5
102
RTVSPost2010Prop44ColorRGB
 90
      255
102
RTVSPost2010PropOp44
 70
     1
102
RTVSPost2010Prop45
280
     0
102
RTVSPost2010PropOp45
 70
     1
102
RTVSPost2010Prop46
 90
       50
102
RTVSPost2010PropOp46
 70
     1
102
RTVSPost2010Prop47
 90
       50
102
RTVSPost2010PropOp47
 70
     1
102
RTVSPost2010Prop48
 90
       50
102
RTVSPost2010PropOp48
 70
     1
102
RTVSPost2010Prop49
280
     0
102
RTVSPost2010PropOp49
 70
     1
102
RTVSPost2010Prop50
 90
       50
102
RTVSPost2010PropOp50
 70
     1
102
RTVSPost2010Prop51ColorIndex
 90
      256
102
RTVSPost2010Prop51ColorRGB
 90
-16777216
102
RTVSPost2010PropOp51
 70
     0
102
RTVSPost2010Prop52
140
1.0
102
RTVSPost2010PropOp52
 70
     0
102
RTVSPost2010Prop53
 90
        2
102
RTVSPost2010PropOp53
 70
     1
102
RTVSPost2010Prop54
  1
strokes_ogs.tif
102
RTVSPost2010PropOp54
 70
     1
102
RTVSPost2010Prop55
280
     0
102
RTVSPost2010PropOp55
 70
     1
102
RTVSPost2010Prop56
140
1.0
102
RTVSPost2010PropOp56
 70
     1
102
RTVSPost2010Prop57
140
1.0
102
RTVSPost2010PropOp57
 70
     1
  0
XRECORD
  5
189E
102
{ACAD_REACTORS
330
189D
102
}
330
189D
100
AcDbXrecord
280
     1
102
RTVSPropertyOp0
 70
     1
102
RTVSPropertyOp1
 70
     1
102
RTVSPropertyOp2
 70
     1
102
RTVSPropertyOp3
 70
     1
102
RTVSPropertyOp4
 70
     1
102
RTVSPropertyOp5
 70
     1
102
RTVSPropertyOp6
 70
     1
102
RTVSPropertyOp7
 70
     1
102
RTVSPropertyOp8
 70
     1
102
RTVSPropertyOp9
 70
     1
102
RTVSPropertyOp10
 70
     1
102
RTVSPropertyOp11
 70
     1
102
RTVSPropertyOp12
 70
     1
102
RTVSPropertyOp13
 70
     1
102
RTVSPropertyOp14
 70
     1
102
RTVSPropertyOp15
 70
     1
102
RTVSPropertyOp16
 70
     1
102
RTVSPropertyOp17
 70
     1
102
RTVSPropertyOp18
 70
     1
102
RTVSPropertyOp19
 70
     1
102
RTVSPropertyOp20
 70
     1
102
RTVSPropertyOp21
 70
     1
102
RTVSPropertyOp22
 70
     1
102
RTVSPropertyOp23
 70
     1
102
RTVSPropertyOp24
 70
     1
102
RTVSPropertyOp25
 70
     1
102
RTVSPropertyOp26
 70
     1
102
RTVSPropertyOp27
 70
     1
102
RTVSPropertyOp28
 70
     1
102
RTVSPropertyOp29
 70
     1
102
RTVSPropertyOp30
 70
     1
102
RTVSPropertyOp31
 70
     1
102
RTVSPropertyOp32
 70
     1
102
RTVSPropertyOp33
 70
     1
102
RTVSPropertyOp34
 70
     1
102
RTVSPropertyOp35
 70
     1
102
RTVSPropertyOp36
 70
     1
102
RTVSPropertyOp37
 70
     1
102
RTVSPropertyOp38
 70
     1
102
RTVSPropertyOp39
 70
     1
102
RTVSPropertyOp40
 70
     1
102
RTVSPropertyOp41
 70
     1
102
RTVSPropertyOp42
 70
     1
102
RTVSPropertyOp43
 70
     1
102
RTVSPropertyOp44
 70
     1
102
RTVSPropertyOp45
 70
     1
102
RTVSPropertyOp46
 70
     1
102
RTVSPropertyOp47
 70
     1
102
RTVSPropertyOp48
 70
     1
102
RTVSPropertyOp49
 70
     1
102
RTVSPropertyOp50
 70
     1
102
RTVSPropertyOp51
 70
     0
102
RTVSPropertyOp52
 70
     0
102
RTVSPropertyOp53
 70
     1
102
RTVSPropertyOp54
 70
     1
102
RTVSPropertyOp55
 70
     1
102
RTVSPropertyOp56
 70
     1
102
RTVSPropertyOp57
 70
     1
102
RTVSPost2010Prop28
280
     0
102
RTVSPost2010PropOp28
 70
     1
102
RTVSPost2010Prop29
280
     1
102
RTVSPost2010PropOp29
 70
     1
102
RTVSPost2010Prop30
280
     1
102
RTVSPost2010PropOp30
 70
     1
102
RTVSPost2010Prop31
280
     0
102
RTVSPost2010PropOp31
 70
     1
102
RTVSPost2010Prop32
280
     0
102
RTVSPost2010PropOp32
 70
     1
102
RTVSPost2010Prop33
280
     0
102
RTVSPost2010PropOp33
 70
     1
102
RTVSPost2010Prop34
280
     0
102
RTVSPost2010PropOp34
 70
     1
102
RTVSPost2010Prop35
280
     0
102
RTVSPost2010PropOp35
 70
     1
102
RTVSPost2010Prop36
280
     0
102
RTVSPost2010PropOp36
 70
     1
102
RTVSPost2010Prop37
 90
       50
102
RTVSPost2010PropOp37
 70
     1
102
RTVSPost2010Prop38
140
0.0
102
RTVSPost2010PropOp38
 70
     1
102
RTVSPost2010Prop39
140
1.0
102
RTVSPost2010PropOp39
 70
     1
102
RTVSPost2010Prop40
 90
        0
102
RTVSPost2010PropOp40
 70
     1
102
RTVSPost2010Prop41ColorIndex
 90
       18
102
RTVSPost2010Prop41ColorRGB
 90
        0
102
RTVSPost2010PropOp41
 70
     1
102
RTVSPost2010Prop42
 90
       50
102
RTVSPost2010PropOp42
 70
     1
102
RTVSPost2010Prop43
 90
        3
102
RTVSPost2010PropOp43
 70
     1
102
RTVSPost2010Prop44ColorIndex
 90
        5
102
RTVSPost2010Prop44ColorRGB
 90
      255
102
RTVSPost2010PropOp44
 70
     1
102
RTVSPost2010Prop45
280
     0
102
RTVSPost2010PropOp45
 70
     1
102
RTVSPost2010Prop46
 90
       50
102
RTVSPost2010PropOp46
 70
     1
102
RTVSPost2010Prop47
 90
       50
102
RTVSPost2010PropOp47
 70
     1
102
RTVSPost2010Prop48
 90
       50
102
RTVSPost2010PropOp48
 70
     1
102
RTVSPost2010Prop49
280
     0
102
RTVSPost2010PropOp49
 70
     1
102
RTVSPost2010Prop50
 90
       50
102
RTVSPost2010PropOp50
 70
     1
102
RTVSPost2010Prop51ColorIndex
 90
      256
102
RTVSPost2010Prop51ColorRGB
 90
-16777216
102
RTVSPost2010PropOp51
 70
     0
102
RTVSPost2010Prop52
140
1.0
102
RTVSPost2010PropOp52
 70
     0
102
RTVSPost2010Prop53
 90
        2
102
RTVSPost2010PropOp53
 70
     1
102
RTVSPost2010Prop54
  1
strokes_ogs.tif
102
RTVSPost2010PropOp54
 70
     1
102
RTVSPost2010Prop55
280
     0
102
RTVSPost2010PropOp55
 70
     1
102
RTVSPost2010Prop56
140
1.0
102
RTVSPost2010PropOp56
 70
     1
102
RTVSPost2010Prop57
140
1.0
102
RTVSPost2010PropOp57
 70
     1
  0
ENDSEC
  0
EOF
